"site_id","time","temp_c"
"AQ","2026-07-23T00:00:00.000000",17.1079387664795
"AQ","2026-07-23T01:00:00.000000",16.5997867584229
"AQ","2026-07-23T02:00:00.000000",16.5200252532959
"AQ","2026-07-23T03:00:00.000000",16.4676132202148
"AQ","2026-07-23T04:00:00.000000",16.4624462127686
"AQ","2026-07-23T05:00:00.000000",16.4708995819092
"AQ","2026-07-23T06:00:00.000000",16.4868831634521
"AQ","2026-07-23T07:00:00.000000",16.4988250732422
"AQ","2026-07-23T08:00:00.000000",16.5061206817627
"AQ","2026-07-23T09:00:00.000000",16.5019817352295
"AQ","2026-07-23T10:00:00.000000",16.49778175354
"AQ","2026-07-23T11:00:00.000000",16.4908981323242
"AQ","2026-07-23T12:00:00.000000",16.4068584442139
"AQ","2026-07-23T13:00:00.000000",16.362247467041
"AQ","2026-07-23T14:00:00.000000",16.3771781921387
"AQ","2026-07-23T15:00:00.000000",16.4180107116699
"AQ","2026-07-23T16:00:00.000000",16.4558353424072
"AQ","2026-07-23T17:00:00.000000",16.4845561981201
"AQ","2026-07-23T18:00:00.000000",16.5141735076904
"AQ","2026-07-23T19:00:00.000000",16.6578369140625
"AQ","2026-07-23T20:00:00.000000",16.7954235076904
"AQ","2026-07-23T21:00:00.000000",16.8331775665283
"AQ","2026-07-23T22:00:00.000000",16.8544502258301
"AQ","2026-07-23T23:00:00.000000",16.8649253845215
"AQ","2026-07-24T00:00:00.000000",16.8671875
"AQ","2026-07-24T01:00:00.000000",16.0600719451904
"AQ","2026-07-24T02:00:00.000000",15.9077882766724
"AQ","2026-07-24T03:00:00.000000",15.9334001541138
"AQ","2026-07-24T04:00:00.000000",15.9437980651855
"AQ","2026-07-24T05:00:00.000000",15.9390563964844
"AQ","2026-07-24T06:00:00.000000",15.9286947250366
"AQ","2026-07-24T07:00:00.000000",15.8999929428101
"AQ","2026-07-24T08:00:00.000000",15.8950233459473
"AQ","2026-07-24T09:00:00.000000",15.8931522369385
"AQ","2026-07-24T10:00:00.000000",15.8928117752075
"AQ","2026-07-24T11:00:00.000000",15.8963260650635
"AQ","2026-07-24T12:00:00.000000",15.9115905761719
"AQ","2026-07-24T13:00:00.000000",15.9238891601562
"AQ","2026-07-24T14:00:00.000000",15.9509582519531
"AQ","2026-07-24T15:00:00.000000",16.0015277862549
"AQ","2026-07-24T16:00:00.000000",16.0640621185303
"AQ","2026-07-24T17:00:00.000000",16.1092128753662
"AQ","2026-07-24T18:00:00.000000",16.1255035400391
"AQ","2026-07-24T19:00:00.000000",16.1372108459473
"AQ","2026-07-24T20:00:00.000000",16.225700378418
"AQ","2026-07-24T21:00:00.000000",16.3474388122559
"AQ","2026-07-24T22:00:00.000000",16.3746662139893
"AQ","2026-07-24T23:00:00.000000",16.3729438781738
"AQ","2026-07-25T00:00:00.000000",16.3672523498535
"AQ","2026-07-25T01:00:00.000000",16.501277923584
"AQ","2026-07-25T02:00:00.000000",16.4899711608887
"AQ","2026-07-25T03:00:00.000000",16.4252090454102
"AQ","2026-07-25T04:00:00.000000",16.4277629852295
"AQ","2026-07-25T05:00:00.000000",16.439567565918
"AQ","2026-07-25T06:00:00.000000",16.4367065429688
"AQ","2026-07-25T07:00:00.000000",16.422872543335
"AQ","2026-07-25T08:00:00.000000",16.4080295562744
"AQ","2026-07-25T09:00:00.000000",16.4115180969238
"AQ","2026-07-25T10:00:00.000000",16.4274387359619
"AQ","2026-07-25T11:00:00.000000",16.4412117004395
"AQ","2026-07-25T12:00:00.000000",16.4603080749512
"AQ","2026-07-25T13:00:00.000000",16.4739723205566
"AQ","2026-07-25T14:00:00.000000",16.4927825927734
"AQ","2026-07-25T15:00:00.000000",16.5229625701904
"AQ","2026-07-25T16:00:00.000000",16.5588531494141
"AQ","2026-07-25T17:00:00.000000",16.6027297973633
"AQ","2026-07-25T18:00:00.000000",16.6290607452393
"AQ","2026-07-25T19:00:00.000000",16.6502132415771
"AQ","2026-07-25T20:00:00.000000",16.6703662872314
"AQ","2026-07-25T21:00:00.000000",16.7301025390625
"AQ","2026-07-25T22:00:00.000000",16.8738079071045
"AQ","2026-07-25T23:00:00.000000",16.9299144744873
"AQ","2026-07-26T00:00:00.000000",16.9249439239502
"AQ","2026-07-26T01:00:00.000000",16.9229431152344
"AQ","2026-07-26T02:00:00.000000",16.9188175201416
"AQ","2026-07-26T03:00:00.000000",16.8372001647949
"AQ","2026-07-26T04:00:00.000000",16.7909812927246
"AQ","2026-07-26T05:00:00.000000",16.7888660430908
"AQ","2026-07-26T06:00:00.000000",16.8083114624023
"AQ","2026-07-26T07:00:00.000000",16.8111114501953
"AQ","2026-07-26T08:00:00.000000",16.7997264862061
"AQ","2026-07-26T09:00:00.000000",16.7891101837158
"AQ","2026-07-26T10:00:00.000000",16.7983493804932
"AQ","2026-07-26T11:00:00.000000",16.8127250671387
"AQ","2026-07-26T12:00:00.000000",16.8257694244385
"AQ","2026-07-26T13:00:00.000000",16.8361053466797
"AQ","2026-07-26T14:00:00.000000",16.8529529571533
"AQ","2026-07-26T15:00:00.000000",16.8748836517334
"AQ","2026-07-26T16:00:00.000000",16.8922634124756
"AQ","2026-07-26T17:00:00.000000",16.929500579834
"AQ","2026-07-26T18:00:00.000000",16.9862594604492
"AQ","2026-07-26T19:00:00.000000",17.0070610046387
"AQ","2026-07-26T20:00:00.000000",17.0159397125244
"AQ","2026-07-26T21:00:00.000000",17.0376224517822
"AQ","2026-07-26T22:00:00.000000",17.0854988098145
"AQ","2026-07-26T23:00:00.000000",17.1982574462891
"AQ","2026-07-27T00:00:00.000000",17.2790088653564
"AQ","2026-07-27T01:00:00.000000",17.3116474151611
"AQ","2026-07-27T02:00:00.000000",17.3213233947754
"AQ","2026-07-27T03:00:00.000000",17.3009147644043
"AQ","2026-07-27T04:00:00.000000",17.2040958404541
"AQ","2026-07-27T05:00:00.000000",17.1460838317871
"AQ","2026-07-27T06:00:00.000000",17.1351299285889
"AQ","2026-07-27T07:00:00.000000",17.1498546600342
"AQ","2026-07-27T08:00:00.000000",17.1588668823242
"AQ","2026-07-27T09:00:00.000000",17.1433906555176
"AQ","2026-07-27T10:00:00.000000",17.1350440979004
"AQ","2026-07-27T11:00:00.000000",17.1489238739014
"AQ","2026-07-27T12:00:00.000000",17.1680088043213
"AQ","2026-07-27T13:00:00.000000",17.1903209686279
"AQ","2026-07-27T14:00:00.000000",17.2221755981445
"AQ","2026-07-27T15:00:00.000000",17.2461128234863
"AQ","2026-07-27T16:00:00.000000",17.266450881958
"AQ","2026-07-27T17:00:00.000000",17.2846755981445
"AQ","2026-07-27T18:00:00.000000",17.3199882507324
"AQ","2026-07-27T19:00:00.000000",17.3641033172607
"AQ","2026-07-27T20:00:00.000000",17.3824825286865
"AQ","2026-07-27T21:00:00.000000",17.3979377746582
"AQ","2026-07-27T22:00:00.000000",17.4273414611816
"AQ","2026-07-27T23:00:00.000000",17.5311412811279
"AQ","2026-07-28T00:00:00.000000",17.6256408691406
"AQ","2026-07-28T01:00:00.000000",17.6442375183105
"AQ","2026-07-28T02:00:00.000000",17.6331443786621
"AQ","2026-07-28T03:00:00.000000",17.6409702301025
"AQ","2026-07-28T04:00:00.000000",17.6338157653809
"AQ","2026-07-28T05:00:00.000000",17.556941986084
"AQ","2026-07-28T06:00:00.000000",17.5290279388428
"AQ","2026-07-28T07:00:00.000000",17.5253715515137
"AQ","2026-07-28T08:00:00.000000",17.5289840698242
"AQ","2026-07-28T09:00:00.000000",17.5299015045166
"AQ","2026-07-28T10:00:00.000000",17.5176410675049
"AQ","2026-07-28T11:00:00.000000",17.5125923156738
"AQ","2026-07-28T12:00:00.000000",17.532205581665
"AQ","2026-07-28T13:00:00.000000",17.5644187927246
"AQ","2026-07-28T14:00:00.000000",17.601188659668
"AQ","2026-07-28T15:00:00.000000",17.6364212036133
"AQ","2026-07-28T16:00:00.000000",17.6752586364746
"AQ","2026-07-28T17:00:00.000000",17.7053298950195
"AQ","2026-07-28T18:00:00.000000",17.7456645965576
"AQ","2026-07-28T19:00:00.000000",17.7947330474854
"AQ","2026-07-28T20:00:00.000000",17.8362216949463
"AQ","2026-07-28T21:00:00.000000",17.8707656860352
"AQ","2026-07-28T22:00:00.000000",17.9332141876221
"AQ","2026-07-28T23:00:00.000000",18.0183410644531
"AQ","2026-07-29T00:00:00.000000",18.0698432922363
"CB","2026-07-23T00:00:00.000000",15.7618961334229
"CB","2026-07-23T01:00:00.000000",15.8255367279053
"CB","2026-07-23T02:00:00.000000",15.8774471282959
"CB","2026-07-23T03:00:00.000000",15.9196243286133
"CB","2026-07-23T04:00:00.000000",15.9221286773682
"CB","2026-07-23T05:00:00.000000",15.9228448867798
"CB","2026-07-23T06:00:00.000000",15.9222974777222
"CB","2026-07-23T07:00:00.000000",15.9194011688232
"CB","2026-07-23T08:00:00.000000",15.9044141769409
"CB","2026-07-23T09:00:00.000000",15.8911952972412
"CB","2026-07-23T10:00:00.000000",15.8749914169312
"CB","2026-07-23T11:00:00.000000",15.8758106231689
"CB","2026-07-23T12:00:00.000000",15.8900842666626
"CB","2026-07-23T13:00:00.000000",15.8983955383301
"CB","2026-07-23T14:00:00.000000",15.9257144927979
"CB","2026-07-23T15:00:00.000000",15.9489240646362
"CB","2026-07-23T16:00:00.000000",15.9522581100464
"CB","2026-07-23T17:00:00.000000",15.9538249969482
"CB","2026-07-23T18:00:00.000000",15.9538440704346
"CB","2026-07-23T19:00:00.000000",15.9547672271729
"CB","2026-07-23T20:00:00.000000",15.998722076416
"CB","2026-07-23T21:00:00.000000",16.1351070404053
"CB","2026-07-23T22:00:00.000000",16.2187519073486
"CB","2026-07-23T23:00:00.000000",16.2308120727539
"CB","2026-07-24T00:00:00.000000",16.2491607666016
"CB","2026-07-24T01:00:00.000000",15.4573726654053
"CB","2026-07-24T02:00:00.000000",15.2519807815552
"CB","2026-07-24T03:00:00.000000",15.2357358932495
"CB","2026-07-24T04:00:00.000000",15.2409696578979
"CB","2026-07-24T05:00:00.000000",15.2374277114868
"CB","2026-07-24T06:00:00.000000",15.2390947341919
"CB","2026-07-24T07:00:00.000000",15.2417678833008
"CB","2026-07-24T08:00:00.000000",15.2700824737549
"CB","2026-07-24T09:00:00.000000",15.2917995452881
"CB","2026-07-24T10:00:00.000000",15.3001670837402
"CB","2026-07-24T11:00:00.000000",15.2941064834595
"CB","2026-07-24T12:00:00.000000",15.2929401397705
"CB","2026-07-24T13:00:00.000000",15.3082218170166
"CB","2026-07-24T14:00:00.000000",15.3210382461548
"CB","2026-07-24T15:00:00.000000",15.3372058868408
"CB","2026-07-24T16:00:00.000000",15.3422727584839
"CB","2026-07-24T17:00:00.000000",15.3436508178711
"CB","2026-07-24T18:00:00.000000",15.3445959091187
"CB","2026-07-24T19:00:00.000000",15.34694480896
"CB","2026-07-24T20:00:00.000000",15.3494729995728
"CB","2026-07-24T21:00:00.000000",15.416130065918
"CB","2026-07-24T22:00:00.000000",15.5367364883423
"CB","2026-07-24T23:00:00.000000",15.6045770645142
"CB","2026-07-25T00:00:00.000000",15.6184730529785
"CB","2026-07-25T01:00:00.000000",15.8164491653442
"CB","2026-07-25T02:00:00.000000",15.7761449813843
"CB","2026-07-25T03:00:00.000000",15.7156133651733
"CB","2026-07-25T04:00:00.000000",15.6623849868774
"CB","2026-07-25T05:00:00.000000",15.6466007232666
"CB","2026-07-25T06:00:00.000000",15.6302633285522
"CB","2026-07-25T07:00:00.000000",15.6267824172974
"CB","2026-07-25T08:00:00.000000",15.6270847320557
"CB","2026-07-25T09:00:00.000000",15.6421813964844
"CB","2026-07-25T10:00:00.000000",15.6695613861084
"CB","2026-07-25T11:00:00.000000",15.7036142349243
"CB","2026-07-25T12:00:00.000000",15.755880355835
"CB","2026-07-25T13:00:00.000000",15.7945356369019
"CB","2026-07-25T14:00:00.000000",15.7853984832764
"CB","2026-07-25T15:00:00.000000",15.7633142471313
"CB","2026-07-25T16:00:00.000000",15.773946762085
"CB","2026-07-25T17:00:00.000000",15.7521266937256
"CB","2026-07-25T18:00:00.000000",15.7418775558472
"CB","2026-07-25T19:00:00.000000",15.7397747039795
"CB","2026-07-25T20:00:00.000000",15.7404403686523
"CB","2026-07-25T21:00:00.000000",15.747260093689
"CB","2026-07-25T22:00:00.000000",15.9168510437012
"CB","2026-07-25T23:00:00.000000",16.2860794067383
"CB","2026-07-26T00:00:00.000000",16.5270900726318
"CB","2026-07-26T01:00:00.000000",16.5626564025879
"CB","2026-07-26T02:00:00.000000",16.5602741241455
"CB","2026-07-26T03:00:00.000000",16.2389068603516
"CB","2026-07-26T04:00:00.000000",16.1056308746338
"CB","2026-07-26T05:00:00.000000",16.0101776123047
"CB","2026-07-26T06:00:00.000000",15.9920091629028
"CB","2026-07-26T07:00:00.000000",15.9838819503784
"CB","2026-07-26T08:00:00.000000",15.9803237915039
"CB","2026-07-26T09:00:00.000000",15.9884977340698
"CB","2026-07-26T10:00:00.000000",16.0008850097656
"CB","2026-07-26T11:00:00.000000",16.0692901611328
"CB","2026-07-26T12:00:00.000000",16.2652111053467
"CB","2026-07-26T13:00:00.000000",16.3857936859131
"CB","2026-07-26T14:00:00.000000",16.4060192108154
"CB","2026-07-26T15:00:00.000000",16.3826465606689
"CB","2026-07-26T16:00:00.000000",16.2673168182373
"CB","2026-07-26T17:00:00.000000",16.2183818817139
"CB","2026-07-26T18:00:00.000000",16.1263217926025
"CB","2026-07-26T19:00:00.000000",16.1141967773438
"CB","2026-07-26T20:00:00.000000",16.1115608215332
"CB","2026-07-26T21:00:00.000000",16.1142501831055
"CB","2026-07-26T22:00:00.000000",16.1687717437744
"CB","2026-07-26T23:00:00.000000",16.4255123138428
"CB","2026-07-27T00:00:00.000000",16.6939926147461
"CB","2026-07-27T01:00:00.000000",16.7893238067627
"CB","2026-07-27T02:00:00.000000",16.7991142272949
"CB","2026-07-27T03:00:00.000000",16.7743473052979
"CB","2026-07-27T04:00:00.000000",16.5365428924561
"CB","2026-07-27T05:00:00.000000",16.3614673614502
"CB","2026-07-27T06:00:00.000000",16.1921348571777
"CB","2026-07-27T07:00:00.000000",16.1627578735352
"CB","2026-07-27T08:00:00.000000",16.137716293335
"CB","2026-07-27T09:00:00.000000",16.1324825286865
"CB","2026-07-27T10:00:00.000000",16.1434478759766
"CB","2026-07-27T11:00:00.000000",16.16455078125
"CB","2026-07-27T12:00:00.000000",16.2993812561035
"CB","2026-07-27T13:00:00.000000",16.4494667053223
"CB","2026-07-27T14:00:00.000000",16.5859699249268
"CB","2026-07-27T15:00:00.000000",16.6113758087158
"CB","2026-07-27T16:00:00.000000",16.5468006134033
"CB","2026-07-27T17:00:00.000000",16.4838256835938
"CB","2026-07-27T18:00:00.000000",16.3840389251709
"CB","2026-07-27T19:00:00.000000",16.2675914764404
"CB","2026-07-27T20:00:00.000000",16.2567272186279
"CB","2026-07-27T21:00:00.000000",16.2527866363525
"CB","2026-07-27T22:00:00.000000",16.2572193145752
"CB","2026-07-27T23:00:00.000000",16.3478336334229
"CB","2026-07-28T00:00:00.000000",16.6159954071045
"CB","2026-07-28T01:00:00.000000",16.9465732574463
"CB","2026-07-28T02:00:00.000000",17.0930557250977
"CB","2026-07-28T03:00:00.000000",17.0951519012451
"CB","2026-07-28T04:00:00.000000",16.8502750396729
"CB","2026-07-28T05:00:00.000000",16.6229419708252
"CB","2026-07-28T06:00:00.000000",16.4057197570801
"CB","2026-07-28T07:00:00.000000",16.2496566772461
"CB","2026-07-28T08:00:00.000000",16.221923828125
"CB","2026-07-28T09:00:00.000000",16.2118358612061
"CB","2026-07-28T10:00:00.000000",16.2100467681885
"CB","2026-07-28T11:00:00.000000",16.2487945556641
"CB","2026-07-28T12:00:00.000000",16.2855129241943
"CB","2026-07-28T13:00:00.000000",16.4682521820068
"CB","2026-07-28T14:00:00.000000",16.6779651641846
"CB","2026-07-28T15:00:00.000000",16.8575534820557
"CB","2026-07-28T16:00:00.000000",16.8620586395264
"CB","2026-07-28T17:00:00.000000",16.6716346740723
"CB","2026-07-28T18:00:00.000000",16.598258972168
"CB","2026-07-28T19:00:00.000000",16.4278907775879
"CB","2026-07-28T20:00:00.000000",16.3990211486816
"CB","2026-07-28T21:00:00.000000",16.3974552154541
"CB","2026-07-28T22:00:00.000000",16.3986186981201
"CB","2026-07-28T23:00:00.000000",16.403636932373
"CB","2026-07-29T00:00:00.000000",16.540454864502
"CI","2026-07-23T00:00:00.000000",19.1145801544189
"CI","2026-07-23T01:00:00.000000",19.0675926208496
"CI","2026-07-23T02:00:00.000000",18.9790821075439
"CI","2026-07-23T03:00:00.000000",19.0112075805664
"CI","2026-07-23T04:00:00.000000",19.0112075805664
"CI","2026-07-23T05:00:00.000000",19.0112075805664
"CI","2026-07-23T06:00:00.000000",19.0112075805664
"CI","2026-07-23T07:00:00.000000",19.0112075805664
"CI","2026-07-23T08:00:00.000000",18.9996185302734
"CI","2026-07-23T09:00:00.000000",19.0604419708252
"CI","2026-07-23T10:00:00.000000",19.2324314117432
"CI","2026-07-23T11:00:00.000000",19.2841892242432
"CI","2026-07-23T12:00:00.000000",19.2211093902588
"CI","2026-07-23T13:00:00.000000",19.0407447814941
"CI","2026-07-23T14:00:00.000000",18.9315967559814
"CI","2026-07-23T15:00:00.000000",18.9837093353271
"CI","2026-07-23T16:00:00.000000",18.9837093353271
"CI","2026-07-23T17:00:00.000000",18.9837093353271
"CI","2026-07-23T18:00:00.000000",18.9837093353271
"CI","2026-07-23T19:00:00.000000",18.9837093353271
"CI","2026-07-23T20:00:00.000000",19.192684173584
"CI","2026-07-23T21:00:00.000000",19.3325996398926
"CI","2026-07-23T22:00:00.000000",19.5604496002197
"CI","2026-07-23T23:00:00.000000",19.6112651824951
"CI","2026-07-24T00:00:00.000000",19.5822887420654
"CI","2026-07-24T01:00:00.000000",17.7263107299805
"CI","2026-07-24T02:00:00.000000",17.3335418701172
"CI","2026-07-24T03:00:00.000000",17.2476711273193
"CI","2026-07-24T04:00:00.000000",17.2649536132812
"CI","2026-07-24T05:00:00.000000",17.2649536132812
"CI","2026-07-24T06:00:00.000000",17.2649536132812
"CI","2026-07-24T07:00:00.000000",17.2649536132812
"CI","2026-07-24T08:00:00.000000",17.2649536132812
"CI","2026-07-24T09:00:00.000000",17.3788433074951
"CI","2026-07-24T10:00:00.000000",17.5164470672607
"CI","2026-07-24T11:00:00.000000",17.5269336700439
"CI","2026-07-24T12:00:00.000000",17.4646472930908
"CI","2026-07-24T13:00:00.000000",17.516773223877
"CI","2026-07-24T14:00:00.000000",17.6468257904053
"CI","2026-07-24T15:00:00.000000",17.5263195037842
"CI","2026-07-24T16:00:00.000000",17.594388961792
"CI","2026-07-24T17:00:00.000000",17.594388961792
"CI","2026-07-24T18:00:00.000000",17.594388961792
"CI","2026-07-24T19:00:00.000000",17.594388961792
"CI","2026-07-24T20:00:00.000000",17.594388961792
"CI","2026-07-24T21:00:00.000000",17.7911701202393
"CI","2026-07-24T22:00:00.000000",17.8890609741211
"CI","2026-07-24T23:00:00.000000",17.8950481414795
"CI","2026-07-25T00:00:00.000000",17.8318843841553
"CI","2026-07-25T01:00:00.000000",18.2609748840332
"CI","2026-07-25T02:00:00.000000",18.3945751190186
"CI","2026-07-25T03:00:00.000000",18.4531116485596
"CI","2026-07-25T04:00:00.000000",18.4799175262451
"CI","2026-07-25T05:00:00.000000",18.4849891662598
"CI","2026-07-25T06:00:00.000000",18.4849891662598
"CI","2026-07-25T07:00:00.000000",18.4849891662598
"CI","2026-07-25T08:00:00.000000",18.4849891662598
"CI","2026-07-25T09:00:00.000000",18.4849891662598
"CI","2026-07-25T10:00:00.000000",18.4728965759277
"CI","2026-07-25T11:00:00.000000",18.4802989959717
"CI","2026-07-25T12:00:00.000000",18.3228893280029
"CI","2026-07-25T13:00:00.000000",18.1329689025879
"CI","2026-07-25T14:00:00.000000",18.1781768798828
"CI","2026-07-25T15:00:00.000000",18.4843425750732
"CI","2026-07-25T16:00:00.000000",18.5226898193359
"CI","2026-07-25T17:00:00.000000",18.5859127044678
"CI","2026-07-25T18:00:00.000000",18.5859127044678
"CI","2026-07-25T19:00:00.000000",18.5859127044678
"CI","2026-07-25T20:00:00.000000",18.5859127044678
"CI","2026-07-25T21:00:00.000000",18.753345489502
"CI","2026-07-25T22:00:00.000000",18.7430782318115
"CI","2026-07-25T23:00:00.000000",18.6498470306396
"CI","2026-07-26T00:00:00.000000",18.6351642608643
"CI","2026-07-26T01:00:00.000000",18.6814270019531
"CI","2026-07-26T02:00:00.000000",18.6824722290039
"CI","2026-07-26T03:00:00.000000",18.6199970245361
"CI","2026-07-26T04:00:00.000000",18.6550827026367
"CI","2026-07-26T05:00:00.000000",18.7515754699707
"CI","2026-07-26T06:00:00.000000",18.7717666625977
"CI","2026-07-26T07:00:00.000000",18.7717666625977
"CI","2026-07-26T08:00:00.000000",18.7717666625977
"CI","2026-07-26T09:00:00.000000",18.7717666625977
"CI","2026-07-26T10:00:00.000000",18.7717666625977
"CI","2026-07-26T11:00:00.000000",18.7239513397217
"CI","2026-07-26T12:00:00.000000",18.7392616271973
"CI","2026-07-26T13:00:00.000000",18.8590316772461
"CI","2026-07-26T14:00:00.000000",18.9890003204346
"CI","2026-07-26T15:00:00.000000",18.926025390625
"CI","2026-07-26T16:00:00.000000",18.8619937896729
"CI","2026-07-26T17:00:00.000000",18.8457412719727
"CI","2026-07-26T18:00:00.000000",18.867338180542
"CI","2026-07-26T19:00:00.000000",18.867338180542
"CI","2026-07-26T20:00:00.000000",18.867338180542
"CI","2026-07-26T21:00:00.000000",18.867338180542
"CI","2026-07-26T22:00:00.000000",18.9703598022461
"CI","2026-07-26T23:00:00.000000",18.9936828613281
"CI","2026-07-27T00:00:00.000000",19.1174297332764
"CI","2026-07-27T01:00:00.000000",19.3112258911133
"CI","2026-07-27T02:00:00.000000",19.2978649139404
"CI","2026-07-27T03:00:00.000000",19.2744560241699
"CI","2026-07-27T04:00:00.000000",19.0986633300781
"CI","2026-07-27T05:00:00.000000",18.978889465332
"CI","2026-07-27T06:00:00.000000",18.9737815856934
"CI","2026-07-27T07:00:00.000000",18.9737815856934
"CI","2026-07-27T08:00:00.000000",18.9737815856934
"CI","2026-07-27T09:00:00.000000",18.9737815856934
"CI","2026-07-27T10:00:00.000000",18.9737815856934
"CI","2026-07-27T11:00:00.000000",18.9737815856934
"CI","2026-07-27T12:00:00.000000",18.9053859710693
"CI","2026-07-27T13:00:00.000000",19.0204010009766
"CI","2026-07-27T14:00:00.000000",19.1761722564697
"CI","2026-07-27T15:00:00.000000",19.2477645874023
"CI","2026-07-27T16:00:00.000000",19.2452602386475
"CI","2026-07-27T17:00:00.000000",19.1693210601807
"CI","2026-07-27T18:00:00.000000",19.0856380462646
"CI","2026-07-27T19:00:00.000000",19.0669937133789
"CI","2026-07-27T20:00:00.000000",19.0669937133789
"CI","2026-07-27T21:00:00.000000",19.0669937133789
"CI","2026-07-27T22:00:00.000000",19.0669937133789
"CI","2026-07-27T23:00:00.000000",19.1377258300781
"CI","2026-07-28T00:00:00.000000",19.2312145233154
"CI","2026-07-28T01:00:00.000000",19.4164199829102
"CI","2026-07-28T02:00:00.000000",19.5990009307861
"CI","2026-07-28T03:00:00.000000",19.6506977081299
"CI","2026-07-28T04:00:00.000000",19.5730419158936
"CI","2026-07-28T05:00:00.000000",19.3165607452393
"CI","2026-07-28T06:00:00.000000",19.1882057189941
"CI","2026-07-28T07:00:00.000000",19.1409206390381
"CI","2026-07-28T08:00:00.000000",19.1409206390381
"CI","2026-07-28T09:00:00.000000",19.1409206390381
"CI","2026-07-28T10:00:00.000000",19.1409206390381
"CI","2026-07-28T11:00:00.000000",19.1409206390381
"CI","2026-07-28T12:00:00.000000",19.1138896942139
"CI","2026-07-28T13:00:00.000000",19.0852718353271
"CI","2026-07-28T14:00:00.000000",19.3477687835693
"CI","2026-07-28T15:00:00.000000",19.6991424560547
"CI","2026-07-28T16:00:00.000000",19.8205013275146
"CI","2026-07-28T17:00:00.000000",19.6601428985596
"CI","2026-07-28T18:00:00.000000",19.4030838012695
"CI","2026-07-28T19:00:00.000000",19.2757015228271
"CI","2026-07-28T20:00:00.000000",19.2579402923584
"CI","2026-07-28T21:00:00.000000",19.2579402923584
"CI","2026-07-28T22:00:00.000000",19.2579402923584
"CI","2026-07-28T23:00:00.000000",19.2579402923584
"CI","2026-07-29T00:00:00.000000",19.3197612762451
"DC","2026-07-23T00:00:00.000000",15.7548904418945
"DC","2026-07-23T01:00:00.000000",15.7831163406372
"DC","2026-07-23T02:00:00.000000",15.8236417770386
"DC","2026-07-23T03:00:00.000000",15.8365669250488
"DC","2026-07-23T04:00:00.000000",15.8365669250488
"DC","2026-07-23T05:00:00.000000",15.8365669250488
"DC","2026-07-23T06:00:00.000000",15.8365669250488
"DC","2026-07-23T07:00:00.000000",15.8365669250488
"DC","2026-07-23T08:00:00.000000",15.7577171325684
"DC","2026-07-23T09:00:00.000000",15.7508487701416
"DC","2026-07-23T10:00:00.000000",15.7519550323486
"DC","2026-07-23T11:00:00.000000",15.764009475708
"DC","2026-07-23T12:00:00.000000",15.7757253646851
"DC","2026-07-23T13:00:00.000000",15.8079624176025
"DC","2026-07-23T14:00:00.000000",15.8392887115479
"DC","2026-07-23T15:00:00.000000",15.9055957794189
"DC","2026-07-23T16:00:00.000000",15.9055957794189
"DC","2026-07-23T17:00:00.000000",15.9055957794189
"DC","2026-07-23T18:00:00.000000",15.9055957794189
"DC","2026-07-23T19:00:00.000000",16.0691261291504
"DC","2026-07-23T20:00:00.000000",16.1173439025879
"DC","2026-07-23T21:00:00.000000",16.1236591339111
"DC","2026-07-23T22:00:00.000000",16.1246681213379
"DC","2026-07-23T23:00:00.000000",16.1299476623535
"DC","2026-07-24T00:00:00.000000",16.1254940032959
"DC","2026-07-24T01:00:00.000000",15.3877649307251
"DC","2026-07-24T02:00:00.000000",15.3387098312378
"DC","2026-07-24T03:00:00.000000",15.3477153778076
"DC","2026-07-24T04:00:00.000000",15.3493747711182
"DC","2026-07-24T05:00:00.000000",15.3493747711182
"DC","2026-07-24T06:00:00.000000",15.3493747711182
"DC","2026-07-24T07:00:00.000000",15.3493747711182
"DC","2026-07-24T08:00:00.000000",15.3493747711182
"DC","2026-07-24T09:00:00.000000",15.2625932693481
"DC","2026-07-24T10:00:00.000000",15.2203340530396
"DC","2026-07-24T11:00:00.000000",15.196834564209
"DC","2026-07-24T12:00:00.000000",15.2240724563599
"DC","2026-07-24T13:00:00.000000",15.2652044296265
"DC","2026-07-24T14:00:00.000000",15.2985544204712
"DC","2026-07-24T15:00:00.000000",15.341423034668
"DC","2026-07-24T16:00:00.000000",15.415828704834
"DC","2026-07-24T17:00:00.000000",15.415828704834
"DC","2026-07-24T18:00:00.000000",15.415828704834
"DC","2026-07-24T19:00:00.000000",15.415828704834
"DC","2026-07-24T20:00:00.000000",15.6299352645874
"DC","2026-07-24T21:00:00.000000",15.6475896835327
"DC","2026-07-24T22:00:00.000000",15.6761093139648
"DC","2026-07-24T23:00:00.000000",15.7045230865479
"DC","2026-07-25T00:00:00.000000",15.7383766174316
"DC","2026-07-25T01:00:00.000000",15.5843095779419
"DC","2026-07-25T02:00:00.000000",15.5460920333862
"DC","2026-07-25T03:00:00.000000",15.5554656982422
"DC","2026-07-25T04:00:00.000000",15.6083202362061
"DC","2026-07-25T05:00:00.000000",15.6231498718262
"DC","2026-07-25T06:00:00.000000",15.6231498718262
"DC","2026-07-25T07:00:00.000000",15.6231498718262
"DC","2026-07-25T08:00:00.000000",15.6231498718262
"DC","2026-07-25T09:00:00.000000",15.6231498718262
"DC","2026-07-25T10:00:00.000000",15.5810279846191
"DC","2026-07-25T11:00:00.000000",15.6207275390625
"DC","2026-07-25T12:00:00.000000",15.6952295303345
"DC","2026-07-25T13:00:00.000000",15.7691946029663
"DC","2026-07-25T14:00:00.000000",15.7742576599121
"DC","2026-07-25T15:00:00.000000",15.7414560317993
"DC","2026-07-25T16:00:00.000000",15.7587966918945
"DC","2026-07-25T17:00:00.000000",15.8875846862793
"DC","2026-07-25T18:00:00.000000",15.8875846862793
"DC","2026-07-25T19:00:00.000000",15.8875846862793
"DC","2026-07-25T20:00:00.000000",15.8875846862793
"DC","2026-07-25T21:00:00.000000",16.2607116699219
"DC","2026-07-25T22:00:00.000000",16.3675651550293
"DC","2026-07-25T23:00:00.000000",16.4170475006104
"DC","2026-07-26T00:00:00.000000",16.4425811767578
"DC","2026-07-26T01:00:00.000000",16.4615516662598
"DC","2026-07-26T02:00:00.000000",16.4881172180176
"DC","2026-07-26T03:00:00.000000",16.5685214996338
"DC","2026-07-26T04:00:00.000000",16.5948925018311
"DC","2026-07-26T05:00:00.000000",16.5971050262451
"DC","2026-07-26T06:00:00.000000",16.5963573455811
"DC","2026-07-26T07:00:00.000000",16.5963573455811
"DC","2026-07-26T08:00:00.000000",16.5963573455811
"DC","2026-07-26T09:00:00.000000",16.5963573455811
"DC","2026-07-26T10:00:00.000000",16.5963573455811
"DC","2026-07-26T11:00:00.000000",16.4088325500488
"DC","2026-07-26T12:00:00.000000",16.417350769043
"DC","2026-07-26T13:00:00.000000",16.4408626556396
"DC","2026-07-26T14:00:00.000000",16.4666996002197
"DC","2026-07-26T15:00:00.000000",16.4836940765381
"DC","2026-07-26T16:00:00.000000",16.5179653167725
"DC","2026-07-26T17:00:00.000000",16.5729866027832
"DC","2026-07-26T18:00:00.000000",16.6349182128906
"DC","2026-07-26T19:00:00.000000",16.6349182128906
"DC","2026-07-26T20:00:00.000000",16.6349182128906
"DC","2026-07-26T21:00:00.000000",16.6349182128906
"DC","2026-07-26T22:00:00.000000",16.8361949920654
"DC","2026-07-26T23:00:00.000000",16.8445014953613
"DC","2026-07-27T00:00:00.000000",16.8646965026855
"DC","2026-07-27T01:00:00.000000",16.8811016082764
"DC","2026-07-27T02:00:00.000000",16.8988552093506
"DC","2026-07-27T03:00:00.000000",16.8987102508545
"DC","2026-07-27T04:00:00.000000",16.8921394348145
"DC","2026-07-27T05:00:00.000000",16.9023189544678
"DC","2026-07-27T06:00:00.000000",16.9105129241943
"DC","2026-07-27T07:00:00.000000",16.9105129241943
"DC","2026-07-27T08:00:00.000000",16.9105129241943
"DC","2026-07-27T09:00:00.000000",16.9105129241943
"DC","2026-07-27T10:00:00.000000",16.9105129241943
"DC","2026-07-27T11:00:00.000000",16.9055080413818
"DC","2026-07-27T12:00:00.000000",16.9351711273193
"DC","2026-07-27T13:00:00.000000",16.9799137115479
"DC","2026-07-27T14:00:00.000000",17.0294246673584
"DC","2026-07-27T15:00:00.000000",17.0447368621826
"DC","2026-07-27T16:00:00.000000",16.9996776580811
"DC","2026-07-27T17:00:00.000000",16.9253025054932
"DC","2026-07-27T18:00:00.000000",16.9297409057617
"DC","2026-07-27T19:00:00.000000",17.0294456481934
"DC","2026-07-27T20:00:00.000000",17.0294456481934
"DC","2026-07-27T21:00:00.000000",17.0294456481934
"DC","2026-07-27T22:00:00.000000",17.0294456481934
"DC","2026-07-27T23:00:00.000000",17.359317779541
"DC","2026-07-28T00:00:00.000000",17.388879776001
"DC","2026-07-28T01:00:00.000000",17.3977394104004
"DC","2026-07-28T02:00:00.000000",17.4037456512451
"DC","2026-07-28T03:00:00.000000",17.4051570892334
"DC","2026-07-28T04:00:00.000000",17.3958911895752
"DC","2026-07-28T05:00:00.000000",17.3672122955322
"DC","2026-07-28T06:00:00.000000",17.0927181243896
"DC","2026-07-28T07:00:00.000000",17.0760917663574
"DC","2026-07-28T08:00:00.000000",17.0760917663574
"DC","2026-07-28T09:00:00.000000",17.0760917663574
"DC","2026-07-28T10:00:00.000000",17.0760917663574
"DC","2026-07-28T11:00:00.000000",17.0760917663574
"DC","2026-07-28T12:00:00.000000",17.3305168151855
"DC","2026-07-28T13:00:00.000000",17.3989162445068
"DC","2026-07-28T14:00:00.000000",17.4295196533203
"DC","2026-07-28T15:00:00.000000",17.4609928131104
"DC","2026-07-28T16:00:00.000000",17.4475612640381
"DC","2026-07-28T17:00:00.000000",17.2816371917725
"DC","2026-07-28T18:00:00.000000",17.0632438659668
"DC","2026-07-28T19:00:00.000000",17.0556621551514
"DC","2026-07-28T20:00:00.000000",17.0968265533447
"DC","2026-07-28T21:00:00.000000",17.0968265533447
"DC","2026-07-28T22:00:00.000000",17.0968265533447
"DC","2026-07-28T23:00:00.000000",17.4145202636719
"DC","2026-07-29T00:00:00.000000",17.6077556610107
"LH","2026-07-23T00:00:00.000000",16.9784889221191
"LH","2026-07-23T01:00:00.000000",16.1445331573486
"LH","2026-07-23T02:00:00.000000",16.1408290863037
"LH","2026-07-23T03:00:00.000000",16.2834606170654
"LH","2026-07-23T04:00:00.000000",16.4280128479004
"LH","2026-07-23T05:00:00.000000",16.438081741333
"LH","2026-07-23T06:00:00.000000",16.438081741333
"LH","2026-07-23T07:00:00.000000",16.438081741333
"LH","2026-07-23T08:00:00.000000",16.1894454956055
"LH","2026-07-23T09:00:00.000000",16.1653175354004
"LH","2026-07-23T10:00:00.000000",16.137393951416
"LH","2026-07-23T11:00:00.000000",16.1346168518066
"LH","2026-07-23T12:00:00.000000",16.1452789306641
"LH","2026-07-23T13:00:00.000000",16.1955680847168
"LH","2026-07-23T14:00:00.000000",16.2440910339355
"LH","2026-07-23T15:00:00.000000",16.2741680145264
"LH","2026-07-23T16:00:00.000000",16.3114318847656
"LH","2026-07-23T17:00:00.000000",16.316234588623
"LH","2026-07-23T18:00:00.000000",16.316234588623
"LH","2026-07-23T19:00:00.000000",16.316234588623
"LH","2026-07-23T20:00:00.000000",16.3814563751221
"LH","2026-07-23T21:00:00.000000",16.5461673736572
"LH","2026-07-23T22:00:00.000000",16.6463241577148
"LH","2026-07-23T23:00:00.000000",16.6599178314209
"LH","2026-07-24T00:00:00.000000",16.6476078033447
"LH","2026-07-24T01:00:00.000000",16.2650089263916
"LH","2026-07-24T02:00:00.000000",16.1826019287109
"LH","2026-07-24T03:00:00.000000",16.2499237060547
"LH","2026-07-24T04:00:00.000000",16.4411659240723
"LH","2026-07-24T05:00:00.000000",16.5956344604492
"LH","2026-07-24T06:00:00.000000",16.5956344604492
"LH","2026-07-24T07:00:00.000000",16.5956344604492
"LH","2026-07-24T08:00:00.000000",16.5956344604492
"LH","2026-07-24T09:00:00.000000",16.2884864807129
"LH","2026-07-24T10:00:00.000000",16.1871738433838
"LH","2026-07-24T11:00:00.000000",16.1463375091553
"LH","2026-07-24T12:00:00.000000",16.1177749633789
"LH","2026-07-24T13:00:00.000000",16.1329116821289
"LH","2026-07-24T14:00:00.000000",16.2126789093018
"LH","2026-07-24T15:00:00.000000",16.2738437652588
"LH","2026-07-24T16:00:00.000000",16.3417472839355
"LH","2026-07-24T17:00:00.000000",16.4085731506348
"LH","2026-07-24T18:00:00.000000",16.4167385101318
"LH","2026-07-24T19:00:00.000000",16.4167385101318
"LH","2026-07-24T20:00:00.000000",16.4107437133789
"LH","2026-07-24T21:00:00.000000",16.3662643432617
"LH","2026-07-24T22:00:00.000000",16.504566192627
"LH","2026-07-24T23:00:00.000000",16.5519962310791
"LH","2026-07-25T00:00:00.000000",16.5627708435059
"LH","2026-07-25T01:00:00.000000",16.8120365142822
"LH","2026-07-25T02:00:00.000000",16.8849658966064
"LH","2026-07-25T03:00:00.000000",16.8172969818115
"LH","2026-07-25T04:00:00.000000",16.9130554199219
"LH","2026-07-25T05:00:00.000000",17.1115264892578
"LH","2026-07-25T06:00:00.000000",17.2077102661133
"LH","2026-07-25T07:00:00.000000",17.2077102661133
"LH","2026-07-25T08:00:00.000000",17.2077102661133
"LH","2026-07-25T09:00:00.000000",17.2077102661133
"LH","2026-07-25T10:00:00.000000",16.919994354248
"LH","2026-07-25T11:00:00.000000",16.87717628479
"LH","2026-07-25T12:00:00.000000",16.8886585235596
"LH","2026-07-25T13:00:00.000000",16.8604602813721
"LH","2026-07-25T14:00:00.000000",16.863733291626
"LH","2026-07-25T15:00:00.000000",16.8875579833984
"LH","2026-07-25T16:00:00.000000",16.9403610229492
"LH","2026-07-25T17:00:00.000000",16.9938144683838
"LH","2026-07-25T18:00:00.000000",17.0537357330322
"LH","2026-07-25T19:00:00.000000",17.0580272674561
"LH","2026-07-25T20:00:00.000000",17.0580272674561
"LH","2026-07-25T21:00:00.000000",17.1433372497559
"LH","2026-07-25T22:00:00.000000",17.1262836456299
"LH","2026-07-25T23:00:00.000000",17.2816581726074
"LH","2026-07-26T00:00:00.000000",17.3074398040771
"LH","2026-07-26T01:00:00.000000",17.3202037811279
"LH","2026-07-26T02:00:00.000000",17.299186706543
"LH","2026-07-26T03:00:00.000000",17.275577545166
"LH","2026-07-26T04:00:00.000000",17.1633911132812
"LH","2026-07-26T05:00:00.000000",17.2255687713623
"LH","2026-07-26T06:00:00.000000",17.300121307373
"LH","2026-07-26T07:00:00.000000",17.354305267334
"LH","2026-07-26T08:00:00.000000",17.354305267334
"LH","2026-07-26T09:00:00.000000",17.354305267334
"LH","2026-07-26T10:00:00.000000",17.354305267334
"LH","2026-07-26T11:00:00.000000",17.2417888641357
"LH","2026-07-26T12:00:00.000000",17.2725715637207
"LH","2026-07-26T13:00:00.000000",17.2966327667236
"LH","2026-07-26T14:00:00.000000",17.2976741790771
"LH","2026-07-26T15:00:00.000000",17.2901954650879
"LH","2026-07-26T16:00:00.000000",17.2821712493896
"LH","2026-07-26T17:00:00.000000",17.2531089782715
"LH","2026-07-26T18:00:00.000000",17.2820301055908
"LH","2026-07-26T19:00:00.000000",17.3336524963379
"LH","2026-07-26T20:00:00.000000",17.3403301239014
"LH","2026-07-26T21:00:00.000000",17.3403301239014
"LH","2026-07-26T22:00:00.000000",17.4663677215576
"LH","2026-07-26T23:00:00.000000",17.4381504058838
"LH","2026-07-27T00:00:00.000000",17.5906410217285
"LH","2026-07-27T01:00:00.000000",17.6504497528076
"LH","2026-07-27T02:00:00.000000",17.6585140228271
"LH","2026-07-27T03:00:00.000000",17.6140632629395
"LH","2026-07-27T04:00:00.000000",17.4862823486328
"LH","2026-07-27T05:00:00.000000",17.4489269256592
"LH","2026-07-27T06:00:00.000000",17.3967590332031
"LH","2026-07-27T07:00:00.000000",17.4022693634033
"LH","2026-07-27T08:00:00.000000",17.4131908416748
"LH","2026-07-27T09:00:00.000000",17.4131908416748
"LH","2026-07-27T10:00:00.000000",17.4131908416748
"LH","2026-07-27T11:00:00.000000",17.4131908416748
"LH","2026-07-27T12:00:00.000000",17.443431854248
"LH","2026-07-27T13:00:00.000000",17.5537986755371
"LH","2026-07-27T14:00:00.000000",17.5950107574463
"LH","2026-07-27T15:00:00.000000",17.5955677032471
"LH","2026-07-27T16:00:00.000000",17.5735015869141
"LH","2026-07-27T17:00:00.000000",17.506965637207
"LH","2026-07-27T18:00:00.000000",17.4604167938232
"LH","2026-07-27T19:00:00.000000",17.4560222625732
"LH","2026-07-27T20:00:00.000000",17.4726600646973
"LH","2026-07-27T21:00:00.000000",17.4733352661133
"LH","2026-07-27T22:00:00.000000",17.4733352661133
"LH","2026-07-27T23:00:00.000000",17.6877727508545
"LH","2026-07-28T00:00:00.000000",17.7143020629883
"LH","2026-07-28T01:00:00.000000",17.9015789031982
"LH","2026-07-28T02:00:00.000000",17.9261150360107
"LH","2026-07-28T03:00:00.000000",17.9205074310303
"LH","2026-07-28T04:00:00.000000",17.8795223236084
"LH","2026-07-28T05:00:00.000000",17.7183113098145
"LH","2026-07-28T06:00:00.000000",17.6461811065674
"LH","2026-07-28T07:00:00.000000",17.5721340179443
"LH","2026-07-28T08:00:00.000000",17.5633220672607
"LH","2026-07-28T09:00:00.000000",17.5724925994873
"LH","2026-07-28T10:00:00.000000",17.5724925994873
"LH","2026-07-28T11:00:00.000000",17.5724925994873
"LH","2026-07-28T12:00:00.000000",17.6584377288818
"LH","2026-07-28T13:00:00.000000",17.7984600067139
"LH","2026-07-28T14:00:00.000000",17.9298229217529
"LH","2026-07-28T15:00:00.000000",17.9410839080811
"LH","2026-07-28T16:00:00.000000",17.9361419677734
"LH","2026-07-28T17:00:00.000000",17.8763961791992
"LH","2026-07-28T18:00:00.000000",17.768762588501
"LH","2026-07-28T19:00:00.000000",17.6911869049072
"LH","2026-07-28T20:00:00.000000",17.6507759094238
"LH","2026-07-28T21:00:00.000000",17.6731109619141
"LH","2026-07-28T22:00:00.000000",17.6731109619141
"LH","2026-07-28T23:00:00.000000",17.6731109619141
"LH","2026-07-29T00:00:00.000000",17.9309864044189
"NB","2026-07-23T00:00:00.000000",16.6742630004883
"NB","2026-07-23T01:00:00.000000",16.0521659851074
"NB","2026-07-23T02:00:00.000000",15.981653213501
"NB","2026-07-23T03:00:00.000000",16.0248031616211
"NB","2026-07-23T04:00:00.000000",16.0830383300781
"NB","2026-07-23T05:00:00.000000",16.0830383300781
"NB","2026-07-23T06:00:00.000000",16.005392074585
"NB","2026-07-23T07:00:00.000000",15.9844436645508
"NB","2026-07-23T08:00:00.000000",15.9749383926392
"NB","2026-07-23T09:00:00.000000",15.9696025848389
"NB","2026-07-23T10:00:00.000000",15.9699735641479
"NB","2026-07-23T11:00:00.000000",15.9725227355957
"NB","2026-07-23T12:00:00.000000",15.9753484725952
"NB","2026-07-23T13:00:00.000000",15.9760313034058
"NB","2026-07-23T14:00:00.000000",15.9765625
"NB","2026-07-23T15:00:00.000000",15.9807109832764
"NB","2026-07-23T16:00:00.000000",16.0000782012939
"NB","2026-07-23T17:00:00.000000",16.0721454620361
"NB","2026-07-23T18:00:00.000000",16.1676387786865
"NB","2026-07-23T19:00:00.000000",16.2183494567871
"NB","2026-07-23T20:00:00.000000",16.2407722473145
"NB","2026-07-23T21:00:00.000000",16.2519760131836
"NB","2026-07-23T22:00:00.000000",16.2541122436523
"NB","2026-07-23T23:00:00.000000",16.2497081756592
"NB","2026-07-24T00:00:00.000000",16.2444801330566
"NB","2026-07-24T01:00:00.000000",15.5066595077515
"NB","2026-07-24T02:00:00.000000",15.4219055175781
"NB","2026-07-24T03:00:00.000000",15.4426612854004
"NB","2026-07-24T04:00:00.000000",15.4834117889404
"NB","2026-07-24T05:00:00.000000",15.4661407470703
"NB","2026-07-24T06:00:00.000000",15.4661407470703
"NB","2026-07-24T07:00:00.000000",15.4248199462891
"NB","2026-07-24T08:00:00.000000",15.4169120788574
"NB","2026-07-24T09:00:00.000000",15.4036083221436
"NB","2026-07-24T10:00:00.000000",15.3899011611938
"NB","2026-07-24T11:00:00.000000",15.3851289749146
"NB","2026-07-24T12:00:00.000000",15.3942842483521
"NB","2026-07-24T13:00:00.000000",15.4113607406616
"NB","2026-07-24T14:00:00.000000",15.4308500289917
"NB","2026-07-24T15:00:00.000000",15.4642391204834
"NB","2026-07-24T16:00:00.000000",15.4967451095581
"NB","2026-07-24T17:00:00.000000",15.5437107086182
"NB","2026-07-24T18:00:00.000000",15.6685361862183
"NB","2026-07-24T19:00:00.000000",15.8037929534912
"NB","2026-07-24T20:00:00.000000",15.8779487609863
"NB","2026-07-24T21:00:00.000000",15.9186525344849
"NB","2026-07-24T22:00:00.000000",15.9348735809326
"NB","2026-07-24T23:00:00.000000",15.9449777603149
"NB","2026-07-25T00:00:00.000000",15.9581899642944
"NB","2026-07-25T01:00:00.000000",16.0230865478516
"NB","2026-07-25T02:00:00.000000",16.0519142150879
"NB","2026-07-25T03:00:00.000000",16.0769538879395
"NB","2026-07-25T04:00:00.000000",16.1060886383057
"NB","2026-07-25T05:00:00.000000",16.1206836700439
"NB","2026-07-25T06:00:00.000000",16.1415824890137
"NB","2026-07-25T07:00:00.000000",16.1415824890137
"NB","2026-07-25T08:00:00.000000",16.0734081268311
"NB","2026-07-25T09:00:00.000000",16.056510925293
"NB","2026-07-25T10:00:00.000000",16.0475826263428
"NB","2026-07-25T11:00:00.000000",16.0383586883545
"NB","2026-07-25T12:00:00.000000",16.0384941101074
"NB","2026-07-25T13:00:00.000000",16.039758682251
"NB","2026-07-25T14:00:00.000000",16.0479297637939
"NB","2026-07-25T15:00:00.000000",16.0669040679932
"NB","2026-07-25T16:00:00.000000",16.1054763793945
"NB","2026-07-25T17:00:00.000000",16.1425075531006
"NB","2026-07-25T18:00:00.000000",16.2075614929199
"NB","2026-07-25T19:00:00.000000",16.3255157470703
"NB","2026-07-25T20:00:00.000000",16.4369411468506
"NB","2026-07-25T21:00:00.000000",16.4913501739502
"NB","2026-07-25T22:00:00.000000",16.5251998901367
"NB","2026-07-25T23:00:00.000000",16.5402507781982
"NB","2026-07-26T00:00:00.000000",16.5432434082031
"NB","2026-07-26T01:00:00.000000",16.5625972747803
"NB","2026-07-26T02:00:00.000000",16.5813636779785
"NB","2026-07-26T03:00:00.000000",16.5990390777588
"NB","2026-07-26T04:00:00.000000",16.6114635467529
"NB","2026-07-26T05:00:00.000000",16.6442852020264
"NB","2026-07-26T06:00:00.000000",16.6491146087646
"NB","2026-07-26T07:00:00.000000",16.6448650360107
"NB","2026-07-26T08:00:00.000000",16.634786605835
"NB","2026-07-26T09:00:00.000000",16.6003379821777
"NB","2026-07-26T10:00:00.000000",16.5878562927246
"NB","2026-07-26T11:00:00.000000",16.5722503662109
"NB","2026-07-26T12:00:00.000000",16.5607490539551
"NB","2026-07-26T13:00:00.000000",16.5609645843506
"NB","2026-07-26T14:00:00.000000",16.5704364776611
"NB","2026-07-26T15:00:00.000000",16.5847988128662
"NB","2026-07-26T16:00:00.000000",16.595006942749
"NB","2026-07-26T17:00:00.000000",16.60325050354
"NB","2026-07-26T18:00:00.000000",16.614049911499
"NB","2026-07-26T19:00:00.000000",16.6363296508789
"NB","2026-07-26T20:00:00.000000",16.701452255249
"NB","2026-07-26T21:00:00.000000",16.7943477630615
"NB","2026-07-26T22:00:00.000000",16.8614768981934
"NB","2026-07-26T23:00:00.000000",16.90895652771
"NB","2026-07-27T00:00:00.000000",16.9353466033936
"NB","2026-07-27T01:00:00.000000",16.9461078643799
"NB","2026-07-27T02:00:00.000000",16.9481563568115
"NB","2026-07-27T03:00:00.000000",16.9527339935303
"NB","2026-07-27T04:00:00.000000",16.9645156860352
"NB","2026-07-27T05:00:00.000000",16.977897644043
"NB","2026-07-27T06:00:00.000000",16.9927558898926
"NB","2026-07-27T07:00:00.000000",17.0139961242676
"NB","2026-07-27T08:00:00.000000",17.0205974578857
"NB","2026-07-27T09:00:00.000000",16.9667148590088
"NB","2026-07-27T10:00:00.000000",16.928638458252
"NB","2026-07-27T11:00:00.000000",16.910192489624
"NB","2026-07-27T12:00:00.000000",16.8940124511719
"NB","2026-07-27T13:00:00.000000",16.8929443359375
"NB","2026-07-27T14:00:00.000000",16.9067420959473
"NB","2026-07-27T15:00:00.000000",16.9217700958252
"NB","2026-07-27T16:00:00.000000",16.9356212615967
"NB","2026-07-27T17:00:00.000000",16.9484386444092
"NB","2026-07-27T18:00:00.000000",16.9990348815918
"NB","2026-07-27T19:00:00.000000",17.0804386138916
"NB","2026-07-27T20:00:00.000000",17.1587562561035
"NB","2026-07-27T21:00:00.000000",17.2440185546875
"NB","2026-07-27T22:00:00.000000",17.2843418121338
"NB","2026-07-27T23:00:00.000000",17.2945117950439
"NB","2026-07-28T00:00:00.000000",17.294506072998
"NB","2026-07-28T01:00:00.000000",17.2989635467529
"NB","2026-07-28T02:00:00.000000",17.3057384490967
"NB","2026-07-28T03:00:00.000000",17.3142738342285
"NB","2026-07-28T04:00:00.000000",17.32932472229
"NB","2026-07-28T05:00:00.000000",17.3497619628906
"NB","2026-07-28T06:00:00.000000",17.375093460083
"NB","2026-07-28T07:00:00.000000",17.3958854675293
"NB","2026-07-28T08:00:00.000000",17.3958873748779
"NB","2026-07-28T09:00:00.000000",17.3958873748779
"NB","2026-07-28T10:00:00.000000",17.3449668884277
"NB","2026-07-28T11:00:00.000000",17.3041763305664
"NB","2026-07-28T12:00:00.000000",17.3020172119141
"NB","2026-07-28T13:00:00.000000",17.3347263336182
"NB","2026-07-28T14:00:00.000000",17.3633079528809
"NB","2026-07-28T15:00:00.000000",17.4415664672852
"NB","2026-07-28T16:00:00.000000",17.5216426849365
"NB","2026-07-28T17:00:00.000000",17.5896472930908
"NB","2026-07-28T18:00:00.000000",17.6385440826416
"NB","2026-07-28T19:00:00.000000",17.7207717895508
"NB","2026-07-28T20:00:00.000000",17.8669109344482
"NB","2026-07-28T21:00:00.000000",17.9245052337646
"NB","2026-07-28T22:00:00.000000",17.9525566101074
"NB","2026-07-28T23:00:00.000000",17.9550151824951
"NB","2026-07-29T00:00:00.000000",17.9507102966309
"PC","2026-07-23T00:00:00.000000",18.9676990509033
"PC","2026-07-23T01:00:00.000000",19.5874938964844
"PC","2026-07-23T02:00:00.000000",19.6605319976807
"PC","2026-07-23T03:00:00.000000",19.6328983306885
"PC","2026-07-23T04:00:00.000000",19.6264934539795
"PC","2026-07-23T05:00:00.000000",19.6258220672607
"PC","2026-07-23T06:00:00.000000",19.6257915496826
"PC","2026-07-23T07:00:00.000000",19.6257934570312
"PC","2026-07-23T08:00:00.000000",19.6257762908936
"PC","2026-07-23T09:00:00.000000",19.6257343292236
"PC","2026-07-23T10:00:00.000000",19.607629776001
"PC","2026-07-23T11:00:00.000000",19.6024971008301
"PC","2026-07-23T12:00:00.000000",19.6408634185791
"PC","2026-07-23T13:00:00.000000",19.6602325439453
"PC","2026-07-23T14:00:00.000000",19.6557750701904
"PC","2026-07-23T15:00:00.000000",19.6285171508789
"PC","2026-07-23T16:00:00.000000",19.6238842010498
"PC","2026-07-23T17:00:00.000000",19.6237487792969
"PC","2026-07-23T18:00:00.000000",19.6237468719482
"PC","2026-07-23T19:00:00.000000",19.6237487792969
"PC","2026-07-23T20:00:00.000000",19.6238098144531
"PC","2026-07-23T21:00:00.000000",19.6310939788818
"PC","2026-07-23T22:00:00.000000",19.7511863708496
"PC","2026-07-23T23:00:00.000000",19.8876838684082
"PC","2026-07-24T00:00:00.000000",19.9384746551514
"PC","2026-07-24T01:00:00.000000",18.4589977264404
"PC","2026-07-24T02:00:00.000000",18.1976642608643
"PC","2026-07-24T03:00:00.000000",18.1489524841309
"PC","2026-07-24T04:00:00.000000",18.1484184265137
"PC","2026-07-24T05:00:00.000000",18.1492443084717
"PC","2026-07-24T06:00:00.000000",18.1508922576904
"PC","2026-07-24T07:00:00.000000",18.1521110534668
"PC","2026-07-24T08:00:00.000000",18.1523303985596
"PC","2026-07-24T09:00:00.000000",18.1523742675781
"PC","2026-07-24T10:00:00.000000",18.1524333953857
"PC","2026-07-24T11:00:00.000000",18.1074142456055
"PC","2026-07-24T12:00:00.000000",17.8622150421143
"PC","2026-07-24T13:00:00.000000",17.8664245605469
"PC","2026-07-24T14:00:00.000000",18.0300693511963
"PC","2026-07-24T15:00:00.000000",18.1144237518311
"PC","2026-07-24T16:00:00.000000",18.123067855835
"PC","2026-07-24T17:00:00.000000",18.1231689453125
"PC","2026-07-24T18:00:00.000000",18.1231670379639
"PC","2026-07-24T19:00:00.000000",18.1229858398438
"PC","2026-07-24T20:00:00.000000",18.1229362487793
"PC","2026-07-24T21:00:00.000000",18.1229209899902
"PC","2026-07-24T22:00:00.000000",18.0326385498047
"PC","2026-07-24T23:00:00.000000",17.9834518432617
"PC","2026-07-25T00:00:00.000000",18.0167236328125
"PC","2026-07-25T01:00:00.000000",18.6220970153809
"PC","2026-07-25T02:00:00.000000",18.788106918335
"PC","2026-07-25T03:00:00.000000",18.8421287536621
"PC","2026-07-25T04:00:00.000000",18.8797016143799
"PC","2026-07-25T05:00:00.000000",18.9089679718018
"PC","2026-07-25T06:00:00.000000",18.9145450592041
"PC","2026-07-25T07:00:00.000000",18.917272567749
"PC","2026-07-25T08:00:00.000000",18.9197559356689
"PC","2026-07-25T09:00:00.000000",18.922607421875
"PC","2026-07-25T10:00:00.000000",18.9246520996094
"PC","2026-07-25T11:00:00.000000",18.9263591766357
"PC","2026-07-25T12:00:00.000000",18.9025745391846
"PC","2026-07-25T13:00:00.000000",18.7838535308838
"PC","2026-07-25T14:00:00.000000",18.7444839477539
"PC","2026-07-25T15:00:00.000000",18.8344173431396
"PC","2026-07-25T16:00:00.000000",18.9221076965332
"PC","2026-07-25T17:00:00.000000",18.9466457366943
"PC","2026-07-25T18:00:00.000000",18.9491291046143
"PC","2026-07-25T19:00:00.000000",18.9492778778076
"PC","2026-07-25T20:00:00.000000",18.9495697021484
"PC","2026-07-25T21:00:00.000000",18.949951171875
"PC","2026-07-25T22:00:00.000000",18.9501190185547
"PC","2026-07-25T23:00:00.000000",18.9337291717529
"PC","2026-07-26T00:00:00.000000",18.9297275543213
"PC","2026-07-26T01:00:00.000000",18.8509044647217
"PC","2026-07-26T02:00:00.000000",18.8141460418701
"PC","2026-07-26T03:00:00.000000",18.8701839447021
"PC","2026-07-26T04:00:00.000000",18.8839874267578
"PC","2026-07-26T05:00:00.000000",18.8816394805908
"PC","2026-07-26T06:00:00.000000",18.8816509246826
"PC","2026-07-26T07:00:00.000000",18.8816967010498
"PC","2026-07-26T08:00:00.000000",18.8816699981689
"PC","2026-07-26T09:00:00.000000",18.8816833496094
"PC","2026-07-26T10:00:00.000000",18.8816814422607
"PC","2026-07-26T11:00:00.000000",18.8816814422607
"PC","2026-07-26T12:00:00.000000",18.8817310333252
"PC","2026-07-26T13:00:00.000000",18.8766231536865
"PC","2026-07-26T14:00:00.000000",18.7077198028564
"PC","2026-07-26T15:00:00.000000",18.7146968841553
"PC","2026-07-26T16:00:00.000000",18.8205242156982
"PC","2026-07-26T17:00:00.000000",18.8756103515625
"PC","2026-07-26T18:00:00.000000",18.8792095184326
"PC","2026-07-26T19:00:00.000000",18.8791484832764
"PC","2026-07-26T20:00:00.000000",18.8790264129639
"PC","2026-07-26T21:00:00.000000",18.8789958953857
"PC","2026-07-26T22:00:00.000000",18.8789978027344
"PC","2026-07-26T23:00:00.000000",18.8786869049072
"PC","2026-07-27T00:00:00.000000",18.865894317627
"PC","2026-07-27T01:00:00.000000",18.8753719329834
"PC","2026-07-27T02:00:00.000000",18.8903331756592
"PC","2026-07-27T03:00:00.000000",18.8784961700439
"PC","2026-07-27T04:00:00.000000",18.8690929412842
"PC","2026-07-27T05:00:00.000000",18.8736400604248
"PC","2026-07-27T06:00:00.000000",18.878812789917
"PC","2026-07-27T07:00:00.000000",18.8788738250732
"PC","2026-07-27T08:00:00.000000",18.8788738250732
"PC","2026-07-27T09:00:00.000000",18.8788814544678
"PC","2026-07-27T10:00:00.000000",18.8789081573486
"PC","2026-07-27T11:00:00.000000",18.8790111541748
"PC","2026-07-27T12:00:00.000000",18.879056930542
"PC","2026-07-27T13:00:00.000000",18.8792324066162
"PC","2026-07-27T14:00:00.000000",18.9118194580078
"PC","2026-07-27T15:00:00.000000",18.9240646362305
"PC","2026-07-27T16:00:00.000000",18.9152965545654
"PC","2026-07-27T17:00:00.000000",18.9035167694092
"PC","2026-07-27T18:00:00.000000",18.9035491943359
"PC","2026-07-27T19:00:00.000000",18.9035320281982
"PC","2026-07-27T20:00:00.000000",18.9036560058594
"PC","2026-07-27T21:00:00.000000",18.9037170410156
"PC","2026-07-27T22:00:00.000000",18.9037456512451
"PC","2026-07-27T23:00:00.000000",18.9038391113281
"PC","2026-07-28T00:00:00.000000",18.9077911376953
"PC","2026-07-28T01:00:00.000000",18.9564514160156
"PC","2026-07-28T02:00:00.000000",19.0844573974609
"PC","2026-07-28T03:00:00.000000",19.1515026092529
"PC","2026-07-28T04:00:00.000000",19.1272640228271
"PC","2026-07-28T05:00:00.000000",19.0187606811523
"PC","2026-07-28T06:00:00.000000",18.974760055542
"PC","2026-07-28T07:00:00.000000",18.9657897949219
"PC","2026-07-28T08:00:00.000000",18.9658546447754
"PC","2026-07-28T09:00:00.000000",18.9663391113281
"PC","2026-07-28T10:00:00.000000",18.9665222167969
"PC","2026-07-28T11:00:00.000000",18.966552734375
"PC","2026-07-28T12:00:00.000000",18.966552734375
"PC","2026-07-28T13:00:00.000000",18.966552734375
"PC","2026-07-28T14:00:00.000000",19.0143337249756
"PC","2026-07-28T15:00:00.000000",19.1057605743408
"PC","2026-07-28T16:00:00.000000",19.1719951629639
"PC","2026-07-28T17:00:00.000000",19.1219425201416
"PC","2026-07-28T18:00:00.000000",19.0585021972656
"PC","2026-07-28T19:00:00.000000",19.0320262908936
"PC","2026-07-28T20:00:00.000000",19.0312633514404
"PC","2026-07-28T21:00:00.000000",19.0323009490967
"PC","2026-07-28T22:00:00.000000",19.0331420898438
"PC","2026-07-28T23:00:00.000000",19.0333385467529
"PC","2026-07-29T00:00:00.000000",19.0336456298828
"PV","2026-07-23T00:00:00.000000",16.9411926269531
"PV","2026-07-23T01:00:00.000000",16.1106338500977
"PV","2026-07-23T02:00:00.000000",16.0043430328369
"PV","2026-07-23T03:00:00.000000",16.0362949371338
"PV","2026-07-23T04:00:00.000000",16.049446105957
"PV","2026-07-23T05:00:00.000000",16.0621089935303
"PV","2026-07-23T06:00:00.000000",16.0490474700928
"PV","2026-07-23T07:00:00.000000",16.038854598999
"PV","2026-07-23T08:00:00.000000",16.0369777679443
"PV","2026-07-23T09:00:00.000000",16.0344505310059
"PV","2026-07-23T10:00:00.000000",16.0301704406738
"PV","2026-07-23T11:00:00.000000",16.0282363891602
"PV","2026-07-23T12:00:00.000000",16.0150775909424
"PV","2026-07-23T13:00:00.000000",16.0224933624268
"PV","2026-07-23T14:00:00.000000",16.0358142852783
"PV","2026-07-23T15:00:00.000000",16.0555591583252
"PV","2026-07-23T16:00:00.000000",16.0607070922852
"PV","2026-07-23T17:00:00.000000",16.0777549743652
"PV","2026-07-23T18:00:00.000000",16.1195487976074
"PV","2026-07-23T19:00:00.000000",16.1309814453125
"PV","2026-07-23T20:00:00.000000",16.1443195343018
"PV","2026-07-23T21:00:00.000000",16.1607646942139
"PV","2026-07-23T22:00:00.000000",16.1804351806641
"PV","2026-07-23T23:00:00.000000",16.2170181274414
"PV","2026-07-24T00:00:00.000000",16.2642059326172
"PV","2026-07-24T01:00:00.000000",16.0362663269043
"PV","2026-07-24T02:00:00.000000",16.0347213745117
"PV","2026-07-24T03:00:00.000000",16.0648460388184
"PV","2026-07-24T04:00:00.000000",16.0953178405762
"PV","2026-07-24T05:00:00.000000",16.1393032073975
"PV","2026-07-24T06:00:00.000000",16.1405277252197
"PV","2026-07-24T07:00:00.000000",16.1555881500244
"PV","2026-07-24T08:00:00.000000",16.152530670166
"PV","2026-07-24T09:00:00.000000",16.1547622680664
"PV","2026-07-24T10:00:00.000000",16.1562480926514
"PV","2026-07-24T11:00:00.000000",16.1587505340576
"PV","2026-07-24T12:00:00.000000",16.1674365997314
"PV","2026-07-24T13:00:00.000000",16.1721134185791
"PV","2026-07-24T14:00:00.000000",16.1777381896973
"PV","2026-07-24T15:00:00.000000",16.1903667449951
"PV","2026-07-24T16:00:00.000000",16.2086067199707
"PV","2026-07-24T17:00:00.000000",16.2287864685059
"PV","2026-07-24T18:00:00.000000",16.2391223907471
"PV","2026-07-24T19:00:00.000000",16.266695022583
"PV","2026-07-24T20:00:00.000000",16.2734508514404
"PV","2026-07-24T21:00:00.000000",16.2185935974121
"PV","2026-07-24T22:00:00.000000",16.1910419464111
"PV","2026-07-24T23:00:00.000000",16.2238025665283
"PV","2026-07-25T00:00:00.000000",16.2990779876709
"PV","2026-07-25T01:00:00.000000",16.5789184570312
"PV","2026-07-25T02:00:00.000000",16.6638164520264
"PV","2026-07-25T03:00:00.000000",16.6885948181152
"PV","2026-07-25T04:00:00.000000",16.713264465332
"PV","2026-07-25T05:00:00.000000",16.7387771606445
"PV","2026-07-25T06:00:00.000000",16.7468414306641
"PV","2026-07-25T07:00:00.000000",16.7601699829102
"PV","2026-07-25T08:00:00.000000",16.7493286132812
"PV","2026-07-25T09:00:00.000000",16.7474155426025
"PV","2026-07-25T10:00:00.000000",16.7577075958252
"PV","2026-07-25T11:00:00.000000",16.7560558319092
"PV","2026-07-25T12:00:00.000000",16.7564239501953
"PV","2026-07-25T13:00:00.000000",16.759765625
"PV","2026-07-25T14:00:00.000000",16.762243270874
"PV","2026-07-25T15:00:00.000000",16.7770690917969
"PV","2026-07-25T16:00:00.000000",16.8011512756348
"PV","2026-07-25T17:00:00.000000",16.8288745880127
"PV","2026-07-25T18:00:00.000000",16.8498497009277
"PV","2026-07-25T19:00:00.000000",16.8803730010986
"PV","2026-07-25T20:00:00.000000",16.9234237670898
"PV","2026-07-25T21:00:00.000000",16.9600486755371
"PV","2026-07-25T22:00:00.000000",16.98464012146
"PV","2026-07-25T23:00:00.000000",17.0054378509521
"PV","2026-07-26T00:00:00.000000",17.0317249298096
"PV","2026-07-26T01:00:00.000000",17.0864696502686
"PV","2026-07-26T02:00:00.000000",17.1347637176514
"PV","2026-07-26T03:00:00.000000",17.1627025604248
"PV","2026-07-26T04:00:00.000000",17.1896572113037
"PV","2026-07-26T05:00:00.000000",17.2152919769287
"PV","2026-07-26T06:00:00.000000",17.2410793304443
"PV","2026-07-26T07:00:00.000000",17.2410793304443
"PV","2026-07-26T08:00:00.000000",17.2410755157471
"PV","2026-07-26T09:00:00.000000",17.2410793304443
"PV","2026-07-26T10:00:00.000000",17.2510204315186
"PV","2026-07-26T11:00:00.000000",17.2509231567383
"PV","2026-07-26T12:00:00.000000",17.2485752105713
"PV","2026-07-26T13:00:00.000000",17.2494029998779
"PV","2026-07-26T14:00:00.000000",17.2491130828857
"PV","2026-07-26T15:00:00.000000",17.2489986419678
"PV","2026-07-26T16:00:00.000000",17.2655353546143
"PV","2026-07-26T17:00:00.000000",17.294303894043
"PV","2026-07-26T18:00:00.000000",17.3282527923584
"PV","2026-07-26T19:00:00.000000",17.3615608215332
"PV","2026-07-26T20:00:00.000000",17.398193359375
"PV","2026-07-26T21:00:00.000000",17.4374809265137
"PV","2026-07-26T22:00:00.000000",17.4560623168945
"PV","2026-07-26T23:00:00.000000",17.4662246704102
"PV","2026-07-27T00:00:00.000000",17.4737186431885
"PV","2026-07-27T01:00:00.000000",17.494083404541
"PV","2026-07-27T02:00:00.000000",17.5108699798584
"PV","2026-07-27T03:00:00.000000",17.521915435791
"PV","2026-07-27T04:00:00.000000",17.5354900360107
"PV","2026-07-27T05:00:00.000000",17.551441192627
"PV","2026-07-27T06:00:00.000000",17.5676860809326
"PV","2026-07-27T07:00:00.000000",17.57839012146
"PV","2026-07-27T08:00:00.000000",17.57839012146
"PV","2026-07-27T09:00:00.000000",17.5783882141113
"PV","2026-07-27T10:00:00.000000",17.5783863067627
"PV","2026-07-27T11:00:00.000000",17.5804958343506
"PV","2026-07-27T12:00:00.000000",17.5789833068848
"PV","2026-07-27T13:00:00.000000",17.5701999664307
"PV","2026-07-27T14:00:00.000000",17.563793182373
"PV","2026-07-27T15:00:00.000000",17.556360244751
"PV","2026-07-27T16:00:00.000000",17.5558052062988
"PV","2026-07-27T17:00:00.000000",17.5633029937744
"PV","2026-07-27T18:00:00.000000",17.5817909240723
"PV","2026-07-27T19:00:00.000000",17.6101169586182
"PV","2026-07-27T20:00:00.000000",17.6253337860107
"PV","2026-07-27T21:00:00.000000",17.6565799713135
"PV","2026-07-27T22:00:00.000000",17.676778793335
"PV","2026-07-27T23:00:00.000000",17.6891059875488
"PV","2026-07-28T00:00:00.000000",17.702205657959
"PV","2026-07-28T01:00:00.000000",17.7161903381348
"PV","2026-07-28T02:00:00.000000",17.7312660217285
"PV","2026-07-28T03:00:00.000000",17.7484436035156
"PV","2026-07-28T04:00:00.000000",17.7613964080811
"PV","2026-07-28T05:00:00.000000",17.7767639160156
"PV","2026-07-28T06:00:00.000000",17.7942485809326
"PV","2026-07-28T07:00:00.000000",17.8168315887451
"PV","2026-07-28T08:00:00.000000",17.8186588287354
"PV","2026-07-28T09:00:00.000000",17.8186626434326
"PV","2026-07-28T10:00:00.000000",17.8215923309326
"PV","2026-07-28T11:00:00.000000",17.8244609832764
"PV","2026-07-28T12:00:00.000000",17.8351955413818
"PV","2026-07-28T13:00:00.000000",17.8466033935547
"PV","2026-07-28T14:00:00.000000",17.8414897918701
"PV","2026-07-28T15:00:00.000000",17.8414726257324
"PV","2026-07-28T16:00:00.000000",17.8325119018555
"PV","2026-07-28T17:00:00.000000",17.8331985473633
"PV","2026-07-28T18:00:00.000000",17.8432350158691
"PV","2026-07-28T19:00:00.000000",17.8593311309814
"PV","2026-07-28T20:00:00.000000",17.8813190460205
"PV","2026-07-28T21:00:00.000000",17.897741317749
"PV","2026-07-28T22:00:00.000000",17.9003658294678
"PV","2026-07-28T23:00:00.000000",17.9163951873779
"PV","2026-07-29T00:00:00.000000",17.9296245574951
"SH","2026-07-23T00:00:00.000000",18.9864330291748
"SH","2026-07-23T01:00:00.000000",18.6289539337158
"SH","2026-07-23T02:00:00.000000",18.5916843414307
"SH","2026-07-23T03:00:00.000000",18.5481185913086
"SH","2026-07-23T04:00:00.000000",18.5823135375977
"SH","2026-07-23T05:00:00.000000",18.5659160614014
"SH","2026-07-23T06:00:00.000000",18.5647048950195
"SH","2026-07-23T07:00:00.000000",18.6090717315674
"SH","2026-07-23T08:00:00.000000",18.6761779785156
"SH","2026-07-23T09:00:00.000000",18.6930980682373
"SH","2026-07-23T10:00:00.000000",18.6908531188965
"SH","2026-07-23T11:00:00.000000",18.6950950622559
"SH","2026-07-23T12:00:00.000000",18.71142578125
"SH","2026-07-23T13:00:00.000000",18.7274169921875
"SH","2026-07-23T14:00:00.000000",18.7312107086182
"SH","2026-07-23T15:00:00.000000",18.7248439788818
"SH","2026-07-23T16:00:00.000000",18.7341156005859
"SH","2026-07-23T17:00:00.000000",18.7236042022705
"SH","2026-07-23T18:00:00.000000",18.7236042022705
"SH","2026-07-23T19:00:00.000000",18.7872123718262
"SH","2026-07-23T20:00:00.000000",18.8999996185303
"SH","2026-07-23T21:00:00.000000",18.9265251159668
"SH","2026-07-23T22:00:00.000000",18.974967956543
"SH","2026-07-23T23:00:00.000000",19.0203170776367
"SH","2026-07-24T00:00:00.000000",19.03346824646
"SH","2026-07-24T01:00:00.000000",17.2503108978271
"SH","2026-07-24T02:00:00.000000",17.1388740539551
"SH","2026-07-24T03:00:00.000000",17.2365016937256
"SH","2026-07-24T04:00:00.000000",17.1641540527344
"SH","2026-07-24T05:00:00.000000",17.193323135376
"SH","2026-07-24T06:00:00.000000",17.194185256958
"SH","2026-07-24T07:00:00.000000",17.194185256958
"SH","2026-07-24T08:00:00.000000",17.194185256958
"SH","2026-07-24T09:00:00.000000",17.0808067321777
"SH","2026-07-24T10:00:00.000000",16.9985885620117
"SH","2026-07-24T11:00:00.000000",16.92751121521
"SH","2026-07-24T12:00:00.000000",16.902925491333
"SH","2026-07-24T13:00:00.000000",16.9223556518555
"SH","2026-07-24T14:00:00.000000",16.9444694519043
"SH","2026-07-24T15:00:00.000000",17.0051956176758
"SH","2026-07-24T16:00:00.000000",17.0673713684082
"SH","2026-07-24T17:00:00.000000",17.1735553741455
"SH","2026-07-24T18:00:00.000000",17.1712074279785
"SH","2026-07-24T19:00:00.000000",17.1712074279785
"SH","2026-07-24T20:00:00.000000",17.4181270599365
"SH","2026-07-24T21:00:00.000000",17.4147243499756
"SH","2026-07-24T22:00:00.000000",17.3859443664551
"SH","2026-07-24T23:00:00.000000",17.4035816192627
"SH","2026-07-25T00:00:00.000000",17.4367237091064
"SH","2026-07-25T01:00:00.000000",17.9046382904053
"SH","2026-07-25T02:00:00.000000",17.9979705810547
"SH","2026-07-25T03:00:00.000000",18.0828247070312
"SH","2026-07-25T04:00:00.000000",18.1496715545654
"SH","2026-07-25T05:00:00.000000",18.2187976837158
"SH","2026-07-25T06:00:00.000000",18.3078670501709
"SH","2026-07-25T07:00:00.000000",18.3078670501709
"SH","2026-07-25T08:00:00.000000",18.3078670501709
"SH","2026-07-25T09:00:00.000000",18.314640045166
"SH","2026-07-25T10:00:00.000000",18.0744533538818
"SH","2026-07-25T11:00:00.000000",18.0317287445068
"SH","2026-07-25T12:00:00.000000",18.0346813201904
"SH","2026-07-25T13:00:00.000000",18.037504196167
"SH","2026-07-25T14:00:00.000000",18.047327041626
"SH","2026-07-25T15:00:00.000000",18.0386276245117
"SH","2026-07-25T16:00:00.000000",18.0777282714844
"SH","2026-07-25T17:00:00.000000",18.1342868804932
"SH","2026-07-25T18:00:00.000000",18.238697052002
"SH","2026-07-25T19:00:00.000000",18.2348880767822
"SH","2026-07-25T20:00:00.000000",18.2348880767822
"SH","2026-07-25T21:00:00.000000",18.4686431884766
"SH","2026-07-25T22:00:00.000000",18.5165386199951
"SH","2026-07-25T23:00:00.000000",18.552074432373
"SH","2026-07-26T00:00:00.000000",18.7343635559082
"SH","2026-07-26T01:00:00.000000",18.8525638580322
"SH","2026-07-26T02:00:00.000000",18.8753185272217
"SH","2026-07-26T03:00:00.000000",18.8681011199951
"SH","2026-07-26T04:00:00.000000",18.8442935943604
"SH","2026-07-26T05:00:00.000000",18.8152942657471
"SH","2026-07-26T06:00:00.000000",18.7952880859375
"SH","2026-07-26T07:00:00.000000",18.8064975738525
"SH","2026-07-26T08:00:00.000000",18.8064975738525
"SH","2026-07-26T09:00:00.000000",18.8064975738525
"SH","2026-07-26T10:00:00.000000",18.9491786956787
"SH","2026-07-26T11:00:00.000000",19.0888271331787
"SH","2026-07-26T12:00:00.000000",19.1903018951416
"SH","2026-07-26T13:00:00.000000",19.2416000366211
"SH","2026-07-26T14:00:00.000000",19.2523021697998
"SH","2026-07-26T15:00:00.000000",19.2327556610107
"SH","2026-07-26T16:00:00.000000",19.206127166748
"SH","2026-07-26T17:00:00.000000",19.2085857391357
"SH","2026-07-26T18:00:00.000000",19.2014579772949
"SH","2026-07-26T19:00:00.000000",19.1766185760498
"SH","2026-07-26T20:00:00.000000",19.1786937713623
"SH","2026-07-26T21:00:00.000000",19.1443099975586
"SH","2026-07-26T22:00:00.000000",19.2575340270996
"SH","2026-07-26T23:00:00.000000",19.432502746582
"SH","2026-07-27T00:00:00.000000",19.4661979675293
"SH","2026-07-27T01:00:00.000000",19.4529705047607
"SH","2026-07-27T02:00:00.000000",19.438009262085
"SH","2026-07-27T03:00:00.000000",19.3713436126709
"SH","2026-07-27T04:00:00.000000",19.3329887390137
"SH","2026-07-27T05:00:00.000000",19.3717765808105
"SH","2026-07-27T06:00:00.000000",19.384786605835
"SH","2026-07-27T07:00:00.000000",19.3702716827393
"SH","2026-07-27T08:00:00.000000",19.3603363037109
"SH","2026-07-27T09:00:00.000000",19.3603363037109
"SH","2026-07-27T10:00:00.000000",19.3603363037109
"SH","2026-07-27T11:00:00.000000",19.3276081085205
"SH","2026-07-27T12:00:00.000000",19.3372535705566
"SH","2026-07-27T13:00:00.000000",19.3702793121338
"SH","2026-07-27T14:00:00.000000",19.3934001922607
"SH","2026-07-27T15:00:00.000000",19.4027366638184
"SH","2026-07-27T16:00:00.000000",19.3764991760254
"SH","2026-07-27T17:00:00.000000",19.3662147521973
"SH","2026-07-27T18:00:00.000000",19.3786792755127
"SH","2026-07-27T19:00:00.000000",19.380973815918
"SH","2026-07-27T20:00:00.000000",19.3811340332031
"SH","2026-07-27T21:00:00.000000",19.3811054229736
"SH","2026-07-27T22:00:00.000000",19.381139755249
"SH","2026-07-27T23:00:00.000000",19.5503101348877
"SH","2026-07-28T00:00:00.000000",19.7164402008057
"SH","2026-07-28T01:00:00.000000",19.7360172271729
"SH","2026-07-28T02:00:00.000000",19.750617980957
"SH","2026-07-28T03:00:00.000000",19.7922763824463
"SH","2026-07-28T04:00:00.000000",19.8037776947021
"SH","2026-07-28T05:00:00.000000",19.8019371032715
"SH","2026-07-28T06:00:00.000000",19.79372215271
"SH","2026-07-28T07:00:00.000000",19.7471027374268
"SH","2026-07-28T08:00:00.000000",19.6981582641602
"SH","2026-07-28T09:00:00.000000",19.6687431335449
"SH","2026-07-28T10:00:00.000000",19.662015914917
"SH","2026-07-28T11:00:00.000000",19.662015914917
"SH","2026-07-28T12:00:00.000000",19.6951446533203
"SH","2026-07-28T13:00:00.000000",19.787389755249
"SH","2026-07-28T14:00:00.000000",19.9188232421875
"SH","2026-07-28T15:00:00.000000",20.1078472137451
"SH","2026-07-28T16:00:00.000000",20.1844692230225
"SH","2026-07-28T17:00:00.000000",20.1778717041016
"SH","2026-07-28T18:00:00.000000",20.1833324432373
"SH","2026-07-28T19:00:00.000000",20.0976543426514
"SH","2026-07-28T20:00:00.000000",20.0150604248047
"SH","2026-07-28T21:00:00.000000",19.9797420501709
"SH","2026-07-28T22:00:00.000000",19.9735889434814
"SH","2026-07-28T23:00:00.000000",19.9061470031738
"SH","2026-07-29T00:00:00.000000",20.2071132659912
"WB","2026-07-23T00:00:00.000000",17.1876029968262
"WB","2026-07-23T01:00:00.000000",16.6908092498779
"WB","2026-07-23T02:00:00.000000",16.5773582458496
"WB","2026-07-23T03:00:00.000000",16.5453796386719
"WB","2026-07-23T04:00:00.000000",16.5378532409668
"WB","2026-07-23T05:00:00.000000",16.5520343780518
"WB","2026-07-23T06:00:00.000000",16.5776786804199
"WB","2026-07-23T07:00:00.000000",16.5757427215576
"WB","2026-07-23T08:00:00.000000",16.5664024353027
"WB","2026-07-23T09:00:00.000000",16.5488834381104
"WB","2026-07-23T10:00:00.000000",16.5197124481201
"WB","2026-07-23T11:00:00.000000",16.5376834869385
"WB","2026-07-23T12:00:00.000000",16.5356998443604
"WB","2026-07-23T13:00:00.000000",16.4646625518799
"WB","2026-07-23T14:00:00.000000",16.4588928222656
"WB","2026-07-23T15:00:00.000000",16.4714965820312
"WB","2026-07-23T16:00:00.000000",16.4913654327393
"WB","2026-07-23T17:00:00.000000",16.5009479522705
"WB","2026-07-23T18:00:00.000000",16.5258293151855
"WB","2026-07-23T19:00:00.000000",16.6337375640869
"WB","2026-07-23T20:00:00.000000",16.7379741668701
"WB","2026-07-23T21:00:00.000000",16.824634552002
"WB","2026-07-23T22:00:00.000000",16.8763427734375
"WB","2026-07-23T23:00:00.000000",16.8865242004395
"WB","2026-07-24T00:00:00.000000",16.8668727874756
"WB","2026-07-24T01:00:00.000000",16.0507831573486
"WB","2026-07-24T02:00:00.000000",15.9782943725586
"WB","2026-07-24T03:00:00.000000",15.9938535690308
"WB","2026-07-24T04:00:00.000000",16.0062046051025
"WB","2026-07-24T05:00:00.000000",16.0176982879639
"WB","2026-07-24T06:00:00.000000",16.0235900878906
"WB","2026-07-24T07:00:00.000000",16.0271987915039
"WB","2026-07-24T08:00:00.000000",16.0227661132812
"WB","2026-07-24T09:00:00.000000",16.0132026672363
"WB","2026-07-24T10:00:00.000000",15.989405632019
"WB","2026-07-24T11:00:00.000000",15.9814414978027
"WB","2026-07-24T12:00:00.000000",15.9994144439697
"WB","2026-07-24T13:00:00.000000",16.0214595794678
"WB","2026-07-24T14:00:00.000000",16.0394611358643
"WB","2026-07-24T15:00:00.000000",16.0581645965576
"WB","2026-07-24T16:00:00.000000",16.0848007202148
"WB","2026-07-24T17:00:00.000000",16.1099586486816
"WB","2026-07-24T18:00:00.000000",16.1190299987793
"WB","2026-07-24T19:00:00.000000",16.1280879974365
"WB","2026-07-24T20:00:00.000000",16.1919460296631
"WB","2026-07-24T21:00:00.000000",16.3071994781494
"WB","2026-07-24T22:00:00.000000",16.3982906341553
"WB","2026-07-24T23:00:00.000000",16.4442253112793
"WB","2026-07-25T00:00:00.000000",16.452880859375
"WB","2026-07-25T01:00:00.000000",16.4323635101318
"WB","2026-07-25T02:00:00.000000",16.4041137695312
"WB","2026-07-25T03:00:00.000000",16.3935317993164
"WB","2026-07-25T04:00:00.000000",16.3918342590332
"WB","2026-07-25T05:00:00.000000",16.3974590301514
"WB","2026-07-25T06:00:00.000000",16.4044189453125
"WB","2026-07-25T07:00:00.000000",16.4093151092529
"WB","2026-07-25T08:00:00.000000",16.4142208099365
"WB","2026-07-25T09:00:00.000000",16.410551071167
"WB","2026-07-25T10:00:00.000000",16.4032230377197
"WB","2026-07-25T11:00:00.000000",16.3912048339844
"WB","2026-07-25T12:00:00.000000",16.3805465698242
"WB","2026-07-25T13:00:00.000000",16.3796558380127
"WB","2026-07-25T14:00:00.000000",16.3971900939941
"WB","2026-07-25T15:00:00.000000",16.4295463562012
"WB","2026-07-25T16:00:00.000000",16.4576015472412
"WB","2026-07-25T17:00:00.000000",16.484395980835
"WB","2026-07-25T18:00:00.000000",16.4989967346191
"WB","2026-07-25T19:00:00.000000",16.5036010742188
"WB","2026-07-25T20:00:00.000000",16.5135917663574
"WB","2026-07-25T21:00:00.000000",16.5959873199463
"WB","2026-07-25T22:00:00.000000",16.7314834594727
"WB","2026-07-25T23:00:00.000000",16.8464126586914
"WB","2026-07-26T00:00:00.000000",16.8980503082275
"WB","2026-07-26T01:00:00.000000",16.9061546325684
"WB","2026-07-26T02:00:00.000000",16.8953971862793
"WB","2026-07-26T03:00:00.000000",16.8325099945068
"WB","2026-07-26T04:00:00.000000",16.7835140228271
"WB","2026-07-26T05:00:00.000000",16.7427883148193
"WB","2026-07-26T06:00:00.000000",16.7402019500732
"WB","2026-07-26T07:00:00.000000",16.744815826416
"WB","2026-07-26T08:00:00.000000",16.7670230865479
"WB","2026-07-26T09:00:00.000000",16.8005886077881
"WB","2026-07-26T10:00:00.000000",16.8017559051514
"WB","2026-07-26T11:00:00.000000",16.7991333007812
"WB","2026-07-26T12:00:00.000000",16.7847232818604
"WB","2026-07-26T13:00:00.000000",16.7803344726562
"WB","2026-07-26T14:00:00.000000",16.7809371948242
"WB","2026-07-26T15:00:00.000000",16.7852573394775
"WB","2026-07-26T16:00:00.000000",16.8007850646973
"WB","2026-07-26T17:00:00.000000",16.8192901611328
"WB","2026-07-26T18:00:00.000000",16.8418273925781
"WB","2026-07-26T19:00:00.000000",16.8531341552734
"WB","2026-07-26T20:00:00.000000",16.8641796112061
"WB","2026-07-26T21:00:00.000000",16.9050369262695
"WB","2026-07-26T22:00:00.000000",17.0151119232178
"WB","2026-07-26T23:00:00.000000",17.1603736877441
"WB","2026-07-27T00:00:00.000000",17.2333602905273
"WB","2026-07-27T01:00:00.000000",17.2561168670654
"WB","2026-07-27T02:00:00.000000",17.2563076019287
"WB","2026-07-27T03:00:00.000000",17.2403163909912
"WB","2026-07-27T04:00:00.000000",17.2066993713379
"WB","2026-07-27T05:00:00.000000",17.150541305542
"WB","2026-07-27T06:00:00.000000",17.1336631774902
"WB","2026-07-27T07:00:00.000000",17.1391048431396
"WB","2026-07-27T08:00:00.000000",17.1434688568115
"WB","2026-07-27T09:00:00.000000",17.1584587097168
"WB","2026-07-27T10:00:00.000000",17.173267364502
"WB","2026-07-27T11:00:00.000000",17.1744213104248
"WB","2026-07-27T12:00:00.000000",17.1746215820312
"WB","2026-07-27T13:00:00.000000",17.1731338500977
"WB","2026-07-27T14:00:00.000000",17.1759719848633
"WB","2026-07-27T15:00:00.000000",17.1747131347656
"WB","2026-07-27T16:00:00.000000",17.1835975646973
"WB","2026-07-27T17:00:00.000000",17.2312316894531
"WB","2026-07-27T18:00:00.000000",17.292272567749
"WB","2026-07-27T19:00:00.000000",17.3524303436279
"WB","2026-07-27T20:00:00.000000",17.3854160308838
"WB","2026-07-27T21:00:00.000000",17.3922157287598
"WB","2026-07-27T22:00:00.000000",17.3836345672607
"WB","2026-07-27T23:00:00.000000",17.4118328094482
"WB","2026-07-28T00:00:00.000000",17.4567966461182
"WB","2026-07-28T01:00:00.000000",17.4995365142822
"WB","2026-07-28T02:00:00.000000",17.5223140716553
"WB","2026-07-28T03:00:00.000000",17.525276184082
"WB","2026-07-28T04:00:00.000000",17.5129375457764
"WB","2026-07-28T05:00:00.000000",17.5132732391357
"WB","2026-07-28T06:00:00.000000",17.5281734466553
"WB","2026-07-28T07:00:00.000000",17.5461978912354
"WB","2026-07-28T08:00:00.000000",17.5726776123047
"WB","2026-07-28T09:00:00.000000",17.584228515625
"WB","2026-07-28T10:00:00.000000",17.5807437896729
"WB","2026-07-28T11:00:00.000000",17.5678234100342
"WB","2026-07-28T12:00:00.000000",17.5565853118896
"WB","2026-07-28T13:00:00.000000",17.548978805542
"WB","2026-07-28T14:00:00.000000",17.5505123138428
"WB","2026-07-28T15:00:00.000000",17.5570735931396
"WB","2026-07-28T16:00:00.000000",17.5589580535889
"WB","2026-07-28T17:00:00.000000",17.6063041687012
"WB","2026-07-28T18:00:00.000000",17.7086315155029
"WB","2026-07-28T19:00:00.000000",17.7939262390137
"WB","2026-07-28T20:00:00.000000",17.8605327606201
"WB","2026-07-28T21:00:00.000000",17.9160385131836
"WB","2026-07-28T22:00:00.000000",17.9468116760254
"WB","2026-07-28T23:00:00.000000",17.9570331573486
"WB","2026-07-29T00:00:00.000000",17.9651012420654
"CC","2026-07-23T00:00:00.000000",23.5325527191162
"CC","2026-07-23T01:00:00.000000",22.9220638275146
"CC","2026-07-23T02:00:00.000000",22.8356342315674
"CC","2026-07-23T03:00:00.000000",22.8308067321777
"CC","2026-07-23T04:00:00.000000",22.8407459259033
"CC","2026-07-23T05:00:00.000000",22.8413887023926
"CC","2026-07-23T06:00:00.000000",22.7971572875977
"CC","2026-07-23T07:00:00.000000",22.766845703125
"CC","2026-07-23T08:00:00.000000",22.7566089630127
"CC","2026-07-23T09:00:00.000000",22.7487049102783
"CC","2026-07-23T10:00:00.000000",22.7361316680908
"CC","2026-07-23T11:00:00.000000",22.7259101867676
"CC","2026-07-23T12:00:00.000000",22.7248229980469
"CC","2026-07-23T13:00:00.000000",22.7218265533447
"CC","2026-07-23T14:00:00.000000",22.7285900115967
"CC","2026-07-23T15:00:00.000000",22.7747840881348
"CC","2026-07-23T16:00:00.000000",22.81689453125
"CC","2026-07-23T17:00:00.000000",22.8965244293213
"CC","2026-07-23T18:00:00.000000",22.9724044799805
"CC","2026-07-23T19:00:00.000000",23.0170516967773
"CC","2026-07-23T20:00:00.000000",23.0367317199707
"CC","2026-07-23T21:00:00.000000",23.0337104797363
"CC","2026-07-23T22:00:00.000000",23.021505355835
"CC","2026-07-23T23:00:00.000000",23.0029888153076
"CC","2026-07-24T00:00:00.000000",22.9729385375977
"CC","2026-07-24T01:00:00.000000",22.1239814758301
"CC","2026-07-24T02:00:00.000000",21.9934978485107
"CC","2026-07-24T03:00:00.000000",21.9785270690918
"CC","2026-07-24T04:00:00.000000",21.9675483703613
"CC","2026-07-24T05:00:00.000000",21.9591255187988
"CC","2026-07-24T06:00:00.000000",21.9459533691406
"CC","2026-07-24T07:00:00.000000",21.9302139282227
"CC","2026-07-24T08:00:00.000000",21.905876159668
"CC","2026-07-24T09:00:00.000000",21.8828201293945
"CC","2026-07-24T10:00:00.000000",21.8689270019531
"CC","2026-07-24T11:00:00.000000",21.8839340209961
"CC","2026-07-24T12:00:00.000000",21.9412117004395
"CC","2026-07-24T13:00:00.000000",22.0192527770996
"CC","2026-07-24T14:00:00.000000",22.126932144165
"CC","2026-07-24T15:00:00.000000",22.2532501220703
"CC","2026-07-24T16:00:00.000000",22.2877559661865
"CC","2026-07-24T17:00:00.000000",22.337718963623
"CC","2026-07-24T18:00:00.000000",22.4018459320068
"CC","2026-07-24T19:00:00.000000",22.4223823547363
"CC","2026-07-24T20:00:00.000000",22.4132919311523
"CC","2026-07-24T21:00:00.000000",22.3969211578369
"CC","2026-07-24T22:00:00.000000",22.3938121795654
"CC","2026-07-24T23:00:00.000000",22.3787994384766
"CC","2026-07-25T00:00:00.000000",22.3497047424316
"CC","2026-07-25T01:00:00.000000",22.7831077575684
"CC","2026-07-25T02:00:00.000000",22.8376197814941
"CC","2026-07-25T03:00:00.000000",22.8223037719727
"CC","2026-07-25T04:00:00.000000",22.8159236907959
"CC","2026-07-25T05:00:00.000000",22.8053073883057
"CC","2026-07-25T06:00:00.000000",22.7889804840088
"CC","2026-07-25T07:00:00.000000",22.7721176147461
"CC","2026-07-25T08:00:00.000000",22.7554550170898
"CC","2026-07-25T09:00:00.000000",22.7380084991455
"CC","2026-07-25T10:00:00.000000",22.7202377319336
"CC","2026-07-25T11:00:00.000000",22.730770111084
"CC","2026-07-25T12:00:00.000000",22.7864151000977
"CC","2026-07-25T13:00:00.000000",22.8561897277832
"CC","2026-07-25T14:00:00.000000",22.9580020904541
"CC","2026-07-25T15:00:00.000000",23.0816669464111
"CC","2026-07-25T16:00:00.000000",23.1499099731445
"CC","2026-07-25T17:00:00.000000",23.2339286804199
"CC","2026-07-25T18:00:00.000000",23.3296947479248
"CC","2026-07-25T19:00:00.000000",23.3955535888672
"CC","2026-07-25T20:00:00.000000",23.4328899383545
"CC","2026-07-25T21:00:00.000000",23.4437942504883
"CC","2026-07-25T22:00:00.000000",23.4510231018066
"CC","2026-07-25T23:00:00.000000",23.4281387329102
"CC","2026-07-26T00:00:00.000000",23.3747234344482
"CC","2026-07-26T01:00:00.000000",23.3711624145508
"CC","2026-07-26T02:00:00.000000",23.3614845275879
"CC","2026-07-26T03:00:00.000000",23.3456916809082
"CC","2026-07-26T04:00:00.000000",23.3274421691895
"CC","2026-07-26T05:00:00.000000",23.3093509674072
"CC","2026-07-26T06:00:00.000000",23.2914905548096
"CC","2026-07-26T07:00:00.000000",23.2722301483154
"CC","2026-07-26T08:00:00.000000",23.2517051696777
"CC","2026-07-26T09:00:00.000000",23.2313671112061
"CC","2026-07-26T10:00:00.000000",23.2108173370361
"CC","2026-07-26T11:00:00.000000",23.1957035064697
"CC","2026-07-26T12:00:00.000000",23.1951656341553
"CC","2026-07-26T13:00:00.000000",23.2175140380859
"CC","2026-07-26T14:00:00.000000",23.2619953155518
"CC","2026-07-26T15:00:00.000000",23.3276710510254
"CC","2026-07-26T16:00:00.000000",23.4050159454346
"CC","2026-07-26T17:00:00.000000",23.4823246002197
"CC","2026-07-26T18:00:00.000000",23.5572204589844
"CC","2026-07-26T19:00:00.000000",23.6261234283447
"CC","2026-07-26T20:00:00.000000",23.6791858673096
"CC","2026-07-26T21:00:00.000000",23.7116928100586
"CC","2026-07-26T22:00:00.000000",23.7307510375977
"CC","2026-07-26T23:00:00.000000",23.739595413208
"CC","2026-07-27T00:00:00.000000",23.7365913391113
"CC","2026-07-27T01:00:00.000000",23.7209911346436
"CC","2026-07-27T02:00:00.000000",23.702428817749
"CC","2026-07-27T03:00:00.000000",23.6847133636475
"CC","2026-07-27T04:00:00.000000",23.6676120758057
"CC","2026-07-27T05:00:00.000000",23.6520080566406
"CC","2026-07-27T06:00:00.000000",23.6358642578125
"CC","2026-07-27T07:00:00.000000",23.6168251037598
"CC","2026-07-27T08:00:00.000000",23.5958614349365
"CC","2026-07-27T09:00:00.000000",23.576566696167
"CC","2026-07-27T10:00:00.000000",23.5596618652344
"CC","2026-07-27T11:00:00.000000",23.5475826263428
"CC","2026-07-27T12:00:00.000000",23.5457763671875
"CC","2026-07-27T13:00:00.000000",23.5636787414551
"CC","2026-07-27T14:00:00.000000",23.6080760955811
"CC","2026-07-27T15:00:00.000000",23.675874710083
"CC","2026-07-27T16:00:00.000000",23.7630195617676
"CC","2026-07-27T17:00:00.000000",23.852560043335
"CC","2026-07-27T18:00:00.000000",23.9409675598145
"CC","2026-07-27T19:00:00.000000",24.0182189941406
"CC","2026-07-27T20:00:00.000000",24.0740966796875
"CC","2026-07-27T21:00:00.000000",24.1002597808838
"CC","2026-07-27T22:00:00.000000",24.1027545928955
"CC","2026-07-27T23:00:00.000000",24.1016635894775
"CC","2026-07-28T00:00:00.000000",24.0952243804932
"CC","2026-07-28T01:00:00.000000",24.0825462341309
"CC","2026-07-28T02:00:00.000000",24.0705718994141
"CC","2026-07-28T03:00:00.000000",24.0589618682861
"CC","2026-07-28T04:00:00.000000",24.0483875274658
"CC","2026-07-28T05:00:00.000000",24.0389537811279
"CC","2026-07-28T06:00:00.000000",24.0287017822266
"CC","2026-07-28T07:00:00.000000",24.0212459564209
"CC","2026-07-28T08:00:00.000000",24.0124797821045
"CC","2026-07-28T09:00:00.000000",24.0018825531006
"CC","2026-07-28T10:00:00.000000",23.9897422790527
"CC","2026-07-28T11:00:00.000000",23.9829559326172
"CC","2026-07-28T12:00:00.000000",23.9886875152588
"CC","2026-07-28T13:00:00.000000",24.0094833374023
"CC","2026-07-28T14:00:00.000000",24.0569915771484
"CC","2026-07-28T15:00:00.000000",24.1337337493896
"CC","2026-07-28T16:00:00.000000",24.2337684631348
"CC","2026-07-28T17:00:00.000000",24.3345775604248
"CC","2026-07-28T18:00:00.000000",24.4346332550049
"CC","2026-07-28T19:00:00.000000",24.5188884735107
"CC","2026-07-28T20:00:00.000000",24.5866622924805
"CC","2026-07-28T21:00:00.000000",24.6280117034912
"CC","2026-07-28T22:00:00.000000",24.6407299041748
"CC","2026-07-28T23:00:00.000000",24.6367034912109
"CC","2026-07-29T00:00:00.000000",24.6226711273193
"DL","2026-07-23T00:00:00.000000",22.2477684020996
"DL","2026-07-23T01:00:00.000000",22.1562690734863
"DL","2026-07-23T02:00:00.000000",22.14430809021
"DL","2026-07-23T03:00:00.000000",22.1459121704102
"DL","2026-07-23T04:00:00.000000",22.1366863250732
"DL","2026-07-23T05:00:00.000000",22.0670166015625
"DL","2026-07-23T06:00:00.000000",22.0529117584229
"DL","2026-07-23T07:00:00.000000",22.0557346343994
"DL","2026-07-23T08:00:00.000000",22.0791206359863
"DL","2026-07-23T09:00:00.000000",22.0800323486328
"DL","2026-07-23T10:00:00.000000",22.0753135681152
"DL","2026-07-23T11:00:00.000000",22.0820560455322
"DL","2026-07-23T12:00:00.000000",22.0887584686279
"DL","2026-07-23T13:00:00.000000",22.0850772857666
"DL","2026-07-23T14:00:00.000000",22.0849590301514
"DL","2026-07-23T15:00:00.000000",22.086763381958
"DL","2026-07-23T16:00:00.000000",22.0859317779541
"DL","2026-07-23T17:00:00.000000",22.086971282959
"DL","2026-07-23T18:00:00.000000",22.0906085968018
"DL","2026-07-23T19:00:00.000000",22.0880126953125
"DL","2026-07-23T20:00:00.000000",22.0741157531738
"DL","2026-07-23T21:00:00.000000",22.0593872070312
"DL","2026-07-23T22:00:00.000000",22.0800495147705
"DL","2026-07-23T23:00:00.000000",22.0715770721436
"DL","2026-07-24T00:00:00.000000",22.0620002746582
"DL","2026-07-24T01:00:00.000000",21.561653137207
"DL","2026-07-24T02:00:00.000000",21.4877166748047
"DL","2026-07-24T03:00:00.000000",21.4813957214355
"DL","2026-07-24T04:00:00.000000",21.5009651184082
"DL","2026-07-24T05:00:00.000000",21.4835910797119
"DL","2026-07-24T06:00:00.000000",21.4747982025146
"DL","2026-07-24T07:00:00.000000",21.4654121398926
"DL","2026-07-24T08:00:00.000000",21.4805011749268
"DL","2026-07-24T09:00:00.000000",21.4883937835693
"DL","2026-07-24T10:00:00.000000",21.494104385376
"DL","2026-07-24T11:00:00.000000",21.5007038116455
"DL","2026-07-24T12:00:00.000000",21.5101337432861
"DL","2026-07-24T13:00:00.000000",21.5122737884521
"DL","2026-07-24T14:00:00.000000",21.5127792358398
"DL","2026-07-24T15:00:00.000000",21.5155410766602
"DL","2026-07-24T16:00:00.000000",21.5185604095459
"DL","2026-07-24T17:00:00.000000",21.5221557617188
"DL","2026-07-24T18:00:00.000000",21.521068572998
"DL","2026-07-24T19:00:00.000000",21.510892868042
"DL","2026-07-24T20:00:00.000000",21.5150146484375
"DL","2026-07-24T21:00:00.000000",21.5236167907715
"DL","2026-07-24T22:00:00.000000",21.5421123504639
"DL","2026-07-24T23:00:00.000000",21.5394248962402
"DL","2026-07-25T00:00:00.000000",21.5367107391357
"DL","2026-07-25T01:00:00.000000",21.9543724060059
"DL","2026-07-25T02:00:00.000000",22.015308380127
"DL","2026-07-25T03:00:00.000000",22.0112037658691
"DL","2026-07-25T04:00:00.000000",22.0171718597412
"DL","2026-07-25T05:00:00.000000",22.0074062347412
"DL","2026-07-25T06:00:00.000000",22.0153503417969
"DL","2026-07-25T07:00:00.000000",22.0221118927002
"DL","2026-07-25T08:00:00.000000",22.0264511108398
"DL","2026-07-25T09:00:00.000000",22.0228290557861
"DL","2026-07-25T10:00:00.000000",22.0261306762695
"DL","2026-07-25T11:00:00.000000",22.0254535675049
"DL","2026-07-25T12:00:00.000000",22.0273571014404
"DL","2026-07-25T13:00:00.000000",22.026927947998
"DL","2026-07-25T14:00:00.000000",22.0242595672607
"DL","2026-07-25T15:00:00.000000",22.0303249359131
"DL","2026-07-25T16:00:00.000000",22.0336246490479
"DL","2026-07-25T17:00:00.000000",22.0352039337158
"DL","2026-07-25T18:00:00.000000",22.035945892334
"DL","2026-07-25T19:00:00.000000",22.0473728179932
"DL","2026-07-25T20:00:00.000000",22.0658416748047
"DL","2026-07-25T21:00:00.000000",22.0813503265381
"DL","2026-07-25T22:00:00.000000",22.0995864868164
"DL","2026-07-25T23:00:00.000000",22.111291885376
"DL","2026-07-26T00:00:00.000000",22.0821151733398
"DL","2026-07-26T01:00:00.000000",22.0841445922852
"DL","2026-07-26T02:00:00.000000",22.084135055542
"DL","2026-07-26T03:00:00.000000",22.088695526123
"DL","2026-07-26T04:00:00.000000",22.0930137634277
"DL","2026-07-26T05:00:00.000000",22.0971164703369
"DL","2026-07-26T06:00:00.000000",22.0988121032715
"DL","2026-07-26T07:00:00.000000",22.1015605926514
"DL","2026-07-26T08:00:00.000000",22.103494644165
"DL","2026-07-26T09:00:00.000000",22.1017875671387
"DL","2026-07-26T10:00:00.000000",22.1046524047852
"DL","2026-07-26T11:00:00.000000",22.1084365844727
"DL","2026-07-26T12:00:00.000000",22.1091556549072
"DL","2026-07-26T13:00:00.000000",22.1117267608643
"DL","2026-07-26T14:00:00.000000",22.1144065856934
"DL","2026-07-26T15:00:00.000000",22.1190700531006
"DL","2026-07-26T16:00:00.000000",22.1244831085205
"DL","2026-07-26T17:00:00.000000",22.1296463012695
"DL","2026-07-26T18:00:00.000000",22.1317157745361
"DL","2026-07-26T19:00:00.000000",22.135498046875
"DL","2026-07-26T20:00:00.000000",22.1434478759766
"DL","2026-07-26T21:00:00.000000",22.1500301361084
"DL","2026-07-26T22:00:00.000000",22.1581230163574
"DL","2026-07-26T23:00:00.000000",22.1740074157715
"DL","2026-07-27T00:00:00.000000",22.1774730682373
"DL","2026-07-27T01:00:00.000000",22.1667423248291
"DL","2026-07-27T02:00:00.000000",22.1659107208252
"DL","2026-07-27T03:00:00.000000",22.1674194335938
"DL","2026-07-27T04:00:00.000000",22.1691799163818
"DL","2026-07-27T05:00:00.000000",22.1697807312012
"DL","2026-07-27T06:00:00.000000",22.1688461303711
"DL","2026-07-27T07:00:00.000000",22.1698055267334
"DL","2026-07-27T08:00:00.000000",22.1732330322266
"DL","2026-07-27T09:00:00.000000",22.1764259338379
"DL","2026-07-27T10:00:00.000000",22.1776065826416
"DL","2026-07-27T11:00:00.000000",22.1749134063721
"DL","2026-07-27T12:00:00.000000",22.1703128814697
"DL","2026-07-27T13:00:00.000000",22.1656589508057
"DL","2026-07-27T14:00:00.000000",22.1666488647461
"DL","2026-07-27T15:00:00.000000",22.1690235137939
"DL","2026-07-27T16:00:00.000000",22.171516418457
"DL","2026-07-27T17:00:00.000000",22.1758308410645
"DL","2026-07-27T18:00:00.000000",22.1804599761963
"DL","2026-07-27T19:00:00.000000",22.1869373321533
"DL","2026-07-27T20:00:00.000000",22.193078994751
"DL","2026-07-27T21:00:00.000000",22.2006645202637
"DL","2026-07-27T22:00:00.000000",22.2370071411133
"DL","2026-07-27T23:00:00.000000",22.2748279571533
"DL","2026-07-28T00:00:00.000000",22.2775325775146
"DL","2026-07-28T01:00:00.000000",22.2359561920166
"DL","2026-07-28T02:00:00.000000",22.2302989959717
"DL","2026-07-28T03:00:00.000000",22.2391223907471
"DL","2026-07-28T04:00:00.000000",22.2546348571777
"DL","2026-07-28T05:00:00.000000",22.2705955505371
"DL","2026-07-28T06:00:00.000000",22.2808094024658
"DL","2026-07-28T07:00:00.000000",22.2818908691406
"DL","2026-07-28T08:00:00.000000",22.2996654510498
"DL","2026-07-28T09:00:00.000000",22.3123760223389
"DL","2026-07-28T10:00:00.000000",22.3447551727295
"DL","2026-07-28T11:00:00.000000",22.3621826171875
"DL","2026-07-28T12:00:00.000000",22.3008499145508
"DL","2026-07-28T13:00:00.000000",22.2639808654785
"DL","2026-07-28T14:00:00.000000",22.2557792663574
"DL","2026-07-28T15:00:00.000000",22.2560691833496
"DL","2026-07-28T16:00:00.000000",22.2540321350098
"DL","2026-07-28T17:00:00.000000",22.2572593688965
"DL","2026-07-28T18:00:00.000000",22.2628498077393
"DL","2026-07-28T19:00:00.000000",22.2772235870361
"DL","2026-07-28T20:00:00.000000",22.295539855957
"DL","2026-07-28T21:00:00.000000",22.4113254547119
"DL","2026-07-28T22:00:00.000000",22.5505657196045
"DL","2026-07-28T23:00:00.000000",22.6770610809326
"DL","2026-07-29T00:00:00.000000",22.6700630187988
"GB","2026-07-23T00:00:00.000000",22.8329830169678
"GB","2026-07-23T01:00:00.000000",22.3555603027344
"GB","2026-07-23T02:00:00.000000",22.2969074249268
"GB","2026-07-23T03:00:00.000000",22.3175983428955
"GB","2026-07-23T04:00:00.000000",22.3435974121094
"GB","2026-07-23T05:00:00.000000",22.3693065643311
"GB","2026-07-23T06:00:00.000000",22.346342086792
"GB","2026-07-23T07:00:00.000000",22.3423919677734
"GB","2026-07-23T08:00:00.000000",22.3453483581543
"GB","2026-07-23T09:00:00.000000",22.3530826568604
"GB","2026-07-23T10:00:00.000000",22.3606204986572
"GB","2026-07-23T11:00:00.000000",22.3522911071777
"GB","2026-07-23T12:00:00.000000",22.3826675415039
"GB","2026-07-23T13:00:00.000000",22.3488025665283
"GB","2026-07-23T14:00:00.000000",22.3349647521973
"GB","2026-07-23T15:00:00.000000",22.3590698242188
"GB","2026-07-23T16:00:00.000000",22.3852920532227
"GB","2026-07-23T17:00:00.000000",22.4077205657959
"GB","2026-07-23T18:00:00.000000",22.4338645935059
"GB","2026-07-23T19:00:00.000000",22.4479675292969
"GB","2026-07-23T20:00:00.000000",22.4770450592041
"GB","2026-07-23T21:00:00.000000",22.5015068054199
"GB","2026-07-23T22:00:00.000000",22.5138988494873
"GB","2026-07-23T23:00:00.000000",22.5125598907471
"GB","2026-07-24T00:00:00.000000",22.5681858062744
"GB","2026-07-24T01:00:00.000000",22.5556449890137
"GB","2026-07-24T02:00:00.000000",22.440336227417
"GB","2026-07-24T03:00:00.000000",22.4123497009277
"GB","2026-07-24T04:00:00.000000",22.4192562103271
"GB","2026-07-24T05:00:00.000000",22.4396362304688
"GB","2026-07-24T06:00:00.000000",22.4325618743896
"GB","2026-07-24T07:00:00.000000",22.4506568908691
"GB","2026-07-24T08:00:00.000000",22.4418334960938
"GB","2026-07-24T09:00:00.000000",22.4626483917236
"GB","2026-07-24T10:00:00.000000",22.4810924530029
"GB","2026-07-24T11:00:00.000000",22.5049591064453
"GB","2026-07-24T12:00:00.000000",22.52490234375
"GB","2026-07-24T13:00:00.000000",22.5780410766602
"GB","2026-07-24T14:00:00.000000",22.6290340423584
"GB","2026-07-24T15:00:00.000000",22.673583984375
"GB","2026-07-24T16:00:00.000000",22.7312278747559
"GB","2026-07-24T17:00:00.000000",22.7691669464111
"GB","2026-07-24T18:00:00.000000",22.8040466308594
"GB","2026-07-24T19:00:00.000000",22.8643054962158
"GB","2026-07-24T20:00:00.000000",22.9133205413818
"GB","2026-07-24T21:00:00.000000",22.8858623504639
"GB","2026-07-24T22:00:00.000000",22.885066986084
"GB","2026-07-24T23:00:00.000000",22.8788528442383
"GB","2026-07-25T00:00:00.000000",22.8459434509277
"GB","2026-07-25T01:00:00.000000",22.3890075683594
"GB","2026-07-25T02:00:00.000000",22.278190612793
"GB","2026-07-25T03:00:00.000000",22.2376041412354
"GB","2026-07-25T04:00:00.000000",22.2233963012695
"GB","2026-07-25T05:00:00.000000",22.2318859100342
"GB","2026-07-25T06:00:00.000000",22.2352104187012
"GB","2026-07-25T07:00:00.000000",22.2457675933838
"GB","2026-07-25T08:00:00.000000",22.2209720611572
"GB","2026-07-25T09:00:00.000000",22.17698097229
"GB","2026-07-25T10:00:00.000000",22.1576843261719
"GB","2026-07-25T11:00:00.000000",22.1540336608887
"GB","2026-07-25T12:00:00.000000",22.1540851593018
"GB","2026-07-25T13:00:00.000000",22.1647720336914
"GB","2026-07-25T14:00:00.000000",22.2816543579102
"GB","2026-07-25T15:00:00.000000",22.3503494262695
"GB","2026-07-25T16:00:00.000000",22.3535556793213
"GB","2026-07-25T17:00:00.000000",22.3862171173096
"GB","2026-07-25T18:00:00.000000",22.4302024841309
"GB","2026-07-25T19:00:00.000000",22.4785556793213
"GB","2026-07-25T20:00:00.000000",22.5315227508545
"GB","2026-07-25T21:00:00.000000",22.5512733459473
"GB","2026-07-25T22:00:00.000000",22.5032825469971
"GB","2026-07-25T23:00:00.000000",22.4755973815918
"GB","2026-07-26T00:00:00.000000",22.4417285919189
"GB","2026-07-26T01:00:00.000000",22.4072113037109
"GB","2026-07-26T02:00:00.000000",22.4720783233643
"GB","2026-07-26T03:00:00.000000",22.445556640625
"GB","2026-07-26T04:00:00.000000",22.3956508636475
"GB","2026-07-26T05:00:00.000000",22.3845272064209
"GB","2026-07-26T06:00:00.000000",22.3929347991943
"GB","2026-07-26T07:00:00.000000",22.391414642334
"GB","2026-07-26T08:00:00.000000",22.3873844146729
"GB","2026-07-26T09:00:00.000000",22.4320182800293
"GB","2026-07-26T10:00:00.000000",22.4452323913574
"GB","2026-07-26T11:00:00.000000",22.4590282440186
"GB","2026-07-26T12:00:00.000000",22.4738616943359
"GB","2026-07-26T13:00:00.000000",22.5080013275146
"GB","2026-07-26T14:00:00.000000",22.559362411499
"GB","2026-07-26T15:00:00.000000",22.5904560089111
"GB","2026-07-26T16:00:00.000000",22.6474170684814
"GB","2026-07-26T17:00:00.000000",22.6746025085449
"GB","2026-07-26T18:00:00.000000",22.722677230835
"GB","2026-07-26T19:00:00.000000",22.7790145874023
"GB","2026-07-26T20:00:00.000000",22.8181018829346
"GB","2026-07-26T21:00:00.000000",22.8785667419434
"GB","2026-07-26T22:00:00.000000",22.9458847045898
"GB","2026-07-26T23:00:00.000000",22.9537258148193
"GB","2026-07-27T00:00:00.000000",22.9537220001221
"GB","2026-07-27T01:00:00.000000",22.950647354126
"GB","2026-07-27T02:00:00.000000",22.9327068328857
"GB","2026-07-27T03:00:00.000000",22.9518184661865
"GB","2026-07-27T04:00:00.000000",22.9236888885498
"GB","2026-07-27T05:00:00.000000",22.9207820892334
"GB","2026-07-27T06:00:00.000000",22.9277973175049
"GB","2026-07-27T07:00:00.000000",22.9419555664062
"GB","2026-07-27T08:00:00.000000",22.9559879302979
"GB","2026-07-27T09:00:00.000000",23.016752243042
"GB","2026-07-27T10:00:00.000000",22.9857597351074
"GB","2026-07-27T11:00:00.000000",22.9456787109375
"GB","2026-07-27T12:00:00.000000",22.9284362792969
"GB","2026-07-27T13:00:00.000000",22.9264278411865
"GB","2026-07-27T14:00:00.000000",22.9396228790283
"GB","2026-07-27T15:00:00.000000",22.9647693634033
"GB","2026-07-27T16:00:00.000000",23.0815258026123
"GB","2026-07-27T17:00:00.000000",23.1496810913086
"GB","2026-07-27T18:00:00.000000",23.2029304504395
"GB","2026-07-27T19:00:00.000000",23.2867965698242
"GB","2026-07-27T20:00:00.000000",23.3784332275391
"GB","2026-07-27T21:00:00.000000",23.4503498077393
"GB","2026-07-27T22:00:00.000000",23.4809894561768
"GB","2026-07-27T23:00:00.000000",23.3733234405518
"GB","2026-07-28T00:00:00.000000",23.3308620452881
"GB","2026-07-28T01:00:00.000000",23.2949447631836
"GB","2026-07-28T02:00:00.000000",23.2678279876709
"GB","2026-07-28T03:00:00.000000",23.2317810058594
"GB","2026-07-28T04:00:00.000000",23.2880096435547
"GB","2026-07-28T05:00:00.000000",23.265495300293
"GB","2026-07-28T06:00:00.000000",23.2656402587891
"GB","2026-07-28T07:00:00.000000",23.2980880737305
"GB","2026-07-28T08:00:00.000000",23.3239574432373
"GB","2026-07-28T09:00:00.000000",23.3322525024414
"GB","2026-07-28T10:00:00.000000",23.3904075622559
"GB","2026-07-28T11:00:00.000000",23.2878570556641
"GB","2026-07-28T12:00:00.000000",23.2655181884766
"GB","2026-07-28T13:00:00.000000",23.2605991363525
"GB","2026-07-28T14:00:00.000000",23.2806243896484
"GB","2026-07-28T15:00:00.000000",23.3084011077881
"GB","2026-07-28T16:00:00.000000",23.3849811553955
"GB","2026-07-28T17:00:00.000000",23.5340576171875
"GB","2026-07-28T18:00:00.000000",23.5377769470215
"GB","2026-07-28T19:00:00.000000",23.5747966766357
"GB","2026-07-28T20:00:00.000000",23.6575603485107
"GB","2026-07-28T21:00:00.000000",23.7352447509766
"GB","2026-07-28T22:00:00.000000",23.8023643493652
"GB","2026-07-28T23:00:00.000000",23.7184238433838
"GB","2026-07-29T00:00:00.000000",23.6439933776855
"LI","2026-07-23T00:00:00.000000",23.2782039642334
"LI","2026-07-23T01:00:00.000000",23.1971092224121
"LI","2026-07-23T02:00:00.000000",23.1946353912354
"LI","2026-07-23T03:00:00.000000",23.1991024017334
"LI","2026-07-23T04:00:00.000000",23.1954879760742
"LI","2026-07-23T05:00:00.000000",23.1977500915527
"LI","2026-07-23T06:00:00.000000",23.1421318054199
"LI","2026-07-23T07:00:00.000000",23.1319789886475
"LI","2026-07-23T08:00:00.000000",23.1027755737305
"LI","2026-07-23T09:00:00.000000",23.0874710083008
"LI","2026-07-23T10:00:00.000000",23.0648059844971
"LI","2026-07-23T11:00:00.000000",23.0522022247314
"LI","2026-07-23T12:00:00.000000",23.0420455932617
"LI","2026-07-23T13:00:00.000000",23.0343742370605
"LI","2026-07-23T14:00:00.000000",23.0231304168701
"LI","2026-07-23T15:00:00.000000",23.065731048584
"LI","2026-07-23T16:00:00.000000",23.0639381408691
"LI","2026-07-23T17:00:00.000000",23.0830593109131
"LI","2026-07-23T18:00:00.000000",23.122241973877
"LI","2026-07-23T19:00:00.000000",23.1222686767578
"LI","2026-07-23T20:00:00.000000",23.1341648101807
"LI","2026-07-23T21:00:00.000000",23.1563301086426
"LI","2026-07-23T22:00:00.000000",23.1978435516357
"LI","2026-07-23T23:00:00.000000",23.2369861602783
"LI","2026-07-24T00:00:00.000000",23.2178764343262
"LI","2026-07-24T01:00:00.000000",22.1956882476807
"LI","2026-07-24T02:00:00.000000",22.0161247253418
"LI","2026-07-24T03:00:00.000000",22.0505542755127
"LI","2026-07-24T04:00:00.000000",22.0142250061035
"LI","2026-07-24T05:00:00.000000",21.9963932037354
"LI","2026-07-24T06:00:00.000000",21.9663677215576
"LI","2026-07-24T07:00:00.000000",21.9973678588867
"LI","2026-07-24T08:00:00.000000",21.9875869750977
"LI","2026-07-24T09:00:00.000000",21.96897315979
"LI","2026-07-24T10:00:00.000000",21.9313793182373
"LI","2026-07-24T11:00:00.000000",21.9316253662109
"LI","2026-07-24T12:00:00.000000",21.9158306121826
"LI","2026-07-24T13:00:00.000000",21.9262027740479
"LI","2026-07-24T14:00:00.000000",22.020378112793
"LI","2026-07-24T15:00:00.000000",22.1545372009277
"LI","2026-07-24T16:00:00.000000",22.1826057434082
"LI","2026-07-24T17:00:00.000000",22.1831474304199
"LI","2026-07-24T18:00:00.000000",22.2554550170898
"LI","2026-07-24T19:00:00.000000",22.2691459655762
"LI","2026-07-24T20:00:00.000000",22.2022914886475
"LI","2026-07-24T21:00:00.000000",22.0782585144043
"LI","2026-07-24T22:00:00.000000",22.0631809234619
"LI","2026-07-24T23:00:00.000000",22.1402568817139
"LI","2026-07-25T00:00:00.000000",22.192964553833
"LI","2026-07-25T01:00:00.000000",22.8724117279053
"LI","2026-07-25T02:00:00.000000",22.9420280456543
"LI","2026-07-25T03:00:00.000000",22.9429702758789
"LI","2026-07-25T04:00:00.000000",22.8927326202393
"LI","2026-07-25T05:00:00.000000",22.8499279022217
"LI","2026-07-25T06:00:00.000000",22.8421211242676
"LI","2026-07-25T07:00:00.000000",22.8774547576904
"LI","2026-07-25T08:00:00.000000",22.8958721160889
"LI","2026-07-25T09:00:00.000000",22.8847732543945
"LI","2026-07-25T10:00:00.000000",22.8354301452637
"LI","2026-07-25T11:00:00.000000",22.8351306915283
"LI","2026-07-25T12:00:00.000000",22.8242568969727
"LI","2026-07-25T13:00:00.000000",22.8069152832031
"LI","2026-07-25T14:00:00.000000",22.8513965606689
"LI","2026-07-25T15:00:00.000000",22.9784488677979
"LI","2026-07-25T16:00:00.000000",22.9902801513672
"LI","2026-07-25T17:00:00.000000",22.9884357452393
"LI","2026-07-25T18:00:00.000000",23.0687694549561
"LI","2026-07-25T19:00:00.000000",23.1842651367188
"LI","2026-07-25T20:00:00.000000",23.177303314209
"LI","2026-07-25T21:00:00.000000",23.1153011322021
"LI","2026-07-25T22:00:00.000000",23.1092662811279
"LI","2026-07-25T23:00:00.000000",23.1548099517822
"LI","2026-07-26T00:00:00.000000",23.1919803619385
"LI","2026-07-26T01:00:00.000000",23.280834197998
"LI","2026-07-26T02:00:00.000000",23.2802906036377
"LI","2026-07-26T03:00:00.000000",23.2652454376221
"LI","2026-07-26T04:00:00.000000",23.2444705963135
"LI","2026-07-26T05:00:00.000000",23.2291526794434
"LI","2026-07-26T06:00:00.000000",23.2114849090576
"LI","2026-07-26T07:00:00.000000",23.1867408752441
"LI","2026-07-26T08:00:00.000000",23.153959274292
"LI","2026-07-26T09:00:00.000000",23.1480903625488
"LI","2026-07-26T10:00:00.000000",23.1508102416992
"LI","2026-07-26T11:00:00.000000",23.1471462249756
"LI","2026-07-26T12:00:00.000000",23.1418418884277
"LI","2026-07-26T13:00:00.000000",23.120756149292
"LI","2026-07-26T14:00:00.000000",23.1227779388428
"LI","2026-07-26T15:00:00.000000",23.1798419952393
"LI","2026-07-26T16:00:00.000000",23.2475833892822
"LI","2026-07-26T17:00:00.000000",23.3061923980713
"LI","2026-07-26T18:00:00.000000",23.3385372161865
"LI","2026-07-26T19:00:00.000000",23.345401763916
"LI","2026-07-26T20:00:00.000000",23.3782196044922
"LI","2026-07-26T21:00:00.000000",23.3903141021729
"LI","2026-07-26T22:00:00.000000",23.3475894927979
"LI","2026-07-26T23:00:00.000000",23.3242874145508
"LI","2026-07-27T00:00:00.000000",23.3265857696533
"LI","2026-07-27T01:00:00.000000",23.3744087219238
"LI","2026-07-27T02:00:00.000000",23.4258270263672
"LI","2026-07-27T03:00:00.000000",23.4513893127441
"LI","2026-07-27T04:00:00.000000",23.4543933868408
"LI","2026-07-27T05:00:00.000000",23.4456920623779
"LI","2026-07-27T06:00:00.000000",23.4342079162598
"LI","2026-07-27T07:00:00.000000",23.4202995300293
"LI","2026-07-27T08:00:00.000000",23.3912010192871
"LI","2026-07-27T09:00:00.000000",23.37864112854
"LI","2026-07-27T10:00:00.000000",23.3924198150635
"LI","2026-07-27T11:00:00.000000",23.4044342041016
"LI","2026-07-27T12:00:00.000000",23.413028717041
"LI","2026-07-27T13:00:00.000000",23.4189548492432
"LI","2026-07-27T14:00:00.000000",23.4340782165527
"LI","2026-07-27T15:00:00.000000",23.4789276123047
"LI","2026-07-27T16:00:00.000000",23.5609188079834
"LI","2026-07-27T17:00:00.000000",23.6568851470947
"LI","2026-07-27T18:00:00.000000",23.7076854705811
"LI","2026-07-27T19:00:00.000000",23.7071971893311
"LI","2026-07-27T20:00:00.000000",23.7647190093994
"LI","2026-07-27T21:00:00.000000",23.7930297851562
"LI","2026-07-27T22:00:00.000000",23.7492389678955
"LI","2026-07-27T23:00:00.000000",23.724292755127
"LI","2026-07-28T00:00:00.000000",23.7043476104736
"LI","2026-07-28T01:00:00.000000",23.6987419128418
"LI","2026-07-28T02:00:00.000000",23.691478729248
"LI","2026-07-28T03:00:00.000000",23.6859188079834
"LI","2026-07-28T04:00:00.000000",23.6919002532959
"LI","2026-07-28T05:00:00.000000",23.6871757507324
"LI","2026-07-28T06:00:00.000000",23.6783180236816
"LI","2026-07-28T07:00:00.000000",23.6723251342773
"LI","2026-07-28T08:00:00.000000",23.6638469696045
"LI","2026-07-28T09:00:00.000000",23.6562347412109
"LI","2026-07-28T10:00:00.000000",23.6715145111084
"LI","2026-07-28T11:00:00.000000",23.6929416656494
"LI","2026-07-28T12:00:00.000000",23.7087955474854
"LI","2026-07-28T13:00:00.000000",23.7269268035889
"LI","2026-07-28T14:00:00.000000",23.7613868713379
"LI","2026-07-28T15:00:00.000000",23.8069305419922
"LI","2026-07-28T16:00:00.000000",23.8884391784668
"LI","2026-07-28T17:00:00.000000",23.9813747406006
"LI","2026-07-28T18:00:00.000000",24.069845199585
"LI","2026-07-28T19:00:00.000000",24.1097946166992
"LI","2026-07-28T20:00:00.000000",24.1302490234375
"LI","2026-07-28T21:00:00.000000",24.1606674194336
"LI","2026-07-28T22:00:00.000000",24.163537979126
"LI","2026-07-28T23:00:00.000000",24.1713218688965
"LI","2026-07-29T00:00:00.000000",24.1812686920166
"OB","2026-07-23T00:00:00.000000",21.613151550293
"OB","2026-07-23T01:00:00.000000",21.9539260864258
"OB","2026-07-23T02:00:00.000000",22.0141830444336
"OB","2026-07-23T03:00:00.000000",22.0256977081299
"OB","2026-07-23T04:00:00.000000",22.0325546264648
"OB","2026-07-23T05:00:00.000000",22.0255928039551
"OB","2026-07-23T06:00:00.000000",22.0134773254395
"OB","2026-07-23T07:00:00.000000",22.0069007873535
"OB","2026-07-23T08:00:00.000000",21.9988956451416
"OB","2026-07-23T09:00:00.000000",21.9994163513184
"OB","2026-07-23T10:00:00.000000",22.0011234283447
"OB","2026-07-23T11:00:00.000000",22.0021991729736
"OB","2026-07-23T12:00:00.000000",22.0085487365723
"OB","2026-07-23T13:00:00.000000",22.0154781341553
"OB","2026-07-23T14:00:00.000000",22.0198841094971
"OB","2026-07-23T15:00:00.000000",22.0222511291504
"OB","2026-07-23T16:00:00.000000",22.0257949829102
"OB","2026-07-23T17:00:00.000000",22.0277481079102
"OB","2026-07-23T18:00:00.000000",22.0271739959717
"OB","2026-07-23T19:00:00.000000",22.0121879577637
"OB","2026-07-23T20:00:00.000000",21.9550151824951
"OB","2026-07-23T21:00:00.000000",21.9251956939697
"OB","2026-07-23T22:00:00.000000",21.8764095306396
"OB","2026-07-23T23:00:00.000000",21.915132522583
"OB","2026-07-24T00:00:00.000000",21.9563255310059
"OB","2026-07-24T01:00:00.000000",20.5475959777832
"OB","2026-07-24T02:00:00.000000",20.3541069030762
"OB","2026-07-24T03:00:00.000000",20.3490238189697
"OB","2026-07-24T04:00:00.000000",20.397439956665
"OB","2026-07-24T05:00:00.000000",20.4241561889648
"OB","2026-07-24T06:00:00.000000",20.4422645568848
"OB","2026-07-24T07:00:00.000000",20.3902893066406
"OB","2026-07-24T08:00:00.000000",20.3391151428223
"OB","2026-07-24T09:00:00.000000",20.3067398071289
"OB","2026-07-24T10:00:00.000000",20.3370113372803
"OB","2026-07-24T11:00:00.000000",20.3286361694336
"OB","2026-07-24T12:00:00.000000",20.3474464416504
"OB","2026-07-24T13:00:00.000000",20.3787670135498
"OB","2026-07-24T14:00:00.000000",20.4053897857666
"OB","2026-07-24T15:00:00.000000",20.41628074646
"OB","2026-07-24T16:00:00.000000",20.4212799072266
"OB","2026-07-24T17:00:00.000000",20.4257831573486
"OB","2026-07-24T18:00:00.000000",20.4308490753174
"OB","2026-07-24T19:00:00.000000",20.4210071563721
"OB","2026-07-24T20:00:00.000000",20.3531227111816
"OB","2026-07-24T21:00:00.000000",20.0479373931885
"OB","2026-07-24T22:00:00.000000",19.8238868713379
"OB","2026-07-24T23:00:00.000000",19.7888164520264
"OB","2026-07-25T00:00:00.000000",19.9891262054443
"OB","2026-07-25T01:00:00.000000",21.2206115722656
"OB","2026-07-25T02:00:00.000000",21.4308319091797
"OB","2026-07-25T03:00:00.000000",21.4692459106445
"OB","2026-07-25T04:00:00.000000",21.5512237548828
"OB","2026-07-25T05:00:00.000000",21.6142768859863
"OB","2026-07-25T06:00:00.000000",21.6550197601318
"OB","2026-07-25T07:00:00.000000",21.6091976165771
"OB","2026-07-25T08:00:00.000000",21.52321434021
"OB","2026-07-25T09:00:00.000000",21.4605693817139
"OB","2026-07-25T10:00:00.000000",21.4996395111084
"OB","2026-07-25T11:00:00.000000",21.4426155090332
"OB","2026-07-25T12:00:00.000000",21.4493999481201
"OB","2026-07-25T13:00:00.000000",21.4999504089355
"OB","2026-07-25T14:00:00.000000",21.5417613983154
"OB","2026-07-25T15:00:00.000000",21.5613613128662
"OB","2026-07-25T16:00:00.000000",21.5617427825928
"OB","2026-07-25T17:00:00.000000",21.5799980163574
"OB","2026-07-25T18:00:00.000000",21.594690322876
"OB","2026-07-25T19:00:00.000000",21.5954513549805
"OB","2026-07-25T20:00:00.000000",21.5489406585693
"OB","2026-07-25T21:00:00.000000",21.3870086669922
"OB","2026-07-25T22:00:00.000000",21.1736316680908
"OB","2026-07-25T23:00:00.000000",21.0991191864014
"OB","2026-07-26T00:00:00.000000",21.0755023956299
"OB","2026-07-26T01:00:00.000000",21.1709442138672
"OB","2026-07-26T02:00:00.000000",21.247200012207
"OB","2026-07-26T03:00:00.000000",21.3084335327148
"OB","2026-07-26T04:00:00.000000",21.3586597442627
"OB","2026-07-26T05:00:00.000000",21.3664989471436
"OB","2026-07-26T06:00:00.000000",21.4527645111084
"OB","2026-07-26T07:00:00.000000",21.4561748504639
"OB","2026-07-26T08:00:00.000000",21.4458026885986
"OB","2026-07-26T09:00:00.000000",21.3640956878662
"OB","2026-07-26T10:00:00.000000",21.3225288391113
"OB","2026-07-26T11:00:00.000000",21.2527542114258
"OB","2026-07-26T12:00:00.000000",21.2911701202393
"OB","2026-07-26T13:00:00.000000",21.2856941223145
"OB","2026-07-26T14:00:00.000000",21.3697032928467
"OB","2026-07-26T15:00:00.000000",21.4044494628906
"OB","2026-07-26T16:00:00.000000",21.4263648986816
"OB","2026-07-26T17:00:00.000000",21.4275398254395
"OB","2026-07-26T18:00:00.000000",21.4219570159912
"OB","2026-07-26T19:00:00.000000",21.4503364562988
"OB","2026-07-26T20:00:00.000000",21.4171714782715
"OB","2026-07-26T21:00:00.000000",21.3317241668701
"OB","2026-07-26T22:00:00.000000",21.1722011566162
"OB","2026-07-26T23:00:00.000000",21.0583400726318
"OB","2026-07-27T00:00:00.000000",21.0362491607666
"OB","2026-07-27T01:00:00.000000",21.0495758056641
"OB","2026-07-27T02:00:00.000000",21.1467571258545
"OB","2026-07-27T03:00:00.000000",21.2173671722412
"OB","2026-07-27T04:00:00.000000",21.2749824523926
"OB","2026-07-27T05:00:00.000000",21.3136425018311
"OB","2026-07-27T06:00:00.000000",21.3577861785889
"OB","2026-07-27T07:00:00.000000",21.3883724212646
"OB","2026-07-27T08:00:00.000000",21.3975372314453
"OB","2026-07-27T09:00:00.000000",21.3590564727783
"OB","2026-07-27T10:00:00.000000",21.3075160980225
"OB","2026-07-27T11:00:00.000000",21.2459011077881
"OB","2026-07-27T12:00:00.000000",21.2299041748047
"OB","2026-07-27T13:00:00.000000",21.2476234436035
"OB","2026-07-27T14:00:00.000000",21.2604961395264
"OB","2026-07-27T15:00:00.000000",21.325475692749
"OB","2026-07-27T16:00:00.000000",21.3581371307373
"OB","2026-07-27T17:00:00.000000",21.3676891326904
"OB","2026-07-27T18:00:00.000000",21.3680725097656
"OB","2026-07-27T19:00:00.000000",21.3832225799561
"OB","2026-07-27T20:00:00.000000",21.372730255127
"OB","2026-07-27T21:00:00.000000",21.3391990661621
"OB","2026-07-27T22:00:00.000000",21.1497707366943
"OB","2026-07-27T23:00:00.000000",20.946044921875
"OB","2026-07-28T00:00:00.000000",20.9194927215576
"OB","2026-07-28T01:00:00.000000",20.947229385376
"OB","2026-07-28T02:00:00.000000",20.9986476898193
"OB","2026-07-28T03:00:00.000000",21.0989665985107
"OB","2026-07-28T04:00:00.000000",21.1909732818604
"OB","2026-07-28T05:00:00.000000",21.2585220336914
"OB","2026-07-28T06:00:00.000000",21.3054618835449
"OB","2026-07-28T07:00:00.000000",21.3366928100586
"OB","2026-07-28T08:00:00.000000",21.3804683685303
"OB","2026-07-28T09:00:00.000000",21.3629627227783
"OB","2026-07-28T10:00:00.000000",21.2935066223145
"OB","2026-07-28T11:00:00.000000",21.2090282440186
"OB","2026-07-28T12:00:00.000000",21.1398792266846
"OB","2026-07-28T13:00:00.000000",21.2056713104248
"OB","2026-07-28T14:00:00.000000",21.2025890350342
"OB","2026-07-28T15:00:00.000000",21.2627124786377
"OB","2026-07-28T16:00:00.000000",21.3185691833496
"OB","2026-07-28T17:00:00.000000",21.3614540100098
"OB","2026-07-28T18:00:00.000000",21.3681125640869
"OB","2026-07-28T19:00:00.000000",21.3598918914795
"OB","2026-07-28T20:00:00.000000",21.3290615081787
"OB","2026-07-28T21:00:00.000000",21.3196506500244
"OB","2026-07-28T22:00:00.000000",21.2344398498535
"OB","2026-07-28T23:00:00.000000",21.1245822906494
"OB","2026-07-29T00:00:00.000000",21.1112842559814
"WC","2026-07-23T00:00:00.000000",22.3388233184814
"WC","2026-07-23T01:00:00.000000",21.9303321838379
"WC","2026-07-23T02:00:00.000000",21.8506393432617
"WC","2026-07-23T03:00:00.000000",21.8400707244873
"WC","2026-07-23T04:00:00.000000",21.9351196289062
"WC","2026-07-23T05:00:00.000000",22.1133785247803
"WC","2026-07-23T06:00:00.000000",22.3706035614014
"WC","2026-07-23T07:00:00.000000",22.4222469329834
"WC","2026-07-23T08:00:00.000000",22.4477558135986
"WC","2026-07-23T09:00:00.000000",22.4458599090576
"WC","2026-07-23T10:00:00.000000",22.4424114227295
"WC","2026-07-23T11:00:00.000000",22.3883895874023
"WC","2026-07-23T12:00:00.000000",22.1466846466064
"WC","2026-07-23T13:00:00.000000",21.9997844696045
"WC","2026-07-23T14:00:00.000000",21.9992694854736
"WC","2026-07-23T15:00:00.000000",21.997537612915
"WC","2026-07-23T16:00:00.000000",22.0160694122314
"WC","2026-07-23T17:00:00.000000",22.115140914917
"WC","2026-07-23T18:00:00.000000",22.3401699066162
"WC","2026-07-23T19:00:00.000000",22.5102977752686
"WC","2026-07-23T20:00:00.000000",22.6063976287842
"WC","2026-07-23T21:00:00.000000",22.5855007171631
"WC","2026-07-23T22:00:00.000000",22.5769100189209
"WC","2026-07-23T23:00:00.000000",22.5698261260986
"WC","2026-07-24T00:00:00.000000",22.4432010650635
"WC","2026-07-24T01:00:00.000000",20.4001045227051
"WC","2026-07-24T02:00:00.000000",20.0793952941895
"WC","2026-07-24T03:00:00.000000",20.0655345916748
"WC","2026-07-24T04:00:00.000000",20.0465412139893
"WC","2026-07-24T05:00:00.000000",20.2296733856201
"WC","2026-07-24T06:00:00.000000",20.4680957794189
"WC","2026-07-24T07:00:00.000000",20.715087890625
"WC","2026-07-24T08:00:00.000000",20.8811798095703
"WC","2026-07-24T09:00:00.000000",20.9367065429688
"WC","2026-07-24T10:00:00.000000",20.9333915710449
"WC","2026-07-24T11:00:00.000000",20.9515819549561
"WC","2026-07-24T12:00:00.000000",20.8561611175537
"WC","2026-07-24T13:00:00.000000",20.561861038208
"WC","2026-07-24T14:00:00.000000",20.3484630584717
"WC","2026-07-24T15:00:00.000000",20.2914085388184
"WC","2026-07-24T16:00:00.000000",20.2849578857422
"WC","2026-07-24T17:00:00.000000",20.3904991149902
"WC","2026-07-24T18:00:00.000000",20.7300205230713
"WC","2026-07-24T19:00:00.000000",21.016975402832
"WC","2026-07-24T20:00:00.000000",21.3407955169678
"WC","2026-07-24T21:00:00.000000",21.4069213867188
"WC","2026-07-24T22:00:00.000000",21.4258766174316
"WC","2026-07-24T23:00:00.000000",21.4156112670898
"WC","2026-07-25T00:00:00.000000",21.3904800415039
"WC","2026-07-25T01:00:00.000000",21.8179092407227
"WC","2026-07-25T02:00:00.000000",21.7998580932617
"WC","2026-07-25T03:00:00.000000",21.7729606628418
"WC","2026-07-25T04:00:00.000000",21.7829685211182
"WC","2026-07-25T05:00:00.000000",21.7787685394287
"WC","2026-07-25T06:00:00.000000",21.9279079437256
"WC","2026-07-25T07:00:00.000000",21.9317092895508
"WC","2026-07-25T08:00:00.000000",22.0244731903076
"WC","2026-07-25T09:00:00.000000",22.107982635498
"WC","2026-07-25T10:00:00.000000",22.1428356170654
"WC","2026-07-25T11:00:00.000000",22.165075302124
"WC","2026-07-25T12:00:00.000000",22.1688385009766
"WC","2026-07-25T13:00:00.000000",22.1419162750244
"WC","2026-07-25T14:00:00.000000",21.9949741363525
"WC","2026-07-25T15:00:00.000000",21.9327869415283
"WC","2026-07-25T16:00:00.000000",21.9050693511963
"WC","2026-07-25T17:00:00.000000",21.8829307556152
"WC","2026-07-25T18:00:00.000000",21.9076728820801
"WC","2026-07-25T19:00:00.000000",22.1579818725586
"WC","2026-07-25T20:00:00.000000",22.468656539917
"WC","2026-07-25T21:00:00.000000",22.6830730438232
"WC","2026-07-25T22:00:00.000000",22.7719058990479
"WC","2026-07-25T23:00:00.000000",22.7574710845947
"WC","2026-07-26T00:00:00.000000",22.7524070739746
"WC","2026-07-26T01:00:00.000000",22.7117214202881
"WC","2026-07-26T02:00:00.000000",22.4944190979004
"WC","2026-07-26T03:00:00.000000",22.2827816009521
"WC","2026-07-26T04:00:00.000000",22.2856330871582
"WC","2026-07-26T05:00:00.000000",22.2801723480225
"WC","2026-07-26T06:00:00.000000",22.2465362548828
"WC","2026-07-26T07:00:00.000000",22.4910488128662
"WC","2026-07-26T08:00:00.000000",22.5090827941895
"WC","2026-07-26T09:00:00.000000",22.5860576629639
"WC","2026-07-26T10:00:00.000000",22.690357208252
"WC","2026-07-26T11:00:00.000000",22.7540340423584
"WC","2026-07-26T12:00:00.000000",22.7521343231201
"WC","2026-07-26T13:00:00.000000",22.7675914764404
"WC","2026-07-26T14:00:00.000000",22.6949787139893
"WC","2026-07-26T15:00:00.000000",22.5098762512207
"WC","2026-07-26T16:00:00.000000",22.4248332977295
"WC","2026-07-26T17:00:00.000000",22.4108543395996
"WC","2026-07-26T18:00:00.000000",22.4050025939941
"WC","2026-07-26T19:00:00.000000",22.4158763885498
"WC","2026-07-26T20:00:00.000000",22.5540409088135
"WC","2026-07-26T21:00:00.000000",22.9119167327881
"WC","2026-07-26T22:00:00.000000",23.2166881561279
"WC","2026-07-26T23:00:00.000000",23.2677555084229
"WC","2026-07-27T00:00:00.000000",23.2546787261963
"WC","2026-07-27T01:00:00.000000",23.2509288787842
"WC","2026-07-27T02:00:00.000000",23.2174224853516
"WC","2026-07-27T03:00:00.000000",22.8109359741211
"WC","2026-07-27T04:00:00.000000",22.4764862060547
"WC","2026-07-27T05:00:00.000000",22.3853740692139
"WC","2026-07-27T06:00:00.000000",22.3598003387451
"WC","2026-07-27T07:00:00.000000",22.3657417297363
"WC","2026-07-27T08:00:00.000000",22.4411926269531
"WC","2026-07-27T09:00:00.000000",22.541109085083
"WC","2026-07-27T10:00:00.000000",22.8912258148193
"WC","2026-07-27T11:00:00.000000",23.0873317718506
"WC","2026-07-27T12:00:00.000000",23.1271514892578
"WC","2026-07-27T13:00:00.000000",23.1021270751953
"WC","2026-07-27T14:00:00.000000",23.0978832244873
"WC","2026-07-27T15:00:00.000000",22.9089813232422
"WC","2026-07-27T16:00:00.000000",22.542407989502
"WC","2026-07-27T17:00:00.000000",22.4214134216309
"WC","2026-07-27T18:00:00.000000",22.3864650726318
"WC","2026-07-27T19:00:00.000000",22.3883266448975
"WC","2026-07-27T20:00:00.000000",22.5983047485352
"WC","2026-07-27T21:00:00.000000",22.9657440185547
"WC","2026-07-27T22:00:00.000000",23.3997783660889
"WC","2026-07-27T23:00:00.000000",23.5944271087646
"WC","2026-07-28T00:00:00.000000",23.6225433349609
"WC","2026-07-28T01:00:00.000000",23.609411239624
"WC","2026-07-28T02:00:00.000000",23.6028423309326
"WC","2026-07-28T03:00:00.000000",23.5601139068604
"WC","2026-07-28T04:00:00.000000",23.1448650360107
"WC","2026-07-28T05:00:00.000000",22.8811092376709
"WC","2026-07-28T06:00:00.000000",22.7534141540527
"WC","2026-07-28T07:00:00.000000",22.6679515838623
"WC","2026-07-28T08:00:00.000000",22.683464050293
"WC","2026-07-28T09:00:00.000000",23.0011501312256
"WC","2026-07-28T10:00:00.000000",23.1973628997803
"WC","2026-07-28T11:00:00.000000",23.4062480926514
"WC","2026-07-28T12:00:00.000000",23.4891872406006
"WC","2026-07-28T13:00:00.000000",23.4886150360107
"WC","2026-07-28T14:00:00.000000",23.5061130523682
"WC","2026-07-28T15:00:00.000000",23.4974040985107
"WC","2026-07-28T16:00:00.000000",23.3761692047119
"WC","2026-07-28T17:00:00.000000",23.0850410461426
"WC","2026-07-28T18:00:00.000000",22.9533557891846
"WC","2026-07-28T19:00:00.000000",22.8896865844727
"WC","2026-07-28T20:00:00.000000",22.9796199798584
"WC","2026-07-28T21:00:00.000000",23.2429943084717
"WC","2026-07-28T22:00:00.000000",23.5963039398193
"WC","2026-07-28T23:00:00.000000",23.9003410339355
"WC","2026-07-29T00:00:00.000000",23.9433898925781
"WI","2026-07-23T00:00:00.000000",23.8298358917236
"WI","2026-07-23T01:00:00.000000",23.0846271514893
"WI","2026-07-23T02:00:00.000000",22.9779491424561
"WI","2026-07-23T03:00:00.000000",22.9784107208252
"WI","2026-07-23T04:00:00.000000",22.954963684082
"WI","2026-07-23T05:00:00.000000",22.9297752380371
"WI","2026-07-23T06:00:00.000000",22.8645153045654
"WI","2026-07-23T07:00:00.000000",22.8071975708008
"WI","2026-07-23T08:00:00.000000",22.7751903533936
"WI","2026-07-23T09:00:00.000000",22.7633819580078
"WI","2026-07-23T10:00:00.000000",22.7479763031006
"WI","2026-07-23T11:00:00.000000",22.747652053833
"WI","2026-07-23T12:00:00.000000",22.7332439422607
"WI","2026-07-23T13:00:00.000000",22.7308406829834
"WI","2026-07-23T14:00:00.000000",22.7386493682861
"WI","2026-07-23T15:00:00.000000",22.7819786071777
"WI","2026-07-23T16:00:00.000000",22.8210487365723
"WI","2026-07-23T17:00:00.000000",22.8893375396729
"WI","2026-07-23T18:00:00.000000",22.9155197143555
"WI","2026-07-23T19:00:00.000000",22.9467296600342
"WI","2026-07-23T20:00:00.000000",22.9929885864258
"WI","2026-07-23T21:00:00.000000",23.026834487915
"WI","2026-07-23T22:00:00.000000",23.0035629272461
"WI","2026-07-23T23:00:00.000000",22.9464569091797
"WI","2026-07-24T00:00:00.000000",22.9022846221924
"WI","2026-07-24T01:00:00.000000",22.1038722991943
"WI","2026-07-24T02:00:00.000000",22.0182456970215
"WI","2026-07-24T03:00:00.000000",21.9900360107422
"WI","2026-07-24T04:00:00.000000",21.9897060394287
"WI","2026-07-24T05:00:00.000000",22.0141334533691
"WI","2026-07-24T06:00:00.000000",22.0835514068604
"WI","2026-07-24T07:00:00.000000",22.0373783111572
"WI","2026-07-24T08:00:00.000000",21.9911613464355
"WI","2026-07-24T09:00:00.000000",21.966287612915
"WI","2026-07-24T10:00:00.000000",21.9492778778076
"WI","2026-07-24T11:00:00.000000",21.9748477935791
"WI","2026-07-24T12:00:00.000000",22.0764274597168
"WI","2026-07-24T13:00:00.000000",22.1549549102783
"WI","2026-07-24T14:00:00.000000",22.2038688659668
"WI","2026-07-24T15:00:00.000000",22.2663154602051
"WI","2026-07-24T16:00:00.000000",22.3326187133789
"WI","2026-07-24T17:00:00.000000",22.4091987609863
"WI","2026-07-24T18:00:00.000000",22.3751564025879
"WI","2026-07-24T19:00:00.000000",22.3503112792969
"WI","2026-07-24T20:00:00.000000",22.3837432861328
"WI","2026-07-24T21:00:00.000000",22.4004383087158
"WI","2026-07-24T22:00:00.000000",22.425443649292
"WI","2026-07-24T23:00:00.000000",22.4636383056641
"WI","2026-07-25T00:00:00.000000",22.4814205169678
"WI","2026-07-25T01:00:00.000000",22.9685153961182
"WI","2026-07-25T02:00:00.000000",23.0270214080811
"WI","2026-07-25T03:00:00.000000",23.0037422180176
"WI","2026-07-25T04:00:00.000000",22.9979190826416
"WI","2026-07-25T05:00:00.000000",22.9954261779785
"WI","2026-07-25T06:00:00.000000",23.0113964080811
"WI","2026-07-25T07:00:00.000000",23.0020961761475
"WI","2026-07-25T08:00:00.000000",22.9718532562256
"WI","2026-07-25T09:00:00.000000",22.9360504150391
"WI","2026-07-25T10:00:00.000000",22.9192714691162
"WI","2026-07-25T11:00:00.000000",22.9234046936035
"WI","2026-07-25T12:00:00.000000",22.9721908569336
"WI","2026-07-25T13:00:00.000000",23.0553607940674
"WI","2026-07-25T14:00:00.000000",23.1551055908203
"WI","2026-07-25T15:00:00.000000",23.2312927246094
"WI","2026-07-25T16:00:00.000000",23.3375949859619
"WI","2026-07-25T17:00:00.000000",23.4642391204834
"WI","2026-07-25T18:00:00.000000",23.5232582092285
"WI","2026-07-25T19:00:00.000000",23.3845138549805
"WI","2026-07-25T20:00:00.000000",23.3707981109619
"WI","2026-07-25T21:00:00.000000",23.4288578033447
"WI","2026-07-25T22:00:00.000000",23.4529151916504
"WI","2026-07-25T23:00:00.000000",23.4704818725586
"WI","2026-07-26T00:00:00.000000",23.4687271118164
"WI","2026-07-26T01:00:00.000000",23.46946144104
"WI","2026-07-26T02:00:00.000000",23.4659996032715
"WI","2026-07-26T03:00:00.000000",23.4595890045166
"WI","2026-07-26T04:00:00.000000",23.4188613891602
"WI","2026-07-26T05:00:00.000000",23.4245624542236
"WI","2026-07-26T06:00:00.000000",23.4084739685059
"WI","2026-07-26T07:00:00.000000",23.4076538085938
"WI","2026-07-26T08:00:00.000000",23.4037837982178
"WI","2026-07-26T09:00:00.000000",23.3822174072266
"WI","2026-07-26T10:00:00.000000",23.3583698272705
"WI","2026-07-26T11:00:00.000000",23.3462314605713
"WI","2026-07-26T12:00:00.000000",23.3429718017578
"WI","2026-07-26T13:00:00.000000",23.3910083770752
"WI","2026-07-26T14:00:00.000000",23.442476272583
"WI","2026-07-26T15:00:00.000000",23.4752178192139
"WI","2026-07-26T16:00:00.000000",23.5005531311035
"WI","2026-07-26T17:00:00.000000",23.5125522613525
"WI","2026-07-26T18:00:00.000000",23.5626964569092
"WI","2026-07-26T19:00:00.000000",23.6229801177979
"WI","2026-07-26T20:00:00.000000",23.5898246765137
"WI","2026-07-26T21:00:00.000000",23.5774440765381
"WI","2026-07-26T22:00:00.000000",23.6039142608643
"WI","2026-07-26T23:00:00.000000",23.6271362304688
"WI","2026-07-27T00:00:00.000000",23.7035713195801
"WI","2026-07-27T01:00:00.000000",23.7866077423096
"WI","2026-07-27T02:00:00.000000",23.8258304595947
"WI","2026-07-27T03:00:00.000000",23.8289203643799
"WI","2026-07-27T04:00:00.000000",23.7765407562256
"WI","2026-07-27T05:00:00.000000",23.7138481140137
"WI","2026-07-27T06:00:00.000000",23.6711349487305
"WI","2026-07-27T07:00:00.000000",23.6446189880371
"WI","2026-07-27T08:00:00.000000",23.6353740692139
"WI","2026-07-27T09:00:00.000000",23.6053829193115
"WI","2026-07-27T10:00:00.000000",23.5824851989746
"WI","2026-07-27T11:00:00.000000",23.5719051361084
"WI","2026-07-27T12:00:00.000000",23.5799465179443
"WI","2026-07-27T13:00:00.000000",23.6114959716797
"WI","2026-07-27T14:00:00.000000",23.7125568389893
"WI","2026-07-27T15:00:00.000000",23.7985725402832
"WI","2026-07-27T16:00:00.000000",23.8461856842041
"WI","2026-07-27T17:00:00.000000",23.8468170166016
"WI","2026-07-27T18:00:00.000000",23.8278522491455
"WI","2026-07-27T19:00:00.000000",23.8364868164062
"WI","2026-07-27T20:00:00.000000",23.8533153533936
"WI","2026-07-27T21:00:00.000000",23.9540691375732
"WI","2026-07-27T22:00:00.000000",24.074951171875
"WI","2026-07-27T23:00:00.000000",24.1222972869873
"WI","2026-07-28T00:00:00.000000",24.1272621154785
"WI","2026-07-28T01:00:00.000000",24.122314453125
"WI","2026-07-28T02:00:00.000000",24.1037902832031
"WI","2026-07-28T03:00:00.000000",24.0879135131836
"WI","2026-07-28T04:00:00.000000",24.0718021392822
"WI","2026-07-28T05:00:00.000000",24.0629081726074
"WI","2026-07-28T06:00:00.000000",24.0609531402588
"WI","2026-07-28T07:00:00.000000",24.0635223388672
"WI","2026-07-28T08:00:00.000000",24.0702819824219
"WI","2026-07-28T09:00:00.000000",24.0670871734619
"WI","2026-07-28T10:00:00.000000",24.0519104003906
"WI","2026-07-28T11:00:00.000000",24.0392208099365
"WI","2026-07-28T12:00:00.000000",24.0428466796875
"WI","2026-07-28T13:00:00.000000",24.0594234466553
"WI","2026-07-28T14:00:00.000000",24.0883464813232
"WI","2026-07-28T15:00:00.000000",24.1303176879883
"WI","2026-07-28T16:00:00.000000",24.1955490112305
"WI","2026-07-28T17:00:00.000000",24.2883415222168
"WI","2026-07-28T18:00:00.000000",24.3391628265381
"WI","2026-07-28T19:00:00.000000",24.3576507568359
"WI","2026-07-28T20:00:00.000000",24.3724384307861
"WI","2026-07-28T21:00:00.000000",24.4373798370361
"WI","2026-07-28T22:00:00.000000",24.5343742370605
"WI","2026-07-28T23:00:00.000000",24.5744895935059
"WI","2026-07-29T00:00:00.000000",24.5858325958252
