"site_id","time","temp_c"
"AQ","2026-09-29T00:00:00.000000",15.4169120788574
"AQ","2026-09-29T01:00:00.000000",15.2691955566406
"AQ","2026-09-29T02:00:00.000000",15.1973466873169
"AQ","2026-09-29T03:00:00.000000",15.171914100647
"AQ","2026-09-29T04:00:00.000000",15.1760759353638
"AQ","2026-09-29T05:00:00.000000",15.1829595565796
"AQ","2026-09-29T06:00:00.000000",15.1960344314575
"AQ","2026-09-29T07:00:00.000000",15.198338508606
"AQ","2026-09-29T08:00:00.000000",15.2047061920166
"AQ","2026-09-29T09:00:00.000000",15.217357635498
"AQ","2026-09-29T10:00:00.000000",15.1957454681396
"AQ","2026-09-29T11:00:00.000000",15.1917867660522
"AQ","2026-09-29T12:00:00.000000",15.2036819458008
"AQ","2026-09-29T13:00:00.000000",15.2243576049805
"AQ","2026-09-29T14:00:00.000000",15.2297220230103
"AQ","2026-09-29T15:00:00.000000",15.2229022979736
"AQ","2026-09-29T16:00:00.000000",15.2232294082642
"AQ","2026-09-29T17:00:00.000000",15.2288856506348
"AQ","2026-09-29T18:00:00.000000",15.256386756897
"AQ","2026-09-29T19:00:00.000000",15.2850246429443
"AQ","2026-09-29T20:00:00.000000",15.3045959472656
"AQ","2026-09-29T21:00:00.000000",15.3031253814697
"AQ","2026-09-29T22:00:00.000000",15.2863025665283
"AQ","2026-09-29T23:00:00.000000",15.2881097793579
"AQ","2026-09-30T00:00:00.000000",15.2861099243164
"AQ","2026-09-30T01:00:00.000000",15.4262495040894
"AQ","2026-09-30T02:00:00.000000",15.4787626266479
"AQ","2026-09-30T03:00:00.000000",15.4893999099731
"AQ","2026-09-30T04:00:00.000000",15.4810934066772
"AQ","2026-09-30T05:00:00.000000",15.4673175811768
"AQ","2026-09-30T06:00:00.000000",15.4620809555054
"AQ","2026-09-30T07:00:00.000000",15.4711799621582
"AQ","2026-09-30T08:00:00.000000",15.4500398635864
"AQ","2026-09-30T09:00:00.000000",15.4294023513794
"AQ","2026-09-30T10:00:00.000000",15.4327793121338
"AQ","2026-09-30T11:00:00.000000",15.4331541061401
"AQ","2026-09-30T12:00:00.000000",15.4293031692505
"AQ","2026-09-30T13:00:00.000000",15.4518623352051
"AQ","2026-09-30T14:00:00.000000",15.4789590835571
"AQ","2026-09-30T15:00:00.000000",15.4986763000488
"AQ","2026-09-30T16:00:00.000000",15.5314483642578
"AQ","2026-09-30T17:00:00.000000",15.5648593902588
"AQ","2026-09-30T18:00:00.000000",15.5987615585327
"AQ","2026-09-30T19:00:00.000000",15.6313018798828
"AQ","2026-09-30T20:00:00.000000",15.645956993103
"AQ","2026-09-30T21:00:00.000000",15.6777315139771
"AQ","2026-09-30T22:00:00.000000",15.674488067627
"AQ","2026-09-30T23:00:00.000000",15.6485109329224
"AQ","2026-10-01T00:00:00.000000",15.6352548599243
"AQ","2026-10-01T01:00:00.000000",15.4507541656494
"AQ","2026-10-01T02:00:00.000000",15.4665727615356
"AQ","2026-10-01T03:00:00.000000",15.4856376647949
"AQ","2026-10-01T04:00:00.000000",15.4943714141846
"AQ","2026-10-01T05:00:00.000000",15.5115671157837
"AQ","2026-10-01T06:00:00.000000",15.527961730957
"AQ","2026-10-01T07:00:00.000000",15.5385627746582
"AQ","2026-10-01T08:00:00.000000",15.4967975616455
"AQ","2026-10-01T09:00:00.000000",15.4673414230347
"AQ","2026-10-01T10:00:00.000000",15.4473886489868
"AQ","2026-10-01T11:00:00.000000",15.4292335510254
"AQ","2026-10-01T12:00:00.000000",15.3945407867432
"AQ","2026-10-01T13:00:00.000000",15.4059991836548
"AQ","2026-10-01T14:00:00.000000",15.4603853225708
"AQ","2026-10-01T15:00:00.000000",15.5146522521973
"AQ","2026-10-01T16:00:00.000000",15.5974435806274
"AQ","2026-10-01T17:00:00.000000",15.6729230880737
"AQ","2026-10-01T18:00:00.000000",15.713303565979
"AQ","2026-10-01T19:00:00.000000",15.7587413787842
"AQ","2026-10-01T20:00:00.000000",15.7384033203125
"AQ","2026-10-01T21:00:00.000000",15.7518558502197
"AQ","2026-10-01T22:00:00.000000",15.7819957733154
"AQ","2026-10-01T23:00:00.000000",15.7435846328735
"AQ","2026-10-02T00:00:00.000000",15.6988344192505
"AQ","2026-10-02T01:00:00.000000",15.6932582855225
"AQ","2026-10-02T02:00:00.000000",15.6788864135742
"AQ","2026-10-02T03:00:00.000000",15.699182510376
"AQ","2026-10-02T04:00:00.000000",15.7187595367432
"AQ","2026-10-02T05:00:00.000000",15.7179117202759
"AQ","2026-10-02T06:00:00.000000",15.7234039306641
"AQ","2026-10-02T07:00:00.000000",15.7402458190918
"AQ","2026-10-02T08:00:00.000000",15.7460126876831
"AQ","2026-10-02T09:00:00.000000",15.7120780944824
"AQ","2026-10-02T10:00:00.000000",15.6693277359009
"AQ","2026-10-02T11:00:00.000000",15.6668376922607
"AQ","2026-10-02T12:00:00.000000",15.6617345809937
"AQ","2026-10-02T13:00:00.000000",15.624457359314
"AQ","2026-10-02T14:00:00.000000",15.6416435241699
"AQ","2026-10-02T15:00:00.000000",15.7119569778442
"AQ","2026-10-02T16:00:00.000000",15.7700815200806
"AQ","2026-10-02T17:00:00.000000",15.8551034927368
"AQ","2026-10-02T18:00:00.000000",15.9232921600342
"AQ","2026-10-02T19:00:00.000000",15.9604969024658
"AQ","2026-10-02T20:00:00.000000",16.0017776489258
"AQ","2026-10-02T21:00:00.000000",15.9979867935181
"AQ","2026-10-02T22:00:00.000000",15.9569387435913
"AQ","2026-10-02T23:00:00.000000",15.9837551116943
"AQ","2026-10-03T00:00:00.000000",15.9833335876465
"AQ","2026-10-03T01:00:00.000000",15.9406890869141
"AQ","2026-10-03T02:00:00.000000",15.9423398971558
"AQ","2026-10-03T03:00:00.000000",15.9562664031982
"AQ","2026-10-03T04:00:00.000000",15.9877996444702
"AQ","2026-10-03T05:00:00.000000",15.9988384246826
"AQ","2026-10-03T06:00:00.000000",16.0031700134277
"AQ","2026-10-03T07:00:00.000000",16.011438369751
"AQ","2026-10-03T08:00:00.000000",16.0205211639404
"AQ","2026-10-03T09:00:00.000000",16.0217876434326
"AQ","2026-10-03T10:00:00.000000",15.9388580322266
"AQ","2026-10-03T11:00:00.000000",15.8767118453979
"AQ","2026-10-03T12:00:00.000000",15.8552703857422
"AQ","2026-10-03T13:00:00.000000",15.8588724136353
"AQ","2026-10-03T14:00:00.000000",15.8624401092529
"AQ","2026-10-03T15:00:00.000000",15.8853559494019
"AQ","2026-10-03T16:00:00.000000",15.9184532165527
"AQ","2026-10-03T17:00:00.000000",15.9719696044922
"AQ","2026-10-03T18:00:00.000000",16.0857982635498
"AQ","2026-10-03T19:00:00.000000",16.1769866943359
"AQ","2026-10-03T20:00:00.000000",16.2241954803467
"AQ","2026-10-03T21:00:00.000000",16.2530937194824
"AQ","2026-10-03T22:00:00.000000",16.2064437866211
"AQ","2026-10-03T23:00:00.000000",16.1572589874268
"AQ","2026-10-04T00:00:00.000000",16.1975479125977
"AQ","2026-10-04T01:00:00.000000",16.1797924041748
"AQ","2026-10-04T02:00:00.000000",16.1072616577148
"AQ","2026-10-04T03:00:00.000000",16.0954399108887
"AQ","2026-10-04T04:00:00.000000",16.1058177947998
"AQ","2026-10-04T05:00:00.000000",16.1598663330078
"AQ","2026-10-04T06:00:00.000000",16.1678886413574
"AQ","2026-10-04T07:00:00.000000",16.1709384918213
"AQ","2026-10-04T08:00:00.000000",16.1988086700439
"AQ","2026-10-04T09:00:00.000000",16.2207946777344
"AQ","2026-10-04T10:00:00.000000",16.2239398956299
"AQ","2026-10-04T11:00:00.000000",16.1631393432617
"AQ","2026-10-04T12:00:00.000000",16.0752849578857
"AQ","2026-10-04T13:00:00.000000",16.0528964996338
"AQ","2026-10-04T14:00:00.000000",16.0523147583008
"AQ","2026-10-04T15:00:00.000000",16.0461330413818
"AQ","2026-10-04T16:00:00.000000",16.0908279418945
"AQ","2026-10-04T17:00:00.000000",16.1431102752686
"AQ","2026-10-04T18:00:00.000000",16.257345199585
"AQ","2026-10-04T19:00:00.000000",16.3529720306396
"AQ","2026-10-04T20:00:00.000000",16.3762245178223
"AQ","2026-10-04T21:00:00.000000",16.3765602111816
"AQ","2026-10-04T22:00:00.000000",16.3850116729736
"AQ","2026-10-04T23:00:00.000000",16.3823795318604
"AQ","2026-10-05T00:00:00.000000",16.3144226074219
"CB","2026-09-29T00:00:00.000000",15.4258756637573
"CB","2026-09-29T01:00:00.000000",15.3862199783325
"CB","2026-09-29T02:00:00.000000",15.3471374511719
"CB","2026-09-29T03:00:00.000000",15.3236026763916
"CB","2026-09-29T04:00:00.000000",15.3182363510132
"CB","2026-09-29T05:00:00.000000",15.3199224472046
"CB","2026-09-29T06:00:00.000000",15.3303442001343
"CB","2026-09-29T07:00:00.000000",15.3439855575562
"CB","2026-09-29T08:00:00.000000",15.3481950759888
"CB","2026-09-29T09:00:00.000000",15.3507375717163
"CB","2026-09-29T10:00:00.000000",15.3536376953125
"CB","2026-09-29T11:00:00.000000",15.3475112915039
"CB","2026-09-29T12:00:00.000000",15.3467836380005
"CB","2026-09-29T13:00:00.000000",15.3509645462036
"CB","2026-09-29T14:00:00.000000",15.3629150390625
"CB","2026-09-29T15:00:00.000000",15.3667240142822
"CB","2026-09-29T16:00:00.000000",15.3804292678833
"CB","2026-09-29T17:00:00.000000",15.3930759429932
"CB","2026-09-29T18:00:00.000000",15.4007263183594
"CB","2026-09-29T19:00:00.000000",15.3988723754883
"CB","2026-09-29T20:00:00.000000",15.3867874145508
"CB","2026-09-29T21:00:00.000000",15.382155418396
"CB","2026-09-29T22:00:00.000000",15.3842058181763
"CB","2026-09-29T23:00:00.000000",15.3775110244751
"CB","2026-09-30T00:00:00.000000",15.3766622543335
"CB","2026-09-30T01:00:00.000000",15.3365173339844
"CB","2026-09-30T02:00:00.000000",15.3303089141846
"CB","2026-09-30T03:00:00.000000",15.3197803497314
"CB","2026-09-30T04:00:00.000000",15.3079528808594
"CB","2026-09-30T05:00:00.000000",15.3035707473755
"CB","2026-09-30T06:00:00.000000",15.3086271286011
"CB","2026-09-30T07:00:00.000000",15.3493757247925
"CB","2026-09-30T08:00:00.000000",15.3501968383789
"CB","2026-09-30T09:00:00.000000",15.3465805053711
"CB","2026-09-30T10:00:00.000000",15.353102684021
"CB","2026-09-30T11:00:00.000000",15.3425178527832
"CB","2026-09-30T12:00:00.000000",15.3335742950439
"CB","2026-09-30T13:00:00.000000",15.3334197998047
"CB","2026-09-30T14:00:00.000000",15.3370046615601
"CB","2026-09-30T15:00:00.000000",15.3447790145874
"CB","2026-09-30T16:00:00.000000",15.3738346099854
"CB","2026-09-30T17:00:00.000000",15.3947877883911
"CB","2026-09-30T18:00:00.000000",15.4023380279541
"CB","2026-09-30T19:00:00.000000",15.4231519699097
"CB","2026-09-30T20:00:00.000000",15.4473009109497
"CB","2026-09-30T21:00:00.000000",15.4303579330444
"CB","2026-09-30T22:00:00.000000",15.4210357666016
"CB","2026-09-30T23:00:00.000000",15.4141035079956
"CB","2026-10-01T00:00:00.000000",15.4049558639526
"CB","2026-10-01T01:00:00.000000",15.3174848556519
"CB","2026-10-01T02:00:00.000000",15.3047790527344
"CB","2026-10-01T03:00:00.000000",15.2999591827393
"CB","2026-10-01T04:00:00.000000",15.2252988815308
"CB","2026-10-01T05:00:00.000000",15.1826019287109
"CB","2026-10-01T06:00:00.000000",15.1817626953125
"CB","2026-10-01T07:00:00.000000",15.1915407180786
"CB","2026-10-01T08:00:00.000000",15.2302274703979
"CB","2026-10-01T09:00:00.000000",15.2471380233765
"CB","2026-10-01T10:00:00.000000",15.2730150222778
"CB","2026-10-01T11:00:00.000000",15.2857837677002
"CB","2026-10-01T12:00:00.000000",15.2817888259888
"CB","2026-10-01T13:00:00.000000",15.2800846099854
"CB","2026-10-01T14:00:00.000000",15.2812013626099
"CB","2026-10-01T15:00:00.000000",15.2810363769531
"CB","2026-10-01T16:00:00.000000",15.3036594390869
"CB","2026-10-01T17:00:00.000000",15.3589963912964
"CB","2026-10-01T18:00:00.000000",15.381854057312
"CB","2026-10-01T19:00:00.000000",15.3926515579224
"CB","2026-10-01T20:00:00.000000",15.4135999679565
"CB","2026-10-01T21:00:00.000000",15.3990726470947
"CB","2026-10-01T22:00:00.000000",15.3738498687744
"CB","2026-10-01T23:00:00.000000",15.3756322860718
"CB","2026-10-02T00:00:00.000000",15.3698663711548
"CB","2026-10-02T01:00:00.000000",15.3796129226685
"CB","2026-10-02T02:00:00.000000",15.3814191818237
"CB","2026-10-02T03:00:00.000000",15.3818378448486
"CB","2026-10-02T04:00:00.000000",15.3814687728882
"CB","2026-10-02T05:00:00.000000",15.3544082641602
"CB","2026-10-02T06:00:00.000000",15.3417453765869
"CB","2026-10-02T07:00:00.000000",15.3388061523438
"CB","2026-10-02T08:00:00.000000",15.3400297164917
"CB","2026-10-02T09:00:00.000000",15.3468809127808
"CB","2026-10-02T10:00:00.000000",15.3528747558594
"CB","2026-10-02T11:00:00.000000",15.3627014160156
"CB","2026-10-02T12:00:00.000000",15.3715896606445
"CB","2026-10-02T13:00:00.000000",15.3703947067261
"CB","2026-10-02T14:00:00.000000",15.368275642395
"CB","2026-10-02T15:00:00.000000",15.3750152587891
"CB","2026-10-02T16:00:00.000000",15.3944034576416
"CB","2026-10-02T17:00:00.000000",15.4528608322144
"CB","2026-10-02T18:00:00.000000",15.5041246414185
"CB","2026-10-02T19:00:00.000000",15.5224885940552
"CB","2026-10-02T20:00:00.000000",15.5409517288208
"CB","2026-10-02T21:00:00.000000",15.549693107605
"CB","2026-10-02T22:00:00.000000",15.519476890564
"CB","2026-10-02T23:00:00.000000",15.4804077148438
"CB","2026-10-03T00:00:00.000000",15.4790363311768
"CB","2026-10-03T01:00:00.000000",15.4770050048828
"CB","2026-10-03T02:00:00.000000",15.4787006378174
"CB","2026-10-03T03:00:00.000000",15.4798202514648
"CB","2026-10-03T04:00:00.000000",15.4787588119507
"CB","2026-10-03T05:00:00.000000",15.491792678833
"CB","2026-10-03T06:00:00.000000",15.5267705917358
"CB","2026-10-03T07:00:00.000000",15.5364933013916
"CB","2026-10-03T08:00:00.000000",15.5292348861694
"CB","2026-10-03T09:00:00.000000",15.5320205688477
"CB","2026-10-03T10:00:00.000000",15.5357275009155
"CB","2026-10-03T11:00:00.000000",15.5149965286255
"CB","2026-10-03T12:00:00.000000",15.5149183273315
"CB","2026-10-03T13:00:00.000000",15.5221557617188
"CB","2026-10-03T14:00:00.000000",15.5175752639771
"CB","2026-10-03T15:00:00.000000",15.5164260864258
"CB","2026-10-03T16:00:00.000000",15.523097038269
"CB","2026-10-03T17:00:00.000000",15.5350570678711
"CB","2026-10-03T18:00:00.000000",15.6197462081909
"CB","2026-10-03T19:00:00.000000",15.6997518539429
"CB","2026-10-03T20:00:00.000000",15.718505859375
"CB","2026-10-03T21:00:00.000000",15.7245931625366
"CB","2026-10-03T22:00:00.000000",15.7392473220825
"CB","2026-10-03T23:00:00.000000",15.7002592086792
"CB","2026-10-04T00:00:00.000000",15.6477508544922
"CB","2026-10-04T01:00:00.000000",15.6252746582031
"CB","2026-10-04T02:00:00.000000",15.6241779327393
"CB","2026-10-04T03:00:00.000000",15.6220092773438
"CB","2026-10-04T04:00:00.000000",15.6225633621216
"CB","2026-10-04T05:00:00.000000",15.629828453064
"CB","2026-10-04T06:00:00.000000",15.6495847702026
"CB","2026-10-04T07:00:00.000000",15.6719732284546
"CB","2026-10-04T08:00:00.000000",15.664436340332
"CB","2026-10-04T09:00:00.000000",15.6436100006104
"CB","2026-10-04T10:00:00.000000",15.6425495147705
"CB","2026-10-04T11:00:00.000000",15.6584997177124
"CB","2026-10-04T12:00:00.000000",15.6594457626343
"CB","2026-10-04T13:00:00.000000",15.6569032669067
"CB","2026-10-04T14:00:00.000000",15.6659727096558
"CB","2026-10-04T15:00:00.000000",15.6716203689575
"CB","2026-10-04T16:00:00.000000",15.6628828048706
"CB","2026-10-04T17:00:00.000000",15.6687774658203
"CB","2026-10-04T18:00:00.000000",15.6856374740601
"CB","2026-10-04T19:00:00.000000",15.7417421340942
"CB","2026-10-04T20:00:00.000000",15.7707672119141
"CB","2026-10-04T21:00:00.000000",15.75146484375
"CB","2026-10-04T22:00:00.000000",15.7427845001221
"CB","2026-10-04T23:00:00.000000",15.7763977050781
"CB","2026-10-05T00:00:00.000000",15.7837142944336
"CI","2026-09-29T00:00:00.000000",15.9627532958984
"CI","2026-09-29T01:00:00.000000",15.9627532958984
"CI","2026-09-29T02:00:00.000000",15.4637317657471
"CI","2026-09-29T03:00:00.000000",15.6330671310425
"CI","2026-09-29T04:00:00.000000",15.6390399932861
"CI","2026-09-29T05:00:00.000000",15.6321182250977
"CI","2026-09-29T06:00:00.000000",15.6237335205078
"CI","2026-09-29T07:00:00.000000",15.6267747879028
"CI","2026-09-29T08:00:00.000000",15.6043472290039
"CI","2026-09-29T09:00:00.000000",15.5099639892578
"CI","2026-09-29T10:00:00.000000",15.4883728027344
"CI","2026-09-29T11:00:00.000000",15.4883728027344
"CI","2026-09-29T12:00:00.000000",15.4883728027344
"CI","2026-09-29T13:00:00.000000",15.4883728027344
"CI","2026-09-29T14:00:00.000000",15.5494203567505
"CI","2026-09-29T15:00:00.000000",15.6121664047241
"CI","2026-09-29T16:00:00.000000",15.6322755813599
"CI","2026-09-29T17:00:00.000000",15.6273727416992
"CI","2026-09-29T18:00:00.000000",15.6404218673706
"CI","2026-09-29T19:00:00.000000",15.6673192977905
"CI","2026-09-29T20:00:00.000000",15.6436309814453
"CI","2026-09-29T21:00:00.000000",15.6100568771362
"CI","2026-09-29T22:00:00.000000",15.577844619751
"CI","2026-09-29T23:00:00.000000",15.577844619751
"CI","2026-09-30T00:00:00.000000",15.577844619751
"CI","2026-09-30T01:00:00.000000",15.577844619751
"CI","2026-09-30T02:00:00.000000",15.577844619751
"CI","2026-09-30T03:00:00.000000",15.1196126937866
"CI","2026-09-30T04:00:00.000000",15.2168445587158
"CI","2026-09-30T05:00:00.000000",15.1566667556763
"CI","2026-09-30T06:00:00.000000",15.0888919830322
"CI","2026-09-30T07:00:00.000000",15.0654439926147
"CI","2026-09-30T08:00:00.000000",15.1207914352417
"CI","2026-09-30T09:00:00.000000",15.1533813476562
"CI","2026-09-30T10:00:00.000000",15.1513271331787
"CI","2026-09-30T11:00:00.000000",15.1513271331787
"CI","2026-09-30T12:00:00.000000",15.1513271331787
"CI","2026-09-30T13:00:00.000000",15.1513271331787
"CI","2026-09-30T14:00:00.000000",15.1513271331787
"CI","2026-09-30T15:00:00.000000",15.2181768417358
"CI","2026-09-30T16:00:00.000000",15.1772489547729
"CI","2026-09-30T17:00:00.000000",15.1829710006714
"CI","2026-09-30T18:00:00.000000",15.1705169677734
"CI","2026-09-30T19:00:00.000000",15.1471891403198
"CI","2026-09-30T20:00:00.000000",15.1825656890869
"CI","2026-09-30T21:00:00.000000",15.1944074630737
"CI","2026-09-30T22:00:00.000000",15.2181463241577
"CI","2026-09-30T23:00:00.000000",15.2173271179199
"CI","2026-10-01T00:00:00.000000",15.2173271179199
"CI","2026-10-01T01:00:00.000000",15.2173271179199
"CI","2026-10-01T02:00:00.000000",15.2173271179199
"CI","2026-10-01T03:00:00.000000",15.2173271179199
"CI","2026-10-01T04:00:00.000000",15.0236768722534
"CI","2026-10-01T05:00:00.000000",15.3050508499146
"CI","2026-10-01T06:00:00.000000",15.3623991012573
"CI","2026-10-01T07:00:00.000000",15.3656101226807
"CI","2026-10-01T08:00:00.000000",15.4093341827393
"CI","2026-10-01T09:00:00.000000",15.3858709335327
"CI","2026-10-01T10:00:00.000000",15.2461090087891
"CI","2026-10-01T11:00:00.000000",15.2054061889648
"CI","2026-10-01T12:00:00.000000",15.2054061889648
"CI","2026-10-01T13:00:00.000000",15.2054061889648
"CI","2026-10-01T14:00:00.000000",15.2054061889648
"CI","2026-10-01T15:00:00.000000",15.2054061889648
"CI","2026-10-01T16:00:00.000000",15.2347936630249
"CI","2026-10-01T17:00:00.000000",15.5421600341797
"CI","2026-10-01T18:00:00.000000",15.5909824371338
"CI","2026-10-01T19:00:00.000000",15.6173048019409
"CI","2026-10-01T20:00:00.000000",15.668098449707
"CI","2026-10-01T21:00:00.000000",15.6716451644897
"CI","2026-10-01T22:00:00.000000",15.5341510772705
"CI","2026-10-01T23:00:00.000000",15.3715629577637
"CI","2026-10-02T00:00:00.000000",15.3715629577637
"CI","2026-10-02T01:00:00.000000",15.3715629577637
"CI","2026-10-02T02:00:00.000000",15.3715629577637
"CI","2026-10-02T03:00:00.000000",15.3715629577637
"CI","2026-10-02T04:00:00.000000",15.3715629577637
"CI","2026-10-02T05:00:00.000000",15.1675939559937
"CI","2026-10-02T06:00:00.000000",15.6662158966064
"CI","2026-10-02T07:00:00.000000",15.7272672653198
"CI","2026-10-02T08:00:00.000000",15.7193069458008
"CI","2026-10-02T09:00:00.000000",15.7022018432617
"CI","2026-10-02T10:00:00.000000",15.5993223190308
"CI","2026-10-02T11:00:00.000000",15.3687715530396
"CI","2026-10-02T12:00:00.000000",15.3464469909668
"CI","2026-10-02T13:00:00.000000",15.3464469909668
"CI","2026-10-02T14:00:00.000000",15.3464469909668
"CI","2026-10-02T15:00:00.000000",15.3464469909668
"CI","2026-10-02T16:00:00.000000",15.4154024124146
"CI","2026-10-02T17:00:00.000000",15.509913444519
"CI","2026-10-02T18:00:00.000000",15.8874959945679
"CI","2026-10-02T19:00:00.000000",15.9503240585327
"CI","2026-10-02T20:00:00.000000",15.9600982666016
"CI","2026-10-02T21:00:00.000000",15.9561033248901
"CI","2026-10-02T22:00:00.000000",15.944543838501
"CI","2026-10-02T23:00:00.000000",15.7583742141724
"CI","2026-10-03T00:00:00.000000",15.6147041320801
"CI","2026-10-03T01:00:00.000000",15.6147041320801
"CI","2026-10-03T02:00:00.000000",15.6147041320801
"CI","2026-10-03T03:00:00.000000",15.6147041320801
"CI","2026-10-03T04:00:00.000000",15.6147041320801
"CI","2026-10-03T05:00:00.000000",15.6147041320801
"CI","2026-10-03T06:00:00.000000",15.509654045105
"CI","2026-10-03T07:00:00.000000",15.8988065719604
"CI","2026-10-03T08:00:00.000000",15.9853849411011
"CI","2026-10-03T09:00:00.000000",15.9814195632935
"CI","2026-10-03T10:00:00.000000",15.9400072097778
"CI","2026-10-03T11:00:00.000000",15.82763671875
"CI","2026-10-03T12:00:00.000000",15.6291933059692
"CI","2026-10-03T13:00:00.000000",15.603889465332
"CI","2026-10-03T14:00:00.000000",15.603889465332
"CI","2026-10-03T15:00:00.000000",15.603889465332
"CI","2026-10-03T16:00:00.000000",15.603889465332
"CI","2026-10-03T17:00:00.000000",15.6872987747192
"CI","2026-10-03T18:00:00.000000",15.753851890564
"CI","2026-10-03T19:00:00.000000",16.1625518798828
"CI","2026-10-03T20:00:00.000000",16.2302474975586
"CI","2026-10-03T21:00:00.000000",16.2542247772217
"CI","2026-10-03T22:00:00.000000",16.2412090301514
"CI","2026-10-03T23:00:00.000000",16.2044982910156
"CI","2026-10-04T00:00:00.000000",16.0125598907471
"CI","2026-10-04T01:00:00.000000",15.8614616394043
"CI","2026-10-04T02:00:00.000000",15.8614616394043
"CI","2026-10-04T03:00:00.000000",15.8614616394043
"CI","2026-10-04T04:00:00.000000",15.8614616394043
"CI","2026-10-04T05:00:00.000000",15.8614616394043
"CI","2026-10-04T06:00:00.000000",15.8614616394043
"CI","2026-10-04T07:00:00.000000",15.6931028366089
"CI","2026-10-04T08:00:00.000000",16.2100524902344
"CI","2026-10-04T09:00:00.000000",16.2723293304443
"CI","2026-10-04T10:00:00.000000",16.2654476165771
"CI","2026-10-04T11:00:00.000000",16.2309169769287
"CI","2026-10-04T12:00:00.000000",16.1512966156006
"CI","2026-10-04T13:00:00.000000",15.9317693710327
"CI","2026-10-04T14:00:00.000000",15.825777053833
"CI","2026-10-04T15:00:00.000000",15.825777053833
"CI","2026-10-04T16:00:00.000000",15.825777053833
"CI","2026-10-04T17:00:00.000000",15.825777053833
"CI","2026-10-04T18:00:00.000000",15.9095869064331
"CI","2026-10-04T19:00:00.000000",16.0316066741943
"CI","2026-10-04T20:00:00.000000",16.4023742675781
"CI","2026-10-04T21:00:00.000000",16.4434909820557
"CI","2026-10-04T22:00:00.000000",16.4085502624512
"CI","2026-10-04T23:00:00.000000",16.4066619873047
"CI","2026-10-05T00:00:00.000000",16.397741317749
"DC","2026-09-29T00:00:00.000000",15.4586334228516
"DC","2026-09-29T01:00:00.000000",15.3400774002075
"DC","2026-09-29T02:00:00.000000",15.2862491607666
"DC","2026-09-29T03:00:00.000000",15.279878616333
"DC","2026-09-29T04:00:00.000000",15.2924299240112
"DC","2026-09-29T05:00:00.000000",15.3064489364624
"DC","2026-09-29T06:00:00.000000",15.3163595199585
"DC","2026-09-29T07:00:00.000000",15.3286027908325
"DC","2026-09-29T08:00:00.000000",15.3509674072266
"DC","2026-09-29T09:00:00.000000",15.3621397018433
"DC","2026-09-29T10:00:00.000000",15.3642349243164
"DC","2026-09-29T11:00:00.000000",15.3642349243164
"DC","2026-09-29T12:00:00.000000",15.3642349243164
"DC","2026-09-29T13:00:00.000000",15.3644762039185
"DC","2026-09-29T14:00:00.000000",15.3636808395386
"DC","2026-09-29T15:00:00.000000",15.3735752105713
"DC","2026-09-29T16:00:00.000000",15.3857269287109
"DC","2026-09-29T17:00:00.000000",15.3986940383911
"DC","2026-09-29T18:00:00.000000",15.4131698608398
"DC","2026-09-29T19:00:00.000000",15.4227666854858
"DC","2026-09-29T20:00:00.000000",15.430567741394
"DC","2026-09-29T21:00:00.000000",15.4405059814453
"DC","2026-09-29T22:00:00.000000",15.4444961547852
"DC","2026-09-29T23:00:00.000000",15.4444961547852
"DC","2026-09-30T00:00:00.000000",15.4444961547852
"DC","2026-09-30T01:00:00.000000",15.4444961547852
"DC","2026-09-30T02:00:00.000000",15.3832139968872
"DC","2026-09-30T03:00:00.000000",15.2783479690552
"DC","2026-09-30T04:00:00.000000",15.2546148300171
"DC","2026-09-30T05:00:00.000000",15.2400989532471
"DC","2026-09-30T06:00:00.000000",15.241063117981
"DC","2026-09-30T07:00:00.000000",15.2599592208862
"DC","2026-09-30T08:00:00.000000",15.3056411743164
"DC","2026-09-30T09:00:00.000000",15.3407182693481
"DC","2026-09-30T10:00:00.000000",15.3420372009277
"DC","2026-09-30T11:00:00.000000",15.3420372009277
"DC","2026-09-30T12:00:00.000000",15.3420372009277
"DC","2026-09-30T13:00:00.000000",15.3420372009277
"DC","2026-09-30T14:00:00.000000",15.341872215271
"DC","2026-09-30T15:00:00.000000",15.3430252075195
"DC","2026-09-30T16:00:00.000000",15.371283531189
"DC","2026-09-30T17:00:00.000000",15.3942518234253
"DC","2026-09-30T18:00:00.000000",15.4073400497437
"DC","2026-09-30T19:00:00.000000",15.4044570922852
"DC","2026-09-30T20:00:00.000000",15.3996648788452
"DC","2026-09-30T21:00:00.000000",15.412693977356
"DC","2026-09-30T22:00:00.000000",15.4276371002197
"DC","2026-09-30T23:00:00.000000",15.4276371002197
"DC","2026-10-01T00:00:00.000000",15.4276371002197
"DC","2026-10-01T01:00:00.000000",15.4276371002197
"DC","2026-10-01T02:00:00.000000",15.4276371002197
"DC","2026-10-01T03:00:00.000000",15.1910238265991
"DC","2026-10-01T04:00:00.000000",15.1262178421021
"DC","2026-10-01T05:00:00.000000",15.1238250732422
"DC","2026-10-01T06:00:00.000000",15.1257095336914
"DC","2026-10-01T07:00:00.000000",15.1522436141968
"DC","2026-10-01T08:00:00.000000",15.1729602813721
"DC","2026-10-01T09:00:00.000000",15.203803062439
"DC","2026-10-01T10:00:00.000000",15.24924659729
"DC","2026-10-01T11:00:00.000000",15.2558860778809
"DC","2026-10-01T12:00:00.000000",15.2558860778809
"DC","2026-10-01T13:00:00.000000",15.2558860778809
"DC","2026-10-01T14:00:00.000000",15.2558860778809
"DC","2026-10-01T15:00:00.000000",15.307092666626
"DC","2026-10-01T16:00:00.000000",15.3404188156128
"DC","2026-10-01T17:00:00.000000",15.3757810592651
"DC","2026-10-01T18:00:00.000000",15.3882970809937
"DC","2026-10-01T19:00:00.000000",15.3903045654297
"DC","2026-10-01T20:00:00.000000",15.3839387893677
"DC","2026-10-01T21:00:00.000000",15.3826246261597
"DC","2026-10-01T22:00:00.000000",15.3833360671997
"DC","2026-10-01T23:00:00.000000",15.3859901428223
"DC","2026-10-02T00:00:00.000000",15.3859901428223
"DC","2026-10-02T01:00:00.000000",15.3859901428223
"DC","2026-10-02T02:00:00.000000",15.3859901428223
"DC","2026-10-02T03:00:00.000000",15.3859901428223
"DC","2026-10-02T04:00:00.000000",15.37366771698
"DC","2026-10-02T05:00:00.000000",15.3385915756226
"DC","2026-10-02T06:00:00.000000",15.3269653320312
"DC","2026-10-02T07:00:00.000000",15.3342657089233
"DC","2026-10-02T08:00:00.000000",15.3455095291138
"DC","2026-10-02T09:00:00.000000",15.3499345779419
"DC","2026-10-02T10:00:00.000000",15.3651628494263
"DC","2026-10-02T11:00:00.000000",15.377293586731
"DC","2026-10-02T12:00:00.000000",15.3773078918457
"DC","2026-10-02T13:00:00.000000",15.3773078918457
"DC","2026-10-02T14:00:00.000000",15.3773078918457
"DC","2026-10-02T15:00:00.000000",15.3773078918457
"DC","2026-10-02T16:00:00.000000",15.4726963043213
"DC","2026-10-02T17:00:00.000000",15.4819917678833
"DC","2026-10-02T18:00:00.000000",15.4876928329468
"DC","2026-10-02T19:00:00.000000",15.4928359985352
"DC","2026-10-02T20:00:00.000000",15.5158815383911
"DC","2026-10-02T21:00:00.000000",15.5186586380005
"DC","2026-10-02T22:00:00.000000",15.5506534576416
"DC","2026-10-02T23:00:00.000000",15.5745191574097
"DC","2026-10-03T00:00:00.000000",15.5762596130371
"DC","2026-10-03T01:00:00.000000",15.5762596130371
"DC","2026-10-03T02:00:00.000000",15.5762596130371
"DC","2026-10-03T03:00:00.000000",15.5762596130371
"DC","2026-10-03T04:00:00.000000",15.5762596130371
"DC","2026-10-03T05:00:00.000000",15.5762405395508
"DC","2026-10-03T06:00:00.000000",15.5282897949219
"DC","2026-10-03T07:00:00.000000",15.5002698898315
"DC","2026-10-03T08:00:00.000000",15.4870300292969
"DC","2026-10-03T09:00:00.000000",15.4968328475952
"DC","2026-10-03T10:00:00.000000",15.5133581161499
"DC","2026-10-03T11:00:00.000000",15.5433654785156
"DC","2026-10-03T12:00:00.000000",15.5904378890991
"DC","2026-10-03T13:00:00.000000",15.5999603271484
"DC","2026-10-03T14:00:00.000000",15.5999603271484
"DC","2026-10-03T15:00:00.000000",15.5999603271484
"DC","2026-10-03T16:00:00.000000",15.5999603271484
"DC","2026-10-03T17:00:00.000000",15.6830205917358
"DC","2026-10-03T18:00:00.000000",15.6780061721802
"DC","2026-10-03T19:00:00.000000",15.6814031600952
"DC","2026-10-03T20:00:00.000000",15.6779127120972
"DC","2026-10-03T21:00:00.000000",15.6880435943604
"DC","2026-10-03T22:00:00.000000",15.7013416290283
"DC","2026-10-03T23:00:00.000000",15.7226915359497
"DC","2026-10-04T00:00:00.000000",15.7411165237427
"DC","2026-10-04T01:00:00.000000",15.7410125732422
"DC","2026-10-04T02:00:00.000000",15.7410125732422
"DC","2026-10-04T03:00:00.000000",15.7410125732422
"DC","2026-10-04T04:00:00.000000",15.7410125732422
"DC","2026-10-04T05:00:00.000000",15.7410125732422
"DC","2026-10-04T06:00:00.000000",15.6786165237427
"DC","2026-10-04T07:00:00.000000",15.608154296875
"DC","2026-10-04T08:00:00.000000",15.57373046875
"DC","2026-10-04T09:00:00.000000",15.5614700317383
"DC","2026-10-04T10:00:00.000000",15.5795431137085
"DC","2026-10-04T11:00:00.000000",15.608491897583
"DC","2026-10-04T12:00:00.000000",15.6458311080933
"DC","2026-10-04T13:00:00.000000",15.676609992981
"DC","2026-10-04T14:00:00.000000",15.7081871032715
"DC","2026-10-04T15:00:00.000000",15.7081871032715
"DC","2026-10-04T16:00:00.000000",15.7081871032715
"DC","2026-10-04T17:00:00.000000",15.7081871032715
"DC","2026-10-04T18:00:00.000000",15.7170209884644
"DC","2026-10-04T19:00:00.000000",15.7005233764648
"DC","2026-10-04T20:00:00.000000",15.6763143539429
"DC","2026-10-04T21:00:00.000000",15.6489286422729
"DC","2026-10-04T22:00:00.000000",15.6425704956055
"DC","2026-10-04T23:00:00.000000",15.6695499420166
"DC","2026-10-05T00:00:00.000000",15.71812915802
"LH","2026-09-29T00:00:00.000000",15.6101188659668
"LH","2026-09-29T01:00:00.000000",15.5799446105957
"LH","2026-09-29T02:00:00.000000",15.4197463989258
"LH","2026-09-29T03:00:00.000000",15.2758836746216
"LH","2026-09-29T04:00:00.000000",15.2574329376221
"LH","2026-09-29T05:00:00.000000",15.2639083862305
"LH","2026-09-29T06:00:00.000000",15.2759418487549
"LH","2026-09-29T07:00:00.000000",15.3584213256836
"LH","2026-09-29T08:00:00.000000",15.3729019165039
"LH","2026-09-29T09:00:00.000000",15.3758192062378
"LH","2026-09-29T10:00:00.000000",15.3751497268677
"LH","2026-09-29T11:00:00.000000",15.3754463195801
"LH","2026-09-29T12:00:00.000000",15.3754463195801
"LH","2026-09-29T13:00:00.000000",15.3754463195801
"LH","2026-09-29T14:00:00.000000",15.3456411361694
"LH","2026-09-29T15:00:00.000000",15.3648195266724
"LH","2026-09-29T16:00:00.000000",15.4027576446533
"LH","2026-09-29T17:00:00.000000",15.4159460067749
"LH","2026-09-29T18:00:00.000000",15.3996887207031
"LH","2026-09-29T19:00:00.000000",15.3656663894653
"LH","2026-09-29T20:00:00.000000",15.3607378005981
"LH","2026-09-29T21:00:00.000000",15.3665103912354
"LH","2026-09-29T22:00:00.000000",15.3697757720947
"LH","2026-09-29T23:00:00.000000",15.3758544921875
"LH","2026-09-30T00:00:00.000000",15.3760757446289
"LH","2026-09-30T01:00:00.000000",15.3760757446289
"LH","2026-09-30T02:00:00.000000",15.3760757446289
"LH","2026-09-30T03:00:00.000000",15.1228513717651
"LH","2026-09-30T04:00:00.000000",15.1234502792358
"LH","2026-09-30T05:00:00.000000",15.1365909576416
"LH","2026-09-30T06:00:00.000000",15.1607532501221
"LH","2026-09-30T07:00:00.000000",15.1903781890869
"LH","2026-09-30T08:00:00.000000",15.1851425170898
"LH","2026-09-30T09:00:00.000000",15.1738271713257
"LH","2026-09-30T10:00:00.000000",15.1642255783081
"LH","2026-09-30T11:00:00.000000",15.1654663085938
"LH","2026-09-30T12:00:00.000000",15.1653671264648
"LH","2026-09-30T13:00:00.000000",15.1653671264648
"LH","2026-09-30T14:00:00.000000",15.1638097763062
"LH","2026-09-30T15:00:00.000000",15.1913242340088
"LH","2026-09-30T16:00:00.000000",15.2227697372437
"LH","2026-09-30T17:00:00.000000",15.2403135299683
"LH","2026-09-30T18:00:00.000000",15.2572269439697
"LH","2026-09-30T19:00:00.000000",15.2688007354736
"LH","2026-09-30T20:00:00.000000",15.2672472000122
"LH","2026-09-30T21:00:00.000000",15.2221212387085
"LH","2026-09-30T22:00:00.000000",15.2213306427002
"LH","2026-09-30T23:00:00.000000",15.2105016708374
"LH","2026-10-01T00:00:00.000000",15.2173271179199
"LH","2026-10-01T01:00:00.000000",15.2173271179199
"LH","2026-10-01T02:00:00.000000",15.2173271179199
"LH","2026-10-01T03:00:00.000000",15.2173271179199
"LH","2026-10-01T04:00:00.000000",15.1244630813599
"LH","2026-10-01T05:00:00.000000",15.1608600616455
"LH","2026-10-01T06:00:00.000000",15.2119207382202
"LH","2026-10-01T07:00:00.000000",15.2430849075317
"LH","2026-10-01T08:00:00.000000",15.2392883300781
"LH","2026-10-01T09:00:00.000000",15.2602872848511
"LH","2026-10-01T10:00:00.000000",15.2644672393799
"LH","2026-10-01T11:00:00.000000",15.2458391189575
"LH","2026-10-01T12:00:00.000000",15.2318277359009
"LH","2026-10-01T13:00:00.000000",15.233772277832
"LH","2026-10-01T14:00:00.000000",15.233772277832
"LH","2026-10-01T15:00:00.000000",15.2618627548218
"LH","2026-10-01T16:00:00.000000",15.3788089752197
"LH","2026-10-01T17:00:00.000000",15.4354648590088
"LH","2026-10-01T18:00:00.000000",15.4544172286987
"LH","2026-10-01T19:00:00.000000",15.4660873413086
"LH","2026-10-01T20:00:00.000000",15.4739398956299
"LH","2026-10-01T21:00:00.000000",15.4029741287231
"LH","2026-10-01T22:00:00.000000",15.3771896362305
"LH","2026-10-01T23:00:00.000000",15.3570928573608
"LH","2026-10-02T00:00:00.000000",15.3108177185059
"LH","2026-10-02T01:00:00.000000",15.3409824371338
"LH","2026-10-02T02:00:00.000000",15.3409824371338
"LH","2026-10-02T03:00:00.000000",15.3409824371338
"LH","2026-10-02T04:00:00.000000",15.348406791687
"LH","2026-10-02T05:00:00.000000",15.3109331130981
"LH","2026-10-02T06:00:00.000000",15.3201818466187
"LH","2026-10-02T07:00:00.000000",15.3364133834839
"LH","2026-10-02T08:00:00.000000",15.3296575546265
"LH","2026-10-02T09:00:00.000000",15.3325443267822
"LH","2026-10-02T10:00:00.000000",15.3695955276489
"LH","2026-10-02T11:00:00.000000",15.3718671798706
"LH","2026-10-02T12:00:00.000000",15.3367919921875
"LH","2026-10-02T13:00:00.000000",15.3454790115356
"LH","2026-10-02T14:00:00.000000",15.3456192016602
"LH","2026-10-02T15:00:00.000000",15.3456192016602
"LH","2026-10-02T16:00:00.000000",15.4370565414429
"LH","2026-10-02T17:00:00.000000",15.5533475875854
"LH","2026-10-02T18:00:00.000000",15.6046524047852
"LH","2026-10-02T19:00:00.000000",15.6060400009155
"LH","2026-10-02T20:00:00.000000",15.6016998291016
"LH","2026-10-02T21:00:00.000000",15.5990476608276
"LH","2026-10-02T22:00:00.000000",15.5174884796143
"LH","2026-10-02T23:00:00.000000",15.4731168746948
"LH","2026-10-03T00:00:00.000000",15.4453935623169
"LH","2026-10-03T01:00:00.000000",15.4175338745117
"LH","2026-10-03T02:00:00.000000",15.4284019470215
"LH","2026-10-03T03:00:00.000000",15.4284019470215
"LH","2026-10-03T04:00:00.000000",15.4284019470215
"LH","2026-10-03T05:00:00.000000",15.4284019470215
"LH","2026-10-03T06:00:00.000000",15.5432558059692
"LH","2026-10-03T07:00:00.000000",15.5939788818359
"LH","2026-10-03T08:00:00.000000",15.5920095443726
"LH","2026-10-03T09:00:00.000000",15.5923938751221
"LH","2026-10-03T10:00:00.000000",15.5918989181519
"LH","2026-10-03T11:00:00.000000",15.5426206588745
"LH","2026-10-03T12:00:00.000000",15.5115480422974
"LH","2026-10-03T13:00:00.000000",15.4653692245483
"LH","2026-10-03T14:00:00.000000",15.476188659668
"LH","2026-10-03T15:00:00.000000",15.476188659668
"LH","2026-10-03T16:00:00.000000",15.476188659668
"LH","2026-10-03T17:00:00.000000",15.6040287017822
"LH","2026-10-03T18:00:00.000000",15.7627992630005
"LH","2026-10-03T19:00:00.000000",15.8123779296875
"LH","2026-10-03T20:00:00.000000",15.8117065429688
"LH","2026-10-03T21:00:00.000000",15.8125734329224
"LH","2026-10-03T22:00:00.000000",15.8127746582031
"LH","2026-10-03T23:00:00.000000",15.708607673645
"LH","2026-10-04T00:00:00.000000",15.6595754623413
"LH","2026-10-04T01:00:00.000000",15.609601020813
"LH","2026-10-04T02:00:00.000000",15.5761795043945
"LH","2026-10-04T03:00:00.000000",15.5883407592773
"LH","2026-10-04T04:00:00.000000",15.5883407592773
"LH","2026-10-04T05:00:00.000000",15.5883407592773
"LH","2026-10-04T06:00:00.000000",15.616943359375
"LH","2026-10-04T07:00:00.000000",15.6928663253784
"LH","2026-10-04T08:00:00.000000",15.7071962356567
"LH","2026-10-04T09:00:00.000000",15.7024230957031
"LH","2026-10-04T10:00:00.000000",15.7024230957031
"LH","2026-10-04T11:00:00.000000",15.7122411727905
"LH","2026-10-04T12:00:00.000000",15.6894578933716
"LH","2026-10-04T13:00:00.000000",15.6667356491089
"LH","2026-10-04T14:00:00.000000",15.6167678833008
"LH","2026-10-04T15:00:00.000000",15.6038131713867
"LH","2026-10-04T16:00:00.000000",15.6090393066406
"LH","2026-10-04T17:00:00.000000",15.6090393066406
"LH","2026-10-04T18:00:00.000000",15.7906770706177
"LH","2026-10-04T19:00:00.000000",15.8929796218872
"LH","2026-10-04T20:00:00.000000",15.9810228347778
"LH","2026-10-04T21:00:00.000000",15.9971942901611
"LH","2026-10-04T22:00:00.000000",16.0004863739014
"LH","2026-10-04T23:00:00.000000",15.9960069656372
"LH","2026-10-05T00:00:00.000000",15.9031524658203
"NB","2026-09-29T00:00:00.000000",15.3976154327393
"NB","2026-09-29T01:00:00.000000",15.3863677978516
"NB","2026-09-29T02:00:00.000000",15.375581741333
"NB","2026-09-29T03:00:00.000000",15.3766040802002
"NB","2026-09-29T04:00:00.000000",15.3703355789185
"NB","2026-09-29T05:00:00.000000",15.3663663864136
"NB","2026-09-29T06:00:00.000000",15.364649772644
"NB","2026-09-29T07:00:00.000000",15.363657951355
"NB","2026-09-29T08:00:00.000000",15.3632307052612
"NB","2026-09-29T09:00:00.000000",15.3631963729858
"NB","2026-09-29T10:00:00.000000",15.3631839752197
"NB","2026-09-29T11:00:00.000000",15.3631935119629
"NB","2026-09-29T12:00:00.000000",15.3657503128052
"NB","2026-09-29T13:00:00.000000",15.3784608840942
"NB","2026-09-29T14:00:00.000000",15.3962507247925
"NB","2026-09-29T15:00:00.000000",15.4064044952393
"NB","2026-09-29T16:00:00.000000",15.4095125198364
"NB","2026-09-29T17:00:00.000000",15.4125919342041
"NB","2026-09-29T18:00:00.000000",15.4157381057739
"NB","2026-09-29T19:00:00.000000",15.4151077270508
"NB","2026-09-29T20:00:00.000000",15.4141178131104
"NB","2026-09-29T21:00:00.000000",15.4140796661377
"NB","2026-09-29T22:00:00.000000",15.4140644073486
"NB","2026-09-29T23:00:00.000000",15.4140644073486
"NB","2026-09-30T00:00:00.000000",15.4140644073486
"NB","2026-09-30T01:00:00.000000",15.4145803451538
"NB","2026-09-30T02:00:00.000000",15.4657487869263
"NB","2026-09-30T03:00:00.000000",15.4652166366577
"NB","2026-09-30T04:00:00.000000",15.4643354415894
"NB","2026-09-30T05:00:00.000000",15.470232963562
"NB","2026-09-30T06:00:00.000000",15.4951095581055
"NB","2026-09-30T07:00:00.000000",15.508749961853
"NB","2026-09-30T08:00:00.000000",15.5122632980347
"NB","2026-09-30T09:00:00.000000",15.5172758102417
"NB","2026-09-30T10:00:00.000000",15.5172700881958
"NB","2026-09-30T11:00:00.000000",15.5172080993652
"NB","2026-09-30T12:00:00.000000",15.5172080993652
"NB","2026-09-30T13:00:00.000000",15.5170660018921
"NB","2026-09-30T14:00:00.000000",15.5227508544922
"NB","2026-09-30T15:00:00.000000",15.5401172637939
"NB","2026-09-30T16:00:00.000000",15.5721197128296
"NB","2026-09-30T17:00:00.000000",15.6083555221558
"NB","2026-09-30T18:00:00.000000",15.6477766036987
"NB","2026-09-30T19:00:00.000000",15.6745548248291
"NB","2026-09-30T20:00:00.000000",15.6746473312378
"NB","2026-09-30T21:00:00.000000",15.6766481399536
"NB","2026-09-30T22:00:00.000000",15.7268571853638
"NB","2026-09-30T23:00:00.000000",15.7517013549805
"NB","2026-10-01T00:00:00.000000",15.7517013549805
"NB","2026-10-01T01:00:00.000000",15.7517013549805
"NB","2026-10-01T02:00:00.000000",15.4535007476807
"NB","2026-10-01T03:00:00.000000",15.3403415679932
"NB","2026-10-01T04:00:00.000000",15.3317003250122
"NB","2026-10-01T05:00:00.000000",15.3325147628784
"NB","2026-10-01T06:00:00.000000",15.3391513824463
"NB","2026-10-01T07:00:00.000000",15.3594465255737
"NB","2026-10-01T08:00:00.000000",15.3743162155151
"NB","2026-10-01T09:00:00.000000",15.397421836853
"NB","2026-10-01T10:00:00.000000",15.4188175201416
"NB","2026-10-01T11:00:00.000000",15.4202089309692
"NB","2026-10-01T12:00:00.000000",15.4201965332031
"NB","2026-10-01T13:00:00.000000",15.4201965332031
"NB","2026-10-01T14:00:00.000000",15.4237079620361
"NB","2026-10-01T15:00:00.000000",15.4658813476562
"NB","2026-10-01T16:00:00.000000",15.5442399978638
"NB","2026-10-01T17:00:00.000000",15.628493309021
"NB","2026-10-01T18:00:00.000000",15.6959409713745
"NB","2026-10-01T19:00:00.000000",15.7407779693604
"NB","2026-10-01T20:00:00.000000",15.7714033126831
"NB","2026-10-01T21:00:00.000000",15.7885456085205
"NB","2026-10-01T22:00:00.000000",15.800518989563
"NB","2026-10-01T23:00:00.000000",15.7998294830322
"NB","2026-10-02T00:00:00.000000",15.799732208252
"NB","2026-10-02T01:00:00.000000",15.799732208252
"NB","2026-10-02T02:00:00.000000",15.799732208252
"NB","2026-10-02T03:00:00.000000",15.7997379302979
"NB","2026-10-02T04:00:00.000000",15.7997236251831
"NB","2026-10-02T05:00:00.000000",15.8137989044189
"NB","2026-10-02T06:00:00.000000",15.818097114563
"NB","2026-10-02T07:00:00.000000",15.8249998092651
"NB","2026-10-02T08:00:00.000000",15.8337278366089
"NB","2026-10-02T09:00:00.000000",15.8513784408569
"NB","2026-10-02T10:00:00.000000",15.8841142654419
"NB","2026-10-02T11:00:00.000000",15.9121522903442
"NB","2026-10-02T12:00:00.000000",15.9286365509033
"NB","2026-10-02T13:00:00.000000",15.9430122375488
"NB","2026-10-02T14:00:00.000000",15.9430122375488
"NB","2026-10-02T15:00:00.000000",15.9530916213989
"NB","2026-10-02T16:00:00.000000",16.0130863189697
"NB","2026-10-02T17:00:00.000000",16.049768447876
"NB","2026-10-02T18:00:00.000000",16.0850448608398
"NB","2026-10-02T19:00:00.000000",16.1267967224121
"NB","2026-10-02T20:00:00.000000",16.1624526977539
"NB","2026-10-02T21:00:00.000000",16.2008533477783
"NB","2026-10-02T22:00:00.000000",16.2338695526123
"NB","2026-10-02T23:00:00.000000",16.2624759674072
"NB","2026-10-03T00:00:00.000000",16.2663249969482
"NB","2026-10-03T01:00:00.000000",16.2663249969482
"NB","2026-10-03T02:00:00.000000",16.2663249969482
"NB","2026-10-03T03:00:00.000000",16.2663249969482
"NB","2026-10-03T04:00:00.000000",16.2663249969482
"NB","2026-10-03T05:00:00.000000",16.2663249969482
"NB","2026-10-03T06:00:00.000000",16.2655410766602
"NB","2026-10-03T07:00:00.000000",16.2625541687012
"NB","2026-10-03T08:00:00.000000",16.253870010376
"NB","2026-10-03T09:00:00.000000",16.2425308227539
"NB","2026-10-03T10:00:00.000000",16.213794708252
"NB","2026-10-03T11:00:00.000000",16.1479911804199
"NB","2026-10-03T12:00:00.000000",16.1298503875732
"NB","2026-10-03T13:00:00.000000",16.2146816253662
"NB","2026-10-03T14:00:00.000000",16.2362728118896
"NB","2026-10-03T15:00:00.000000",16.2362728118896
"NB","2026-10-03T16:00:00.000000",16.1797904968262
"NB","2026-10-03T17:00:00.000000",16.2054328918457
"NB","2026-10-03T18:00:00.000000",16.2374324798584
"NB","2026-10-03T19:00:00.000000",16.2830562591553
"NB","2026-10-03T20:00:00.000000",16.3105144500732
"NB","2026-10-03T21:00:00.000000",16.3124408721924
"NB","2026-10-03T22:00:00.000000",16.3124408721924
"NB","2026-10-03T23:00:00.000000",16.3124408721924
"NB","2026-10-04T00:00:00.000000",16.3124389648438
"NB","2026-10-04T01:00:00.000000",16.3124370574951
"NB","2026-10-04T02:00:00.000000",16.3123950958252
"NB","2026-10-04T03:00:00.000000",16.3123950958252
"NB","2026-10-04T04:00:00.000000",16.3123950958252
"NB","2026-10-04T05:00:00.000000",16.2590084075928
"NB","2026-10-04T06:00:00.000000",16.2402648925781
"NB","2026-10-04T07:00:00.000000",16.2172145843506
"NB","2026-10-04T08:00:00.000000",16.1998329162598
"NB","2026-10-04T09:00:00.000000",16.1919078826904
"NB","2026-10-04T10:00:00.000000",16.2016639709473
"NB","2026-10-04T11:00:00.000000",16.2180080413818
"NB","2026-10-04T12:00:00.000000",16.2335186004639
"NB","2026-10-04T13:00:00.000000",16.2335186004639
"NB","2026-10-04T14:00:00.000000",16.2335186004639
"NB","2026-10-04T15:00:00.000000",16.2336483001709
"NB","2026-10-04T16:00:00.000000",16.2621402740479
"NB","2026-10-04T17:00:00.000000",16.2843551635742
"NB","2026-10-04T18:00:00.000000",16.3072452545166
"NB","2026-10-04T19:00:00.000000",16.3237133026123
"NB","2026-10-04T20:00:00.000000",16.3333473205566
"NB","2026-10-04T21:00:00.000000",16.3333587646484
"NB","2026-10-04T22:00:00.000000",16.3333568572998
"NB","2026-10-04T23:00:00.000000",16.3333568572998
"NB","2026-10-05T00:00:00.000000",16.3333549499512
"PC","2026-09-29T00:00:00.000000",15.8663654327393
"PC","2026-09-29T01:00:00.000000",15.5003204345703
"PC","2026-09-29T02:00:00.000000",15.4465684890747
"PC","2026-09-29T03:00:00.000000",15.4652347564697
"PC","2026-09-29T04:00:00.000000",15.5175981521606
"PC","2026-09-29T05:00:00.000000",15.5867147445679
"PC","2026-09-29T06:00:00.000000",15.5897397994995
"PC","2026-09-29T07:00:00.000000",15.5728979110718
"PC","2026-09-29T08:00:00.000000",15.5093259811401
"PC","2026-09-29T09:00:00.000000",15.5003309249878
"PC","2026-09-29T10:00:00.000000",15.4924154281616
"PC","2026-09-29T11:00:00.000000",15.4910888671875
"PC","2026-09-29T12:00:00.000000",15.4912433624268
"PC","2026-09-29T13:00:00.000000",15.4916715621948
"PC","2026-09-29T14:00:00.000000",15.4925994873047
"PC","2026-09-29T15:00:00.000000",15.5384588241577
"PC","2026-09-29T16:00:00.000000",15.5792102813721
"PC","2026-09-29T17:00:00.000000",15.6326704025269
"PC","2026-09-29T18:00:00.000000",15.6348495483398
"PC","2026-09-29T19:00:00.000000",15.6261138916016
"PC","2026-09-29T20:00:00.000000",15.5893020629883
"PC","2026-09-29T21:00:00.000000",15.5634889602661
"PC","2026-09-29T22:00:00.000000",15.55295753479
"PC","2026-09-29T23:00:00.000000",15.5500612258911
"PC","2026-09-30T00:00:00.000000",15.550163269043
"PC","2026-09-30T01:00:00.000000",14.9419527053833
"PC","2026-09-30T02:00:00.000000",14.852222442627
"PC","2026-09-30T03:00:00.000000",14.8523626327515
"PC","2026-09-30T04:00:00.000000",14.8776187896729
"PC","2026-09-30T05:00:00.000000",14.9091205596924
"PC","2026-09-30T06:00:00.000000",14.9236145019531
"PC","2026-09-30T07:00:00.000000",14.8569021224976
"PC","2026-09-30T08:00:00.000000",14.8364820480347
"PC","2026-09-30T09:00:00.000000",14.8474655151367
"PC","2026-09-30T10:00:00.000000",14.8616962432861
"PC","2026-09-30T11:00:00.000000",14.8630523681641
"PC","2026-09-30T12:00:00.000000",14.8636083602905
"PC","2026-09-30T13:00:00.000000",14.8638610839844
"PC","2026-09-30T14:00:00.000000",14.8642797470093
"PC","2026-09-30T15:00:00.000000",14.8646993637085
"PC","2026-09-30T16:00:00.000000",14.9389905929565
"PC","2026-09-30T17:00:00.000000",14.96275806427
"PC","2026-09-30T18:00:00.000000",14.9710607528687
"PC","2026-09-30T19:00:00.000000",14.9066896438599
"PC","2026-09-30T20:00:00.000000",14.8789319992065
"PC","2026-09-30T21:00:00.000000",14.8738451004028
"PC","2026-09-30T22:00:00.000000",14.8960599899292
"PC","2026-09-30T23:00:00.000000",14.8993215560913
"PC","2026-10-01T00:00:00.000000",14.9000625610352
"PC","2026-10-01T01:00:00.000000",14.7792778015137
"PC","2026-10-01T02:00:00.000000",14.7618074417114
"PC","2026-10-01T03:00:00.000000",14.7625722885132
"PC","2026-10-01T04:00:00.000000",14.763991355896
"PC","2026-10-01T05:00:00.000000",14.8157367706299
"PC","2026-10-01T06:00:00.000000",15.0635709762573
"PC","2026-10-01T07:00:00.000000",15.1483125686646
"PC","2026-10-01T08:00:00.000000",15.1530094146729
"PC","2026-10-01T09:00:00.000000",15.0370578765869
"PC","2026-10-01T10:00:00.000000",14.9450531005859
"PC","2026-10-01T11:00:00.000000",14.9151964187622
"PC","2026-10-01T12:00:00.000000",14.9048261642456
"PC","2026-10-01T13:00:00.000000",14.9042415618896
"PC","2026-10-01T14:00:00.000000",14.904146194458
"PC","2026-10-01T15:00:00.000000",14.9041814804077
"PC","2026-10-01T16:00:00.000000",14.9180860519409
"PC","2026-10-01T17:00:00.000000",15.0516223907471
"PC","2026-10-01T18:00:00.000000",15.2548313140869
"PC","2026-10-01T19:00:00.000000",15.3288345336914
"PC","2026-10-01T20:00:00.000000",15.3442106246948
"PC","2026-10-01T21:00:00.000000",15.3096208572388
"PC","2026-10-01T22:00:00.000000",15.1164493560791
"PC","2026-10-01T23:00:00.000000",15.0872259140015
"PC","2026-10-02T00:00:00.000000",15.0677404403687
"PC","2026-10-02T01:00:00.000000",15.0660705566406
"PC","2026-10-02T02:00:00.000000",15.065673828125
"PC","2026-10-02T03:00:00.000000",15.0656127929688
"PC","2026-10-02T04:00:00.000000",15.0655822753906
"PC","2026-10-02T05:00:00.000000",15.0654907226562
"PC","2026-10-02T06:00:00.000000",15.0591173171997
"PC","2026-10-02T07:00:00.000000",15.2743501663208
"PC","2026-10-02T08:00:00.000000",15.4073734283447
"PC","2026-10-02T09:00:00.000000",15.3874044418335
"PC","2026-10-02T10:00:00.000000",15.2032117843628
"PC","2026-10-02T11:00:00.000000",15.1415376663208
"PC","2026-10-02T12:00:00.000000",15.1288290023804
"PC","2026-10-02T13:00:00.000000",15.1256790161133
"PC","2026-10-02T14:00:00.000000",15.1258697509766
"PC","2026-10-02T15:00:00.000000",15.126296043396
"PC","2026-10-02T16:00:00.000000",15.1265916824341
"PC","2026-10-02T17:00:00.000000",15.1441106796265
"PC","2026-10-02T18:00:00.000000",15.3337326049805
"PC","2026-10-02T19:00:00.000000",15.6045398712158
"PC","2026-10-02T20:00:00.000000",15.6937255859375
"PC","2026-10-02T21:00:00.000000",15.6935091018677
"PC","2026-10-02T22:00:00.000000",15.6405200958252
"PC","2026-10-02T23:00:00.000000",15.3833560943604
"PC","2026-10-03T00:00:00.000000",15.3785934448242
"PC","2026-10-03T01:00:00.000000",15.3662433624268
"PC","2026-10-03T02:00:00.000000",15.3625326156616
"PC","2026-10-03T03:00:00.000000",15.3611850738525
"PC","2026-10-03T04:00:00.000000",15.3609457015991
"PC","2026-10-03T05:00:00.000000",15.3608551025391
"PC","2026-10-03T06:00:00.000000",15.3606100082397
"PC","2026-10-03T07:00:00.000000",15.3777923583984
"PC","2026-10-03T08:00:00.000000",15.524754524231
"PC","2026-10-03T09:00:00.000000",15.6857748031616
"PC","2026-10-03T10:00:00.000000",15.6478576660156
"PC","2026-10-03T11:00:00.000000",15.4632568359375
"PC","2026-10-03T12:00:00.000000",15.4208679199219
"PC","2026-10-03T13:00:00.000000",15.4088735580444
"PC","2026-10-03T14:00:00.000000",15.4060382843018
"PC","2026-10-03T15:00:00.000000",15.4057941436768
"PC","2026-10-03T16:00:00.000000",15.4055805206299
"PC","2026-10-03T17:00:00.000000",15.4053039550781
"PC","2026-10-03T18:00:00.000000",15.4083833694458
"PC","2026-10-03T19:00:00.000000",15.5654649734497
"PC","2026-10-03T20:00:00.000000",15.8686876296997
"PC","2026-10-03T21:00:00.000000",15.9932422637939
"PC","2026-10-03T22:00:00.000000",15.992654800415
"PC","2026-10-03T23:00:00.000000",15.8983583450317
"PC","2026-10-04T00:00:00.000000",15.6410827636719
"PC","2026-10-04T01:00:00.000000",15.6239213943481
"PC","2026-10-04T02:00:00.000000",15.6120090484619
"PC","2026-10-04T03:00:00.000000",15.6089172363281
"PC","2026-10-04T04:00:00.000000",15.6080083847046
"PC","2026-10-04T05:00:00.000000",15.6077270507812
"PC","2026-10-04T06:00:00.000000",15.6077117919922
"PC","2026-10-04T07:00:00.000000",15.6075124740601
"PC","2026-10-04T08:00:00.000000",15.6241407394409
"PC","2026-10-04T09:00:00.000000",15.7634534835815
"PC","2026-10-04T10:00:00.000000",15.9237661361694
"PC","2026-10-04T11:00:00.000000",15.9022846221924
"PC","2026-10-04T12:00:00.000000",15.7395353317261
"PC","2026-10-04T13:00:00.000000",15.6604709625244
"PC","2026-10-04T14:00:00.000000",15.6446475982666
"PC","2026-10-04T15:00:00.000000",15.6402101516724
"PC","2026-10-04T16:00:00.000000",15.6395111083984
"PC","2026-10-04T17:00:00.000000",15.6391754150391
"PC","2026-10-04T18:00:00.000000",15.6388854980469
"PC","2026-10-04T19:00:00.000000",15.6490726470947
"PC","2026-10-04T20:00:00.000000",15.8021268844604
"PC","2026-10-04T21:00:00.000000",16.0659675598145
"PC","2026-10-04T22:00:00.000000",16.1913719177246
"PC","2026-10-04T23:00:00.000000",16.1968669891357
"PC","2026-10-05T00:00:00.000000",16.1336727142334
"PV","2026-09-29T00:00:00.000000",15.5807466506958
"PV","2026-09-29T01:00:00.000000",15.4946889877319
"PV","2026-09-29T02:00:00.000000",15.3501071929932
"PV","2026-09-29T03:00:00.000000",15.3024568557739
"PV","2026-09-29T04:00:00.000000",15.2979116439819
"PV","2026-09-29T05:00:00.000000",15.2915267944336
"PV","2026-09-29T06:00:00.000000",15.2793016433716
"PV","2026-09-29T07:00:00.000000",15.2872772216797
"PV","2026-09-29T08:00:00.000000",15.3007116317749
"PV","2026-09-29T09:00:00.000000",15.3160953521729
"PV","2026-09-29T10:00:00.000000",15.3240346908569
"PV","2026-09-29T11:00:00.000000",15.3240528106689
"PV","2026-09-29T12:00:00.000000",15.3240280151367
"PV","2026-09-29T13:00:00.000000",15.3370208740234
"PV","2026-09-29T14:00:00.000000",15.3521423339844
"PV","2026-09-29T15:00:00.000000",15.3587942123413
"PV","2026-09-29T16:00:00.000000",15.3633728027344
"PV","2026-09-29T17:00:00.000000",15.3655843734741
"PV","2026-09-29T18:00:00.000000",15.379225730896
"PV","2026-09-29T19:00:00.000000",15.403284072876
"PV","2026-09-29T20:00:00.000000",15.4208936691284
"PV","2026-09-29T21:00:00.000000",15.4315614700317
"PV","2026-09-29T22:00:00.000000",15.4318618774414
"PV","2026-09-29T23:00:00.000000",15.4330673217773
"PV","2026-09-30T00:00:00.000000",15.4330673217773
"PV","2026-09-30T01:00:00.000000",15.2459049224854
"PV","2026-09-30T02:00:00.000000",15.1562490463257
"PV","2026-09-30T03:00:00.000000",15.1466236114502
"PV","2026-09-30T04:00:00.000000",15.1405811309814
"PV","2026-09-30T05:00:00.000000",15.14075756073
"PV","2026-09-30T06:00:00.000000",15.1424322128296
"PV","2026-09-30T07:00:00.000000",15.1446094512939
"PV","2026-09-30T08:00:00.000000",15.1471548080444
"PV","2026-09-30T09:00:00.000000",15.1560230255127
"PV","2026-09-30T10:00:00.000000",15.1560125350952
"PV","2026-09-30T11:00:00.000000",15.1560153961182
"PV","2026-09-30T12:00:00.000000",15.1560153961182
"PV","2026-09-30T13:00:00.000000",15.1559782028198
"PV","2026-09-30T14:00:00.000000",15.1576128005981
"PV","2026-09-30T15:00:00.000000",15.1698398590088
"PV","2026-09-30T16:00:00.000000",15.1788549423218
"PV","2026-09-30T17:00:00.000000",15.190299987793
"PV","2026-09-30T18:00:00.000000",15.2072467803955
"PV","2026-09-30T19:00:00.000000",15.2454528808594
"PV","2026-09-30T20:00:00.000000",15.2839269638062
"PV","2026-09-30T21:00:00.000000",15.3091344833374
"PV","2026-09-30T22:00:00.000000",15.3355331420898
"PV","2026-09-30T23:00:00.000000",15.3563766479492
"PV","2026-10-01T00:00:00.000000",15.3563766479492
"PV","2026-10-01T01:00:00.000000",15.3563766479492
"PV","2026-10-01T02:00:00.000000",15.2559194564819
"PV","2026-10-01T03:00:00.000000",15.2479248046875
"PV","2026-10-01T04:00:00.000000",15.2439069747925
"PV","2026-10-01T05:00:00.000000",15.2399473190308
"PV","2026-10-01T06:00:00.000000",15.2325592041016
"PV","2026-10-01T07:00:00.000000",15.2132024765015
"PV","2026-10-01T08:00:00.000000",15.2037878036499
"PV","2026-10-01T09:00:00.000000",15.2148160934448
"PV","2026-10-01T10:00:00.000000",15.2304372787476
"PV","2026-10-01T11:00:00.000000",15.2329940795898
"PV","2026-10-01T12:00:00.000000",15.2330017089844
"PV","2026-10-01T13:00:00.000000",15.2330017089844
"PV","2026-10-01T14:00:00.000000",15.2329883575439
"PV","2026-10-01T15:00:00.000000",15.2471075057983
"PV","2026-10-01T16:00:00.000000",15.2679948806763
"PV","2026-10-01T17:00:00.000000",15.2849702835083
"PV","2026-10-01T18:00:00.000000",15.3027772903442
"PV","2026-10-01T19:00:00.000000",15.3311004638672
"PV","2026-10-01T20:00:00.000000",15.3854398727417
"PV","2026-10-01T21:00:00.000000",15.4250402450562
"PV","2026-10-01T22:00:00.000000",15.441987991333
"PV","2026-10-01T23:00:00.000000",15.4579076766968
"PV","2026-10-02T00:00:00.000000",15.4739608764648
"PV","2026-10-02T01:00:00.000000",15.4739608764648
"PV","2026-10-02T02:00:00.000000",15.4739608764648
"PV","2026-10-02T03:00:00.000000",15.5014600753784
"PV","2026-10-02T04:00:00.000000",15.5094270706177
"PV","2026-10-02T05:00:00.000000",15.5125074386597
"PV","2026-10-02T06:00:00.000000",15.5125074386597
"PV","2026-10-02T07:00:00.000000",15.5124845504761
"PV","2026-10-02T08:00:00.000000",15.4978761672974
"PV","2026-10-02T09:00:00.000000",15.4888706207275
"PV","2026-10-02T10:00:00.000000",15.5017929077148
"PV","2026-10-02T11:00:00.000000",15.5031805038452
"PV","2026-10-02T12:00:00.000000",15.5031805038452
"PV","2026-10-02T13:00:00.000000",15.5031814575195
"PV","2026-10-02T14:00:00.000000",15.5031814575195
"PV","2026-10-02T15:00:00.000000",15.5187559127808
"PV","2026-10-02T16:00:00.000000",15.5409345626831
"PV","2026-10-02T17:00:00.000000",15.5649337768555
"PV","2026-10-02T18:00:00.000000",15.5826978683472
"PV","2026-10-02T19:00:00.000000",15.5977468490601
"PV","2026-10-02T20:00:00.000000",15.6318912506104
"PV","2026-10-02T21:00:00.000000",15.6786165237427
"PV","2026-10-02T22:00:00.000000",15.7140045166016
"PV","2026-10-02T23:00:00.000000",15.7387437820435
"PV","2026-10-03T00:00:00.000000",15.7674407958984
"PV","2026-10-03T01:00:00.000000",15.7787647247314
"PV","2026-10-03T02:00:00.000000",15.7787647247314
"PV","2026-10-03T03:00:00.000000",15.7787647247314
"PV","2026-10-03T04:00:00.000000",15.778528213501
"PV","2026-10-03T05:00:00.000000",15.7717838287354
"PV","2026-10-03T06:00:00.000000",15.7543430328369
"PV","2026-10-03T07:00:00.000000",15.732123374939
"PV","2026-10-03T08:00:00.000000",15.726523399353
"PV","2026-10-03T09:00:00.000000",15.7176637649536
"PV","2026-10-03T10:00:00.000000",15.6872854232788
"PV","2026-10-03T11:00:00.000000",15.6840181350708
"PV","2026-10-03T12:00:00.000000",15.7112503051758
"PV","2026-10-03T13:00:00.000000",15.7563037872314
"PV","2026-10-03T14:00:00.000000",15.7563037872314
"PV","2026-10-03T15:00:00.000000",15.7563037872314
"PV","2026-10-03T16:00:00.000000",15.6558151245117
"PV","2026-10-03T17:00:00.000000",15.6546144485474
"PV","2026-10-03T18:00:00.000000",15.6615877151489
"PV","2026-10-03T19:00:00.000000",15.6675081253052
"PV","2026-10-03T20:00:00.000000",15.6841993331909
"PV","2026-10-03T21:00:00.000000",15.7059297561646
"PV","2026-10-03T22:00:00.000000",15.7391815185547
"PV","2026-10-03T23:00:00.000000",15.7662725448608
"PV","2026-10-04T00:00:00.000000",15.7725133895874
"PV","2026-10-04T01:00:00.000000",15.7850646972656
"PV","2026-10-04T02:00:00.000000",15.7850646972656
"PV","2026-10-04T03:00:00.000000",15.7850646972656
"PV","2026-10-04T04:00:00.000000",15.7850646972656
"PV","2026-10-04T05:00:00.000000",15.7850646972656
"PV","2026-10-04T06:00:00.000000",15.7911863327026
"PV","2026-10-04T07:00:00.000000",15.8026533126831
"PV","2026-10-04T08:00:00.000000",15.799524307251
"PV","2026-10-04T09:00:00.000000",15.7996435165405
"PV","2026-10-04T10:00:00.000000",15.7898483276367
"PV","2026-10-04T11:00:00.000000",15.7632322311401
"PV","2026-10-04T12:00:00.000000",15.7566928863525
"PV","2026-10-04T13:00:00.000000",15.7735319137573
"PV","2026-10-04T14:00:00.000000",15.8025665283203
"PV","2026-10-04T15:00:00.000000",15.8024663925171
"PV","2026-10-04T16:00:00.000000",15.8016920089722
"PV","2026-10-04T17:00:00.000000",15.8024568557739
"PV","2026-10-04T18:00:00.000000",15.8210067749023
"PV","2026-10-04T19:00:00.000000",15.8707504272461
"PV","2026-10-04T20:00:00.000000",15.9422149658203
"PV","2026-10-04T21:00:00.000000",15.9768285751343
"PV","2026-10-04T22:00:00.000000",15.9326448440552
"PV","2026-10-04T23:00:00.000000",15.8959264755249
"PV","2026-10-05T00:00:00.000000",15.9099721908569
"SH","2026-09-29T00:00:00.000000",16.0387439727783
"SH","2026-09-29T01:00:00.000000",15.8915967941284
"SH","2026-09-29T02:00:00.000000",15.6872119903564
"SH","2026-09-29T03:00:00.000000",15.6468296051025
"SH","2026-09-29T04:00:00.000000",15.6177616119385
"SH","2026-09-29T05:00:00.000000",15.5967350006104
"SH","2026-09-29T06:00:00.000000",15.5597229003906
"SH","2026-09-29T07:00:00.000000",15.563817024231
"SH","2026-09-29T08:00:00.000000",15.6066923141479
"SH","2026-09-29T09:00:00.000000",15.6099700927734
"SH","2026-09-29T10:00:00.000000",15.60280418396
"SH","2026-09-29T11:00:00.000000",15.5922775268555
"SH","2026-09-29T12:00:00.000000",15.5922775268555
"SH","2026-09-29T13:00:00.000000",15.6027593612671
"SH","2026-09-29T14:00:00.000000",15.5979557037354
"SH","2026-09-29T15:00:00.000000",15.5895862579346
"SH","2026-09-29T16:00:00.000000",15.5951995849609
"SH","2026-09-29T17:00:00.000000",15.5953617095947
"SH","2026-09-29T18:00:00.000000",15.5610189437866
"SH","2026-09-29T19:00:00.000000",15.542724609375
"SH","2026-09-29T20:00:00.000000",15.5849866867065
"SH","2026-09-29T21:00:00.000000",15.6030626296997
"SH","2026-09-29T22:00:00.000000",15.6117820739746
"SH","2026-09-29T23:00:00.000000",15.6007308959961
"SH","2026-09-30T00:00:00.000000",15.6007308959961
"SH","2026-09-30T01:00:00.000000",15.6007308959961
"SH","2026-09-30T02:00:00.000000",15.4366941452026
"SH","2026-09-30T03:00:00.000000",15.3765325546265
"SH","2026-09-30T04:00:00.000000",15.3121767044067
"SH","2026-09-30T05:00:00.000000",15.2876605987549
"SH","2026-09-30T06:00:00.000000",15.2958240509033
"SH","2026-09-30T07:00:00.000000",15.2339143753052
"SH","2026-09-30T08:00:00.000000",15.1874113082886
"SH","2026-09-30T09:00:00.000000",15.2301092147827
"SH","2026-09-30T10:00:00.000000",15.2506551742554
"SH","2026-09-30T11:00:00.000000",15.2949695587158
"SH","2026-09-30T12:00:00.000000",15.293830871582
"SH","2026-09-30T13:00:00.000000",15.293830871582
"SH","2026-09-30T14:00:00.000000",15.3038511276245
"SH","2026-09-30T15:00:00.000000",15.3058729171753
"SH","2026-09-30T16:00:00.000000",15.3260622024536
"SH","2026-09-30T17:00:00.000000",15.3650465011597
"SH","2026-09-30T18:00:00.000000",15.362904548645
"SH","2026-09-30T19:00:00.000000",15.2936277389526
"SH","2026-09-30T20:00:00.000000",15.2392473220825
"SH","2026-09-30T21:00:00.000000",15.2585220336914
"SH","2026-09-30T22:00:00.000000",15.2658586502075
"SH","2026-09-30T23:00:00.000000",15.3215599060059
"SH","2026-10-01T00:00:00.000000",15.3157424926758
"SH","2026-10-01T01:00:00.000000",15.3157424926758
"SH","2026-10-01T02:00:00.000000",15.3157424926758
"SH","2026-10-01T03:00:00.000000",15.3587217330933
"SH","2026-10-01T04:00:00.000000",15.3667898178101
"SH","2026-10-01T05:00:00.000000",15.3690967559814
"SH","2026-10-01T06:00:00.000000",15.358606338501
"SH","2026-10-01T07:00:00.000000",15.3551959991455
"SH","2026-10-01T08:00:00.000000",15.3236541748047
"SH","2026-10-01T09:00:00.000000",15.3335342407227
"SH","2026-10-01T10:00:00.000000",15.3436193466187
"SH","2026-10-01T11:00:00.000000",15.357593536377
"SH","2026-10-01T12:00:00.000000",15.3381195068359
"SH","2026-10-01T13:00:00.000000",15.3354644775391
"SH","2026-10-01T14:00:00.000000",15.3354644775391
"SH","2026-10-01T15:00:00.000000",15.5233993530273
"SH","2026-10-01T16:00:00.000000",15.5716800689697
"SH","2026-10-01T17:00:00.000000",15.5870161056519
"SH","2026-10-01T18:00:00.000000",15.6299276351929
"SH","2026-10-01T19:00:00.000000",15.628870010376
"SH","2026-10-01T20:00:00.000000",15.5891571044922
"SH","2026-10-01T21:00:00.000000",15.5958786010742
"SH","2026-10-01T22:00:00.000000",15.6002721786499
"SH","2026-10-01T23:00:00.000000",15.6023426055908
"SH","2026-10-02T00:00:00.000000",15.5915794372559
"SH","2026-10-02T01:00:00.000000",15.5921936035156
"SH","2026-10-02T02:00:00.000000",15.5921936035156
"SH","2026-10-02T03:00:00.000000",15.5921936035156
"SH","2026-10-02T04:00:00.000000",15.741888999939
"SH","2026-10-02T05:00:00.000000",15.7532014846802
"SH","2026-10-02T06:00:00.000000",15.7663335800171
"SH","2026-10-02T07:00:00.000000",15.7727346420288
"SH","2026-10-02T08:00:00.000000",15.7734270095825
"SH","2026-10-02T09:00:00.000000",15.7682800292969
"SH","2026-10-02T10:00:00.000000",15.7733297348022
"SH","2026-10-02T11:00:00.000000",15.7733173370361
"SH","2026-10-02T12:00:00.000000",15.77308177948
"SH","2026-10-02T13:00:00.000000",15.7645645141602
"SH","2026-10-02T14:00:00.000000",15.7635192871094
"SH","2026-10-02T15:00:00.000000",15.7635192871094
"SH","2026-10-02T16:00:00.000000",15.8903579711914
"SH","2026-10-02T17:00:00.000000",15.9257879257202
"SH","2026-10-02T18:00:00.000000",15.9603271484375
"SH","2026-10-02T19:00:00.000000",15.9967622756958
"SH","2026-10-02T20:00:00.000000",16.0097637176514
"SH","2026-10-02T21:00:00.000000",15.9871320724487
"SH","2026-10-02T22:00:00.000000",15.9899158477783
"SH","2026-10-02T23:00:00.000000",15.9901075363159
"SH","2026-10-03T00:00:00.000000",15.9900331497192
"SH","2026-10-03T01:00:00.000000",15.9835395812988
"SH","2026-10-03T02:00:00.000000",15.9834594726562
"SH","2026-10-03T03:00:00.000000",15.9834594726562
"SH","2026-10-03T04:00:00.000000",15.9834594726562
"SH","2026-10-03T05:00:00.000000",16.0356731414795
"SH","2026-10-03T06:00:00.000000",16.0474281311035
"SH","2026-10-03T07:00:00.000000",16.0761089324951
"SH","2026-10-03T08:00:00.000000",16.087043762207
"SH","2026-10-03T09:00:00.000000",16.0870361328125
"SH","2026-10-03T10:00:00.000000",16.0498180389404
"SH","2026-10-03T11:00:00.000000",16.0586605072021
"SH","2026-10-03T12:00:00.000000",16.0690288543701
"SH","2026-10-03T13:00:00.000000",16.0686931610107
"SH","2026-10-03T14:00:00.000000",16.0626544952393
"SH","2026-10-03T15:00:00.000000",16.0626544952393
"SH","2026-10-03T16:00:00.000000",16.0626544952393
"SH","2026-10-03T17:00:00.000000",16.1730194091797
"SH","2026-10-03T18:00:00.000000",16.1928195953369
"SH","2026-10-03T19:00:00.000000",16.2239837646484
"SH","2026-10-03T20:00:00.000000",16.2989482879639
"SH","2026-10-03T21:00:00.000000",16.3281211853027
"SH","2026-10-03T22:00:00.000000",16.3125247955322
"SH","2026-10-03T23:00:00.000000",16.3042106628418
"SH","2026-10-04T00:00:00.000000",16.3024654388428
"SH","2026-10-04T01:00:00.000000",16.300220489502
"SH","2026-10-04T02:00:00.000000",16.2910079956055
"SH","2026-10-04T03:00:00.000000",16.2908668518066
"SH","2026-10-04T04:00:00.000000",16.2908668518066
"SH","2026-10-04T05:00:00.000000",16.2908668518066
"SH","2026-10-04T06:00:00.000000",16.3518047332764
"SH","2026-10-04T07:00:00.000000",16.3725986480713
"SH","2026-10-04T08:00:00.000000",16.3975410461426
"SH","2026-10-04T09:00:00.000000",16.4041957855225
"SH","2026-10-04T10:00:00.000000",16.3983249664307
"SH","2026-10-04T11:00:00.000000",16.3459987640381
"SH","2026-10-04T12:00:00.000000",16.3462619781494
"SH","2026-10-04T13:00:00.000000",16.3614444732666
"SH","2026-10-04T14:00:00.000000",16.3688564300537
"SH","2026-10-04T15:00:00.000000",16.3650531768799
"SH","2026-10-04T16:00:00.000000",16.3650531768799
"SH","2026-10-04T17:00:00.000000",16.3650531768799
"SH","2026-10-04T18:00:00.000000",16.444917678833
"SH","2026-10-04T19:00:00.000000",16.4846725463867
"SH","2026-10-04T20:00:00.000000",16.5025615692139
"SH","2026-10-04T21:00:00.000000",16.5176982879639
"SH","2026-10-04T22:00:00.000000",16.5187225341797
"SH","2026-10-04T23:00:00.000000",16.4610042572021
"SH","2026-10-05T00:00:00.000000",16.4482097625732
"WB","2026-09-29T00:00:00.000000",15.4019088745117
"WB","2026-09-29T01:00:00.000000",15.2806463241577
"WB","2026-09-29T02:00:00.000000",15.2132940292358
"WB","2026-09-29T03:00:00.000000",15.1804914474487
"WB","2026-09-29T04:00:00.000000",15.1595106124878
"WB","2026-09-29T05:00:00.000000",15.1601896286011
"WB","2026-09-29T06:00:00.000000",15.1955490112305
"WB","2026-09-29T07:00:00.000000",15.194465637207
"WB","2026-09-29T08:00:00.000000",15.2060670852661
"WB","2026-09-29T09:00:00.000000",15.2266111373901
"WB","2026-09-29T10:00:00.000000",15.243616104126
"WB","2026-09-29T11:00:00.000000",15.2471609115601
"WB","2026-09-29T12:00:00.000000",15.2492771148682
"WB","2026-09-29T13:00:00.000000",15.2392597198486
"WB","2026-09-29T14:00:00.000000",15.2195959091187
"WB","2026-09-29T15:00:00.000000",15.2049245834351
"WB","2026-09-29T16:00:00.000000",15.1958637237549
"WB","2026-09-29T17:00:00.000000",15.1891164779663
"WB","2026-09-29T18:00:00.000000",15.2019643783569
"WB","2026-09-29T19:00:00.000000",15.2216939926147
"WB","2026-09-29T20:00:00.000000",15.2389440536499
"WB","2026-09-29T21:00:00.000000",15.2629308700562
"WB","2026-09-29T22:00:00.000000",15.2819738388062
"WB","2026-09-29T23:00:00.000000",15.2894229888916
"WB","2026-09-30T00:00:00.000000",15.2962913513184
"WB","2026-09-30T01:00:00.000000",15.4164991378784
"WB","2026-09-30T02:00:00.000000",15.4504871368408
"WB","2026-09-30T03:00:00.000000",15.449951171875
"WB","2026-09-30T04:00:00.000000",15.4450578689575
"WB","2026-09-30T05:00:00.000000",15.4415760040283
"WB","2026-09-30T06:00:00.000000",15.4373264312744
"WB","2026-09-30T07:00:00.000000",15.4238204956055
"WB","2026-09-30T08:00:00.000000",15.427264213562
"WB","2026-09-30T09:00:00.000000",15.4448795318604
"WB","2026-09-30T10:00:00.000000",15.4602022171021
"WB","2026-09-30T11:00:00.000000",15.4663467407227
"WB","2026-09-30T12:00:00.000000",15.4675092697144
"WB","2026-09-30T13:00:00.000000",15.4662551879883
"WB","2026-09-30T14:00:00.000000",15.4663791656494
"WB","2026-09-30T15:00:00.000000",15.4672183990479
"WB","2026-09-30T16:00:00.000000",15.4770526885986
"WB","2026-09-30T17:00:00.000000",15.50412940979
"WB","2026-09-30T18:00:00.000000",15.5070724487305
"WB","2026-09-30T19:00:00.000000",15.5459508895874
"WB","2026-09-30T20:00:00.000000",15.6932420730591
"WB","2026-09-30T21:00:00.000000",15.7336626052856
"WB","2026-09-30T22:00:00.000000",15.7544012069702
"WB","2026-09-30T23:00:00.000000",15.7730865478516
"WB","2026-10-01T00:00:00.000000",15.7793340682983
"WB","2026-10-01T01:00:00.000000",15.5481386184692
"WB","2026-10-01T02:00:00.000000",15.4917345046997
"WB","2026-10-01T03:00:00.000000",15.4703063964844
"WB","2026-10-01T04:00:00.000000",15.44580078125
"WB","2026-10-01T05:00:00.000000",15.4118137359619
"WB","2026-10-01T06:00:00.000000",15.4031066894531
"WB","2026-10-01T07:00:00.000000",15.4336385726929
"WB","2026-10-01T08:00:00.000000",15.472297668457
"WB","2026-10-01T09:00:00.000000",15.462381362915
"WB","2026-10-01T10:00:00.000000",15.4646348953247
"WB","2026-10-01T11:00:00.000000",15.4758424758911
"WB","2026-10-01T12:00:00.000000",15.4822950363159
"WB","2026-10-01T13:00:00.000000",15.4897727966309
"WB","2026-10-01T14:00:00.000000",15.5076398849487
"WB","2026-10-01T15:00:00.000000",15.5303955078125
"WB","2026-10-01T16:00:00.000000",15.5565614700317
"WB","2026-10-01T17:00:00.000000",15.6077756881714
"WB","2026-10-01T18:00:00.000000",15.6470327377319
"WB","2026-10-01T19:00:00.000000",15.6266679763794
"WB","2026-10-01T20:00:00.000000",15.6356506347656
"WB","2026-10-01T21:00:00.000000",15.8127431869507
"WB","2026-10-01T22:00:00.000000",15.8602323532104
"WB","2026-10-01T23:00:00.000000",15.8812255859375
"WB","2026-10-02T00:00:00.000000",15.8943185806274
"WB","2026-10-02T01:00:00.000000",15.8943176269531
"WB","2026-10-02T02:00:00.000000",15.8943176269531
"WB","2026-10-02T03:00:00.000000",15.8942975997925
"WB","2026-10-02T04:00:00.000000",15.8907117843628
"WB","2026-10-02T05:00:00.000000",15.8796834945679
"WB","2026-10-02T06:00:00.000000",15.8425416946411
"WB","2026-10-02T07:00:00.000000",15.8274812698364
"WB","2026-10-02T08:00:00.000000",15.867299079895
"WB","2026-10-02T09:00:00.000000",15.8889083862305
"WB","2026-10-02T10:00:00.000000",15.8663482666016
"WB","2026-10-02T11:00:00.000000",15.8632326126099
"WB","2026-10-02T12:00:00.000000",15.8747606277466
"WB","2026-10-02T13:00:00.000000",15.885139465332
"WB","2026-10-02T14:00:00.000000",15.8877992630005
"WB","2026-10-02T15:00:00.000000",15.900092124939
"WB","2026-10-02T16:00:00.000000",15.9399213790894
"WB","2026-10-02T17:00:00.000000",15.9728393554688
"WB","2026-10-02T18:00:00.000000",16.0157527923584
"WB","2026-10-02T19:00:00.000000",16.0388412475586
"WB","2026-10-02T20:00:00.000000",16.0231475830078
"WB","2026-10-02T21:00:00.000000",16.1399669647217
"WB","2026-10-02T22:00:00.000000",16.2642288208008
"WB","2026-10-02T23:00:00.000000",16.2810077667236
"WB","2026-10-03T00:00:00.000000",16.2855758666992
"WB","2026-10-03T01:00:00.000000",16.2867259979248
"WB","2026-10-03T02:00:00.000000",16.2867279052734
"WB","2026-10-03T03:00:00.000000",16.2867259979248
"WB","2026-10-03T04:00:00.000000",16.2832355499268
"WB","2026-10-03T05:00:00.000000",16.2680568695068
"WB","2026-10-03T06:00:00.000000",16.225793838501
"WB","2026-10-03T07:00:00.000000",16.1714820861816
"WB","2026-10-03T08:00:00.000000",16.1426334381104
"WB","2026-10-03T09:00:00.000000",16.1685695648193
"WB","2026-10-03T10:00:00.000000",16.2569026947021
"WB","2026-10-03T11:00:00.000000",16.27317237854
"WB","2026-10-03T12:00:00.000000",16.2732181549072
"WB","2026-10-03T13:00:00.000000",16.2680187225342
"WB","2026-10-03T14:00:00.000000",16.2727870941162
"WB","2026-10-03T15:00:00.000000",16.2834224700928
"WB","2026-10-03T16:00:00.000000",16.2954025268555
"WB","2026-10-03T17:00:00.000000",16.3084449768066
"WB","2026-10-03T18:00:00.000000",16.3030281066895
"WB","2026-10-03T19:00:00.000000",16.2874145507812
"WB","2026-10-03T20:00:00.000000",16.2841167449951
"WB","2026-10-03T21:00:00.000000",16.283727645874
"WB","2026-10-03T22:00:00.000000",16.290771484375
"WB","2026-10-03T23:00:00.000000",16.3506145477295
"WB","2026-10-04T00:00:00.000000",16.4000587463379
"WB","2026-10-04T01:00:00.000000",16.4152603149414
"WB","2026-10-04T02:00:00.000000",16.4188823699951
"WB","2026-10-04T03:00:00.000000",16.4208831787109
"WB","2026-10-04T04:00:00.000000",16.4201202392578
"WB","2026-10-04T05:00:00.000000",16.3925457000732
"WB","2026-10-04T06:00:00.000000",16.3590297698975
"WB","2026-10-04T07:00:00.000000",16.2952175140381
"WB","2026-10-04T08:00:00.000000",16.2154083251953
"WB","2026-10-04T09:00:00.000000",16.1717128753662
"WB","2026-10-04T10:00:00.000000",16.1825256347656
"WB","2026-10-04T11:00:00.000000",16.2899627685547
"WB","2026-10-04T12:00:00.000000",16.3568706512451
"WB","2026-10-04T13:00:00.000000",16.3794078826904
"WB","2026-10-04T14:00:00.000000",16.3876266479492
"WB","2026-10-04T15:00:00.000000",16.3909149169922
"WB","2026-10-04T16:00:00.000000",16.3937892913818
"WB","2026-10-04T17:00:00.000000",16.4062023162842
"WB","2026-10-04T18:00:00.000000",16.4184551239014
"WB","2026-10-04T19:00:00.000000",16.415433883667
"WB","2026-10-04T20:00:00.000000",16.4101696014404
"WB","2026-10-04T21:00:00.000000",16.4057807922363
"WB","2026-10-04T22:00:00.000000",16.4044799804688
"WB","2026-10-04T23:00:00.000000",16.4071083068848
"WB","2026-10-05T00:00:00.000000",16.4327907562256
"CC","2026-09-29T00:00:00.000000",18.2324752807617
"CC","2026-09-29T01:00:00.000000",17.4731636047363
"CC","2026-09-29T02:00:00.000000",17.3499240875244
"CC","2026-09-29T03:00:00.000000",17.3454399108887
"CC","2026-09-29T04:00:00.000000",17.3457832336426
"CC","2026-09-29T05:00:00.000000",17.3433818817139
"CC","2026-09-29T06:00:00.000000",17.3394565582275
"CC","2026-09-29T07:00:00.000000",17.3355388641357
"CC","2026-09-29T08:00:00.000000",17.3313674926758
"CC","2026-09-29T09:00:00.000000",17.3288745880127
"CC","2026-09-29T10:00:00.000000",17.3236675262451
"CC","2026-09-29T11:00:00.000000",17.3154640197754
"CC","2026-09-29T12:00:00.000000",17.3136596679688
"CC","2026-09-29T13:00:00.000000",17.3204784393311
"CC","2026-09-29T14:00:00.000000",17.3461227416992
"CC","2026-09-29T15:00:00.000000",17.4139614105225
"CC","2026-09-29T16:00:00.000000",17.5445804595947
"CC","2026-09-29T17:00:00.000000",17.6390190124512
"CC","2026-09-29T18:00:00.000000",17.6898918151855
"CC","2026-09-29T19:00:00.000000",17.7023429870605
"CC","2026-09-29T20:00:00.000000",17.7021369934082
"CC","2026-09-29T21:00:00.000000",17.6917190551758
"CC","2026-09-29T22:00:00.000000",17.6692924499512
"CC","2026-09-29T23:00:00.000000",17.6461887359619
"CC","2026-09-30T00:00:00.000000",17.6238708496094
"CC","2026-09-30T01:00:00.000000",17.2101306915283
"CC","2026-09-30T02:00:00.000000",17.141752243042
"CC","2026-09-30T03:00:00.000000",17.1299495697021
"CC","2026-09-30T04:00:00.000000",17.1253681182861
"CC","2026-09-30T05:00:00.000000",17.1264495849609
"CC","2026-09-30T06:00:00.000000",17.1186695098877
"CC","2026-09-30T07:00:00.000000",17.1193256378174
"CC","2026-09-30T08:00:00.000000",17.0967750549316
"CC","2026-09-30T09:00:00.000000",17.0759334564209
"CC","2026-09-30T10:00:00.000000",17.0799980163574
"CC","2026-09-30T11:00:00.000000",17.0576686859131
"CC","2026-09-30T12:00:00.000000",17.0638484954834
"CC","2026-09-30T13:00:00.000000",17.1053810119629
"CC","2026-09-30T14:00:00.000000",17.1439094543457
"CC","2026-09-30T15:00:00.000000",17.206413269043
"CC","2026-09-30T16:00:00.000000",17.2816314697266
"CC","2026-09-30T17:00:00.000000",17.3534336090088
"CC","2026-09-30T18:00:00.000000",17.3995990753174
"CC","2026-09-30T19:00:00.000000",17.4083690643311
"CC","2026-09-30T20:00:00.000000",17.4058513641357
"CC","2026-09-30T21:00:00.000000",17.3902320861816
"CC","2026-09-30T22:00:00.000000",17.3801937103271
"CC","2026-09-30T23:00:00.000000",17.3605842590332
"CC","2026-10-01T00:00:00.000000",17.3363361358643
"CC","2026-10-01T01:00:00.000000",17.1856117248535
"CC","2026-10-01T02:00:00.000000",17.158655166626
"CC","2026-10-01T03:00:00.000000",17.1663722991943
"CC","2026-10-01T04:00:00.000000",17.1637001037598
"CC","2026-10-01T05:00:00.000000",17.1551132202148
"CC","2026-10-01T06:00:00.000000",17.1420974731445
"CC","2026-10-01T07:00:00.000000",17.1299629211426
"CC","2026-10-01T08:00:00.000000",17.1242027282715
"CC","2026-10-01T09:00:00.000000",17.1247730255127
"CC","2026-10-01T10:00:00.000000",17.1295127868652
"CC","2026-10-01T11:00:00.000000",17.1307067871094
"CC","2026-10-01T12:00:00.000000",17.1547412872314
"CC","2026-10-01T13:00:00.000000",17.2034568786621
"CC","2026-10-01T14:00:00.000000",17.2537422180176
"CC","2026-10-01T15:00:00.000000",17.3115844726562
"CC","2026-10-01T16:00:00.000000",17.356840133667
"CC","2026-10-01T17:00:00.000000",17.3894424438477
"CC","2026-10-01T18:00:00.000000",17.4252948760986
"CC","2026-10-01T19:00:00.000000",17.4605121612549
"CC","2026-10-01T20:00:00.000000",17.4831466674805
"CC","2026-10-01T21:00:00.000000",17.4782733917236
"CC","2026-10-01T22:00:00.000000",17.4533615112305
"CC","2026-10-01T23:00:00.000000",17.4204978942871
"CC","2026-10-02T00:00:00.000000",17.3978977203369
"CC","2026-10-02T01:00:00.000000",17.3949527740479
"CC","2026-10-02T02:00:00.000000",17.3928623199463
"CC","2026-10-02T03:00:00.000000",17.3907985687256
"CC","2026-10-02T04:00:00.000000",17.3896808624268
"CC","2026-10-02T05:00:00.000000",17.3896713256836
"CC","2026-10-02T06:00:00.000000",17.3866539001465
"CC","2026-10-02T07:00:00.000000",17.3818874359131
"CC","2026-10-02T08:00:00.000000",17.3757781982422
"CC","2026-10-02T09:00:00.000000",17.3701210021973
"CC","2026-10-02T10:00:00.000000",17.3654346466064
"CC","2026-10-02T11:00:00.000000",17.3601379394531
"CC","2026-10-02T12:00:00.000000",17.3592720031738
"CC","2026-10-02T13:00:00.000000",17.3702583312988
"CC","2026-10-02T14:00:00.000000",17.3987674713135
"CC","2026-10-02T15:00:00.000000",17.440731048584
"CC","2026-10-02T16:00:00.000000",17.4905014038086
"CC","2026-10-02T17:00:00.000000",17.5443801879883
"CC","2026-10-02T18:00:00.000000",17.5967788696289
"CC","2026-10-02T19:00:00.000000",17.642183303833
"CC","2026-10-02T20:00:00.000000",17.6722927093506
"CC","2026-10-02T21:00:00.000000",17.6842288970947
"CC","2026-10-02T22:00:00.000000",17.6838665008545
"CC","2026-10-02T23:00:00.000000",17.6772327423096
"CC","2026-10-03T00:00:00.000000",17.6652221679688
"CC","2026-10-03T01:00:00.000000",17.6521015167236
"CC","2026-10-03T02:00:00.000000",17.6418437957764
"CC","2026-10-03T03:00:00.000000",17.633960723877
"CC","2026-10-03T04:00:00.000000",17.6292781829834
"CC","2026-10-03T05:00:00.000000",17.626579284668
"CC","2026-10-03T06:00:00.000000",17.6248340606689
"CC","2026-10-03T07:00:00.000000",17.6246566772461
"CC","2026-10-03T08:00:00.000000",17.6248149871826
"CC","2026-10-03T09:00:00.000000",17.6207084655762
"CC","2026-10-03T10:00:00.000000",17.6093883514404
"CC","2026-10-03T11:00:00.000000",17.593469619751
"CC","2026-10-03T12:00:00.000000",17.5801525115967
"CC","2026-10-03T13:00:00.000000",17.5803165435791
"CC","2026-10-03T14:00:00.000000",17.5961799621582
"CC","2026-10-03T15:00:00.000000",17.6245746612549
"CC","2026-10-03T16:00:00.000000",17.6599369049072
"CC","2026-10-03T17:00:00.000000",17.7001705169678
"CC","2026-10-03T18:00:00.000000",17.7443065643311
"CC","2026-10-03T19:00:00.000000",17.7908630371094
"CC","2026-10-03T20:00:00.000000",17.8354320526123
"CC","2026-10-03T21:00:00.000000",17.8659801483154
"CC","2026-10-03T22:00:00.000000",17.868350982666
"CC","2026-10-03T23:00:00.000000",17.8564987182617
"CC","2026-10-04T00:00:00.000000",17.8369140625
"CC","2026-10-04T01:00:00.000000",17.8140296936035
"CC","2026-10-04T02:00:00.000000",17.7922897338867
"CC","2026-10-04T03:00:00.000000",17.7707958221436
"CC","2026-10-04T04:00:00.000000",17.7512226104736
"CC","2026-10-04T05:00:00.000000",17.7326583862305
"CC","2026-10-04T06:00:00.000000",17.7149124145508
"CC","2026-10-04T07:00:00.000000",17.697509765625
"CC","2026-10-04T08:00:00.000000",17.6809024810791
"CC","2026-10-04T09:00:00.000000",17.6641502380371
"CC","2026-10-04T10:00:00.000000",17.6443901062012
"CC","2026-10-04T11:00:00.000000",17.6227931976318
"CC","2026-10-04T12:00:00.000000",17.6046028137207
"CC","2026-10-04T13:00:00.000000",17.6005458831787
"CC","2026-10-04T14:00:00.000000",17.6163578033447
"CC","2026-10-04T15:00:00.000000",17.6496429443359
"CC","2026-10-04T16:00:00.000000",17.6949024200439
"CC","2026-10-04T17:00:00.000000",17.7419929504395
"CC","2026-10-04T18:00:00.000000",17.7865562438965
"CC","2026-10-04T19:00:00.000000",17.8262023925781
"CC","2026-10-04T20:00:00.000000",17.8562145233154
"CC","2026-10-04T21:00:00.000000",17.8731002807617
"CC","2026-10-04T22:00:00.000000",17.8750667572021
"CC","2026-10-04T23:00:00.000000",17.8664398193359
"CC","2026-10-05T00:00:00.000000",17.8567752838135
"DL","2026-09-29T00:00:00.000000",18.0868244171143
"DL","2026-09-29T01:00:00.000000",17.6860275268555
"DL","2026-09-29T02:00:00.000000",17.0630435943604
"DL","2026-09-29T03:00:00.000000",16.8629570007324
"DL","2026-09-29T04:00:00.000000",16.831672668457
"DL","2026-09-29T05:00:00.000000",16.7932453155518
"DL","2026-09-29T06:00:00.000000",16.7781257629395
"DL","2026-09-29T07:00:00.000000",16.7802658081055
"DL","2026-09-29T08:00:00.000000",16.7860355377197
"DL","2026-09-29T09:00:00.000000",16.794361114502
"DL","2026-09-29T10:00:00.000000",16.7941799163818
"DL","2026-09-29T11:00:00.000000",16.7916011810303
"DL","2026-09-29T12:00:00.000000",16.7999477386475
"DL","2026-09-29T13:00:00.000000",16.8119029998779
"DL","2026-09-29T14:00:00.000000",16.8245868682861
"DL","2026-09-29T15:00:00.000000",16.8295116424561
"DL","2026-09-29T16:00:00.000000",16.8258037567139
"DL","2026-09-29T17:00:00.000000",16.8243579864502
"DL","2026-09-29T18:00:00.000000",16.8100776672363
"DL","2026-09-29T19:00:00.000000",16.8068218231201
"DL","2026-09-29T20:00:00.000000",16.8096904754639
"DL","2026-09-29T21:00:00.000000",16.8121089935303
"DL","2026-09-29T22:00:00.000000",16.8125324249268
"DL","2026-09-29T23:00:00.000000",16.8077583312988
"DL","2026-09-30T00:00:00.000000",16.8081130981445
"DL","2026-09-30T01:00:00.000000",16.8654670715332
"DL","2026-09-30T02:00:00.000000",17.2037010192871
"DL","2026-09-30T03:00:00.000000",17.5586452484131
"DL","2026-09-30T04:00:00.000000",17.6601963043213
"DL","2026-09-30T05:00:00.000000",17.675271987915
"DL","2026-09-30T06:00:00.000000",17.7008152008057
"DL","2026-09-30T07:00:00.000000",17.7169017791748
"DL","2026-09-30T08:00:00.000000",17.7193183898926
"DL","2026-09-30T09:00:00.000000",17.7220249176025
"DL","2026-09-30T10:00:00.000000",17.7206516265869
"DL","2026-09-30T11:00:00.000000",17.7230911254883
"DL","2026-09-30T12:00:00.000000",17.7317600250244
"DL","2026-09-30T13:00:00.000000",17.7442092895508
"DL","2026-09-30T14:00:00.000000",17.7611770629883
"DL","2026-09-30T15:00:00.000000",17.7724990844727
"DL","2026-09-30T16:00:00.000000",17.7665386199951
"DL","2026-09-30T17:00:00.000000",17.7594757080078
"DL","2026-09-30T18:00:00.000000",17.7658596038818
"DL","2026-09-30T19:00:00.000000",17.7722434997559
"DL","2026-09-30T20:00:00.000000",17.7747478485107
"DL","2026-09-30T21:00:00.000000",17.7702884674072
"DL","2026-09-30T22:00:00.000000",17.7587585449219
"DL","2026-09-30T23:00:00.000000",17.7534160614014
"DL","2026-10-01T00:00:00.000000",17.7652893066406
"DL","2026-10-01T01:00:00.000000",17.6997089385986
"DL","2026-10-01T02:00:00.000000",17.4313831329346
"DL","2026-10-01T03:00:00.000000",17.3571701049805
"DL","2026-10-01T04:00:00.000000",17.304967880249
"DL","2026-10-01T05:00:00.000000",17.289436340332
"DL","2026-10-01T06:00:00.000000",17.2673568725586
"DL","2026-10-01T07:00:00.000000",17.2505683898926
"DL","2026-10-01T08:00:00.000000",17.2482204437256
"DL","2026-10-01T09:00:00.000000",17.2530097961426
"DL","2026-10-01T10:00:00.000000",17.2569942474365
"DL","2026-10-01T11:00:00.000000",17.253963470459
"DL","2026-10-01T12:00:00.000000",17.2495403289795
"DL","2026-10-01T13:00:00.000000",17.2529945373535
"DL","2026-10-01T14:00:00.000000",17.2676906585693
"DL","2026-10-01T15:00:00.000000",17.3020706176758
"DL","2026-10-01T16:00:00.000000",17.3407402038574
"DL","2026-10-01T17:00:00.000000",17.3393230438232
"DL","2026-10-01T18:00:00.000000",17.3283863067627
"DL","2026-10-01T19:00:00.000000",17.3173980712891
"DL","2026-10-01T20:00:00.000000",17.3120937347412
"DL","2026-10-01T21:00:00.000000",17.3167915344238
"DL","2026-10-01T22:00:00.000000",17.3163547515869
"DL","2026-10-01T23:00:00.000000",17.2972736358643
"DL","2026-10-02T00:00:00.000000",17.2866230010986
"DL","2026-10-02T01:00:00.000000",17.2984733581543
"DL","2026-10-02T02:00:00.000000",17.3132781982422
"DL","2026-10-02T03:00:00.000000",17.3189582824707
"DL","2026-10-02T04:00:00.000000",17.3161144256592
"DL","2026-10-02T05:00:00.000000",17.3065624237061
"DL","2026-10-02T06:00:00.000000",17.3009414672852
"DL","2026-10-02T07:00:00.000000",17.3047542572021
"DL","2026-10-02T08:00:00.000000",17.3072071075439
"DL","2026-10-02T09:00:00.000000",17.3120918273926
"DL","2026-10-02T10:00:00.000000",17.3081817626953
"DL","2026-10-02T11:00:00.000000",17.3033103942871
"DL","2026-10-02T12:00:00.000000",17.2964763641357
"DL","2026-10-02T13:00:00.000000",17.3036079406738
"DL","2026-10-02T14:00:00.000000",17.3194332122803
"DL","2026-10-02T15:00:00.000000",17.3387298583984
"DL","2026-10-02T16:00:00.000000",17.3622798919678
"DL","2026-10-02T17:00:00.000000",17.3713874816895
"DL","2026-10-02T18:00:00.000000",17.3597984313965
"DL","2026-10-02T19:00:00.000000",17.344783782959
"DL","2026-10-02T20:00:00.000000",17.3511180877686
"DL","2026-10-02T21:00:00.000000",17.3589057922363
"DL","2026-10-02T22:00:00.000000",17.3639965057373
"DL","2026-10-02T23:00:00.000000",17.3565769195557
"DL","2026-10-03T00:00:00.000000",17.3336181640625
"DL","2026-10-03T01:00:00.000000",17.3213138580322
"DL","2026-10-03T02:00:00.000000",17.3275775909424
"DL","2026-10-03T03:00:00.000000",17.340576171875
"DL","2026-10-03T04:00:00.000000",17.3536319732666
"DL","2026-10-03T05:00:00.000000",17.3602809906006
"DL","2026-10-03T06:00:00.000000",17.3563194274902
"DL","2026-10-03T07:00:00.000000",17.3504676818848
"DL","2026-10-03T08:00:00.000000",17.3435935974121
"DL","2026-10-03T09:00:00.000000",17.3396797180176
"DL","2026-10-03T10:00:00.000000",17.3352642059326
"DL","2026-10-03T11:00:00.000000",17.3302822113037
"DL","2026-10-03T12:00:00.000000",17.3309192657471
"DL","2026-10-03T13:00:00.000000",17.3381214141846
"DL","2026-10-03T14:00:00.000000",17.3554573059082
"DL","2026-10-03T15:00:00.000000",17.3788242340088
"DL","2026-10-03T16:00:00.000000",17.4110622406006
"DL","2026-10-03T17:00:00.000000",17.4483509063721
"DL","2026-10-03T18:00:00.000000",17.4664611816406
"DL","2026-10-03T19:00:00.000000",17.4622287750244
"DL","2026-10-03T20:00:00.000000",17.451602935791
"DL","2026-10-03T21:00:00.000000",17.4407329559326
"DL","2026-10-03T22:00:00.000000",17.436149597168
"DL","2026-10-03T23:00:00.000000",17.4217987060547
"DL","2026-10-04T00:00:00.000000",17.4026489257812
"DL","2026-10-04T01:00:00.000000",17.3886470794678
"DL","2026-10-04T02:00:00.000000",17.3853206634521
"DL","2026-10-04T03:00:00.000000",17.4027614593506
"DL","2026-10-04T04:00:00.000000",17.429292678833
"DL","2026-10-04T05:00:00.000000",17.4637851715088
"DL","2026-10-04T06:00:00.000000",17.5112209320068
"DL","2026-10-04T07:00:00.000000",17.5239810943604
"DL","2026-10-04T08:00:00.000000",17.5094013214111
"DL","2026-10-04T09:00:00.000000",17.4892826080322
"DL","2026-10-04T10:00:00.000000",17.4739837646484
"DL","2026-10-04T11:00:00.000000",17.4634037017822
"DL","2026-10-04T12:00:00.000000",17.4541397094727
"DL","2026-10-04T13:00:00.000000",17.4521408081055
"DL","2026-10-04T14:00:00.000000",17.4580097198486
"DL","2026-10-04T15:00:00.000000",17.4780731201172
"DL","2026-10-04T16:00:00.000000",17.505277633667
"DL","2026-10-04T17:00:00.000000",17.540771484375
"DL","2026-10-04T18:00:00.000000",17.573844909668
"DL","2026-10-04T19:00:00.000000",17.5892887115479
"DL","2026-10-04T20:00:00.000000",17.5856304168701
"DL","2026-10-04T21:00:00.000000",17.5722637176514
"DL","2026-10-04T22:00:00.000000",17.5621585845947
"DL","2026-10-04T23:00:00.000000",17.5574226379395
"DL","2026-10-05T00:00:00.000000",17.5477924346924
"GB","2026-09-29T00:00:00.000000",17.6682472229004
"GB","2026-09-29T01:00:00.000000",18.1731662750244
"GB","2026-09-29T02:00:00.000000",18.2387828826904
"GB","2026-09-29T03:00:00.000000",18.2697315216064
"GB","2026-09-29T04:00:00.000000",18.286153793335
"GB","2026-09-29T05:00:00.000000",18.314754486084
"GB","2026-09-29T06:00:00.000000",18.3384532928467
"GB","2026-09-29T07:00:00.000000",18.3173599243164
"GB","2026-09-29T08:00:00.000000",18.2812557220459
"GB","2026-09-29T09:00:00.000000",18.2552280426025
"GB","2026-09-29T10:00:00.000000",18.2440013885498
"GB","2026-09-29T11:00:00.000000",18.2211666107178
"GB","2026-09-29T12:00:00.000000",18.219970703125
"GB","2026-09-29T13:00:00.000000",18.2325325012207
"GB","2026-09-29T14:00:00.000000",18.2744789123535
"GB","2026-09-29T15:00:00.000000",18.2982540130615
"GB","2026-09-29T16:00:00.000000",18.3268203735352
"GB","2026-09-29T17:00:00.000000",18.3688125610352
"GB","2026-09-29T18:00:00.000000",18.4813346862793
"GB","2026-09-29T19:00:00.000000",18.5017776489258
"GB","2026-09-29T20:00:00.000000",18.4155731201172
"GB","2026-09-29T21:00:00.000000",18.3771362304688
"GB","2026-09-29T22:00:00.000000",18.3497791290283
"GB","2026-09-29T23:00:00.000000",18.3160037994385
"GB","2026-09-30T00:00:00.000000",18.2936916351318
"GB","2026-09-30T01:00:00.000000",18.5266056060791
"GB","2026-09-30T02:00:00.000000",18.5335578918457
"GB","2026-09-30T03:00:00.000000",18.5051670074463
"GB","2026-09-30T04:00:00.000000",18.4835472106934
"GB","2026-09-30T05:00:00.000000",18.4719638824463
"GB","2026-09-30T06:00:00.000000",18.4658679962158
"GB","2026-09-30T07:00:00.000000",18.53537940979
"GB","2026-09-30T08:00:00.000000",18.4425792694092
"GB","2026-09-30T09:00:00.000000",18.4439315795898
"GB","2026-09-30T10:00:00.000000",18.4588413238525
"GB","2026-09-30T11:00:00.000000",18.4592456817627
"GB","2026-09-30T12:00:00.000000",18.4669761657715
"GB","2026-09-30T13:00:00.000000",18.4346389770508
"GB","2026-09-30T14:00:00.000000",18.4016952514648
"GB","2026-09-30T15:00:00.000000",18.4157390594482
"GB","2026-09-30T16:00:00.000000",18.4420204162598
"GB","2026-09-30T17:00:00.000000",18.4758148193359
"GB","2026-09-30T18:00:00.000000",18.5091400146484
"GB","2026-09-30T19:00:00.000000",18.6533317565918
"GB","2026-09-30T20:00:00.000000",18.5914192199707
"GB","2026-09-30T21:00:00.000000",18.5764808654785
"GB","2026-09-30T22:00:00.000000",18.5946292877197
"GB","2026-09-30T23:00:00.000000",18.5908336639404
"GB","2026-10-01T00:00:00.000000",18.5741901397705
"GB","2026-10-01T01:00:00.000000",18.815113067627
"GB","2026-10-01T02:00:00.000000",18.8329906463623
"GB","2026-10-01T03:00:00.000000",18.8295135498047
"GB","2026-10-01T04:00:00.000000",18.8206081390381
"GB","2026-10-01T05:00:00.000000",18.8121318817139
"GB","2026-10-01T06:00:00.000000",18.8060150146484
"GB","2026-10-01T07:00:00.000000",18.841926574707
"GB","2026-10-01T08:00:00.000000",18.8388595581055
"GB","2026-10-01T09:00:00.000000",18.7707901000977
"GB","2026-10-01T10:00:00.000000",18.7937316894531
"GB","2026-10-01T11:00:00.000000",18.8136444091797
"GB","2026-10-01T12:00:00.000000",18.8447818756104
"GB","2026-10-01T13:00:00.000000",18.8479156494141
"GB","2026-10-01T14:00:00.000000",18.8385734558105
"GB","2026-10-01T15:00:00.000000",18.8298187255859
"GB","2026-10-01T16:00:00.000000",18.8341979980469
"GB","2026-10-01T17:00:00.000000",18.8512802124023
"GB","2026-10-01T18:00:00.000000",18.8689861297607
"GB","2026-10-01T19:00:00.000000",18.8929557800293
"GB","2026-10-01T20:00:00.000000",18.9913558959961
"GB","2026-10-01T21:00:00.000000",18.9377937316895
"GB","2026-10-01T22:00:00.000000",18.9390602111816
"GB","2026-10-01T23:00:00.000000",18.9536075592041
"GB","2026-10-02T00:00:00.000000",18.9762477874756
"GB","2026-10-02T01:00:00.000000",18.9515647888184
"GB","2026-10-02T02:00:00.000000",18.9634227752686
"GB","2026-10-02T03:00:00.000000",18.870023727417
"GB","2026-10-02T04:00:00.000000",18.8174304962158
"GB","2026-10-02T05:00:00.000000",18.7656059265137
"GB","2026-10-02T06:00:00.000000",18.7446193695068
"GB","2026-10-02T07:00:00.000000",18.7286911010742
"GB","2026-10-02T08:00:00.000000",18.766149520874
"GB","2026-10-02T09:00:00.000000",18.7883434295654
"GB","2026-10-02T10:00:00.000000",18.7236957550049
"GB","2026-10-02T11:00:00.000000",18.7598705291748
"GB","2026-10-02T12:00:00.000000",18.7900238037109
"GB","2026-10-02T13:00:00.000000",18.8277950286865
"GB","2026-10-02T14:00:00.000000",18.8735198974609
"GB","2026-10-02T15:00:00.000000",18.8604431152344
"GB","2026-10-02T16:00:00.000000",18.7326507568359
"GB","2026-10-02T17:00:00.000000",18.7183685302734
"GB","2026-10-02T18:00:00.000000",18.7064228057861
"GB","2026-10-02T19:00:00.000000",18.7060604095459
"GB","2026-10-02T20:00:00.000000",18.7024040222168
"GB","2026-10-02T21:00:00.000000",18.8013973236084
"GB","2026-10-02T22:00:00.000000",18.7773418426514
"GB","2026-10-02T23:00:00.000000",18.7887859344482
"GB","2026-10-03T00:00:00.000000",18.8308391571045
"GB","2026-10-03T01:00:00.000000",18.8703632354736
"GB","2026-10-03T02:00:00.000000",18.8660888671875
"GB","2026-10-03T03:00:00.000000",18.8971061706543
"GB","2026-10-03T04:00:00.000000",18.7542285919189
"GB","2026-10-03T05:00:00.000000",18.7167358398438
"GB","2026-10-03T06:00:00.000000",18.7003440856934
"GB","2026-10-03T07:00:00.000000",18.6886444091797
"GB","2026-10-03T08:00:00.000000",18.6782493591309
"GB","2026-10-03T09:00:00.000000",18.7027530670166
"GB","2026-10-03T10:00:00.000000",18.713207244873
"GB","2026-10-03T11:00:00.000000",18.68674659729
"GB","2026-10-03T12:00:00.000000",18.6999244689941
"GB","2026-10-03T13:00:00.000000",18.725133895874
"GB","2026-10-03T14:00:00.000000",18.7533569335938
"GB","2026-10-03T15:00:00.000000",18.7707023620605
"GB","2026-10-03T16:00:00.000000",18.8728923797607
"GB","2026-10-03T17:00:00.000000",18.8104953765869
"GB","2026-10-03T18:00:00.000000",18.822681427002
"GB","2026-10-03T19:00:00.000000",18.8355484008789
"GB","2026-10-03T20:00:00.000000",18.8468170166016
"GB","2026-10-03T21:00:00.000000",18.8534297943115
"GB","2026-10-03T22:00:00.000000",18.9034519195557
"GB","2026-10-03T23:00:00.000000",18.8720951080322
"GB","2026-10-04T00:00:00.000000",18.8459892272949
"GB","2026-10-04T01:00:00.000000",18.8302631378174
"GB","2026-10-04T02:00:00.000000",18.8123149871826
"GB","2026-10-04T03:00:00.000000",18.7924880981445
"GB","2026-10-04T04:00:00.000000",18.8017272949219
"GB","2026-10-04T05:00:00.000000",18.6533298492432
"GB","2026-10-04T06:00:00.000000",18.6214199066162
"GB","2026-10-04T07:00:00.000000",18.6063861846924
"GB","2026-10-04T08:00:00.000000",18.5975723266602
"GB","2026-10-04T09:00:00.000000",18.5894813537598
"GB","2026-10-04T10:00:00.000000",18.6114253997803
"GB","2026-10-04T11:00:00.000000",18.5906524658203
"GB","2026-10-04T12:00:00.000000",18.5984725952148
"GB","2026-10-04T13:00:00.000000",18.5708713531494
"GB","2026-10-04T14:00:00.000000",18.5499572753906
"GB","2026-10-04T15:00:00.000000",18.543664932251
"GB","2026-10-04T16:00:00.000000",18.5512008666992
"GB","2026-10-04T17:00:00.000000",18.5473861694336
"GB","2026-10-04T18:00:00.000000",18.5585803985596
"GB","2026-10-04T19:00:00.000000",18.6103630065918
"GB","2026-10-04T20:00:00.000000",18.6278781890869
"GB","2026-10-04T21:00:00.000000",18.6338710784912
"GB","2026-10-04T22:00:00.000000",18.631742477417
"GB","2026-10-04T23:00:00.000000",18.661693572998
"GB","2026-10-05T00:00:00.000000",18.6348857879639
"LI","2026-09-29T00:00:00.000000",17.9200744628906
"LI","2026-09-29T01:00:00.000000",17.6538429260254
"LI","2026-09-29T02:00:00.000000",17.592716217041
"LI","2026-09-29T03:00:00.000000",17.5896396636963
"LI","2026-09-29T04:00:00.000000",17.5891990661621
"LI","2026-09-29T05:00:00.000000",17.5977344512939
"LI","2026-09-29T06:00:00.000000",17.6016826629639
"LI","2026-09-29T07:00:00.000000",17.5969123840332
"LI","2026-09-29T08:00:00.000000",17.5950527191162
"LI","2026-09-29T09:00:00.000000",17.5991744995117
"LI","2026-09-29T10:00:00.000000",17.5982208251953
"LI","2026-09-29T11:00:00.000000",17.5954494476318
"LI","2026-09-29T12:00:00.000000",17.615198135376
"LI","2026-09-29T13:00:00.000000",17.6288070678711
"LI","2026-09-29T14:00:00.000000",17.6463088989258
"LI","2026-09-29T15:00:00.000000",17.6632308959961
"LI","2026-09-29T16:00:00.000000",17.7135734558105
"LI","2026-09-29T17:00:00.000000",17.7809925079346
"LI","2026-09-29T18:00:00.000000",17.8410224914551
"LI","2026-09-29T19:00:00.000000",17.8620719909668
"LI","2026-09-29T20:00:00.000000",17.868200302124
"LI","2026-09-29T21:00:00.000000",17.845911026001
"LI","2026-09-29T22:00:00.000000",17.8331508636475
"LI","2026-09-29T23:00:00.000000",17.8234729766846
"LI","2026-09-30T00:00:00.000000",17.8112144470215
"LI","2026-09-30T01:00:00.000000",17.5191497802734
"LI","2026-09-30T02:00:00.000000",17.4422492980957
"LI","2026-09-30T03:00:00.000000",17.4186058044434
"LI","2026-09-30T04:00:00.000000",17.39817237854
"LI","2026-09-30T05:00:00.000000",17.4004669189453
"LI","2026-09-30T06:00:00.000000",17.4046173095703
"LI","2026-09-30T07:00:00.000000",17.4058113098145
"LI","2026-09-30T08:00:00.000000",17.382661819458
"LI","2026-09-30T09:00:00.000000",17.3687171936035
"LI","2026-09-30T10:00:00.000000",17.3621959686279
"LI","2026-09-30T11:00:00.000000",17.3532772064209
"LI","2026-09-30T12:00:00.000000",17.3686847686768
"LI","2026-09-30T13:00:00.000000",17.4382820129395
"LI","2026-09-30T14:00:00.000000",17.4986305236816
"LI","2026-09-30T15:00:00.000000",17.5642166137695
"LI","2026-09-30T16:00:00.000000",17.628267288208
"LI","2026-09-30T17:00:00.000000",17.6840229034424
"LI","2026-09-30T18:00:00.000000",17.7241382598877
"LI","2026-09-30T19:00:00.000000",17.7380237579346
"LI","2026-09-30T20:00:00.000000",17.7393569946289
"LI","2026-09-30T21:00:00.000000",17.7283363342285
"LI","2026-09-30T22:00:00.000000",17.7049217224121
"LI","2026-09-30T23:00:00.000000",17.6830005645752
"LI","2026-10-01T00:00:00.000000",17.6915988922119
"LI","2026-10-01T01:00:00.000000",17.8587913513184
"LI","2026-10-01T02:00:00.000000",17.916877746582
"LI","2026-10-01T03:00:00.000000",17.9335346221924
"LI","2026-10-01T04:00:00.000000",17.9306488037109
"LI","2026-10-01T05:00:00.000000",17.8887214660645
"LI","2026-10-01T06:00:00.000000",17.8517608642578
"LI","2026-10-01T07:00:00.000000",17.8246994018555
"LI","2026-10-01T08:00:00.000000",17.8225002288818
"LI","2026-10-01T09:00:00.000000",17.8258399963379
"LI","2026-10-01T10:00:00.000000",17.8290481567383
"LI","2026-10-01T11:00:00.000000",17.8412666320801
"LI","2026-10-01T12:00:00.000000",17.8646717071533
"LI","2026-10-01T13:00:00.000000",17.9153385162354
"LI","2026-10-01T14:00:00.000000",17.9640674591064
"LI","2026-10-01T15:00:00.000000",18.0244064331055
"LI","2026-10-01T16:00:00.000000",18.0639152526855
"LI","2026-10-01T17:00:00.000000",18.0972843170166
"LI","2026-10-01T18:00:00.000000",18.1164073944092
"LI","2026-10-01T19:00:00.000000",18.1202392578125
"LI","2026-10-01T20:00:00.000000",18.129280090332
"LI","2026-10-01T21:00:00.000000",18.1452522277832
"LI","2026-10-01T22:00:00.000000",18.1378479003906
"LI","2026-10-01T23:00:00.000000",18.1060791015625
"LI","2026-10-02T00:00:00.000000",18.0950889587402
"LI","2026-10-02T01:00:00.000000",18.123348236084
"LI","2026-10-02T02:00:00.000000",18.1750583648682
"LI","2026-10-02T03:00:00.000000",18.2236785888672
"LI","2026-10-02T04:00:00.000000",18.252233505249
"LI","2026-10-02T05:00:00.000000",18.2698135375977
"LI","2026-10-02T06:00:00.000000",18.2682914733887
"LI","2026-10-02T07:00:00.000000",18.2363014221191
"LI","2026-10-02T08:00:00.000000",18.2007102966309
"LI","2026-10-02T09:00:00.000000",18.1927070617676
"LI","2026-10-02T10:00:00.000000",18.1977500915527
"LI","2026-10-02T11:00:00.000000",18.2077674865723
"LI","2026-10-02T12:00:00.000000",18.2237739562988
"LI","2026-10-02T13:00:00.000000",18.2550983428955
"LI","2026-10-02T14:00:00.000000",18.3148231506348
"LI","2026-10-02T15:00:00.000000",18.4023399353027
"LI","2026-10-02T16:00:00.000000",18.4601039886475
"LI","2026-10-02T17:00:00.000000",18.5007400512695
"LI","2026-10-02T18:00:00.000000",18.534122467041
"LI","2026-10-02T19:00:00.000000",18.565601348877
"LI","2026-10-02T20:00:00.000000",18.5903034210205
"LI","2026-10-02T21:00:00.000000",18.59983253479
"LI","2026-10-02T22:00:00.000000",18.6054782867432
"LI","2026-10-02T23:00:00.000000",18.6033458709717
"LI","2026-10-03T00:00:00.000000",18.6014461517334
"LI","2026-10-03T01:00:00.000000",18.6011047363281
"LI","2026-10-03T02:00:00.000000",18.6258983612061
"LI","2026-10-03T03:00:00.000000",18.6966304779053
"LI","2026-10-03T04:00:00.000000",18.7649230957031
"LI","2026-10-03T05:00:00.000000",18.7942047119141
"LI","2026-10-03T06:00:00.000000",18.8041839599609
"LI","2026-10-03T07:00:00.000000",18.8068504333496
"LI","2026-10-03T08:00:00.000000",18.7678298950195
"LI","2026-10-03T09:00:00.000000",18.7150173187256
"LI","2026-10-03T10:00:00.000000",18.6885929107666
"LI","2026-10-03T11:00:00.000000",18.6761875152588
"LI","2026-10-03T12:00:00.000000",18.6659469604492
"LI","2026-10-03T13:00:00.000000",18.6777648925781
"LI","2026-10-03T14:00:00.000000",18.7112236022949
"LI","2026-10-03T15:00:00.000000",18.7631168365479
"LI","2026-10-03T16:00:00.000000",18.7943496704102
"LI","2026-10-03T17:00:00.000000",18.8229637145996
"LI","2026-10-03T18:00:00.000000",18.8651561737061
"LI","2026-10-03T19:00:00.000000",18.9157752990723
"LI","2026-10-03T20:00:00.000000",18.9562644958496
"LI","2026-10-03T21:00:00.000000",18.9673252105713
"LI","2026-10-03T22:00:00.000000",18.9582366943359
"LI","2026-10-03T23:00:00.000000",18.9451389312744
"LI","2026-10-04T00:00:00.000000",18.9241504669189
"LI","2026-10-04T01:00:00.000000",18.9041061401367
"LI","2026-10-04T02:00:00.000000",18.8831367492676
"LI","2026-10-04T03:00:00.000000",18.8606204986572
"LI","2026-10-04T04:00:00.000000",18.847692489624
"LI","2026-10-04T05:00:00.000000",18.8514652252197
"LI","2026-10-04T06:00:00.000000",18.844539642334
"LI","2026-10-04T07:00:00.000000",18.825590133667
"LI","2026-10-04T08:00:00.000000",18.8004360198975
"LI","2026-10-04T09:00:00.000000",18.7564945220947
"LI","2026-10-04T10:00:00.000000",18.7138919830322
"LI","2026-10-04T11:00:00.000000",18.6911449432373
"LI","2026-10-04T12:00:00.000000",18.6734981536865
"LI","2026-10-04T13:00:00.000000",18.6747798919678
"LI","2026-10-04T14:00:00.000000",18.6950435638428
"LI","2026-10-04T15:00:00.000000",18.729944229126
"LI","2026-10-04T16:00:00.000000",18.7534313201904
"LI","2026-10-04T17:00:00.000000",18.7320518493652
"LI","2026-10-04T18:00:00.000000",18.7176094055176
"LI","2026-10-04T19:00:00.000000",18.734281539917
"LI","2026-10-04T20:00:00.000000",18.7649421691895
"LI","2026-10-04T21:00:00.000000",18.8125267028809
"LI","2026-10-04T22:00:00.000000",18.8287754058838
"LI","2026-10-04T23:00:00.000000",18.8214569091797
"LI","2026-10-05T00:00:00.000000",18.806489944458
"OB","2026-09-29T00:00:00.000000",17.4739665985107
"OB","2026-09-29T01:00:00.000000",17.120454788208
"OB","2026-09-29T02:00:00.000000",17.0060653686523
"OB","2026-09-29T03:00:00.000000",16.9713306427002
"OB","2026-09-29T04:00:00.000000",16.9897174835205
"OB","2026-09-29T05:00:00.000000",17.0588226318359
"OB","2026-09-29T06:00:00.000000",17.1189918518066
"OB","2026-09-29T07:00:00.000000",17.1549243927002
"OB","2026-09-29T08:00:00.000000",17.1734771728516
"OB","2026-09-29T09:00:00.000000",17.1733322143555
"OB","2026-09-29T10:00:00.000000",17.1746215820312
"OB","2026-09-29T11:00:00.000000",17.1890316009521
"OB","2026-09-29T12:00:00.000000",17.1599674224854
"OB","2026-09-29T13:00:00.000000",17.0150966644287
"OB","2026-09-29T14:00:00.000000",16.862678527832
"OB","2026-09-29T15:00:00.000000",16.8019161224365
"OB","2026-09-29T16:00:00.000000",16.8387565612793
"OB","2026-09-29T17:00:00.000000",16.9132289886475
"OB","2026-09-29T18:00:00.000000",17.0221519470215
"OB","2026-09-29T19:00:00.000000",17.0890483856201
"OB","2026-09-29T20:00:00.000000",17.124942779541
"OB","2026-09-29T21:00:00.000000",17.143892288208
"OB","2026-09-29T22:00:00.000000",17.1577091217041
"OB","2026-09-29T23:00:00.000000",17.1713352203369
"OB","2026-09-30T00:00:00.000000",17.1707935333252
"OB","2026-09-30T01:00:00.000000",16.8600254058838
"OB","2026-09-30T02:00:00.000000",16.6294345855713
"OB","2026-09-30T03:00:00.000000",16.4922161102295
"OB","2026-09-30T04:00:00.000000",16.5244007110596
"OB","2026-09-30T05:00:00.000000",16.6049900054932
"OB","2026-09-30T06:00:00.000000",16.683744430542
"OB","2026-09-30T07:00:00.000000",16.7042961120605
"OB","2026-09-30T08:00:00.000000",16.7097301483154
"OB","2026-09-30T09:00:00.000000",16.7129745483398
"OB","2026-09-30T10:00:00.000000",16.7077922821045
"OB","2026-09-30T11:00:00.000000",16.7097969055176
"OB","2026-09-30T12:00:00.000000",16.7212104797363
"OB","2026-09-30T13:00:00.000000",16.7002086639404
"OB","2026-09-30T14:00:00.000000",16.5327167510986
"OB","2026-09-30T15:00:00.000000",16.4212665557861
"OB","2026-09-30T16:00:00.000000",16.3924865722656
"OB","2026-09-30T17:00:00.000000",16.4310855865479
"OB","2026-09-30T18:00:00.000000",16.5020961761475
"OB","2026-09-30T19:00:00.000000",16.5767364501953
"OB","2026-09-30T20:00:00.000000",16.6315898895264
"OB","2026-09-30T21:00:00.000000",16.6562366485596
"OB","2026-09-30T22:00:00.000000",16.6730499267578
"OB","2026-09-30T23:00:00.000000",16.6832542419434
"OB","2026-10-01T00:00:00.000000",16.6935176849365
"OB","2026-10-01T01:00:00.000000",17.1439552307129
"OB","2026-10-01T02:00:00.000000",17.1941509246826
"OB","2026-10-01T03:00:00.000000",16.9805431365967
"OB","2026-10-01T04:00:00.000000",16.8509883880615
"OB","2026-10-01T05:00:00.000000",16.9367809295654
"OB","2026-10-01T06:00:00.000000",17.0585174560547
"OB","2026-10-01T07:00:00.000000",17.1107406616211
"OB","2026-10-01T08:00:00.000000",17.1374931335449
"OB","2026-10-01T09:00:00.000000",17.1542835235596
"OB","2026-10-01T10:00:00.000000",17.163143157959
"OB","2026-10-01T11:00:00.000000",17.1576385498047
"OB","2026-10-01T12:00:00.000000",17.1595573425293
"OB","2026-10-01T13:00:00.000000",17.1865062713623
"OB","2026-10-01T14:00:00.000000",17.1209049224854
"OB","2026-10-01T15:00:00.000000",16.8099632263184
"OB","2026-10-01T16:00:00.000000",16.577184677124
"OB","2026-10-01T17:00:00.000000",16.5050144195557
"OB","2026-10-01T18:00:00.000000",16.5595836639404
"OB","2026-10-01T19:00:00.000000",16.7826976776123
"OB","2026-10-01T20:00:00.000000",16.9580783843994
"OB","2026-10-01T21:00:00.000000",17.044563293457
"OB","2026-10-01T22:00:00.000000",17.0855770111084
"OB","2026-10-01T23:00:00.000000",17.1045379638672
"OB","2026-10-02T00:00:00.000000",17.1209392547607
"OB","2026-10-02T01:00:00.000000",17.1230545043945
"OB","2026-10-02T02:00:00.000000",17.2149524688721
"OB","2026-10-02T03:00:00.000000",17.2094440460205
"OB","2026-10-02T04:00:00.000000",16.9297180175781
"OB","2026-10-02T05:00:00.000000",16.8133201599121
"OB","2026-10-02T06:00:00.000000",17.0464305877686
"OB","2026-10-02T07:00:00.000000",17.0993270874023
"OB","2026-10-02T08:00:00.000000",17.1481418609619
"OB","2026-10-02T09:00:00.000000",17.1610507965088
"OB","2026-10-02T10:00:00.000000",17.1627674102783
"OB","2026-10-02T11:00:00.000000",17.1612586975098
"OB","2026-10-02T12:00:00.000000",17.1544513702393
"OB","2026-10-02T13:00:00.000000",17.1548309326172
"OB","2026-10-02T14:00:00.000000",17.1507968902588
"OB","2026-10-02T15:00:00.000000",17.0209484100342
"OB","2026-10-02T16:00:00.000000",16.7536392211914
"OB","2026-10-02T17:00:00.000000",16.565336227417
"OB","2026-10-02T18:00:00.000000",16.5317554473877
"OB","2026-10-02T19:00:00.000000",16.6642799377441
"OB","2026-10-02T20:00:00.000000",16.8364658355713
"OB","2026-10-02T21:00:00.000000",16.9625358581543
"OB","2026-10-02T22:00:00.000000",17.0320644378662
"OB","2026-10-02T23:00:00.000000",17.059663772583
"OB","2026-10-03T00:00:00.000000",17.0969085693359
"OB","2026-10-03T01:00:00.000000",17.1120090484619
"OB","2026-10-03T02:00:00.000000",17.1140155792236
"OB","2026-10-03T03:00:00.000000",17.0965900421143
"OB","2026-10-03T04:00:00.000000",17.0059661865234
"OB","2026-10-03T05:00:00.000000",16.9356937408447
"OB","2026-10-03T06:00:00.000000",16.8706359863281
"OB","2026-10-03T07:00:00.000000",16.8355846405029
"OB","2026-10-03T08:00:00.000000",16.912576675415
"OB","2026-10-03T09:00:00.000000",16.9852085113525
"OB","2026-10-03T10:00:00.000000",17.0397319793701
"OB","2026-10-03T11:00:00.000000",17.0624122619629
"OB","2026-10-03T12:00:00.000000",17.0735282897949
"OB","2026-10-03T13:00:00.000000",17.0817604064941
"OB","2026-10-03T14:00:00.000000",17.089412689209
"OB","2026-10-03T15:00:00.000000",17.0682945251465
"OB","2026-10-03T16:00:00.000000",16.947961807251
"OB","2026-10-03T17:00:00.000000",16.6610546112061
"OB","2026-10-03T18:00:00.000000",16.4703159332275
"OB","2026-10-03T19:00:00.000000",16.4193344116211
"OB","2026-10-03T20:00:00.000000",16.5031929016113
"OB","2026-10-03T21:00:00.000000",16.6134910583496
"OB","2026-10-03T22:00:00.000000",16.7157649993896
"OB","2026-10-03T23:00:00.000000",16.7907085418701
"OB","2026-10-04T00:00:00.000000",16.8353157043457
"OB","2026-10-04T01:00:00.000000",16.9251899719238
"OB","2026-10-04T02:00:00.000000",16.9923534393311
"OB","2026-10-04T03:00:00.000000",16.9982872009277
"OB","2026-10-04T04:00:00.000000",16.9601039886475
"OB","2026-10-04T05:00:00.000000",16.8184719085693
"OB","2026-10-04T06:00:00.000000",16.7017192840576
"OB","2026-10-04T07:00:00.000000",16.6065273284912
"OB","2026-10-04T08:00:00.000000",16.6151714324951
"OB","2026-10-04T09:00:00.000000",16.6657390594482
"OB","2026-10-04T10:00:00.000000",16.7516651153564
"OB","2026-10-04T11:00:00.000000",16.8070697784424
"OB","2026-10-04T12:00:00.000000",16.8384170532227
"OB","2026-10-04T13:00:00.000000",16.8605079650879
"OB","2026-10-04T14:00:00.000000",16.8868408203125
"OB","2026-10-04T15:00:00.000000",16.9141788482666
"OB","2026-10-04T16:00:00.000000",16.8891277313232
"OB","2026-10-04T17:00:00.000000",16.6937866210938
"OB","2026-10-04T18:00:00.000000",16.496976852417
"OB","2026-10-04T19:00:00.000000",16.454797744751
"OB","2026-10-04T20:00:00.000000",16.4569072723389
"OB","2026-10-04T21:00:00.000000",16.5090675354004
"OB","2026-10-04T22:00:00.000000",16.555944442749
"OB","2026-10-04T23:00:00.000000",16.6099529266357
"OB","2026-10-05T00:00:00.000000",16.6702041625977
"WC","2026-09-29T00:00:00.000000",18.0646648406982
"WC","2026-09-29T01:00:00.000000",17.6981105804443
"WC","2026-09-29T02:00:00.000000",17.5445384979248
"WC","2026-09-29T03:00:00.000000",17.5331916809082
"WC","2026-09-29T04:00:00.000000",17.5410842895508
"WC","2026-09-29T05:00:00.000000",17.538948059082
"WC","2026-09-29T06:00:00.000000",17.345401763916
"WC","2026-09-29T07:00:00.000000",17.2222480773926
"WC","2026-09-29T08:00:00.000000",17.2063865661621
"WC","2026-09-29T09:00:00.000000",17.2020683288574
"WC","2026-09-29T10:00:00.000000",17.2082633972168
"WC","2026-09-29T11:00:00.000000",17.3702068328857
"WC","2026-09-29T12:00:00.000000",17.426628112793
"WC","2026-09-29T13:00:00.000000",17.4547119140625
"WC","2026-09-29T14:00:00.000000",17.4602603912354
"WC","2026-09-29T15:00:00.000000",17.4565677642822
"WC","2026-09-29T16:00:00.000000",17.467529296875
"WC","2026-09-29T17:00:00.000000",17.4798469543457
"WC","2026-09-29T18:00:00.000000",17.4620704650879
"WC","2026-09-29T19:00:00.000000",17.3829154968262
"WC","2026-09-29T20:00:00.000000",17.3219051361084
"WC","2026-09-29T21:00:00.000000",17.2990226745605
"WC","2026-09-29T22:00:00.000000",17.2910575866699
"WC","2026-09-29T23:00:00.000000",17.3657779693604
"WC","2026-09-30T00:00:00.000000",17.524585723877
"WC","2026-09-30T01:00:00.000000",17.1233348846436
"WC","2026-09-30T02:00:00.000000",16.9075355529785
"WC","2026-09-30T03:00:00.000000",16.891788482666
"WC","2026-09-30T04:00:00.000000",16.8808269500732
"WC","2026-09-30T05:00:00.000000",16.8711891174316
"WC","2026-09-30T06:00:00.000000",16.8578071594238
"WC","2026-09-30T07:00:00.000000",16.6705875396729
"WC","2026-09-30T08:00:00.000000",16.5931606292725
"WC","2026-09-30T09:00:00.000000",16.5741920471191
"WC","2026-09-30T10:00:00.000000",16.5663452148438
"WC","2026-09-30T11:00:00.000000",16.6519756317139
"WC","2026-09-30T12:00:00.000000",16.7692642211914
"WC","2026-09-30T13:00:00.000000",16.875150680542
"WC","2026-09-30T14:00:00.000000",16.9088897705078
"WC","2026-09-30T15:00:00.000000",16.9317569732666
"WC","2026-09-30T16:00:00.000000",16.9127883911133
"WC","2026-09-30T17:00:00.000000",16.91721534729
"WC","2026-09-30T18:00:00.000000",16.9098033905029
"WC","2026-09-30T19:00:00.000000",16.8761863708496
"WC","2026-09-30T20:00:00.000000",16.7934074401855
"WC","2026-09-30T21:00:00.000000",16.7596282958984
"WC","2026-09-30T22:00:00.000000",16.7472515106201
"WC","2026-09-30T23:00:00.000000",16.7606716156006
"WC","2026-10-01T00:00:00.000000",16.8865833282471
"WC","2026-10-01T01:00:00.000000",17.2291622161865
"WC","2026-10-01T02:00:00.000000",17.3613109588623
"WC","2026-10-01T03:00:00.000000",17.3996887207031
"WC","2026-10-01T04:00:00.000000",17.4265899658203
"WC","2026-10-01T05:00:00.000000",17.4162330627441
"WC","2026-10-01T06:00:00.000000",17.3946113586426
"WC","2026-10-01T07:00:00.000000",17.2706851959229
"WC","2026-10-01T08:00:00.000000",17.0283069610596
"WC","2026-10-01T09:00:00.000000",16.9374656677246
"WC","2026-10-01T10:00:00.000000",16.9029693603516
"WC","2026-10-01T11:00:00.000000",16.9022617340088
"WC","2026-10-01T12:00:00.000000",17.0889377593994
"WC","2026-10-01T13:00:00.000000",17.3004207611084
"WC","2026-10-01T14:00:00.000000",17.4517116546631
"WC","2026-10-01T15:00:00.000000",17.5004386901855
"WC","2026-10-01T16:00:00.000000",17.5176086425781
"WC","2026-10-01T17:00:00.000000",17.5095138549805
"WC","2026-10-01T18:00:00.000000",17.5248165130615
"WC","2026-10-01T19:00:00.000000",17.5080089569092
"WC","2026-10-01T20:00:00.000000",17.4428615570068
"WC","2026-10-01T21:00:00.000000",17.3368511199951
"WC","2026-10-01T22:00:00.000000",17.3127307891846
"WC","2026-10-01T23:00:00.000000",17.3044986724854
"WC","2026-10-02T00:00:00.000000",17.3104839324951
"WC","2026-10-02T01:00:00.000000",17.3890609741211
"WC","2026-10-02T02:00:00.000000",17.5361976623535
"WC","2026-10-02T03:00:00.000000",17.7041912078857
"WC","2026-10-02T04:00:00.000000",17.7466106414795
"WC","2026-10-02T05:00:00.000000",17.7635154724121
"WC","2026-10-02T06:00:00.000000",17.7662792205811
"WC","2026-10-02T07:00:00.000000",17.7649784088135
"WC","2026-10-02T08:00:00.000000",17.6597595214844
"WC","2026-10-02T09:00:00.000000",17.4132213592529
"WC","2026-10-02T10:00:00.000000",17.3178787231445
"WC","2026-10-02T11:00:00.000000",17.3023662567139
"WC","2026-10-02T12:00:00.000000",17.2871627807617
"WC","2026-10-02T13:00:00.000000",17.4736366271973
"WC","2026-10-02T14:00:00.000000",17.6115627288818
"WC","2026-10-02T15:00:00.000000",17.7962169647217
"WC","2026-10-02T16:00:00.000000",17.8655662536621
"WC","2026-10-02T17:00:00.000000",17.9143180847168
"WC","2026-10-02T18:00:00.000000",17.9357089996338
"WC","2026-10-02T19:00:00.000000",17.9479961395264
"WC","2026-10-02T20:00:00.000000",17.9367866516113
"WC","2026-10-02T21:00:00.000000",17.8885288238525
"WC","2026-10-02T22:00:00.000000",17.790771484375
"WC","2026-10-02T23:00:00.000000",17.7615814208984
"WC","2026-10-03T00:00:00.000000",17.7464389801025
"WC","2026-10-03T01:00:00.000000",17.7372512817383
"WC","2026-10-03T02:00:00.000000",17.7432479858398
"WC","2026-10-03T03:00:00.000000",17.8028240203857
"WC","2026-10-03T04:00:00.000000",17.916431427002
"WC","2026-10-03T05:00:00.000000",17.9709415435791
"WC","2026-10-03T06:00:00.000000",17.9969730377197
"WC","2026-10-03T07:00:00.000000",18.0073585510254
"WC","2026-10-03T08:00:00.000000",18.007360458374
"WC","2026-10-03T09:00:00.000000",17.9448299407959
"WC","2026-10-03T10:00:00.000000",17.7458076477051
"WC","2026-10-03T11:00:00.000000",17.6633129119873
"WC","2026-10-03T12:00:00.000000",17.6289196014404
"WC","2026-10-03T13:00:00.000000",17.6176605224609
"WC","2026-10-03T14:00:00.000000",17.646032333374
"WC","2026-10-03T15:00:00.000000",17.682502746582
"WC","2026-10-03T16:00:00.000000",17.9656352996826
"WC","2026-10-03T17:00:00.000000",18.0988807678223
"WC","2026-10-03T18:00:00.000000",18.1440544128418
"WC","2026-10-03T19:00:00.000000",18.1532421112061
"WC","2026-10-03T20:00:00.000000",18.1594219207764
"WC","2026-10-03T21:00:00.000000",18.1151390075684
"WC","2026-10-03T22:00:00.000000",17.8533611297607
"WC","2026-10-03T23:00:00.000000",17.7471179962158
"WC","2026-10-04T00:00:00.000000",17.7021617889404
"WC","2026-10-04T01:00:00.000000",17.6594123840332
"WC","2026-10-04T02:00:00.000000",17.6367626190186
"WC","2026-10-04T03:00:00.000000",17.6643581390381
"WC","2026-10-04T04:00:00.000000",17.8583354949951
"WC","2026-10-04T05:00:00.000000",18.0829982757568
"WC","2026-10-04T06:00:00.000000",18.1253929138184
"WC","2026-10-04T07:00:00.000000",18.1307392120361
"WC","2026-10-04T08:00:00.000000",18.1307353973389
"WC","2026-10-04T09:00:00.000000",18.1307353973389
"WC","2026-10-04T10:00:00.000000",18.0492515563965
"WC","2026-10-04T11:00:00.000000",17.7926788330078
"WC","2026-10-04T12:00:00.000000",17.697114944458
"WC","2026-10-04T13:00:00.000000",17.6449890136719
"WC","2026-10-04T14:00:00.000000",17.6341381072998
"WC","2026-10-04T15:00:00.000000",17.626636505127
"WC","2026-10-04T16:00:00.000000",17.7220363616943
"WC","2026-10-04T17:00:00.000000",18.0658702850342
"WC","2026-10-04T18:00:00.000000",18.202917098999
"WC","2026-10-04T19:00:00.000000",18.2354564666748
"WC","2026-10-04T20:00:00.000000",18.2477722167969
"WC","2026-10-04T21:00:00.000000",18.2496013641357
"WC","2026-10-04T22:00:00.000000",18.2496013641357
"WC","2026-10-04T23:00:00.000000",18.1718788146973
"WC","2026-10-05T00:00:00.000000",17.9888362884521
"WI","2026-09-29T00:00:00.000000",18.2203197479248
"WI","2026-09-29T01:00:00.000000",17.6207294464111
"WI","2026-09-29T02:00:00.000000",17.5134258270264
"WI","2026-09-29T03:00:00.000000",17.5160274505615
"WI","2026-09-29T04:00:00.000000",17.5365695953369
"WI","2026-09-29T05:00:00.000000",17.5341835021973
"WI","2026-09-29T06:00:00.000000",17.5259685516357
"WI","2026-09-29T07:00:00.000000",17.5321083068848
"WI","2026-09-29T08:00:00.000000",17.5309982299805
"WI","2026-09-29T09:00:00.000000",17.5240497589111
"WI","2026-09-29T10:00:00.000000",17.5180950164795
"WI","2026-09-29T11:00:00.000000",17.5187358856201
"WI","2026-09-29T12:00:00.000000",17.5080432891846
"WI","2026-09-29T13:00:00.000000",17.506420135498
"WI","2026-09-29T14:00:00.000000",17.514087677002
"WI","2026-09-29T15:00:00.000000",17.5836963653564
"WI","2026-09-29T16:00:00.000000",17.6797428131104
"WI","2026-09-29T17:00:00.000000",17.7548007965088
"WI","2026-09-29T18:00:00.000000",17.7959613800049
"WI","2026-09-29T19:00:00.000000",17.7478561401367
"WI","2026-09-29T20:00:00.000000",17.6524143218994
"WI","2026-09-29T21:00:00.000000",17.6194934844971
"WI","2026-09-29T22:00:00.000000",17.5884609222412
"WI","2026-09-29T23:00:00.000000",17.612476348877
"WI","2026-09-30T00:00:00.000000",17.6646308898926
"WI","2026-09-30T01:00:00.000000",17.3013744354248
"WI","2026-09-30T02:00:00.000000",17.2421245574951
"WI","2026-09-30T03:00:00.000000",17.2284297943115
"WI","2026-09-30T04:00:00.000000",17.26589012146
"WI","2026-09-30T05:00:00.000000",17.2844200134277
"WI","2026-09-30T06:00:00.000000",17.2938041687012
"WI","2026-09-30T07:00:00.000000",17.2721481323242
"WI","2026-09-30T08:00:00.000000",17.2423400878906
"WI","2026-09-30T09:00:00.000000",17.2197513580322
"WI","2026-09-30T10:00:00.000000",17.2138195037842
"WI","2026-09-30T11:00:00.000000",17.207576751709
"WI","2026-09-30T12:00:00.000000",17.2281665802002
"WI","2026-09-30T13:00:00.000000",17.2395877838135
"WI","2026-09-30T14:00:00.000000",17.255859375
"WI","2026-09-30T15:00:00.000000",17.2928352355957
"WI","2026-09-30T16:00:00.000000",17.4078845977783
"WI","2026-09-30T17:00:00.000000",17.5453758239746
"WI","2026-09-30T18:00:00.000000",17.5975532531738
"WI","2026-09-30T19:00:00.000000",17.6110057830811
"WI","2026-09-30T20:00:00.000000",17.504602432251
"WI","2026-09-30T21:00:00.000000",17.4104385375977
"WI","2026-09-30T22:00:00.000000",17.3742504119873
"WI","2026-09-30T23:00:00.000000",17.3496799468994
"WI","2026-10-01T00:00:00.000000",17.4157581329346
"WI","2026-10-01T01:00:00.000000",17.1830043792725
"WI","2026-10-01T02:00:00.000000",17.1591739654541
"WI","2026-10-01T03:00:00.000000",17.1641998291016
"WI","2026-10-01T04:00:00.000000",17.1480903625488
"WI","2026-10-01T05:00:00.000000",17.0962581634521
"WI","2026-10-01T06:00:00.000000",17.0919990539551
"WI","2026-10-01T07:00:00.000000",17.0823764801025
"WI","2026-10-01T08:00:00.000000",17.0566310882568
"WI","2026-10-01T09:00:00.000000",16.950345993042
"WI","2026-10-01T10:00:00.000000",16.9432601928711
"WI","2026-10-01T11:00:00.000000",16.9406509399414
"WI","2026-10-01T12:00:00.000000",17.0179882049561
"WI","2026-10-01T13:00:00.000000",17.1294822692871
"WI","2026-10-01T14:00:00.000000",17.2098484039307
"WI","2026-10-01T15:00:00.000000",17.2548313140869
"WI","2026-10-01T16:00:00.000000",17.3069400787354
"WI","2026-10-01T17:00:00.000000",17.3523082733154
"WI","2026-10-01T18:00:00.000000",17.3682651519775
"WI","2026-10-01T19:00:00.000000",17.3848781585693
"WI","2026-10-01T20:00:00.000000",17.412109375
"WI","2026-10-01T21:00:00.000000",17.318717956543
"WI","2026-10-01T22:00:00.000000",17.1310729980469
"WI","2026-10-01T23:00:00.000000",17.0754432678223
"WI","2026-10-02T00:00:00.000000",17.1209354400635
"WI","2026-10-02T01:00:00.000000",17.280445098877
"WI","2026-10-02T02:00:00.000000",17.3591022491455
"WI","2026-10-02T03:00:00.000000",17.4127063751221
"WI","2026-10-02T04:00:00.000000",17.4448394775391
"WI","2026-10-02T05:00:00.000000",17.3975200653076
"WI","2026-10-02T06:00:00.000000",17.3717746734619
"WI","2026-10-02T07:00:00.000000",17.3633041381836
"WI","2026-10-02T08:00:00.000000",17.3709335327148
"WI","2026-10-02T09:00:00.000000",17.3792991638184
"WI","2026-10-02T10:00:00.000000",17.3775634765625
"WI","2026-10-02T11:00:00.000000",17.3700160980225
"WI","2026-10-02T12:00:00.000000",17.3613910675049
"WI","2026-10-02T13:00:00.000000",17.3736038208008
"WI","2026-10-02T14:00:00.000000",17.4231376647949
"WI","2026-10-02T15:00:00.000000",17.4998455047607
"WI","2026-10-02T16:00:00.000000",17.5432472229004
"WI","2026-10-02T17:00:00.000000",17.5822162628174
"WI","2026-10-02T18:00:00.000000",17.5998630523682
"WI","2026-10-02T19:00:00.000000",17.6032638549805
"WI","2026-10-02T20:00:00.000000",17.6184635162354
"WI","2026-10-02T21:00:00.000000",17.6505107879639
"WI","2026-10-02T22:00:00.000000",17.6789035797119
"WI","2026-10-02T23:00:00.000000",17.6659202575684
"WI","2026-10-03T00:00:00.000000",17.6611385345459
"WI","2026-10-03T01:00:00.000000",17.6219654083252
"WI","2026-10-03T02:00:00.000000",17.6263828277588
"WI","2026-10-03T03:00:00.000000",17.6822376251221
"WI","2026-10-03T04:00:00.000000",17.71364402771
"WI","2026-10-03T05:00:00.000000",17.7289276123047
"WI","2026-10-03T06:00:00.000000",17.7327919006348
"WI","2026-10-03T07:00:00.000000",17.719446182251
"WI","2026-10-03T08:00:00.000000",17.7103481292725
"WI","2026-10-03T09:00:00.000000",17.7063865661621
"WI","2026-10-03T10:00:00.000000",17.7010898590088
"WI","2026-10-03T11:00:00.000000",17.6962928771973
"WI","2026-10-03T12:00:00.000000",17.6914310455322
"WI","2026-10-03T13:00:00.000000",17.691967010498
"WI","2026-10-03T14:00:00.000000",17.6995658874512
"WI","2026-10-03T15:00:00.000000",17.705265045166
"WI","2026-10-03T16:00:00.000000",17.7574882507324
"WI","2026-10-03T17:00:00.000000",17.8068141937256
"WI","2026-10-03T18:00:00.000000",17.8475437164307
"WI","2026-10-03T19:00:00.000000",17.893871307373
"WI","2026-10-03T20:00:00.000000",17.9248428344727
"WI","2026-10-03T21:00:00.000000",17.9485511779785
"WI","2026-10-03T22:00:00.000000",17.9576511383057
"WI","2026-10-03T23:00:00.000000",17.938159942627
"WI","2026-10-04T00:00:00.000000",17.9179096221924
"WI","2026-10-04T01:00:00.000000",17.9086532592773
"WI","2026-10-04T02:00:00.000000",17.86545753479
"WI","2026-10-04T03:00:00.000000",17.8296012878418
"WI","2026-10-04T04:00:00.000000",17.776346206665
"WI","2026-10-04T05:00:00.000000",17.7632637023926
"WI","2026-10-04T06:00:00.000000",17.757209777832
"WI","2026-10-04T07:00:00.000000",17.7575855255127
"WI","2026-10-04T08:00:00.000000",17.7797107696533
"WI","2026-10-04T09:00:00.000000",17.7941856384277
"WI","2026-10-04T10:00:00.000000",17.7794246673584
"WI","2026-10-04T11:00:00.000000",17.7494316101074
"WI","2026-10-04T12:00:00.000000",17.7314453125
"WI","2026-10-04T13:00:00.000000",17.727819442749
"WI","2026-10-04T14:00:00.000000",17.7340259552002
"WI","2026-10-04T15:00:00.000000",17.7539958953857
"WI","2026-10-04T16:00:00.000000",17.7664947509766
"WI","2026-10-04T17:00:00.000000",17.7836837768555
"WI","2026-10-04T18:00:00.000000",17.8111629486084
"WI","2026-10-04T19:00:00.000000",17.8368587493896
"WI","2026-10-04T20:00:00.000000",17.8803615570068
"WI","2026-10-04T21:00:00.000000",17.9012928009033
"WI","2026-10-04T22:00:00.000000",17.8799819946289
"WI","2026-10-04T23:00:00.000000",17.8510189056396
"WI","2026-10-05T00:00:00.000000",17.8379249572754
