"site_id","time","temp"
"AQ","2026-09-29T00:00:00.000000",15.7069482803345
"AQ","2026-09-29T01:00:00.000000",15.6681823730469
"AQ","2026-09-29T02:00:00.000000",15.6435108184814
"AQ","2026-09-29T03:00:00.000000",15.6262836456299
"AQ","2026-09-29T04:00:00.000000",15.6134424209595
"AQ","2026-09-29T05:00:00.000000",15.6091680526733
"AQ","2026-09-29T06:00:00.000000",15.6095819473267
"AQ","2026-09-29T07:00:00.000000",15.624116897583
"AQ","2026-09-29T08:00:00.000000",15.6435976028442
"AQ","2026-09-29T09:00:00.000000",15.6570253372192
"AQ","2026-09-29T10:00:00.000000",15.6655254364014
"AQ","2026-09-29T11:00:00.000000",15.6661968231201
"AQ","2026-09-29T12:00:00.000000",15.6589231491089
"AQ","2026-09-29T13:00:00.000000",15.6176385879517
"AQ","2026-09-29T14:00:00.000000",15.5791330337524
"AQ","2026-09-29T15:00:00.000000",15.5612993240356
"AQ","2026-09-29T16:00:00.000000",15.5500469207764
"AQ","2026-09-29T17:00:00.000000",15.548734664917
"AQ","2026-09-29T18:00:00.000000",15.5522212982178
"AQ","2026-09-29T19:00:00.000000",15.5736179351807
"AQ","2026-09-29T20:00:00.000000",15.6010866165161
"AQ","2026-09-29T21:00:00.000000",15.6187524795532
"AQ","2026-09-29T22:00:00.000000",15.6313695907593
"AQ","2026-09-29T23:00:00.000000",15.6359281539917
"AQ","2026-09-30T00:00:00.000000",15.6364126205444
"AQ","2026-09-30T01:00:00.000000",15.6286334991455
"AQ","2026-09-30T02:00:00.000000",15.5969705581665
"AQ","2026-09-30T03:00:00.000000",15.5722322463989
"AQ","2026-09-30T04:00:00.000000",15.5549945831299
"AQ","2026-09-30T05:00:00.000000",15.5503988265991
"AQ","2026-09-30T06:00:00.000000",15.5527849197388
"AQ","2026-09-30T07:00:00.000000",15.5634994506836
"AQ","2026-09-30T08:00:00.000000",15.5795869827271
"AQ","2026-09-30T09:00:00.000000",15.5978298187256
"AQ","2026-09-30T10:00:00.000000",15.6114330291748
"AQ","2026-09-30T11:00:00.000000",15.6177396774292
"AQ","2026-09-30T12:00:00.000000",15.6163425445557
"AQ","2026-09-30T13:00:00.000000",15.6098299026489
"AQ","2026-09-30T14:00:00.000000",15.5890083312988
"AQ","2026-09-30T15:00:00.000000",15.5727767944336
"AQ","2026-09-30T16:00:00.000000",15.5619497299194
"AQ","2026-09-30T17:00:00.000000",15.5604820251465
"AQ","2026-09-30T18:00:00.000000",15.5685119628906
"AQ","2026-09-30T19:00:00.000000",15.5855445861816
"AQ","2026-09-30T20:00:00.000000",15.6067018508911
"AQ","2026-09-30T21:00:00.000000",15.6262845993042
"AQ","2026-09-30T22:00:00.000000",15.6392974853516
"AQ","2026-09-30T23:00:00.000000",15.647481918335
"AQ","2026-10-01T00:00:00.000000",15.6483068466187
"AQ","2026-10-01T01:00:00.000000",15.6499319076538
"AQ","2026-10-01T02:00:00.000000",15.6489553451538
"AQ","2026-10-01T03:00:00.000000",15.6340007781982
"AQ","2026-10-01T04:00:00.000000",15.6130723953247
"AQ","2026-10-01T05:00:00.000000",15.5994729995728
"AQ","2026-10-01T06:00:00.000000",15.5909471511841
"AQ","2026-10-01T07:00:00.000000",15.5900497436523
"AQ","2026-10-01T08:00:00.000000",15.5934000015259
"AQ","2026-10-01T09:00:00.000000",15.6005229949951
"AQ","2026-10-01T10:00:00.000000",15.6080636978149
"AQ","2026-10-01T11:00:00.000000",15.6164722442627
"AQ","2026-10-01T12:00:00.000000",15.6184005737305
"AQ","2026-10-01T13:00:00.000000",15.61510181427
"AQ","2026-10-01T14:00:00.000000",15.6056699752808
"AQ","2026-10-01T15:00:00.000000",15.5851421356201
"AQ","2026-10-01T16:00:00.000000",15.5680208206177
"AQ","2026-10-01T17:00:00.000000",15.5530223846436
"AQ","2026-10-01T18:00:00.000000",15.5457897186279
"AQ","2026-10-01T19:00:00.000000",15.5444841384888
"AQ","2026-10-01T20:00:00.000000",15.5493249893188
"AQ","2026-10-01T21:00:00.000000",15.5620536804199
"AQ","2026-10-01T22:00:00.000000",15.5791902542114
"AQ","2026-10-01T23:00:00.000000",15.5990924835205
"AQ","2026-10-02T00:00:00.000000",15.6109704971313
"AQ","2026-10-02T01:00:00.000000",15.6084613800049
"AQ","2026-10-02T02:00:00.000000",15.6039390563965
"AQ","2026-10-02T03:00:00.000000",15.5914916992188
"AQ","2026-10-02T04:00:00.000000",15.55202293396
"AQ","2026-10-02T05:00:00.000000",15.5140800476074
"AQ","2026-10-02T06:00:00.000000",15.4831418991089
"AQ","2026-10-02T07:00:00.000000",15.4677648544312
"AQ","2026-10-02T08:00:00.000000",15.4600687026978
"AQ","2026-10-02T09:00:00.000000",15.4595289230347
"AQ","2026-10-02T10:00:00.000000",15.4594202041626
"AQ","2026-10-02T11:00:00.000000",15.457221031189
"AQ","2026-10-02T12:00:00.000000",15.4559574127197
"AQ","2026-10-02T13:00:00.000000",15.4597539901733
"AQ","2026-10-02T14:00:00.000000",15.4705266952515
"AQ","2026-10-02T15:00:00.000000",15.4825916290283
"AQ","2026-10-02T16:00:00.000000",15.4770021438599
"AQ","2026-10-02T17:00:00.000000",15.4561805725098
"AQ","2026-10-02T18:00:00.000000",15.427300453186
"AQ","2026-10-02T19:00:00.000000",15.4101343154907
"AQ","2026-10-02T20:00:00.000000",15.3993358612061
"AQ","2026-10-02T21:00:00.000000",15.3966674804688
"AQ","2026-10-02T22:00:00.000000",15.3964920043945
"AQ","2026-10-02T23:00:00.000000",15.3969049453735
"AQ","2026-10-03T00:00:00.000000",15.3994102478027
"AQ","2026-10-03T01:00:00.000000",15.4017639160156
"AQ","2026-10-03T02:00:00.000000",15.4079809188843
"AQ","2026-10-03T03:00:00.000000",15.4186096191406
"AQ","2026-10-03T04:00:00.000000",15.4322957992554
"AQ","2026-10-03T05:00:00.000000",15.4198970794678
"AQ","2026-10-03T06:00:00.000000",15.4021511077881
"AQ","2026-10-03T07:00:00.000000",15.3877191543579
"AQ","2026-10-03T08:00:00.000000",15.3788423538208
"AQ","2026-10-03T09:00:00.000000",15.3769969940186
"AQ","2026-10-03T10:00:00.000000",15.3805780410767
"AQ","2026-10-03T11:00:00.000000",15.3843069076538
"AQ","2026-10-03T12:00:00.000000",15.3885631561279
"AQ","2026-10-03T13:00:00.000000",15.395848274231
"AQ","2026-10-03T14:00:00.000000",15.4029369354248
"AQ","2026-10-03T15:00:00.000000",15.4169950485229
"AQ","2026-10-03T16:00:00.000000",15.435263633728
"AQ","2026-10-03T17:00:00.000000",15.4406499862671
"AQ","2026-10-03T18:00:00.000000",15.43212890625
"AQ","2026-10-03T19:00:00.000000",15.4235191345215
"AQ","2026-10-03T20:00:00.000000",15.4186267852783
"AQ","2026-10-03T21:00:00.000000",15.4169673919678
"AQ","2026-10-03T22:00:00.000000",15.4226970672607
"AQ","2026-10-03T23:00:00.000000",15.4343061447144
"AQ","2026-10-04T00:00:00.000000",15.4584465026855
"AQ","2026-10-04T01:00:00.000000",15.470760345459
"AQ","2026-10-04T02:00:00.000000",15.4729156494141
"AQ","2026-10-04T03:00:00.000000",15.472972869873
"AQ","2026-10-04T04:00:00.000000",15.4786062240601
"AQ","2026-10-04T05:00:00.000000",15.4818639755249
"AQ","2026-10-04T06:00:00.000000",15.4703664779663
"AQ","2026-10-04T07:00:00.000000",15.4575805664062
"AQ","2026-10-04T08:00:00.000000",15.4505300521851
"AQ","2026-10-04T09:00:00.000000",15.4488439559937
"AQ","2026-10-04T10:00:00.000000",15.4494953155518
"AQ","2026-10-04T11:00:00.000000",15.4558525085449
"AQ","2026-10-04T12:00:00.000000",15.4657545089722
"AQ","2026-10-04T13:00:00.000000",15.4795999526978
"AQ","2026-10-04T14:00:00.000000",15.4955043792725
"AQ","2026-10-04T15:00:00.000000",15.5034465789795
"AQ","2026-10-04T16:00:00.000000",15.5073976516724
"AQ","2026-10-04T17:00:00.000000",15.5174655914307
"AQ","2026-10-04T18:00:00.000000",15.5269317626953
"AQ","2026-10-04T19:00:00.000000",15.5273141860962
"AQ","2026-10-04T20:00:00.000000",15.5253610610962
"AQ","2026-10-04T21:00:00.000000",15.5245542526245
"AQ","2026-10-04T22:00:00.000000",15.5270490646362
"AQ","2026-10-04T23:00:00.000000",15.5371809005737
"AQ","2026-10-05T00:00:00.000000",15.564435005188
"AQ","2026-10-05T01:00:00.000000",15.5908489227295
"AQ","2026-10-05T02:00:00.000000",15.6012506484985
"AQ","2026-10-05T03:00:00.000000",15.6070823669434
"AQ","2026-10-05T04:00:00.000000",15.6078424453735
"AQ","2026-10-05T05:00:00.000000",15.609694480896
"AQ","2026-10-05T06:00:00.000000",15.614595413208
"AQ","2026-10-05T07:00:00.000000",15.6152620315552
"AQ","2026-10-05T08:00:00.000000",15.6140384674072
"AQ","2026-10-05T09:00:00.000000",15.6137742996216
"AQ","2026-10-05T10:00:00.000000",15.6140012741089
"AQ","2026-10-05T11:00:00.000000",15.6144847869873
"AQ","2026-10-05T12:00:00.000000",15.6150131225586
"AQ","2026-10-05T13:00:00.000000",15.6128807067871
"AQ","2026-10-05T14:00:00.000000",15.6082162857056
"AQ","2026-10-05T15:00:00.000000",15.6013469696045
"AQ","2026-10-05T16:00:00.000000",15.6000661849976
"AQ","2026-10-05T17:00:00.000000",15.6019773483276
"AQ","2026-10-05T18:00:00.000000",15.6094837188721
"AQ","2026-10-05T19:00:00.000000",15.6153430938721
"AQ","2026-10-05T20:00:00.000000",15.6128778457642
"AQ","2026-10-05T21:00:00.000000",15.6058044433594
"AQ","2026-10-05T22:00:00.000000",15.5996961593628
"AQ","2026-10-05T23:00:00.000000",15.5967216491699
"AQ","2026-10-06T00:00:00.000000",15.5931968688965
"AQ","2026-10-06T01:00:00.000000",15.5891551971436
"AQ","2026-10-06T02:00:00.000000",15.5938816070557
"AQ","2026-10-06T03:00:00.000000",15.6083374023438
"AQ","2026-10-06T04:00:00.000000",15.6149024963379
"AQ","2026-10-06T05:00:00.000000",15.6164302825928
"AQ","2026-10-06T06:00:00.000000",15.619909286499
"AQ","2026-10-06T07:00:00.000000",15.6195993423462
"AQ","2026-10-06T08:00:00.000000",15.6051816940308
"AQ","2026-10-06T09:00:00.000000",15.5791244506836
"AQ","2026-10-06T10:00:00.000000",15.5500011444092
"AQ","2026-10-06T11:00:00.000000",15.5241470336914
"AQ","2026-10-06T12:00:00.000000",15.5032377243042
"AQ","2026-10-06T13:00:00.000000",15.4895658493042
"AQ","2026-10-06T14:00:00.000000",15.4901151657104
"AQ","2026-10-06T15:00:00.000000",15.5022916793823
"AQ","2026-10-06T16:00:00.000000",15.5258188247681
"AQ","2026-10-06T17:00:00.000000",15.5431785583496
"AQ","2026-10-06T18:00:00.000000",15.5575914382935
"AQ","2026-10-06T19:00:00.000000",15.5705194473267
"AQ","2026-10-06T20:00:00.000000",15.5494165420532
"AQ","2026-10-06T21:00:00.000000",15.4959115982056
"AQ","2026-10-06T22:00:00.000000",15.4311351776123
"AQ","2026-10-06T23:00:00.000000",15.3855028152466
"AQ","2026-10-07T00:00:00.000000",15.3518123626709
"CB","2026-09-29T00:00:00.000000",15.7634630203247
"CB","2026-09-29T01:00:00.000000",15.7498559951782
"CB","2026-09-29T02:00:00.000000",15.7422370910645
"CB","2026-09-29T03:00:00.000000",15.7365627288818
"CB","2026-09-29T04:00:00.000000",15.734016418457
"CB","2026-09-29T05:00:00.000000",15.7319135665894
"CB","2026-09-29T06:00:00.000000",15.7301635742188
"CB","2026-09-29T07:00:00.000000",15.7313604354858
"CB","2026-09-29T08:00:00.000000",15.7327919006348
"CB","2026-09-29T09:00:00.000000",15.7332534790039
"CB","2026-09-29T10:00:00.000000",15.7291326522827
"CB","2026-09-29T11:00:00.000000",15.725790977478
"CB","2026-09-29T12:00:00.000000",15.7232837677002
"CB","2026-09-29T13:00:00.000000",15.708532333374
"CB","2026-09-29T14:00:00.000000",15.7016458511353
"CB","2026-09-29T15:00:00.000000",15.6998052597046
"CB","2026-09-29T16:00:00.000000",15.6953468322754
"CB","2026-09-29T17:00:00.000000",15.6889934539795
"CB","2026-09-29T18:00:00.000000",15.6819095611572
"CB","2026-09-29T19:00:00.000000",15.6802425384521
"CB","2026-09-29T20:00:00.000000",15.6819362640381
"CB","2026-09-29T21:00:00.000000",15.6791744232178
"CB","2026-09-29T22:00:00.000000",15.6735496520996
"CB","2026-09-29T23:00:00.000000",15.6699123382568
"CB","2026-09-30T00:00:00.000000",15.6687097549438
"CB","2026-09-30T01:00:00.000000",15.6678104400635
"CB","2026-09-30T02:00:00.000000",15.6634283065796
"CB","2026-09-30T03:00:00.000000",15.6594896316528
"CB","2026-09-30T04:00:00.000000",15.6559343338013
"CB","2026-09-30T05:00:00.000000",15.6539306640625
"CB","2026-09-30T06:00:00.000000",15.6527872085571
"CB","2026-09-30T07:00:00.000000",15.6525974273682
"CB","2026-09-30T08:00:00.000000",15.6537647247314
"CB","2026-09-30T09:00:00.000000",15.6552400588989
"CB","2026-09-30T10:00:00.000000",15.6541385650635
"CB","2026-09-30T11:00:00.000000",15.6521091461182
"CB","2026-09-30T12:00:00.000000",15.6514186859131
"CB","2026-09-30T13:00:00.000000",15.650372505188
"CB","2026-09-30T14:00:00.000000",15.646185874939
"CB","2026-09-30T15:00:00.000000",15.6437330245972
"CB","2026-09-30T16:00:00.000000",15.64000415802
"CB","2026-09-30T17:00:00.000000",15.6351633071899
"CB","2026-09-30T18:00:00.000000",15.6339807510376
"CB","2026-09-30T19:00:00.000000",15.6355619430542
"CB","2026-09-30T20:00:00.000000",15.638726234436
"CB","2026-09-30T21:00:00.000000",15.6459903717041
"CB","2026-09-30T22:00:00.000000",15.6493682861328
"CB","2026-09-30T23:00:00.000000",15.6507720947266
"CB","2026-10-01T00:00:00.000000",15.6492223739624
"CB","2026-10-01T01:00:00.000000",15.6301879882812
"CB","2026-10-01T02:00:00.000000",15.6094846725464
"CB","2026-10-01T03:00:00.000000",15.5822696685791
"CB","2026-10-01T04:00:00.000000",15.5536012649536
"CB","2026-10-01T05:00:00.000000",15.5348024368286
"CB","2026-10-01T06:00:00.000000",15.5198564529419
"CB","2026-10-01T07:00:00.000000",15.5144643783569
"CB","2026-10-01T08:00:00.000000",15.5135335922241
"CB","2026-10-01T09:00:00.000000",15.5129318237305
"CB","2026-10-01T10:00:00.000000",15.5138673782349
"CB","2026-10-01T11:00:00.000000",15.519645690918
"CB","2026-10-01T12:00:00.000000",15.536660194397
"CB","2026-10-01T13:00:00.000000",15.5232276916504
"CB","2026-10-01T14:00:00.000000",15.5133714675903
"CB","2026-10-01T15:00:00.000000",15.5126504898071
"CB","2026-10-01T16:00:00.000000",15.5023794174194
"CB","2026-10-01T17:00:00.000000",15.4745483398438
"CB","2026-10-01T18:00:00.000000",15.4435358047485
"CB","2026-10-01T19:00:00.000000",15.4203758239746
"CB","2026-10-01T20:00:00.000000",15.4071846008301
"CB","2026-10-01T21:00:00.000000",15.4015884399414
"CB","2026-10-01T22:00:00.000000",15.3987188339233
"CB","2026-10-01T23:00:00.000000",15.3992080688477
"CB","2026-10-02T00:00:00.000000",15.4224834442139
"CB","2026-10-02T01:00:00.000000",15.4301385879517
"CB","2026-10-02T02:00:00.000000",15.4226331710815
"CB","2026-10-02T03:00:00.000000",15.4171276092529
"CB","2026-10-02T04:00:00.000000",15.4106826782227
"CB","2026-10-02T05:00:00.000000",15.3999967575073
"CB","2026-10-02T06:00:00.000000",15.3902282714844
"CB","2026-10-02T07:00:00.000000",15.386962890625
"CB","2026-10-02T08:00:00.000000",15.3854913711548
"CB","2026-10-02T09:00:00.000000",15.3855905532837
"CB","2026-10-02T10:00:00.000000",15.3846969604492
"CB","2026-10-02T11:00:00.000000",15.384801864624
"CB","2026-10-02T12:00:00.000000",15.3869667053223
"CB","2026-10-02T13:00:00.000000",15.382848739624
"CB","2026-10-02T14:00:00.000000",15.3661022186279
"CB","2026-10-02T15:00:00.000000",15.3527278900146
"CB","2026-10-02T16:00:00.000000",15.3414039611816
"CB","2026-10-02T17:00:00.000000",15.3214721679688
"CB","2026-10-02T18:00:00.000000",15.2961978912354
"CB","2026-10-02T19:00:00.000000",15.2700386047363
"CB","2026-10-02T20:00:00.000000",15.2448978424072
"CB","2026-10-02T21:00:00.000000",15.229887008667
"CB","2026-10-02T22:00:00.000000",15.228588104248
"CB","2026-10-02T23:00:00.000000",15.2297325134277
"CB","2026-10-03T00:00:00.000000",15.2378883361816
"CB","2026-10-03T01:00:00.000000",15.2775592803955
"CB","2026-10-03T02:00:00.000000",15.2887954711914
"CB","2026-10-03T03:00:00.000000",15.3061227798462
"CB","2026-10-03T04:00:00.000000",15.3317975997925
"CB","2026-10-03T05:00:00.000000",15.3574342727661
"CB","2026-10-03T06:00:00.000000",15.3613977432251
"CB","2026-10-03T07:00:00.000000",15.3649702072144
"CB","2026-10-03T08:00:00.000000",15.3700408935547
"CB","2026-10-03T09:00:00.000000",15.38210105896
"CB","2026-10-03T10:00:00.000000",15.4056606292725
"CB","2026-10-03T11:00:00.000000",15.4272603988647
"CB","2026-10-03T12:00:00.000000",15.4445085525513
"CB","2026-10-03T13:00:00.000000",15.4679431915283
"CB","2026-10-03T14:00:00.000000",15.4846277236938
"CB","2026-10-03T15:00:00.000000",15.4875898361206
"CB","2026-10-03T16:00:00.000000",15.4945526123047
"CB","2026-10-03T17:00:00.000000",15.5007190704346
"CB","2026-10-03T18:00:00.000000",15.5035696029663
"CB","2026-10-03T19:00:00.000000",15.5047750473022
"CB","2026-10-03T20:00:00.000000",15.5047578811646
"CB","2026-10-03T21:00:00.000000",15.505443572998
"CB","2026-10-03T22:00:00.000000",15.5066261291504
"CB","2026-10-03T23:00:00.000000",15.507887840271
"CB","2026-10-04T00:00:00.000000",15.5091323852539
"CB","2026-10-04T01:00:00.000000",15.5134563446045
"CB","2026-10-04T02:00:00.000000",15.52503490448
"CB","2026-10-04T03:00:00.000000",15.5302276611328
"CB","2026-10-04T04:00:00.000000",15.5282211303711
"CB","2026-10-04T05:00:00.000000",15.5275917053223
"CB","2026-10-04T06:00:00.000000",15.5153589248657
"CB","2026-10-04T07:00:00.000000",15.4995155334473
"CB","2026-10-04T08:00:00.000000",15.4995555877686
"CB","2026-10-04T09:00:00.000000",15.5043659210205
"CB","2026-10-04T10:00:00.000000",15.5088129043579
"CB","2026-10-04T11:00:00.000000",15.5107908248901
"CB","2026-10-04T12:00:00.000000",15.5140428543091
"CB","2026-10-04T13:00:00.000000",15.5197811126709
"CB","2026-10-04T14:00:00.000000",15.5263910293579
"CB","2026-10-04T15:00:00.000000",15.5300798416138
"CB","2026-10-04T16:00:00.000000",15.5134658813477
"CB","2026-10-04T17:00:00.000000",15.4718656539917
"CB","2026-10-04T18:00:00.000000",15.4050989151001
"CB","2026-10-04T19:00:00.000000",15.3366012573242
"CB","2026-10-04T20:00:00.000000",15.2845258712769
"CB","2026-10-04T21:00:00.000000",15.2443990707397
"CB","2026-10-04T22:00:00.000000",15.2105026245117
"CB","2026-10-04T23:00:00.000000",15.1833324432373
"CB","2026-10-05T00:00:00.000000",15.1659183502197
"CB","2026-10-05T01:00:00.000000",15.1548223495483
"CB","2026-10-05T02:00:00.000000",15.1499176025391
"CB","2026-10-05T03:00:00.000000",15.1499919891357
"CB","2026-10-05T04:00:00.000000",15.1466274261475
"CB","2026-10-05T05:00:00.000000",15.0969038009644
"CB","2026-10-05T06:00:00.000000",15.0608005523682
"CB","2026-10-05T07:00:00.000000",15.0209836959839
"CB","2026-10-05T08:00:00.000000",14.9847421646118
"CB","2026-10-05T09:00:00.000000",14.9663352966309
"CB","2026-10-05T10:00:00.000000",14.9632244110107
"CB","2026-10-05T11:00:00.000000",14.965350151062
"CB","2026-10-05T12:00:00.000000",14.970100402832
"CB","2026-10-05T13:00:00.000000",14.9806995391846
"CB","2026-10-05T14:00:00.000000",15.001389503479
"CB","2026-10-05T15:00:00.000000",15.0250911712646
"CB","2026-10-05T16:00:00.000000",15.036473274231
"CB","2026-10-05T17:00:00.000000",15.053596496582
"CB","2026-10-05T18:00:00.000000",15.071662902832
"CB","2026-10-05T19:00:00.000000",15.079873085022
"CB","2026-10-05T20:00:00.000000",15.0900144577026
"CB","2026-10-05T21:00:00.000000",15.1119918823242
"CB","2026-10-05T22:00:00.000000",15.1665964126587
"CB","2026-10-05T23:00:00.000000",15.2206907272339
"CB","2026-10-06T00:00:00.000000",15.257248878479
"CB","2026-10-06T01:00:00.000000",15.2714061737061
"CB","2026-10-06T02:00:00.000000",15.2838249206543
"CB","2026-10-06T03:00:00.000000",15.2962875366211
"CB","2026-10-06T04:00:00.000000",15.3108797073364
"CB","2026-10-06T05:00:00.000000",15.3276653289795
"CB","2026-10-06T06:00:00.000000",15.3356018066406
"CB","2026-10-06T07:00:00.000000",15.3352394104004
"CB","2026-10-06T08:00:00.000000",15.296088218689
"CB","2026-10-06T09:00:00.000000",15.252025604248
"CB","2026-10-06T10:00:00.000000",15.2368993759155
"CB","2026-10-06T11:00:00.000000",15.2303895950317
"CB","2026-10-06T12:00:00.000000",15.2270956039429
"CB","2026-10-06T13:00:00.000000",15.2230587005615
"CB","2026-10-06T14:00:00.000000",15.2164258956909
"CB","2026-10-06T15:00:00.000000",15.2022008895874
"CB","2026-10-06T16:00:00.000000",15.1941089630127
"CB","2026-10-06T17:00:00.000000",15.2018013000488
"CB","2026-10-06T18:00:00.000000",15.2176666259766
"CB","2026-10-06T19:00:00.000000",15.2124042510986
"CB","2026-10-06T20:00:00.000000",15.1003160476685
"CB","2026-10-06T21:00:00.000000",15.0232830047607
"CB","2026-10-06T22:00:00.000000",15.0001659393311
"CB","2026-10-06T23:00:00.000000",14.995096206665
"CB","2026-10-07T00:00:00.000000",14.9890356063843
"CI","2026-09-29T00:00:00.000000",16.3462371826172
"CI","2026-09-29T01:00:00.000000",16.3828067779541
"CI","2026-09-29T02:00:00.000000",16.4147529602051
"CI","2026-09-29T03:00:00.000000",16.4357166290283
"CI","2026-09-29T04:00:00.000000",16.4340057373047
"CI","2026-09-29T05:00:00.000000",16.4263668060303
"CI","2026-09-29T06:00:00.000000",16.4135799407959
"CI","2026-09-29T07:00:00.000000",16.3711738586426
"CI","2026-09-29T08:00:00.000000",16.3272304534912
"CI","2026-09-29T09:00:00.000000",16.2982063293457
"CI","2026-09-29T10:00:00.000000",16.2608642578125
"CI","2026-09-29T11:00:00.000000",16.2290115356445
"CI","2026-09-29T12:00:00.000000",16.2515907287598
"CI","2026-09-29T13:00:00.000000",16.2922687530518
"CI","2026-09-29T14:00:00.000000",16.3350124359131
"CI","2026-09-29T15:00:00.000000",16.3794040679932
"CI","2026-09-29T16:00:00.000000",16.3975410461426
"CI","2026-09-29T17:00:00.000000",16.3986644744873
"CI","2026-09-29T18:00:00.000000",16.394552230835
"CI","2026-09-29T19:00:00.000000",16.3378601074219
"CI","2026-09-29T20:00:00.000000",16.2930679321289
"CI","2026-09-29T21:00:00.000000",16.2614307403564
"CI","2026-09-29T22:00:00.000000",16.2305030822754
"CI","2026-09-29T23:00:00.000000",16.1974430084229
"CI","2026-09-30T00:00:00.000000",16.1666793823242
"CI","2026-09-30T01:00:00.000000",16.2096672058105
"CI","2026-09-30T02:00:00.000000",16.2601833343506
"CI","2026-09-30T03:00:00.000000",16.2999229431152
"CI","2026-09-30T04:00:00.000000",16.3143634796143
"CI","2026-09-30T05:00:00.000000",16.3118839263916
"CI","2026-09-30T06:00:00.000000",16.3016948699951
"CI","2026-09-30T07:00:00.000000",16.2839679718018
"CI","2026-09-30T08:00:00.000000",16.2301425933838
"CI","2026-09-30T09:00:00.000000",16.1904754638672
"CI","2026-09-30T10:00:00.000000",16.1523742675781
"CI","2026-09-30T11:00:00.000000",16.1222038269043
"CI","2026-09-30T12:00:00.000000",16.0957565307617
"CI","2026-09-30T13:00:00.000000",16.126220703125
"CI","2026-09-30T14:00:00.000000",16.1592578887939
"CI","2026-09-30T15:00:00.000000",16.2074718475342
"CI","2026-09-30T16:00:00.000000",16.2465915679932
"CI","2026-09-30T17:00:00.000000",16.2600975036621
"CI","2026-09-30T18:00:00.000000",16.2580718994141
"CI","2026-09-30T19:00:00.000000",16.2483997344971
"CI","2026-09-30T20:00:00.000000",16.2092170715332
"CI","2026-09-30T21:00:00.000000",16.171558380127
"CI","2026-09-30T22:00:00.000000",16.1239833831787
"CI","2026-09-30T23:00:00.000000",16.0948162078857
"CI","2026-10-01T00:00:00.000000",16.0537376403809
"CI","2026-10-01T01:00:00.000000",16.0524826049805
"CI","2026-10-01T02:00:00.000000",16.0610523223877
"CI","2026-10-01T03:00:00.000000",16.0997657775879
"CI","2026-10-01T04:00:00.000000",16.1876010894775
"CI","2026-10-01T05:00:00.000000",16.2563896179199
"CI","2026-10-01T06:00:00.000000",16.2793769836426
"CI","2026-10-01T07:00:00.000000",16.2645282745361
"CI","2026-10-01T08:00:00.000000",16.1953258514404
"CI","2026-10-01T09:00:00.000000",16.1051654815674
"CI","2026-10-01T10:00:00.000000",16.049144744873
"CI","2026-10-01T11:00:00.000000",16.0160179138184
"CI","2026-10-01T12:00:00.000000",15.9931316375732
"CI","2026-10-01T13:00:00.000000",15.9839172363281
"CI","2026-10-01T14:00:00.000000",16.016658782959
"CI","2026-10-01T15:00:00.000000",16.0594482421875
"CI","2026-10-01T16:00:00.000000",16.1819114685059
"CI","2026-10-01T17:00:00.000000",16.2757358551025
"CI","2026-10-01T18:00:00.000000",16.303503036499
"CI","2026-10-01T19:00:00.000000",16.2961273193359
"CI","2026-10-01T20:00:00.000000",16.2297267913818
"CI","2026-10-01T21:00:00.000000",16.1389961242676
"CI","2026-10-01T22:00:00.000000",16.0667572021484
"CI","2026-10-01T23:00:00.000000",16.0221786499023
"CI","2026-10-02T00:00:00.000000",15.9912700653076
"CI","2026-10-02T01:00:00.000000",15.9622192382812
"CI","2026-10-02T02:00:00.000000",15.9724359512329
"CI","2026-10-02T03:00:00.000000",16.0087966918945
"CI","2026-10-02T04:00:00.000000",16.0704517364502
"CI","2026-10-02T05:00:00.000000",16.185396194458
"CI","2026-10-02T06:00:00.000000",16.2515830993652
"CI","2026-10-02T07:00:00.000000",16.2717361450195
"CI","2026-10-02T08:00:00.000000",16.2656497955322
"CI","2026-10-02T09:00:00.000000",16.1876335144043
"CI","2026-10-02T10:00:00.000000",16.0986671447754
"CI","2026-10-02T11:00:00.000000",16.0357971191406
"CI","2026-10-02T12:00:00.000000",16.0073852539062
"CI","2026-10-02T13:00:00.000000",15.9824724197388
"CI","2026-10-02T14:00:00.000000",15.9841508865356
"CI","2026-10-02T15:00:00.000000",16.0584945678711
"CI","2026-10-02T16:00:00.000000",16.1349563598633
"CI","2026-10-02T17:00:00.000000",16.2275638580322
"CI","2026-10-02T18:00:00.000000",16.2756042480469
"CI","2026-10-02T19:00:00.000000",16.2970027923584
"CI","2026-10-02T20:00:00.000000",16.3031768798828
"CI","2026-10-02T21:00:00.000000",16.2653656005859
"CI","2026-10-02T22:00:00.000000",16.1946105957031
"CI","2026-10-02T23:00:00.000000",16.1384544372559
"CI","2026-10-03T00:00:00.000000",16.0899486541748
"CI","2026-10-03T01:00:00.000000",16.043478012085
"CI","2026-10-03T02:00:00.000000",15.9255275726318
"CI","2026-10-03T03:00:00.000000",15.8622217178345
"CI","2026-10-03T04:00:00.000000",16.0200290679932
"CI","2026-10-03T05:00:00.000000",16.0930137634277
"CI","2026-10-03T06:00:00.000000",16.1186504364014
"CI","2026-10-03T07:00:00.000000",16.1510391235352
"CI","2026-10-03T08:00:00.000000",16.1750774383545
"CI","2026-10-03T09:00:00.000000",16.1736164093018
"CI","2026-10-03T10:00:00.000000",16.1078491210938
"CI","2026-10-03T11:00:00.000000",16.0350151062012
"CI","2026-10-03T12:00:00.000000",15.9912986755371
"CI","2026-10-03T13:00:00.000000",15.9599876403809
"CI","2026-10-03T14:00:00.000000",15.9385213851929
"CI","2026-10-03T15:00:00.000000",15.9503679275513
"CI","2026-10-03T16:00:00.000000",16.0483646392822
"CI","2026-10-03T17:00:00.000000",16.1257457733154
"CI","2026-10-03T18:00:00.000000",16.2374839782715
"CI","2026-10-03T19:00:00.000000",16.3262710571289
"CI","2026-10-03T20:00:00.000000",16.3665771484375
"CI","2026-10-03T21:00:00.000000",16.3695850372314
"CI","2026-10-03T22:00:00.000000",16.3157329559326
"CI","2026-10-03T23:00:00.000000",16.2165145874023
"CI","2026-10-04T00:00:00.000000",16.1366539001465
"CI","2026-10-04T01:00:00.000000",16.0758934020996
"CI","2026-10-04T02:00:00.000000",16.0470104217529
"CI","2026-10-04T03:00:00.000000",16.0154399871826
"CI","2026-10-04T04:00:00.000000",16.0411796569824
"CI","2026-10-04T05:00:00.000000",16.1102733612061
"CI","2026-10-04T06:00:00.000000",16.1676063537598
"CI","2026-10-04T07:00:00.000000",16.2594738006592
"CI","2026-10-04T08:00:00.000000",16.328332901001
"CI","2026-10-04T09:00:00.000000",16.3498992919922
"CI","2026-10-04T10:00:00.000000",16.3441619873047
"CI","2026-10-04T11:00:00.000000",16.2837028503418
"CI","2026-10-04T12:00:00.000000",16.193868637085
"CI","2026-10-04T13:00:00.000000",16.1295127868652
"CI","2026-10-04T14:00:00.000000",16.0889549255371
"CI","2026-10-04T15:00:00.000000",16.0711688995361
"CI","2026-10-04T16:00:00.000000",16.0755252838135
"CI","2026-10-04T17:00:00.000000",16.1491394042969
"CI","2026-10-04T18:00:00.000000",16.2330455780029
"CI","2026-10-04T19:00:00.000000",16.3226184844971
"CI","2026-10-04T20:00:00.000000",16.3805103302002
"CI","2026-10-04T21:00:00.000000",16.4015769958496
"CI","2026-10-04T22:00:00.000000",16.4018516540527
"CI","2026-10-04T23:00:00.000000",16.3652515411377
"CI","2026-10-05T00:00:00.000000",16.2882461547852
"CI","2026-10-05T01:00:00.000000",16.2213401794434
"CI","2026-10-05T02:00:00.000000",16.165075302124
"CI","2026-10-05T03:00:00.000000",16.1324920654297
"CI","2026-10-05T04:00:00.000000",16.1089687347412
"CI","2026-10-05T05:00:00.000000",16.114294052124
"CI","2026-10-05T06:00:00.000000",16.1714515686035
"CI","2026-10-05T07:00:00.000000",16.2248287200928
"CI","2026-10-05T08:00:00.000000",16.291145324707
"CI","2026-10-05T09:00:00.000000",16.3256130218506
"CI","2026-10-05T10:00:00.000000",16.3340759277344
"CI","2026-10-05T11:00:00.000000",16.3317584991455
"CI","2026-10-05T12:00:00.000000",16.3017311096191
"CI","2026-10-05T13:00:00.000000",16.2419090270996
"CI","2026-10-05T14:00:00.000000",16.19313621521
"CI","2026-10-05T15:00:00.000000",16.1599769592285
"CI","2026-10-05T16:00:00.000000",16.1427555084229
"CI","2026-10-05T17:00:00.000000",16.1352214813232
"CI","2026-10-05T18:00:00.000000",16.1992969512939
"CI","2026-10-05T19:00:00.000000",16.2731342315674
"CI","2026-10-05T20:00:00.000000",16.3312587738037
"CI","2026-10-05T21:00:00.000000",16.3571109771729
"CI","2026-10-05T22:00:00.000000",16.368745803833
"CI","2026-10-05T23:00:00.000000",16.3697128295898
"CI","2026-10-06T00:00:00.000000",16.3510608673096
"CI","2026-10-06T01:00:00.000000",16.2677974700928
"CI","2026-10-06T02:00:00.000000",16.2236881256104
"CI","2026-10-06T03:00:00.000000",16.1737575531006
"CI","2026-10-06T04:00:00.000000",16.1398906707764
"CI","2026-10-06T05:00:00.000000",16.1087665557861
"CI","2026-10-06T06:00:00.000000",16.0839691162109
"CI","2026-10-06T07:00:00.000000",16.1452140808105
"CI","2026-10-06T08:00:00.000000",16.1924819946289
"CI","2026-10-06T09:00:00.000000",16.2566337585449
"CI","2026-10-06T10:00:00.000000",16.3229217529297
"CI","2026-10-06T11:00:00.000000",16.3555564880371
"CI","2026-10-06T12:00:00.000000",16.3533515930176
"CI","2026-10-06T13:00:00.000000",16.2827072143555
"CI","2026-10-06T14:00:00.000000",16.1912670135498
"CI","2026-10-06T15:00:00.000000",16.1344661712646
"CI","2026-10-06T16:00:00.000000",16.101879119873
"CI","2026-10-06T17:00:00.000000",16.0813045501709
"CI","2026-10-06T18:00:00.000000",16.0655097961426
"CI","2026-10-06T19:00:00.000000",16.1108932495117
"CI","2026-10-06T20:00:00.000000",16.1916732788086
"CI","2026-10-06T21:00:00.000000",16.2754020690918
"CI","2026-10-06T22:00:00.000000",16.341724395752
"CI","2026-10-06T23:00:00.000000",16.3599014282227
"CI","2026-10-07T00:00:00.000000",16.3572559356689
"DC","2026-09-29T00:00:00.000000",15.7185916900635
"DC","2026-09-29T01:00:00.000000",15.7063684463501
"DC","2026-09-29T02:00:00.000000",15.6937017440796
"DC","2026-09-29T03:00:00.000000",15.6846570968628
"DC","2026-09-29T04:00:00.000000",15.6862363815308
"DC","2026-09-29T05:00:00.000000",15.6913957595825
"DC","2026-09-29T06:00:00.000000",15.7025136947632
"DC","2026-09-29T07:00:00.000000",15.7076053619385
"DC","2026-09-29T08:00:00.000000",15.7038974761963
"DC","2026-09-29T09:00:00.000000",15.6816968917847
"DC","2026-09-29T10:00:00.000000",15.6702442169189
"DC","2026-09-29T11:00:00.000000",15.6661043167114
"DC","2026-09-29T12:00:00.000000",15.6619853973389
"DC","2026-09-29T13:00:00.000000",15.6256637573242
"DC","2026-09-29T14:00:00.000000",15.6042718887329
"DC","2026-09-29T15:00:00.000000",15.5841751098633
"DC","2026-09-29T16:00:00.000000",15.5662097930908
"DC","2026-09-29T17:00:00.000000",15.5550575256348
"DC","2026-09-29T18:00:00.000000",15.5565166473389
"DC","2026-09-29T19:00:00.000000",15.5740442276001
"DC","2026-09-29T20:00:00.000000",15.6018705368042
"DC","2026-09-29T21:00:00.000000",15.6311006546021
"DC","2026-09-29T22:00:00.000000",15.6524639129639
"DC","2026-09-29T23:00:00.000000",15.6559247970581
"DC","2026-09-30T00:00:00.000000",15.6473503112793
"DC","2026-09-30T01:00:00.000000",15.6241693496704
"DC","2026-09-30T02:00:00.000000",15.5993700027466
"DC","2026-09-30T03:00:00.000000",15.5681047439575
"DC","2026-09-30T04:00:00.000000",15.5333757400513
"DC","2026-09-30T05:00:00.000000",15.5121278762817
"DC","2026-09-30T06:00:00.000000",15.5101652145386
"DC","2026-09-30T07:00:00.000000",15.5289373397827
"DC","2026-09-30T08:00:00.000000",15.5912666320801
"DC","2026-09-30T09:00:00.000000",15.6253662109375
"DC","2026-09-30T10:00:00.000000",15.6307945251465
"DC","2026-09-30T11:00:00.000000",15.6310920715332
"DC","2026-09-30T12:00:00.000000",15.6248407363892
"DC","2026-09-30T13:00:00.000000",15.605767250061
"DC","2026-09-30T14:00:00.000000",15.5696992874146
"DC","2026-09-30T15:00:00.000000",15.5327453613281
"DC","2026-09-30T16:00:00.000000",15.4992580413818
"DC","2026-09-30T17:00:00.000000",15.4860916137695
"DC","2026-09-30T18:00:00.000000",15.486499786377
"DC","2026-09-30T19:00:00.000000",15.492772102356
"DC","2026-09-30T20:00:00.000000",15.5056180953979
"DC","2026-09-30T21:00:00.000000",15.5247058868408
"DC","2026-09-30T22:00:00.000000",15.5686044692993
"DC","2026-09-30T23:00:00.000000",15.5991344451904
"DC","2026-10-01T00:00:00.000000",15.606725692749
"DC","2026-10-01T01:00:00.000000",15.5596008300781
"DC","2026-10-01T02:00:00.000000",15.4791707992554
"DC","2026-10-01T03:00:00.000000",15.4380807876587
"DC","2026-10-01T04:00:00.000000",15.4030723571777
"DC","2026-10-01T05:00:00.000000",15.3803234100342
"DC","2026-10-01T06:00:00.000000",15.3662328720093
"DC","2026-10-01T07:00:00.000000",15.3647317886353
"DC","2026-10-01T08:00:00.000000",15.3718976974487
"DC","2026-10-01T09:00:00.000000",15.3855018615723
"DC","2026-10-01T10:00:00.000000",15.4114322662354
"DC","2026-10-01T11:00:00.000000",15.4608678817749
"DC","2026-10-01T12:00:00.000000",15.5240478515625
"DC","2026-10-01T13:00:00.000000",15.4942674636841
"DC","2026-10-01T14:00:00.000000",15.4225826263428
"DC","2026-10-01T15:00:00.000000",15.3535919189453
"DC","2026-10-01T16:00:00.000000",15.3146944046021
"DC","2026-10-01T17:00:00.000000",15.2804183959961
"DC","2026-10-01T18:00:00.000000",15.2692909240723
"DC","2026-10-01T19:00:00.000000",15.2697792053223
"DC","2026-10-01T20:00:00.000000",15.2757701873779
"DC","2026-10-01T21:00:00.000000",15.2907428741455
"DC","2026-10-01T22:00:00.000000",15.3135824203491
"DC","2026-10-01T23:00:00.000000",15.3795795440674
"DC","2026-10-02T00:00:00.000000",15.5035753250122
"DC","2026-10-02T01:00:00.000000",15.5164422988892
"DC","2026-10-02T02:00:00.000000",15.4356594085693
"DC","2026-10-02T03:00:00.000000",15.3718481063843
"DC","2026-10-02T04:00:00.000000",15.3437747955322
"DC","2026-10-02T05:00:00.000000",15.3208103179932
"DC","2026-10-02T06:00:00.000000",15.3040790557861
"DC","2026-10-02T07:00:00.000000",15.29736328125
"DC","2026-10-02T08:00:00.000000",15.2893743515015
"DC","2026-10-02T09:00:00.000000",15.2849369049072
"DC","2026-10-02T10:00:00.000000",15.2841844558716
"DC","2026-10-02T11:00:00.000000",15.2848863601685
"DC","2026-10-02T12:00:00.000000",15.3194065093994
"DC","2026-10-02T13:00:00.000000",15.4115829467773
"DC","2026-10-02T14:00:00.000000",15.3520288467407
"DC","2026-10-02T15:00:00.000000",15.2955636978149
"DC","2026-10-02T16:00:00.000000",15.2555999755859
"DC","2026-10-02T17:00:00.000000",15.2084016799927
"DC","2026-10-02T18:00:00.000000",15.1660394668579
"DC","2026-10-02T19:00:00.000000",15.1430721282959
"DC","2026-10-02T20:00:00.000000",15.1342220306396
"DC","2026-10-02T21:00:00.000000",15.1332664489746
"DC","2026-10-02T22:00:00.000000",15.1595344543457
"DC","2026-10-02T23:00:00.000000",15.2180070877075
"DC","2026-10-03T00:00:00.000000",15.3537130355835
"DC","2026-10-03T01:00:00.000000",15.4398679733276
"DC","2026-10-03T02:00:00.000000",15.4858465194702
"DC","2026-10-03T03:00:00.000000",15.5023469924927
"DC","2026-10-03T04:00:00.000000",15.4380798339844
"DC","2026-10-03T05:00:00.000000",15.3508825302124
"DC","2026-10-03T06:00:00.000000",15.2657041549683
"DC","2026-10-03T07:00:00.000000",15.2364635467529
"DC","2026-10-03T08:00:00.000000",15.2416524887085
"DC","2026-10-03T09:00:00.000000",15.2727308273315
"DC","2026-10-03T10:00:00.000000",15.3798112869263
"DC","2026-10-03T11:00:00.000000",15.4438743591309
"DC","2026-10-03T12:00:00.000000",15.4766044616699
"DC","2026-10-03T13:00:00.000000",15.4886817932129
"DC","2026-10-03T14:00:00.000000",15.4954891204834
"DC","2026-10-03T15:00:00.000000",15.4885444641113
"DC","2026-10-03T16:00:00.000000",15.4355430603027
"DC","2026-10-03T17:00:00.000000",15.3784122467041
"DC","2026-10-03T18:00:00.000000",15.3524255752563
"DC","2026-10-03T19:00:00.000000",15.3456134796143
"DC","2026-10-03T20:00:00.000000",15.355507850647
"DC","2026-10-03T21:00:00.000000",15.3761138916016
"DC","2026-10-03T22:00:00.000000",15.3993759155273
"DC","2026-10-03T23:00:00.000000",15.4186592102051
"DC","2026-10-04T00:00:00.000000",15.4486284255981
"DC","2026-10-04T01:00:00.000000",15.5047216415405
"DC","2026-10-04T02:00:00.000000",15.5213613510132
"DC","2026-10-04T03:00:00.000000",15.5055475234985
"DC","2026-10-04T04:00:00.000000",15.4054698944092
"DC","2026-10-04T05:00:00.000000",15.3378267288208
"DC","2026-10-04T06:00:00.000000",15.3379859924316
"DC","2026-10-04T07:00:00.000000",15.4064092636108
"DC","2026-10-04T08:00:00.000000",15.3983297348022
"DC","2026-10-04T09:00:00.000000",15.3757791519165
"DC","2026-10-04T10:00:00.000000",15.3606224060059
"DC","2026-10-04T11:00:00.000000",15.3584384918213
"DC","2026-10-04T12:00:00.000000",15.366138458252
"DC","2026-10-04T13:00:00.000000",15.3750047683716
"DC","2026-10-04T14:00:00.000000",15.3870468139648
"DC","2026-10-04T15:00:00.000000",15.3488359451294
"DC","2026-10-04T16:00:00.000000",15.2785501480103
"DC","2026-10-04T17:00:00.000000",15.179461479187
"DC","2026-10-04T18:00:00.000000",15.1045017242432
"DC","2026-10-04T19:00:00.000000",15.0513410568237
"DC","2026-10-04T20:00:00.000000",15.0233488082886
"DC","2026-10-04T21:00:00.000000",15.0124454498291
"DC","2026-10-04T22:00:00.000000",15.0114192962646
"DC","2026-10-04T23:00:00.000000",15.0148677825928
"DC","2026-10-05T00:00:00.000000",15.0146865844727
"DC","2026-10-05T01:00:00.000000",14.9972124099731
"DC","2026-10-05T02:00:00.000000",14.9756784439087
"DC","2026-10-05T03:00:00.000000",14.9329538345337
"DC","2026-10-05T04:00:00.000000",14.9341697692871
"DC","2026-10-05T05:00:00.000000",14.903489112854
"DC","2026-10-05T06:00:00.000000",14.8408946990967
"DC","2026-10-05T07:00:00.000000",14.7953853607178
"DC","2026-10-05T08:00:00.000000",14.7735290527344
"DC","2026-10-05T09:00:00.000000",14.780029296875
"DC","2026-10-05T10:00:00.000000",14.8132181167603
"DC","2026-10-05T11:00:00.000000",14.8528871536255
"DC","2026-10-05T12:00:00.000000",14.8892917633057
"DC","2026-10-05T13:00:00.000000",14.9637060165405
"DC","2026-10-05T14:00:00.000000",15.0108041763306
"DC","2026-10-05T15:00:00.000000",15.0736570358276
"DC","2026-10-05T16:00:00.000000",15.1128578186035
"DC","2026-10-05T17:00:00.000000",15.0808773040771
"DC","2026-10-05T18:00:00.000000",15.0674915313721
"DC","2026-10-05T19:00:00.000000",15.0851030349731
"DC","2026-10-05T20:00:00.000000",15.080057144165
"DC","2026-10-05T21:00:00.000000",15.0777559280396
"DC","2026-10-05T22:00:00.000000",15.0926141738892
"DC","2026-10-05T23:00:00.000000",15.1616706848145
"DC","2026-10-06T00:00:00.000000",15.2763948440552
"DC","2026-10-06T01:00:00.000000",15.3239841461182
"DC","2026-10-06T02:00:00.000000",15.3153591156006
"DC","2026-10-06T03:00:00.000000",15.2907342910767
"DC","2026-10-06T04:00:00.000000",15.2914133071899
"DC","2026-10-06T05:00:00.000000",15.2971172332764
"DC","2026-10-06T06:00:00.000000",15.289026260376
"DC","2026-10-06T07:00:00.000000",15.2710123062134
"DC","2026-10-06T08:00:00.000000",15.2448854446411
"DC","2026-10-06T09:00:00.000000",15.2192239761353
"DC","2026-10-06T10:00:00.000000",15.1892938613892
"DC","2026-10-06T11:00:00.000000",15.1426591873169
"DC","2026-10-06T12:00:00.000000",15.0930109024048
"DC","2026-10-06T13:00:00.000000",15.0602054595947
"DC","2026-10-06T14:00:00.000000",15.0558309555054
"DC","2026-10-06T15:00:00.000000",15.0811796188354
"DC","2026-10-06T16:00:00.000000",15.1090488433838
"DC","2026-10-06T17:00:00.000000",15.1271848678589
"DC","2026-10-06T18:00:00.000000",15.1248550415039
"DC","2026-10-06T19:00:00.000000",15.0975961685181
"DC","2026-10-06T20:00:00.000000",15.0694160461426
"DC","2026-10-06T21:00:00.000000",15.0472478866577
"DC","2026-10-06T22:00:00.000000",15.0179243087769
"DC","2026-10-06T23:00:00.000000",14.9869699478149
"DC","2026-10-07T00:00:00.000000",14.9565372467041
"LH","2026-09-29T00:00:00.000000",15.9979496002197
"LH","2026-09-29T01:00:00.000000",16.0207958221436
"LH","2026-09-29T02:00:00.000000",16.0466194152832
"LH","2026-09-29T03:00:00.000000",16.058069229126
"LH","2026-09-29T04:00:00.000000",16.0612545013428
"LH","2026-09-29T05:00:00.000000",16.065221786499
"LH","2026-09-29T06:00:00.000000",16.0670833587646
"LH","2026-09-29T07:00:00.000000",16.0648880004883
"LH","2026-09-29T08:00:00.000000",16.0611553192139
"LH","2026-09-29T09:00:00.000000",16.0460376739502
"LH","2026-09-29T10:00:00.000000",16.0158195495605
"LH","2026-09-29T11:00:00.000000",16.0207138061523
"LH","2026-09-29T12:00:00.000000",16.0415458679199
"LH","2026-09-29T13:00:00.000000",16.0465965270996
"LH","2026-09-29T14:00:00.000000",16.0431632995605
"LH","2026-09-29T15:00:00.000000",16.0307674407959
"LH","2026-09-29T16:00:00.000000",16.0251522064209
"LH","2026-09-29T17:00:00.000000",16.0254802703857
"LH","2026-09-29T18:00:00.000000",16.0270214080811
"LH","2026-09-29T19:00:00.000000",16.0279922485352
"LH","2026-09-29T20:00:00.000000",16.0308532714844
"LH","2026-09-29T21:00:00.000000",16.0360164642334
"LH","2026-09-29T22:00:00.000000",16.0263137817383
"LH","2026-09-29T23:00:00.000000",16.0114040374756
"LH","2026-09-30T00:00:00.000000",16.0160446166992
"LH","2026-09-30T01:00:00.000000",16.0291690826416
"LH","2026-09-30T02:00:00.000000",16.0161743164062
"LH","2026-09-30T03:00:00.000000",15.9994783401489
"LH","2026-09-30T04:00:00.000000",15.9878902435303
"LH","2026-09-30T05:00:00.000000",15.9797487258911
"LH","2026-09-30T06:00:00.000000",15.97838306427
"LH","2026-09-30T07:00:00.000000",15.9785995483398
"LH","2026-09-30T08:00:00.000000",15.9788932800293
"LH","2026-09-30T09:00:00.000000",15.9820356369019
"LH","2026-09-30T10:00:00.000000",15.9740934371948
"LH","2026-09-30T11:00:00.000000",15.9646377563477
"LH","2026-09-30T12:00:00.000000",15.9677467346191
"LH","2026-09-30T13:00:00.000000",15.976954460144
"LH","2026-09-30T14:00:00.000000",15.9676914215088
"LH","2026-09-30T15:00:00.000000",15.947039604187
"LH","2026-09-30T16:00:00.000000",15.9417877197266
"LH","2026-09-30T17:00:00.000000",15.9373474121094
"LH","2026-09-30T18:00:00.000000",15.9367780685425
"LH","2026-09-30T19:00:00.000000",15.9380025863647
"LH","2026-09-30T20:00:00.000000",15.9396276473999
"LH","2026-09-30T21:00:00.000000",15.9506320953369
"LH","2026-09-30T22:00:00.000000",15.9521722793579
"LH","2026-09-30T23:00:00.000000",15.9405431747437
"LH","2026-10-01T00:00:00.000000",15.9308309555054
"LH","2026-10-01T01:00:00.000000",15.9328308105469
"LH","2026-10-01T02:00:00.000000",15.9271841049194
"LH","2026-10-01T03:00:00.000000",15.9083890914917
"LH","2026-10-01T04:00:00.000000",15.8919858932495
"LH","2026-10-01T05:00:00.000000",15.8776245117188
"LH","2026-10-01T06:00:00.000000",15.8683662414551
"LH","2026-10-01T07:00:00.000000",15.8663568496704
"LH","2026-10-01T08:00:00.000000",15.8667907714844
"LH","2026-10-01T09:00:00.000000",15.8704032897949
"LH","2026-10-01T10:00:00.000000",15.8769683837891
"LH","2026-10-01T11:00:00.000000",15.8769989013672
"LH","2026-10-01T12:00:00.000000",15.8762235641479
"LH","2026-10-01T13:00:00.000000",15.877703666687
"LH","2026-10-01T14:00:00.000000",15.8799533843994
"LH","2026-10-01T15:00:00.000000",15.8746013641357
"LH","2026-10-01T16:00:00.000000",15.861930847168
"LH","2026-10-01T17:00:00.000000",15.8604803085327
"LH","2026-10-01T18:00:00.000000",15.8606805801392
"LH","2026-10-01T19:00:00.000000",15.8619117736816
"LH","2026-10-01T20:00:00.000000",15.8635787963867
"LH","2026-10-01T21:00:00.000000",15.8661413192749
"LH","2026-10-01T22:00:00.000000",15.8734035491943
"LH","2026-10-01T23:00:00.000000",15.881085395813
"LH","2026-10-02T00:00:00.000000",15.8839588165283
"LH","2026-10-02T01:00:00.000000",15.8834247589111
"LH","2026-10-02T02:00:00.000000",15.8821859359741
"LH","2026-10-02T03:00:00.000000",15.8778858184814
"LH","2026-10-02T04:00:00.000000",15.8662462234497
"LH","2026-10-02T05:00:00.000000",15.8582639694214
"LH","2026-10-02T06:00:00.000000",15.8514251708984
"LH","2026-10-02T07:00:00.000000",15.8485717773438
"LH","2026-10-02T08:00:00.000000",15.8482437133789
"LH","2026-10-02T09:00:00.000000",15.8483152389526
"LH","2026-10-02T10:00:00.000000",15.8502292633057
"LH","2026-10-02T11:00:00.000000",15.8540992736816
"LH","2026-10-02T12:00:00.000000",15.8581275939941
"LH","2026-10-02T13:00:00.000000",15.8576421737671
"LH","2026-10-02T14:00:00.000000",15.8591613769531
"LH","2026-10-02T15:00:00.000000",15.8634634017944
"LH","2026-10-02T16:00:00.000000",15.8709659576416
"LH","2026-10-02T17:00:00.000000",15.8794374465942
"LH","2026-10-02T18:00:00.000000",15.8871583938599
"LH","2026-10-02T19:00:00.000000",15.8920221328735
"LH","2026-10-02T20:00:00.000000",15.893364906311
"LH","2026-10-02T21:00:00.000000",15.8950805664062
"LH","2026-10-02T22:00:00.000000",15.8960990905762
"LH","2026-10-02T23:00:00.000000",15.8944606781006
"LH","2026-10-03T00:00:00.000000",15.8906564712524
"LH","2026-10-03T01:00:00.000000",15.8757410049438
"LH","2026-10-03T02:00:00.000000",15.8624687194824
"LH","2026-10-03T03:00:00.000000",15.8686294555664
"LH","2026-10-03T04:00:00.000000",15.8780546188354
"LH","2026-10-03T05:00:00.000000",15.8756380081177
"LH","2026-10-03T06:00:00.000000",15.8705673217773
"LH","2026-10-03T07:00:00.000000",15.8643779754639
"LH","2026-10-03T08:00:00.000000",15.859808921814
"LH","2026-10-03T09:00:00.000000",15.8565216064453
"LH","2026-10-03T10:00:00.000000",15.8550624847412
"LH","2026-10-03T11:00:00.000000",15.8557634353638
"LH","2026-10-03T12:00:00.000000",15.8558187484741
"LH","2026-10-03T13:00:00.000000",15.8563032150269
"LH","2026-10-03T14:00:00.000000",15.8558006286621
"LH","2026-10-03T15:00:00.000000",15.8549737930298
"LH","2026-10-03T16:00:00.000000",15.8624219894409
"LH","2026-10-03T17:00:00.000000",15.8713226318359
"LH","2026-10-03T18:00:00.000000",15.8732557296753
"LH","2026-10-03T19:00:00.000000",15.86803150177
"LH","2026-10-03T20:00:00.000000",15.869945526123
"LH","2026-10-03T21:00:00.000000",15.8718690872192
"LH","2026-10-03T22:00:00.000000",15.8727903366089
"LH","2026-10-03T23:00:00.000000",15.8761215209961
"LH","2026-10-04T00:00:00.000000",15.8790836334229
"LH","2026-10-04T01:00:00.000000",15.8827571868896
"LH","2026-10-04T02:00:00.000000",15.8804302215576
"LH","2026-10-04T03:00:00.000000",15.8757362365723
"LH","2026-10-04T04:00:00.000000",15.8716678619385
"LH","2026-10-04T05:00:00.000000",15.8733263015747
"LH","2026-10-04T06:00:00.000000",15.8693914413452
"LH","2026-10-04T07:00:00.000000",15.8686790466309
"LH","2026-10-04T08:00:00.000000",15.8768682479858
"LH","2026-10-04T09:00:00.000000",15.8836145401001
"LH","2026-10-04T10:00:00.000000",15.8856449127197
"LH","2026-10-04T11:00:00.000000",15.8847846984863
"LH","2026-10-04T12:00:00.000000",15.8820972442627
"LH","2026-10-04T13:00:00.000000",15.8795928955078
"LH","2026-10-04T14:00:00.000000",15.8759756088257
"LH","2026-10-04T15:00:00.000000",15.8752002716064
"LH","2026-10-04T16:00:00.000000",15.8791828155518
"LH","2026-10-04T17:00:00.000000",15.8861999511719
"LH","2026-10-04T18:00:00.000000",15.8990325927734
"LH","2026-10-04T19:00:00.000000",15.9250173568726
"LH","2026-10-04T20:00:00.000000",15.9521207809448
"LH","2026-10-04T21:00:00.000000",15.9727716445923
"LH","2026-10-04T22:00:00.000000",15.9812755584717
"LH","2026-10-04T23:00:00.000000",15.9786605834961
"LH","2026-10-05T00:00:00.000000",15.961236000061
"LH","2026-10-05T01:00:00.000000",15.9365367889404
"LH","2026-10-05T02:00:00.000000",15.9132499694824
"LH","2026-10-05T03:00:00.000000",15.8918485641479
"LH","2026-10-05T04:00:00.000000",15.8857336044312
"LH","2026-10-05T05:00:00.000000",15.8937129974365
"LH","2026-10-05T06:00:00.000000",15.9017019271851
"LH","2026-10-05T07:00:00.000000",15.9078054428101
"LH","2026-10-05T08:00:00.000000",15.9286460876465
"LH","2026-10-05T09:00:00.000000",15.9478626251221
"LH","2026-10-05T10:00:00.000000",15.9579429626465
"LH","2026-10-05T11:00:00.000000",15.9606189727783
"LH","2026-10-05T12:00:00.000000",15.9593963623047
"LH","2026-10-05T13:00:00.000000",15.9541130065918
"LH","2026-10-05T14:00:00.000000",15.9466609954834
"LH","2026-10-05T15:00:00.000000",15.9327726364136
"LH","2026-10-05T16:00:00.000000",15.9254770278931
"LH","2026-10-05T17:00:00.000000",15.933180809021
"LH","2026-10-05T18:00:00.000000",15.9500885009766
"LH","2026-10-05T19:00:00.000000",15.9718427658081
"LH","2026-10-05T20:00:00.000000",15.9826164245605
"LH","2026-10-05T21:00:00.000000",15.9864797592163
"LH","2026-10-05T22:00:00.000000",15.9878730773926
"LH","2026-10-05T23:00:00.000000",15.9877080917358
"LH","2026-10-06T00:00:00.000000",15.9871587753296
"LH","2026-10-06T01:00:00.000000",15.9867763519287
"LH","2026-10-06T02:00:00.000000",15.9847755432129
"LH","2026-10-06T03:00:00.000000",15.9648199081421
"LH","2026-10-06T04:00:00.000000",15.909234046936
"LH","2026-10-06T05:00:00.000000",15.8535823822021
"LH","2026-10-06T06:00:00.000000",15.8618364334106
"LH","2026-10-06T07:00:00.000000",15.8981399536133
"LH","2026-10-06T08:00:00.000000",15.9001483917236
"LH","2026-10-06T09:00:00.000000",15.8963651657104
"LH","2026-10-06T10:00:00.000000",15.8832588195801
"LH","2026-10-06T11:00:00.000000",15.8630971908569
"LH","2026-10-06T12:00:00.000000",15.8448324203491
"LH","2026-10-06T13:00:00.000000",15.8363761901855
"LH","2026-10-06T14:00:00.000000",15.834433555603
"LH","2026-10-06T15:00:00.000000",15.8424100875854
"LH","2026-10-06T16:00:00.000000",15.8579425811768
"LH","2026-10-06T17:00:00.000000",15.8659067153931
"LH","2026-10-06T18:00:00.000000",15.8629884719849
"LH","2026-10-06T19:00:00.000000",15.860445022583
"LH","2026-10-06T20:00:00.000000",15.8704986572266
"LH","2026-10-06T21:00:00.000000",15.8552751541138
"LH","2026-10-06T22:00:00.000000",15.8211374282837
"LH","2026-10-06T23:00:00.000000",15.7943563461304
"LH","2026-10-07T00:00:00.000000",15.7763662338257
"NB","2026-09-29T00:00:00.000000",15.6867876052856
"NB","2026-09-29T01:00:00.000000",15.689112663269
"NB","2026-09-29T02:00:00.000000",15.6900453567505
"NB","2026-09-29T03:00:00.000000",15.6903972625732
"NB","2026-09-29T04:00:00.000000",15.6922063827515
"NB","2026-09-29T05:00:00.000000",15.6958179473877
"NB","2026-09-29T06:00:00.000000",15.6993503570557
"NB","2026-09-29T07:00:00.000000",15.7027368545532
"NB","2026-09-29T08:00:00.000000",15.7087278366089
"NB","2026-09-29T09:00:00.000000",15.7159948348999
"NB","2026-09-29T10:00:00.000000",15.7182970046997
"NB","2026-09-29T11:00:00.000000",15.715859413147
"NB","2026-09-29T12:00:00.000000",15.7113513946533
"NB","2026-09-29T13:00:00.000000",15.7053604125977
"NB","2026-09-29T14:00:00.000000",15.7011823654175
"NB","2026-09-29T15:00:00.000000",15.6993207931519
"NB","2026-09-29T16:00:00.000000",15.698278427124
"NB","2026-09-29T17:00:00.000000",15.6968641281128
"NB","2026-09-29T18:00:00.000000",15.6968040466309
"NB","2026-09-29T19:00:00.000000",15.6968393325806
"NB","2026-09-29T20:00:00.000000",15.6923303604126
"NB","2026-09-29T21:00:00.000000",15.679835319519
"NB","2026-09-29T22:00:00.000000",15.6662702560425
"NB","2026-09-29T23:00:00.000000",15.6572885513306
"NB","2026-09-30T00:00:00.000000",15.6536483764648
"NB","2026-09-30T01:00:00.000000",15.6523313522339
"NB","2026-09-30T02:00:00.000000",15.6515350341797
"NB","2026-09-30T03:00:00.000000",15.6502857208252
"NB","2026-09-30T04:00:00.000000",15.6496419906616
"NB","2026-09-30T05:00:00.000000",15.6494340896606
"NB","2026-09-30T06:00:00.000000",15.6498460769653
"NB","2026-09-30T07:00:00.000000",15.6494750976562
"NB","2026-09-30T08:00:00.000000",15.6476898193359
"NB","2026-09-30T09:00:00.000000",15.6442584991455
"NB","2026-09-30T10:00:00.000000",15.6394701004028
"NB","2026-09-30T11:00:00.000000",15.6347923278809
"NB","2026-09-30T12:00:00.000000",15.6305503845215
"NB","2026-09-30T13:00:00.000000",15.6266851425171
"NB","2026-09-30T14:00:00.000000",15.6227407455444
"NB","2026-09-30T15:00:00.000000",15.6187124252319
"NB","2026-09-30T16:00:00.000000",15.6102876663208
"NB","2026-09-30T17:00:00.000000",15.5977411270142
"NB","2026-09-30T18:00:00.000000",15.585865020752
"NB","2026-09-30T19:00:00.000000",15.5757694244385
"NB","2026-09-30T20:00:00.000000",15.5730142593384
"NB","2026-09-30T21:00:00.000000",15.5729503631592
"NB","2026-09-30T22:00:00.000000",15.5745792388916
"NB","2026-09-30T23:00:00.000000",15.5783548355103
"NB","2026-10-01T00:00:00.000000",15.5791463851929
"NB","2026-10-01T01:00:00.000000",15.5736103057861
"NB","2026-10-01T02:00:00.000000",15.5665454864502
"NB","2026-10-01T03:00:00.000000",15.5634164810181
"NB","2026-10-01T04:00:00.000000",15.5591011047363
"NB","2026-10-01T05:00:00.000000",15.5518159866333
"NB","2026-10-01T06:00:00.000000",15.5408506393433
"NB","2026-10-01T07:00:00.000000",15.5324382781982
"NB","2026-10-01T08:00:00.000000",15.5279951095581
"NB","2026-10-01T09:00:00.000000",15.5257215499878
"NB","2026-10-01T10:00:00.000000",15.5221309661865
"NB","2026-10-01T11:00:00.000000",15.520453453064
"NB","2026-10-01T12:00:00.000000",15.5192499160767
"NB","2026-10-01T13:00:00.000000",15.5121297836304
"NB","2026-10-01T14:00:00.000000",15.500057220459
"NB","2026-10-01T15:00:00.000000",15.4888572692871
"NB","2026-10-01T16:00:00.000000",15.4790859222412
"NB","2026-10-01T17:00:00.000000",15.4670848846436
"NB","2026-10-01T18:00:00.000000",15.4555492401123
"NB","2026-10-01T19:00:00.000000",15.4476537704468
"NB","2026-10-01T20:00:00.000000",15.4436521530151
"NB","2026-10-01T21:00:00.000000",15.4441690444946
"NB","2026-10-01T22:00:00.000000",15.4472875595093
"NB","2026-10-01T23:00:00.000000",15.459789276123
"NB","2026-10-02T00:00:00.000000",15.4868021011353
"NB","2026-10-02T01:00:00.000000",15.5076885223389
"NB","2026-10-02T02:00:00.000000",15.5140438079834
"NB","2026-10-02T03:00:00.000000",15.5173482894897
"NB","2026-10-02T04:00:00.000000",15.5267953872681
"NB","2026-10-02T05:00:00.000000",15.544527053833
"NB","2026-10-02T06:00:00.000000",15.5660591125488
"NB","2026-10-02T07:00:00.000000",15.5957050323486
"NB","2026-10-02T08:00:00.000000",15.6281328201294
"NB","2026-10-02T09:00:00.000000",15.6428565979004
"NB","2026-10-02T10:00:00.000000",15.6529054641724
"NB","2026-10-02T11:00:00.000000",15.6687288284302
"NB","2026-10-02T12:00:00.000000",15.6820116043091
"NB","2026-10-02T13:00:00.000000",15.6914873123169
"NB","2026-10-02T14:00:00.000000",15.6964797973633
"NB","2026-10-02T15:00:00.000000",15.6964559555054
"NB","2026-10-02T16:00:00.000000",15.6964540481567
"NB","2026-10-02T17:00:00.000000",15.6951560974121
"NB","2026-10-02T18:00:00.000000",15.6854839324951
"NB","2026-10-02T19:00:00.000000",15.6785154342651
"NB","2026-10-02T20:00:00.000000",15.6772375106812
"NB","2026-10-02T21:00:00.000000",15.6835088729858
"NB","2026-10-02T22:00:00.000000",15.6913871765137
"NB","2026-10-02T23:00:00.000000",15.6893701553345
"NB","2026-10-03T00:00:00.000000",15.6806325912476
"NB","2026-10-03T01:00:00.000000",15.6650123596191
"NB","2026-10-03T02:00:00.000000",15.6403379440308
"NB","2026-10-03T03:00:00.000000",15.6069049835205
"NB","2026-10-03T04:00:00.000000",15.5651512145996
"NB","2026-10-03T05:00:00.000000",15.5175743103027
"NB","2026-10-03T06:00:00.000000",15.453784942627
"NB","2026-10-03T07:00:00.000000",15.3753633499146
"NB","2026-10-03T08:00:00.000000",15.2975273132324
"NB","2026-10-03T09:00:00.000000",15.2422561645508
"NB","2026-10-03T10:00:00.000000",15.2146635055542
"NB","2026-10-03T11:00:00.000000",15.2027769088745
"NB","2026-10-03T12:00:00.000000",15.1941423416138
"NB","2026-10-03T13:00:00.000000",15.188117980957
"NB","2026-10-03T14:00:00.000000",15.1809043884277
"NB","2026-10-03T15:00:00.000000",15.1729373931885
"NB","2026-10-03T16:00:00.000000",15.16672706604
"NB","2026-10-03T17:00:00.000000",15.1653995513916
"NB","2026-10-03T18:00:00.000000",15.1669158935547
"NB","2026-10-03T19:00:00.000000",15.1684942245483
"NB","2026-10-03T20:00:00.000000",15.1702365875244
"NB","2026-10-03T21:00:00.000000",15.1732454299927
"NB","2026-10-03T22:00:00.000000",15.1759424209595
"NB","2026-10-03T23:00:00.000000",15.1780414581299
"NB","2026-10-04T00:00:00.000000",15.1808853149414
"NB","2026-10-04T01:00:00.000000",15.183614730835
"NB","2026-10-04T02:00:00.000000",15.1872510910034
"NB","2026-10-04T03:00:00.000000",15.1926784515381
"NB","2026-10-04T04:00:00.000000",15.1983680725098
"NB","2026-10-04T05:00:00.000000",15.2039279937744
"NB","2026-10-04T06:00:00.000000",15.2060585021973
"NB","2026-10-04T07:00:00.000000",15.2083749771118
"NB","2026-10-04T08:00:00.000000",15.2114839553833
"NB","2026-10-04T09:00:00.000000",15.2156190872192
"NB","2026-10-04T10:00:00.000000",15.2198286056519
"NB","2026-10-04T11:00:00.000000",15.224515914917
"NB","2026-10-04T12:00:00.000000",15.2295455932617
"NB","2026-10-04T13:00:00.000000",15.2351560592651
"NB","2026-10-04T14:00:00.000000",15.2463731765747
"NB","2026-10-04T15:00:00.000000",15.2568883895874
"NB","2026-10-04T16:00:00.000000",15.2620067596436
"NB","2026-10-04T17:00:00.000000",15.2651720046997
"NB","2026-10-04T18:00:00.000000",15.2679347991943
"NB","2026-10-04T19:00:00.000000",15.2711172103882
"NB","2026-10-04T20:00:00.000000",15.2772235870361
"NB","2026-10-04T21:00:00.000000",15.2917604446411
"NB","2026-10-04T22:00:00.000000",15.3171501159668
"NB","2026-10-04T23:00:00.000000",15.354640007019
"NB","2026-10-05T00:00:00.000000",15.4007787704468
"NB","2026-10-05T01:00:00.000000",15.4775686264038
"NB","2026-10-05T02:00:00.000000",15.5320777893066
"NB","2026-10-05T03:00:00.000000",15.535982131958
"NB","2026-10-05T04:00:00.000000",15.5232849121094
"NB","2026-10-05T05:00:00.000000",15.5064277648926
"NB","2026-10-05T06:00:00.000000",15.492621421814
"NB","2026-10-05T07:00:00.000000",15.4872741699219
"NB","2026-10-05T08:00:00.000000",15.4868984222412
"NB","2026-10-05T09:00:00.000000",15.4880466461182
"NB","2026-10-05T10:00:00.000000",15.4904890060425
"NB","2026-10-05T11:00:00.000000",15.5042009353638
"NB","2026-10-05T12:00:00.000000",15.5271263122559
"NB","2026-10-05T13:00:00.000000",15.5341672897339
"NB","2026-10-05T14:00:00.000000",15.5368709564209
"NB","2026-10-05T15:00:00.000000",15.5380401611328
"NB","2026-10-05T16:00:00.000000",15.5337982177734
"NB","2026-10-05T17:00:00.000000",15.5245733261108
"NB","2026-10-05T18:00:00.000000",15.5150003433228
"NB","2026-10-05T19:00:00.000000",15.5093374252319
"NB","2026-10-05T20:00:00.000000",15.5049238204956
"NB","2026-10-05T21:00:00.000000",15.4979906082153
"NB","2026-10-05T22:00:00.000000",15.4860982894897
"NB","2026-10-05T23:00:00.000000",15.4624252319336
"NB","2026-10-06T00:00:00.000000",15.432354927063
"NB","2026-10-06T01:00:00.000000",15.4036569595337
"NB","2026-10-06T02:00:00.000000",15.3816518783569
"NB","2026-10-06T03:00:00.000000",15.3696966171265
"NB","2026-10-06T04:00:00.000000",15.3636121749878
"NB","2026-10-06T05:00:00.000000",15.3668212890625
"NB","2026-10-06T06:00:00.000000",15.4049863815308
"NB","2026-10-06T07:00:00.000000",15.4676465988159
"NB","2026-10-06T08:00:00.000000",15.5061550140381
"NB","2026-10-06T09:00:00.000000",15.5308132171631
"NB","2026-10-06T10:00:00.000000",15.532527923584
"NB","2026-10-06T11:00:00.000000",15.516547203064
"NB","2026-10-06T12:00:00.000000",15.4992828369141
"NB","2026-10-06T13:00:00.000000",15.4836912155151
"NB","2026-10-06T14:00:00.000000",15.4717960357666
"NB","2026-10-06T15:00:00.000000",15.4658889770508
"NB","2026-10-06T16:00:00.000000",15.463849067688
"NB","2026-10-06T17:00:00.000000",15.468279838562
"NB","2026-10-06T18:00:00.000000",15.4800996780396
"NB","2026-10-06T19:00:00.000000",15.4970636367798
"NB","2026-10-06T20:00:00.000000",15.5003204345703
"NB","2026-10-06T21:00:00.000000",15.4937591552734
"NB","2026-10-06T22:00:00.000000",15.4803638458252
"NB","2026-10-06T23:00:00.000000",15.4598016738892
"NB","2026-10-07T00:00:00.000000",15.4288835525513
"PC","2026-09-29T00:00:00.000000",16.4411811828613
"PC","2026-09-29T01:00:00.000000",16.4416255950928
"PC","2026-09-29T02:00:00.000000",16.4279174804688
"PC","2026-09-29T03:00:00.000000",16.3977947235107
"PC","2026-09-29T04:00:00.000000",16.3865585327148
"PC","2026-09-29T05:00:00.000000",16.385347366333
"PC","2026-09-29T06:00:00.000000",16.3845729827881
"PC","2026-09-29T07:00:00.000000",16.38427734375
"PC","2026-09-29T08:00:00.000000",16.3843269348145
"PC","2026-09-29T09:00:00.000000",16.3847045898438
"PC","2026-09-29T10:00:00.000000",16.3851776123047
"PC","2026-09-29T11:00:00.000000",16.3860149383545
"PC","2026-09-29T12:00:00.000000",16.3883590698242
"PC","2026-09-29T13:00:00.000000",16.391056060791
"PC","2026-09-29T14:00:00.000000",16.3867206573486
"PC","2026-09-29T15:00:00.000000",16.3683776855469
"PC","2026-09-29T16:00:00.000000",16.352331161499
"PC","2026-09-29T17:00:00.000000",16.3426876068115
"PC","2026-09-29T18:00:00.000000",16.3391723632812
"PC","2026-09-29T19:00:00.000000",16.3396434783936
"PC","2026-09-29T20:00:00.000000",16.3419876098633
"PC","2026-09-29T21:00:00.000000",16.3457145690918
"PC","2026-09-29T22:00:00.000000",16.3508167266846
"PC","2026-09-29T23:00:00.000000",16.3589115142822
"PC","2026-09-30T00:00:00.000000",16.36350440979
"PC","2026-09-30T01:00:00.000000",16.3680095672607
"PC","2026-09-30T02:00:00.000000",16.3677291870117
"PC","2026-09-30T03:00:00.000000",16.3389091491699
"PC","2026-09-30T04:00:00.000000",16.3048553466797
"PC","2026-09-30T05:00:00.000000",16.2632102966309
"PC","2026-09-30T06:00:00.000000",16.2523899078369
"PC","2026-09-30T07:00:00.000000",16.2516803741455
"PC","2026-09-30T08:00:00.000000",16.2541389465332
"PC","2026-09-30T09:00:00.000000",16.256908416748
"PC","2026-09-30T10:00:00.000000",16.2595882415771
"PC","2026-09-30T11:00:00.000000",16.2633571624756
"PC","2026-09-30T12:00:00.000000",16.2659568786621
"PC","2026-09-30T13:00:00.000000",16.2644443511963
"PC","2026-09-30T14:00:00.000000",16.2560710906982
"PC","2026-09-30T15:00:00.000000",16.2312412261963
"PC","2026-09-30T16:00:00.000000",16.1937999725342
"PC","2026-09-30T17:00:00.000000",16.1705665588379
"PC","2026-09-30T18:00:00.000000",16.1661911010742
"PC","2026-09-30T19:00:00.000000",16.1666698455811
"PC","2026-09-30T20:00:00.000000",16.1709365844727
"PC","2026-09-30T21:00:00.000000",16.1762294769287
"PC","2026-09-30T22:00:00.000000",16.1834411621094
"PC","2026-09-30T23:00:00.000000",16.1939945220947
"PC","2026-10-01T00:00:00.000000",16.2063217163086
"PC","2026-10-01T01:00:00.000000",16.2059288024902
"PC","2026-10-01T02:00:00.000000",16.2003688812256
"PC","2026-10-01T03:00:00.000000",16.1754760742188
"PC","2026-10-01T04:00:00.000000",16.1274108886719
"PC","2026-10-01T05:00:00.000000",16.0809593200684
"PC","2026-10-01T06:00:00.000000",16.0681419372559
"PC","2026-10-01T07:00:00.000000",16.0634441375732
"PC","2026-10-01T08:00:00.000000",16.0635261535645
"PC","2026-10-01T09:00:00.000000",16.0650157928467
"PC","2026-10-01T10:00:00.000000",16.0664386749268
"PC","2026-10-01T11:00:00.000000",16.0673675537109
"PC","2026-10-01T12:00:00.000000",16.0683078765869
"PC","2026-10-01T13:00:00.000000",16.0700664520264
"PC","2026-10-01T14:00:00.000000",16.0715866088867
"PC","2026-10-01T15:00:00.000000",16.0697631835938
"PC","2026-10-01T16:00:00.000000",16.0582599639893
"PC","2026-10-01T17:00:00.000000",16.0453453063965
"PC","2026-10-01T18:00:00.000000",16.0415210723877
"PC","2026-10-01T19:00:00.000000",16.0421543121338
"PC","2026-10-01T20:00:00.000000",16.0435409545898
"PC","2026-10-01T21:00:00.000000",16.0455207824707
"PC","2026-10-01T22:00:00.000000",16.047061920166
"PC","2026-10-01T23:00:00.000000",16.0486030578613
"PC","2026-10-02T00:00:00.000000",16.0513725280762
"PC","2026-10-02T01:00:00.000000",16.057897567749
"PC","2026-10-02T02:00:00.000000",16.058780670166
"PC","2026-10-02T03:00:00.000000",16.0556373596191
"PC","2026-10-02T04:00:00.000000",16.0473327636719
"PC","2026-10-02T05:00:00.000000",16.0318508148193
"PC","2026-10-02T06:00:00.000000",16.0233726501465
"PC","2026-10-02T07:00:00.000000",16.0195446014404
"PC","2026-10-02T08:00:00.000000",16.0195598602295
"PC","2026-10-02T09:00:00.000000",16.0204257965088
"PC","2026-10-02T10:00:00.000000",16.0214004516602
"PC","2026-10-02T11:00:00.000000",16.0224418640137
"PC","2026-10-02T12:00:00.000000",16.0231323242188
"PC","2026-10-02T13:00:00.000000",16.0254135131836
"PC","2026-10-02T14:00:00.000000",16.0286407470703
"PC","2026-10-02T15:00:00.000000",16.0346508026123
"PC","2026-10-02T16:00:00.000000",16.0458946228027
"PC","2026-10-02T17:00:00.000000",16.0602836608887
"PC","2026-10-02T18:00:00.000000",16.072265625
"PC","2026-10-02T19:00:00.000000",16.0871715545654
"PC","2026-10-02T20:00:00.000000",16.0993938446045
"PC","2026-10-02T21:00:00.000000",16.1052093505859
"PC","2026-10-02T22:00:00.000000",16.1036796569824
"PC","2026-10-02T23:00:00.000000",16.0991802215576
"PC","2026-10-03T00:00:00.000000",16.0936470031738
"PC","2026-10-03T01:00:00.000000",16.0868015289307
"PC","2026-10-03T02:00:00.000000",16.0819549560547
"PC","2026-10-03T03:00:00.000000",16.0792636871338
"PC","2026-10-03T04:00:00.000000",16.0772953033447
"PC","2026-10-03T05:00:00.000000",16.0823078155518
"PC","2026-10-03T06:00:00.000000",16.0834732055664
"PC","2026-10-03T07:00:00.000000",16.0868320465088
"PC","2026-10-03T08:00:00.000000",16.0940933227539
"PC","2026-10-03T09:00:00.000000",16.0977191925049
"PC","2026-10-03T10:00:00.000000",16.0961627960205
"PC","2026-10-03T11:00:00.000000",16.093090057373
"PC","2026-10-03T12:00:00.000000",16.0891551971436
"PC","2026-10-03T13:00:00.000000",16.0840473175049
"PC","2026-10-03T14:00:00.000000",16.0768814086914
"PC","2026-10-03T15:00:00.000000",16.0732917785645
"PC","2026-10-03T16:00:00.000000",16.0701885223389
"PC","2026-10-03T17:00:00.000000",16.0731525421143
"PC","2026-10-03T18:00:00.000000",16.0854873657227
"PC","2026-10-03T19:00:00.000000",16.1101360321045
"PC","2026-10-03T20:00:00.000000",16.1230506896973
"PC","2026-10-03T21:00:00.000000",16.128849029541
"PC","2026-10-03T22:00:00.000000",16.128023147583
"PC","2026-10-03T23:00:00.000000",16.1246070861816
"PC","2026-10-04T00:00:00.000000",16.1207427978516
"PC","2026-10-04T01:00:00.000000",16.1158313751221
"PC","2026-10-04T02:00:00.000000",16.1085071563721
"PC","2026-10-04T03:00:00.000000",16.100622177124
"PC","2026-10-04T04:00:00.000000",16.0940532684326
"PC","2026-10-04T05:00:00.000000",16.0874614715576
"PC","2026-10-04T06:00:00.000000",16.0857391357422
"PC","2026-10-04T07:00:00.000000",16.0852355957031
"PC","2026-10-04T08:00:00.000000",16.0848388671875
"PC","2026-10-04T09:00:00.000000",16.0938091278076
"PC","2026-10-04T10:00:00.000000",16.0985813140869
"PC","2026-10-04T11:00:00.000000",16.0972652435303
"PC","2026-10-04T12:00:00.000000",16.0948524475098
"PC","2026-10-04T13:00:00.000000",16.093563079834
"PC","2026-10-04T14:00:00.000000",16.0922298431396
"PC","2026-10-04T15:00:00.000000",16.0895881652832
"PC","2026-10-04T16:00:00.000000",16.0892543792725
"PC","2026-10-04T17:00:00.000000",16.0905380249023
"PC","2026-10-04T18:00:00.000000",16.0959968566895
"PC","2026-10-04T19:00:00.000000",16.109977722168
"PC","2026-10-04T20:00:00.000000",16.1432151794434
"PC","2026-10-04T21:00:00.000000",16.1585369110107
"PC","2026-10-04T22:00:00.000000",16.1650104522705
"PC","2026-10-04T23:00:00.000000",16.1645832061768
"PC","2026-10-05T00:00:00.000000",16.1603221893311
"PC","2026-10-05T01:00:00.000000",16.1557941436768
"PC","2026-10-05T02:00:00.000000",16.1514415740967
"PC","2026-10-05T03:00:00.000000",16.143913269043
"PC","2026-10-05T04:00:00.000000",16.134183883667
"PC","2026-10-05T05:00:00.000000",16.1278705596924
"PC","2026-10-05T06:00:00.000000",16.122501373291
"PC","2026-10-05T07:00:00.000000",16.1238460540771
"PC","2026-10-05T08:00:00.000000",16.1266841888428
"PC","2026-10-05T09:00:00.000000",16.1342468261719
"PC","2026-10-05T10:00:00.000000",16.1481914520264
"PC","2026-10-05T11:00:00.000000",16.155933380127
"PC","2026-10-05T12:00:00.000000",16.1567134857178
"PC","2026-10-05T13:00:00.000000",16.1556396484375
"PC","2026-10-05T14:00:00.000000",16.1551570892334
"PC","2026-10-05T15:00:00.000000",16.1543769836426
"PC","2026-10-05T16:00:00.000000",16.1519088745117
"PC","2026-10-05T17:00:00.000000",16.1503887176514
"PC","2026-10-05T18:00:00.000000",16.1486778259277
"PC","2026-10-05T19:00:00.000000",16.1543521881104
"PC","2026-10-05T20:00:00.000000",16.1667747497559
"PC","2026-10-05T21:00:00.000000",16.18284034729
"PC","2026-10-05T22:00:00.000000",16.2008838653564
"PC","2026-10-05T23:00:00.000000",16.2154121398926
"PC","2026-10-06T00:00:00.000000",16.2237968444824
"PC","2026-10-06T01:00:00.000000",16.2242851257324
"PC","2026-10-06T02:00:00.000000",16.2214450836182
"PC","2026-10-06T03:00:00.000000",16.2097301483154
"PC","2026-10-06T04:00:00.000000",16.1949596405029
"PC","2026-10-06T05:00:00.000000",16.1811199188232
"PC","2026-10-06T06:00:00.000000",16.1709766387939
"PC","2026-10-06T07:00:00.000000",16.1541690826416
"PC","2026-10-06T08:00:00.000000",16.137336730957
"PC","2026-10-06T09:00:00.000000",16.13108253479
"PC","2026-10-06T10:00:00.000000",16.1267490386963
"PC","2026-10-06T11:00:00.000000",16.1359539031982
"PC","2026-10-06T12:00:00.000000",16.1436672210693
"PC","2026-10-06T13:00:00.000000",16.1462516784668
"PC","2026-10-06T14:00:00.000000",16.1473503112793
"PC","2026-10-06T15:00:00.000000",16.1470146179199
"PC","2026-10-06T16:00:00.000000",16.1451549530029
"PC","2026-10-06T17:00:00.000000",16.1428375244141
"PC","2026-10-06T18:00:00.000000",16.1421089172363
"PC","2026-10-06T19:00:00.000000",16.1441974639893
"PC","2026-10-06T20:00:00.000000",16.1494922637939
"PC","2026-10-06T21:00:00.000000",16.1612548828125
"PC","2026-10-06T22:00:00.000000",16.1724586486816
"PC","2026-10-06T23:00:00.000000",16.1780872344971
"PC","2026-10-07T00:00:00.000000",16.1851348876953
"PV","2026-09-29T00:00:00.000000",15.9474534988403
"PV","2026-09-29T01:00:00.000000",15.8822355270386
"PV","2026-09-29T02:00:00.000000",15.8611621856689
"PV","2026-09-29T03:00:00.000000",15.8660516738892
"PV","2026-09-29T04:00:00.000000",15.9006185531616
"PV","2026-09-29T05:00:00.000000",15.9243059158325
"PV","2026-09-29T06:00:00.000000",15.945405960083
"PV","2026-09-29T07:00:00.000000",15.9689788818359
"PV","2026-09-29T08:00:00.000000",15.9940242767334
"PV","2026-09-29T09:00:00.000000",16.0125370025635
"PV","2026-09-29T10:00:00.000000",16.027437210083
"PV","2026-09-29T11:00:00.000000",16.0334568023682
"PV","2026-09-29T12:00:00.000000",15.9590082168579
"PV","2026-09-29T13:00:00.000000",15.85373878479
"PV","2026-09-29T14:00:00.000000",15.8247947692871
"PV","2026-09-29T15:00:00.000000",15.8489236831665
"PV","2026-09-29T16:00:00.000000",15.8723630905151
"PV","2026-09-29T17:00:00.000000",15.8719072341919
"PV","2026-09-29T18:00:00.000000",15.8989963531494
"PV","2026-09-29T19:00:00.000000",15.937180519104
"PV","2026-09-29T20:00:00.000000",15.9793605804443
"PV","2026-09-29T21:00:00.000000",16.0036468505859
"PV","2026-09-29T22:00:00.000000",16.017951965332
"PV","2026-09-29T23:00:00.000000",16.0222663879395
"PV","2026-09-30T00:00:00.000000",15.9301958084106
"PV","2026-09-30T01:00:00.000000",15.717173576355
"PV","2026-09-30T02:00:00.000000",15.6588716506958
"PV","2026-09-30T03:00:00.000000",15.6905975341797
"PV","2026-09-30T04:00:00.000000",15.7274036407471
"PV","2026-09-30T05:00:00.000000",15.746301651001
"PV","2026-09-30T06:00:00.000000",15.7671337127686
"PV","2026-09-30T07:00:00.000000",15.7764940261841
"PV","2026-09-30T08:00:00.000000",15.8199186325073
"PV","2026-09-30T09:00:00.000000",15.8582334518433
"PV","2026-09-30T10:00:00.000000",15.8888988494873
"PV","2026-09-30T11:00:00.000000",15.9121780395508
"PV","2026-09-30T12:00:00.000000",15.8814792633057
"PV","2026-09-30T13:00:00.000000",15.6469707489014
"PV","2026-09-30T14:00:00.000000",15.5784606933594
"PV","2026-09-30T15:00:00.000000",15.6050281524658
"PV","2026-09-30T16:00:00.000000",15.6643657684326
"PV","2026-09-30T17:00:00.000000",15.6964960098267
"PV","2026-09-30T18:00:00.000000",15.7233190536499
"PV","2026-09-30T19:00:00.000000",15.7480058670044
"PV","2026-09-30T20:00:00.000000",15.7966394424438
"PV","2026-09-30T21:00:00.000000",15.8409404754639
"PV","2026-09-30T22:00:00.000000",15.861400604248
"PV","2026-09-30T23:00:00.000000",15.8741245269775
"PV","2026-10-01T00:00:00.000000",15.8814220428467
"PV","2026-10-01T01:00:00.000000",15.687891960144
"PV","2026-10-01T02:00:00.000000",15.5873584747314
"PV","2026-10-01T03:00:00.000000",15.5764331817627
"PV","2026-10-01T04:00:00.000000",15.6051263809204
"PV","2026-10-01T05:00:00.000000",15.627965927124
"PV","2026-10-01T06:00:00.000000",15.6402826309204
"PV","2026-10-01T07:00:00.000000",15.6546611785889
"PV","2026-10-01T08:00:00.000000",15.6841316223145
"PV","2026-10-01T09:00:00.000000",15.7225828170776
"PV","2026-10-01T10:00:00.000000",15.7572765350342
"PV","2026-10-01T11:00:00.000000",15.7809047698975
"PV","2026-10-01T12:00:00.000000",15.7950391769409
"PV","2026-10-01T13:00:00.000000",15.7310218811035
"PV","2026-10-01T14:00:00.000000",15.5573921203613
"PV","2026-10-01T15:00:00.000000",15.540846824646
"PV","2026-10-01T16:00:00.000000",15.5735607147217
"PV","2026-10-01T17:00:00.000000",15.6307287216187
"PV","2026-10-01T18:00:00.000000",15.6596660614014
"PV","2026-10-01T19:00:00.000000",15.7029609680176
"PV","2026-10-01T20:00:00.000000",15.7562532424927
"PV","2026-10-01T21:00:00.000000",15.8049774169922
"PV","2026-10-01T22:00:00.000000",15.8274049758911
"PV","2026-10-01T23:00:00.000000",15.8268222808838
"PV","2026-10-02T00:00:00.000000",15.8191413879395
"PV","2026-10-02T01:00:00.000000",15.8004884719849
"PV","2026-10-02T02:00:00.000000",15.5798854827881
"PV","2026-10-02T03:00:00.000000",15.5377683639526
"PV","2026-10-02T04:00:00.000000",15.541654586792
"PV","2026-10-02T05:00:00.000000",15.5911273956299
"PV","2026-10-02T06:00:00.000000",15.6110887527466
"PV","2026-10-02T07:00:00.000000",15.6290616989136
"PV","2026-10-02T08:00:00.000000",15.6830406188965
"PV","2026-10-02T09:00:00.000000",15.7411289215088
"PV","2026-10-02T10:00:00.000000",15.7456130981445
"PV","2026-10-02T11:00:00.000000",15.7453289031982
"PV","2026-10-02T12:00:00.000000",15.7478466033936
"PV","2026-10-02T13:00:00.000000",15.7498340606689
"PV","2026-10-02T14:00:00.000000",15.5803852081299
"PV","2026-10-02T15:00:00.000000",15.4296712875366
"PV","2026-10-02T16:00:00.000000",15.4569501876831
"PV","2026-10-02T17:00:00.000000",15.5532312393188
"PV","2026-10-02T18:00:00.000000",15.565071105957
"PV","2026-10-02T19:00:00.000000",15.6043043136597
"PV","2026-10-02T20:00:00.000000",15.6861886978149
"PV","2026-10-02T21:00:00.000000",15.7917747497559
"PV","2026-10-02T22:00:00.000000",15.824761390686
"PV","2026-10-02T23:00:00.000000",15.7969951629639
"PV","2026-10-03T00:00:00.000000",15.7761144638062
"PV","2026-10-03T01:00:00.000000",15.7610559463501
"PV","2026-10-03T02:00:00.000000",15.6775884628296
"PV","2026-10-03T03:00:00.000000",15.4396076202393
"PV","2026-10-03T04:00:00.000000",15.3743782043457
"PV","2026-10-03T05:00:00.000000",15.4077663421631
"PV","2026-10-03T06:00:00.000000",15.4453430175781
"PV","2026-10-03T07:00:00.000000",15.4748868942261
"PV","2026-10-03T08:00:00.000000",15.5227193832397
"PV","2026-10-03T09:00:00.000000",15.5817861557007
"PV","2026-10-03T10:00:00.000000",15.6426763534546
"PV","2026-10-03T11:00:00.000000",15.6612176895142
"PV","2026-10-03T12:00:00.000000",15.6466255187988
"PV","2026-10-03T13:00:00.000000",15.631251335144
"PV","2026-10-03T14:00:00.000000",15.6227378845215
"PV","2026-10-03T15:00:00.000000",15.5830640792847
"PV","2026-10-03T16:00:00.000000",15.4701128005981
"PV","2026-10-03T17:00:00.000000",15.5409460067749
"PV","2026-10-03T18:00:00.000000",15.6249494552612
"PV","2026-10-03T19:00:00.000000",15.6857233047485
"PV","2026-10-03T20:00:00.000000",15.7844724655151
"PV","2026-10-03T21:00:00.000000",15.8641710281372
"PV","2026-10-03T22:00:00.000000",15.9421920776367
"PV","2026-10-03T23:00:00.000000",15.9788007736206
"PV","2026-10-04T00:00:00.000000",15.9763841629028
"PV","2026-10-04T01:00:00.000000",15.9749021530151
"PV","2026-10-04T02:00:00.000000",15.9666118621826
"PV","2026-10-04T03:00:00.000000",15.9788131713867
"PV","2026-10-04T04:00:00.000000",15.6496992111206
"PV","2026-10-04T05:00:00.000000",15.5721216201782
"PV","2026-10-04T06:00:00.000000",15.6038236618042
"PV","2026-10-04T07:00:00.000000",15.6377477645874
"PV","2026-10-04T08:00:00.000000",15.6393957138062
"PV","2026-10-04T09:00:00.000000",15.645170211792
"PV","2026-10-04T10:00:00.000000",15.6621370315552
"PV","2026-10-04T11:00:00.000000",15.6914463043213
"PV","2026-10-04T12:00:00.000000",15.7325582504272
"PV","2026-10-04T13:00:00.000000",15.7485523223877
"PV","2026-10-04T14:00:00.000000",15.7608690261841
"PV","2026-10-04T15:00:00.000000",15.7902355194092
"PV","2026-10-04T16:00:00.000000",15.8734683990479
"PV","2026-10-04T17:00:00.000000",15.8395538330078
"PV","2026-10-04T18:00:00.000000",15.8375597000122
"PV","2026-10-04T19:00:00.000000",15.8650016784668
"PV","2026-10-04T20:00:00.000000",15.9068946838379
"PV","2026-10-04T21:00:00.000000",15.94948387146
"PV","2026-10-04T22:00:00.000000",15.9819583892822
"PV","2026-10-04T23:00:00.000000",16.0243835449219
"PV","2026-10-05T00:00:00.000000",16.0414791107178
"PV","2026-10-05T01:00:00.000000",16.0394592285156
"PV","2026-10-05T02:00:00.000000",16.0388240814209
"PV","2026-10-05T03:00:00.000000",16.0343799591064
"PV","2026-10-05T04:00:00.000000",16.0314998626709
"PV","2026-10-05T05:00:00.000000",15.7640657424927
"PV","2026-10-05T06:00:00.000000",15.6633491516113
"PV","2026-10-05T07:00:00.000000",15.6922121047974
"PV","2026-10-05T08:00:00.000000",15.7176990509033
"PV","2026-10-05T09:00:00.000000",15.7218418121338
"PV","2026-10-05T10:00:00.000000",15.7141914367676
"PV","2026-10-05T11:00:00.000000",15.7260818481445
"PV","2026-10-05T12:00:00.000000",15.7517137527466
"PV","2026-10-05T13:00:00.000000",15.7976446151733
"PV","2026-10-05T14:00:00.000000",15.8125925064087
"PV","2026-10-05T15:00:00.000000",15.8187093734741
"PV","2026-10-05T16:00:00.000000",15.8228902816772
"PV","2026-10-05T17:00:00.000000",15.7761526107788
"PV","2026-10-05T18:00:00.000000",15.5903949737549
"PV","2026-10-05T19:00:00.000000",15.6052961349487
"PV","2026-10-05T20:00:00.000000",15.6300649642944
"PV","2026-10-05T21:00:00.000000",15.6473407745361
"PV","2026-10-05T22:00:00.000000",15.656587600708
"PV","2026-10-05T23:00:00.000000",15.6692523956299
"PV","2026-10-06T00:00:00.000000",15.7205657958984
"PV","2026-10-06T01:00:00.000000",15.761622428894
"PV","2026-10-06T02:00:00.000000",15.7582855224609
"PV","2026-10-06T03:00:00.000000",15.7478446960449
"PV","2026-10-06T04:00:00.000000",15.7394561767578
"PV","2026-10-06T05:00:00.000000",15.7348756790161
"PV","2026-10-06T06:00:00.000000",15.5930976867676
"PV","2026-10-06T07:00:00.000000",15.5077486038208
"PV","2026-10-06T08:00:00.000000",15.5015134811401
"PV","2026-10-06T09:00:00.000000",15.5213184356689
"PV","2026-10-06T10:00:00.000000",15.5345239639282
"PV","2026-10-06T11:00:00.000000",15.5482835769653
"PV","2026-10-06T12:00:00.000000",15.5684404373169
"PV","2026-10-06T13:00:00.000000",15.5965356826782
"PV","2026-10-06T14:00:00.000000",15.6196575164795
"PV","2026-10-06T15:00:00.000000",15.6411848068237
"PV","2026-10-06T16:00:00.000000",15.6772727966309
"PV","2026-10-06T17:00:00.000000",15.6978216171265
"PV","2026-10-06T18:00:00.000000",15.6949892044067
"PV","2026-10-06T19:00:00.000000",15.5377178192139
"PV","2026-10-06T20:00:00.000000",15.4864301681519
"PV","2026-10-06T21:00:00.000000",15.4844388961792
"PV","2026-10-06T22:00:00.000000",15.5025482177734
"PV","2026-10-06T23:00:00.000000",15.5279178619385
"PV","2026-10-07T00:00:00.000000",15.5380144119263
"SH","2026-09-29T00:00:00.000000",16.375244140625
"SH","2026-09-29T01:00:00.000000",16.4274673461914
"SH","2026-09-29T02:00:00.000000",16.4580154418945
"SH","2026-09-29T03:00:00.000000",16.457067489624
"SH","2026-09-29T04:00:00.000000",16.4593544006348
"SH","2026-09-29T05:00:00.000000",16.4588012695312
"SH","2026-09-29T06:00:00.000000",16.4455986022949
"SH","2026-09-29T07:00:00.000000",16.4144325256348
"SH","2026-09-29T08:00:00.000000",16.3979740142822
"SH","2026-09-29T09:00:00.000000",16.384183883667
"SH","2026-09-29T10:00:00.000000",16.367115020752
"SH","2026-09-29T11:00:00.000000",16.3509140014648
"SH","2026-09-29T12:00:00.000000",16.3473815917969
"SH","2026-09-29T13:00:00.000000",16.3850517272949
"SH","2026-09-29T14:00:00.000000",16.4248657226562
"SH","2026-09-29T15:00:00.000000",16.4219970703125
"SH","2026-09-29T16:00:00.000000",16.4175071716309
"SH","2026-09-29T17:00:00.000000",16.4191989898682
"SH","2026-09-29T18:00:00.000000",16.4205760955811
"SH","2026-09-29T19:00:00.000000",16.4134464263916
"SH","2026-09-29T20:00:00.000000",16.397216796875
"SH","2026-09-29T21:00:00.000000",16.3711433410645
"SH","2026-09-29T22:00:00.000000",16.3516082763672
"SH","2026-09-29T23:00:00.000000",16.3044128417969
"SH","2026-09-30T00:00:00.000000",16.2837142944336
"SH","2026-09-30T01:00:00.000000",16.3009548187256
"SH","2026-09-30T02:00:00.000000",16.3494606018066
"SH","2026-09-30T03:00:00.000000",16.3596496582031
"SH","2026-09-30T04:00:00.000000",16.3618183135986
"SH","2026-09-30T05:00:00.000000",16.3656368255615
"SH","2026-09-30T06:00:00.000000",16.3653564453125
"SH","2026-09-30T07:00:00.000000",16.3469219207764
"SH","2026-09-30T08:00:00.000000",16.2885494232178
"SH","2026-09-30T09:00:00.000000",16.2665996551514
"SH","2026-09-30T10:00:00.000000",16.2525253295898
"SH","2026-09-30T11:00:00.000000",16.233814239502
"SH","2026-09-30T12:00:00.000000",16.2147903442383
"SH","2026-09-30T13:00:00.000000",16.218620300293
"SH","2026-09-30T14:00:00.000000",16.2652549743652
"SH","2026-09-30T15:00:00.000000",16.2995643615723
"SH","2026-09-30T16:00:00.000000",16.3142147064209
"SH","2026-09-30T17:00:00.000000",16.3320693969727
"SH","2026-09-30T18:00:00.000000",16.3372478485107
"SH","2026-09-30T19:00:00.000000",16.3190460205078
"SH","2026-09-30T20:00:00.000000",16.2693996429443
"SH","2026-09-30T21:00:00.000000",16.2454948425293
"SH","2026-09-30T22:00:00.000000",16.2222652435303
"SH","2026-09-30T23:00:00.000000",16.195764541626
"SH","2026-10-01T00:00:00.000000",16.1477508544922
"SH","2026-10-01T01:00:00.000000",16.1330604553223
"SH","2026-10-01T02:00:00.000000",16.1587867736816
"SH","2026-10-01T03:00:00.000000",16.3029232025146
"SH","2026-10-01T04:00:00.000000",16.3544311523438
"SH","2026-10-01T05:00:00.000000",16.3601131439209
"SH","2026-10-01T06:00:00.000000",16.3621978759766
"SH","2026-10-01T07:00:00.000000",16.3604030609131
"SH","2026-10-01T08:00:00.000000",16.3232822418213
"SH","2026-10-01T09:00:00.000000",16.2789039611816
"SH","2026-10-01T10:00:00.000000",16.232385635376
"SH","2026-10-01T11:00:00.000000",16.1998138427734
"SH","2026-10-01T12:00:00.000000",16.1618270874023
"SH","2026-10-01T13:00:00.000000",16.1456661224365
"SH","2026-10-01T14:00:00.000000",16.1653308868408
"SH","2026-10-01T15:00:00.000000",16.306884765625
"SH","2026-10-01T16:00:00.000000",16.3604831695557
"SH","2026-10-01T17:00:00.000000",16.363597869873
"SH","2026-10-01T18:00:00.000000",16.3637676239014
"SH","2026-10-01T19:00:00.000000",16.3661022186279
"SH","2026-10-01T20:00:00.000000",16.3583984375
"SH","2026-10-01T21:00:00.000000",16.3368625640869
"SH","2026-10-01T22:00:00.000000",16.2881088256836
"SH","2026-10-01T23:00:00.000000",16.2387542724609
"SH","2026-10-02T00:00:00.000000",16.1644554138184
"SH","2026-10-02T01:00:00.000000",16.0920238494873
"SH","2026-10-02T02:00:00.000000",16.0798225402832
"SH","2026-10-02T03:00:00.000000",16.1531925201416
"SH","2026-10-02T04:00:00.000000",16.2896595001221
"SH","2026-10-02T05:00:00.000000",16.3065814971924
"SH","2026-10-02T06:00:00.000000",16.3008728027344
"SH","2026-10-02T07:00:00.000000",16.2944469451904
"SH","2026-10-02T08:00:00.000000",16.2909469604492
"SH","2026-10-02T09:00:00.000000",16.2864990234375
"SH","2026-10-02T10:00:00.000000",16.2824935913086
"SH","2026-10-02T11:00:00.000000",16.260612487793
"SH","2026-10-02T12:00:00.000000",16.2435989379883
"SH","2026-10-02T13:00:00.000000",16.1969547271729
"SH","2026-10-02T14:00:00.000000",16.1726894378662
"SH","2026-10-02T15:00:00.000000",16.1982593536377
"SH","2026-10-02T16:00:00.000000",16.2549304962158
"SH","2026-10-02T17:00:00.000000",16.266508102417
"SH","2026-10-02T18:00:00.000000",16.2659358978271
"SH","2026-10-02T19:00:00.000000",16.2676219940186
"SH","2026-10-02T20:00:00.000000",16.2792053222656
"SH","2026-10-02T21:00:00.000000",16.3102893829346
"SH","2026-10-02T22:00:00.000000",16.3266792297363
"SH","2026-10-02T23:00:00.000000",16.3131256103516
"SH","2026-10-03T00:00:00.000000",16.2887592315674
"SH","2026-10-03T01:00:00.000000",16.1877040863037
"SH","2026-10-03T02:00:00.000000",16.0698833465576
"SH","2026-10-03T03:00:00.000000",16.0064697265625
"SH","2026-10-03T04:00:00.000000",15.9984855651855
"SH","2026-10-03T05:00:00.000000",16.089038848877
"SH","2026-10-03T06:00:00.000000",16.1461486816406
"SH","2026-10-03T07:00:00.000000",16.1649284362793
"SH","2026-10-03T08:00:00.000000",16.170295715332
"SH","2026-10-03T09:00:00.000000",16.1706886291504
"SH","2026-10-03T10:00:00.000000",16.1695575714111
"SH","2026-10-03T11:00:00.000000",16.1738185882568
"SH","2026-10-03T12:00:00.000000",16.1621704101562
"SH","2026-10-03T13:00:00.000000",16.1562213897705
"SH","2026-10-03T14:00:00.000000",16.1424674987793
"SH","2026-10-03T15:00:00.000000",16.1409950256348
"SH","2026-10-03T16:00:00.000000",16.1820907592773
"SH","2026-10-03T17:00:00.000000",16.3305416107178
"SH","2026-10-03T18:00:00.000000",16.4087696075439
"SH","2026-10-03T19:00:00.000000",16.4282932281494
"SH","2026-10-03T20:00:00.000000",16.4353713989258
"SH","2026-10-03T21:00:00.000000",16.441234588623
"SH","2026-10-03T22:00:00.000000",16.4590225219727
"SH","2026-10-03T23:00:00.000000",16.4528675079346
"SH","2026-10-04T00:00:00.000000",16.3967742919922
"SH","2026-10-04T01:00:00.000000",16.3142242431641
"SH","2026-10-04T02:00:00.000000",16.2539710998535
"SH","2026-10-04T03:00:00.000000",16.1908760070801
"SH","2026-10-04T04:00:00.000000",16.203197479248
"SH","2026-10-04T05:00:00.000000",16.2697696685791
"SH","2026-10-04T06:00:00.000000",16.3527889251709
"SH","2026-10-04T07:00:00.000000",16.3668823242188
"SH","2026-10-04T08:00:00.000000",16.3615341186523
"SH","2026-10-04T09:00:00.000000",16.3560600280762
"SH","2026-10-04T10:00:00.000000",16.3560161590576
"SH","2026-10-04T11:00:00.000000",16.3635692596436
"SH","2026-10-04T12:00:00.000000",16.3663158416748
"SH","2026-10-04T13:00:00.000000",16.3556747436523
"SH","2026-10-04T14:00:00.000000",16.3349838256836
"SH","2026-10-04T15:00:00.000000",16.3174743652344
"SH","2026-10-04T16:00:00.000000",16.308967590332
"SH","2026-10-04T17:00:00.000000",16.3222827911377
"SH","2026-10-04T18:00:00.000000",16.392068862915
"SH","2026-10-04T19:00:00.000000",16.4208812713623
"SH","2026-10-04T20:00:00.000000",16.4272804260254
"SH","2026-10-04T21:00:00.000000",16.4302673339844
"SH","2026-10-04T22:00:00.000000",16.4386825561523
"SH","2026-10-04T23:00:00.000000",16.4433708190918
"SH","2026-10-05T00:00:00.000000",16.4384517669678
"SH","2026-10-05T01:00:00.000000",16.4146595001221
"SH","2026-10-05T02:00:00.000000",16.3743133544922
"SH","2026-10-05T03:00:00.000000",16.3381900787354
"SH","2026-10-05T04:00:00.000000",16.2728118896484
"SH","2026-10-05T05:00:00.000000",16.273962020874
"SH","2026-10-05T06:00:00.000000",16.3188095092773
"SH","2026-10-05T07:00:00.000000",16.3332347869873
"SH","2026-10-05T08:00:00.000000",16.3210735321045
"SH","2026-10-05T09:00:00.000000",16.3020133972168
"SH","2026-10-05T10:00:00.000000",16.2892799377441
"SH","2026-10-05T11:00:00.000000",16.2881946563721
"SH","2026-10-05T12:00:00.000000",16.302848815918
"SH","2026-10-05T13:00:00.000000",16.3273334503174
"SH","2026-10-05T14:00:00.000000",16.3331565856934
"SH","2026-10-05T15:00:00.000000",16.3294677734375
"SH","2026-10-05T16:00:00.000000",16.3266220092773
"SH","2026-10-05T17:00:00.000000",16.3209419250488
"SH","2026-10-05T18:00:00.000000",16.3289470672607
"SH","2026-10-05T19:00:00.000000",16.3391304016113
"SH","2026-10-05T20:00:00.000000",16.3316307067871
"SH","2026-10-05T21:00:00.000000",16.3177547454834
"SH","2026-10-05T22:00:00.000000",16.3048572540283
"SH","2026-10-05T23:00:00.000000",16.303035736084
"SH","2026-10-06T00:00:00.000000",16.3146133422852
"SH","2026-10-06T01:00:00.000000",16.3559284210205
"SH","2026-10-06T02:00:00.000000",16.3575000762939
"SH","2026-10-06T03:00:00.000000",16.3345584869385
"SH","2026-10-06T04:00:00.000000",16.3040199279785
"SH","2026-10-06T05:00:00.000000",16.247989654541
"SH","2026-10-06T06:00:00.000000",16.2309551239014
"SH","2026-10-06T07:00:00.000000",16.2598438262939
"SH","2026-10-06T08:00:00.000000",16.3705024719238
"SH","2026-10-06T09:00:00.000000",16.4116344451904
"SH","2026-10-06T10:00:00.000000",16.417652130127
"SH","2026-10-06T11:00:00.000000",16.4147777557373
"SH","2026-10-06T12:00:00.000000",16.4120941162109
"SH","2026-10-06T13:00:00.000000",16.39475440979
"SH","2026-10-06T14:00:00.000000",16.3810443878174
"SH","2026-10-06T15:00:00.000000",16.3571681976318
"SH","2026-10-06T16:00:00.000000",16.330940246582
"SH","2026-10-06T17:00:00.000000",16.2847518920898
"SH","2026-10-06T18:00:00.000000",16.2468795776367
"SH","2026-10-06T19:00:00.000000",16.2703533172607
"SH","2026-10-06T20:00:00.000000",16.3534774780273
"SH","2026-10-06T21:00:00.000000",16.3857898712158
"SH","2026-10-06T22:00:00.000000",16.3883361816406
"SH","2026-10-06T23:00:00.000000",16.3872680664062
"SH","2026-10-07T00:00:00.000000",16.3856105804443
"WB","2026-09-29T00:00:00.000000",15.5688400268555
"WB","2026-09-29T01:00:00.000000",15.5506963729858
"WB","2026-09-29T02:00:00.000000",15.5302534103394
"WB","2026-09-29T03:00:00.000000",15.514349937439
"WB","2026-09-29T04:00:00.000000",15.5044422149658
"WB","2026-09-29T05:00:00.000000",15.4939661026001
"WB","2026-09-29T06:00:00.000000",15.4893274307251
"WB","2026-09-29T07:00:00.000000",15.4921083450317
"WB","2026-09-29T08:00:00.000000",15.5023584365845
"WB","2026-09-29T09:00:00.000000",15.5131206512451
"WB","2026-09-29T10:00:00.000000",15.5188283920288
"WB","2026-09-29T11:00:00.000000",15.5051412582397
"WB","2026-09-29T12:00:00.000000",15.494068145752
"WB","2026-09-29T13:00:00.000000",15.4847478866577
"WB","2026-09-29T14:00:00.000000",15.4755821228027
"WB","2026-09-29T15:00:00.000000",15.4721851348877
"WB","2026-09-29T16:00:00.000000",15.4713439941406
"WB","2026-09-29T17:00:00.000000",15.4731302261353
"WB","2026-09-29T18:00:00.000000",15.4788961410522
"WB","2026-09-29T19:00:00.000000",15.4920520782471
"WB","2026-09-29T20:00:00.000000",15.5065002441406
"WB","2026-09-29T21:00:00.000000",15.5151100158691
"WB","2026-09-29T22:00:00.000000",15.5158376693726
"WB","2026-09-29T23:00:00.000000",15.5119609832764
"WB","2026-09-30T00:00:00.000000",15.50452709198
"WB","2026-09-30T01:00:00.000000",15.5091552734375
"WB","2026-09-30T02:00:00.000000",15.5262966156006
"WB","2026-09-30T03:00:00.000000",15.5320816040039
"WB","2026-09-30T04:00:00.000000",15.5302171707153
"WB","2026-09-30T05:00:00.000000",15.5268669128418
"WB","2026-09-30T06:00:00.000000",15.5255184173584
"WB","2026-09-30T07:00:00.000000",15.5315990447998
"WB","2026-09-30T08:00:00.000000",15.5433177947998
"WB","2026-09-30T09:00:00.000000",15.5488014221191
"WB","2026-09-30T10:00:00.000000",15.5490770339966
"WB","2026-09-30T11:00:00.000000",15.5488386154175
"WB","2026-09-30T12:00:00.000000",15.5447702407837
"WB","2026-09-30T13:00:00.000000",15.5373153686523
"WB","2026-09-30T14:00:00.000000",15.5375595092773
"WB","2026-09-30T15:00:00.000000",15.5369415283203
"WB","2026-09-30T16:00:00.000000",15.5332889556885
"WB","2026-09-30T17:00:00.000000",15.5315532684326
"WB","2026-09-30T18:00:00.000000",15.5359086990356
"WB","2026-09-30T19:00:00.000000",15.5546369552612
"WB","2026-09-30T20:00:00.000000",15.6331386566162
"WB","2026-09-30T21:00:00.000000",15.6577310562134
"WB","2026-09-30T22:00:00.000000",15.6740226745605
"WB","2026-09-30T23:00:00.000000",15.6952075958252
"WB","2026-10-01T00:00:00.000000",15.7034015655518
"WB","2026-10-01T01:00:00.000000",15.6931066513062
"WB","2026-10-01T02:00:00.000000",15.6720170974731
"WB","2026-10-01T03:00:00.000000",15.6566553115845
"WB","2026-10-01T04:00:00.000000",15.6353425979614
"WB","2026-10-01T05:00:00.000000",15.6147146224976
"WB","2026-10-01T06:00:00.000000",15.5977582931519
"WB","2026-10-01T07:00:00.000000",15.5930080413818
"WB","2026-10-01T08:00:00.000000",15.6020364761353
"WB","2026-10-01T09:00:00.000000",15.6186561584473
"WB","2026-10-01T10:00:00.000000",15.6317567825317
"WB","2026-10-01T11:00:00.000000",15.6351900100708
"WB","2026-10-01T12:00:00.000000",15.6336650848389
"WB","2026-10-01T13:00:00.000000",15.6156930923462
"WB","2026-10-01T14:00:00.000000",15.5828533172607
"WB","2026-10-01T15:00:00.000000",15.5635595321655
"WB","2026-10-01T16:00:00.000000",15.5507802963257
"WB","2026-10-01T17:00:00.000000",15.5400495529175
"WB","2026-10-01T18:00:00.000000",15.535213470459
"WB","2026-10-01T19:00:00.000000",15.5375852584839
"WB","2026-10-01T20:00:00.000000",15.549916267395
"WB","2026-10-01T21:00:00.000000",15.5696506500244
"WB","2026-10-01T22:00:00.000000",15.6233501434326
"WB","2026-10-01T23:00:00.000000",15.64670753479
"WB","2026-10-02T00:00:00.000000",15.6599979400635
"WB","2026-10-02T01:00:00.000000",15.6555776596069
"WB","2026-10-02T02:00:00.000000",15.6260614395142
"WB","2026-10-02T03:00:00.000000",15.5886716842651
"WB","2026-10-02T04:00:00.000000",15.5539426803589
"WB","2026-10-02T05:00:00.000000",15.5225324630737
"WB","2026-10-02T06:00:00.000000",15.4960451126099
"WB","2026-10-02T07:00:00.000000",15.4800691604614
"WB","2026-10-02T08:00:00.000000",15.4748048782349
"WB","2026-10-02T09:00:00.000000",15.4841709136963
"WB","2026-10-02T10:00:00.000000",15.49791431427
"WB","2026-10-02T11:00:00.000000",15.5202674865723
"WB","2026-10-02T12:00:00.000000",15.5302896499634
"WB","2026-10-02T13:00:00.000000",15.5312128067017
"WB","2026-10-02T14:00:00.000000",15.5109634399414
"WB","2026-10-02T15:00:00.000000",15.484917640686
"WB","2026-10-02T16:00:00.000000",15.4727249145508
"WB","2026-10-02T17:00:00.000000",15.4599208831787
"WB","2026-10-02T18:00:00.000000",15.4465093612671
"WB","2026-10-02T19:00:00.000000",15.4372406005859
"WB","2026-10-02T20:00:00.000000",15.4319429397583
"WB","2026-10-02T21:00:00.000000",15.4346170425415
"WB","2026-10-02T22:00:00.000000",15.447582244873
"WB","2026-10-02T23:00:00.000000",15.4657907485962
"WB","2026-10-03T00:00:00.000000",15.4610328674316
"WB","2026-10-03T01:00:00.000000",15.451961517334
"WB","2026-10-03T02:00:00.000000",15.4431247711182
"WB","2026-10-03T03:00:00.000000",15.4272136688232
"WB","2026-10-03T04:00:00.000000",15.4160079956055
"WB","2026-10-03T05:00:00.000000",15.4068174362183
"WB","2026-10-03T06:00:00.000000",15.3943376541138
"WB","2026-10-03T07:00:00.000000",15.3826141357422
"WB","2026-10-03T08:00:00.000000",15.3772668838501
"WB","2026-10-03T09:00:00.000000",15.3820295333862
"WB","2026-10-03T10:00:00.000000",15.3975391387939
"WB","2026-10-03T11:00:00.000000",15.4042091369629
"WB","2026-10-03T12:00:00.000000",15.4040288925171
"WB","2026-10-03T13:00:00.000000",15.4054050445557
"WB","2026-10-03T14:00:00.000000",15.4063100814819
"WB","2026-10-03T15:00:00.000000",15.4031057357788
"WB","2026-10-03T16:00:00.000000",15.3982801437378
"WB","2026-10-03T17:00:00.000000",15.4091320037842
"WB","2026-10-03T18:00:00.000000",15.421236038208
"WB","2026-10-03T19:00:00.000000",15.425591468811
"WB","2026-10-03T20:00:00.000000",15.4323749542236
"WB","2026-10-03T21:00:00.000000",15.4490737915039
"WB","2026-10-03T22:00:00.000000",15.5436248779297
"WB","2026-10-03T23:00:00.000000",15.580096244812
"WB","2026-10-04T00:00:00.000000",15.5874528884888
"WB","2026-10-04T01:00:00.000000",15.588529586792
"WB","2026-10-04T02:00:00.000000",15.5880689620972
"WB","2026-10-04T03:00:00.000000",15.5754518508911
"WB","2026-10-04T04:00:00.000000",15.5518016815186
"WB","2026-10-04T05:00:00.000000",15.5463581085205
"WB","2026-10-04T06:00:00.000000",15.5424394607544
"WB","2026-10-04T07:00:00.000000",15.535213470459
"WB","2026-10-04T08:00:00.000000",15.526216506958
"WB","2026-10-04T09:00:00.000000",15.5207939147949
"WB","2026-10-04T10:00:00.000000",15.5251712799072
"WB","2026-10-04T11:00:00.000000",15.5376558303833
"WB","2026-10-04T12:00:00.000000",15.5375862121582
"WB","2026-10-04T13:00:00.000000",15.5397911071777
"WB","2026-10-04T14:00:00.000000",15.5468101501465
"WB","2026-10-04T15:00:00.000000",15.5561656951904
"WB","2026-10-04T16:00:00.000000",15.5604906082153
"WB","2026-10-04T17:00:00.000000",15.5690898895264
"WB","2026-10-04T18:00:00.000000",15.5796976089478
"WB","2026-10-04T19:00:00.000000",15.6030807495117
"WB","2026-10-04T20:00:00.000000",15.6351499557495
"WB","2026-10-04T21:00:00.000000",15.675799369812
"WB","2026-10-04T22:00:00.000000",15.7046728134155
"WB","2026-10-04T23:00:00.000000",15.714334487915
"WB","2026-10-05T00:00:00.000000",15.7098226547241
"WB","2026-10-05T01:00:00.000000",15.7031679153442
"WB","2026-10-05T02:00:00.000000",15.6995010375977
"WB","2026-10-05T03:00:00.000000",15.7013168334961
"WB","2026-10-05T04:00:00.000000",15.7027158737183
"WB","2026-10-05T05:00:00.000000",15.7029962539673
"WB","2026-10-05T06:00:00.000000",15.7059755325317
"WB","2026-10-05T07:00:00.000000",15.7080345153809
"WB","2026-10-05T08:00:00.000000",15.7090406417847
"WB","2026-10-05T09:00:00.000000",15.7089233398438
"WB","2026-10-05T10:00:00.000000",15.7083415985107
"WB","2026-10-05T11:00:00.000000",15.7089061737061
"WB","2026-10-05T12:00:00.000000",15.7107820510864
"WB","2026-10-05T13:00:00.000000",15.7148427963257
"WB","2026-10-05T14:00:00.000000",15.7206230163574
"WB","2026-10-05T15:00:00.000000",15.7277774810791
"WB","2026-10-05T16:00:00.000000",15.7320384979248
"WB","2026-10-05T17:00:00.000000",15.7356224060059
"WB","2026-10-05T18:00:00.000000",15.7402009963989
"WB","2026-10-05T19:00:00.000000",15.7438859939575
"WB","2026-10-05T20:00:00.000000",15.7466764450073
"WB","2026-10-05T21:00:00.000000",15.7446870803833
"WB","2026-10-05T22:00:00.000000",15.7372303009033
"WB","2026-10-05T23:00:00.000000",15.7311124801636
"WB","2026-10-06T00:00:00.000000",15.7279453277588
"WB","2026-10-06T01:00:00.000000",15.7201175689697
"WB","2026-10-06T02:00:00.000000",15.7048902511597
"WB","2026-10-06T03:00:00.000000",15.6833992004395
"WB","2026-10-06T04:00:00.000000",15.6619100570679
"WB","2026-10-06T05:00:00.000000",15.6507606506348
"WB","2026-10-06T06:00:00.000000",15.652364730835
"WB","2026-10-06T07:00:00.000000",15.6539716720581
"WB","2026-10-06T08:00:00.000000",15.644829750061
"WB","2026-10-06T09:00:00.000000",15.6185331344604
"WB","2026-10-06T10:00:00.000000",15.5860910415649
"WB","2026-10-06T11:00:00.000000",15.5565614700317
"WB","2026-10-06T12:00:00.000000",15.5382223129272
"WB","2026-10-06T13:00:00.000000",15.5408782958984
"WB","2026-10-06T14:00:00.000000",15.5588760375977
"WB","2026-10-06T15:00:00.000000",15.5581245422363
"WB","2026-10-06T16:00:00.000000",15.5494203567505
"WB","2026-10-06T17:00:00.000000",15.5398073196411
"WB","2026-10-06T18:00:00.000000",15.5331163406372
"WB","2026-10-06T19:00:00.000000",15.5279302597046
"WB","2026-10-06T20:00:00.000000",15.5136890411377
"WB","2026-10-06T21:00:00.000000",15.4825572967529
"WB","2026-10-06T22:00:00.000000",15.4453907012939
"WB","2026-10-06T23:00:00.000000",15.4171876907349
"WB","2026-10-07T00:00:00.000000",15.4026041030884
"CL","2026-09-29T00:00:00.000000",18.6619453430176
"CL","2026-09-29T01:00:00.000000",18.6728973388672
"CL","2026-09-29T02:00:00.000000",18.6772689819336
"CL","2026-09-29T03:00:00.000000",18.6299018859863
"CL","2026-09-29T04:00:00.000000",18.589204788208
"CL","2026-09-29T05:00:00.000000",18.5460414886475
"CL","2026-09-29T06:00:00.000000",18.4933681488037
"CL","2026-09-29T07:00:00.000000",18.4571647644043
"CL","2026-09-29T08:00:00.000000",18.4308910369873
"CL","2026-09-29T09:00:00.000000",18.4125328063965
"CL","2026-09-29T10:00:00.000000",18.489086151123
"CL","2026-09-29T11:00:00.000000",18.4787635803223
"CL","2026-09-29T12:00:00.000000",18.4667739868164
"CL","2026-09-29T13:00:00.000000",18.4580974578857
"CL","2026-09-29T14:00:00.000000",18.4523963928223
"CL","2026-09-29T15:00:00.000000",18.4287624359131
"CL","2026-09-29T16:00:00.000000",18.416389465332
"CL","2026-09-29T17:00:00.000000",18.4134140014648
"CL","2026-09-29T18:00:00.000000",18.4027309417725
"CL","2026-09-29T19:00:00.000000",18.3713054656982
"CL","2026-09-29T20:00:00.000000",18.3481884002686
"CL","2026-09-29T21:00:00.000000",18.3195667266846
"CL","2026-09-29T22:00:00.000000",18.3153266906738
"CL","2026-09-29T23:00:00.000000",18.3479557037354
"CL","2026-09-30T00:00:00.000000",18.3394336700439
"CL","2026-09-30T01:00:00.000000",18.331579208374
"CL","2026-09-30T02:00:00.000000",18.3204536437988
"CL","2026-09-30T03:00:00.000000",18.3154296875
"CL","2026-09-30T04:00:00.000000",18.3080997467041
"CL","2026-09-30T05:00:00.000000",18.3099899291992
"CL","2026-09-30T06:00:00.000000",18.2902145385742
"CL","2026-09-30T07:00:00.000000",18.2538719177246
"CL","2026-09-30T08:00:00.000000",18.2355690002441
"CL","2026-09-30T09:00:00.000000",18.2266502380371
"CL","2026-09-30T10:00:00.000000",18.2257900238037
"CL","2026-09-30T11:00:00.000000",18.3498077392578
"CL","2026-09-30T12:00:00.000000",18.3358325958252
"CL","2026-09-30T13:00:00.000000",18.3150367736816
"CL","2026-09-30T14:00:00.000000",18.3009166717529
"CL","2026-09-30T15:00:00.000000",18.3001804351807
"CL","2026-09-30T16:00:00.000000",18.2995510101318
"CL","2026-09-30T17:00:00.000000",18.3087406158447
"CL","2026-09-30T18:00:00.000000",18.3241157531738
"CL","2026-09-30T19:00:00.000000",18.3311252593994
"CL","2026-09-30T20:00:00.000000",18.325590133667
"CL","2026-09-30T21:00:00.000000",18.3087100982666
"CL","2026-09-30T22:00:00.000000",18.279275894165
"CL","2026-09-30T23:00:00.000000",18.3106460571289
"CL","2026-10-01T00:00:00.000000",18.355396270752
"CL","2026-10-01T01:00:00.000000",18.3625335693359
"CL","2026-10-01T02:00:00.000000",18.3574409484863
"CL","2026-10-01T03:00:00.000000",18.3453674316406
"CL","2026-10-01T04:00:00.000000",18.3465480804443
"CL","2026-10-01T05:00:00.000000",18.3490924835205
"CL","2026-10-01T06:00:00.000000",18.3438529968262
"CL","2026-10-01T07:00:00.000000",18.296817779541
"CL","2026-10-01T08:00:00.000000",18.244213104248
"CL","2026-10-01T09:00:00.000000",18.2500801086426
"CL","2026-10-01T10:00:00.000000",18.2284507751465
"CL","2026-10-01T11:00:00.000000",18.2948684692383
"CL","2026-10-01T12:00:00.000000",18.3955612182617
"CL","2026-10-01T13:00:00.000000",18.3961772918701
"CL","2026-10-01T14:00:00.000000",18.3909282684326
"CL","2026-10-01T15:00:00.000000",18.3774070739746
"CL","2026-10-01T16:00:00.000000",18.3683052062988
"CL","2026-10-01T17:00:00.000000",18.3726272583008
"CL","2026-10-01T18:00:00.000000",18.3924751281738
"CL","2026-10-01T19:00:00.000000",18.4051074981689
"CL","2026-10-01T20:00:00.000000",18.4045848846436
"CL","2026-10-01T21:00:00.000000",18.3893718719482
"CL","2026-10-01T22:00:00.000000",18.3579750061035
"CL","2026-10-01T23:00:00.000000",18.3227081298828
"CL","2026-10-02T00:00:00.000000",18.4104385375977
"CL","2026-10-02T01:00:00.000000",18.4452266693115
"CL","2026-10-02T02:00:00.000000",18.4517917633057
"CL","2026-10-02T03:00:00.000000",18.4523429870605
"CL","2026-10-02T04:00:00.000000",18.4508953094482
"CL","2026-10-02T05:00:00.000000",18.4510879516602
"CL","2026-10-02T06:00:00.000000",18.4508514404297
"CL","2026-10-02T07:00:00.000000",18.4378356933594
"CL","2026-10-02T08:00:00.000000",18.3573875427246
"CL","2026-10-02T09:00:00.000000",18.3169956207275
"CL","2026-10-02T10:00:00.000000",18.3004512786865
"CL","2026-10-02T11:00:00.000000",18.2991065979004
"CL","2026-10-02T12:00:00.000000",18.4214115142822
"CL","2026-10-02T13:00:00.000000",18.4831371307373
"CL","2026-10-02T14:00:00.000000",18.4862270355225
"CL","2026-10-02T15:00:00.000000",18.4900035858154
"CL","2026-10-02T16:00:00.000000",18.4961357116699
"CL","2026-10-02T17:00:00.000000",18.504077911377
"CL","2026-10-02T18:00:00.000000",18.5077857971191
"CL","2026-10-02T19:00:00.000000",18.5143775939941
"CL","2026-10-02T20:00:00.000000",18.5169353485107
"CL","2026-10-02T21:00:00.000000",18.5078639984131
"CL","2026-10-02T22:00:00.000000",18.482759475708
"CL","2026-10-02T23:00:00.000000",18.4341602325439
"CL","2026-10-03T00:00:00.000000",18.3896961212158
"CL","2026-10-03T01:00:00.000000",18.4257106781006
"CL","2026-10-03T02:00:00.000000",18.5833740234375
"CL","2026-10-03T03:00:00.000000",18.581506729126
"CL","2026-10-03T04:00:00.000000",18.5756607055664
"CL","2026-10-03T05:00:00.000000",18.5731220245361
"CL","2026-10-03T06:00:00.000000",18.5692863464355
"CL","2026-10-03T07:00:00.000000",18.5550537109375
"CL","2026-10-03T08:00:00.000000",18.4627914428711
"CL","2026-10-03T09:00:00.000000",18.3234157562256
"CL","2026-10-03T10:00:00.000000",18.2730445861816
"CL","2026-10-03T11:00:00.000000",18.2583484649658
"CL","2026-10-03T12:00:00.000000",18.2490844726562
"CL","2026-10-03T13:00:00.000000",18.288724899292
"CL","2026-10-03T14:00:00.000000",18.5297107696533
"CL","2026-10-03T15:00:00.000000",18.5147457122803
"CL","2026-10-03T16:00:00.000000",18.5084609985352
"CL","2026-10-03T17:00:00.000000",18.5067024230957
"CL","2026-10-03T18:00:00.000000",18.515266418457
"CL","2026-10-03T19:00:00.000000",18.5259647369385
"CL","2026-10-03T20:00:00.000000",18.5358295440674
"CL","2026-10-03T21:00:00.000000",18.5415134429932
"CL","2026-10-03T22:00:00.000000",18.5372772216797
"CL","2026-10-03T23:00:00.000000",18.5285320281982
"CL","2026-10-04T00:00:00.000000",18.5056819915771
"CL","2026-10-04T01:00:00.000000",18.4746189117432
"CL","2026-10-04T02:00:00.000000",18.4713325500488
"CL","2026-10-04T03:00:00.000000",18.5703163146973
"CL","2026-10-04T04:00:00.000000",18.5739974975586
"CL","2026-10-04T05:00:00.000000",18.5744323730469
"CL","2026-10-04T06:00:00.000000",18.5733108520508
"CL","2026-10-04T07:00:00.000000",18.567699432373
"CL","2026-10-04T08:00:00.000000",18.5637798309326
"CL","2026-10-04T09:00:00.000000",18.5570869445801
"CL","2026-10-04T10:00:00.000000",18.5236015319824
"CL","2026-10-04T11:00:00.000000",18.4884376525879
"CL","2026-10-04T12:00:00.000000",18.4724235534668
"CL","2026-10-04T13:00:00.000000",18.4436149597168
"CL","2026-10-04T14:00:00.000000",18.5119609832764
"CL","2026-10-04T15:00:00.000000",18.5877571105957
"CL","2026-10-04T16:00:00.000000",18.6044731140137
"CL","2026-10-04T17:00:00.000000",18.615779876709
"CL","2026-10-04T18:00:00.000000",18.6256332397461
"CL","2026-10-04T19:00:00.000000",18.6439552307129
"CL","2026-10-04T20:00:00.000000",18.644006729126
"CL","2026-10-04T21:00:00.000000",18.6349678039551
"CL","2026-10-04T22:00:00.000000",18.6281852722168
"CL","2026-10-04T23:00:00.000000",18.6182746887207
"CL","2026-10-05T00:00:00.000000",18.6070709228516
"CL","2026-10-05T01:00:00.000000",18.5873012542725
"CL","2026-10-05T02:00:00.000000",18.5564517974854
"CL","2026-10-05T03:00:00.000000",18.5454120635986
"CL","2026-10-05T04:00:00.000000",18.6328010559082
"CL","2026-10-05T05:00:00.000000",18.6808586120605
"CL","2026-10-05T06:00:00.000000",18.6801319122314
"CL","2026-10-05T07:00:00.000000",18.6739768981934
"CL","2026-10-05T08:00:00.000000",18.6708087921143
"CL","2026-10-05T09:00:00.000000",18.6759395599365
"CL","2026-10-05T10:00:00.000000",18.6695175170898
"CL","2026-10-05T11:00:00.000000",18.5960369110107
"CL","2026-10-05T12:00:00.000000",18.5330181121826
"CL","2026-10-05T13:00:00.000000",18.5108432769775
"CL","2026-10-05T14:00:00.000000",18.4894065856934
"CL","2026-10-05T15:00:00.000000",18.4945449829102
"CL","2026-10-05T16:00:00.000000",18.7029056549072
"CL","2026-10-05T17:00:00.000000",18.7252140045166
"CL","2026-10-05T18:00:00.000000",18.7356758117676
"CL","2026-10-05T19:00:00.000000",18.7345180511475
"CL","2026-10-05T20:00:00.000000",18.7296276092529
"CL","2026-10-05T21:00:00.000000",18.7323932647705
"CL","2026-10-05T22:00:00.000000",18.7405052185059
"CL","2026-10-05T23:00:00.000000",18.7387199401855
"CL","2026-10-06T00:00:00.000000",18.7245101928711
"CL","2026-10-06T01:00:00.000000",18.6757164001465
"CL","2026-10-06T02:00:00.000000",18.6021022796631
"CL","2026-10-06T03:00:00.000000",18.5150737762451
"CL","2026-10-06T04:00:00.000000",18.4767265319824
"CL","2026-10-06T05:00:00.000000",18.7085571289062
"CL","2026-10-06T06:00:00.000000",18.7384490966797
"CL","2026-10-06T07:00:00.000000",18.7335071563721
"CL","2026-10-06T08:00:00.000000",18.7245101928711
"CL","2026-10-06T09:00:00.000000",18.7190895080566
"CL","2026-10-06T10:00:00.000000",18.7176742553711
"CL","2026-10-06T11:00:00.000000",18.7116317749023
"CL","2026-10-06T12:00:00.000000",18.6701564788818
"CL","2026-10-06T13:00:00.000000",18.5628452301025
"CL","2026-10-06T14:00:00.000000",18.5059757232666
"CL","2026-10-06T15:00:00.000000",18.4709815979004
"CL","2026-10-06T16:00:00.000000",18.4696617126465
"CL","2026-10-06T17:00:00.000000",18.6933422088623
"CL","2026-10-06T18:00:00.000000",18.7151870727539
"CL","2026-10-06T19:00:00.000000",18.7015419006348
"CL","2026-10-06T20:00:00.000000",18.6921577453613
"CL","2026-10-06T21:00:00.000000",18.6879825592041
"CL","2026-10-06T22:00:00.000000",18.6896686553955
"CL","2026-10-06T23:00:00.000000",18.6915645599365
"CL","2026-10-07T00:00:00.000000",18.6939296722412
"FG","2026-09-29T00:00:00.000000",18.9524345397949
"FG","2026-09-29T01:00:00.000000",18.9661693572998
"FG","2026-09-29T02:00:00.000000",18.9792175292969
"FG","2026-09-29T03:00:00.000000",18.9468612670898
"FG","2026-09-29T04:00:00.000000",18.9126834869385
"FG","2026-09-29T05:00:00.000000",18.9040718078613
"FG","2026-09-29T06:00:00.000000",18.9155387878418
"FG","2026-09-29T07:00:00.000000",18.9479103088379
"FG","2026-09-29T08:00:00.000000",18.9587001800537
"FG","2026-09-29T09:00:00.000000",18.9595794677734
"FG","2026-09-29T10:00:00.000000",18.9583320617676
"FG","2026-09-29T11:00:00.000000",18.854471206665
"FG","2026-09-29T12:00:00.000000",18.8555965423584
"FG","2026-09-29T13:00:00.000000",18.8675422668457
"FG","2026-09-29T14:00:00.000000",18.8849830627441
"FG","2026-09-29T15:00:00.000000",18.8789958953857
"FG","2026-09-29T16:00:00.000000",18.8033065795898
"FG","2026-09-29T17:00:00.000000",18.8099384307861
"FG","2026-09-29T18:00:00.000000",18.8290710449219
"FG","2026-09-29T19:00:00.000000",18.8577098846436
"FG","2026-09-29T20:00:00.000000",18.8747577667236
"FG","2026-09-29T21:00:00.000000",18.8753757476807
"FG","2026-09-29T22:00:00.000000",18.8758029937744
"FG","2026-09-29T23:00:00.000000",18.8136806488037
"FG","2026-09-30T00:00:00.000000",18.8067188262939
"FG","2026-09-30T01:00:00.000000",18.8264122009277
"FG","2026-09-30T02:00:00.000000",18.8371143341064
"FG","2026-09-30T03:00:00.000000",18.8351593017578
"FG","2026-09-30T04:00:00.000000",18.7710304260254
"FG","2026-09-30T05:00:00.000000",18.7555446624756
"FG","2026-09-30T06:00:00.000000",18.7684993743896
"FG","2026-09-30T07:00:00.000000",18.7937355041504
"FG","2026-09-30T08:00:00.000000",18.84299659729
"FG","2026-09-30T09:00:00.000000",18.8469467163086
"FG","2026-09-30T10:00:00.000000",18.8490924835205
"FG","2026-09-30T11:00:00.000000",18.8020992279053
"FG","2026-09-30T12:00:00.000000",18.7685565948486
"FG","2026-09-30T13:00:00.000000",18.7588672637939
"FG","2026-09-30T14:00:00.000000",18.7675666809082
"FG","2026-09-30T15:00:00.000000",18.7921695709229
"FG","2026-09-30T16:00:00.000000",18.7944049835205
"FG","2026-09-30T17:00:00.000000",18.759370803833
"FG","2026-09-30T18:00:00.000000",18.7670783996582
"FG","2026-09-30T19:00:00.000000",18.7831897735596
"FG","2026-09-30T20:00:00.000000",18.8015537261963
"FG","2026-09-30T21:00:00.000000",18.7807140350342
"FG","2026-09-30T22:00:00.000000",18.7954044342041
"FG","2026-09-30T23:00:00.000000",18.802734375
"FG","2026-10-01T00:00:00.000000",18.76145362854
"FG","2026-10-01T01:00:00.000000",18.7677955627441
"FG","2026-10-01T02:00:00.000000",18.7789611816406
"FG","2026-10-01T03:00:00.000000",18.7812957763672
"FG","2026-10-01T04:00:00.000000",18.7762908935547
"FG","2026-10-01T05:00:00.000000",18.7300128936768
"FG","2026-10-01T06:00:00.000000",18.7293949127197
"FG","2026-10-01T07:00:00.000000",18.7384433746338
"FG","2026-10-01T08:00:00.000000",18.7526035308838
"FG","2026-10-01T09:00:00.000000",18.7571582794189
"FG","2026-10-01T10:00:00.000000",18.7573623657227
"FG","2026-10-01T11:00:00.000000",18.7572612762451
"FG","2026-10-01T12:00:00.000000",18.7534694671631
"FG","2026-10-01T13:00:00.000000",18.7201194763184
"FG","2026-10-01T14:00:00.000000",18.7135925292969
"FG","2026-10-01T15:00:00.000000",18.7254104614258
"FG","2026-10-01T16:00:00.000000",18.7418460845947
"FG","2026-10-01T17:00:00.000000",18.7375869750977
"FG","2026-10-01T18:00:00.000000",18.7296028137207
"FG","2026-10-01T19:00:00.000000",18.7380485534668
"FG","2026-10-01T20:00:00.000000",18.7575492858887
"FG","2026-10-01T21:00:00.000000",18.7610721588135
"FG","2026-10-01T22:00:00.000000",18.7432918548584
"FG","2026-10-01T23:00:00.000000",18.7659931182861
"FG","2026-10-02T00:00:00.000000",18.7662105560303
"FG","2026-10-02T01:00:00.000000",18.7371006011963
"FG","2026-10-02T02:00:00.000000",18.7453918457031
"FG","2026-10-02T03:00:00.000000",18.7465782165527
"FG","2026-10-02T04:00:00.000000",18.7534255981445
"FG","2026-10-02T05:00:00.000000",18.7545204162598
"FG","2026-10-02T06:00:00.000000",18.7490901947021
"FG","2026-10-02T07:00:00.000000",18.754150390625
"FG","2026-10-02T08:00:00.000000",18.7642154693604
"FG","2026-10-02T09:00:00.000000",18.7579116821289
"FG","2026-10-02T10:00:00.000000",18.7393245697021
"FG","2026-10-02T11:00:00.000000",18.7524833679199
"FG","2026-10-02T12:00:00.000000",18.7585277557373
"FG","2026-10-02T13:00:00.000000",18.7582969665527
"FG","2026-10-02T14:00:00.000000",18.7472839355469
"FG","2026-10-02T15:00:00.000000",18.751184463501
"FG","2026-10-02T16:00:00.000000",18.7382316589355
"FG","2026-10-02T17:00:00.000000",18.7555236816406
"FG","2026-10-02T18:00:00.000000",18.7956466674805
"FG","2026-10-02T19:00:00.000000",18.8282127380371
"FG","2026-10-02T20:00:00.000000",18.836612701416
"FG","2026-10-02T21:00:00.000000",18.8472957611084
"FG","2026-10-02T22:00:00.000000",18.8045330047607
"FG","2026-10-02T23:00:00.000000",18.7929592132568
"FG","2026-10-03T00:00:00.000000",18.8427543640137
"FG","2026-10-03T01:00:00.000000",18.8340225219727
"FG","2026-10-03T02:00:00.000000",18.7607192993164
"FG","2026-10-03T03:00:00.000000",18.7543411254883
"FG","2026-10-03T04:00:00.000000",18.7741088867188
"FG","2026-10-03T05:00:00.000000",18.8014850616455
"FG","2026-10-03T06:00:00.000000",18.8089752197266
"FG","2026-10-03T07:00:00.000000",18.7864589691162
"FG","2026-10-03T08:00:00.000000",18.7907485961914
"FG","2026-10-03T09:00:00.000000",18.8353004455566
"FG","2026-10-03T10:00:00.000000",18.835470199585
"FG","2026-10-03T11:00:00.000000",18.7829570770264
"FG","2026-10-03T12:00:00.000000",18.8094158172607
"FG","2026-10-03T13:00:00.000000",18.810583114624
"FG","2026-10-03T14:00:00.000000",18.780445098877
"FG","2026-10-03T15:00:00.000000",18.7621459960938
"FG","2026-10-03T16:00:00.000000",18.74827003479
"FG","2026-10-03T17:00:00.000000",18.7385272979736
"FG","2026-10-03T18:00:00.000000",18.7858924865723
"FG","2026-10-03T19:00:00.000000",18.8390464782715
"FG","2026-10-03T20:00:00.000000",18.8830718994141
"FG","2026-10-03T21:00:00.000000",18.9035797119141
"FG","2026-10-03T22:00:00.000000",18.8955459594727
"FG","2026-10-03T23:00:00.000000",18.8144226074219
"FG","2026-10-04T00:00:00.000000",18.8353271484375
"FG","2026-10-04T01:00:00.000000",18.8673152923584
"FG","2026-10-04T02:00:00.000000",18.8481464385986
"FG","2026-10-04T03:00:00.000000",18.7824192047119
"FG","2026-10-04T04:00:00.000000",18.7707614898682
"FG","2026-10-04T05:00:00.000000",18.7834796905518
"FG","2026-10-04T06:00:00.000000",18.8209686279297
"FG","2026-10-04T07:00:00.000000",18.845287322998
"FG","2026-10-04T08:00:00.000000",18.8174114227295
"FG","2026-10-04T09:00:00.000000",18.8266696929932
"FG","2026-10-04T10:00:00.000000",18.8385143280029
"FG","2026-10-04T11:00:00.000000",18.8295669555664
"FG","2026-10-04T12:00:00.000000",18.7792892456055
"FG","2026-10-04T13:00:00.000000",18.8085021972656
"FG","2026-10-04T14:00:00.000000",18.8160610198975
"FG","2026-10-04T15:00:00.000000",18.8125019073486
"FG","2026-10-04T16:00:00.000000",18.8020172119141
"FG","2026-10-04T17:00:00.000000",18.8153095245361
"FG","2026-10-04T18:00:00.000000",18.8169975280762
"FG","2026-10-04T19:00:00.000000",18.8236465454102
"FG","2026-10-04T20:00:00.000000",18.8437767028809
"FG","2026-10-04T21:00:00.000000",18.8537826538086
"FG","2026-10-04T22:00:00.000000",18.8690776824951
"FG","2026-10-04T23:00:00.000000",18.8802680969238
"FG","2026-10-05T00:00:00.000000",18.8783226013184
"FG","2026-10-05T01:00:00.000000",18.8568248748779
"FG","2026-10-05T02:00:00.000000",18.8790645599365
"FG","2026-10-05T03:00:00.000000",18.8902778625488
"FG","2026-10-05T04:00:00.000000",18.8358020782471
"FG","2026-10-05T05:00:00.000000",18.8251037597656
"FG","2026-10-05T06:00:00.000000",18.84499168396
"FG","2026-10-05T07:00:00.000000",18.8574028015137
"FG","2026-10-05T08:00:00.000000",18.8846664428711
"FG","2026-10-05T09:00:00.000000",18.8737392425537
"FG","2026-10-05T10:00:00.000000",18.8750095367432
"FG","2026-10-05T11:00:00.000000",18.8826541900635
"FG","2026-10-05T12:00:00.000000",18.8902473449707
"FG","2026-10-05T13:00:00.000000",18.8330421447754
"FG","2026-10-05T14:00:00.000000",18.8583240509033
"FG","2026-10-05T15:00:00.000000",18.8762702941895
"FG","2026-10-05T16:00:00.000000",18.8711433410645
"FG","2026-10-05T17:00:00.000000",18.918643951416
"FG","2026-10-05T18:00:00.000000",18.9264087677002
"FG","2026-10-05T19:00:00.000000",18.9175930023193
"FG","2026-10-05T20:00:00.000000",18.9141998291016
"FG","2026-10-05T21:00:00.000000",18.9859657287598
"FG","2026-10-05T22:00:00.000000",19.0088768005371
"FG","2026-10-05T23:00:00.000000",19.0168170928955
"FG","2026-10-06T00:00:00.000000",19.0248031616211
"FG","2026-10-06T01:00:00.000000",19.0232906341553
"FG","2026-10-06T02:00:00.000000",19.0267696380615
"FG","2026-10-06T03:00:00.000000",19.0205421447754
"FG","2026-10-06T04:00:00.000000",19.0045433044434
"FG","2026-10-06T05:00:00.000000",18.9151573181152
"FG","2026-10-06T06:00:00.000000",18.8838500976562
"FG","2026-10-06T07:00:00.000000",18.9214515686035
"FG","2026-10-06T08:00:00.000000",18.9195899963379
"FG","2026-10-06T09:00:00.000000",18.94895362854
"FG","2026-10-06T10:00:00.000000",18.9245014190674
"FG","2026-10-06T11:00:00.000000",18.9266681671143
"FG","2026-10-06T12:00:00.000000",18.9366016387939
"FG","2026-10-06T13:00:00.000000",18.9427700042725
"FG","2026-10-06T14:00:00.000000",18.889310836792
"FG","2026-10-06T15:00:00.000000",18.9086227416992
"FG","2026-10-06T16:00:00.000000",18.927131652832
"FG","2026-10-06T17:00:00.000000",18.9444999694824
"FG","2026-10-06T18:00:00.000000",18.9571647644043
"FG","2026-10-06T19:00:00.000000",18.9343280792236
"FG","2026-10-06T20:00:00.000000",18.9240837097168
"FG","2026-10-06T21:00:00.000000",18.9462223052979
"FG","2026-10-06T22:00:00.000000",18.9886341094971
"FG","2026-10-06T23:00:00.000000",18.995943069458
"FG","2026-10-07T00:00:00.000000",19.0079803466797
"GI","2026-09-29T00:00:00.000000",18.5790138244629
"GI","2026-09-29T01:00:00.000000",18.6025848388672
"GI","2026-09-29T02:00:00.000000",18.6044998168945
"GI","2026-09-29T03:00:00.000000",18.5636539459229
"GI","2026-09-29T04:00:00.000000",18.4844264984131
"GI","2026-09-29T05:00:00.000000",18.458137512207
"GI","2026-09-29T06:00:00.000000",18.4379863739014
"GI","2026-09-29T07:00:00.000000",18.4209480285645
"GI","2026-09-29T08:00:00.000000",18.403247833252
"GI","2026-09-29T09:00:00.000000",18.3902626037598
"GI","2026-09-29T10:00:00.000000",18.3776798248291
"GI","2026-09-29T11:00:00.000000",18.4016017913818
"GI","2026-09-29T12:00:00.000000",18.4479923248291
"GI","2026-09-29T13:00:00.000000",18.4420738220215
"GI","2026-09-29T14:00:00.000000",18.4308643341064
"GI","2026-09-29T15:00:00.000000",18.4233360290527
"GI","2026-09-29T16:00:00.000000",18.4128875732422
"GI","2026-09-29T17:00:00.000000",18.3685913085938
"GI","2026-09-29T18:00:00.000000",18.3400802612305
"GI","2026-09-29T19:00:00.000000",18.3181133270264
"GI","2026-09-29T20:00:00.000000",18.3011150360107
"GI","2026-09-29T21:00:00.000000",18.2840023040771
"GI","2026-09-29T22:00:00.000000",18.2748966217041
"GI","2026-09-29T23:00:00.000000",18.2592277526855
"GI","2026-09-30T00:00:00.000000",18.2971687316895
"GI","2026-09-30T01:00:00.000000",18.3237609863281
"GI","2026-09-30T02:00:00.000000",18.3229351043701
"GI","2026-09-30T03:00:00.000000",18.3176383972168
"GI","2026-09-30T04:00:00.000000",18.3042869567871
"GI","2026-09-30T05:00:00.000000",18.2628307342529
"GI","2026-09-30T06:00:00.000000",18.2366847991943
"GI","2026-09-30T07:00:00.000000",18.2229156494141
"GI","2026-09-30T08:00:00.000000",18.2148399353027
"GI","2026-09-30T09:00:00.000000",18.2056903839111
"GI","2026-09-30T10:00:00.000000",18.1879501342773
"GI","2026-09-30T11:00:00.000000",18.1996421813965
"GI","2026-09-30T12:00:00.000000",18.2888488769531
"GI","2026-09-30T13:00:00.000000",18.3253650665283
"GI","2026-09-30T14:00:00.000000",18.3160514831543
"GI","2026-09-30T15:00:00.000000",18.3117561340332
"GI","2026-09-30T16:00:00.000000",18.3154010772705
"GI","2026-09-30T17:00:00.000000",18.3178882598877
"GI","2026-09-30T18:00:00.000000",18.2952423095703
"GI","2026-09-30T19:00:00.000000",18.2761688232422
"GI","2026-09-30T20:00:00.000000",18.2621479034424
"GI","2026-09-30T21:00:00.000000",18.2516231536865
"GI","2026-09-30T22:00:00.000000",18.2349414825439
"GI","2026-09-30T23:00:00.000000",18.2359771728516
"GI","2026-10-01T00:00:00.000000",18.2393741607666
"GI","2026-10-01T01:00:00.000000",18.3066806793213
"GI","2026-10-01T02:00:00.000000",18.339786529541
"GI","2026-10-01T03:00:00.000000",18.3485870361328
"GI","2026-10-01T04:00:00.000000",18.3428382873535
"GI","2026-10-01T05:00:00.000000",18.3069591522217
"GI","2026-10-01T06:00:00.000000",18.2558670043945
"GI","2026-10-01T07:00:00.000000",18.2290344238281
"GI","2026-10-01T08:00:00.000000",18.2111759185791
"GI","2026-10-01T09:00:00.000000",18.2134761810303
"GI","2026-10-01T10:00:00.000000",18.2225685119629
"GI","2026-10-01T11:00:00.000000",18.1970329284668
"GI","2026-10-01T12:00:00.000000",18.2160167694092
"GI","2026-10-01T13:00:00.000000",18.333927154541
"GI","2026-10-01T14:00:00.000000",18.3816604614258
"GI","2026-10-01T15:00:00.000000",18.3870010375977
"GI","2026-10-01T16:00:00.000000",18.3873653411865
"GI","2026-10-01T17:00:00.000000",18.3899478912354
"GI","2026-10-01T18:00:00.000000",18.3787441253662
"GI","2026-10-01T19:00:00.000000",18.3454761505127
"GI","2026-10-01T20:00:00.000000",18.3152980804443
"GI","2026-10-01T21:00:00.000000",18.3009738922119
"GI","2026-10-01T22:00:00.000000",18.2799625396729
"GI","2026-10-01T23:00:00.000000",18.2679252624512
"GI","2026-10-02T00:00:00.000000",18.2795391082764
"GI","2026-10-02T01:00:00.000000",18.3041229248047
"GI","2026-10-02T02:00:00.000000",18.3829898834229
"GI","2026-10-02T03:00:00.000000",18.4291286468506
"GI","2026-10-02T04:00:00.000000",18.4341945648193
"GI","2026-10-02T05:00:00.000000",18.4288959503174
"GI","2026-10-02T06:00:00.000000",18.3652572631836
"GI","2026-10-02T07:00:00.000000",18.3059711456299
"GI","2026-10-02T08:00:00.000000",18.2735576629639
"GI","2026-10-02T09:00:00.000000",18.2686958312988
"GI","2026-10-02T10:00:00.000000",18.2638664245605
"GI","2026-10-02T11:00:00.000000",18.2610569000244
"GI","2026-10-02T12:00:00.000000",18.266206741333
"GI","2026-10-02T13:00:00.000000",18.2923908233643
"GI","2026-10-02T14:00:00.000000",18.4206676483154
"GI","2026-10-02T15:00:00.000000",18.4782772064209
"GI","2026-10-02T16:00:00.000000",18.4897937774658
"GI","2026-10-02T17:00:00.000000",18.4954719543457
"GI","2026-10-02T18:00:00.000000",18.500072479248
"GI","2026-10-02T19:00:00.000000",18.4894008636475
"GI","2026-10-02T20:00:00.000000",18.4385147094727
"GI","2026-10-02T21:00:00.000000",18.4033718109131
"GI","2026-10-02T22:00:00.000000",18.3844470977783
"GI","2026-10-02T23:00:00.000000",18.3647613525391
"GI","2026-10-03T00:00:00.000000",18.3484172821045
"GI","2026-10-03T01:00:00.000000",18.3496532440186
"GI","2026-10-03T02:00:00.000000",18.3681449890137
"GI","2026-10-03T03:00:00.000000",18.3588638305664
"GI","2026-10-03T04:00:00.000000",18.3730163574219
"GI","2026-10-03T05:00:00.000000",18.4131183624268
"GI","2026-10-03T06:00:00.000000",18.3822250366211
"GI","2026-10-03T07:00:00.000000",18.2760486602783
"GI","2026-10-03T08:00:00.000000",18.2401962280273
"GI","2026-10-03T09:00:00.000000",18.2283802032471
"GI","2026-10-03T10:00:00.000000",18.2499198913574
"GI","2026-10-03T11:00:00.000000",18.240758895874
"GI","2026-10-03T12:00:00.000000",18.2243537902832
"GI","2026-10-03T13:00:00.000000",18.2189712524414
"GI","2026-10-03T14:00:00.000000",18.2515907287598
"GI","2026-10-03T15:00:00.000000",18.4337863922119
"GI","2026-10-03T16:00:00.000000",18.5148296356201
"GI","2026-10-03T17:00:00.000000",18.5187301635742
"GI","2026-10-03T18:00:00.000000",18.5235118865967
"GI","2026-10-03T19:00:00.000000",18.5269432067871
"GI","2026-10-03T20:00:00.000000",18.4927978515625
"GI","2026-10-03T21:00:00.000000",18.4563102722168
"GI","2026-10-03T22:00:00.000000",18.444694519043
"GI","2026-10-03T23:00:00.000000",18.4372234344482
"GI","2026-10-04T00:00:00.000000",18.4158229827881
"GI","2026-10-04T01:00:00.000000",18.4031467437744
"GI","2026-10-04T02:00:00.000000",18.4063186645508
"GI","2026-10-04T03:00:00.000000",18.386568069458
"GI","2026-10-04T04:00:00.000000",18.4272708892822
"GI","2026-10-04T05:00:00.000000",18.5079612731934
"GI","2026-10-04T06:00:00.000000",18.5368232727051
"GI","2026-10-04T07:00:00.000000",18.5332317352295
"GI","2026-10-04T08:00:00.000000",18.4511947631836
"GI","2026-10-04T09:00:00.000000",18.3935241699219
"GI","2026-10-04T10:00:00.000000",18.3811569213867
"GI","2026-10-04T11:00:00.000000",18.3758296966553
"GI","2026-10-04T12:00:00.000000",18.3753566741943
"GI","2026-10-04T13:00:00.000000",18.3688545227051
"GI","2026-10-04T14:00:00.000000",18.3863391876221
"GI","2026-10-04T15:00:00.000000",18.3966178894043
"GI","2026-10-04T16:00:00.000000",18.519832611084
"GI","2026-10-04T17:00:00.000000",18.5860767364502
"GI","2026-10-04T18:00:00.000000",18.6048374176025
"GI","2026-10-04T19:00:00.000000",18.6129951477051
"GI","2026-10-04T20:00:00.000000",18.6135959625244
"GI","2026-10-04T21:00:00.000000",18.5812873840332
"GI","2026-10-04T22:00:00.000000",18.5225944519043
"GI","2026-10-04T23:00:00.000000",18.5061664581299
"GI","2026-10-05T00:00:00.000000",18.5013961791992
"GI","2026-10-05T01:00:00.000000",18.4934196472168
"GI","2026-10-05T02:00:00.000000",18.4824314117432
"GI","2026-10-05T03:00:00.000000",18.4857597351074
"GI","2026-10-05T04:00:00.000000",18.4880466461182
"GI","2026-10-05T05:00:00.000000",18.471399307251
"GI","2026-10-05T06:00:00.000000",18.5316009521484
"GI","2026-10-05T07:00:00.000000",18.5925540924072
"GI","2026-10-05T08:00:00.000000",18.5850429534912
"GI","2026-10-05T09:00:00.000000",18.5191478729248
"GI","2026-10-05T10:00:00.000000",18.4776992797852
"GI","2026-10-05T11:00:00.000000",18.4642601013184
"GI","2026-10-05T12:00:00.000000",18.4549026489258
"GI","2026-10-05T13:00:00.000000",18.4549598693848
"GI","2026-10-05T14:00:00.000000",18.441291809082
"GI","2026-10-05T15:00:00.000000",18.4422664642334
"GI","2026-10-05T16:00:00.000000",18.4305305480957
"GI","2026-10-05T17:00:00.000000",18.5263767242432
"GI","2026-10-05T18:00:00.000000",18.6821804046631
"GI","2026-10-05T19:00:00.000000",18.7218379974365
"GI","2026-10-05T20:00:00.000000",18.7311782836914
"GI","2026-10-05T21:00:00.000000",18.7308349609375
"GI","2026-10-05T22:00:00.000000",18.713207244873
"GI","2026-10-05T23:00:00.000000",18.6115894317627
"GI","2026-10-06T00:00:00.000000",18.5236358642578
"GI","2026-10-06T01:00:00.000000",18.4819107055664
"GI","2026-10-06T02:00:00.000000",18.4512348175049
"GI","2026-10-06T03:00:00.000000",18.4195976257324
"GI","2026-10-06T04:00:00.000000",18.4023952484131
"GI","2026-10-06T05:00:00.000000",18.3930072784424
"GI","2026-10-06T06:00:00.000000",18.4181671142578
"GI","2026-10-06T07:00:00.000000",18.5857849121094
"GI","2026-10-06T08:00:00.000000",18.6699905395508
"GI","2026-10-06T09:00:00.000000",18.6703567504883
"GI","2026-10-06T10:00:00.000000",18.5767059326172
"GI","2026-10-06T11:00:00.000000",18.4542922973633
"GI","2026-10-06T12:00:00.000000",18.3808155059814
"GI","2026-10-06T13:00:00.000000",18.3482780456543
"GI","2026-10-06T14:00:00.000000",18.353401184082
"GI","2026-10-06T15:00:00.000000",18.3696689605713
"GI","2026-10-06T16:00:00.000000",18.3507976531982
"GI","2026-10-06T17:00:00.000000",18.3510990142822
"GI","2026-10-06T18:00:00.000000",18.460319519043
"GI","2026-10-06T19:00:00.000000",18.6665802001953
"GI","2026-10-06T20:00:00.000000",18.6999893188477
"GI","2026-10-06T21:00:00.000000",18.6970329284668
"GI","2026-10-06T22:00:00.000000",18.6961765289307
"GI","2026-10-06T23:00:00.000000",18.6863880157471
"GI","2026-10-07T00:00:00.000000",18.5883331298828
"JB","2026-09-29T00:00:00.000000",19.141881942749
"JB","2026-09-29T01:00:00.000000",19.0883636474609
"JB","2026-09-29T02:00:00.000000",19.0663223266602
"JB","2026-09-29T03:00:00.000000",19.1633682250977
"JB","2026-09-29T04:00:00.000000",19.1540107727051
"JB","2026-09-29T05:00:00.000000",19.147045135498
"JB","2026-09-29T06:00:00.000000",19.1300277709961
"JB","2026-09-29T07:00:00.000000",19.1206474304199
"JB","2026-09-29T08:00:00.000000",19.1084289550781
"JB","2026-09-29T09:00:00.000000",19.1093940734863
"JB","2026-09-29T10:00:00.000000",19.1400356292725
"JB","2026-09-29T11:00:00.000000",19.139289855957
"JB","2026-09-29T12:00:00.000000",19.1292877197266
"JB","2026-09-29T13:00:00.000000",19.0679264068604
"JB","2026-09-29T14:00:00.000000",18.9824981689453
"JB","2026-09-29T15:00:00.000000",19.0507946014404
"JB","2026-09-29T16:00:00.000000",19.0907287597656
"JB","2026-09-29T17:00:00.000000",19.0865325927734
"JB","2026-09-29T18:00:00.000000",19.0408306121826
"JB","2026-09-29T19:00:00.000000",19.0141983032227
"JB","2026-09-29T20:00:00.000000",18.9978332519531
"JB","2026-09-29T21:00:00.000000",18.9988918304443
"JB","2026-09-29T22:00:00.000000",19.0366230010986
"JB","2026-09-29T23:00:00.000000",19.0561351776123
"JB","2026-09-30T00:00:00.000000",19.0489120483398
"JB","2026-09-30T01:00:00.000000",19.0045547485352
"JB","2026-09-30T02:00:00.000000",18.924129486084
"JB","2026-09-30T03:00:00.000000",18.9230270385742
"JB","2026-09-30T04:00:00.000000",19.0535259246826
"JB","2026-09-30T05:00:00.000000",19.0466327667236
"JB","2026-09-30T06:00:00.000000",19.0237140655518
"JB","2026-09-30T07:00:00.000000",19.022575378418
"JB","2026-09-30T08:00:00.000000",19.0151348114014
"JB","2026-09-30T09:00:00.000000",19.0130386352539
"JB","2026-09-30T10:00:00.000000",19.0470924377441
"JB","2026-09-30T11:00:00.000000",19.0020866394043
"JB","2026-09-30T12:00:00.000000",18.9935264587402
"JB","2026-09-30T13:00:00.000000",18.9668712615967
"JB","2026-09-30T14:00:00.000000",18.896858215332
"JB","2026-09-30T15:00:00.000000",18.8540115356445
"JB","2026-09-30T16:00:00.000000",19.0090618133545
"JB","2026-09-30T17:00:00.000000",19.0109119415283
"JB","2026-09-30T18:00:00.000000",19.0031280517578
"JB","2026-09-30T19:00:00.000000",18.9170150756836
"JB","2026-09-30T20:00:00.000000",18.8897514343262
"JB","2026-09-30T21:00:00.000000",18.8882369995117
"JB","2026-09-30T22:00:00.000000",18.8973922729492
"JB","2026-09-30T23:00:00.000000",18.9364070892334
"JB","2026-10-01T00:00:00.000000",18.9331798553467
"JB","2026-10-01T01:00:00.000000",18.9296588897705
"JB","2026-10-01T02:00:00.000000",18.8828029632568
"JB","2026-10-01T03:00:00.000000",18.7983169555664
"JB","2026-10-01T04:00:00.000000",18.8925342559814
"JB","2026-10-01T05:00:00.000000",18.9745044708252
"JB","2026-10-01T06:00:00.000000",18.970344543457
"JB","2026-10-01T07:00:00.000000",18.9288425445557
"JB","2026-10-01T08:00:00.000000",18.9217967987061
"JB","2026-10-01T09:00:00.000000",18.9210090637207
"JB","2026-10-01T10:00:00.000000",18.9190216064453
"JB","2026-10-01T11:00:00.000000",18.9217357635498
"JB","2026-10-01T12:00:00.000000",18.8942260742188
"JB","2026-10-01T13:00:00.000000",18.8937854766846
"JB","2026-10-01T14:00:00.000000",18.8722190856934
"JB","2026-10-01T15:00:00.000000",18.8050098419189
"JB","2026-10-01T16:00:00.000000",18.7750949859619
"JB","2026-10-01T17:00:00.000000",18.9203453063965
"JB","2026-10-01T18:00:00.000000",18.9220123291016
"JB","2026-10-01T19:00:00.000000",18.8989524841309
"JB","2026-10-01T20:00:00.000000",18.8294410705566
"JB","2026-10-01T21:00:00.000000",18.815544128418
"JB","2026-10-01T22:00:00.000000",18.8059921264648
"JB","2026-10-01T23:00:00.000000",18.8678359985352
"JB","2026-10-02T00:00:00.000000",18.9414119720459
"JB","2026-10-02T01:00:00.000000",18.9040489196777
"JB","2026-10-02T02:00:00.000000",18.9035110473633
"JB","2026-10-02T03:00:00.000000",18.8403739929199
"JB","2026-10-02T04:00:00.000000",18.8005847930908
"JB","2026-10-02T05:00:00.000000",18.9523963928223
"JB","2026-10-02T06:00:00.000000",18.9526596069336
"JB","2026-10-02T07:00:00.000000",18.9294147491455
"JB","2026-10-02T08:00:00.000000",18.8594722747803
"JB","2026-10-02T09:00:00.000000",18.8674392700195
"JB","2026-10-02T10:00:00.000000",18.8683052062988
"JB","2026-10-02T11:00:00.000000",18.8793277740479
"JB","2026-10-02T12:00:00.000000",18.9132785797119
"JB","2026-10-02T13:00:00.000000",18.8910484313965
"JB","2026-10-02T14:00:00.000000",18.8929481506348
"JB","2026-10-02T15:00:00.000000",18.8664016723633
"JB","2026-10-02T16:00:00.000000",18.7987613677979
"JB","2026-10-02T17:00:00.000000",18.764030456543
"JB","2026-10-02T18:00:00.000000",18.9232444763184
"JB","2026-10-02T19:00:00.000000",18.9264755249023
"JB","2026-10-02T20:00:00.000000",18.9058685302734
"JB","2026-10-02T21:00:00.000000",18.8382701873779
"JB","2026-10-02T22:00:00.000000",18.8241500854492
"JB","2026-10-02T23:00:00.000000",18.829460144043
"JB","2026-10-03T00:00:00.000000",18.9327144622803
"JB","2026-10-03T01:00:00.000000",18.947847366333
"JB","2026-10-03T02:00:00.000000",18.9075508117676
"JB","2026-10-03T03:00:00.000000",18.896635055542
"JB","2026-10-03T04:00:00.000000",18.8775978088379
"JB","2026-10-03T05:00:00.000000",18.8418579101562
"JB","2026-10-03T06:00:00.000000",18.9766120910645
"JB","2026-10-03T07:00:00.000000",18.9846649169922
"JB","2026-10-03T08:00:00.000000",18.9814739227295
"JB","2026-10-03T09:00:00.000000",18.9715270996094
"JB","2026-10-03T10:00:00.000000",18.9373664855957
"JB","2026-10-03T11:00:00.000000",18.951488494873
"JB","2026-10-03T12:00:00.000000",18.9500904083252
"JB","2026-10-03T13:00:00.000000",18.9414081573486
"JB","2026-10-03T14:00:00.000000",18.944917678833
"JB","2026-10-03T15:00:00.000000",18.9520835876465
"JB","2026-10-03T16:00:00.000000",18.9229755401611
"JB","2026-10-03T17:00:00.000000",18.8336162567139
"JB","2026-10-03T18:00:00.000000",18.7844200134277
"JB","2026-10-03T19:00:00.000000",18.945255279541
"JB","2026-10-03T20:00:00.000000",19.0043563842773
"JB","2026-10-03T21:00:00.000000",18.962854385376
"JB","2026-10-03T22:00:00.000000",18.8826751708984
"JB","2026-10-03T23:00:00.000000",19.0316276550293
"JB","2026-10-04T00:00:00.000000",19.0065517425537
"JB","2026-10-04T01:00:00.000000",18.9766674041748
"JB","2026-10-04T02:00:00.000000",18.9356117248535
"JB","2026-10-04T03:00:00.000000",18.987720489502
"JB","2026-10-04T04:00:00.000000",19.0075969696045
"JB","2026-10-04T05:00:00.000000",18.8911762237549
"JB","2026-10-04T06:00:00.000000",18.840274810791
"JB","2026-10-04T07:00:00.000000",18.9834613800049
"JB","2026-10-04T08:00:00.000000",18.9843502044678
"JB","2026-10-04T09:00:00.000000",18.9637012481689
"JB","2026-10-04T10:00:00.000000",18.9484329223633
"JB","2026-10-04T11:00:00.000000",18.9025421142578
"JB","2026-10-04T12:00:00.000000",18.9087562561035
"JB","2026-10-04T13:00:00.000000",18.9086589813232
"JB","2026-10-04T14:00:00.000000",18.884183883667
"JB","2026-10-04T15:00:00.000000",18.9235286712646
"JB","2026-10-04T16:00:00.000000",18.9647350311279
"JB","2026-10-04T17:00:00.000000",18.9215507507324
"JB","2026-10-04T18:00:00.000000",18.853946685791
"JB","2026-10-04T19:00:00.000000",18.8380718231201
"JB","2026-10-04T20:00:00.000000",18.9221229553223
"JB","2026-10-04T21:00:00.000000",18.9243392944336
"JB","2026-10-04T22:00:00.000000",18.9245719909668
"JB","2026-10-04T23:00:00.000000",18.8996505737305
"JB","2026-10-05T00:00:00.000000",18.8395900726318
"JB","2026-10-05T01:00:00.000000",18.8211040496826
"JB","2026-10-05T02:00:00.000000",18.8769092559814
"JB","2026-10-05T03:00:00.000000",18.9434070587158
"JB","2026-10-05T04:00:00.000000",18.9085330963135
"JB","2026-10-05T05:00:00.000000",18.9077320098877
"JB","2026-10-05T06:00:00.000000",18.8887252807617
"JB","2026-10-05T07:00:00.000000",18.8196353912354
"JB","2026-10-05T08:00:00.000000",18.8890609741211
"JB","2026-10-05T09:00:00.000000",18.9591369628906
"JB","2026-10-05T10:00:00.000000",18.9509582519531
"JB","2026-10-05T11:00:00.000000",18.9307289123535
"JB","2026-10-05T12:00:00.000000",18.8856906890869
"JB","2026-10-05T13:00:00.000000",18.8983745574951
"JB","2026-10-05T14:00:00.000000",18.9140586853027
"JB","2026-10-05T15:00:00.000000",18.9035205841064
"JB","2026-10-05T16:00:00.000000",18.8922233581543
"JB","2026-10-05T17:00:00.000000",18.9448471069336
"JB","2026-10-05T18:00:00.000000",18.9039897918701
"JB","2026-10-05T19:00:00.000000",18.828125
"JB","2026-10-05T20:00:00.000000",18.8157558441162
"JB","2026-10-05T21:00:00.000000",18.9544544219971
"JB","2026-10-05T22:00:00.000000",18.9536151885986
"JB","2026-10-05T23:00:00.000000",18.9439716339111
"JB","2026-10-06T00:00:00.000000",18.9390048980713
"JB","2026-10-06T01:00:00.000000",18.9071083068848
"JB","2026-10-06T02:00:00.000000",18.8874588012695
"JB","2026-10-06T03:00:00.000000",18.9013214111328
"JB","2026-10-06T04:00:00.000000",18.944429397583
"JB","2026-10-06T05:00:00.000000",19.003267288208
"JB","2026-10-06T06:00:00.000000",18.9996299743652
"JB","2026-10-06T07:00:00.000000",18.979549407959
"JB","2026-10-06T08:00:00.000000",18.8829784393311
"JB","2026-10-06T09:00:00.000000",18.8741588592529
"JB","2026-10-06T10:00:00.000000",19.0003852844238
"JB","2026-10-06T11:00:00.000000",18.9950218200684
"JB","2026-10-06T12:00:00.000000",18.9823570251465
"JB","2026-10-06T13:00:00.000000",18.9483776092529
"JB","2026-10-06T14:00:00.000000",18.9527778625488
"JB","2026-10-06T15:00:00.000000",18.9488105773926
"JB","2026-10-06T16:00:00.000000",18.9140663146973
"JB","2026-10-06T17:00:00.000000",18.9205532073975
"JB","2026-10-06T18:00:00.000000",18.9803657531738
"JB","2026-10-06T19:00:00.000000",18.9670848846436
"JB","2026-10-06T20:00:00.000000",18.8881130218506
"JB","2026-10-06T21:00:00.000000",18.8243675231934
"JB","2026-10-06T22:00:00.000000",18.9003200531006
"JB","2026-10-06T23:00:00.000000",19.0020389556885
"JB","2026-10-07T00:00:00.000000",18.9834442138672
NA,"2026-09-29T00:00:00.000000",18.6422004699707
NA,"2026-09-29T01:00:00.000000",18.6007804870605
NA,"2026-09-29T02:00:00.000000",18.5567970275879
NA,"2026-09-29T03:00:00.000000",18.5912895202637
NA,"2026-09-29T04:00:00.000000",18.5926704406738
NA,"2026-09-29T05:00:00.000000",18.5720520019531
NA,"2026-09-29T06:00:00.000000",18.538595199585
NA,"2026-09-29T07:00:00.000000",18.4916305541992
NA,"2026-09-29T08:00:00.000000",18.4443531036377
NA,"2026-09-29T09:00:00.000000",18.4207324981689
NA,"2026-09-29T10:00:00.000000",18.403621673584
NA,"2026-09-29T11:00:00.000000",18.3892040252686
NA,"2026-09-29T12:00:00.000000",18.3852481842041
NA,"2026-09-29T13:00:00.000000",18.4057540893555
NA,"2026-09-29T14:00:00.000000",18.44748878479
NA,"2026-09-29T15:00:00.000000",18.523120880127
NA,"2026-09-29T16:00:00.000000",18.5422344207764
NA,"2026-09-29T17:00:00.000000",18.537467956543
NA,"2026-09-29T18:00:00.000000",18.5111560821533
NA,"2026-09-29T19:00:00.000000",18.4586715698242
NA,"2026-09-29T20:00:00.000000",18.4057693481445
NA,"2026-09-29T21:00:00.000000",18.365758895874
NA,"2026-09-29T22:00:00.000000",18.3422966003418
NA,"2026-09-29T23:00:00.000000",18.3257617950439
NA,"2026-09-30T00:00:00.000000",18.3138313293457
NA,"2026-09-30T01:00:00.000000",18.3283767700195
NA,"2026-09-30T02:00:00.000000",18.3715229034424
NA,"2026-09-30T03:00:00.000000",18.4150352478027
NA,"2026-09-30T04:00:00.000000",18.4659824371338
NA,"2026-09-30T05:00:00.000000",18.4808788299561
NA,"2026-09-30T06:00:00.000000",18.4646663665771
NA,"2026-09-30T07:00:00.000000",18.4264602661133
NA,"2026-09-30T08:00:00.000000",18.3842716217041
NA,"2026-09-30T09:00:00.000000",18.3506908416748
NA,"2026-09-30T10:00:00.000000",18.3269920349121
NA,"2026-09-30T11:00:00.000000",18.3137302398682
NA,"2026-09-30T12:00:00.000000",18.3099708557129
NA,"2026-09-30T13:00:00.000000",18.3285388946533
NA,"2026-09-30T14:00:00.000000",18.3724517822266
NA,"2026-09-30T15:00:00.000000",18.4216594696045
NA,"2026-09-30T16:00:00.000000",18.4886302947998
NA,"2026-09-30T17:00:00.000000",18.5069808959961
NA,"2026-09-30T18:00:00.000000",18.5102291107178
NA,"2026-09-30T19:00:00.000000",18.5006885528564
NA,"2026-09-30T20:00:00.000000",18.467191696167
NA,"2026-09-30T21:00:00.000000",18.4275703430176
NA,"2026-09-30T22:00:00.000000",18.3944358825684
NA,"2026-09-30T23:00:00.000000",18.3715438842773
NA,"2026-10-01T00:00:00.000000",18.3580207824707
NA,"2026-10-01T01:00:00.000000",18.3562774658203
NA,"2026-10-01T02:00:00.000000",18.3782768249512
NA,"2026-10-01T03:00:00.000000",18.4343376159668
NA,"2026-10-01T04:00:00.000000",18.4679546356201
NA,"2026-10-01T05:00:00.000000",18.4910831451416
NA,"2026-10-01T06:00:00.000000",18.4924716949463
NA,"2026-10-01T07:00:00.000000",18.4733371734619
NA,"2026-10-01T08:00:00.000000",18.4354801177979
NA,"2026-10-01T09:00:00.000000",18.4013214111328
NA,"2026-10-01T10:00:00.000000",18.3755016326904
NA,"2026-10-01T11:00:00.000000",18.3620014190674
NA,"2026-10-01T12:00:00.000000",18.3558979034424
NA,"2026-10-01T13:00:00.000000",18.3587970733643
NA,"2026-10-01T14:00:00.000000",18.3916816711426
NA,"2026-10-01T15:00:00.000000",18.423131942749
NA,"2026-10-01T16:00:00.000000",18.4545974731445
NA,"2026-10-01T17:00:00.000000",18.474422454834
NA,"2026-10-01T18:00:00.000000",18.4782791137695
NA,"2026-10-01T19:00:00.000000",18.4784317016602
NA,"2026-10-01T20:00:00.000000",18.4730777740479
NA,"2026-10-01T21:00:00.000000",18.4535980224609
NA,"2026-10-01T22:00:00.000000",18.4327411651611
NA,"2026-10-01T23:00:00.000000",18.4146728515625
NA,"2026-10-02T00:00:00.000000",18.4019165039062
NA,"2026-10-02T01:00:00.000000",18.3962821960449
NA,"2026-10-02T02:00:00.000000",18.3968563079834
NA,"2026-10-02T03:00:00.000000",18.4086303710938
NA,"2026-10-02T04:00:00.000000",18.4370536804199
NA,"2026-10-02T05:00:00.000000",18.4545078277588
NA,"2026-10-02T06:00:00.000000",18.4652500152588
NA,"2026-10-02T07:00:00.000000",18.4640598297119
NA,"2026-10-02T08:00:00.000000",18.4487419128418
NA,"2026-10-02T09:00:00.000000",18.4290103912354
NA,"2026-10-02T10:00:00.000000",18.4132022857666
NA,"2026-10-02T11:00:00.000000",18.4031829833984
NA,"2026-10-02T12:00:00.000000",18.3992118835449
NA,"2026-10-02T13:00:00.000000",18.3992576599121
NA,"2026-10-02T14:00:00.000000",18.4046611785889
NA,"2026-10-02T15:00:00.000000",18.4261703491211
NA,"2026-10-02T16:00:00.000000",18.4467906951904
NA,"2026-10-02T17:00:00.000000",18.4457511901855
NA,"2026-10-02T18:00:00.000000",18.4442710876465
NA,"2026-10-02T19:00:00.000000",18.445198059082
NA,"2026-10-02T20:00:00.000000",18.4459590911865
NA,"2026-10-02T21:00:00.000000",18.4436683654785
NA,"2026-10-02T22:00:00.000000",18.4377212524414
NA,"2026-10-02T23:00:00.000000",18.4323921203613
NA,"2026-10-03T00:00:00.000000",18.4282855987549
NA,"2026-10-03T01:00:00.000000",18.4259548187256
NA,"2026-10-03T02:00:00.000000",18.4222717285156
NA,"2026-10-03T03:00:00.000000",18.4177379608154
NA,"2026-10-03T04:00:00.000000",18.4016723632812
NA,"2026-10-03T05:00:00.000000",18.3919773101807
NA,"2026-10-03T06:00:00.000000",18.3778171539307
NA,"2026-10-03T07:00:00.000000",18.3661632537842
NA,"2026-10-03T08:00:00.000000",18.3583030700684
NA,"2026-10-03T09:00:00.000000",18.3318481445312
NA,"2026-10-03T10:00:00.000000",18.3165225982666
NA,"2026-10-03T11:00:00.000000",18.3059577941895
NA,"2026-10-03T12:00:00.000000",18.2988471984863
NA,"2026-10-03T13:00:00.000000",18.2953929901123
NA,"2026-10-03T14:00:00.000000",18.296329498291
NA,"2026-10-03T15:00:00.000000",18.3034820556641
NA,"2026-10-03T16:00:00.000000",18.3230876922607
NA,"2026-10-03T17:00:00.000000",18.329418182373
NA,"2026-10-03T18:00:00.000000",18.3431415557861
NA,"2026-10-03T19:00:00.000000",18.3744316101074
NA,"2026-10-03T20:00:00.000000",18.3937473297119
NA,"2026-10-03T21:00:00.000000",18.405704498291
NA,"2026-10-03T22:00:00.000000",18.4101753234863
NA,"2026-10-03T23:00:00.000000",18.4083271026611
NA,"2026-10-04T00:00:00.000000",18.4011306762695
NA,"2026-10-04T01:00:00.000000",18.3906326293945
NA,"2026-10-04T02:00:00.000000",18.3831939697266
NA,"2026-10-04T03:00:00.000000",18.3796920776367
NA,"2026-10-04T04:00:00.000000",18.3796863555908
NA,"2026-10-04T05:00:00.000000",18.3928642272949
NA,"2026-10-04T06:00:00.000000",18.4120140075684
NA,"2026-10-04T07:00:00.000000",18.419282913208
NA,"2026-10-04T08:00:00.000000",18.4385795593262
NA,"2026-10-04T09:00:00.000000",18.4588623046875
NA,"2026-10-04T10:00:00.000000",18.4659538269043
NA,"2026-10-04T11:00:00.000000",18.4608955383301
NA,"2026-10-04T12:00:00.000000",18.451810836792
NA,"2026-10-04T13:00:00.000000",18.4420318603516
NA,"2026-10-04T14:00:00.000000",18.4387588500977
NA,"2026-10-04T15:00:00.000000",18.4549922943115
NA,"2026-10-04T16:00:00.000000",18.5083103179932
NA,"2026-10-04T17:00:00.000000",18.5235958099365
NA,"2026-10-04T18:00:00.000000",18.5389709472656
NA,"2026-10-04T19:00:00.000000",18.6133728027344
NA,"2026-10-04T20:00:00.000000",18.6524429321289
NA,"2026-10-04T21:00:00.000000",18.6685409545898
NA,"2026-10-04T22:00:00.000000",18.6752490997314
NA,"2026-10-04T23:00:00.000000",18.6771926879883
NA,"2026-10-05T00:00:00.000000",18.6765613555908
NA,"2026-10-05T01:00:00.000000",18.6719150543213
NA,"2026-10-05T02:00:00.000000",18.6587238311768
NA,"2026-10-05T03:00:00.000000",18.6374988555908
NA,"2026-10-05T04:00:00.000000",18.6180381774902
NA,"2026-10-05T05:00:00.000000",18.6058216094971
NA,"2026-10-05T06:00:00.000000",18.6084632873535
NA,"2026-10-05T07:00:00.000000",18.647102355957
NA,"2026-10-05T08:00:00.000000",18.6620903015137
NA,"2026-10-05T09:00:00.000000",18.6684455871582
NA,"2026-10-05T10:00:00.000000",18.6744575500488
NA,"2026-10-05T11:00:00.000000",18.6705493927002
NA,"2026-10-05T12:00:00.000000",18.6505527496338
NA,"2026-10-05T13:00:00.000000",18.6260356903076
NA,"2026-10-05T14:00:00.000000",18.6051082611084
NA,"2026-10-05T15:00:00.000000",18.5858039855957
NA,"2026-10-05T16:00:00.000000",18.5713558197021
NA,"2026-10-05T17:00:00.000000",18.568452835083
NA,"2026-10-05T18:00:00.000000",18.608699798584
NA,"2026-10-05T19:00:00.000000",18.6610832214355
NA,"2026-10-05T20:00:00.000000",18.6962566375732
NA,"2026-10-05T21:00:00.000000",18.7406997680664
NA,"2026-10-05T22:00:00.000000",18.7516117095947
NA,"2026-10-05T23:00:00.000000",18.7518405914307
NA,"2026-10-06T00:00:00.000000",18.7466621398926
NA,"2026-10-06T01:00:00.000000",18.7299995422363
NA,"2026-10-06T02:00:00.000000",18.6916942596436
NA,"2026-10-06T03:00:00.000000",18.6578674316406
NA,"2026-10-06T04:00:00.000000",18.6330165863037
NA,"2026-10-06T05:00:00.000000",18.617883682251
NA,"2026-10-06T06:00:00.000000",18.6095314025879
NA,"2026-10-06T07:00:00.000000",18.6062297821045
NA,"2026-10-06T08:00:00.000000",18.6135330200195
NA,"2026-10-06T09:00:00.000000",18.6366024017334
NA,"2026-10-06T10:00:00.000000",18.6581420898438
NA,"2026-10-06T11:00:00.000000",18.6630191802979
NA,"2026-10-06T12:00:00.000000",18.6525039672852
NA,"2026-10-06T13:00:00.000000",18.6325378417969
NA,"2026-10-06T14:00:00.000000",18.6148109436035
NA,"2026-10-06T15:00:00.000000",18.6009197235107
NA,"2026-10-06T16:00:00.000000",18.5923500061035
NA,"2026-10-06T17:00:00.000000",18.5885009765625
NA,"2026-10-06T18:00:00.000000",18.5884284973145
NA,"2026-10-06T19:00:00.000000",18.5971088409424
NA,"2026-10-06T20:00:00.000000",18.6099681854248
NA,"2026-10-06T21:00:00.000000",18.6028137207031
NA,"2026-10-06T22:00:00.000000",18.5970096588135
NA,"2026-10-06T23:00:00.000000",18.6044292449951
NA,"2026-10-07T00:00:00.000000",18.605712890625
"NK","2026-09-29T00:00:00.000000",18.4589328765869
"NK","2026-09-29T01:00:00.000000",18.4504127502441
"NK","2026-09-29T02:00:00.000000",18.495735168457
"NK","2026-09-29T03:00:00.000000",18.5881958007812
"NK","2026-09-29T04:00:00.000000",18.6046524047852
"NK","2026-09-29T05:00:00.000000",18.5602188110352
"NK","2026-09-29T06:00:00.000000",18.487268447876
"NK","2026-09-29T07:00:00.000000",18.411750793457
"NK","2026-09-29T08:00:00.000000",18.3683586120605
"NK","2026-09-29T09:00:00.000000",18.3434524536133
"NK","2026-09-29T10:00:00.000000",18.3262538909912
"NK","2026-09-29T11:00:00.000000",18.3113899230957
"NK","2026-09-29T12:00:00.000000",18.29833984375
"NK","2026-09-29T13:00:00.000000",18.2911911010742
"NK","2026-09-29T14:00:00.000000",18.3549365997314
"NK","2026-09-29T15:00:00.000000",18.5238494873047
"NK","2026-09-29T16:00:00.000000",18.5721225738525
"NK","2026-09-29T17:00:00.000000",18.5703525543213
"NK","2026-09-29T18:00:00.000000",18.5380592346191
"NK","2026-09-29T19:00:00.000000",18.4753570556641
"NK","2026-09-29T20:00:00.000000",18.3965816497803
"NK","2026-09-29T21:00:00.000000",18.3160629272461
"NK","2026-09-29T22:00:00.000000",18.2556266784668
"NK","2026-09-29T23:00:00.000000",18.2130336761475
"NK","2026-09-30T00:00:00.000000",18.192554473877
"NK","2026-09-30T01:00:00.000000",18.1969909667969
"NK","2026-09-30T02:00:00.000000",18.220890045166
"NK","2026-09-30T03:00:00.000000",18.3058338165283
"NK","2026-09-30T04:00:00.000000",18.4229278564453
"NK","2026-09-30T05:00:00.000000",18.4264678955078
"NK","2026-09-30T06:00:00.000000",18.3580284118652
"NK","2026-09-30T07:00:00.000000",18.2741222381592
"NK","2026-09-30T08:00:00.000000",18.2136497497559
"NK","2026-09-30T09:00:00.000000",18.1814193725586
"NK","2026-09-30T10:00:00.000000",18.165922164917
"NK","2026-09-30T11:00:00.000000",18.1580619812012
"NK","2026-09-30T12:00:00.000000",18.1537437438965
"NK","2026-09-30T13:00:00.000000",18.150426864624
"NK","2026-09-30T14:00:00.000000",18.1571655273438
"NK","2026-09-30T15:00:00.000000",18.323823928833
"NK","2026-09-30T16:00:00.000000",18.4971466064453
"NK","2026-09-30T17:00:00.000000",18.5345802307129
"NK","2026-09-30T18:00:00.000000",18.540548324585
"NK","2026-09-30T19:00:00.000000",18.5268497467041
"NK","2026-09-30T20:00:00.000000",18.4945430755615
"NK","2026-09-30T21:00:00.000000",18.4378471374512
"NK","2026-09-30T22:00:00.000000",18.3611888885498
"NK","2026-09-30T23:00:00.000000",18.2816543579102
"NK","2026-10-01T00:00:00.000000",18.2261486053467
"NK","2026-10-01T01:00:00.000000",18.2061672210693
"NK","2026-10-01T02:00:00.000000",18.2239818572998
"NK","2026-10-01T03:00:00.000000",18.3058052062988
"NK","2026-10-01T04:00:00.000000",18.4060020446777
"NK","2026-10-01T05:00:00.000000",18.4740962982178
"NK","2026-10-01T06:00:00.000000",18.4589385986328
"NK","2026-10-01T07:00:00.000000",18.4117660522461
"NK","2026-10-01T08:00:00.000000",18.3424644470215
"NK","2026-10-01T09:00:00.000000",18.2777709960938
"NK","2026-10-01T10:00:00.000000",18.2261390686035
"NK","2026-10-01T11:00:00.000000",18.191556930542
"NK","2026-10-01T12:00:00.000000",18.1735687255859
"NK","2026-10-01T13:00:00.000000",18.167947769165
"NK","2026-10-01T14:00:00.000000",18.1756916046143
"NK","2026-10-01T15:00:00.000000",18.2513904571533
"NK","2026-10-01T16:00:00.000000",18.4044437408447
"NK","2026-10-01T17:00:00.000000",18.4775371551514
"NK","2026-10-01T18:00:00.000000",18.4901237487793
"NK","2026-10-01T19:00:00.000000",18.4929389953613
"NK","2026-10-01T20:00:00.000000",18.4911651611328
"NK","2026-10-01T21:00:00.000000",18.4825916290283
"NK","2026-10-01T22:00:00.000000",18.4567928314209
"NK","2026-10-01T23:00:00.000000",18.4116649627686
"NK","2026-10-02T00:00:00.000000",18.3509826660156
"NK","2026-10-02T01:00:00.000000",18.3006896972656
"NK","2026-10-02T02:00:00.000000",18.2818145751953
"NK","2026-10-02T03:00:00.000000",18.3085174560547
"NK","2026-10-02T04:00:00.000000",18.3687858581543
"NK","2026-10-02T05:00:00.000000",18.4146575927734
"NK","2026-10-02T06:00:00.000000",18.4448661804199
"NK","2026-10-02T07:00:00.000000",18.4320220947266
"NK","2026-10-02T08:00:00.000000",18.4002952575684
"NK","2026-10-02T09:00:00.000000",18.3560066223145
"NK","2026-10-02T10:00:00.000000",18.310546875
"NK","2026-10-02T11:00:00.000000",18.2702465057373
"NK","2026-10-02T12:00:00.000000",18.2388515472412
"NK","2026-10-02T13:00:00.000000",18.2187557220459
"NK","2026-10-02T14:00:00.000000",18.2157554626465
"NK","2026-10-02T15:00:00.000000",18.2366504669189
"NK","2026-10-02T16:00:00.000000",18.3212718963623
"NK","2026-10-02T17:00:00.000000",18.4154605865479
"NK","2026-10-02T18:00:00.000000",18.4358062744141
"NK","2026-10-02T19:00:00.000000",18.4407444000244
"NK","2026-10-02T20:00:00.000000",18.443286895752
"NK","2026-10-02T21:00:00.000000",18.4407577514648
"NK","2026-10-02T22:00:00.000000",18.4369010925293
"NK","2026-10-02T23:00:00.000000",18.4277305603027
"NK","2026-10-03T00:00:00.000000",18.4090747833252
"NK","2026-10-03T01:00:00.000000",18.3768558502197
"NK","2026-10-03T02:00:00.000000",18.3373050689697
"NK","2026-10-03T03:00:00.000000",18.3100986480713
"NK","2026-10-03T04:00:00.000000",18.3020648956299
"NK","2026-10-03T05:00:00.000000",18.2941856384277
"NK","2026-10-03T06:00:00.000000",18.2919578552246
"NK","2026-10-03T07:00:00.000000",18.2880458831787
"NK","2026-10-03T08:00:00.000000",18.2761497497559
"NK","2026-10-03T09:00:00.000000",18.2528228759766
"NK","2026-10-03T10:00:00.000000",18.2310619354248
"NK","2026-10-03T11:00:00.000000",18.2160396575928
"NK","2026-10-03T12:00:00.000000",18.2063064575195
"NK","2026-10-03T13:00:00.000000",18.2016201019287
"NK","2026-10-03T14:00:00.000000",18.2009773254395
"NK","2026-10-03T15:00:00.000000",18.2027072906494
"NK","2026-10-03T16:00:00.000000",18.2057266235352
"NK","2026-10-03T17:00:00.000000",18.2224540710449
"NK","2026-10-03T18:00:00.000000",18.3061084747314
"NK","2026-10-03T19:00:00.000000",18.3805656433105
"NK","2026-10-03T20:00:00.000000",18.4071044921875
"NK","2026-10-03T21:00:00.000000",18.4193572998047
"NK","2026-10-03T22:00:00.000000",18.4125213623047
"NK","2026-10-03T23:00:00.000000",18.4026336669922
"NK","2026-10-04T00:00:00.000000",18.3852519989014
"NK","2026-10-04T01:00:00.000000",18.3605785369873
"NK","2026-10-04T02:00:00.000000",18.3330421447754
"NK","2026-10-04T03:00:00.000000",18.3092250823975
"NK","2026-10-04T04:00:00.000000",18.2923202514648
"NK","2026-10-04T05:00:00.000000",18.2915935516357
"NK","2026-10-04T06:00:00.000000",18.3124561309814
"NK","2026-10-04T07:00:00.000000",18.3323860168457
"NK","2026-10-04T08:00:00.000000",18.3763008117676
"NK","2026-10-04T09:00:00.000000",18.3867855072021
"NK","2026-10-04T10:00:00.000000",18.3497638702393
"NK","2026-10-04T11:00:00.000000",18.3219318389893
"NK","2026-10-04T12:00:00.000000",18.2975597381592
"NK","2026-10-04T13:00:00.000000",18.2761745452881
"NK","2026-10-04T14:00:00.000000",18.2597789764404
"NK","2026-10-04T15:00:00.000000",18.2497882843018
"NK","2026-10-04T16:00:00.000000",18.2606544494629
"NK","2026-10-04T17:00:00.000000",18.2993335723877
"NK","2026-10-04T18:00:00.000000",18.4392414093018
"NK","2026-10-04T19:00:00.000000",18.6228675842285
"NK","2026-10-04T20:00:00.000000",18.6846122741699
"NK","2026-10-04T21:00:00.000000",18.7048664093018
"NK","2026-10-04T22:00:00.000000",18.7107067108154
"NK","2026-10-04T23:00:00.000000",18.7093868255615
"NK","2026-10-05T00:00:00.000000",18.7041664123535
"NK","2026-10-05T01:00:00.000000",18.6954364776611
"NK","2026-10-05T02:00:00.000000",18.6775493621826
"NK","2026-10-05T03:00:00.000000",18.6503448486328
"NK","2026-10-05T04:00:00.000000",18.6110134124756
"NK","2026-10-05T05:00:00.000000",18.5748405456543
"NK","2026-10-05T06:00:00.000000",18.5786285400391
"NK","2026-10-05T07:00:00.000000",18.6110782623291
"NK","2026-10-05T08:00:00.000000",18.6297149658203
"NK","2026-10-05T09:00:00.000000",18.6383380889893
"NK","2026-10-05T10:00:00.000000",18.6377868652344
"NK","2026-10-05T11:00:00.000000",18.6252040863037
"NK","2026-10-05T12:00:00.000000",18.595422744751
"NK","2026-10-05T13:00:00.000000",18.5535354614258
"NK","2026-10-05T14:00:00.000000",18.5028610229492
"NK","2026-10-05T15:00:00.000000",18.4503593444824
"NK","2026-10-05T16:00:00.000000",18.4035472869873
"NK","2026-10-05T17:00:00.000000",18.3827972412109
"NK","2026-10-05T18:00:00.000000",18.4195899963379
"NK","2026-10-05T19:00:00.000000",18.4902782440186
"NK","2026-10-05T20:00:00.000000",18.6246700286865
"NK","2026-10-05T21:00:00.000000",18.7481994628906
"NK","2026-10-05T22:00:00.000000",18.7730541229248
"NK","2026-10-05T23:00:00.000000",18.7765693664551
"NK","2026-10-06T00:00:00.000000",18.7654762268066
"NK","2026-10-06T01:00:00.000000",18.7461986541748
"NK","2026-10-06T02:00:00.000000",18.7069396972656
"NK","2026-10-06T03:00:00.000000",18.6489181518555
"NK","2026-10-06T04:00:00.000000",18.5743942260742
"NK","2026-10-06T05:00:00.000000",18.4940071105957
"NK","2026-10-06T06:00:00.000000",18.4211235046387
"NK","2026-10-06T07:00:00.000000",18.370433807373
"NK","2026-10-06T08:00:00.000000",18.380615234375
"NK","2026-10-06T09:00:00.000000",18.4273777008057
"NK","2026-10-06T10:00:00.000000",18.4619617462158
"NK","2026-10-06T11:00:00.000000",18.4466590881348
"NK","2026-10-06T12:00:00.000000",18.39528465271
"NK","2026-10-06T13:00:00.000000",18.3419742584229
"NK","2026-10-06T14:00:00.000000",18.2970771789551
"NK","2026-10-06T15:00:00.000000",18.2613010406494
"NK","2026-10-06T16:00:00.000000",18.2346115112305
"NK","2026-10-06T17:00:00.000000",18.2144985198975
"NK","2026-10-06T18:00:00.000000",18.2018280029297
"NK","2026-10-06T19:00:00.000000",18.2019233703613
"NK","2026-10-06T20:00:00.000000",18.2259674072266
"NK","2026-10-06T21:00:00.000000",18.3107872009277
"NK","2026-10-06T22:00:00.000000",18.4831008911133
"NK","2026-10-06T23:00:00.000000",18.5770378112793
"NK","2026-10-07T00:00:00.000000",18.5908012390137
"PI","2026-09-29T00:00:00.000000",19.373119354248
"PI","2026-09-29T01:00:00.000000",19.3746204376221
"PI","2026-09-29T02:00:00.000000",19.3334083557129
"PI","2026-09-29T03:00:00.000000",19.3344287872314
"PI","2026-09-29T04:00:00.000000",19.2830963134766
"PI","2026-09-29T05:00:00.000000",19.0952491760254
"PI","2026-09-29T06:00:00.000000",19.0688247680664
"PI","2026-09-29T07:00:00.000000",18.9440078735352
"PI","2026-09-29T08:00:00.000000",19.221607208252
"PI","2026-09-29T09:00:00.000000",19.1898975372314
"PI","2026-09-29T10:00:00.000000",19.205451965332
"PI","2026-09-29T11:00:00.000000",19.148229598999
"PI","2026-09-29T12:00:00.000000",19.1419048309326
"PI","2026-09-29T13:00:00.000000",19.1673374176025
"PI","2026-09-29T14:00:00.000000",19.1733150482178
"PI","2026-09-29T15:00:00.000000",19.208459854126
"PI","2026-09-29T16:00:00.000000",19.1933631896973
"PI","2026-09-29T17:00:00.000000",19.1701068878174
"PI","2026-09-29T18:00:00.000000",19.1447048187256
"PI","2026-09-29T19:00:00.000000",18.991678237915
"PI","2026-09-29T20:00:00.000000",18.9483413696289
"PI","2026-09-29T21:00:00.000000",18.9406394958496
"PI","2026-09-29T22:00:00.000000",18.9521961212158
"PI","2026-09-29T23:00:00.000000",19.0434627532959
"PI","2026-09-30T00:00:00.000000",19.1072902679443
"PI","2026-09-30T01:00:00.000000",19.1070232391357
"PI","2026-09-30T02:00:00.000000",19.0947818756104
"PI","2026-09-30T03:00:00.000000",19.090461730957
"PI","2026-09-30T04:00:00.000000",19.0839233398438
"PI","2026-09-30T05:00:00.000000",19.0017471313477
"PI","2026-09-30T06:00:00.000000",18.8867855072021
"PI","2026-09-30T07:00:00.000000",18.7968902587891
"PI","2026-09-30T08:00:00.000000",18.8579845428467
"PI","2026-09-30T09:00:00.000000",19.0303325653076
"PI","2026-09-30T10:00:00.000000",19.0092544555664
"PI","2026-09-30T11:00:00.000000",18.9907054901123
"PI","2026-09-30T12:00:00.000000",18.8939170837402
"PI","2026-09-30T13:00:00.000000",18.931303024292
"PI","2026-09-30T14:00:00.000000",18.9345054626465
"PI","2026-09-30T15:00:00.000000",18.9617042541504
"PI","2026-09-30T16:00:00.000000",19.0078182220459
"PI","2026-09-30T17:00:00.000000",18.9772644042969
"PI","2026-09-30T18:00:00.000000",18.9348983764648
"PI","2026-09-30T19:00:00.000000",18.8484592437744
"PI","2026-09-30T20:00:00.000000",18.728443145752
"PI","2026-09-30T21:00:00.000000",18.8309154510498
"PI","2026-09-30T22:00:00.000000",18.801248550415
"PI","2026-09-30T23:00:00.000000",18.7654495239258
"PI","2026-10-01T00:00:00.000000",18.8082618713379
"PI","2026-10-01T01:00:00.000000",18.8724155426025
"PI","2026-10-01T02:00:00.000000",18.8833827972412
"PI","2026-10-01T03:00:00.000000",18.8716297149658
"PI","2026-10-01T04:00:00.000000",18.860279083252
"PI","2026-10-01T05:00:00.000000",18.8535232543945
"PI","2026-10-01T06:00:00.000000",18.8301296234131
"PI","2026-10-01T07:00:00.000000",18.8153228759766
"PI","2026-10-01T08:00:00.000000",18.7079067230225
"PI","2026-10-01T09:00:00.000000",18.7857398986816
"PI","2026-10-01T10:00:00.000000",18.8773288726807
"PI","2026-10-01T11:00:00.000000",18.7993488311768
"PI","2026-10-01T12:00:00.000000",18.7893295288086
"PI","2026-10-01T13:00:00.000000",18.8145561218262
"PI","2026-10-01T14:00:00.000000",18.8699550628662
"PI","2026-10-01T15:00:00.000000",18.8474655151367
"PI","2026-10-01T16:00:00.000000",18.8215103149414
"PI","2026-10-01T17:00:00.000000",18.8352966308594
"PI","2026-10-01T18:00:00.000000",18.8001384735107
"PI","2026-10-01T19:00:00.000000",18.7827568054199
"PI","2026-10-01T20:00:00.000000",18.7976112365723
"PI","2026-10-01T21:00:00.000000",18.8139915466309
"PI","2026-10-01T22:00:00.000000",18.8084659576416
"PI","2026-10-01T23:00:00.000000",18.8051776885986
"PI","2026-10-02T00:00:00.000000",18.8016357421875
"PI","2026-10-02T01:00:00.000000",18.7962017059326
"PI","2026-10-02T02:00:00.000000",18.8505115509033
"PI","2026-10-02T03:00:00.000000",18.8457202911377
"PI","2026-10-02T04:00:00.000000",18.8154029846191
"PI","2026-10-02T05:00:00.000000",18.7923030853271
"PI","2026-10-02T06:00:00.000000",18.7986392974854
"PI","2026-10-02T07:00:00.000000",18.7751922607422
"PI","2026-10-02T08:00:00.000000",18.7874755859375
"PI","2026-10-02T09:00:00.000000",18.8002300262451
"PI","2026-10-02T10:00:00.000000",18.8365688323975
"PI","2026-10-02T11:00:00.000000",18.8181743621826
"PI","2026-10-02T12:00:00.000000",18.7908172607422
"PI","2026-10-02T13:00:00.000000",18.7748050689697
"PI","2026-10-02T14:00:00.000000",18.8354358673096
"PI","2026-10-02T15:00:00.000000",18.8500270843506
"PI","2026-10-02T16:00:00.000000",18.8434200286865
"PI","2026-10-02T17:00:00.000000",18.8493099212646
"PI","2026-10-02T18:00:00.000000",18.8207874298096
"PI","2026-10-02T19:00:00.000000",18.8314895629883
"PI","2026-10-02T20:00:00.000000",18.8162975311279
"PI","2026-10-02T21:00:00.000000",18.832103729248
"PI","2026-10-02T22:00:00.000000",18.8452911376953
"PI","2026-10-02T23:00:00.000000",18.8574676513672
"PI","2026-10-03T00:00:00.000000",18.8690567016602
"PI","2026-10-03T01:00:00.000000",18.8716449737549
"PI","2026-10-03T02:00:00.000000",18.8537425994873
"PI","2026-10-03T03:00:00.000000",18.8879089355469
"PI","2026-10-03T04:00:00.000000",18.8803577423096
"PI","2026-10-03T05:00:00.000000",18.8422431945801
"PI","2026-10-03T06:00:00.000000",18.843843460083
"PI","2026-10-03T07:00:00.000000",18.8364143371582
"PI","2026-10-03T08:00:00.000000",18.8565196990967
"PI","2026-10-03T09:00:00.000000",18.8756446838379
"PI","2026-10-03T10:00:00.000000",18.8870544433594
"PI","2026-10-03T11:00:00.000000",18.8923740386963
"PI","2026-10-03T12:00:00.000000",18.8908538818359
"PI","2026-10-03T13:00:00.000000",18.8410511016846
"PI","2026-10-03T14:00:00.000000",18.8469715118408
"PI","2026-10-03T15:00:00.000000",18.8879222869873
"PI","2026-10-03T16:00:00.000000",18.9124279022217
"PI","2026-10-03T17:00:00.000000",18.9130039215088
"PI","2026-10-03T18:00:00.000000",18.8789520263672
"PI","2026-10-03T19:00:00.000000",18.8647880554199
"PI","2026-10-03T20:00:00.000000",18.9135570526123
"PI","2026-10-03T21:00:00.000000",18.9716205596924
"PI","2026-10-03T22:00:00.000000",18.9907093048096
"PI","2026-10-03T23:00:00.000000",19.0019035339355
"PI","2026-10-04T00:00:00.000000",18.9864559173584
"PI","2026-10-04T01:00:00.000000",19.0130615234375
"PI","2026-10-04T02:00:00.000000",18.9751758575439
"PI","2026-10-04T03:00:00.000000",18.9545879364014
"PI","2026-10-04T04:00:00.000000",18.966911315918
"PI","2026-10-04T05:00:00.000000",18.9660911560059
"PI","2026-10-04T06:00:00.000000",18.9098968505859
"PI","2026-10-04T07:00:00.000000",18.8951187133789
"PI","2026-10-04T08:00:00.000000",18.8914623260498
"PI","2026-10-04T09:00:00.000000",18.8910846710205
"PI","2026-10-04T10:00:00.000000",18.8897438049316
"PI","2026-10-04T11:00:00.000000",18.8869781494141
"PI","2026-10-04T12:00:00.000000",18.9191570281982
"PI","2026-10-04T13:00:00.000000",18.9126396179199
"PI","2026-10-04T14:00:00.000000",18.8657684326172
"PI","2026-10-04T15:00:00.000000",18.8831424713135
"PI","2026-10-04T16:00:00.000000",18.9483413696289
"PI","2026-10-04T17:00:00.000000",18.9727306365967
"PI","2026-10-04T18:00:00.000000",19.0162906646729
"PI","2026-10-04T19:00:00.000000",18.9954071044922
"PI","2026-10-04T20:00:00.000000",18.9336090087891
"PI","2026-10-04T21:00:00.000000",18.9739017486572
"PI","2026-10-04T22:00:00.000000",18.9955921173096
"PI","2026-10-04T23:00:00.000000",18.9801712036133
"PI","2026-10-05T00:00:00.000000",18.9730644226074
"PI","2026-10-05T01:00:00.000000",18.9648742675781
"PI","2026-10-05T02:00:00.000000",18.9710960388184
"PI","2026-10-05T03:00:00.000000",18.9566497802734
"PI","2026-10-05T04:00:00.000000",18.9594192504883
"PI","2026-10-05T05:00:00.000000",18.9929447174072
"PI","2026-10-05T06:00:00.000000",19.0017528533936
"PI","2026-10-05T07:00:00.000000",18.977876663208
"PI","2026-10-05T08:00:00.000000",18.9558277130127
"PI","2026-10-05T09:00:00.000000",18.9489402770996
"PI","2026-10-05T10:00:00.000000",18.9479122161865
"PI","2026-10-05T11:00:00.000000",18.9507751464844
"PI","2026-10-05T12:00:00.000000",18.955602645874
"PI","2026-10-05T13:00:00.000000",18.9760990142822
"PI","2026-10-05T14:00:00.000000",18.9841136932373
"PI","2026-10-05T15:00:00.000000",18.9748344421387
"PI","2026-10-05T16:00:00.000000",18.9540157318115
"PI","2026-10-05T17:00:00.000000",18.9941444396973
"PI","2026-10-05T18:00:00.000000",19.0342426300049
"PI","2026-10-05T19:00:00.000000",19.0544738769531
"PI","2026-10-05T20:00:00.000000",19.0160732269287
"PI","2026-10-05T21:00:00.000000",18.9759540557861
"PI","2026-10-05T22:00:00.000000",18.9822463989258
"PI","2026-10-05T23:00:00.000000",19.0258979797363
"PI","2026-10-06T00:00:00.000000",19.0489807128906
"PI","2026-10-06T01:00:00.000000",19.0432643890381
"PI","2026-10-06T02:00:00.000000",19.0502262115479
"PI","2026-10-06T03:00:00.000000",19.0541496276855
"PI","2026-10-06T04:00:00.000000",19.0352115631104
"PI","2026-10-06T05:00:00.000000",19.0356178283691
"PI","2026-10-06T06:00:00.000000",19.0465717315674
"PI","2026-10-06T07:00:00.000000",19.0382480621338
"PI","2026-10-06T08:00:00.000000",19.0190696716309
"PI","2026-10-06T09:00:00.000000",18.9951763153076
"PI","2026-10-06T10:00:00.000000",18.9876327514648
"PI","2026-10-06T11:00:00.000000",18.930700302124
"PI","2026-10-06T12:00:00.000000",18.9222850799561
"PI","2026-10-06T13:00:00.000000",18.9157161712646
"PI","2026-10-06T14:00:00.000000",18.9209098815918
"PI","2026-10-06T15:00:00.000000",18.9399318695068
"PI","2026-10-06T16:00:00.000000",18.9370918273926
"PI","2026-10-06T17:00:00.000000",18.9663887023926
"PI","2026-10-06T18:00:00.000000",19.0135765075684
"PI","2026-10-06T19:00:00.000000",19.0281944274902
"PI","2026-10-06T20:00:00.000000",19.0247459411621
"PI","2026-10-06T21:00:00.000000",18.9935359954834
"PI","2026-10-06T22:00:00.000000",18.958137512207
"PI","2026-10-06T23:00:00.000000",18.9734630584717
"PI","2026-10-07T00:00:00.000000",18.9895210266113
"QU","2026-09-29T00:00:00.000000",18.8800735473633
"QU","2026-09-29T01:00:00.000000",18.8975162506104
"QU","2026-09-29T02:00:00.000000",18.9075469970703
"QU","2026-09-29T03:00:00.000000",18.9127616882324
"QU","2026-09-29T04:00:00.000000",18.9122924804688
"QU","2026-09-29T05:00:00.000000",18.9046993255615
"QU","2026-09-29T06:00:00.000000",18.8933734893799
"QU","2026-09-29T07:00:00.000000",18.8834857940674
"QU","2026-09-29T08:00:00.000000",18.8749904632568
"QU","2026-09-29T09:00:00.000000",18.8587665557861
"QU","2026-09-29T10:00:00.000000",18.8282680511475
"QU","2026-09-29T11:00:00.000000",18.7961025238037
"QU","2026-09-29T12:00:00.000000",18.8110046386719
"QU","2026-09-29T13:00:00.000000",18.7915344238281
"QU","2026-09-29T14:00:00.000000",18.7649040222168
"QU","2026-09-29T15:00:00.000000",18.7580127716064
"QU","2026-09-29T16:00:00.000000",18.7589225769043
"QU","2026-09-29T17:00:00.000000",18.7602558135986
"QU","2026-09-29T18:00:00.000000",18.7577667236328
"QU","2026-09-29T19:00:00.000000",18.7310466766357
"QU","2026-09-29T20:00:00.000000",18.6831111907959
"QU","2026-09-29T21:00:00.000000",18.6372089385986
"QU","2026-09-29T22:00:00.000000",18.6102638244629
"QU","2026-09-29T23:00:00.000000",18.5981674194336
"QU","2026-09-30T00:00:00.000000",18.6098670959473
"QU","2026-09-30T01:00:00.000000",18.6462173461914
"QU","2026-09-30T02:00:00.000000",18.6636905670166
"QU","2026-09-30T03:00:00.000000",18.6679267883301
"QU","2026-09-30T04:00:00.000000",18.6687870025635
"QU","2026-09-30T05:00:00.000000",18.6686363220215
"QU","2026-09-30T06:00:00.000000",18.6674137115479
"QU","2026-09-30T07:00:00.000000",18.6638660430908
"QU","2026-09-30T08:00:00.000000",18.6579132080078
"QU","2026-09-30T09:00:00.000000",18.6505298614502
"QU","2026-09-30T10:00:00.000000",18.6438045501709
"QU","2026-09-30T11:00:00.000000",18.637731552124
"QU","2026-09-30T12:00:00.000000",18.6497249603271
"QU","2026-09-30T13:00:00.000000",18.6582908630371
"QU","2026-09-30T14:00:00.000000",18.649787902832
"QU","2026-09-30T15:00:00.000000",18.6358413696289
"QU","2026-09-30T16:00:00.000000",18.6350860595703
"QU","2026-09-30T17:00:00.000000",18.6339473724365
"QU","2026-09-30T18:00:00.000000",18.6334609985352
"QU","2026-09-30T19:00:00.000000",18.6277770996094
"QU","2026-09-30T20:00:00.000000",18.6105842590332
"QU","2026-09-30T21:00:00.000000",18.5883083343506
"QU","2026-09-30T22:00:00.000000",18.5680923461914
"QU","2026-09-30T23:00:00.000000",18.5531005859375
"QU","2026-10-01T00:00:00.000000",18.5464210510254
"QU","2026-10-01T01:00:00.000000",18.5535430908203
"QU","2026-10-01T02:00:00.000000",18.5674686431885
"QU","2026-10-01T03:00:00.000000",18.5854034423828
"QU","2026-10-01T04:00:00.000000",18.5938415527344
"QU","2026-10-01T05:00:00.000000",18.591121673584
"QU","2026-10-01T06:00:00.000000",18.5816440582275
"QU","2026-10-01T07:00:00.000000",18.5747680664062
"QU","2026-10-01T08:00:00.000000",18.5665092468262
"QU","2026-10-01T09:00:00.000000",18.5580711364746
"QU","2026-10-01T10:00:00.000000",18.5484085083008
"QU","2026-10-01T11:00:00.000000",18.5400295257568
"QU","2026-10-01T12:00:00.000000",18.539270401001
"QU","2026-10-01T13:00:00.000000",18.5483322143555
"QU","2026-10-01T14:00:00.000000",18.5637359619141
"QU","2026-10-01T15:00:00.000000",18.5782241821289
"QU","2026-10-01T16:00:00.000000",18.5869693756104
"QU","2026-10-01T17:00:00.000000",18.5891647338867
"QU","2026-10-01T18:00:00.000000",18.5926055908203
"QU","2026-10-01T19:00:00.000000",18.5934429168701
"QU","2026-10-01T20:00:00.000000",18.5837574005127
"QU","2026-10-01T21:00:00.000000",18.5688934326172
"QU","2026-10-01T22:00:00.000000",18.5564002990723
"QU","2026-10-01T23:00:00.000000",18.5452499389648
"QU","2026-10-02T00:00:00.000000",18.535623550415
"QU","2026-10-02T01:00:00.000000",18.5332527160645
"QU","2026-10-02T02:00:00.000000",18.5414295196533
"QU","2026-10-02T03:00:00.000000",18.5558090209961
"QU","2026-10-02T04:00:00.000000",18.5692367553711
"QU","2026-10-02T05:00:00.000000",18.5757217407227
"QU","2026-10-02T06:00:00.000000",18.570930480957
"QU","2026-10-02T07:00:00.000000",18.5595455169678
"QU","2026-10-02T08:00:00.000000",18.5458106994629
"QU","2026-10-02T09:00:00.000000",18.5348854064941
"QU","2026-10-02T10:00:00.000000",18.5249614715576
"QU","2026-10-02T11:00:00.000000",18.5161228179932
"QU","2026-10-02T12:00:00.000000",18.512378692627
"QU","2026-10-02T13:00:00.000000",18.5156097412109
"QU","2026-10-02T14:00:00.000000",18.5303115844727
"QU","2026-10-02T15:00:00.000000",18.5564517974854
"QU","2026-10-02T16:00:00.000000",18.5824031829834
"QU","2026-10-02T17:00:00.000000",18.5922031402588
"QU","2026-10-02T18:00:00.000000",18.5965175628662
"QU","2026-10-02T19:00:00.000000",18.6000652313232
"QU","2026-10-02T20:00:00.000000",18.6011142730713
"QU","2026-10-02T21:00:00.000000",18.5976085662842
"QU","2026-10-02T22:00:00.000000",18.587984085083
"QU","2026-10-02T23:00:00.000000",18.5798015594482
"QU","2026-10-03T00:00:00.000000",18.5743827819824
"QU","2026-10-03T01:00:00.000000",18.5720825195312
"QU","2026-10-03T02:00:00.000000",18.5794525146484
"QU","2026-10-03T03:00:00.000000",18.5881462097168
"QU","2026-10-03T04:00:00.000000",18.5908870697021
"QU","2026-10-03T05:00:00.000000",18.5909614562988
"QU","2026-10-03T06:00:00.000000",18.5903167724609
"QU","2026-10-03T07:00:00.000000",18.5898818969727
"QU","2026-10-03T08:00:00.000000",18.5895195007324
"QU","2026-10-03T09:00:00.000000",18.5886268615723
"QU","2026-10-03T10:00:00.000000",18.5873584747314
"QU","2026-10-03T11:00:00.000000",18.5852527618408
"QU","2026-10-03T12:00:00.000000",18.5832443237305
"QU","2026-10-03T13:00:00.000000",18.5813770294189
"QU","2026-10-03T14:00:00.000000",18.5801811218262
"QU","2026-10-03T15:00:00.000000",18.5773506164551
"QU","2026-10-03T16:00:00.000000",18.5743751525879
"QU","2026-10-03T17:00:00.000000",18.5673866271973
"QU","2026-10-03T18:00:00.000000",18.5532817840576
"QU","2026-10-03T19:00:00.000000",18.5418014526367
"QU","2026-10-03T20:00:00.000000",18.5395278930664
"QU","2026-10-03T21:00:00.000000",18.5399208068848
"QU","2026-10-03T22:00:00.000000",18.5436878204346
"QU","2026-10-03T23:00:00.000000",18.5526428222656
"QU","2026-10-04T00:00:00.000000",18.5598201751709
"QU","2026-10-04T01:00:00.000000",18.5614356994629
"QU","2026-10-04T02:00:00.000000",18.5568618774414
"QU","2026-10-04T03:00:00.000000",18.5472507476807
"QU","2026-10-04T04:00:00.000000",18.5388813018799
"QU","2026-10-04T05:00:00.000000",18.5337104797363
"QU","2026-10-04T06:00:00.000000",18.532958984375
"QU","2026-10-04T07:00:00.000000",18.5347576141357
"QU","2026-10-04T08:00:00.000000",18.5368919372559
"QU","2026-10-04T09:00:00.000000",18.5387439727783
"QU","2026-10-04T10:00:00.000000",18.5418491363525
"QU","2026-10-04T11:00:00.000000",18.545711517334
"QU","2026-10-04T12:00:00.000000",18.5489501953125
"QU","2026-10-04T13:00:00.000000",18.5530071258545
"QU","2026-10-04T14:00:00.000000",18.5583019256592
"QU","2026-10-04T15:00:00.000000",18.5616722106934
"QU","2026-10-04T16:00:00.000000",18.5623168945312
"QU","2026-10-04T17:00:00.000000",18.5684108734131
"QU","2026-10-04T18:00:00.000000",18.5816669464111
"QU","2026-10-04T19:00:00.000000",18.5966930389404
"QU","2026-10-04T20:00:00.000000",18.6083679199219
"QU","2026-10-04T21:00:00.000000",18.6127490997314
"QU","2026-10-04T22:00:00.000000",18.6084728240967
"QU","2026-10-04T23:00:00.000000",18.5991363525391
"QU","2026-10-05T00:00:00.000000",18.5885562896729
"QU","2026-10-05T01:00:00.000000",18.5792465209961
"QU","2026-10-05T02:00:00.000000",18.5729579925537
"QU","2026-10-05T03:00:00.000000",18.5697250366211
"QU","2026-10-05T04:00:00.000000",18.5698719024658
"QU","2026-10-05T05:00:00.000000",18.5728054046631
"QU","2026-10-05T06:00:00.000000",18.5767135620117
"QU","2026-10-05T07:00:00.000000",18.582555770874
"QU","2026-10-05T08:00:00.000000",18.5897159576416
"QU","2026-10-05T09:00:00.000000",18.5919151306152
"QU","2026-10-05T10:00:00.000000",18.5923233032227
"QU","2026-10-05T11:00:00.000000",18.5926609039307
"QU","2026-10-05T12:00:00.000000",18.5927200317383
"QU","2026-10-05T13:00:00.000000",18.5933284759521
"QU","2026-10-05T14:00:00.000000",18.5949420928955
"QU","2026-10-05T15:00:00.000000",18.5977935791016
"QU","2026-10-05T16:00:00.000000",18.6022796630859
"QU","2026-10-05T17:00:00.000000",18.607271194458
"QU","2026-10-05T18:00:00.000000",18.6176719665527
"QU","2026-10-05T19:00:00.000000",18.6317310333252
"QU","2026-10-05T20:00:00.000000",18.6397075653076
"QU","2026-10-05T21:00:00.000000",18.6457862854004
"QU","2026-10-05T22:00:00.000000",18.6482448577881
"QU","2026-10-05T23:00:00.000000",18.6486492156982
"QU","2026-10-06T00:00:00.000000",18.6473560333252
"QU","2026-10-06T01:00:00.000000",18.6386470794678
"QU","2026-10-06T02:00:00.000000",18.6238307952881
"QU","2026-10-06T03:00:00.000000",18.6105403900146
"QU","2026-10-06T04:00:00.000000",18.5997848510742
"QU","2026-10-06T05:00:00.000000",18.5935649871826
"QU","2026-10-06T06:00:00.000000",18.5931835174561
"QU","2026-10-06T07:00:00.000000",18.5956077575684
"QU","2026-10-06T08:00:00.000000",18.6053848266602
"QU","2026-10-06T09:00:00.000000",18.6179161071777
"QU","2026-10-06T10:00:00.000000",18.6254806518555
"QU","2026-10-06T11:00:00.000000",18.6230659484863
"QU","2026-10-06T12:00:00.000000",18.6134281158447
"QU","2026-10-06T13:00:00.000000",18.6037921905518
"QU","2026-10-06T14:00:00.000000",18.597635269165
"QU","2026-10-06T15:00:00.000000",18.5929756164551
"QU","2026-10-06T16:00:00.000000",18.5901489257812
"QU","2026-10-06T17:00:00.000000",18.5922374725342
"QU","2026-10-06T18:00:00.000000",18.5990772247314
"QU","2026-10-06T19:00:00.000000",18.6142883300781
"QU","2026-10-06T20:00:00.000000",18.6342735290527
"QU","2026-10-06T21:00:00.000000",18.6377773284912
"QU","2026-10-06T22:00:00.000000",18.6326751708984
"QU","2026-10-06T23:00:00.000000",18.6283702850342
"QU","2026-10-07T00:00:00.000000",18.6250381469727
"CC","2026-09-29T00:00:00.000000",19.2542858123779
"CC","2026-09-29T01:00:00.000000",19.2276000976562
"CC","2026-09-29T02:00:00.000000",19.2107582092285
"CC","2026-09-29T03:00:00.000000",19.2015724182129
"CC","2026-09-29T04:00:00.000000",19.2004947662354
"CC","2026-09-29T05:00:00.000000",19.2037162780762
"CC","2026-09-29T06:00:00.000000",19.2037487030029
"CC","2026-09-29T07:00:00.000000",19.1931800842285
"CC","2026-09-29T08:00:00.000000",19.1817607879639
"CC","2026-09-29T09:00:00.000000",19.1592483520508
"CC","2026-09-29T10:00:00.000000",19.1425075531006
"CC","2026-09-29T11:00:00.000000",19.1147308349609
"CC","2026-09-29T12:00:00.000000",19.0904102325439
"CC","2026-09-29T13:00:00.000000",19.0727500915527
"CC","2026-09-29T14:00:00.000000",19.0510387420654
"CC","2026-09-29T15:00:00.000000",19.0436992645264
"CC","2026-09-29T16:00:00.000000",19.0384941101074
"CC","2026-09-29T17:00:00.000000",19.0319557189941
"CC","2026-09-29T18:00:00.000000",19.0268268585205
"CC","2026-09-29T19:00:00.000000",19.0212574005127
"CC","2026-09-29T20:00:00.000000",19.0166473388672
"CC","2026-09-29T21:00:00.000000",19.0138568878174
"CC","2026-09-29T22:00:00.000000",19.0115928649902
"CC","2026-09-29T23:00:00.000000",19.0082988739014
"CC","2026-09-30T00:00:00.000000",19.0038509368896
"CC","2026-09-30T01:00:00.000000",18.9995899200439
"CC","2026-09-30T02:00:00.000000",18.9953918457031
"CC","2026-09-30T03:00:00.000000",18.9681148529053
"CC","2026-09-30T04:00:00.000000",18.9236354827881
"CC","2026-09-30T05:00:00.000000",18.9225463867188
"CC","2026-09-30T06:00:00.000000",18.9088039398193
"CC","2026-09-30T07:00:00.000000",18.884916305542
"CC","2026-09-30T08:00:00.000000",18.8740749359131
"CC","2026-09-30T09:00:00.000000",18.8497333526611
"CC","2026-09-30T10:00:00.000000",18.8376140594482
"CC","2026-09-30T11:00:00.000000",18.8152465820312
"CC","2026-09-30T12:00:00.000000",18.795223236084
"CC","2026-09-30T13:00:00.000000",18.7813987731934
"CC","2026-09-30T14:00:00.000000",18.7638568878174
"CC","2026-09-30T15:00:00.000000",18.7544288635254
"CC","2026-09-30T16:00:00.000000",18.7430801391602
"CC","2026-09-30T17:00:00.000000",18.7405586242676
"CC","2026-09-30T18:00:00.000000",18.7392387390137
"CC","2026-09-30T19:00:00.000000",18.739236831665
"CC","2026-09-30T20:00:00.000000",18.7368087768555
"CC","2026-09-30T21:00:00.000000",18.7277126312256
"CC","2026-09-30T22:00:00.000000",18.7037200927734
"CC","2026-09-30T23:00:00.000000",18.6861057281494
"CC","2026-10-01T00:00:00.000000",18.669620513916
"CC","2026-10-01T01:00:00.000000",18.6595859527588
"CC","2026-10-01T02:00:00.000000",18.64674949646
"CC","2026-10-01T03:00:00.000000",18.6294803619385
"CC","2026-10-01T04:00:00.000000",18.61474609375
"CC","2026-10-01T05:00:00.000000",18.5971717834473
"CC","2026-10-01T06:00:00.000000",18.575439453125
"CC","2026-10-01T07:00:00.000000",18.5707530975342
"CC","2026-10-01T08:00:00.000000",18.5551166534424
"CC","2026-10-01T09:00:00.000000",18.5428791046143
"CC","2026-10-01T10:00:00.000000",18.5354194641113
"CC","2026-10-01T11:00:00.000000",18.5239791870117
"CC","2026-10-01T12:00:00.000000",18.5151062011719
"CC","2026-10-01T13:00:00.000000",18.5024185180664
"CC","2026-10-01T14:00:00.000000",18.489294052124
"CC","2026-10-01T15:00:00.000000",18.4773178100586
"CC","2026-10-01T16:00:00.000000",18.4632549285889
"CC","2026-10-01T17:00:00.000000",18.4507541656494
"CC","2026-10-01T18:00:00.000000",18.4355373382568
"CC","2026-10-01T19:00:00.000000",18.416675567627
"CC","2026-10-01T20:00:00.000000",18.4012908935547
"CC","2026-10-01T21:00:00.000000",18.3878479003906
"CC","2026-10-01T22:00:00.000000",18.378044128418
"CC","2026-10-01T23:00:00.000000",18.3708419799805
"CC","2026-10-02T00:00:00.000000",18.3662738800049
"CC","2026-10-02T01:00:00.000000",18.362720489502
"CC","2026-10-02T02:00:00.000000",18.3577461242676
"CC","2026-10-02T03:00:00.000000",18.3521842956543
"CC","2026-10-02T04:00:00.000000",18.3514041900635
"CC","2026-10-02T05:00:00.000000",18.3514575958252
"CC","2026-10-02T06:00:00.000000",18.3514175415039
"CC","2026-10-02T07:00:00.000000",18.3515644073486
"CC","2026-10-02T08:00:00.000000",18.3528118133545
"CC","2026-10-02T09:00:00.000000",18.3549251556396
"CC","2026-10-02T10:00:00.000000",18.3590698242188
"CC","2026-10-02T11:00:00.000000",18.3676910400391
"CC","2026-10-02T12:00:00.000000",18.3764457702637
"CC","2026-10-02T13:00:00.000000",18.3848285675049
"CC","2026-10-02T14:00:00.000000",18.3954753875732
"CC","2026-10-02T15:00:00.000000",18.4093017578125
"CC","2026-10-02T16:00:00.000000",18.4251613616943
"CC","2026-10-02T17:00:00.000000",18.4388313293457
"CC","2026-10-02T18:00:00.000000",18.4533386230469
"CC","2026-10-02T19:00:00.000000",18.4656791687012
"CC","2026-10-02T20:00:00.000000",18.4753856658936
"CC","2026-10-02T21:00:00.000000",18.483606338501
"CC","2026-10-02T22:00:00.000000",18.4907073974609
"CC","2026-10-02T23:00:00.000000",18.496265411377
"CC","2026-10-03T00:00:00.000000",18.5016765594482
"CC","2026-10-03T01:00:00.000000",18.5062217712402
"CC","2026-10-03T02:00:00.000000",18.5095176696777
"CC","2026-10-03T03:00:00.000000",18.5138969421387
"CC","2026-10-03T04:00:00.000000",18.5160884857178
"CC","2026-10-03T05:00:00.000000",18.51708984375
"CC","2026-10-03T06:00:00.000000",18.5174827575684
"CC","2026-10-03T07:00:00.000000",18.5178279876709
"CC","2026-10-03T08:00:00.000000",18.5178623199463
"CC","2026-10-03T09:00:00.000000",18.5178775787354
"CC","2026-10-03T10:00:00.000000",18.5173645019531
"CC","2026-10-03T11:00:00.000000",18.5159816741943
"CC","2026-10-03T12:00:00.000000",18.514009475708
"CC","2026-10-03T13:00:00.000000",18.513053894043
"CC","2026-10-03T14:00:00.000000",18.512903213501
"CC","2026-10-03T15:00:00.000000",18.5141983032227
"CC","2026-10-03T16:00:00.000000",18.5163688659668
"CC","2026-10-03T17:00:00.000000",18.5192584991455
"CC","2026-10-03T18:00:00.000000",18.5223960876465
"CC","2026-10-03T19:00:00.000000",18.5253658294678
"CC","2026-10-03T20:00:00.000000",18.5275821685791
"CC","2026-10-03T21:00:00.000000",18.5280170440674
"CC","2026-10-03T22:00:00.000000",18.5278720855713
"CC","2026-10-03T23:00:00.000000",18.5276832580566
"CC","2026-10-04T00:00:00.000000",18.5274105072021
"CC","2026-10-04T01:00:00.000000",18.5273571014404
"CC","2026-10-04T02:00:00.000000",18.5276565551758
"CC","2026-10-04T03:00:00.000000",18.5281200408936
"CC","2026-10-04T04:00:00.000000",18.5285739898682
"CC","2026-10-04T05:00:00.000000",18.5286731719971
"CC","2026-10-04T06:00:00.000000",18.5286445617676
"CC","2026-10-04T07:00:00.000000",18.5286312103271
"CC","2026-10-04T08:00:00.000000",18.5285034179688
"CC","2026-10-04T09:00:00.000000",18.5283355712891
"CC","2026-10-04T10:00:00.000000",18.5274505615234
"CC","2026-10-04T11:00:00.000000",18.5257301330566
"CC","2026-10-04T12:00:00.000000",18.5234298706055
"CC","2026-10-04T13:00:00.000000",18.5215015411377
"CC","2026-10-04T14:00:00.000000",18.5194644927979
"CC","2026-10-04T15:00:00.000000",18.5180282592773
"CC","2026-10-04T16:00:00.000000",18.5175495147705
"CC","2026-10-04T17:00:00.000000",18.5183753967285
"CC","2026-10-04T18:00:00.000000",18.5201644897461
"CC","2026-10-04T19:00:00.000000",18.5228443145752
"CC","2026-10-04T20:00:00.000000",18.5261878967285
"CC","2026-10-04T21:00:00.000000",18.5301094055176
"CC","2026-10-04T22:00:00.000000",18.5340595245361
"CC","2026-10-04T23:00:00.000000",18.5374336242676
"CC","2026-10-05T00:00:00.000000",18.5402030944824
"CC","2026-10-05T01:00:00.000000",18.5425281524658
"CC","2026-10-05T02:00:00.000000",18.5444049835205
"CC","2026-10-05T03:00:00.000000",18.5458507537842
"CC","2026-10-05T04:00:00.000000",18.546630859375
"CC","2026-10-05T05:00:00.000000",18.5469532012939
"CC","2026-10-05T06:00:00.000000",18.5469875335693
"CC","2026-10-05T07:00:00.000000",18.5471343994141
"CC","2026-10-05T08:00:00.000000",18.5475273132324
"CC","2026-10-05T09:00:00.000000",18.5481414794922
"CC","2026-10-05T10:00:00.000000",18.5486164093018
"CC","2026-10-05T11:00:00.000000",18.5487689971924
"CC","2026-10-05T12:00:00.000000",18.5486660003662
"CC","2026-10-05T13:00:00.000000",18.5490055084229
"CC","2026-10-05T14:00:00.000000",18.5498638153076
"CC","2026-10-05T15:00:00.000000",18.5511932373047
"CC","2026-10-05T16:00:00.000000",18.552713394165
"CC","2026-10-05T17:00:00.000000",18.5544815063477
"CC","2026-10-05T18:00:00.000000",18.5561656951904
"CC","2026-10-05T19:00:00.000000",18.5577430725098
"CC","2026-10-05T20:00:00.000000",18.5593910217285
"CC","2026-10-05T21:00:00.000000",18.5628356933594
"CC","2026-10-05T22:00:00.000000",18.5660381317139
"CC","2026-10-05T23:00:00.000000",18.569465637207
"CC","2026-10-06T00:00:00.000000",18.5738372802734
"CC","2026-10-06T01:00:00.000000",18.5786781311035
"CC","2026-10-06T02:00:00.000000",18.5831775665283
"CC","2026-10-06T03:00:00.000000",18.5878810882568
"CC","2026-10-06T04:00:00.000000",18.5922183990479
"CC","2026-10-06T05:00:00.000000",18.5953254699707
"CC","2026-10-06T06:00:00.000000",18.5984439849854
"CC","2026-10-06T07:00:00.000000",18.6018123626709
"CC","2026-10-06T08:00:00.000000",18.6050453186035
"CC","2026-10-06T09:00:00.000000",18.6076984405518
"CC","2026-10-06T10:00:00.000000",18.6104259490967
"CC","2026-10-06T11:00:00.000000",18.6126003265381
"CC","2026-10-06T12:00:00.000000",18.6149768829346
"CC","2026-10-06T13:00:00.000000",18.6173305511475
"CC","2026-10-06T14:00:00.000000",18.6196422576904
"CC","2026-10-06T15:00:00.000000",18.6215877532959
"CC","2026-10-06T16:00:00.000000",18.6237354278564
"CC","2026-10-06T17:00:00.000000",18.6259269714355
"CC","2026-10-06T18:00:00.000000",18.6274681091309
"CC","2026-10-06T19:00:00.000000",18.6288433074951
"CC","2026-10-06T20:00:00.000000",18.6298580169678
"CC","2026-10-06T21:00:00.000000",18.6306171417236
"CC","2026-10-06T22:00:00.000000",18.6316223144531
"CC","2026-10-06T23:00:00.000000",18.6326236724854
"CC","2026-10-07T00:00:00.000000",18.6340618133545
"DL","2026-09-29T00:00:00.000000",18.9183864593506
"DL","2026-09-29T01:00:00.000000",18.9262771606445
"DL","2026-09-29T02:00:00.000000",18.9338150024414
"DL","2026-09-29T03:00:00.000000",18.915189743042
"DL","2026-09-29T04:00:00.000000",18.801736831665
"DL","2026-09-29T05:00:00.000000",18.8378009796143
"DL","2026-09-29T06:00:00.000000",18.845027923584
"DL","2026-09-29T07:00:00.000000",18.8702735900879
"DL","2026-09-29T08:00:00.000000",18.8523464202881
"DL","2026-09-29T09:00:00.000000",18.8877601623535
"DL","2026-09-29T10:00:00.000000",18.9028987884521
"DL","2026-09-29T11:00:00.000000",18.932544708252
"DL","2026-09-29T12:00:00.000000",18.9338722229004
"DL","2026-09-29T13:00:00.000000",18.9355449676514
"DL","2026-09-29T14:00:00.000000",18.9352359771729
"DL","2026-09-29T15:00:00.000000",18.9336414337158
"DL","2026-09-29T16:00:00.000000",18.9011573791504
"DL","2026-09-29T17:00:00.000000",18.8238677978516
"DL","2026-09-29T18:00:00.000000",18.8374156951904
"DL","2026-09-29T19:00:00.000000",18.8623294830322
"DL","2026-09-29T20:00:00.000000",18.8550605773926
"DL","2026-09-29T21:00:00.000000",18.8577728271484
"DL","2026-09-29T22:00:00.000000",18.8970050811768
"DL","2026-09-29T23:00:00.000000",18.9277286529541
"DL","2026-09-30T00:00:00.000000",18.9109916687012
"DL","2026-09-30T01:00:00.000000",18.8825149536133
"DL","2026-09-30T02:00:00.000000",18.8670902252197
"DL","2026-09-30T03:00:00.000000",18.8587608337402
"DL","2026-09-30T04:00:00.000000",18.814136505127
"DL","2026-09-30T05:00:00.000000",18.7811889648438
"DL","2026-09-30T06:00:00.000000",18.8361644744873
"DL","2026-09-30T07:00:00.000000",18.8465118408203
"DL","2026-09-30T08:00:00.000000",18.8374004364014
"DL","2026-09-30T09:00:00.000000",18.8633403778076
"DL","2026-09-30T10:00:00.000000",18.8564910888672
"DL","2026-09-30T11:00:00.000000",18.8643054962158
"DL","2026-09-30T12:00:00.000000",18.849027633667
"DL","2026-09-30T13:00:00.000000",18.837574005127
"DL","2026-09-30T14:00:00.000000",18.8257751464844
"DL","2026-09-30T15:00:00.000000",18.8212909698486
"DL","2026-09-30T16:00:00.000000",18.8228549957275
"DL","2026-09-30T17:00:00.000000",18.8133430480957
"DL","2026-09-30T18:00:00.000000",18.8366203308105
"DL","2026-09-30T19:00:00.000000",18.8565540313721
"DL","2026-09-30T20:00:00.000000",18.8473110198975
"DL","2026-09-30T21:00:00.000000",18.8561916351318
"DL","2026-09-30T22:00:00.000000",18.8550701141357
"DL","2026-09-30T23:00:00.000000",18.8362159729004
"DL","2026-10-01T00:00:00.000000",18.8148746490479
"DL","2026-10-01T01:00:00.000000",18.7796192169189
"DL","2026-10-01T02:00:00.000000",18.7443313598633
"DL","2026-10-01T03:00:00.000000",18.736141204834
"DL","2026-10-01T04:00:00.000000",18.738977432251
"DL","2026-10-01T05:00:00.000000",18.6408195495605
"DL","2026-10-01T06:00:00.000000",18.7079582214355
"DL","2026-10-01T07:00:00.000000",18.7770671844482
"DL","2026-10-01T08:00:00.000000",18.7692928314209
"DL","2026-10-01T09:00:00.000000",18.7624588012695
"DL","2026-10-01T10:00:00.000000",18.7517318725586
"DL","2026-10-01T11:00:00.000000",18.7460861206055
"DL","2026-10-01T12:00:00.000000",18.7308788299561
"DL","2026-10-01T13:00:00.000000",18.717306137085
"DL","2026-10-01T14:00:00.000000",18.6869640350342
"DL","2026-10-01T15:00:00.000000",18.665843963623
"DL","2026-10-01T16:00:00.000000",18.6378688812256
"DL","2026-10-01T17:00:00.000000",18.6391582489014
"DL","2026-10-01T18:00:00.000000",18.6222686767578
"DL","2026-10-01T19:00:00.000000",18.6800689697266
"DL","2026-10-01T20:00:00.000000",18.695821762085
"DL","2026-10-01T21:00:00.000000",18.6915283203125
"DL","2026-10-01T22:00:00.000000",18.7058029174805
"DL","2026-10-01T23:00:00.000000",18.6975498199463
"DL","2026-10-02T00:00:00.000000",18.6718139648438
"DL","2026-10-02T01:00:00.000000",18.6313877105713
"DL","2026-10-02T02:00:00.000000",18.594518661499
"DL","2026-10-02T03:00:00.000000",18.5761528015137
"DL","2026-10-02T04:00:00.000000",18.5780239105225
"DL","2026-10-02T05:00:00.000000",18.5972118377686
"DL","2026-10-02T06:00:00.000000",18.6166172027588
"DL","2026-10-02T07:00:00.000000",18.7021636962891
"DL","2026-10-02T08:00:00.000000",18.730224609375
"DL","2026-10-02T09:00:00.000000",18.6553974151611
"DL","2026-10-02T10:00:00.000000",18.630256652832
"DL","2026-10-02T11:00:00.000000",18.6105918884277
"DL","2026-10-02T12:00:00.000000",18.6003646850586
"DL","2026-10-02T13:00:00.000000",18.5425338745117
"DL","2026-10-02T14:00:00.000000",18.5240612030029
"DL","2026-10-02T15:00:00.000000",18.5238170623779
"DL","2026-10-02T16:00:00.000000",18.5312080383301
"DL","2026-10-02T17:00:00.000000",18.534008026123
"DL","2026-10-02T18:00:00.000000",18.5658435821533
"DL","2026-10-02T19:00:00.000000",18.577880859375
"DL","2026-10-02T20:00:00.000000",18.7047138214111
"DL","2026-10-02T21:00:00.000000",18.6765975952148
"DL","2026-10-02T22:00:00.000000",18.6975860595703
"DL","2026-10-02T23:00:00.000000",18.6970233917236
"DL","2026-10-03T00:00:00.000000",18.7134227752686
"DL","2026-10-03T01:00:00.000000",18.6453380584717
"DL","2026-10-03T02:00:00.000000",18.5798110961914
"DL","2026-10-03T03:00:00.000000",18.5584735870361
"DL","2026-10-03T04:00:00.000000",18.5472717285156
"DL","2026-10-03T05:00:00.000000",18.5504207611084
"DL","2026-10-03T06:00:00.000000",18.5576171875
"DL","2026-10-03T07:00:00.000000",18.4872245788574
"DL","2026-10-03T08:00:00.000000",18.5761489868164
"DL","2026-10-03T09:00:00.000000",18.6343231201172
"DL","2026-10-03T10:00:00.000000",18.624906539917
"DL","2026-10-03T11:00:00.000000",18.6461849212646
"DL","2026-10-03T12:00:00.000000",18.594518661499
"DL","2026-10-03T13:00:00.000000",18.5971775054932
"DL","2026-10-03T14:00:00.000000",18.5780715942383
"DL","2026-10-03T15:00:00.000000",18.5784740447998
"DL","2026-10-03T16:00:00.000000",18.5827770233154
"DL","2026-10-03T17:00:00.000000",18.5920448303223
"DL","2026-10-03T18:00:00.000000",18.6032199859619
"DL","2026-10-03T19:00:00.000000",18.6073837280273
"DL","2026-10-03T20:00:00.000000",18.6064262390137
"DL","2026-10-03T21:00:00.000000",18.6329975128174
"DL","2026-10-03T22:00:00.000000",18.6524143218994
"DL","2026-10-03T23:00:00.000000",18.641939163208
"DL","2026-10-04T00:00:00.000000",18.6725807189941
"DL","2026-10-04T01:00:00.000000",18.6724071502686
"DL","2026-10-04T02:00:00.000000",18.6453399658203
"DL","2026-10-04T03:00:00.000000",18.6362037658691
"DL","2026-10-04T04:00:00.000000",18.6239891052246
"DL","2026-10-04T05:00:00.000000",18.6186943054199
"DL","2026-10-04T06:00:00.000000",18.6145763397217
"DL","2026-10-04T07:00:00.000000",18.6087341308594
"DL","2026-10-04T08:00:00.000000",18.6026935577393
"DL","2026-10-04T09:00:00.000000",18.6073169708252
"DL","2026-10-04T10:00:00.000000",18.6485862731934
"DL","2026-10-04T11:00:00.000000",18.6269836425781
"DL","2026-10-04T12:00:00.000000",18.6276702880859
"DL","2026-10-04T13:00:00.000000",18.6205825805664
"DL","2026-10-04T14:00:00.000000",18.6208438873291
"DL","2026-10-04T15:00:00.000000",18.6135749816895
"DL","2026-10-04T16:00:00.000000",18.6122341156006
"DL","2026-10-04T17:00:00.000000",18.6127014160156
"DL","2026-10-04T18:00:00.000000",18.616247177124
"DL","2026-10-04T19:00:00.000000",18.6192684173584
"DL","2026-10-04T20:00:00.000000",18.6201057434082
"DL","2026-10-04T21:00:00.000000",18.621223449707
"DL","2026-10-04T22:00:00.000000",18.6209373474121
"DL","2026-10-04T23:00:00.000000",18.630407333374
"DL","2026-10-05T00:00:00.000000",18.6364212036133
"DL","2026-10-05T01:00:00.000000",18.6516227722168
"DL","2026-10-05T02:00:00.000000",18.668909072876
"DL","2026-10-05T03:00:00.000000",18.6543369293213
"DL","2026-10-05T04:00:00.000000",18.6434497833252
"DL","2026-10-05T05:00:00.000000",18.6314277648926
"DL","2026-10-05T06:00:00.000000",18.6249694824219
"DL","2026-10-05T07:00:00.000000",18.6226787567139
"DL","2026-10-05T08:00:00.000000",18.6218891143799
"DL","2026-10-05T09:00:00.000000",18.6244697570801
"DL","2026-10-05T10:00:00.000000",18.6391487121582
"DL","2026-10-05T11:00:00.000000",18.6707458496094
"DL","2026-10-05T12:00:00.000000",18.6475887298584
"DL","2026-10-05T13:00:00.000000",18.6451930999756
"DL","2026-10-05T14:00:00.000000",18.6425189971924
"DL","2026-10-05T15:00:00.000000",18.6434192657471
"DL","2026-10-05T16:00:00.000000",18.6443195343018
"DL","2026-10-05T17:00:00.000000",18.654504776001
"DL","2026-10-05T18:00:00.000000",18.6689872741699
"DL","2026-10-05T19:00:00.000000",18.6787738800049
"DL","2026-10-05T20:00:00.000000",18.6818923950195
"DL","2026-10-05T21:00:00.000000",18.6820220947266
"DL","2026-10-05T22:00:00.000000",18.681510925293
"DL","2026-10-05T23:00:00.000000",18.6667957305908
"DL","2026-10-06T00:00:00.000000",18.6623210906982
"DL","2026-10-06T01:00:00.000000",18.6571006774902
"DL","2026-10-06T02:00:00.000000",18.6540718078613
"DL","2026-10-06T03:00:00.000000",18.6525745391846
"DL","2026-10-06T04:00:00.000000",18.6480903625488
"DL","2026-10-06T05:00:00.000000",18.6627502441406
"DL","2026-10-06T06:00:00.000000",18.6815929412842
"DL","2026-10-06T07:00:00.000000",18.6895160675049
"DL","2026-10-06T08:00:00.000000",18.691442489624
"DL","2026-10-06T09:00:00.000000",18.6787548065186
"DL","2026-10-06T10:00:00.000000",18.6727828979492
"DL","2026-10-06T11:00:00.000000",18.653190612793
"DL","2026-10-06T12:00:00.000000",18.6193714141846
"DL","2026-10-06T13:00:00.000000",18.6088047027588
"DL","2026-10-06T14:00:00.000000",18.6076812744141
"DL","2026-10-06T15:00:00.000000",18.6184616088867
"DL","2026-10-06T16:00:00.000000",18.6518077850342
"DL","2026-10-06T17:00:00.000000",18.7046527862549
"DL","2026-10-06T18:00:00.000000",18.7185153961182
"DL","2026-10-06T19:00:00.000000",18.719856262207
"DL","2026-10-06T20:00:00.000000",18.7181854248047
"DL","2026-10-06T21:00:00.000000",18.7156963348389
"DL","2026-10-06T22:00:00.000000",18.7144908905029
"DL","2026-10-06T23:00:00.000000",18.7100925445557
"DL","2026-10-07T00:00:00.000000",18.7007350921631
"GB","2026-09-29T00:00:00.000000",18.8848056793213
"GB","2026-09-29T01:00:00.000000",18.9136810302734
"GB","2026-09-29T02:00:00.000000",18.9654235839844
"GB","2026-09-29T03:00:00.000000",18.9960651397705
"GB","2026-09-29T04:00:00.000000",19.0134468078613
"GB","2026-09-29T05:00:00.000000",19.0254592895508
"GB","2026-09-29T06:00:00.000000",18.9805183410645
"GB","2026-09-29T07:00:00.000000",18.8658390045166
"GB","2026-09-29T08:00:00.000000",18.8972148895264
"GB","2026-09-29T09:00:00.000000",18.9083881378174
"GB","2026-09-29T10:00:00.000000",18.904878616333
"GB","2026-09-29T11:00:00.000000",18.9043006896973
"GB","2026-09-29T12:00:00.000000",18.8927173614502
"GB","2026-09-29T13:00:00.000000",18.8511943817139
"GB","2026-09-29T14:00:00.000000",18.8850498199463
"GB","2026-09-29T15:00:00.000000",18.9131870269775
"GB","2026-09-29T16:00:00.000000",18.9291324615479
"GB","2026-09-29T17:00:00.000000",18.9352359771729
"GB","2026-09-29T18:00:00.000000",18.9475955963135
"GB","2026-09-29T19:00:00.000000",18.814525604248
"GB","2026-09-29T20:00:00.000000",18.828763961792
"GB","2026-09-29T21:00:00.000000",18.8483638763428
"GB","2026-09-29T22:00:00.000000",18.8422718048096
"GB","2026-09-29T23:00:00.000000",18.8402423858643
"GB","2026-09-30T00:00:00.000000",18.8581199645996
"GB","2026-09-30T01:00:00.000000",18.7810363769531
"GB","2026-09-30T02:00:00.000000",18.8118629455566
"GB","2026-09-30T03:00:00.000000",18.8468894958496
"GB","2026-09-30T04:00:00.000000",18.8669967651367
"GB","2026-09-30T05:00:00.000000",18.8726615905762
"GB","2026-09-30T06:00:00.000000",18.8731174468994
"GB","2026-09-30T07:00:00.000000",18.8018970489502
"GB","2026-09-30T08:00:00.000000",18.768424987793
"GB","2026-09-30T09:00:00.000000",18.7943115234375
"GB","2026-09-30T10:00:00.000000",18.7984485626221
"GB","2026-09-30T11:00:00.000000",18.7856578826904
"GB","2026-09-30T12:00:00.000000",18.8017845153809
"GB","2026-09-30T13:00:00.000000",18.7666015625
"GB","2026-09-30T14:00:00.000000",18.7467441558838
"GB","2026-09-30T15:00:00.000000",18.7791519165039
"GB","2026-09-30T16:00:00.000000",18.8079223632812
"GB","2026-09-30T17:00:00.000000",18.8291645050049
"GB","2026-09-30T18:00:00.000000",18.8457050323486
"GB","2026-09-30T19:00:00.000000",18.8464107513428
"GB","2026-09-30T20:00:00.000000",18.7452716827393
"GB","2026-09-30T21:00:00.000000",18.7626190185547
"GB","2026-09-30T22:00:00.000000",18.7707462310791
"GB","2026-09-30T23:00:00.000000",18.7649211883545
"GB","2026-10-01T00:00:00.000000",18.784366607666
"GB","2026-10-01T01:00:00.000000",18.7545871734619
"GB","2026-10-01T02:00:00.000000",18.6823387145996
"GB","2026-10-01T03:00:00.000000",18.7344608306885
"GB","2026-10-01T04:00:00.000000",18.7787055969238
"GB","2026-10-01T05:00:00.000000",18.80881690979
"GB","2026-10-01T06:00:00.000000",18.8305644989014
"GB","2026-10-01T07:00:00.000000",18.8402690887451
"GB","2026-10-01T08:00:00.000000",18.7481727600098
"GB","2026-10-01T09:00:00.000000",18.7334995269775
"GB","2026-10-01T10:00:00.000000",18.7536544799805
"GB","2026-10-01T11:00:00.000000",18.7674674987793
"GB","2026-10-01T12:00:00.000000",18.7616806030273
"GB","2026-10-01T13:00:00.000000",18.7776794433594
"GB","2026-10-01T14:00:00.000000",18.72727394104
"GB","2026-10-01T15:00:00.000000",18.7363567352295
"GB","2026-10-01T16:00:00.000000",18.7730312347412
"GB","2026-10-01T17:00:00.000000",18.8001613616943
"GB","2026-10-01T18:00:00.000000",18.8204460144043
"GB","2026-10-01T19:00:00.000000",18.8353614807129
"GB","2026-10-01T20:00:00.000000",18.8232688903809
"GB","2026-10-01T21:00:00.000000",18.7662048339844
"GB","2026-10-01T22:00:00.000000",18.7802543640137
"GB","2026-10-01T23:00:00.000000",18.7913341522217
"GB","2026-10-02T00:00:00.000000",18.783332824707
"GB","2026-10-02T01:00:00.000000",18.8002796173096
"GB","2026-10-02T02:00:00.000000",18.7432098388672
"GB","2026-10-02T03:00:00.000000",18.7359409332275
"GB","2026-10-02T04:00:00.000000",18.7688179016113
"GB","2026-10-02T05:00:00.000000",18.7969398498535
"GB","2026-10-02T06:00:00.000000",18.8144340515137
"GB","2026-10-02T07:00:00.000000",18.8261299133301
"GB","2026-10-02T08:00:00.000000",18.8295249938965
"GB","2026-10-02T09:00:00.000000",18.7645416259766
"GB","2026-10-02T10:00:00.000000",18.7628154754639
"GB","2026-10-02T11:00:00.000000",18.7784557342529
"GB","2026-10-02T12:00:00.000000",18.7883071899414
"GB","2026-10-02T13:00:00.000000",18.7959117889404
"GB","2026-10-02T14:00:00.000000",18.7978210449219
"GB","2026-10-02T15:00:00.000000",18.7863101959229
"GB","2026-10-02T16:00:00.000000",18.8068866729736
"GB","2026-10-02T17:00:00.000000",18.8238677978516
"GB","2026-10-02T18:00:00.000000",18.8409061431885
"GB","2026-10-02T19:00:00.000000",18.8564720153809
"GB","2026-10-02T20:00:00.000000",18.8664741516113
"GB","2026-10-02T21:00:00.000000",18.8525428771973
"GB","2026-10-02T22:00:00.000000",18.824182510376
"GB","2026-10-02T23:00:00.000000",18.8330497741699
"GB","2026-10-03T00:00:00.000000",18.8449001312256
"GB","2026-10-03T01:00:00.000000",18.851146697998
"GB","2026-10-03T02:00:00.000000",18.8600063323975
"GB","2026-10-03T03:00:00.000000",18.8421802520752
"GB","2026-10-03T04:00:00.000000",18.8274993896484
"GB","2026-10-03T05:00:00.000000",18.8271350860596
"GB","2026-10-03T06:00:00.000000",18.8271083831787
"GB","2026-10-03T07:00:00.000000",18.82785987854
"GB","2026-10-03T08:00:00.000000",18.8305912017822
"GB","2026-10-03T09:00:00.000000",18.8342533111572
"GB","2026-10-03T10:00:00.000000",18.7932605743408
"GB","2026-10-03T11:00:00.000000",18.7882976531982
"GB","2026-10-03T12:00:00.000000",18.7972640991211
"GB","2026-10-03T13:00:00.000000",18.7975807189941
"GB","2026-10-03T14:00:00.000000",18.7904052734375
"GB","2026-10-03T15:00:00.000000",18.813404083252
"GB","2026-10-03T16:00:00.000000",18.7926769256592
"GB","2026-10-03T17:00:00.000000",18.7934303283691
"GB","2026-10-03T18:00:00.000000",18.8176155090332
"GB","2026-10-03T19:00:00.000000",18.8414096832275
"GB","2026-10-03T20:00:00.000000",18.8555526733398
"GB","2026-10-03T21:00:00.000000",18.865255355835
"GB","2026-10-03T22:00:00.000000",18.8506736755371
"GB","2026-10-03T23:00:00.000000",18.8031215667725
"GB","2026-10-04T00:00:00.000000",18.7850170135498
"GB","2026-10-04T01:00:00.000000",18.7715072631836
"GB","2026-10-04T02:00:00.000000",18.737829208374
"GB","2026-10-04T03:00:00.000000",18.7658748626709
"GB","2026-10-04T04:00:00.000000",18.7176494598389
"GB","2026-10-04T05:00:00.000000",18.6142883300781
"GB","2026-10-04T06:00:00.000000",18.6368656158447
"GB","2026-10-04T07:00:00.000000",18.6656093597412
"GB","2026-10-04T08:00:00.000000",18.6919612884521
"GB","2026-10-04T09:00:00.000000",18.71750831604
"GB","2026-10-04T10:00:00.000000",18.7298526763916
"GB","2026-10-04T11:00:00.000000",18.6979789733887
"GB","2026-10-04T12:00:00.000000",18.6627178192139
"GB","2026-10-04T13:00:00.000000",18.647834777832
"GB","2026-10-04T14:00:00.000000",18.6326465606689
"GB","2026-10-04T15:00:00.000000",18.6231746673584
"GB","2026-10-04T16:00:00.000000",18.6803131103516
"GB","2026-10-04T17:00:00.000000",18.6080741882324
"GB","2026-10-04T18:00:00.000000",18.586841583252
"GB","2026-10-04T19:00:00.000000",18.6409549713135
"GB","2026-10-04T20:00:00.000000",18.6922702789307
"GB","2026-10-04T21:00:00.000000",18.731258392334
"GB","2026-10-04T22:00:00.000000",18.7666149139404
"GB","2026-10-04T23:00:00.000000",18.7760181427002
"GB","2026-10-05T00:00:00.000000",18.6655540466309
"GB","2026-10-05T01:00:00.000000",18.62473487854
"GB","2026-10-05T02:00:00.000000",18.6243457794189
"GB","2026-10-05T03:00:00.000000",18.6353969573975
"GB","2026-10-05T04:00:00.000000",18.6738090515137
"GB","2026-10-05T05:00:00.000000",18.6250514984131
"GB","2026-10-05T06:00:00.000000",18.5350646972656
"GB","2026-10-05T07:00:00.000000",18.5734062194824
"GB","2026-10-05T08:00:00.000000",18.6225051879883
"GB","2026-10-05T09:00:00.000000",18.6599025726318
"GB","2026-10-05T10:00:00.000000",18.6948337554932
"GB","2026-10-05T11:00:00.000000",18.7234077453613
"GB","2026-10-05T12:00:00.000000",18.6475486755371
"GB","2026-10-05T13:00:00.000000",18.5912342071533
"GB","2026-10-05T14:00:00.000000",18.5912055969238
"GB","2026-10-05T15:00:00.000000",18.593957901001
"GB","2026-10-05T16:00:00.000000",18.5855541229248
"GB","2026-10-05T17:00:00.000000",18.643424987793
"GB","2026-10-05T18:00:00.000000",18.6229686737061
"GB","2026-10-05T19:00:00.000000",18.6143665313721
"GB","2026-10-05T20:00:00.000000",18.6791381835938
"GB","2026-10-05T21:00:00.000000",18.7381286621094
"GB","2026-10-05T22:00:00.000000",18.780158996582
"GB","2026-10-05T23:00:00.000000",18.8215103149414
"GB","2026-10-06T00:00:00.000000",18.8317050933838
"GB","2026-10-06T01:00:00.000000",18.695613861084
"GB","2026-10-06T02:00:00.000000",18.657564163208
"GB","2026-10-06T03:00:00.000000",18.6467933654785
"GB","2026-10-06T04:00:00.000000",18.5885009765625
"GB","2026-10-06T05:00:00.000000",18.5262508392334
"GB","2026-10-06T06:00:00.000000",18.56321144104
"GB","2026-10-06T07:00:00.000000",18.5631103515625
"GB","2026-10-06T08:00:00.000000",18.5906543731689
"GB","2026-10-06T09:00:00.000000",18.6064491271973
"GB","2026-10-06T10:00:00.000000",18.6120281219482
"GB","2026-10-06T11:00:00.000000",18.6163711547852
"GB","2026-10-06T12:00:00.000000",18.6155815124512
"GB","2026-10-06T13:00:00.000000",18.5775890350342
"GB","2026-10-06T14:00:00.000000",18.5404071807861
"GB","2026-10-06T15:00:00.000000",18.5475196838379
"GB","2026-10-06T16:00:00.000000",18.5561637878418
"GB","2026-10-06T17:00:00.000000",18.5473937988281
"GB","2026-10-06T18:00:00.000000",18.5715789794922
"GB","2026-10-06T19:00:00.000000",18.5654945373535
"GB","2026-10-06T20:00:00.000000",18.5770435333252
"GB","2026-10-06T21:00:00.000000",18.5997352600098
"GB","2026-10-06T22:00:00.000000",18.6131210327148
"GB","2026-10-06T23:00:00.000000",18.6202850341797
"GB","2026-10-07T00:00:00.000000",18.6236705780029
"LI","2026-09-29T00:00:00.000000",19.1725063323975
"LI","2026-09-29T01:00:00.000000",19.1718120574951
"LI","2026-09-29T02:00:00.000000",19.1549644470215
"LI","2026-09-29T03:00:00.000000",19.1349430084229
"LI","2026-09-29T04:00:00.000000",19.125415802002
"LI","2026-09-29T05:00:00.000000",19.1499137878418
"LI","2026-09-29T06:00:00.000000",19.1352138519287
"LI","2026-09-29T07:00:00.000000",19.1080913543701
"LI","2026-09-29T08:00:00.000000",19.058177947998
"LI","2026-09-29T09:00:00.000000",19.048583984375
"LI","2026-09-29T10:00:00.000000",19.0357341766357
"LI","2026-09-29T11:00:00.000000",19.0353679656982
"LI","2026-09-29T12:00:00.000000",19.0300998687744
"LI","2026-09-29T13:00:00.000000",19.0151500701904
"LI","2026-09-29T14:00:00.000000",19.0032596588135
"LI","2026-09-29T15:00:00.000000",18.9961471557617
"LI","2026-09-29T16:00:00.000000",18.9980278015137
"LI","2026-09-29T17:00:00.000000",18.9950313568115
"LI","2026-09-29T18:00:00.000000",18.9718036651611
"LI","2026-09-29T19:00:00.000000",18.9555683135986
"LI","2026-09-29T20:00:00.000000",18.9401817321777
"LI","2026-09-29T21:00:00.000000",18.9284782409668
"LI","2026-09-29T22:00:00.000000",18.9151859283447
"LI","2026-09-29T23:00:00.000000",18.9068336486816
"LI","2026-09-30T00:00:00.000000",18.938175201416
"LI","2026-09-30T01:00:00.000000",18.9432258605957
"LI","2026-09-30T02:00:00.000000",18.9329948425293
"LI","2026-09-30T03:00:00.000000",18.909839630127
"LI","2026-09-30T04:00:00.000000",18.8756046295166
"LI","2026-09-30T05:00:00.000000",18.8510036468506
"LI","2026-09-30T06:00:00.000000",18.8353672027588
"LI","2026-09-30T07:00:00.000000",18.8167018890381
"LI","2026-09-30T08:00:00.000000",18.8095607757568
"LI","2026-09-30T09:00:00.000000",18.7950630187988
"LI","2026-09-30T10:00:00.000000",18.7876625061035
"LI","2026-09-30T11:00:00.000000",18.8296432495117
"LI","2026-09-30T12:00:00.000000",18.8942565917969
"LI","2026-09-30T13:00:00.000000",18.8941802978516
"LI","2026-09-30T14:00:00.000000",18.8893585205078
"LI","2026-09-30T15:00:00.000000",18.8772220611572
"LI","2026-09-30T16:00:00.000000",18.8413219451904
"LI","2026-09-30T17:00:00.000000",18.8126983642578
"LI","2026-09-30T18:00:00.000000",18.7982311248779
"LI","2026-09-30T19:00:00.000000",18.7749614715576
"LI","2026-09-30T20:00:00.000000",18.7599849700928
"LI","2026-09-30T21:00:00.000000",18.7695713043213
"LI","2026-09-30T22:00:00.000000",18.7653942108154
"LI","2026-09-30T23:00:00.000000",18.7691898345947
"LI","2026-10-01T00:00:00.000000",18.7948551177979
"LI","2026-10-01T01:00:00.000000",18.7983379364014
"LI","2026-10-01T02:00:00.000000",18.7874641418457
"LI","2026-10-01T03:00:00.000000",18.7791233062744
"LI","2026-10-01T04:00:00.000000",18.7657661437988
"LI","2026-10-01T05:00:00.000000",18.7633647918701
"LI","2026-10-01T06:00:00.000000",18.7385177612305
"LI","2026-10-01T07:00:00.000000",18.7072563171387
"LI","2026-10-01T08:00:00.000000",18.6984691619873
"LI","2026-10-01T09:00:00.000000",18.6957302093506
"LI","2026-10-01T10:00:00.000000",18.7015171051025
"LI","2026-10-01T11:00:00.000000",18.6851043701172
"LI","2026-10-01T12:00:00.000000",18.7046337127686
"LI","2026-10-01T13:00:00.000000",18.7173194885254
"LI","2026-10-01T14:00:00.000000",18.7147006988525
"LI","2026-10-01T15:00:00.000000",18.7145252227783
"LI","2026-10-01T16:00:00.000000",18.7120666503906
"LI","2026-10-01T17:00:00.000000",18.708080291748
"LI","2026-10-01T18:00:00.000000",18.7029762268066
"LI","2026-10-01T19:00:00.000000",18.6957588195801
"LI","2026-10-01T20:00:00.000000",18.6898384094238
"LI","2026-10-01T21:00:00.000000",18.6851558685303
"LI","2026-10-01T22:00:00.000000",18.6788291931152
"LI","2026-10-01T23:00:00.000000",18.6713542938232
"LI","2026-10-02T00:00:00.000000",18.6885814666748
"LI","2026-10-02T01:00:00.000000",18.7426605224609
"LI","2026-10-02T02:00:00.000000",18.7664108276367
"LI","2026-10-02T03:00:00.000000",18.7791194915771
"LI","2026-10-02T04:00:00.000000",18.7952976226807
"LI","2026-10-02T05:00:00.000000",18.7894153594971
"LI","2026-10-02T06:00:00.000000",18.7759666442871
"LI","2026-10-02T07:00:00.000000",18.7494201660156
"LI","2026-10-02T08:00:00.000000",18.7386531829834
"LI","2026-10-02T09:00:00.000000",18.7437286376953
"LI","2026-10-02T10:00:00.000000",18.7887020111084
"LI","2026-10-02T11:00:00.000000",18.8038902282715
"LI","2026-10-02T12:00:00.000000",18.8286457061768
"LI","2026-10-02T13:00:00.000000",18.8464813232422
"LI","2026-10-02T14:00:00.000000",18.8665218353271
"LI","2026-10-02T15:00:00.000000",18.8808212280273
"LI","2026-10-02T16:00:00.000000",18.8912181854248
"LI","2026-10-02T17:00:00.000000",18.9006671905518
"LI","2026-10-02T18:00:00.000000",18.9068698883057
"LI","2026-10-02T19:00:00.000000",18.907844543457
"LI","2026-10-02T20:00:00.000000",18.9066066741943
"LI","2026-10-02T21:00:00.000000",18.9044246673584
"LI","2026-10-02T22:00:00.000000",18.9018573760986
"LI","2026-10-02T23:00:00.000000",18.9025573730469
"LI","2026-10-03T00:00:00.000000",18.9087219238281
"LI","2026-10-03T01:00:00.000000",18.9111614227295
"LI","2026-10-03T02:00:00.000000",18.9288177490234
"LI","2026-10-03T03:00:00.000000",18.9357528686523
"LI","2026-10-03T04:00:00.000000",18.9018383026123
"LI","2026-10-03T05:00:00.000000",18.8874244689941
"LI","2026-10-03T06:00:00.000000",18.8677806854248
"LI","2026-10-03T07:00:00.000000",18.8098163604736
"LI","2026-10-03T08:00:00.000000",18.8121528625488
"LI","2026-10-03T09:00:00.000000",18.8152256011963
"LI","2026-10-03T10:00:00.000000",18.8154335021973
"LI","2026-10-03T11:00:00.000000",18.8154602050781
"LI","2026-10-03T12:00:00.000000",18.814769744873
"LI","2026-10-03T13:00:00.000000",18.8136825561523
"LI","2026-10-03T14:00:00.000000",18.8451595306396
"LI","2026-10-03T15:00:00.000000",18.8903522491455
"LI","2026-10-03T16:00:00.000000",18.905387878418
"LI","2026-10-03T17:00:00.000000",18.9122486114502
"LI","2026-10-03T18:00:00.000000",18.8962020874023
"LI","2026-10-03T19:00:00.000000",18.891902923584
"LI","2026-10-03T20:00:00.000000",18.8836193084717
"LI","2026-10-03T21:00:00.000000",18.8604850769043
"LI","2026-10-03T22:00:00.000000",18.8376541137695
"LI","2026-10-03T23:00:00.000000",18.8288593292236
"LI","2026-10-04T00:00:00.000000",18.814432144165
"LI","2026-10-04T01:00:00.000000",18.8047771453857
"LI","2026-10-04T02:00:00.000000",18.8221492767334
"LI","2026-10-04T03:00:00.000000",18.8918075561523
"LI","2026-10-04T04:00:00.000000",18.9080791473389
"LI","2026-10-04T05:00:00.000000",18.908052444458
"LI","2026-10-04T06:00:00.000000",18.9057140350342
"LI","2026-10-04T07:00:00.000000",18.8964290618896
"LI","2026-10-04T08:00:00.000000",18.8540325164795
"LI","2026-10-04T09:00:00.000000",18.7779121398926
"LI","2026-10-04T10:00:00.000000",18.746208190918
"LI","2026-10-04T11:00:00.000000",18.7372970581055
"LI","2026-10-04T12:00:00.000000",18.7722568511963
"LI","2026-10-04T13:00:00.000000",18.7732677459717
"LI","2026-10-04T14:00:00.000000",18.7849235534668
"LI","2026-10-04T15:00:00.000000",18.862943649292
"LI","2026-10-04T16:00:00.000000",18.884651184082
"LI","2026-10-04T17:00:00.000000",18.893440246582
"LI","2026-10-04T18:00:00.000000",18.8983249664307
"LI","2026-10-04T19:00:00.000000",18.8999481201172
"LI","2026-10-04T20:00:00.000000",18.8736209869385
"LI","2026-10-04T21:00:00.000000",18.7828636169434
"LI","2026-10-04T22:00:00.000000",18.736780166626
"LI","2026-10-04T23:00:00.000000",18.7163143157959
"LI","2026-10-05T00:00:00.000000",18.710729598999
"LI","2026-10-05T01:00:00.000000",18.7089042663574
"LI","2026-10-05T02:00:00.000000",18.7099933624268
"LI","2026-10-05T03:00:00.000000",18.7170257568359
"LI","2026-10-05T04:00:00.000000",18.8252696990967
"LI","2026-10-05T05:00:00.000000",18.8808612823486
"LI","2026-10-05T06:00:00.000000",18.8979473114014
"LI","2026-10-05T07:00:00.000000",18.9000396728516
"LI","2026-10-05T08:00:00.000000",18.8771419525146
"LI","2026-10-05T09:00:00.000000",18.8097133636475
"LI","2026-10-05T10:00:00.000000",18.7847747802734
"LI","2026-10-05T11:00:00.000000",18.7832279205322
"LI","2026-10-05T12:00:00.000000",18.7807331085205
"LI","2026-10-05T13:00:00.000000",18.794189453125
"LI","2026-10-05T14:00:00.000000",18.8002109527588
"LI","2026-10-05T15:00:00.000000",18.8014335632324
"LI","2026-10-05T16:00:00.000000",18.8814468383789
"LI","2026-10-05T17:00:00.000000",18.9227199554443
"LI","2026-10-05T18:00:00.000000",18.9471111297607
"LI","2026-10-05T19:00:00.000000",18.9661960601807
"LI","2026-10-05T20:00:00.000000",18.9790878295898
"LI","2026-10-05T21:00:00.000000",18.9801731109619
"LI","2026-10-05T22:00:00.000000",18.9517478942871
"LI","2026-10-05T23:00:00.000000",18.9388275146484
"LI","2026-10-06T00:00:00.000000",18.9189319610596
"LI","2026-10-06T01:00:00.000000",18.9104061126709
"LI","2026-10-06T02:00:00.000000",18.9038219451904
"LI","2026-10-06T03:00:00.000000",18.8961849212646
"LI","2026-10-06T04:00:00.000000",18.8891868591309
"LI","2026-10-06T05:00:00.000000",18.887939453125
"LI","2026-10-06T06:00:00.000000",18.8991088867188
"LI","2026-10-06T07:00:00.000000",18.9126262664795
"LI","2026-10-06T08:00:00.000000",18.8877601623535
"LI","2026-10-06T09:00:00.000000",18.8719921112061
"LI","2026-10-06T10:00:00.000000",18.8645706176758
"LI","2026-10-06T11:00:00.000000",18.8556270599365
"LI","2026-10-06T12:00:00.000000",18.8494300842285
"LI","2026-10-06T13:00:00.000000",18.8472595214844
"LI","2026-10-06T14:00:00.000000",18.8447895050049
"LI","2026-10-06T15:00:00.000000",18.844913482666
"LI","2026-10-06T16:00:00.000000",18.8476734161377
"LI","2026-10-06T17:00:00.000000",18.8434448242188
"LI","2026-10-06T18:00:00.000000",18.8731269836426
"LI","2026-10-06T19:00:00.000000",18.8916549682617
"LI","2026-10-06T20:00:00.000000",18.8978481292725
"LI","2026-10-06T21:00:00.000000",18.8990879058838
"LI","2026-10-06T22:00:00.000000",18.8884544372559
"LI","2026-10-06T23:00:00.000000",18.8688907623291
"LI","2026-10-07T00:00:00.000000",18.8557624816895
"OB","2026-09-29T00:00:00.000000",17.5863151550293
"OB","2026-09-29T01:00:00.000000",17.5969905853271
"OB","2026-09-29T02:00:00.000000",17.6088333129883
"OB","2026-09-29T03:00:00.000000",17.6129207611084
"OB","2026-09-29T04:00:00.000000",17.5936756134033
"OB","2026-09-29T05:00:00.000000",17.5877380371094
"OB","2026-09-29T06:00:00.000000",17.5905990600586
"OB","2026-09-29T07:00:00.000000",17.5877532958984
"OB","2026-09-29T08:00:00.000000",17.5855941772461
"OB","2026-09-29T09:00:00.000000",17.570369720459
"OB","2026-09-29T10:00:00.000000",17.5524978637695
"OB","2026-09-29T11:00:00.000000",17.5340557098389
"OB","2026-09-29T12:00:00.000000",17.5083312988281
"OB","2026-09-29T13:00:00.000000",17.5038146972656
"OB","2026-09-29T14:00:00.000000",17.5141372680664
"OB","2026-09-29T15:00:00.000000",17.509349822998
"OB","2026-09-29T16:00:00.000000",17.4938697814941
"OB","2026-09-29T17:00:00.000000",17.4905300140381
"OB","2026-09-29T18:00:00.000000",17.4921550750732
"OB","2026-09-29T19:00:00.000000",17.4939861297607
"OB","2026-09-29T20:00:00.000000",17.4956665039062
"OB","2026-09-29T21:00:00.000000",17.4944133758545
"OB","2026-09-29T22:00:00.000000",17.4916496276855
"OB","2026-09-29T23:00:00.000000",17.4861507415771
"OB","2026-09-30T00:00:00.000000",17.4749641418457
"OB","2026-09-30T01:00:00.000000",17.4687442779541
"OB","2026-09-30T02:00:00.000000",17.475435256958
"OB","2026-09-30T03:00:00.000000",17.4884548187256
"OB","2026-09-30T04:00:00.000000",17.4722938537598
"OB","2026-09-30T05:00:00.000000",17.4619331359863
"OB","2026-09-30T06:00:00.000000",17.4670696258545
"OB","2026-09-30T07:00:00.000000",17.473840713501
"OB","2026-09-30T08:00:00.000000",17.4775314331055
"OB","2026-09-30T09:00:00.000000",17.4824981689453
"OB","2026-09-30T10:00:00.000000",17.4810886383057
"OB","2026-09-30T11:00:00.000000",17.4792442321777
"OB","2026-09-30T12:00:00.000000",17.4666881561279
"OB","2026-09-30T13:00:00.000000",17.4353294372559
"OB","2026-09-30T14:00:00.000000",17.420482635498
"OB","2026-09-30T15:00:00.000000",17.3823833465576
"OB","2026-09-30T16:00:00.000000",17.3347873687744
"OB","2026-09-30T17:00:00.000000",17.313985824585
"OB","2026-09-30T18:00:00.000000",17.3155975341797
"OB","2026-09-30T19:00:00.000000",17.3305950164795
"OB","2026-09-30T20:00:00.000000",17.3470363616943
"OB","2026-09-30T21:00:00.000000",17.3824996948242
"OB","2026-09-30T22:00:00.000000",17.4065475463867
"OB","2026-09-30T23:00:00.000000",17.4152088165283
"OB","2026-10-01T00:00:00.000000",17.4166488647461
"OB","2026-10-01T01:00:00.000000",17.418327331543
"OB","2026-10-01T02:00:00.000000",17.3934135437012
"OB","2026-10-01T03:00:00.000000",17.3452682495117
"OB","2026-10-01T04:00:00.000000",17.2949333190918
"OB","2026-10-01T05:00:00.000000",17.2853183746338
"OB","2026-10-01T06:00:00.000000",17.3107509613037
"OB","2026-10-01T07:00:00.000000",17.3308410644531
"OB","2026-10-01T08:00:00.000000",17.3435516357422
"OB","2026-10-01T09:00:00.000000",17.3500480651855
"OB","2026-10-01T10:00:00.000000",17.3494186401367
"OB","2026-10-01T11:00:00.000000",17.3471164703369
"OB","2026-10-01T12:00:00.000000",17.3493785858154
"OB","2026-10-01T13:00:00.000000",17.3443546295166
"OB","2026-10-01T14:00:00.000000",17.3323192596436
"OB","2026-10-01T15:00:00.000000",17.2887954711914
"OB","2026-10-01T16:00:00.000000",17.2528991699219
"OB","2026-10-01T17:00:00.000000",17.227819442749
"OB","2026-10-01T18:00:00.000000",17.2295780181885
"OB","2026-10-01T19:00:00.000000",17.2782878875732
"OB","2026-10-01T20:00:00.000000",17.3161239624023
"OB","2026-10-01T21:00:00.000000",17.3294219970703
"OB","2026-10-01T22:00:00.000000",17.3319244384766
"OB","2026-10-01T23:00:00.000000",17.3328762054443
"OB","2026-10-02T00:00:00.000000",17.3352203369141
"OB","2026-10-02T01:00:00.000000",17.3335227966309
"OB","2026-10-02T02:00:00.000000",17.324254989624
"OB","2026-10-02T03:00:00.000000",17.2957000732422
"OB","2026-10-02T04:00:00.000000",17.2613506317139
"OB","2026-10-02T05:00:00.000000",17.2391777038574
"OB","2026-10-02T06:00:00.000000",17.2383766174316
"OB","2026-10-02T07:00:00.000000",17.2390766143799
"OB","2026-10-02T08:00:00.000000",17.2472438812256
"OB","2026-10-02T09:00:00.000000",17.2480411529541
"OB","2026-10-02T10:00:00.000000",17.2499485015869
"OB","2026-10-02T11:00:00.000000",17.2540950775146
"OB","2026-10-02T12:00:00.000000",17.2575263977051
"OB","2026-10-02T13:00:00.000000",17.2610492706299
"OB","2026-10-02T14:00:00.000000",17.2967014312744
"OB","2026-10-02T15:00:00.000000",17.3083724975586
"OB","2026-10-02T16:00:00.000000",17.2687034606934
"OB","2026-10-02T17:00:00.000000",17.2268886566162
"OB","2026-10-02T18:00:00.000000",17.204891204834
"OB","2026-10-02T19:00:00.000000",17.2188739776611
"OB","2026-10-02T20:00:00.000000",17.258602142334
"OB","2026-10-02T21:00:00.000000",17.2896404266357
"OB","2026-10-02T22:00:00.000000",17.295446395874
"OB","2026-10-02T23:00:00.000000",17.2931423187256
"OB","2026-10-03T00:00:00.000000",17.2926635742188
"OB","2026-10-03T01:00:00.000000",17.2914047241211
"OB","2026-10-03T02:00:00.000000",17.2897129058838
"OB","2026-10-03T03:00:00.000000",17.2844200134277
"OB","2026-10-03T04:00:00.000000",17.2565135955811
"OB","2026-10-03T05:00:00.000000",17.2311038970947
"OB","2026-10-03T06:00:00.000000",17.2033576965332
"OB","2026-10-03T07:00:00.000000",17.1805896759033
"OB","2026-10-03T08:00:00.000000",17.1801414489746
"OB","2026-10-03T09:00:00.000000",17.1883068084717
"OB","2026-10-03T10:00:00.000000",17.1971035003662
"OB","2026-10-03T11:00:00.000000",17.1935882568359
"OB","2026-10-03T12:00:00.000000",17.1876087188721
"OB","2026-10-03T13:00:00.000000",17.178014755249
"OB","2026-10-03T14:00:00.000000",17.1697826385498
"OB","2026-10-03T15:00:00.000000",17.1484031677246
"OB","2026-10-03T16:00:00.000000",17.1384315490723
"OB","2026-10-03T17:00:00.000000",17.1368522644043
"OB","2026-10-03T18:00:00.000000",17.1388664245605
"OB","2026-10-03T19:00:00.000000",17.1474742889404
"OB","2026-10-03T20:00:00.000000",17.1669921875
"OB","2026-10-03T21:00:00.000000",17.1902828216553
"OB","2026-10-03T22:00:00.000000",17.2024192810059
"OB","2026-10-03T23:00:00.000000",17.2067012786865
"OB","2026-10-04T00:00:00.000000",17.2089862823486
"OB","2026-10-04T01:00:00.000000",17.2121753692627
"OB","2026-10-04T02:00:00.000000",17.2173900604248
"OB","2026-10-04T03:00:00.000000",17.2203731536865
"OB","2026-10-04T04:00:00.000000",17.2207489013672
"OB","2026-10-04T05:00:00.000000",17.2186031341553
"OB","2026-10-04T06:00:00.000000",17.2135639190674
"OB","2026-10-04T07:00:00.000000",17.1851501464844
"OB","2026-10-04T08:00:00.000000",17.1719207763672
"OB","2026-10-04T09:00:00.000000",17.1744480133057
"OB","2026-10-04T10:00:00.000000",17.1866226196289
"OB","2026-10-04T11:00:00.000000",17.1931953430176
"OB","2026-10-04T12:00:00.000000",17.194751739502
"OB","2026-10-04T13:00:00.000000",17.1946830749512
"OB","2026-10-04T14:00:00.000000",17.1949443817139
"OB","2026-10-04T15:00:00.000000",17.1955242156982
"OB","2026-10-04T16:00:00.000000",17.1934623718262
"OB","2026-10-04T17:00:00.000000",17.1960945129395
"OB","2026-10-04T18:00:00.000000",17.1958026885986
"OB","2026-10-04T19:00:00.000000",17.1999588012695
"OB","2026-10-04T20:00:00.000000",17.198356628418
"OB","2026-10-04T21:00:00.000000",17.1936740875244
"OB","2026-10-04T22:00:00.000000",17.1918048858643
"OB","2026-10-04T23:00:00.000000",17.1936931610107
"OB","2026-10-05T00:00:00.000000",17.1963748931885
"OB","2026-10-05T01:00:00.000000",17.1977767944336
"OB","2026-10-05T02:00:00.000000",17.1997051239014
"OB","2026-10-05T03:00:00.000000",17.2020606994629
"OB","2026-10-05T04:00:00.000000",17.2033557891846
"OB","2026-10-05T05:00:00.000000",17.2031497955322
"OB","2026-10-05T06:00:00.000000",17.1984462738037
"OB","2026-10-05T07:00:00.000000",17.1951293945312
"OB","2026-10-05T08:00:00.000000",17.1936378479004
"OB","2026-10-05T09:00:00.000000",17.1924476623535
"OB","2026-10-05T10:00:00.000000",17.1904277801514
"OB","2026-10-05T11:00:00.000000",17.1888198852539
"OB","2026-10-05T12:00:00.000000",17.1877059936523
"OB","2026-10-05T13:00:00.000000",17.186243057251
"OB","2026-10-05T14:00:00.000000",17.1859226226807
"OB","2026-10-05T15:00:00.000000",17.1866703033447
"OB","2026-10-05T16:00:00.000000",17.1871757507324
"OB","2026-10-05T17:00:00.000000",17.1887187957764
"OB","2026-10-05T18:00:00.000000",17.1923637390137
"OB","2026-10-05T19:00:00.000000",17.200080871582
"OB","2026-10-05T20:00:00.000000",17.2155704498291
"OB","2026-10-05T21:00:00.000000",17.2378616333008
"OB","2026-10-05T22:00:00.000000",17.2311305999756
"OB","2026-10-05T23:00:00.000000",17.2205238342285
"OB","2026-10-06T00:00:00.000000",17.211576461792
"OB","2026-10-06T01:00:00.000000",17.2067966461182
"OB","2026-10-06T02:00:00.000000",17.2029876708984
"OB","2026-10-06T03:00:00.000000",17.1984424591064
"OB","2026-10-06T04:00:00.000000",17.1957740783691
"OB","2026-10-06T05:00:00.000000",17.1926670074463
"OB","2026-10-06T06:00:00.000000",17.1882667541504
"OB","2026-10-06T07:00:00.000000",17.1835155487061
"OB","2026-10-06T08:00:00.000000",17.1824684143066
"OB","2026-10-06T09:00:00.000000",17.1820201873779
"OB","2026-10-06T10:00:00.000000",17.181583404541
"OB","2026-10-06T11:00:00.000000",17.1802635192871
"OB","2026-10-06T12:00:00.000000",17.1802997589111
"OB","2026-10-06T13:00:00.000000",17.1816463470459
"OB","2026-10-06T14:00:00.000000",17.1831073760986
"OB","2026-10-06T15:00:00.000000",17.1845188140869
"OB","2026-10-06T16:00:00.000000",17.1864452362061
"OB","2026-10-06T17:00:00.000000",17.1905651092529
"OB","2026-10-06T18:00:00.000000",17.1990203857422
"OB","2026-10-06T19:00:00.000000",17.2028560638428
"OB","2026-10-06T20:00:00.000000",17.2050094604492
"OB","2026-10-06T21:00:00.000000",17.2099666595459
"OB","2026-10-06T22:00:00.000000",17.2113876342773
"OB","2026-10-06T23:00:00.000000",17.2092266082764
"OB","2026-10-07T00:00:00.000000",17.206470489502
"WC","2026-09-29T00:00:00.000000",18.8855571746826
"WC","2026-09-29T01:00:00.000000",18.8881092071533
"WC","2026-09-29T02:00:00.000000",18.8939018249512
"WC","2026-09-29T03:00:00.000000",18.8836231231689
"WC","2026-09-29T04:00:00.000000",18.8404903411865
"WC","2026-09-29T05:00:00.000000",18.7105255126953
"WC","2026-09-29T06:00:00.000000",18.5662174224854
"WC","2026-09-29T07:00:00.000000",18.4286022186279
"WC","2026-09-29T08:00:00.000000",18.259822845459
"WC","2026-09-29T09:00:00.000000",18.0813674926758
"WC","2026-09-29T10:00:00.000000",17.98219871521
"WC","2026-09-29T11:00:00.000000",18.3349800109863
"WC","2026-09-29T12:00:00.000000",18.7994785308838
"WC","2026-09-29T13:00:00.000000",18.8042678833008
"WC","2026-09-29T14:00:00.000000",18.7904624938965
"WC","2026-09-29T15:00:00.000000",18.7871265411377
"WC","2026-09-29T16:00:00.000000",18.7619113922119
"WC","2026-09-29T17:00:00.000000",18.7032318115234
"WC","2026-09-29T18:00:00.000000",18.5685176849365
"WC","2026-09-29T19:00:00.000000",18.4409236907959
"WC","2026-09-29T20:00:00.000000",18.2534408569336
"WC","2026-09-29T21:00:00.000000",18.068531036377
"WC","2026-09-29T22:00:00.000000",17.9591369628906
"WC","2026-09-29T23:00:00.000000",18.0836315155029
"WC","2026-09-30T00:00:00.000000",18.6505241394043
"WC","2026-09-30T01:00:00.000000",18.7252063751221
"WC","2026-09-30T02:00:00.000000",18.7038421630859
"WC","2026-09-30T03:00:00.000000",18.6877498626709
"WC","2026-09-30T04:00:00.000000",18.6765480041504
"WC","2026-09-30T05:00:00.000000",18.6181659698486
"WC","2026-09-30T06:00:00.000000",18.510383605957
"WC","2026-09-30T07:00:00.000000",18.3897495269775
"WC","2026-09-30T08:00:00.000000",18.266529083252
"WC","2026-09-30T09:00:00.000000",18.0985431671143
"WC","2026-09-30T10:00:00.000000",17.9643688201904
"WC","2026-09-30T11:00:00.000000",17.9118900299072
"WC","2026-09-30T12:00:00.000000",18.3405055999756
"WC","2026-09-30T13:00:00.000000",18.5529155731201
"WC","2026-09-30T14:00:00.000000",18.5379829406738
"WC","2026-09-30T15:00:00.000000",18.5297870635986
"WC","2026-09-30T16:00:00.000000",18.5269718170166
"WC","2026-09-30T17:00:00.000000",18.5068702697754
"WC","2026-09-30T18:00:00.000000",18.4500102996826
"WC","2026-09-30T19:00:00.000000",18.3194885253906
"WC","2026-09-30T20:00:00.000000",18.2194576263428
"WC","2026-09-30T21:00:00.000000",18.0400218963623
"WC","2026-09-30T22:00:00.000000",17.8716621398926
"WC","2026-09-30T23:00:00.000000",17.7735118865967
"WC","2026-10-01T00:00:00.000000",18.0040740966797
"WC","2026-10-01T01:00:00.000000",18.4196224212646
"WC","2026-10-01T02:00:00.000000",18.4655055999756
"WC","2026-10-01T03:00:00.000000",18.4596385955811
"WC","2026-10-01T04:00:00.000000",18.4517593383789
"WC","2026-10-01T05:00:00.000000",18.433723449707
"WC","2026-10-01T06:00:00.000000",18.3917236328125
"WC","2026-10-01T07:00:00.000000",18.2700500488281
"WC","2026-10-01T08:00:00.000000",18.1584949493408
"WC","2026-10-01T09:00:00.000000",18.0640506744385
"WC","2026-10-01T10:00:00.000000",17.9584655761719
"WC","2026-10-01T11:00:00.000000",17.8465175628662
"WC","2026-10-01T12:00:00.000000",17.8288803100586
"WC","2026-10-01T13:00:00.000000",18.273983001709
"WC","2026-10-01T14:00:00.000000",18.3757572174072
"WC","2026-10-01T15:00:00.000000",18.3952159881592
"WC","2026-10-01T16:00:00.000000",18.3902835845947
"WC","2026-10-01T17:00:00.000000",18.3801021575928
"WC","2026-10-01T18:00:00.000000",18.3579616546631
"WC","2026-10-01T19:00:00.000000",18.3065776824951
"WC","2026-10-01T20:00:00.000000",18.1787395477295
"WC","2026-10-01T21:00:00.000000",18.0784912109375
"WC","2026-10-01T22:00:00.000000",17.95436668396
"WC","2026-10-01T23:00:00.000000",17.8056011199951
"WC","2026-10-02T00:00:00.000000",17.7499523162842
"WC","2026-10-02T01:00:00.000000",18.0283241271973
"WC","2026-10-02T02:00:00.000000",18.3074626922607
"WC","2026-10-02T03:00:00.000000",18.373233795166
"WC","2026-10-02T04:00:00.000000",18.3704586029053
"WC","2026-10-02T05:00:00.000000",18.3698177337646
"WC","2026-10-02T06:00:00.000000",18.3639907836914
"WC","2026-10-02T07:00:00.000000",18.3355617523193
"WC","2026-10-02T08:00:00.000000",18.2093849182129
"WC","2026-10-02T09:00:00.000000",18.0941028594971
"WC","2026-10-02T10:00:00.000000",18.0230712890625
"WC","2026-10-02T11:00:00.000000",17.9182834625244
"WC","2026-10-02T12:00:00.000000",17.8352947235107
"WC","2026-10-02T13:00:00.000000",17.8896770477295
"WC","2026-10-02T14:00:00.000000",18.2231197357178
"WC","2026-10-02T15:00:00.000000",18.3763046264648
"WC","2026-10-02T16:00:00.000000",18.3918685913086
"WC","2026-10-02T17:00:00.000000",18.3759422302246
"WC","2026-10-02T18:00:00.000000",18.3662433624268
"WC","2026-10-02T19:00:00.000000",18.3592491149902
"WC","2026-10-02T20:00:00.000000",18.3587703704834
"WC","2026-10-02T21:00:00.000000",18.2310333251953
"WC","2026-10-02T22:00:00.000000",18.1345844268799
"WC","2026-10-02T23:00:00.000000",18.0509948730469
"WC","2026-10-03T00:00:00.000000",17.9585475921631
"WC","2026-10-03T01:00:00.000000",17.9310264587402
"WC","2026-10-03T02:00:00.000000",18.0850791931152
"WC","2026-10-03T03:00:00.000000",18.3022842407227
"WC","2026-10-03T04:00:00.000000",18.366455078125
"WC","2026-10-03T05:00:00.000000",18.3602657318115
"WC","2026-10-03T06:00:00.000000",18.3505992889404
"WC","2026-10-03T07:00:00.000000",18.3457527160645
"WC","2026-10-03T08:00:00.000000",18.3370475769043
"WC","2026-10-03T09:00:00.000000",18.2260131835938
"WC","2026-10-03T10:00:00.000000",18.1139793395996
"WC","2026-10-03T11:00:00.000000",18.0305480957031
"WC","2026-10-03T12:00:00.000000",17.915563583374
"WC","2026-10-03T13:00:00.000000",17.8200645446777
"WC","2026-10-03T14:00:00.000000",17.8127250671387
"WC","2026-10-03T15:00:00.000000",18.2391796112061
"WC","2026-10-03T16:00:00.000000",18.4019622802734
"WC","2026-10-03T17:00:00.000000",18.4087066650391
"WC","2026-10-03T18:00:00.000000",18.4192314147949
"WC","2026-10-03T19:00:00.000000",18.4200344085693
"WC","2026-10-03T20:00:00.000000",18.425178527832
"WC","2026-10-03T21:00:00.000000",18.3688507080078
"WC","2026-10-03T22:00:00.000000",18.2037620544434
"WC","2026-10-03T23:00:00.000000",18.0574283599854
"WC","2026-10-04T00:00:00.000000",17.8967742919922
"WC","2026-10-04T01:00:00.000000",17.7434692382812
"WC","2026-10-04T02:00:00.000000",17.6770839691162
"WC","2026-10-04T03:00:00.000000",17.8844966888428
"WC","2026-10-04T04:00:00.000000",18.2480907440186
"WC","2026-10-04T05:00:00.000000",18.3045082092285
"WC","2026-10-04T06:00:00.000000",18.3251609802246
"WC","2026-10-04T07:00:00.000000",18.3439846038818
"WC","2026-10-04T08:00:00.000000",18.3428287506104
"WC","2026-10-04T09:00:00.000000",18.3132019042969
"WC","2026-10-04T10:00:00.000000",18.1564521789551
"WC","2026-10-04T11:00:00.000000",18.0473251342773
"WC","2026-10-04T12:00:00.000000",17.9564609527588
"WC","2026-10-04T13:00:00.000000",17.8174743652344
"WC","2026-10-04T14:00:00.000000",17.7141666412354
"WC","2026-10-04T15:00:00.000000",17.7019691467285
"WC","2026-10-04T16:00:00.000000",18.1125507354736
"WC","2026-10-04T17:00:00.000000",18.3606300354004
"WC","2026-10-04T18:00:00.000000",18.3930587768555
"WC","2026-10-04T19:00:00.000000",18.4171028137207
"WC","2026-10-04T20:00:00.000000",18.4225120544434
"WC","2026-10-04T21:00:00.000000",18.421854019165
"WC","2026-10-04T22:00:00.000000",18.3731746673584
"WC","2026-10-04T23:00:00.000000",18.1779270172119
"WC","2026-10-05T00:00:00.000000",18.0891437530518
"WC","2026-10-05T01:00:00.000000",18.0175724029541
"WC","2026-10-05T02:00:00.000000",17.9183616638184
"WC","2026-10-05T03:00:00.000000",17.8735198974609
"WC","2026-10-05T04:00:00.000000",18.0201663970947
"WC","2026-10-05T05:00:00.000000",18.3147239685059
"WC","2026-10-05T06:00:00.000000",18.3802185058594
"WC","2026-10-05T07:00:00.000000",18.3999176025391
"WC","2026-10-05T08:00:00.000000",18.4099864959717
"WC","2026-10-05T09:00:00.000000",18.4105091094971
"WC","2026-10-05T10:00:00.000000",18.4112663269043
"WC","2026-10-05T11:00:00.000000",18.3055877685547
"WC","2026-10-05T12:00:00.000000",18.1828594207764
"WC","2026-10-05T13:00:00.000000",18.1057739257812
"WC","2026-10-05T14:00:00.000000",18.0274658203125
"WC","2026-10-05T15:00:00.000000",17.9355239868164
"WC","2026-10-05T16:00:00.000000",17.8962440490723
"WC","2026-10-05T17:00:00.000000",18.2031993865967
"WC","2026-10-05T18:00:00.000000",18.4998321533203
"WC","2026-10-05T19:00:00.000000",18.5609588623047
"WC","2026-10-05T20:00:00.000000",18.591833114624
"WC","2026-10-05T21:00:00.000000",18.6119346618652
"WC","2026-10-05T22:00:00.000000",18.6094207763672
"WC","2026-10-05T23:00:00.000000",18.572925567627
"WC","2026-10-06T00:00:00.000000",18.3712196350098
"WC","2026-10-06T01:00:00.000000",18.2382659912109
"WC","2026-10-06T02:00:00.000000",18.1203689575195
"WC","2026-10-06T03:00:00.000000",17.989818572998
"WC","2026-10-06T04:00:00.000000",17.9106159210205
"WC","2026-10-06T05:00:00.000000",17.9402256011963
"WC","2026-10-06T06:00:00.000000",18.3963832855225
"WC","2026-10-06T07:00:00.000000",18.5614356994629
"WC","2026-10-06T08:00:00.000000",18.5780467987061
"WC","2026-10-06T09:00:00.000000",18.5772914886475
"WC","2026-10-06T10:00:00.000000",18.5772361755371
"WC","2026-10-06T11:00:00.000000",18.5534782409668
"WC","2026-10-06T12:00:00.000000",18.4330310821533
"WC","2026-10-06T13:00:00.000000",18.2450847625732
"WC","2026-10-06T14:00:00.000000",18.1160373687744
"WC","2026-10-06T15:00:00.000000",17.9916934967041
"WC","2026-10-06T16:00:00.000000",17.882963180542
"WC","2026-10-06T17:00:00.000000",17.8463573455811
"WC","2026-10-06T18:00:00.000000",18.1918659210205
"WC","2026-10-06T19:00:00.000000",18.5453624725342
"WC","2026-10-06T20:00:00.000000",18.5685787200928
"WC","2026-10-06T21:00:00.000000",18.5791549682617
"WC","2026-10-06T22:00:00.000000",18.587516784668
"WC","2026-10-06T23:00:00.000000",18.5864162445068
"WC","2026-10-07T00:00:00.000000",18.5569667816162
"WI","2026-09-29T00:00:00.000000",19.1415615081787
"WI","2026-09-29T01:00:00.000000",19.1400127410889
"WI","2026-09-29T02:00:00.000000",19.091100692749
"WI","2026-09-29T03:00:00.000000",19.034839630127
"WI","2026-09-29T04:00:00.000000",19.0006885528564
"WI","2026-09-29T05:00:00.000000",18.9836254119873
"WI","2026-09-29T06:00:00.000000",18.9780197143555
"WI","2026-09-29T07:00:00.000000",18.9841728210449
"WI","2026-09-29T08:00:00.000000",18.972936630249
"WI","2026-09-29T09:00:00.000000",18.9612693786621
"WI","2026-09-29T10:00:00.000000",18.9447040557861
"WI","2026-09-29T11:00:00.000000",18.9668388366699
"WI","2026-09-29T12:00:00.000000",19.002965927124
"WI","2026-09-29T13:00:00.000000",19.0074214935303
"WI","2026-09-29T14:00:00.000000",18.9813652038574
"WI","2026-09-29T15:00:00.000000",18.96653175354
"WI","2026-09-29T16:00:00.000000",18.9492950439453
"WI","2026-09-29T17:00:00.000000",18.9189987182617
"WI","2026-09-29T18:00:00.000000",18.8805370330811
"WI","2026-09-29T19:00:00.000000",18.8899383544922
"WI","2026-09-29T20:00:00.000000",18.8706855773926
"WI","2026-09-29T21:00:00.000000",18.8580799102783
"WI","2026-09-29T22:00:00.000000",18.838794708252
"WI","2026-09-29T23:00:00.000000",18.8601760864258
"WI","2026-09-30T00:00:00.000000",18.8910751342773
"WI","2026-09-30T01:00:00.000000",18.90283203125
"WI","2026-09-30T02:00:00.000000",18.8859539031982
"WI","2026-09-30T03:00:00.000000",18.8650131225586
"WI","2026-09-30T04:00:00.000000",18.8379440307617
"WI","2026-09-30T05:00:00.000000",18.8091907501221
"WI","2026-09-30T06:00:00.000000",18.7542057037354
"WI","2026-09-30T07:00:00.000000",18.7574863433838
"WI","2026-09-30T08:00:00.000000",18.7506198883057
"WI","2026-09-30T09:00:00.000000",18.7332534790039
"WI","2026-09-30T10:00:00.000000",18.7137928009033
"WI","2026-09-30T11:00:00.000000",18.7176952362061
"WI","2026-09-30T12:00:00.000000",18.7463359832764
"WI","2026-09-30T13:00:00.000000",18.7511119842529
"WI","2026-09-30T14:00:00.000000",18.7467498779297
"WI","2026-09-30T15:00:00.000000",18.7476539611816
"WI","2026-09-30T16:00:00.000000",18.7296047210693
"WI","2026-09-30T17:00:00.000000",18.6999931335449
"WI","2026-09-30T18:00:00.000000",18.6682147979736
"WI","2026-09-30T19:00:00.000000",18.637357711792
"WI","2026-09-30T20:00:00.000000",18.6520690917969
"WI","2026-09-30T21:00:00.000000",18.605131149292
"WI","2026-09-30T22:00:00.000000",18.6158847808838
"WI","2026-09-30T23:00:00.000000",18.5717182159424
"WI","2026-10-01T00:00:00.000000",18.6302738189697
"WI","2026-10-01T01:00:00.000000",18.6727027893066
"WI","2026-10-01T02:00:00.000000",18.6656684875488
"WI","2026-10-01T03:00:00.000000",18.6500129699707
"WI","2026-10-01T04:00:00.000000",18.6380558013916
"WI","2026-10-01T05:00:00.000000",18.6108932495117
"WI","2026-10-01T06:00:00.000000",18.5796756744385
"WI","2026-10-01T07:00:00.000000",18.5335350036621
"WI","2026-10-01T08:00:00.000000",18.5148811340332
"WI","2026-10-01T09:00:00.000000",18.4903392791748
"WI","2026-10-01T10:00:00.000000",18.4659156799316
"WI","2026-10-01T11:00:00.000000",18.5120372772217
"WI","2026-10-01T12:00:00.000000",18.4759540557861
"WI","2026-10-01T13:00:00.000000",18.5034675598145
"WI","2026-10-01T14:00:00.000000",18.5071430206299
"WI","2026-10-01T15:00:00.000000",18.5043315887451
"WI","2026-10-01T16:00:00.000000",18.5150489807129
"WI","2026-10-01T17:00:00.000000",18.5293655395508
"WI","2026-10-01T18:00:00.000000",18.5292797088623
"WI","2026-10-01T19:00:00.000000",18.4950523376465
"WI","2026-10-01T20:00:00.000000",18.4749031066895
"WI","2026-10-01T21:00:00.000000",18.4460144042969
"WI","2026-10-01T22:00:00.000000",18.4150085449219
"WI","2026-10-01T23:00:00.000000",18.4376926422119
"WI","2026-10-02T00:00:00.000000",18.3835258483887
"WI","2026-10-02T01:00:00.000000",18.4242515563965
"WI","2026-10-02T02:00:00.000000",18.4483604431152
"WI","2026-10-02T03:00:00.000000",18.454870223999
"WI","2026-10-02T04:00:00.000000",18.4666900634766
"WI","2026-10-02T05:00:00.000000",18.4640922546387
"WI","2026-10-02T06:00:00.000000",18.479850769043
"WI","2026-10-02T07:00:00.000000",18.4756393432617
"WI","2026-10-02T08:00:00.000000",18.4622535705566
"WI","2026-10-02T09:00:00.000000",18.466064453125
"WI","2026-10-02T10:00:00.000000",18.4474411010742
"WI","2026-10-02T11:00:00.000000",18.4571628570557
"WI","2026-10-02T12:00:00.000000",18.4368572235107
"WI","2026-10-02T13:00:00.000000",18.4655609130859
"WI","2026-10-02T14:00:00.000000",18.5042114257812
"WI","2026-10-02T15:00:00.000000",18.5241775512695
"WI","2026-10-02T16:00:00.000000",18.5362319946289
"WI","2026-10-02T17:00:00.000000",18.542875289917
"WI","2026-10-02T18:00:00.000000",18.541072845459
"WI","2026-10-02T19:00:00.000000",18.5605449676514
"WI","2026-10-02T20:00:00.000000",18.5724773406982
"WI","2026-10-02T21:00:00.000000",18.5717163085938
"WI","2026-10-02T22:00:00.000000",18.5825805664062
"WI","2026-10-02T23:00:00.000000",18.5894393920898
"WI","2026-10-03T00:00:00.000000",18.5903759002686
"WI","2026-10-03T01:00:00.000000",18.5630226135254
"WI","2026-10-03T02:00:00.000000",18.5638675689697
"WI","2026-10-03T03:00:00.000000",18.5511703491211
"WI","2026-10-03T04:00:00.000000",18.5282897949219
"WI","2026-10-03T05:00:00.000000",18.5416812896729
"WI","2026-10-03T06:00:00.000000",18.5703411102295
"WI","2026-10-03T07:00:00.000000",18.636905670166
"WI","2026-10-03T08:00:00.000000",18.6641178131104
"WI","2026-10-03T09:00:00.000000",18.6462154388428
"WI","2026-10-03T10:00:00.000000",18.5277919769287
"WI","2026-10-03T11:00:00.000000",18.4615097045898
"WI","2026-10-03T12:00:00.000000",18.5460014343262
"WI","2026-10-03T13:00:00.000000",18.5965442657471
"WI","2026-10-03T14:00:00.000000",18.4442272186279
"WI","2026-10-03T15:00:00.000000",18.5352592468262
"WI","2026-10-03T16:00:00.000000",18.5732841491699
"WI","2026-10-03T17:00:00.000000",18.5867671966553
"WI","2026-10-03T18:00:00.000000",18.5804576873779
"WI","2026-10-03T19:00:00.000000",18.6100807189941
"WI","2026-10-03T20:00:00.000000",18.6567821502686
"WI","2026-10-03T21:00:00.000000",18.6746692657471
"WI","2026-10-03T22:00:00.000000",18.6776027679443
"WI","2026-10-03T23:00:00.000000",18.6640644073486
"WI","2026-10-04T00:00:00.000000",18.6725082397461
"WI","2026-10-04T01:00:00.000000",18.6371612548828
"WI","2026-10-04T02:00:00.000000",18.5461883544922
"WI","2026-10-04T03:00:00.000000",18.4853763580322
"WI","2026-10-04T04:00:00.000000",18.4908638000488
"WI","2026-10-04T05:00:00.000000",18.5163745880127
"WI","2026-10-04T06:00:00.000000",18.5145854949951
"WI","2026-10-04T07:00:00.000000",18.5692768096924
"WI","2026-10-04T08:00:00.000000",18.6122798919678
"WI","2026-10-04T09:00:00.000000",18.590784072876
"WI","2026-10-04T10:00:00.000000",18.559741973877
"WI","2026-10-04T11:00:00.000000",18.5577087402344
"WI","2026-10-04T12:00:00.000000",18.5468597412109
"WI","2026-10-04T13:00:00.000000",18.5618495941162
"WI","2026-10-04T14:00:00.000000",18.5494747161865
"WI","2026-10-04T15:00:00.000000",18.5604782104492
"WI","2026-10-04T16:00:00.000000",18.5411415100098
"WI","2026-10-04T17:00:00.000000",18.560474395752
"WI","2026-10-04T18:00:00.000000",18.5860118865967
"WI","2026-10-04T19:00:00.000000",18.5961284637451
"WI","2026-10-04T20:00:00.000000",18.6004676818848
"WI","2026-10-04T21:00:00.000000",18.6006450653076
"WI","2026-10-04T22:00:00.000000",18.5872859954834
"WI","2026-10-04T23:00:00.000000",18.5846843719482
"WI","2026-10-05T00:00:00.000000",18.5857009887695
"WI","2026-10-05T01:00:00.000000",18.5956439971924
"WI","2026-10-05T02:00:00.000000",18.605001449585
"WI","2026-10-05T03:00:00.000000",18.6016139984131
"WI","2026-10-05T04:00:00.000000",18.5418167114258
"WI","2026-10-05T05:00:00.000000",18.5036392211914
"WI","2026-10-05T06:00:00.000000",18.5183277130127
"WI","2026-10-05T07:00:00.000000",18.5262813568115
"WI","2026-10-05T08:00:00.000000",18.5567779541016
"WI","2026-10-05T09:00:00.000000",18.6140880584717
"WI","2026-10-05T10:00:00.000000",18.6149959564209
"WI","2026-10-05T11:00:00.000000",18.575475692749
"WI","2026-10-05T12:00:00.000000",18.5632953643799
"WI","2026-10-05T13:00:00.000000",18.5451126098633
"WI","2026-10-05T14:00:00.000000",18.5541400909424
"WI","2026-10-05T15:00:00.000000",18.5730953216553
"WI","2026-10-05T16:00:00.000000",18.5068836212158
"WI","2026-10-05T17:00:00.000000",18.5468616485596
"WI","2026-10-05T18:00:00.000000",18.6194286346436
"WI","2026-10-05T19:00:00.000000",18.6557750701904
"WI","2026-10-05T20:00:00.000000",18.6395053863525
"WI","2026-10-05T21:00:00.000000",18.633394241333
"WI","2026-10-05T22:00:00.000000",18.6662979125977
"WI","2026-10-05T23:00:00.000000",18.6387557983398
"WI","2026-10-06T00:00:00.000000",18.6067676544189
"WI","2026-10-06T01:00:00.000000",18.584379196167
"WI","2026-10-06T02:00:00.000000",18.554012298584
"WI","2026-10-06T03:00:00.000000",18.569995880127
"WI","2026-10-06T04:00:00.000000",18.4754467010498
"WI","2026-10-06T05:00:00.000000",18.5079250335693
"WI","2026-10-06T06:00:00.000000",18.5934314727783
"WI","2026-10-06T07:00:00.000000",18.594575881958
"WI","2026-10-06T08:00:00.000000",18.5654354095459
"WI","2026-10-06T09:00:00.000000",18.5211601257324
"WI","2026-10-06T10:00:00.000000",18.5121631622314
"WI","2026-10-06T11:00:00.000000",18.5218124389648
"WI","2026-10-06T12:00:00.000000",18.525089263916
"WI","2026-10-06T13:00:00.000000",18.4415225982666
"WI","2026-10-06T14:00:00.000000",18.3694286346436
"WI","2026-10-06T15:00:00.000000",18.4687461853027
"WI","2026-10-06T16:00:00.000000",18.449821472168
"WI","2026-10-06T17:00:00.000000",18.4556903839111
"WI","2026-10-06T18:00:00.000000",18.5777683258057
"WI","2026-10-06T19:00:00.000000",18.5975666046143
"WI","2026-10-06T20:00:00.000000",18.6013774871826
"WI","2026-10-06T21:00:00.000000",18.598030090332
"WI","2026-10-06T22:00:00.000000",18.5766010284424
"WI","2026-10-06T23:00:00.000000",18.5765171051025
"WI","2026-10-07T00:00:00.000000",18.5859146118164
