"site_id","time","temp"
"AQ","2026-10-02T00:00:00.000000",15.5888433456421
"AQ","2026-10-02T01:00:00.000000",15.5877265930176
"AQ","2026-10-02T02:00:00.000000",15.5805101394653
"AQ","2026-10-02T03:00:00.000000",15.5643672943115
"AQ","2026-10-02T04:00:00.000000",15.5362186431885
"AQ","2026-10-02T05:00:00.000000",15.5042896270752
"AQ","2026-10-02T06:00:00.000000",15.4755220413208
"AQ","2026-10-02T07:00:00.000000",15.4607515335083
"AQ","2026-10-02T08:00:00.000000",15.453800201416
"AQ","2026-10-02T09:00:00.000000",15.4549655914307
"AQ","2026-10-02T10:00:00.000000",15.4569282531738
"AQ","2026-10-02T11:00:00.000000",15.4569530487061
"AQ","2026-10-02T12:00:00.000000",15.4575414657593
"AQ","2026-10-02T13:00:00.000000",15.4621467590332
"AQ","2026-10-02T14:00:00.000000",15.477391242981
"AQ","2026-10-02T15:00:00.000000",15.489070892334
"AQ","2026-10-02T16:00:00.000000",15.4884157180786
"AQ","2026-10-02T17:00:00.000000",15.4661464691162
"AQ","2026-10-02T18:00:00.000000",15.4421710968018
"AQ","2026-10-02T19:00:00.000000",15.4258089065552
"AQ","2026-10-02T20:00:00.000000",15.4162492752075
"AQ","2026-10-02T21:00:00.000000",15.4140567779541
"AQ","2026-10-02T22:00:00.000000",15.4144792556763
"AQ","2026-10-02T23:00:00.000000",15.4155597686768
"AQ","2026-10-03T00:00:00.000000",15.4179239273071
"AQ","2026-10-03T01:00:00.000000",15.4201955795288
"AQ","2026-10-03T02:00:00.000000",15.427191734314
"AQ","2026-10-03T03:00:00.000000",15.4492511749268
"AQ","2026-10-03T04:00:00.000000",15.45924949646
"AQ","2026-10-03T05:00:00.000000",15.4485998153687
"AQ","2026-10-03T06:00:00.000000",15.4310178756714
"AQ","2026-10-03T07:00:00.000000",15.4171943664551
"AQ","2026-10-03T08:00:00.000000",15.4077339172363
"AQ","2026-10-03T09:00:00.000000",15.4032888412476
"AQ","2026-10-03T10:00:00.000000",15.4053916931152
"AQ","2026-10-03T11:00:00.000000",15.4079971313477
"AQ","2026-10-03T12:00:00.000000",15.4112501144409
"AQ","2026-10-03T13:00:00.000000",15.4184103012085
"AQ","2026-10-03T14:00:00.000000",15.4271106719971
"AQ","2026-10-03T15:00:00.000000",15.4406337738037
"AQ","2026-10-03T16:00:00.000000",15.4576053619385
"AQ","2026-10-03T17:00:00.000000",15.4667301177979
"AQ","2026-10-03T18:00:00.000000",15.4614515304565
"AQ","2026-10-03T19:00:00.000000",15.4532461166382
"AQ","2026-10-03T20:00:00.000000",15.4474287033081
"AQ","2026-10-03T21:00:00.000000",15.4455881118774
"AQ","2026-10-03T22:00:00.000000",15.4512691497803
"AQ","2026-10-03T23:00:00.000000",15.4643077850342
"AQ","2026-10-04T00:00:00.000000",15.4913005828857
"AQ","2026-10-04T01:00:00.000000",15.5073013305664
"AQ","2026-10-04T02:00:00.000000",15.5100021362305
"AQ","2026-10-04T03:00:00.000000",15.5097713470459
"AQ","2026-10-04T04:00:00.000000",15.5157432556152
"AQ","2026-10-04T05:00:00.000000",15.5241403579712
"AQ","2026-10-04T06:00:00.000000",15.5175466537476
"AQ","2026-10-04T07:00:00.000000",15.5061731338501
"AQ","2026-10-04T08:00:00.000000",15.500096321106
"AQ","2026-10-04T09:00:00.000000",15.4961290359497
"AQ","2026-10-04T10:00:00.000000",15.4957284927368
"AQ","2026-10-04T11:00:00.000000",15.500846862793
"AQ","2026-10-04T12:00:00.000000",15.5107049942017
"AQ","2026-10-04T13:00:00.000000",15.5240268707275
"AQ","2026-10-04T14:00:00.000000",15.5442733764648
"AQ","2026-10-04T15:00:00.000000",15.5536489486694
"AQ","2026-10-04T16:00:00.000000",15.5597105026245
"AQ","2026-10-04T17:00:00.000000",15.5713300704956
"AQ","2026-10-04T18:00:00.000000",15.5865039825439
"AQ","2026-10-04T19:00:00.000000",15.5890827178955
"AQ","2026-10-04T20:00:00.000000",15.5885648727417
"AQ","2026-10-04T21:00:00.000000",15.5883636474609
"AQ","2026-10-04T22:00:00.000000",15.5910730361938
"AQ","2026-10-04T23:00:00.000000",15.6024446487427
"AQ","2026-10-05T00:00:00.000000",15.6294174194336
"AQ","2026-10-05T01:00:00.000000",15.658486366272
"AQ","2026-10-05T02:00:00.000000",15.671028137207
"AQ","2026-10-05T03:00:00.000000",15.6756534576416
"AQ","2026-10-05T04:00:00.000000",15.6749877929688
"AQ","2026-10-05T05:00:00.000000",15.6755266189575
"AQ","2026-10-05T06:00:00.000000",15.6788635253906
"AQ","2026-10-05T07:00:00.000000",15.6778545379639
"AQ","2026-10-05T08:00:00.000000",15.6666946411133
"AQ","2026-10-05T09:00:00.000000",15.658016204834
"AQ","2026-10-05T10:00:00.000000",15.6542444229126
"AQ","2026-10-05T11:00:00.000000",15.655216217041
"AQ","2026-10-05T12:00:00.000000",15.6578617095947
"AQ","2026-10-05T13:00:00.000000",15.6611747741699
"AQ","2026-10-05T14:00:00.000000",15.6624031066895
"AQ","2026-10-05T15:00:00.000000",15.6622438430786
"AQ","2026-10-05T16:00:00.000000",15.6612453460693
"AQ","2026-10-05T17:00:00.000000",15.6632261276245
"AQ","2026-10-05T18:00:00.000000",15.6736745834351
"AQ","2026-10-05T19:00:00.000000",15.6758594512939
"AQ","2026-10-05T20:00:00.000000",15.6608610153198
"AQ","2026-10-05T21:00:00.000000",15.6340293884277
"AQ","2026-10-05T22:00:00.000000",15.6051177978516
"AQ","2026-10-05T23:00:00.000000",15.579047203064
"AQ","2026-10-06T00:00:00.000000",15.5594320297241
"AQ","2026-10-06T01:00:00.000000",15.5451192855835
"AQ","2026-10-06T02:00:00.000000",15.5300893783569
"AQ","2026-10-06T03:00:00.000000",15.520092010498
"AQ","2026-10-06T04:00:00.000000",15.5140628814697
"AQ","2026-10-06T05:00:00.000000",15.5118227005005
"AQ","2026-10-06T06:00:00.000000",15.5158700942993
"AQ","2026-10-06T07:00:00.000000",15.5202579498291
"AQ","2026-10-06T08:00:00.000000",15.5037631988525
"AQ","2026-10-06T09:00:00.000000",15.4485397338867
"AQ","2026-10-06T10:00:00.000000",15.3987922668457
"AQ","2026-10-06T11:00:00.000000",15.3552799224854
"AQ","2026-10-06T12:00:00.000000",15.3205986022949
"AQ","2026-10-06T13:00:00.000000",15.2946310043335
"AQ","2026-10-06T14:00:00.000000",15.2805690765381
"AQ","2026-10-06T15:00:00.000000",15.285548210144
"AQ","2026-10-06T16:00:00.000000",15.3092880249023
"AQ","2026-10-06T17:00:00.000000",15.3579349517822
"AQ","2026-10-06T18:00:00.000000",15.4059791564941
"AQ","2026-10-06T19:00:00.000000",15.4457864761353
"AQ","2026-10-06T20:00:00.000000",15.4353075027466
"AQ","2026-10-06T21:00:00.000000",15.3667974472046
"AQ","2026-10-06T22:00:00.000000",15.2830581665039
"AQ","2026-10-06T23:00:00.000000",15.2277984619141
"AQ","2026-10-07T00:00:00.000000",15.1890773773193
"AQ","2026-10-07T01:00:00.000000",15.1634359359741
"AQ","2026-10-07T02:00:00.000000",15.1510314941406
"AQ","2026-10-07T03:00:00.000000",15.1427974700928
"AQ","2026-10-07T04:00:00.000000",15.1384439468384
"AQ","2026-10-07T05:00:00.000000",15.1360769271851
"AQ","2026-10-07T06:00:00.000000",15.1398277282715
"AQ","2026-10-07T07:00:00.000000",15.1593542098999
"AQ","2026-10-07T08:00:00.000000",15.1754388809204
"AQ","2026-10-07T09:00:00.000000",15.1519374847412
"AQ","2026-10-07T10:00:00.000000",15.1203708648682
"AQ","2026-10-07T11:00:00.000000",15.0852489471436
"AQ","2026-10-07T12:00:00.000000",15.0625810623169
"AQ","2026-10-07T13:00:00.000000",15.0501585006714
"AQ","2026-10-07T14:00:00.000000",15.0510416030884
"AQ","2026-10-07T15:00:00.000000",15.0648231506348
"AQ","2026-10-07T16:00:00.000000",15.0788307189941
"AQ","2026-10-07T17:00:00.000000",15.0896167755127
"AQ","2026-10-07T18:00:00.000000",15.0942296981812
"AQ","2026-10-07T19:00:00.000000",15.1059484481812
"AQ","2026-10-07T20:00:00.000000",15.1155567169189
"AQ","2026-10-07T21:00:00.000000",15.1079454421997
"AQ","2026-10-07T22:00:00.000000",15.0678663253784
"AQ","2026-10-07T23:00:00.000000",15.034104347229
"AQ","2026-10-08T00:00:00.000000",15.0165786743164
"AQ","2026-10-08T01:00:00.000000",15.0079030990601
"AQ","2026-10-08T02:00:00.000000",15.0042390823364
"AQ","2026-10-08T03:00:00.000000",15.004467010498
"AQ","2026-10-08T04:00:00.000000",15.0058689117432
"AQ","2026-10-08T05:00:00.000000",15.0078144073486
"AQ","2026-10-08T06:00:00.000000",15.0116624832153
"AQ","2026-10-08T07:00:00.000000",15.0223808288574
"AQ","2026-10-08T08:00:00.000000",15.0613613128662
"AQ","2026-10-08T09:00:00.000000",15.1014356613159
"AQ","2026-10-08T10:00:00.000000",15.0922241210938
"AQ","2026-10-08T11:00:00.000000",15.0460624694824
"AQ","2026-10-08T12:00:00.000000",15.0073547363281
"AQ","2026-10-08T13:00:00.000000",14.9923906326294
"AQ","2026-10-08T14:00:00.000000",14.9881782531738
"AQ","2026-10-08T15:00:00.000000",14.9882783889771
"AQ","2026-10-08T16:00:00.000000",14.9884204864502
"AQ","2026-10-08T17:00:00.000000",14.9916086196899
"AQ","2026-10-08T18:00:00.000000",15.0010433197021
"AQ","2026-10-08T19:00:00.000000",15.0071487426758
"AQ","2026-10-08T20:00:00.000000",15.0090646743774
"AQ","2026-10-08T21:00:00.000000",15.0348443984985
"AQ","2026-10-08T22:00:00.000000",15.0612802505493
"AQ","2026-10-08T23:00:00.000000",15.0335206985474
"AQ","2026-10-09T00:00:00.000000",14.9910917282104
"AQ","2026-10-09T01:00:00.000000",14.9647932052612
"AQ","2026-10-09T02:00:00.000000",14.951021194458
"AQ","2026-10-09T03:00:00.000000",14.9462671279907
"AQ","2026-10-09T04:00:00.000000",14.9451713562012
"AQ","2026-10-09T05:00:00.000000",14.9538908004761
"AQ","2026-10-09T06:00:00.000000",14.9757118225098
"AQ","2026-10-09T07:00:00.000000",14.9937705993652
"AQ","2026-10-09T08:00:00.000000",14.9966793060303
"AQ","2026-10-09T09:00:00.000000",14.9951229095459
"AQ","2026-10-09T10:00:00.000000",15.0019292831421
"AQ","2026-10-09T11:00:00.000000",14.9937763214111
"AQ","2026-10-09T12:00:00.000000",14.9571218490601
"AQ","2026-10-09T13:00:00.000000",14.9213075637817
"AQ","2026-10-09T14:00:00.000000",14.9059648513794
"AQ","2026-10-09T15:00:00.000000",14.9041471481323
"AQ","2026-10-09T16:00:00.000000",14.9100961685181
"AQ","2026-10-09T17:00:00.000000",14.9223985671997
"AQ","2026-10-09T18:00:00.000000",14.9401197433472
"AQ","2026-10-09T19:00:00.000000",14.9603605270386
"AQ","2026-10-09T20:00:00.000000",14.9717426300049
"AQ","2026-10-09T21:00:00.000000",14.9733514785767
"AQ","2026-10-09T22:00:00.000000",14.997015953064
"AQ","2026-10-09T23:00:00.000000",15.0093879699707
"AQ","2026-10-10T00:00:00.000000",14.9766330718994
"CB","2026-10-02T00:00:00.000000",15.3875961303711
"CB","2026-10-02T01:00:00.000000",15.3934106826782
"CB","2026-10-02T02:00:00.000000",15.3947496414185
"CB","2026-10-02T03:00:00.000000",15.4001407623291
"CB","2026-10-02T04:00:00.000000",15.3968648910522
"CB","2026-10-02T05:00:00.000000",15.3856725692749
"CB","2026-10-02T06:00:00.000000",15.3745079040527
"CB","2026-10-02T07:00:00.000000",15.3673858642578
"CB","2026-10-02T08:00:00.000000",15.3632202148438
"CB","2026-10-02T09:00:00.000000",15.3610010147095
"CB","2026-10-02T10:00:00.000000",15.3585662841797
"CB","2026-10-02T11:00:00.000000",15.3554754257202
"CB","2026-10-02T12:00:00.000000",15.3582582473755
"CB","2026-10-02T13:00:00.000000",15.3652048110962
"CB","2026-10-02T14:00:00.000000",15.3601608276367
"CB","2026-10-02T15:00:00.000000",15.3502750396729
"CB","2026-10-02T16:00:00.000000",15.3362903594971
"CB","2026-10-02T17:00:00.000000",15.3119201660156
"CB","2026-10-02T18:00:00.000000",15.2888069152832
"CB","2026-10-02T19:00:00.000000",15.2643728256226
"CB","2026-10-02T20:00:00.000000",15.2437810897827
"CB","2026-10-02T21:00:00.000000",15.2330121994019
"CB","2026-10-02T22:00:00.000000",15.230429649353
"CB","2026-10-02T23:00:00.000000",15.2297954559326
"CB","2026-10-03T00:00:00.000000",15.236382484436
"CB","2026-10-03T01:00:00.000000",15.2718124389648
"CB","2026-10-03T02:00:00.000000",15.285364151001
"CB","2026-10-03T03:00:00.000000",15.3036842346191
"CB","2026-10-03T04:00:00.000000",15.3298234939575
"CB","2026-10-03T05:00:00.000000",15.3587741851807
"CB","2026-10-03T06:00:00.000000",15.3639898300171
"CB","2026-10-03T07:00:00.000000",15.374792098999
"CB","2026-10-03T08:00:00.000000",15.3810691833496
"CB","2026-10-03T09:00:00.000000",15.3853597640991
"CB","2026-10-03T10:00:00.000000",15.4058856964111
"CB","2026-10-03T11:00:00.000000",15.4371042251587
"CB","2026-10-03T12:00:00.000000",15.4663162231445
"CB","2026-10-03T13:00:00.000000",15.5042734146118
"CB","2026-10-03T14:00:00.000000",15.5235643386841
"CB","2026-10-03T15:00:00.000000",15.5287628173828
"CB","2026-10-03T16:00:00.000000",15.5420904159546
"CB","2026-10-03T17:00:00.000000",15.5622186660767
"CB","2026-10-03T18:00:00.000000",15.5721101760864
"CB","2026-10-03T19:00:00.000000",15.5640115737915
"CB","2026-10-03T20:00:00.000000",15.545464515686
"CB","2026-10-03T21:00:00.000000",15.5350980758667
"CB","2026-10-03T22:00:00.000000",15.5283203125
"CB","2026-10-03T23:00:00.000000",15.5220499038696
"CB","2026-10-04T00:00:00.000000",15.5214033126831
"CB","2026-10-04T01:00:00.000000",15.5336227416992
"CB","2026-10-04T02:00:00.000000",15.5870723724365
"CB","2026-10-04T03:00:00.000000",15.5934448242188
"CB","2026-10-04T04:00:00.000000",15.5626573562622
"CB","2026-10-04T05:00:00.000000",15.5359153747559
"CB","2026-10-04T06:00:00.000000",15.4957418441772
"CB","2026-10-04T07:00:00.000000",15.4591884613037
"CB","2026-10-04T08:00:00.000000",15.4535531997681
"CB","2026-10-04T09:00:00.000000",15.4588651657104
"CB","2026-10-04T10:00:00.000000",15.4675312042236
"CB","2026-10-04T11:00:00.000000",15.4776468276978
"CB","2026-10-04T12:00:00.000000",15.4905481338501
"CB","2026-10-04T13:00:00.000000",15.5028047561646
"CB","2026-10-04T14:00:00.000000",15.5187578201294
"CB","2026-10-04T15:00:00.000000",15.5312576293945
"CB","2026-10-04T16:00:00.000000",15.535210609436
"CB","2026-10-04T17:00:00.000000",15.5072822570801
"CB","2026-10-04T18:00:00.000000",15.4300985336304
"CB","2026-10-04T19:00:00.000000",15.3426647186279
"CB","2026-10-04T20:00:00.000000",15.2865219116211
"CB","2026-10-04T21:00:00.000000",15.2408866882324
"CB","2026-10-04T22:00:00.000000",15.20703125
"CB","2026-10-04T23:00:00.000000",15.1866102218628
"CB","2026-10-05T00:00:00.000000",15.1751232147217
"CB","2026-10-05T01:00:00.000000",15.1682443618774
"CB","2026-10-05T02:00:00.000000",15.1649074554443
"CB","2026-10-05T03:00:00.000000",15.1653900146484
"CB","2026-10-05T04:00:00.000000",15.1659126281738
"CB","2026-10-05T05:00:00.000000",15.1492528915405
"CB","2026-10-05T06:00:00.000000",15.1059989929199
"CB","2026-10-05T07:00:00.000000",15.0754852294922
"CB","2026-10-05T08:00:00.000000",15.054388999939
"CB","2026-10-05T09:00:00.000000",15.0574083328247
"CB","2026-10-05T10:00:00.000000",15.0672769546509
"CB","2026-10-05T11:00:00.000000",15.0880918502808
"CB","2026-10-05T12:00:00.000000",15.1298789978027
"CB","2026-10-05T13:00:00.000000",15.179310798645
"CB","2026-10-05T14:00:00.000000",15.1984586715698
"CB","2026-10-05T15:00:00.000000",15.2126684188843
"CB","2026-10-05T16:00:00.000000",15.220721244812
"CB","2026-10-05T17:00:00.000000",15.2327222824097
"CB","2026-10-05T18:00:00.000000",15.2553720474243
"CB","2026-10-05T19:00:00.000000",15.2757158279419
"CB","2026-10-05T20:00:00.000000",15.3006782531738
"CB","2026-10-05T21:00:00.000000",15.3250160217285
"CB","2026-10-05T22:00:00.000000",15.3468866348267
"CB","2026-10-05T23:00:00.000000",15.3727035522461
"CB","2026-10-06T00:00:00.000000",15.3938655853271
"CB","2026-10-06T01:00:00.000000",15.4180841445923
"CB","2026-10-06T02:00:00.000000",15.429817199707
"CB","2026-10-06T03:00:00.000000",15.4375619888306
"CB","2026-10-06T04:00:00.000000",15.4527893066406
"CB","2026-10-06T05:00:00.000000",15.4908618927002
"CB","2026-10-06T06:00:00.000000",15.5024785995483
"CB","2026-10-06T07:00:00.000000",15.4644012451172
"CB","2026-10-06T08:00:00.000000",15.4183511734009
"CB","2026-10-06T09:00:00.000000",15.3883333206177
"CB","2026-10-06T10:00:00.000000",15.369776725769
"CB","2026-10-06T11:00:00.000000",15.3569822311401
"CB","2026-10-06T12:00:00.000000",15.3392953872681
"CB","2026-10-06T13:00:00.000000",15.3284826278687
"CB","2026-10-06T14:00:00.000000",15.3349494934082
"CB","2026-10-06T15:00:00.000000",15.3620338439941
"CB","2026-10-06T16:00:00.000000",15.3972997665405
"CB","2026-10-06T17:00:00.000000",15.4338216781616
"CB","2026-10-06T18:00:00.000000",15.4498357772827
"CB","2026-10-06T19:00:00.000000",15.4333934783936
"CB","2026-10-06T20:00:00.000000",15.3256063461304
"CB","2026-10-06T21:00:00.000000",15.2790241241455
"CB","2026-10-06T22:00:00.000000",15.2605676651001
"CB","2026-10-06T23:00:00.000000",15.2547721862793
"CB","2026-10-07T00:00:00.000000",15.2529649734497
"CB","2026-10-07T01:00:00.000000",15.2511157989502
"CB","2026-10-07T02:00:00.000000",15.2481126785278
"CB","2026-10-07T03:00:00.000000",15.2454147338867
"CB","2026-10-07T04:00:00.000000",15.2476539611816
"CB","2026-10-07T05:00:00.000000",15.2654523849487
"CB","2026-10-07T06:00:00.000000",15.3124237060547
"CB","2026-10-07T07:00:00.000000",15.3228158950806
"CB","2026-10-07T08:00:00.000000",15.3164901733398
"CB","2026-10-07T09:00:00.000000",15.2711753845215
"CB","2026-10-07T10:00:00.000000",15.2315702438354
"CB","2026-10-07T11:00:00.000000",15.2100534439087
"CB","2026-10-07T12:00:00.000000",15.2038869857788
"CB","2026-10-07T13:00:00.000000",15.2035789489746
"CB","2026-10-07T14:00:00.000000",15.211254119873
"CB","2026-10-07T15:00:00.000000",15.2295160293579
"CB","2026-10-07T16:00:00.000000",15.2510623931885
"CB","2026-10-07T17:00:00.000000",15.270320892334
"CB","2026-10-07T18:00:00.000000",15.3229379653931
"CB","2026-10-07T19:00:00.000000",15.3489980697632
"CB","2026-10-07T20:00:00.000000",15.3382740020752
"CB","2026-10-07T21:00:00.000000",15.2228517532349
"CB","2026-10-07T22:00:00.000000",15.0574855804443
"CB","2026-10-07T23:00:00.000000",14.9065971374512
"CB","2026-10-08T00:00:00.000000",14.7859716415405
"CB","2026-10-08T01:00:00.000000",14.6942768096924
"CB","2026-10-08T02:00:00.000000",14.6397390365601
"CB","2026-10-08T03:00:00.000000",14.6125459671021
"CB","2026-10-08T04:00:00.000000",14.5974063873291
"CB","2026-10-08T05:00:00.000000",14.6107292175293
"CB","2026-10-08T06:00:00.000000",14.8248062133789
"CB","2026-10-08T07:00:00.000000",14.9348955154419
"CB","2026-10-08T08:00:00.000000",14.8365049362183
"CB","2026-10-08T09:00:00.000000",14.7390918731689
"CB","2026-10-08T10:00:00.000000",14.6345911026001
"CB","2026-10-08T11:00:00.000000",14.53688621521
"CB","2026-10-08T12:00:00.000000",14.4606761932373
"CB","2026-10-08T13:00:00.000000",14.4001159667969
"CB","2026-10-08T14:00:00.000000",14.3515920639038
"CB","2026-10-08T15:00:00.000000",14.3138666152954
"CB","2026-10-08T16:00:00.000000",14.2828702926636
"CB","2026-10-08T17:00:00.000000",14.2505235671997
"CB","2026-10-08T18:00:00.000000",14.2573022842407
"CB","2026-10-08T19:00:00.000000",14.3532123565674
"CB","2026-10-08T20:00:00.000000",14.3308410644531
"CB","2026-10-08T21:00:00.000000",14.2238807678223
"CB","2026-10-08T22:00:00.000000",14.102276802063
"CB","2026-10-08T23:00:00.000000",13.9761934280396
"CB","2026-10-09T00:00:00.000000",13.8593997955322
"CB","2026-10-09T01:00:00.000000",13.7725496292114
"CB","2026-10-09T02:00:00.000000",13.7202234268188
"CB","2026-10-09T03:00:00.000000",13.7135572433472
"CB","2026-10-09T04:00:00.000000",13.7208013534546
"CB","2026-10-09T05:00:00.000000",13.7255802154541
"CB","2026-10-09T06:00:00.000000",13.7529277801514
"CB","2026-10-09T07:00:00.000000",13.8600702285767
"CB","2026-10-09T08:00:00.000000",13.9117078781128
"CB","2026-10-09T09:00:00.000000",13.9436874389648
"CB","2026-10-09T10:00:00.000000",14.0232601165771
"CB","2026-10-09T11:00:00.000000",14.1181020736694
"CB","2026-10-09T12:00:00.000000",14.1481599807739
"CB","2026-10-09T13:00:00.000000",14.1788835525513
"CB","2026-10-09T14:00:00.000000",14.2220125198364
"CB","2026-10-09T15:00:00.000000",14.2699375152588
"CB","2026-10-09T16:00:00.000000",14.3219470977783
"CB","2026-10-09T17:00:00.000000",14.3742980957031
"CB","2026-10-09T18:00:00.000000",14.4173374176025
"CB","2026-10-09T19:00:00.000000",14.4945344924927
"CB","2026-10-09T20:00:00.000000",14.5718059539795
"CB","2026-10-09T21:00:00.000000",14.5803442001343
"CB","2026-10-09T22:00:00.000000",14.6207246780396
"CB","2026-10-09T23:00:00.000000",14.6566743850708
"CB","2026-10-10T00:00:00.000000",14.6330041885376
"CI","2026-10-02T00:00:00.000000",16.0061836242676
"CI","2026-10-02T01:00:00.000000",15.9772939682007
"CI","2026-10-02T02:00:00.000000",15.9897994995117
"CI","2026-10-02T03:00:00.000000",16.0279960632324
"CI","2026-10-02T04:00:00.000000",16.0883674621582
"CI","2026-10-02T05:00:00.000000",16.1980857849121
"CI","2026-10-02T06:00:00.000000",16.2636299133301
"CI","2026-10-02T07:00:00.000000",16.2849311828613
"CI","2026-10-02T08:00:00.000000",16.2823066711426
"CI","2026-10-02T09:00:00.000000",16.2126350402832
"CI","2026-10-02T10:00:00.000000",16.1268043518066
"CI","2026-10-02T11:00:00.000000",16.0685329437256
"CI","2026-10-02T12:00:00.000000",16.0427551269531
"CI","2026-10-02T13:00:00.000000",16.0206317901611
"CI","2026-10-02T14:00:00.000000",16.0262718200684
"CI","2026-10-02T15:00:00.000000",16.0961322784424
"CI","2026-10-02T16:00:00.000000",16.1713104248047
"CI","2026-10-02T17:00:00.000000",16.2536067962646
"CI","2026-10-02T18:00:00.000000",16.2937850952148
"CI","2026-10-02T19:00:00.000000",16.3138618469238
"CI","2026-10-02T20:00:00.000000",16.3202838897705
"CI","2026-10-02T21:00:00.000000",16.2924861907959
"CI","2026-10-02T22:00:00.000000",16.2320861816406
"CI","2026-10-02T23:00:00.000000",16.1869430541992
"CI","2026-10-03T00:00:00.000000",16.1426792144775
"CI","2026-10-03T01:00:00.000000",16.1034736633301
"CI","2026-10-03T02:00:00.000000",16.0101089477539
"CI","2026-10-03T03:00:00.000000",15.9359674453735
"CI","2026-10-03T04:00:00.000000",16.1062297821045
"CI","2026-10-03T05:00:00.000000",16.1764392852783
"CI","2026-10-03T06:00:00.000000",16.2007732391357
"CI","2026-10-03T07:00:00.000000",16.2235336303711
"CI","2026-10-03T08:00:00.000000",16.2379970550537
"CI","2026-10-03T09:00:00.000000",16.2462921142578
"CI","2026-10-03T10:00:00.000000",16.2070388793945
"CI","2026-10-03T11:00:00.000000",16.1530323028564
"CI","2026-10-03T12:00:00.000000",16.1232109069824
"CI","2026-10-03T13:00:00.000000",16.1001605987549
"CI","2026-10-03T14:00:00.000000",16.0860328674316
"CI","2026-10-03T15:00:00.000000",16.0888271331787
"CI","2026-10-03T16:00:00.000000",16.17751121521
"CI","2026-10-03T17:00:00.000000",16.251091003418
"CI","2026-10-03T18:00:00.000000",16.3337059020996
"CI","2026-10-03T19:00:00.000000",16.3925514221191
"CI","2026-10-03T20:00:00.000000",16.4251842498779
"CI","2026-10-03T21:00:00.000000",16.433557510376
"CI","2026-10-03T22:00:00.000000",16.4058742523193
"CI","2026-10-03T23:00:00.000000",16.3391246795654
"CI","2026-10-04T00:00:00.000000",16.2976112365723
"CI","2026-10-04T01:00:00.000000",16.2558574676514
"CI","2026-10-04T02:00:00.000000",16.2332630157471
"CI","2026-10-04T03:00:00.000000",16.2102298736572
"CI","2026-10-04T04:00:00.000000",16.2328224182129
"CI","2026-10-04T05:00:00.000000",16.2972755432129
"CI","2026-10-04T06:00:00.000000",16.3427295684814
"CI","2026-10-04T07:00:00.000000",16.3789329528809
"CI","2026-10-04T08:00:00.000000",16.3970718383789
"CI","2026-10-04T09:00:00.000000",16.4042701721191
"CI","2026-10-04T10:00:00.000000",16.405740737915
"CI","2026-10-04T11:00:00.000000",16.3881931304932
"CI","2026-10-04T12:00:00.000000",16.3473873138428
"CI","2026-10-04T13:00:00.000000",16.313871383667
"CI","2026-10-04T14:00:00.000000",16.2915267944336
"CI","2026-10-04T15:00:00.000000",16.2850646972656
"CI","2026-10-04T16:00:00.000000",16.2893409729004
"CI","2026-10-04T17:00:00.000000",16.3443489074707
"CI","2026-10-04T18:00:00.000000",16.4037265777588
"CI","2026-10-04T19:00:00.000000",16.4382801055908
"CI","2026-10-04T20:00:00.000000",16.4522724151611
"CI","2026-10-04T21:00:00.000000",16.4602813720703
"CI","2026-10-04T22:00:00.000000",16.4627494812012
"CI","2026-10-04T23:00:00.000000",16.4566650390625
"CI","2026-10-05T00:00:00.000000",16.4335021972656
"CI","2026-10-05T01:00:00.000000",16.4110317230225
"CI","2026-10-05T02:00:00.000000",16.3781223297119
"CI","2026-10-05T03:00:00.000000",16.3558330535889
"CI","2026-10-05T04:00:00.000000",16.3362140655518
"CI","2026-10-05T05:00:00.000000",16.352222442627
"CI","2026-10-05T06:00:00.000000",16.3914165496826
"CI","2026-10-05T07:00:00.000000",16.4198455810547
"CI","2026-10-05T08:00:00.000000",16.4257278442383
"CI","2026-10-05T09:00:00.000000",16.4083938598633
"CI","2026-10-05T10:00:00.000000",16.3931083679199
"CI","2026-10-05T11:00:00.000000",16.3972625732422
"CI","2026-10-05T12:00:00.000000",16.4064559936523
"CI","2026-10-05T13:00:00.000000",16.4093532562256
"CI","2026-10-05T14:00:00.000000",16.3947944641113
"CI","2026-10-05T15:00:00.000000",16.381814956665
"CI","2026-10-05T16:00:00.000000",16.3739490509033
"CI","2026-10-05T17:00:00.000000",16.3708057403564
"CI","2026-10-05T18:00:00.000000",16.406078338623
"CI","2026-10-05T19:00:00.000000",16.4458961486816
"CI","2026-10-05T20:00:00.000000",16.4622097015381
"CI","2026-10-05T21:00:00.000000",16.4414844512939
"CI","2026-10-05T22:00:00.000000",16.419282913208
"CI","2026-10-05T23:00:00.000000",16.4105224609375
"CI","2026-10-06T00:00:00.000000",16.4150466918945
"CI","2026-10-06T01:00:00.000000",16.4192485809326
"CI","2026-10-06T02:00:00.000000",16.4034080505371
"CI","2026-10-06T03:00:00.000000",16.3822765350342
"CI","2026-10-06T04:00:00.000000",16.3588275909424
"CI","2026-10-06T05:00:00.000000",16.328914642334
"CI","2026-10-06T06:00:00.000000",16.3143081665039
"CI","2026-10-06T07:00:00.000000",16.3440456390381
"CI","2026-10-06T08:00:00.000000",16.3855266571045
"CI","2026-10-06T09:00:00.000000",16.3800468444824
"CI","2026-10-06T10:00:00.000000",16.3501014709473
"CI","2026-10-06T11:00:00.000000",16.3208141326904
"CI","2026-10-06T12:00:00.000000",16.3107986450195
"CI","2026-10-06T13:00:00.000000",16.3323364257812
"CI","2026-10-06T14:00:00.000000",16.3420429229736
"CI","2026-10-06T15:00:00.000000",16.3389854431152
"CI","2026-10-06T16:00:00.000000",16.3262672424316
"CI","2026-10-06T17:00:00.000000",16.3151760101318
"CI","2026-10-06T18:00:00.000000",16.304895401001
"CI","2026-10-06T19:00:00.000000",16.3349380493164
"CI","2026-10-06T20:00:00.000000",16.3729705810547
"CI","2026-10-06T21:00:00.000000",16.3639888763428
"CI","2026-10-06T22:00:00.000000",16.3407077789307
"CI","2026-10-06T23:00:00.000000",16.3102321624756
"CI","2026-10-07T00:00:00.000000",16.2956790924072
"CI","2026-10-07T01:00:00.000000",16.3036441802979
"CI","2026-10-07T02:00:00.000000",16.3189220428467
"CI","2026-10-07T03:00:00.000000",16.3288269042969
"CI","2026-10-07T04:00:00.000000",16.3163070678711
"CI","2026-10-07T05:00:00.000000",16.2986335754395
"CI","2026-10-07T06:00:00.000000",16.2807655334473
"CI","2026-10-07T07:00:00.000000",16.2663173675537
"CI","2026-10-07T08:00:00.000000",16.2925777435303
"CI","2026-10-07T09:00:00.000000",16.3131465911865
"CI","2026-10-07T10:00:00.000000",16.2980575561523
"CI","2026-10-07T11:00:00.000000",16.2867240905762
"CI","2026-10-07T12:00:00.000000",16.2776489257812
"CI","2026-10-07T13:00:00.000000",16.2766208648682
"CI","2026-10-07T14:00:00.000000",16.2874927520752
"CI","2026-10-07T15:00:00.000000",16.2966861724854
"CI","2026-10-07T16:00:00.000000",16.3046474456787
"CI","2026-10-07T17:00:00.000000",16.3046607971191
"CI","2026-10-07T18:00:00.000000",16.3023300170898
"CI","2026-10-07T19:00:00.000000",16.2970104217529
"CI","2026-10-07T20:00:00.000000",16.3154964447021
"CI","2026-10-07T21:00:00.000000",16.3424854278564
"CI","2026-10-07T22:00:00.000000",16.3396701812744
"CI","2026-10-07T23:00:00.000000",16.3086814880371
"CI","2026-10-08T00:00:00.000000",16.2675170898438
"CI","2026-10-08T01:00:00.000000",16.251708984375
"CI","2026-10-08T02:00:00.000000",16.2622871398926
"CI","2026-10-08T03:00:00.000000",16.3000564575195
"CI","2026-10-08T04:00:00.000000",16.3127517700195
"CI","2026-10-08T05:00:00.000000",16.3140716552734
"CI","2026-10-08T06:00:00.000000",16.3004951477051
"CI","2026-10-08T07:00:00.000000",16.2892818450928
"CI","2026-10-08T08:00:00.000000",16.2709522247314
"CI","2026-10-08T09:00:00.000000",16.3008918762207
"CI","2026-10-08T10:00:00.000000",16.3090057373047
"CI","2026-10-08T11:00:00.000000",16.2728233337402
"CI","2026-10-08T12:00:00.000000",16.2296829223633
"CI","2026-10-08T13:00:00.000000",16.208948135376
"CI","2026-10-08T14:00:00.000000",16.2140197753906
"CI","2026-10-08T15:00:00.000000",16.2504806518555
"CI","2026-10-08T16:00:00.000000",16.2944736480713
"CI","2026-10-08T17:00:00.000000",16.3226089477539
"CI","2026-10-08T18:00:00.000000",16.3350162506104
"CI","2026-10-08T19:00:00.000000",16.3345680236816
"CI","2026-10-08T20:00:00.000000",16.3297328948975
"CI","2026-10-08T21:00:00.000000",16.3443241119385
"CI","2026-10-08T22:00:00.000000",16.362886428833
"CI","2026-10-08T23:00:00.000000",16.3450508117676
"CI","2026-10-09T00:00:00.000000",16.2759647369385
"CI","2026-10-09T01:00:00.000000",16.2195663452148
"CI","2026-10-09T02:00:00.000000",16.206672668457
"CI","2026-10-09T03:00:00.000000",16.2280559539795
"CI","2026-10-09T04:00:00.000000",16.2960071563721
"CI","2026-10-09T05:00:00.000000",16.3255062103271
"CI","2026-10-09T06:00:00.000000",16.3333110809326
"CI","2026-10-09T07:00:00.000000",16.3277416229248
"CI","2026-10-09T08:00:00.000000",16.3176326751709
"CI","2026-10-09T09:00:00.000000",16.3008937835693
"CI","2026-10-09T10:00:00.000000",16.317850112915
"CI","2026-10-09T11:00:00.000000",16.3056564331055
"CI","2026-10-09T12:00:00.000000",16.2218170166016
"CI","2026-10-09T13:00:00.000000",16.1468696594238
"CI","2026-10-09T14:00:00.000000",16.1207885742188
"CI","2026-10-09T15:00:00.000000",16.1369762420654
"CI","2026-10-09T16:00:00.000000",16.2098636627197
"CI","2026-10-09T17:00:00.000000",16.2850608825684
"CI","2026-10-09T18:00:00.000000",16.3217010498047
"CI","2026-10-09T19:00:00.000000",16.3344135284424
"CI","2026-10-09T20:00:00.000000",16.3312492370605
"CI","2026-10-09T21:00:00.000000",16.3108024597168
"CI","2026-10-09T22:00:00.000000",16.3174304962158
"CI","2026-10-09T23:00:00.000000",16.3299808502197
"CI","2026-10-10T00:00:00.000000",16.2826862335205
"DC","2026-10-02T00:00:00.000000",15.4549655914307
"DC","2026-10-02T01:00:00.000000",15.5185499191284
"DC","2026-10-02T02:00:00.000000",15.4359855651855
"DC","2026-10-02T03:00:00.000000",15.3734645843506
"DC","2026-10-02T04:00:00.000000",15.3489580154419
"DC","2026-10-02T05:00:00.000000",15.3241415023804
"DC","2026-10-02T06:00:00.000000",15.3039770126343
"DC","2026-10-02T07:00:00.000000",15.2932615280151
"DC","2026-10-02T08:00:00.000000",15.2856349945068
"DC","2026-10-02T09:00:00.000000",15.2813272476196
"DC","2026-10-02T10:00:00.000000",15.2868957519531
"DC","2026-10-02T11:00:00.000000",15.2907314300537
"DC","2026-10-02T12:00:00.000000",15.3430471420288
"DC","2026-10-02T13:00:00.000000",15.470006942749
"DC","2026-10-02T14:00:00.000000",15.3916959762573
"DC","2026-10-02T15:00:00.000000",15.2963695526123
"DC","2026-10-02T16:00:00.000000",15.2328729629517
"DC","2026-10-02T17:00:00.000000",15.1795244216919
"DC","2026-10-02T18:00:00.000000",15.1480779647827
"DC","2026-10-02T19:00:00.000000",15.1345891952515
"DC","2026-10-02T20:00:00.000000",15.1320714950562
"DC","2026-10-02T21:00:00.000000",15.1356334686279
"DC","2026-10-02T22:00:00.000000",15.1642580032349
"DC","2026-10-02T23:00:00.000000",15.2095909118652
"DC","2026-10-03T00:00:00.000000",15.3519802093506
"DC","2026-10-03T01:00:00.000000",15.4914236068726
"DC","2026-10-03T02:00:00.000000",15.5744791030884
"DC","2026-10-03T03:00:00.000000",15.5382766723633
"DC","2026-10-03T04:00:00.000000",15.4750509262085
"DC","2026-10-03T05:00:00.000000",15.3800735473633
"DC","2026-10-03T06:00:00.000000",15.2757005691528
"DC","2026-10-03T07:00:00.000000",15.2309608459473
"DC","2026-10-03T08:00:00.000000",15.2275238037109
"DC","2026-10-03T09:00:00.000000",15.2464084625244
"DC","2026-10-03T10:00:00.000000",15.3529396057129
"DC","2026-10-03T11:00:00.000000",15.5043468475342
"DC","2026-10-03T12:00:00.000000",15.5932235717773
"DC","2026-10-03T13:00:00.000000",15.6262845993042
"DC","2026-10-03T14:00:00.000000",15.6500015258789
"DC","2026-10-03T15:00:00.000000",15.6288795471191
"DC","2026-10-03T16:00:00.000000",15.5229415893555
"DC","2026-10-03T17:00:00.000000",15.4188280105591
"DC","2026-10-03T18:00:00.000000",15.3531370162964
"DC","2026-10-03T19:00:00.000000",15.3250494003296
"DC","2026-10-03T20:00:00.000000",15.3301362991333
"DC","2026-10-03T21:00:00.000000",15.3481321334839
"DC","2026-10-03T22:00:00.000000",15.379111289978
"DC","2026-10-03T23:00:00.000000",15.3991851806641
"DC","2026-10-04T00:00:00.000000",15.4478406906128
"DC","2026-10-04T01:00:00.000000",15.4996728897095
"DC","2026-10-04T02:00:00.000000",15.5218887329102
"DC","2026-10-04T03:00:00.000000",15.5518226623535
"DC","2026-10-04T04:00:00.000000",15.3939399719238
"DC","2026-10-04T05:00:00.000000",15.2854509353638
"DC","2026-10-04T06:00:00.000000",15.2476348876953
"DC","2026-10-04T07:00:00.000000",15.2433805465698
"DC","2026-10-04T08:00:00.000000",15.3089294433594
"DC","2026-10-04T09:00:00.000000",15.377345085144
"DC","2026-10-04T10:00:00.000000",15.4111213684082
"DC","2026-10-04T11:00:00.000000",15.4558296203613
"DC","2026-10-04T12:00:00.000000",15.4722414016724
"DC","2026-10-04T13:00:00.000000",15.4715003967285
"DC","2026-10-04T14:00:00.000000",15.4498634338379
"DC","2026-10-04T15:00:00.000000",15.3760643005371
"DC","2026-10-04T16:00:00.000000",15.290168762207
"DC","2026-10-04T17:00:00.000000",15.1902389526367
"DC","2026-10-04T18:00:00.000000",15.1206684112549
"DC","2026-10-04T19:00:00.000000",15.0602006912231
"DC","2026-10-04T20:00:00.000000",15.0241565704346
"DC","2026-10-04T21:00:00.000000",15.0100650787354
"DC","2026-10-04T22:00:00.000000",15.0119743347168
"DC","2026-10-04T23:00:00.000000",15.0216073989868
"DC","2026-10-05T00:00:00.000000",15.0308532714844
"DC","2026-10-05T01:00:00.000000",15.0291166305542
"DC","2026-10-05T02:00:00.000000",15.0211992263794
"DC","2026-10-05T03:00:00.000000",14.9984102249146
"DC","2026-10-05T04:00:00.000000",14.9637393951416
"DC","2026-10-05T05:00:00.000000",14.9405136108398
"DC","2026-10-05T06:00:00.000000",14.9016675949097
"DC","2026-10-05T07:00:00.000000",14.8870697021484
"DC","2026-10-05T08:00:00.000000",14.8792591094971
"DC","2026-10-05T09:00:00.000000",14.9045848846436
"DC","2026-10-05T10:00:00.000000",14.955958366394
"DC","2026-10-05T11:00:00.000000",15.0082216262817
"DC","2026-10-05T12:00:00.000000",15.1329212188721
"DC","2026-10-05T13:00:00.000000",15.1981010437012
"DC","2026-10-05T14:00:00.000000",15.2480783462524
"DC","2026-10-05T15:00:00.000000",15.2898120880127
"DC","2026-10-05T16:00:00.000000",15.279899597168
"DC","2026-10-05T17:00:00.000000",15.3712005615234
"DC","2026-10-05T18:00:00.000000",15.3393297195435
"DC","2026-10-05T19:00:00.000000",15.3690938949585
"DC","2026-10-05T20:00:00.000000",15.5080003738403
"DC","2026-10-05T21:00:00.000000",15.5066747665405
"DC","2026-10-05T22:00:00.000000",15.4983491897583
"DC","2026-10-05T23:00:00.000000",15.485878944397
"DC","2026-10-06T00:00:00.000000",15.4702596664429
"DC","2026-10-06T01:00:00.000000",15.4557495117188
"DC","2026-10-06T02:00:00.000000",15.4444437026978
"DC","2026-10-06T03:00:00.000000",15.4398326873779
"DC","2026-10-06T04:00:00.000000",15.4419622421265
"DC","2026-10-06T05:00:00.000000",15.44739818573
"DC","2026-10-06T06:00:00.000000",15.4434461593628
"DC","2026-10-06T07:00:00.000000",15.4102773666382
"DC","2026-10-06T08:00:00.000000",15.3698663711548
"DC","2026-10-06T09:00:00.000000",15.3355445861816
"DC","2026-10-06T10:00:00.000000",15.3150806427002
"DC","2026-10-06T11:00:00.000000",15.3089952468872
"DC","2026-10-06T12:00:00.000000",15.3086729049683
"DC","2026-10-06T13:00:00.000000",15.3022651672363
"DC","2026-10-06T14:00:00.000000",15.3027696609497
"DC","2026-10-06T15:00:00.000000",15.3165807723999
"DC","2026-10-06T16:00:00.000000",15.3393220901489
"DC","2026-10-06T17:00:00.000000",15.355788230896
"DC","2026-10-06T18:00:00.000000",15.3584480285645
"DC","2026-10-06T19:00:00.000000",15.3423004150391
"DC","2026-10-06T20:00:00.000000",15.3217096328735
"DC","2026-10-06T21:00:00.000000",15.3059244155884
"DC","2026-10-06T22:00:00.000000",15.2895946502686
"DC","2026-10-06T23:00:00.000000",15.2579803466797
"DC","2026-10-07T00:00:00.000000",15.2288198471069
"DC","2026-10-07T01:00:00.000000",15.2078952789307
"DC","2026-10-07T02:00:00.000000",15.2007093429565
"DC","2026-10-07T03:00:00.000000",15.2021856307983
"DC","2026-10-07T04:00:00.000000",15.2221765518188
"DC","2026-10-07T05:00:00.000000",15.2391872406006
"DC","2026-10-07T06:00:00.000000",15.2574348449707
"DC","2026-10-07T07:00:00.000000",15.2574148178101
"DC","2026-10-07T08:00:00.000000",15.225513458252
"DC","2026-10-07T09:00:00.000000",15.1897554397583
"DC","2026-10-07T10:00:00.000000",15.1672515869141
"DC","2026-10-07T11:00:00.000000",15.1542205810547
"DC","2026-10-07T12:00:00.000000",15.1443576812744
"DC","2026-10-07T13:00:00.000000",15.1405096054077
"DC","2026-10-07T14:00:00.000000",15.1474056243896
"DC","2026-10-07T15:00:00.000000",15.16077709198
"DC","2026-10-07T16:00:00.000000",15.1787881851196
"DC","2026-10-07T17:00:00.000000",15.2044458389282
"DC","2026-10-07T18:00:00.000000",15.2111711502075
"DC","2026-10-07T19:00:00.000000",15.1126441955566
"DC","2026-10-07T20:00:00.000000",14.8653602600098
"DC","2026-10-07T21:00:00.000000",14.6052885055542
"DC","2026-10-07T22:00:00.000000",14.446310043335
"DC","2026-10-07T23:00:00.000000",14.3373336791992
"DC","2026-10-08T00:00:00.000000",14.2817516326904
"DC","2026-10-08T01:00:00.000000",14.2685403823853
"DC","2026-10-08T02:00:00.000000",14.2709131240845
"DC","2026-10-08T03:00:00.000000",14.2874183654785
"DC","2026-10-08T04:00:00.000000",14.3025541305542
"DC","2026-10-08T05:00:00.000000",14.9208955764771
"DC","2026-10-08T06:00:00.000000",15.0270500183105
"DC","2026-10-08T07:00:00.000000",15.0558586120605
"DC","2026-10-08T08:00:00.000000",14.8354063034058
"DC","2026-10-08T09:00:00.000000",14.4516010284424
"DC","2026-10-08T10:00:00.000000",14.2988719940186
"DC","2026-10-08T11:00:00.000000",14.1909265518188
"DC","2026-10-08T12:00:00.000000",14.1161785125732
"DC","2026-10-08T13:00:00.000000",14.0728092193604
"DC","2026-10-08T14:00:00.000000",14.0495719909668
"DC","2026-10-08T15:00:00.000000",14.0287218093872
"DC","2026-10-08T16:00:00.000000",14.0098075866699
"DC","2026-10-08T17:00:00.000000",13.9741010665894
"DC","2026-10-08T18:00:00.000000",14.071063041687
"DC","2026-10-08T19:00:00.000000",14.4456939697266
"DC","2026-10-08T20:00:00.000000",14.2645196914673
"DC","2026-10-08T21:00:00.000000",13.9162254333496
"DC","2026-10-08T22:00:00.000000",13.6376962661743
"DC","2026-10-08T23:00:00.000000",13.5088396072388
"DC","2026-10-09T00:00:00.000000",13.4332036972046
"DC","2026-10-09T01:00:00.000000",13.4119634628296
"DC","2026-10-09T02:00:00.000000",13.4195175170898
"DC","2026-10-09T03:00:00.000000",13.4552183151245
"DC","2026-10-09T04:00:00.000000",13.5720081329346
"DC","2026-10-09T05:00:00.000000",13.7348871231079
"DC","2026-10-09T06:00:00.000000",13.9495515823364
"DC","2026-10-09T07:00:00.000000",14.2690563201904
"DC","2026-10-09T08:00:00.000000",14.5338535308838
"DC","2026-10-09T09:00:00.000000",14.46692943573
"DC","2026-10-09T10:00:00.000000",14.3713884353638
"DC","2026-10-09T11:00:00.000000",14.303825378418
"DC","2026-10-09T12:00:00.000000",14.1566572189331
"DC","2026-10-09T13:00:00.000000",14.0461978912354
"DC","2026-10-09T14:00:00.000000",14.0262298583984
"DC","2026-10-09T15:00:00.000000",14.0153312683105
"DC","2026-10-09T16:00:00.000000",14.0636768341064
"DC","2026-10-09T17:00:00.000000",14.2995948791504
"DC","2026-10-09T18:00:00.000000",14.5338363647461
"DC","2026-10-09T19:00:00.000000",14.6029567718506
"DC","2026-10-09T20:00:00.000000",14.6395606994629
"DC","2026-10-09T21:00:00.000000",14.6875476837158
"DC","2026-10-09T22:00:00.000000",14.3784379959106
"DC","2026-10-09T23:00:00.000000",14.0824680328369
"DC","2026-10-10T00:00:00.000000",13.9287347793579
"LH","2026-10-02T00:00:00.000000",15.8767194747925
"LH","2026-10-02T01:00:00.000000",15.8748655319214
"LH","2026-10-02T02:00:00.000000",15.8746423721313
"LH","2026-10-02T03:00:00.000000",15.8714275360107
"LH","2026-10-02T04:00:00.000000",15.8635082244873
"LH","2026-10-02T05:00:00.000000",15.8564748764038
"LH","2026-10-02T06:00:00.000000",15.8512916564941
"LH","2026-10-02T07:00:00.000000",15.8491296768188
"LH","2026-10-02T08:00:00.000000",15.8489408493042
"LH","2026-10-02T09:00:00.000000",15.8491582870483
"LH","2026-10-02T10:00:00.000000",15.8506135940552
"LH","2026-10-02T11:00:00.000000",15.8537521362305
"LH","2026-10-02T12:00:00.000000",15.8579244613647
"LH","2026-10-02T13:00:00.000000",15.8617296218872
"LH","2026-10-02T14:00:00.000000",15.8625211715698
"LH","2026-10-02T15:00:00.000000",15.8656339645386
"LH","2026-10-02T16:00:00.000000",15.8749113082886
"LH","2026-10-02T17:00:00.000000",15.8825035095215
"LH","2026-10-02T18:00:00.000000",15.8907680511475
"LH","2026-10-02T19:00:00.000000",15.8960027694702
"LH","2026-10-02T20:00:00.000000",15.8978443145752
"LH","2026-10-02T21:00:00.000000",15.8993949890137
"LH","2026-10-02T22:00:00.000000",15.9007406234741
"LH","2026-10-02T23:00:00.000000",15.9009218215942
"LH","2026-10-03T00:00:00.000000",15.901704788208
"LH","2026-10-03T01:00:00.000000",15.9052801132202
"LH","2026-10-03T02:00:00.000000",15.9073057174683
"LH","2026-10-03T03:00:00.000000",15.9048118591309
"LH","2026-10-03T04:00:00.000000",15.9052171707153
"LH","2026-10-03T05:00:00.000000",15.909273147583
"LH","2026-10-03T06:00:00.000000",15.8995971679688
"LH","2026-10-03T07:00:00.000000",15.8875198364258
"LH","2026-10-03T08:00:00.000000",15.8814144134521
"LH","2026-10-03T09:00:00.000000",15.877121925354
"LH","2026-10-03T10:00:00.000000",15.8763628005981
"LH","2026-10-03T11:00:00.000000",15.8793869018555
"LH","2026-10-03T12:00:00.000000",15.8815975189209
"LH","2026-10-03T13:00:00.000000",15.8900547027588
"LH","2026-10-03T14:00:00.000000",15.8944940567017
"LH","2026-10-03T15:00:00.000000",15.8920755386353
"LH","2026-10-03T16:00:00.000000",15.8968200683594
"LH","2026-10-03T17:00:00.000000",15.9032764434814
"LH","2026-10-03T18:00:00.000000",15.9050197601318
"LH","2026-10-03T19:00:00.000000",15.914776802063
"LH","2026-10-03T20:00:00.000000",15.930811882019
"LH","2026-10-03T21:00:00.000000",15.9339122772217
"LH","2026-10-03T22:00:00.000000",15.9336585998535
"LH","2026-10-03T23:00:00.000000",15.9362354278564
"LH","2026-10-04T00:00:00.000000",15.9388465881348
"LH","2026-10-04T01:00:00.000000",15.9534931182861
"LH","2026-10-04T02:00:00.000000",15.9751806259155
"LH","2026-10-04T03:00:00.000000",15.9780311584473
"LH","2026-10-04T04:00:00.000000",15.9602518081665
"LH","2026-10-04T05:00:00.000000",15.9545736312866
"LH","2026-10-04T06:00:00.000000",15.9476871490479
"LH","2026-10-04T07:00:00.000000",15.9477624893188
"LH","2026-10-04T08:00:00.000000",15.9569272994995
"LH","2026-10-04T09:00:00.000000",15.9643411636353
"LH","2026-10-04T10:00:00.000000",15.9673500061035
"LH","2026-10-04T11:00:00.000000",15.9662923812866
"LH","2026-10-04T12:00:00.000000",15.9627599716187
"LH","2026-10-04T13:00:00.000000",15.9580526351929
"LH","2026-10-04T14:00:00.000000",15.9472436904907
"LH","2026-10-04T15:00:00.000000",15.9440975189209
"LH","2026-10-04T16:00:00.000000",15.9489860534668
"LH","2026-10-04T17:00:00.000000",15.9566535949707
"LH","2026-10-04T18:00:00.000000",15.9566955566406
"LH","2026-10-04T19:00:00.000000",15.9686117172241
"LH","2026-10-04T20:00:00.000000",15.9828577041626
"LH","2026-10-04T21:00:00.000000",15.9933319091797
"LH","2026-10-04T22:00:00.000000",15.9970083236694
"LH","2026-10-04T23:00:00.000000",15.9958219528198
"LH","2026-10-05T00:00:00.000000",15.9860506057739
"LH","2026-10-05T01:00:00.000000",15.9709272384644
"LH","2026-10-05T02:00:00.000000",15.9538440704346
"LH","2026-10-05T03:00:00.000000",15.9430389404297
"LH","2026-10-05T04:00:00.000000",15.9433403015137
"LH","2026-10-05T05:00:00.000000",15.9462909698486
"LH","2026-10-05T06:00:00.000000",15.9486074447632
"LH","2026-10-05T07:00:00.000000",15.9493741989136
"LH","2026-10-05T08:00:00.000000",15.9569292068481
"LH","2026-10-05T09:00:00.000000",15.9634227752686
"LH","2026-10-05T10:00:00.000000",15.9672250747681
"LH","2026-10-05T11:00:00.000000",15.9684419631958
"LH","2026-10-05T12:00:00.000000",15.9679298400879
"LH","2026-10-05T13:00:00.000000",15.9655485153198
"LH","2026-10-05T14:00:00.000000",15.9635944366455
"LH","2026-10-05T15:00:00.000000",15.9621305465698
"LH","2026-10-05T16:00:00.000000",15.9648160934448
"LH","2026-10-05T17:00:00.000000",15.967568397522
"LH","2026-10-05T18:00:00.000000",15.9739074707031
"LH","2026-10-05T19:00:00.000000",15.9863185882568
"LH","2026-10-05T20:00:00.000000",15.9924592971802
"LH","2026-10-05T21:00:00.000000",15.9930057525635
"LH","2026-10-05T22:00:00.000000",15.9912900924683
"LH","2026-10-05T23:00:00.000000",15.9901065826416
"LH","2026-10-06T00:00:00.000000",15.9887466430664
"LH","2026-10-06T01:00:00.000000",15.9876565933228
"LH","2026-10-06T02:00:00.000000",15.9819536209106
"LH","2026-10-06T03:00:00.000000",15.9708890914917
"LH","2026-10-06T04:00:00.000000",15.9535064697266
"LH","2026-10-06T05:00:00.000000",15.9421997070312
"LH","2026-10-06T06:00:00.000000",15.9433708190918
"LH","2026-10-06T07:00:00.000000",15.9481172561646
"LH","2026-10-06T08:00:00.000000",15.9377307891846
"LH","2026-10-06T09:00:00.000000",15.9152936935425
"LH","2026-10-06T10:00:00.000000",15.8717355728149
"LH","2026-10-06T11:00:00.000000",15.839259147644
"LH","2026-10-06T12:00:00.000000",15.8145151138306
"LH","2026-10-06T13:00:00.000000",15.802713394165
"LH","2026-10-06T14:00:00.000000",15.8079566955566
"LH","2026-10-06T15:00:00.000000",15.8363428115845
"LH","2026-10-06T16:00:00.000000",15.8903369903564
"LH","2026-10-06T17:00:00.000000",15.9287347793579
"LH","2026-10-06T18:00:00.000000",15.9335422515869
"LH","2026-10-06T19:00:00.000000",15.9149570465088
"LH","2026-10-06T20:00:00.000000",15.9036827087402
"LH","2026-10-06T21:00:00.000000",15.8492584228516
"LH","2026-10-06T22:00:00.000000",15.7791013717651
"LH","2026-10-06T23:00:00.000000",15.7284250259399
"LH","2026-10-07T00:00:00.000000",15.6959571838379
"LH","2026-10-07T01:00:00.000000",15.6785764694214
"LH","2026-10-07T02:00:00.000000",15.6829013824463
"LH","2026-10-07T03:00:00.000000",15.7000102996826
"LH","2026-10-07T04:00:00.000000",15.75133228302
"LH","2026-10-07T05:00:00.000000",15.8456439971924
"LH","2026-10-07T06:00:00.000000",15.8735122680664
"LH","2026-10-07T07:00:00.000000",15.8514595031738
"LH","2026-10-07T08:00:00.000000",15.8164863586426
"LH","2026-10-07T09:00:00.000000",15.753607749939
"LH","2026-10-07T10:00:00.000000",15.6921882629395
"LH","2026-10-07T11:00:00.000000",15.6499681472778
"LH","2026-10-07T12:00:00.000000",15.6301612854004
"LH","2026-10-07T13:00:00.000000",15.6239166259766
"LH","2026-10-07T14:00:00.000000",15.6246871948242
"LH","2026-10-07T15:00:00.000000",15.6351261138916
"LH","2026-10-07T16:00:00.000000",15.6557054519653
"LH","2026-10-07T17:00:00.000000",15.7168827056885
"LH","2026-10-07T18:00:00.000000",15.7945575714111
"LH","2026-10-07T19:00:00.000000",15.8013477325439
"LH","2026-10-07T20:00:00.000000",15.7676782608032
"LH","2026-10-07T21:00:00.000000",15.7579412460327
"LH","2026-10-07T22:00:00.000000",15.7313175201416
"LH","2026-10-07T23:00:00.000000",15.706976890564
"LH","2026-10-08T00:00:00.000000",15.6936912536621
"LH","2026-10-08T01:00:00.000000",15.6899490356445
"LH","2026-10-08T02:00:00.000000",15.6900777816772
"LH","2026-10-08T03:00:00.000000",15.6968955993652
"LH","2026-10-08T04:00:00.000000",15.7185001373291
"LH","2026-10-08T05:00:00.000000",15.7534885406494
"LH","2026-10-08T06:00:00.000000",15.7920989990234
"LH","2026-10-08T07:00:00.000000",15.7983856201172
"LH","2026-10-08T08:00:00.000000",15.7947025299072
"LH","2026-10-08T09:00:00.000000",15.7850551605225
"LH","2026-10-08T10:00:00.000000",15.7420473098755
"LH","2026-10-08T11:00:00.000000",15.7068576812744
"LH","2026-10-08T12:00:00.000000",15.6853189468384
"LH","2026-10-08T13:00:00.000000",15.6769695281982
"LH","2026-10-08T14:00:00.000000",15.6750993728638
"LH","2026-10-08T15:00:00.000000",15.6774492263794
"LH","2026-10-08T16:00:00.000000",15.6898126602173
"LH","2026-10-08T17:00:00.000000",15.7254266738892
"LH","2026-10-08T18:00:00.000000",15.7754278182983
"LH","2026-10-08T19:00:00.000000",15.8139610290527
"LH","2026-10-08T20:00:00.000000",15.8167209625244
"LH","2026-10-08T21:00:00.000000",15.8034191131592
"LH","2026-10-08T22:00:00.000000",15.7899961471558
"LH","2026-10-08T23:00:00.000000",15.7664461135864
"LH","2026-10-09T00:00:00.000000",15.7438659667969
"LH","2026-10-09T01:00:00.000000",15.726224899292
"LH","2026-10-09T02:00:00.000000",15.7152147293091
"LH","2026-10-09T03:00:00.000000",15.7103977203369
"LH","2026-10-09T04:00:00.000000",15.7159290313721
"LH","2026-10-09T05:00:00.000000",15.7342920303345
"LH","2026-10-09T06:00:00.000000",15.7569923400879
"LH","2026-10-09T07:00:00.000000",15.7698373794556
"LH","2026-10-09T08:00:00.000000",15.7666130065918
"LH","2026-10-09T09:00:00.000000",15.7606439590454
"LH","2026-10-09T10:00:00.000000",15.7564458847046
"LH","2026-10-09T11:00:00.000000",15.7143802642822
"LH","2026-10-09T12:00:00.000000",15.633415222168
"LH","2026-10-09T13:00:00.000000",15.5820560455322
"LH","2026-10-09T14:00:00.000000",15.5563011169434
"LH","2026-10-09T15:00:00.000000",15.5415191650391
"LH","2026-10-09T16:00:00.000000",15.5370035171509
"LH","2026-10-09T17:00:00.000000",15.5506963729858
"LH","2026-10-09T18:00:00.000000",15.6126279830933
"LH","2026-10-09T19:00:00.000000",15.7187900543213
"LH","2026-10-09T20:00:00.000000",15.7739810943604
"LH","2026-10-09T21:00:00.000000",15.7670392990112
"LH","2026-10-09T22:00:00.000000",15.7362613677979
"LH","2026-10-09T23:00:00.000000",15.6947994232178
"LH","2026-10-10T00:00:00.000000",15.6005659103394
"NB","2026-10-02T00:00:00.000000",15.5070314407349
"NB","2026-10-02T01:00:00.000000",15.5144538879395
"NB","2026-10-02T02:00:00.000000",15.5169086456299
"NB","2026-10-02T03:00:00.000000",15.5188188552856
"NB","2026-10-02T04:00:00.000000",15.5254955291748
"NB","2026-10-02T05:00:00.000000",15.5368928909302
"NB","2026-10-02T06:00:00.000000",15.5528411865234
"NB","2026-10-02T07:00:00.000000",15.5712757110596
"NB","2026-10-02T08:00:00.000000",15.5965242385864
"NB","2026-10-02T09:00:00.000000",15.6070442199707
"NB","2026-10-02T10:00:00.000000",15.6128263473511
"NB","2026-10-02T11:00:00.000000",15.616681098938
"NB","2026-10-02T12:00:00.000000",15.6240530014038
"NB","2026-10-02T13:00:00.000000",15.6309881210327
"NB","2026-10-02T14:00:00.000000",15.6325998306274
"NB","2026-10-02T15:00:00.000000",15.6326942443848
"NB","2026-10-02T16:00:00.000000",15.6355562210083
"NB","2026-10-02T17:00:00.000000",15.6422348022461
"NB","2026-10-02T18:00:00.000000",15.6527614593506
"NB","2026-10-02T19:00:00.000000",15.6788768768311
"NB","2026-10-02T20:00:00.000000",15.7364501953125
"NB","2026-10-02T21:00:00.000000",15.7483367919922
"NB","2026-10-02T22:00:00.000000",15.745491027832
"NB","2026-10-02T23:00:00.000000",15.7332105636597
"NB","2026-10-03T00:00:00.000000",15.7172470092773
"NB","2026-10-03T01:00:00.000000",15.6943101882935
"NB","2026-10-03T02:00:00.000000",15.6608533859253
"NB","2026-10-03T03:00:00.000000",15.6207342147827
"NB","2026-10-03T04:00:00.000000",15.5756225585938
"NB","2026-10-03T05:00:00.000000",15.5269508361816
"NB","2026-10-03T06:00:00.000000",15.4640140533447
"NB","2026-10-03T07:00:00.000000",15.38352394104
"NB","2026-10-03T08:00:00.000000",15.3008670806885
"NB","2026-10-03T09:00:00.000000",15.2379179000854
"NB","2026-10-03T10:00:00.000000",15.196213722229
"NB","2026-10-03T11:00:00.000000",15.1742286682129
"NB","2026-10-03T12:00:00.000000",15.1634912490845
"NB","2026-10-03T13:00:00.000000",15.1567373275757
"NB","2026-10-03T14:00:00.000000",15.1491565704346
"NB","2026-10-03T15:00:00.000000",15.1401100158691
"NB","2026-10-03T16:00:00.000000",15.1327972412109
"NB","2026-10-03T17:00:00.000000",15.1306295394897
"NB","2026-10-03T18:00:00.000000",15.1314678192139
"NB","2026-10-03T19:00:00.000000",15.1314306259155
"NB","2026-10-03T20:00:00.000000",15.1304893493652
"NB","2026-10-03T21:00:00.000000",15.130425453186
"NB","2026-10-03T22:00:00.000000",15.1316003799438
"NB","2026-10-03T23:00:00.000000",15.133620262146
"NB","2026-10-04T00:00:00.000000",15.13538646698
"NB","2026-10-04T01:00:00.000000",15.1378688812256
"NB","2026-10-04T02:00:00.000000",15.1405735015869
"NB","2026-10-04T03:00:00.000000",15.1438226699829
"NB","2026-10-04T04:00:00.000000",15.1482601165771
"NB","2026-10-04T05:00:00.000000",15.1509160995483
"NB","2026-10-04T06:00:00.000000",15.1534271240234
"NB","2026-10-04T07:00:00.000000",15.1572284698486
"NB","2026-10-04T08:00:00.000000",15.1619539260864
"NB","2026-10-04T09:00:00.000000",15.1690139770508
"NB","2026-10-04T10:00:00.000000",15.1760988235474
"NB","2026-10-04T11:00:00.000000",15.1814451217651
"NB","2026-10-04T12:00:00.000000",15.187801361084
"NB","2026-10-04T13:00:00.000000",15.1946353912354
"NB","2026-10-04T14:00:00.000000",15.2046909332275
"NB","2026-10-04T15:00:00.000000",15.2166967391968
"NB","2026-10-04T16:00:00.000000",15.2237882614136
"NB","2026-10-04T17:00:00.000000",15.2284669876099
"NB","2026-10-04T18:00:00.000000",15.2317590713501
"NB","2026-10-04T19:00:00.000000",15.2348356246948
"NB","2026-10-04T20:00:00.000000",15.2409954071045
"NB","2026-10-04T21:00:00.000000",15.2543926239014
"NB","2026-10-04T22:00:00.000000",15.2741746902466
"NB","2026-10-04T23:00:00.000000",15.2895917892456
"NB","2026-10-05T00:00:00.000000",15.309944152832
"NB","2026-10-05T01:00:00.000000",15.3528413772583
"NB","2026-10-05T02:00:00.000000",15.4025173187256
"NB","2026-10-05T03:00:00.000000",15.4351749420166
"NB","2026-10-05T04:00:00.000000",15.4426403045654
"NB","2026-10-05T05:00:00.000000",15.4396953582764
"NB","2026-10-05T06:00:00.000000",15.4383583068848
"NB","2026-10-05T07:00:00.000000",15.4378719329834
"NB","2026-10-05T08:00:00.000000",15.4399700164795
"NB","2026-10-05T09:00:00.000000",15.4428615570068
"NB","2026-10-05T10:00:00.000000",15.4447965621948
"NB","2026-10-05T11:00:00.000000",15.4457359313965
"NB","2026-10-05T12:00:00.000000",15.4478216171265
"NB","2026-10-05T13:00:00.000000",15.4509687423706
"NB","2026-10-05T14:00:00.000000",15.4571723937988
"NB","2026-10-05T15:00:00.000000",15.4725780487061
"NB","2026-10-05T16:00:00.000000",15.4859580993652
"NB","2026-10-05T17:00:00.000000",15.4883918762207
"NB","2026-10-05T18:00:00.000000",15.5021047592163
"NB","2026-10-05T19:00:00.000000",15.5881338119507
"NB","2026-10-05T20:00:00.000000",15.6324367523193
"NB","2026-10-05T21:00:00.000000",15.6580228805542
"NB","2026-10-05T22:00:00.000000",15.6673698425293
"NB","2026-10-05T23:00:00.000000",15.6687688827515
"NB","2026-10-06T00:00:00.000000",15.6636686325073
"NB","2026-10-06T01:00:00.000000",15.6593141555786
"NB","2026-10-06T02:00:00.000000",15.6537714004517
"NB","2026-10-06T03:00:00.000000",15.6446180343628
"NB","2026-10-06T04:00:00.000000",15.6323413848877
"NB","2026-10-06T05:00:00.000000",15.6218843460083
"NB","2026-10-06T06:00:00.000000",15.6107044219971
"NB","2026-10-06T07:00:00.000000",15.5988473892212
"NB","2026-10-06T08:00:00.000000",15.5862674713135
"NB","2026-10-06T09:00:00.000000",15.572826385498
"NB","2026-10-06T10:00:00.000000",15.5558414459229
"NB","2026-10-06T11:00:00.000000",15.5337314605713
"NB","2026-10-06T12:00:00.000000",15.5149965286255
"NB","2026-10-06T13:00:00.000000",15.5030689239502
"NB","2026-10-06T14:00:00.000000",15.4992952346802
"NB","2026-10-06T15:00:00.000000",15.5121173858643
"NB","2026-10-06T16:00:00.000000",15.5259008407593
"NB","2026-10-06T17:00:00.000000",15.5386266708374
"NB","2026-10-06T18:00:00.000000",15.5476951599121
"NB","2026-10-06T19:00:00.000000",15.5512933731079
"NB","2026-10-06T20:00:00.000000",15.5494356155396
"NB","2026-10-06T21:00:00.000000",15.5434150695801
"NB","2026-10-06T22:00:00.000000",15.5307350158691
"NB","2026-10-06T23:00:00.000000",15.5103302001953
"NB","2026-10-07T00:00:00.000000",15.4824514389038
"NB","2026-10-07T01:00:00.000000",15.4434995651245
"NB","2026-10-07T02:00:00.000000",15.4024658203125
"NB","2026-10-07T03:00:00.000000",15.3602714538574
"NB","2026-10-07T04:00:00.000000",15.3235845565796
"NB","2026-10-07T05:00:00.000000",15.2922258377075
"NB","2026-10-07T06:00:00.000000",15.2532768249512
"NB","2026-10-07T07:00:00.000000",15.1991443634033
"NB","2026-10-07T08:00:00.000000",15.1268005371094
"NB","2026-10-07T09:00:00.000000",15.0576143264771
"NB","2026-10-07T10:00:00.000000",15.0056505203247
"NB","2026-10-07T11:00:00.000000",14.9754152297974
"NB","2026-10-07T12:00:00.000000",14.9627132415771
"NB","2026-10-07T13:00:00.000000",14.9587182998657
"NB","2026-10-07T14:00:00.000000",14.9591264724731
"NB","2026-10-07T15:00:00.000000",14.9608755111694
"NB","2026-10-07T16:00:00.000000",14.9673652648926
"NB","2026-10-07T17:00:00.000000",14.9874048233032
"NB","2026-10-07T18:00:00.000000",15.0338172912598
"NB","2026-10-07T19:00:00.000000",15.0744743347168
"NB","2026-10-07T20:00:00.000000",15.0958404541016
"NB","2026-10-07T21:00:00.000000",15.1095190048218
"NB","2026-10-07T22:00:00.000000",15.1310577392578
"NB","2026-10-07T23:00:00.000000",15.1386671066284
"NB","2026-10-08T00:00:00.000000",15.1140623092651
"NB","2026-10-08T01:00:00.000000",15.1017274856567
"NB","2026-10-08T02:00:00.000000",15.0951919555664
"NB","2026-10-08T03:00:00.000000",15.092960357666
"NB","2026-10-08T04:00:00.000000",15.0940952301025
"NB","2026-10-08T05:00:00.000000",15.0987873077393
"NB","2026-10-08T06:00:00.000000",15.1071519851685
"NB","2026-10-08T07:00:00.000000",15.1136541366577
"NB","2026-10-08T08:00:00.000000",15.1049633026123
"NB","2026-10-08T09:00:00.000000",15.0826969146729
"NB","2026-10-08T10:00:00.000000",15.0609064102173
"NB","2026-10-08T11:00:00.000000",15.0475330352783
"NB","2026-10-08T12:00:00.000000",15.0440874099731
"NB","2026-10-08T13:00:00.000000",15.0445890426636
"NB","2026-10-08T14:00:00.000000",15.0467157363892
"NB","2026-10-08T15:00:00.000000",15.0559349060059
"NB","2026-10-08T16:00:00.000000",15.0730047225952
"NB","2026-10-08T17:00:00.000000",15.0950345993042
"NB","2026-10-08T18:00:00.000000",15.1169357299805
"NB","2026-10-08T19:00:00.000000",15.1338567733765
"NB","2026-10-08T20:00:00.000000",15.1424951553345
"NB","2026-10-08T21:00:00.000000",15.142388343811
"NB","2026-10-08T22:00:00.000000",15.136266708374
"NB","2026-10-08T23:00:00.000000",15.1313743591309
"NB","2026-10-09T00:00:00.000000",15.1283645629883
"NB","2026-10-09T01:00:00.000000",15.1282777786255
"NB","2026-10-09T02:00:00.000000",15.1282844543457
"NB","2026-10-09T03:00:00.000000",15.1283025741577
"NB","2026-10-09T04:00:00.000000",15.1282587051392
"NB","2026-10-09T05:00:00.000000",15.1292123794556
"NB","2026-10-09T06:00:00.000000",15.1319456100464
"NB","2026-10-09T07:00:00.000000",15.1347951889038
"NB","2026-10-09T08:00:00.000000",15.1324462890625
"NB","2026-10-09T09:00:00.000000",15.1270456314087
"NB","2026-10-09T10:00:00.000000",15.1208648681641
"NB","2026-10-09T11:00:00.000000",15.1130714416504
"NB","2026-10-09T12:00:00.000000",15.0992660522461
"NB","2026-10-09T13:00:00.000000",15.0814580917358
"NB","2026-10-09T14:00:00.000000",15.0575485229492
"NB","2026-10-09T15:00:00.000000",15.0374422073364
"NB","2026-10-09T16:00:00.000000",15.0347423553467
"NB","2026-10-09T17:00:00.000000",15.0396842956543
"NB","2026-10-09T18:00:00.000000",15.0512723922729
"NB","2026-10-09T19:00:00.000000",15.0678148269653
"NB","2026-10-09T20:00:00.000000",15.0825510025024
"NB","2026-10-09T21:00:00.000000",15.0886735916138
"NB","2026-10-09T22:00:00.000000",15.0814027786255
"NB","2026-10-09T23:00:00.000000",15.0615425109863
"NB","2026-10-10T00:00:00.000000",15.037166595459
"PC","2026-10-02T00:00:00.000000",16.0646915435791
"PC","2026-10-02T01:00:00.000000",16.0683860778809
"PC","2026-10-02T02:00:00.000000",16.0688247680664
"PC","2026-10-02T03:00:00.000000",16.0666675567627
"PC","2026-10-02T04:00:00.000000",16.0608940124512
"PC","2026-10-02T05:00:00.000000",16.0497283935547
"PC","2026-10-02T06:00:00.000000",16.0439529418945
"PC","2026-10-02T07:00:00.000000",16.0418243408203
"PC","2026-10-02T08:00:00.000000",16.0429077148438
"PC","2026-10-02T09:00:00.000000",16.0437889099121
"PC","2026-10-02T10:00:00.000000",16.0448627471924
"PC","2026-10-02T11:00:00.000000",16.0457954406738
"PC","2026-10-02T12:00:00.000000",16.0469608306885
"PC","2026-10-02T13:00:00.000000",16.0491676330566
"PC","2026-10-02T14:00:00.000000",16.0524272918701
"PC","2026-10-02T15:00:00.000000",16.0594158172607
"PC","2026-10-02T16:00:00.000000",16.0728549957275
"PC","2026-10-02T17:00:00.000000",16.0904960632324
"PC","2026-10-02T18:00:00.000000",16.1078109741211
"PC","2026-10-02T19:00:00.000000",16.1265125274658
"PC","2026-10-02T20:00:00.000000",16.1409511566162
"PC","2026-10-02T21:00:00.000000",16.1486644744873
"PC","2026-10-02T22:00:00.000000",16.14723777771
"PC","2026-10-02T23:00:00.000000",16.1422843933105
"PC","2026-10-03T00:00:00.000000",16.1368637084961
"PC","2026-10-03T01:00:00.000000",16.1300029754639
"PC","2026-10-03T02:00:00.000000",16.1267318725586
"PC","2026-10-03T03:00:00.000000",16.125545501709
"PC","2026-10-03T04:00:00.000000",16.1273632049561
"PC","2026-10-03T05:00:00.000000",16.1370849609375
"PC","2026-10-03T06:00:00.000000",16.1468868255615
"PC","2026-10-03T07:00:00.000000",16.1583156585693
"PC","2026-10-03T08:00:00.000000",16.172679901123
"PC","2026-10-03T09:00:00.000000",16.1816806793213
"PC","2026-10-03T10:00:00.000000",16.1808013916016
"PC","2026-10-03T11:00:00.000000",16.1785068511963
"PC","2026-10-03T12:00:00.000000",16.1775341033936
"PC","2026-10-03T13:00:00.000000",16.1795444488525
"PC","2026-10-03T14:00:00.000000",16.1843605041504
"PC","2026-10-03T15:00:00.000000",16.1932964324951
"PC","2026-10-03T16:00:00.000000",16.2135486602783
"PC","2026-10-03T17:00:00.000000",16.2406120300293
"PC","2026-10-03T18:00:00.000000",16.2735385894775
"PC","2026-10-03T19:00:00.000000",16.3314800262451
"PC","2026-10-03T20:00:00.000000",16.3475112915039
"PC","2026-10-03T21:00:00.000000",16.353048324585
"PC","2026-10-03T22:00:00.000000",16.3520565032959
"PC","2026-10-03T23:00:00.000000",16.3489856719971
"PC","2026-10-04T00:00:00.000000",16.346960067749
"PC","2026-10-04T01:00:00.000000",16.3457584381104
"PC","2026-10-04T02:00:00.000000",16.3435287475586
"PC","2026-10-04T03:00:00.000000",16.3419876098633
"PC","2026-10-04T04:00:00.000000",16.3442249298096
"PC","2026-10-04T05:00:00.000000",16.3505954742432
"PC","2026-10-04T06:00:00.000000",16.3548221588135
"PC","2026-10-04T07:00:00.000000",16.3553504943848
"PC","2026-10-04T08:00:00.000000",16.3595447540283
"PC","2026-10-04T09:00:00.000000",16.3618640899658
"PC","2026-10-04T10:00:00.000000",16.362621307373
"PC","2026-10-04T11:00:00.000000",16.3615913391113
"PC","2026-10-04T12:00:00.000000",16.3606643676758
"PC","2026-10-04T13:00:00.000000",16.3612442016602
"PC","2026-10-04T14:00:00.000000",16.3629951477051
"PC","2026-10-04T15:00:00.000000",16.3655872344971
"PC","2026-10-04T16:00:00.000000",16.3691234588623
"PC","2026-10-04T17:00:00.000000",16.3755798339844
"PC","2026-10-04T18:00:00.000000",16.3823204040527
"PC","2026-10-04T19:00:00.000000",16.3967208862305
"PC","2026-10-04T20:00:00.000000",16.4302196502686
"PC","2026-10-04T21:00:00.000000",16.4372978210449
"PC","2026-10-04T22:00:00.000000",16.4397125244141
"PC","2026-10-04T23:00:00.000000",16.4390335083008
"PC","2026-10-05T00:00:00.000000",16.4371013641357
"PC","2026-10-05T01:00:00.000000",16.4356994628906
"PC","2026-10-05T02:00:00.000000",16.4351902008057
"PC","2026-10-05T03:00:00.000000",16.4346694946289
"PC","2026-10-05T04:00:00.000000",16.4341793060303
"PC","2026-10-05T05:00:00.000000",16.4340400695801
"PC","2026-10-05T06:00:00.000000",16.4342308044434
"PC","2026-10-05T07:00:00.000000",16.4342193603516
"PC","2026-10-05T08:00:00.000000",16.4320011138916
"PC","2026-10-05T09:00:00.000000",16.4304256439209
"PC","2026-10-05T10:00:00.000000",16.4305610656738
"PC","2026-10-05T11:00:00.000000",16.4316024780273
"PC","2026-10-05T12:00:00.000000",16.4318408966064
"PC","2026-10-05T13:00:00.000000",16.4323577880859
"PC","2026-10-05T14:00:00.000000",16.4336128234863
"PC","2026-10-05T15:00:00.000000",16.4358673095703
"PC","2026-10-05T16:00:00.000000",16.4390468597412
"PC","2026-10-05T17:00:00.000000",16.4435138702393
"PC","2026-10-05T18:00:00.000000",16.4512882232666
"PC","2026-10-05T19:00:00.000000",16.4614772796631
"PC","2026-10-05T20:00:00.000000",16.4702339172363
"PC","2026-10-05T21:00:00.000000",16.4761066436768
"PC","2026-10-05T22:00:00.000000",16.4803466796875
"PC","2026-10-05T23:00:00.000000",16.482328414917
"PC","2026-10-06T00:00:00.000000",16.4834575653076
"PC","2026-10-06T01:00:00.000000",16.4835052490234
"PC","2026-10-06T02:00:00.000000",16.4835166931152
"PC","2026-10-06T03:00:00.000000",16.4830303192139
"PC","2026-10-06T04:00:00.000000",16.481273651123
"PC","2026-10-06T05:00:00.000000",16.4775085449219
"PC","2026-10-06T06:00:00.000000",16.4720077514648
"PC","2026-10-06T07:00:00.000000",16.4673004150391
"PC","2026-10-06T08:00:00.000000",16.4581108093262
"PC","2026-10-06T09:00:00.000000",16.4454441070557
"PC","2026-10-06T10:00:00.000000",16.4341430664062
"PC","2026-10-06T11:00:00.000000",16.4226894378662
"PC","2026-10-06T12:00:00.000000",16.4156112670898
"PC","2026-10-06T13:00:00.000000",16.4157123565674
"PC","2026-10-06T14:00:00.000000",16.4170799255371
"PC","2026-10-06T15:00:00.000000",16.4200534820557
"PC","2026-10-06T16:00:00.000000",16.4245223999023
"PC","2026-10-06T17:00:00.000000",16.4305019378662
"PC","2026-10-06T18:00:00.000000",16.4355907440186
"PC","2026-10-06T19:00:00.000000",16.4407691955566
"PC","2026-10-06T20:00:00.000000",16.4475574493408
"PC","2026-10-06T21:00:00.000000",16.4515857696533
"PC","2026-10-06T22:00:00.000000",16.4493255615234
"PC","2026-10-06T23:00:00.000000",16.4415435791016
"PC","2026-10-07T00:00:00.000000",16.4371929168701
"PC","2026-10-07T01:00:00.000000",16.4355144500732
"PC","2026-10-07T02:00:00.000000",16.4354858398438
"PC","2026-10-07T03:00:00.000000",16.4361877441406
"PC","2026-10-07T04:00:00.000000",16.437126159668
"PC","2026-10-07T05:00:00.000000",16.4376850128174
"PC","2026-10-07T06:00:00.000000",16.4369335174561
"PC","2026-10-07T07:00:00.000000",16.4352474212646
"PC","2026-10-07T08:00:00.000000",16.4320049285889
"PC","2026-10-07T09:00:00.000000",16.4228858947754
"PC","2026-10-07T10:00:00.000000",16.4072322845459
"PC","2026-10-07T11:00:00.000000",16.3857135772705
"PC","2026-10-07T12:00:00.000000",16.3748569488525
"PC","2026-10-07T13:00:00.000000",16.3709888458252
"PC","2026-10-07T14:00:00.000000",16.3726959228516
"PC","2026-10-07T15:00:00.000000",16.3772964477539
"PC","2026-10-07T16:00:00.000000",16.3827838897705
"PC","2026-10-07T17:00:00.000000",16.3874835968018
"PC","2026-10-07T18:00:00.000000",16.3935356140137
"PC","2026-10-07T19:00:00.000000",16.3986568450928
"PC","2026-10-07T20:00:00.000000",16.4035491943359
"PC","2026-10-07T21:00:00.000000",16.4099082946777
"PC","2026-10-07T22:00:00.000000",16.411527633667
"PC","2026-10-07T23:00:00.000000",16.4051418304443
"PC","2026-10-08T00:00:00.000000",16.3969593048096
"PC","2026-10-08T01:00:00.000000",16.3933372497559
"PC","2026-10-08T02:00:00.000000",16.3921070098877
"PC","2026-10-08T03:00:00.000000",16.3925914764404
"PC","2026-10-08T04:00:00.000000",16.3941287994385
"PC","2026-10-08T05:00:00.000000",16.3959102630615
"PC","2026-10-08T06:00:00.000000",16.3974647521973
"PC","2026-10-08T07:00:00.000000",16.3975791931152
"PC","2026-10-08T08:00:00.000000",16.3973922729492
"PC","2026-10-08T09:00:00.000000",16.3965644836426
"PC","2026-10-08T10:00:00.000000",16.3910675048828
"PC","2026-10-08T11:00:00.000000",16.3775959014893
"PC","2026-10-08T12:00:00.000000",16.3671245574951
"PC","2026-10-08T13:00:00.000000",16.3619174957275
"PC","2026-10-08T14:00:00.000000",16.3596935272217
"PC","2026-10-08T15:00:00.000000",16.3593368530273
"PC","2026-10-08T16:00:00.000000",16.3620758056641
"PC","2026-10-08T17:00:00.000000",16.3699340820312
"PC","2026-10-08T18:00:00.000000",16.3781604766846
"PC","2026-10-08T19:00:00.000000",16.3850688934326
"PC","2026-10-08T20:00:00.000000",16.3897514343262
"PC","2026-10-08T21:00:00.000000",16.3939399719238
"PC","2026-10-08T22:00:00.000000",16.4046516418457
"PC","2026-10-08T23:00:00.000000",16.4071254730225
"PC","2026-10-09T00:00:00.000000",16.402681350708
"PC","2026-10-09T01:00:00.000000",16.3991870880127
"PC","2026-10-09T02:00:00.000000",16.3971061706543
"PC","2026-10-09T03:00:00.000000",16.3959331512451
"PC","2026-10-09T04:00:00.000000",16.3959064483643
"PC","2026-10-09T05:00:00.000000",16.3970737457275
"PC","2026-10-09T06:00:00.000000",16.3986015319824
"PC","2026-10-09T07:00:00.000000",16.3990135192871
"PC","2026-10-09T08:00:00.000000",16.3986587524414
"PC","2026-10-09T09:00:00.000000",16.3980178833008
"PC","2026-10-09T10:00:00.000000",16.395622253418
"PC","2026-10-09T11:00:00.000000",16.3879070281982
"PC","2026-10-09T12:00:00.000000",16.3768825531006
"PC","2026-10-09T13:00:00.000000",16.3705177307129
"PC","2026-10-09T14:00:00.000000",16.3697204589844
"PC","2026-10-09T15:00:00.000000",16.3708877563477
"PC","2026-10-09T16:00:00.000000",16.3725032806396
"PC","2026-10-09T17:00:00.000000",16.37526512146
"PC","2026-10-09T18:00:00.000000",16.3791961669922
"PC","2026-10-09T19:00:00.000000",16.3848838806152
"PC","2026-10-09T20:00:00.000000",16.3913345336914
"PC","2026-10-09T21:00:00.000000",16.3884468078613
"PC","2026-10-09T22:00:00.000000",16.3915939331055
"PC","2026-10-09T23:00:00.000000",16.3948097229004
"PC","2026-10-10T00:00:00.000000",16.3895645141602
"PV","2026-10-02T00:00:00.000000",15.8289461135864
"PV","2026-10-02T01:00:00.000000",15.8013019561768
"PV","2026-10-02T02:00:00.000000",15.5655088424683
"PV","2026-10-02T03:00:00.000000",15.5104427337646
"PV","2026-10-02T04:00:00.000000",15.5354318618774
"PV","2026-10-02T05:00:00.000000",15.5858697891235
"PV","2026-10-02T06:00:00.000000",15.6070137023926
"PV","2026-10-02T07:00:00.000000",15.6315784454346
"PV","2026-10-02T08:00:00.000000",15.6948833465576
"PV","2026-10-02T09:00:00.000000",15.7564668655396
"PV","2026-10-02T10:00:00.000000",15.7730531692505
"PV","2026-10-02T11:00:00.000000",15.770544052124
"PV","2026-10-02T12:00:00.000000",15.7683515548706
"PV","2026-10-02T13:00:00.000000",15.7669668197632
"PV","2026-10-02T14:00:00.000000",15.6140365600586
"PV","2026-10-02T15:00:00.000000",15.4704818725586
"PV","2026-10-02T16:00:00.000000",15.5109453201294
"PV","2026-10-02T17:00:00.000000",15.5868377685547
"PV","2026-10-02T18:00:00.000000",15.605978012085
"PV","2026-10-02T19:00:00.000000",15.6553068161011
"PV","2026-10-02T20:00:00.000000",15.7192478179932
"PV","2026-10-02T21:00:00.000000",15.8252563476562
"PV","2026-10-02T22:00:00.000000",15.8496541976929
"PV","2026-10-02T23:00:00.000000",15.8229475021362
"PV","2026-10-03T00:00:00.000000",15.7957525253296
"PV","2026-10-03T01:00:00.000000",15.7773027420044
"PV","2026-10-03T02:00:00.000000",15.7048597335815
"PV","2026-10-03T03:00:00.000000",15.4566011428833
"PV","2026-10-03T04:00:00.000000",15.3889865875244
"PV","2026-10-03T05:00:00.000000",15.4300880432129
"PV","2026-10-03T06:00:00.000000",15.4739112854004
"PV","2026-10-03T07:00:00.000000",15.4982833862305
"PV","2026-10-03T08:00:00.000000",15.5467796325684
"PV","2026-10-03T09:00:00.000000",15.6108932495117
"PV","2026-10-03T10:00:00.000000",15.6967897415161
"PV","2026-10-03T11:00:00.000000",15.7363452911377
"PV","2026-10-03T12:00:00.000000",15.7205400466919
"PV","2026-10-03T13:00:00.000000",15.707257270813
"PV","2026-10-03T14:00:00.000000",15.6904602050781
"PV","2026-10-03T15:00:00.000000",15.6264886856079
"PV","2026-10-03T16:00:00.000000",15.5083456039429
"PV","2026-10-03T17:00:00.000000",15.6050996780396
"PV","2026-10-03T18:00:00.000000",15.7043104171753
"PV","2026-10-03T19:00:00.000000",15.7635707855225
"PV","2026-10-03T20:00:00.000000",15.8951272964478
"PV","2026-10-03T21:00:00.000000",15.992244720459
"PV","2026-10-03T22:00:00.000000",16.0807876586914
"PV","2026-10-03T23:00:00.000000",16.1363086700439
"PV","2026-10-04T00:00:00.000000",16.1412334442139
"PV","2026-10-04T01:00:00.000000",16.1468944549561
"PV","2026-10-04T02:00:00.000000",16.1417064666748
"PV","2026-10-04T03:00:00.000000",16.12912940979
"PV","2026-10-04T04:00:00.000000",15.7282543182373
"PV","2026-10-04T05:00:00.000000",15.6419095993042
"PV","2026-10-04T06:00:00.000000",15.676718711853
"PV","2026-10-04T07:00:00.000000",15.7024202346802
"PV","2026-10-04T08:00:00.000000",15.702935218811
"PV","2026-10-04T09:00:00.000000",15.7074279785156
"PV","2026-10-04T10:00:00.000000",15.7347755432129
"PV","2026-10-04T11:00:00.000000",15.7837209701538
"PV","2026-10-04T12:00:00.000000",15.8212757110596
"PV","2026-10-04T13:00:00.000000",15.8370866775513
"PV","2026-10-04T14:00:00.000000",15.8545532226562
"PV","2026-10-04T15:00:00.000000",15.8739566802979
"PV","2026-10-04T16:00:00.000000",15.8803491592407
"PV","2026-10-04T17:00:00.000000",15.7986907958984
"PV","2026-10-04T18:00:00.000000",15.8052921295166
"PV","2026-10-04T19:00:00.000000",15.8380260467529
"PV","2026-10-04T20:00:00.000000",15.8788766860962
"PV","2026-10-04T21:00:00.000000",15.9138097763062
"PV","2026-10-04T22:00:00.000000",15.939227104187
"PV","2026-10-04T23:00:00.000000",15.9714441299438
"PV","2026-10-05T00:00:00.000000",15.9773969650269
"PV","2026-10-05T01:00:00.000000",15.9774961471558
"PV","2026-10-05T02:00:00.000000",15.9827003479004
"PV","2026-10-05T03:00:00.000000",15.9789266586304
"PV","2026-10-05T04:00:00.000000",15.9767932891846
"PV","2026-10-05T05:00:00.000000",15.7442274093628
"PV","2026-10-05T06:00:00.000000",15.6561346054077
"PV","2026-10-05T07:00:00.000000",15.6941795349121
"PV","2026-10-05T08:00:00.000000",15.7095708847046
"PV","2026-10-05T09:00:00.000000",15.7087087631226
"PV","2026-10-05T10:00:00.000000",15.7086839675903
"PV","2026-10-05T11:00:00.000000",15.722020149231
"PV","2026-10-05T12:00:00.000000",15.7699871063232
"PV","2026-10-05T13:00:00.000000",15.8256559371948
"PV","2026-10-05T14:00:00.000000",15.8442621231079
"PV","2026-10-05T15:00:00.000000",15.8595361709595
"PV","2026-10-05T16:00:00.000000",15.8674230575562
"PV","2026-10-05T17:00:00.000000",15.8012914657593
"PV","2026-10-05T18:00:00.000000",15.6169738769531
"PV","2026-10-05T19:00:00.000000",15.5430145263672
"PV","2026-10-05T20:00:00.000000",15.5606508255005
"PV","2026-10-05T21:00:00.000000",15.5868806838989
"PV","2026-10-05T22:00:00.000000",15.6202564239502
"PV","2026-10-05T23:00:00.000000",15.6298522949219
"PV","2026-10-06T00:00:00.000000",15.6640138626099
"PV","2026-10-06T01:00:00.000000",15.6858234405518
"PV","2026-10-06T02:00:00.000000",15.697546005249
"PV","2026-10-06T03:00:00.000000",15.700421333313
"PV","2026-10-06T04:00:00.000000",15.7023344039917
"PV","2026-10-06T05:00:00.000000",15.7000789642334
"PV","2026-10-06T06:00:00.000000",15.4898929595947
"PV","2026-10-06T07:00:00.000000",15.3959426879883
"PV","2026-10-06T08:00:00.000000",15.39488697052
"PV","2026-10-06T09:00:00.000000",15.4107131958008
"PV","2026-10-06T10:00:00.000000",15.4312906265259
"PV","2026-10-06T11:00:00.000000",15.449595451355
"PV","2026-10-06T12:00:00.000000",15.477029800415
"PV","2026-10-06T13:00:00.000000",15.5137214660645
"PV","2026-10-06T14:00:00.000000",15.5510082244873
"PV","2026-10-06T15:00:00.000000",15.5761079788208
"PV","2026-10-06T16:00:00.000000",15.5927782058716
"PV","2026-10-06T17:00:00.000000",15.5938625335693
"PV","2026-10-06T18:00:00.000000",15.5468397140503
"PV","2026-10-06T19:00:00.000000",15.3142576217651
"PV","2026-10-06T20:00:00.000000",15.2448844909668
"PV","2026-10-06T21:00:00.000000",15.2383766174316
"PV","2026-10-06T22:00:00.000000",15.2634897232056
"PV","2026-10-06T23:00:00.000000",15.2903671264648
"PV","2026-10-07T00:00:00.000000",15.3194618225098
"PV","2026-10-07T01:00:00.000000",15.3544979095459
"PV","2026-10-07T02:00:00.000000",15.4083766937256
"PV","2026-10-07T03:00:00.000000",15.4514331817627
"PV","2026-10-07T04:00:00.000000",15.4755220413208
"PV","2026-10-07T05:00:00.000000",15.4818286895752
"PV","2026-10-07T06:00:00.000000",15.4787607192993
"PV","2026-10-07T07:00:00.000000",15.4234170913696
"PV","2026-10-07T08:00:00.000000",15.2143287658691
"PV","2026-10-07T09:00:00.000000",15.1610469818115
"PV","2026-10-07T10:00:00.000000",15.1869888305664
"PV","2026-10-07T11:00:00.000000",15.2302589416504
"PV","2026-10-07T12:00:00.000000",15.2720336914062
"PV","2026-10-07T13:00:00.000000",15.3043899536133
"PV","2026-10-07T14:00:00.000000",15.3438186645508
"PV","2026-10-07T15:00:00.000000",15.3943862915039
"PV","2026-10-07T16:00:00.000000",15.4343976974487
"PV","2026-10-07T17:00:00.000000",15.4553966522217
"PV","2026-10-07T18:00:00.000000",15.4708471298218
"PV","2026-10-07T19:00:00.000000",15.4711055755615
"PV","2026-10-07T20:00:00.000000",15.3073320388794
"PV","2026-10-07T21:00:00.000000",15.2590951919556
"PV","2026-10-07T22:00:00.000000",15.2736988067627
"PV","2026-10-07T23:00:00.000000",15.3300714492798
"PV","2026-10-08T00:00:00.000000",15.3804063796997
"PV","2026-10-08T01:00:00.000000",15.4471483230591
"PV","2026-10-08T02:00:00.000000",15.5241041183472
"PV","2026-10-08T03:00:00.000000",15.558952331543
"PV","2026-10-08T04:00:00.000000",15.5635395050049
"PV","2026-10-08T05:00:00.000000",15.5710515975952
"PV","2026-10-08T06:00:00.000000",15.5734376907349
"PV","2026-10-08T07:00:00.000000",15.5735139846802
"PV","2026-10-08T08:00:00.000000",15.3798637390137
"PV","2026-10-08T09:00:00.000000",15.1594610214233
"PV","2026-10-08T10:00:00.000000",15.0865879058838
"PV","2026-10-08T11:00:00.000000",15.1000204086304
"PV","2026-10-08T12:00:00.000000",15.1752672195435
"PV","2026-10-08T13:00:00.000000",15.2261629104614
"PV","2026-10-08T14:00:00.000000",15.2764320373535
"PV","2026-10-08T15:00:00.000000",15.3629932403564
"PV","2026-10-08T16:00:00.000000",15.4302768707275
"PV","2026-10-08T17:00:00.000000",15.4582357406616
"PV","2026-10-08T18:00:00.000000",15.4708881378174
"PV","2026-10-08T19:00:00.000000",15.4712648391724
"PV","2026-10-08T20:00:00.000000",15.4187774658203
"PV","2026-10-08T21:00:00.000000",15.1556615829468
"PV","2026-10-08T22:00:00.000000",15.0635290145874
"PV","2026-10-08T23:00:00.000000",15.0594358444214
"PV","2026-10-09T00:00:00.000000",15.1109704971313
"PV","2026-10-09T01:00:00.000000",15.1642484664917
"PV","2026-10-09T02:00:00.000000",15.202091217041
"PV","2026-10-09T03:00:00.000000",15.2741613388062
"PV","2026-10-09T04:00:00.000000",15.3812036514282
"PV","2026-10-09T05:00:00.000000",15.3876934051514
"PV","2026-10-09T06:00:00.000000",15.3866453170776
"PV","2026-10-09T07:00:00.000000",15.3742084503174
"PV","2026-10-09T08:00:00.000000",15.3488130569458
"PV","2026-10-09T09:00:00.000000",15.0902042388916
"PV","2026-10-09T10:00:00.000000",14.9650087356567
"PV","2026-10-09T11:00:00.000000",14.9069881439209
"PV","2026-10-09T12:00:00.000000",14.9144668579102
"PV","2026-10-09T13:00:00.000000",14.9581604003906
"PV","2026-10-09T14:00:00.000000",14.99267578125
"PV","2026-10-09T15:00:00.000000",15.0367422103882
"PV","2026-10-09T16:00:00.000000",15.1068134307861
"PV","2026-10-09T17:00:00.000000",15.1831502914429
"PV","2026-10-09T18:00:00.000000",15.2296495437622
"PV","2026-10-09T19:00:00.000000",15.2543115615845
"PV","2026-10-09T20:00:00.000000",15.2617845535278
"PV","2026-10-09T21:00:00.000000",15.2124252319336
"PV","2026-10-09T22:00:00.000000",15.0315732955933
"PV","2026-10-09T23:00:00.000000",14.950644493103
"PV","2026-10-10T00:00:00.000000",14.9185266494751
"SH","2026-10-02T00:00:00.000000",16.1805763244629
"SH","2026-10-02T01:00:00.000000",16.1074829101562
"SH","2026-10-02T02:00:00.000000",16.0878467559814
"SH","2026-10-02T03:00:00.000000",16.1603889465332
"SH","2026-10-02T04:00:00.000000",16.2927837371826
"SH","2026-10-02T05:00:00.000000",16.3063907623291
"SH","2026-10-02T06:00:00.000000",16.3002052307129
"SH","2026-10-02T07:00:00.000000",16.2932167053223
"SH","2026-10-02T08:00:00.000000",16.2905750274658
"SH","2026-10-02T09:00:00.000000",16.2954654693604
"SH","2026-10-02T10:00:00.000000",16.2980442047119
"SH","2026-10-02T11:00:00.000000",16.280574798584
"SH","2026-10-02T12:00:00.000000",16.266622543335
"SH","2026-10-02T13:00:00.000000",16.2273864746094
"SH","2026-10-02T14:00:00.000000",16.2100315093994
"SH","2026-10-02T15:00:00.000000",16.2229652404785
"SH","2026-10-02T16:00:00.000000",16.2661209106445
"SH","2026-10-02T17:00:00.000000",16.2720069885254
"SH","2026-10-02T18:00:00.000000",16.2681732177734
"SH","2026-10-02T19:00:00.000000",16.2690010070801
"SH","2026-10-02T20:00:00.000000",16.2829341888428
"SH","2026-10-02T21:00:00.000000",16.3148002624512
"SH","2026-10-02T22:00:00.000000",16.3421478271484
"SH","2026-10-02T23:00:00.000000",16.3330917358398
"SH","2026-10-03T00:00:00.000000",16.3216953277588
"SH","2026-10-03T01:00:00.000000",16.24684715271
"SH","2026-10-03T02:00:00.000000",16.1318912506104
"SH","2026-10-03T03:00:00.000000",16.1118946075439
"SH","2026-10-03T04:00:00.000000",16.1243953704834
"SH","2026-10-03T05:00:00.000000",16.1554107666016
"SH","2026-10-03T06:00:00.000000",16.1744689941406
"SH","2026-10-03T07:00:00.000000",16.1843910217285
"SH","2026-10-03T08:00:00.000000",16.1887016296387
"SH","2026-10-03T09:00:00.000000",16.1914577484131
"SH","2026-10-03T10:00:00.000000",16.209774017334
"SH","2026-10-03T11:00:00.000000",16.2314548492432
"SH","2026-10-03T12:00:00.000000",16.2358741760254
"SH","2026-10-03T13:00:00.000000",16.2390213012695
"SH","2026-10-03T14:00:00.000000",16.2362327575684
"SH","2026-10-03T15:00:00.000000",16.2387313842773
"SH","2026-10-03T16:00:00.000000",16.2722949981689
"SH","2026-10-03T17:00:00.000000",16.3641948699951
"SH","2026-10-03T18:00:00.000000",16.4165954589844
"SH","2026-10-03T19:00:00.000000",16.4328193664551
"SH","2026-10-03T20:00:00.000000",16.4371109008789
"SH","2026-10-03T21:00:00.000000",16.4454307556152
"SH","2026-10-03T22:00:00.000000",16.4784965515137
"SH","2026-10-03T23:00:00.000000",16.4936084747314
"SH","2026-10-04T00:00:00.000000",16.465217590332
"SH","2026-10-04T01:00:00.000000",16.4143447875977
"SH","2026-10-04T02:00:00.000000",16.3923397064209
"SH","2026-10-04T03:00:00.000000",16.3545551300049
"SH","2026-10-04T04:00:00.000000",16.362491607666
"SH","2026-10-04T05:00:00.000000",16.3835353851318
"SH","2026-10-04T06:00:00.000000",16.3930683135986
"SH","2026-10-04T07:00:00.000000",16.374626159668
"SH","2026-10-04T08:00:00.000000",16.3560523986816
"SH","2026-10-04T09:00:00.000000",16.3462867736816
"SH","2026-10-04T10:00:00.000000",16.3482551574707
"SH","2026-10-04T11:00:00.000000",16.3680725097656
"SH","2026-10-04T12:00:00.000000",16.3956089019775
"SH","2026-10-04T13:00:00.000000",16.4015216827393
"SH","2026-10-04T14:00:00.000000",16.4012069702148
"SH","2026-10-04T15:00:00.000000",16.4018249511719
"SH","2026-10-04T16:00:00.000000",16.4038066864014
"SH","2026-10-04T17:00:00.000000",16.413818359375
"SH","2026-10-04T18:00:00.000000",16.4197940826416
"SH","2026-10-04T19:00:00.000000",16.4147815704346
"SH","2026-10-04T20:00:00.000000",16.4144706726074
"SH","2026-10-04T21:00:00.000000",16.4191398620605
"SH","2026-10-04T22:00:00.000000",16.4321250915527
"SH","2026-10-04T23:00:00.000000",16.4448127746582
"SH","2026-10-05T00:00:00.000000",16.462438583374
"SH","2026-10-05T01:00:00.000000",16.4656295776367
"SH","2026-10-05T02:00:00.000000",16.4596614837646
"SH","2026-10-05T03:00:00.000000",16.45041847229
"SH","2026-10-05T04:00:00.000000",16.437744140625
"SH","2026-10-05T05:00:00.000000",16.4369163513184
"SH","2026-10-05T06:00:00.000000",16.4259376525879
"SH","2026-10-05T07:00:00.000000",16.3643932342529
"SH","2026-10-05T08:00:00.000000",16.3218154907227
"SH","2026-10-05T09:00:00.000000",16.2967987060547
"SH","2026-10-05T10:00:00.000000",16.2852954864502
"SH","2026-10-05T11:00:00.000000",16.2854251861572
"SH","2026-10-05T12:00:00.000000",16.3013744354248
"SH","2026-10-05T13:00:00.000000",16.3518943786621
"SH","2026-10-05T14:00:00.000000",16.3827114105225
"SH","2026-10-05T15:00:00.000000",16.4016761779785
"SH","2026-10-05T16:00:00.000000",16.4213447570801
"SH","2026-10-05T17:00:00.000000",16.42844581604
"SH","2026-10-05T18:00:00.000000",16.4366607666016
"SH","2026-10-05T19:00:00.000000",16.3851642608643
"SH","2026-10-05T20:00:00.000000",16.3393154144287
"SH","2026-10-05T21:00:00.000000",16.3203258514404
"SH","2026-10-05T22:00:00.000000",16.3075218200684
"SH","2026-10-05T23:00:00.000000",16.3026313781738
"SH","2026-10-06T00:00:00.000000",16.2979583740234
"SH","2026-10-06T01:00:00.000000",16.3352127075195
"SH","2026-10-06T02:00:00.000000",16.3771896362305
"SH","2026-10-06T03:00:00.000000",16.3989810943604
"SH","2026-10-06T04:00:00.000000",16.4102764129639
"SH","2026-10-06T05:00:00.000000",16.4024848937988
"SH","2026-10-06T06:00:00.000000",16.3997955322266
"SH","2026-10-06T07:00:00.000000",16.3891105651855
"SH","2026-10-06T08:00:00.000000",16.342134475708
"SH","2026-10-06T09:00:00.000000",16.3039741516113
"SH","2026-10-06T10:00:00.000000",16.2795543670654
"SH","2026-10-06T11:00:00.000000",16.2676467895508
"SH","2026-10-06T12:00:00.000000",16.2651901245117
"SH","2026-10-06T13:00:00.000000",16.2595958709717
"SH","2026-10-06T14:00:00.000000",16.2773361206055
"SH","2026-10-06T15:00:00.000000",16.3066577911377
"SH","2026-10-06T16:00:00.000000",16.3412971496582
"SH","2026-10-06T17:00:00.000000",16.3513107299805
"SH","2026-10-06T18:00:00.000000",16.3541030883789
"SH","2026-10-06T19:00:00.000000",16.3547973632812
"SH","2026-10-06T20:00:00.000000",16.3154621124268
"SH","2026-10-06T21:00:00.000000",16.2869663238525
"SH","2026-10-06T22:00:00.000000",16.2777824401855
"SH","2026-10-06T23:00:00.000000",16.2743873596191
"SH","2026-10-07T00:00:00.000000",16.2724609375
"SH","2026-10-07T01:00:00.000000",16.2688694000244
"SH","2026-10-07T02:00:00.000000",16.2557239532471
"SH","2026-10-07T03:00:00.000000",16.269832611084
"SH","2026-10-07T04:00:00.000000",16.2892627716064
"SH","2026-10-07T05:00:00.000000",16.3116874694824
"SH","2026-10-07T06:00:00.000000",16.3137111663818
"SH","2026-10-07T07:00:00.000000",16.3142852783203
"SH","2026-10-07T08:00:00.000000",16.3010082244873
"SH","2026-10-07T09:00:00.000000",16.2916946411133
"SH","2026-10-07T10:00:00.000000",16.3000411987305
"SH","2026-10-07T11:00:00.000000",16.3028736114502
"SH","2026-10-07T12:00:00.000000",16.3013858795166
"SH","2026-10-07T13:00:00.000000",16.3013496398926
"SH","2026-10-07T14:00:00.000000",16.2983455657959
"SH","2026-10-07T15:00:00.000000",16.2834014892578
"SH","2026-10-07T16:00:00.000000",16.2914695739746
"SH","2026-10-07T17:00:00.000000",16.3131427764893
"SH","2026-10-07T18:00:00.000000",16.3236083984375
"SH","2026-10-07T19:00:00.000000",16.3285102844238
"SH","2026-10-07T20:00:00.000000",16.3311748504639
"SH","2026-10-07T21:00:00.000000",16.3011074066162
"SH","2026-10-07T22:00:00.000000",16.2478828430176
"SH","2026-10-07T23:00:00.000000",16.2143859863281
"SH","2026-10-08T00:00:00.000000",16.2026386260986
"SH","2026-10-08T01:00:00.000000",16.1939086914062
"SH","2026-10-08T02:00:00.000000",16.1775379180908
"SH","2026-10-08T03:00:00.000000",16.1677932739258
"SH","2026-10-08T04:00:00.000000",16.2014064788818
"SH","2026-10-08T05:00:00.000000",16.2485370635986
"SH","2026-10-08T06:00:00.000000",16.2919940948486
"SH","2026-10-08T07:00:00.000000",16.3015823364258
"SH","2026-10-08T08:00:00.000000",16.3052139282227
"SH","2026-10-08T09:00:00.000000",16.2860164642334
"SH","2026-10-08T10:00:00.000000",16.2218074798584
"SH","2026-10-08T11:00:00.000000",16.1907405853271
"SH","2026-10-08T12:00:00.000000",16.184741973877
"SH","2026-10-08T13:00:00.000000",16.1823043823242
"SH","2026-10-08T14:00:00.000000",16.1840705871582
"SH","2026-10-08T15:00:00.000000",16.191858291626
"SH","2026-10-08T16:00:00.000000",16.2135047912598
"SH","2026-10-08T17:00:00.000000",16.2512226104736
"SH","2026-10-08T18:00:00.000000",16.2905807495117
"SH","2026-10-08T19:00:00.000000",16.3277626037598
"SH","2026-10-08T20:00:00.000000",16.3422203063965
"SH","2026-10-08T21:00:00.000000",16.3459167480469
"SH","2026-10-08T22:00:00.000000",16.2769203186035
"SH","2026-10-08T23:00:00.000000",16.1620216369629
"SH","2026-10-09T00:00:00.000000",16.1188335418701
"SH","2026-10-09T01:00:00.000000",16.1011943817139
"SH","2026-10-09T02:00:00.000000",16.0936279296875
"SH","2026-10-09T03:00:00.000000",16.0927810668945
"SH","2026-10-09T04:00:00.000000",16.1204204559326
"SH","2026-10-09T05:00:00.000000",16.1787700653076
"SH","2026-10-09T06:00:00.000000",16.2319526672363
"SH","2026-10-09T07:00:00.000000",16.287353515625
"SH","2026-10-09T08:00:00.000000",16.3058815002441
"SH","2026-10-09T09:00:00.000000",16.3090476989746
"SH","2026-10-09T10:00:00.000000",16.265308380127
"SH","2026-10-09T11:00:00.000000",16.1151313781738
"SH","2026-10-09T12:00:00.000000",16.045934677124
"SH","2026-10-09T13:00:00.000000",16.0319538116455
"SH","2026-10-09T14:00:00.000000",16.0291805267334
"SH","2026-10-09T15:00:00.000000",16.0341548919678
"SH","2026-10-09T16:00:00.000000",16.0523262023926
"SH","2026-10-09T17:00:00.000000",16.1128711700439
"SH","2026-10-09T18:00:00.000000",16.1807231903076
"SH","2026-10-09T19:00:00.000000",16.2635440826416
"SH","2026-10-09T20:00:00.000000",16.2994594573975
"SH","2026-10-09T21:00:00.000000",16.3219470977783
"SH","2026-10-09T22:00:00.000000",16.3157501220703
"SH","2026-10-09T23:00:00.000000",16.1964321136475
"SH","2026-10-10T00:00:00.000000",16.0827178955078
"WB","2026-10-02T00:00:00.000000",15.6395435333252
"WB","2026-10-02T01:00:00.000000",15.6192817687988
"WB","2026-10-02T02:00:00.000000",15.592342376709
"WB","2026-10-02T03:00:00.000000",15.5663375854492
"WB","2026-10-02T04:00:00.000000",15.5406980514526
"WB","2026-10-02T05:00:00.000000",15.5142278671265
"WB","2026-10-02T06:00:00.000000",15.4918327331543
"WB","2026-10-02T07:00:00.000000",15.4783754348755
"WB","2026-10-02T08:00:00.000000",15.4743614196777
"WB","2026-10-02T09:00:00.000000",15.4839506149292
"WB","2026-10-02T10:00:00.000000",15.4964752197266
"WB","2026-10-02T11:00:00.000000",15.5173740386963
"WB","2026-10-02T12:00:00.000000",15.534595489502
"WB","2026-10-02T13:00:00.000000",15.5406370162964
"WB","2026-10-02T14:00:00.000000",15.5240106582642
"WB","2026-10-02T15:00:00.000000",15.494330406189
"WB","2026-10-02T16:00:00.000000",15.4812688827515
"WB","2026-10-02T17:00:00.000000",15.4698324203491
"WB","2026-10-02T18:00:00.000000",15.4559717178345
"WB","2026-10-02T19:00:00.000000",15.447247505188
"WB","2026-10-02T20:00:00.000000",15.4422807693481
"WB","2026-10-02T21:00:00.000000",15.4455518722534
"WB","2026-10-02T22:00:00.000000",15.4573984146118
"WB","2026-10-02T23:00:00.000000",15.4714269638062
"WB","2026-10-03T00:00:00.000000",15.4758949279785
"WB","2026-10-03T01:00:00.000000",15.4670343399048
"WB","2026-10-03T02:00:00.000000",15.4596509933472
"WB","2026-10-03T03:00:00.000000",15.4412784576416
"WB","2026-10-03T04:00:00.000000",15.4289693832397
"WB","2026-10-03T05:00:00.000000",15.4215126037598
"WB","2026-10-03T06:00:00.000000",15.409951210022
"WB","2026-10-03T07:00:00.000000",15.397533416748
"WB","2026-10-03T08:00:00.000000",15.3910474777222
"WB","2026-10-03T09:00:00.000000",15.393931388855
"WB","2026-10-03T10:00:00.000000",15.4089689254761
"WB","2026-10-03T11:00:00.000000",15.4211692810059
"WB","2026-10-03T12:00:00.000000",15.4230899810791
"WB","2026-10-03T13:00:00.000000",15.4226093292236
"WB","2026-10-03T14:00:00.000000",15.4242792129517
"WB","2026-10-03T15:00:00.000000",15.4232206344604
"WB","2026-10-03T16:00:00.000000",15.4171581268311
"WB","2026-10-03T17:00:00.000000",15.4232625961304
"WB","2026-10-03T18:00:00.000000",15.4437351226807
"WB","2026-10-03T19:00:00.000000",15.447829246521
"WB","2026-10-03T20:00:00.000000",15.4554891586304
"WB","2026-10-03T21:00:00.000000",15.4738702774048
"WB","2026-10-03T22:00:00.000000",15.611870765686
"WB","2026-10-03T23:00:00.000000",15.7474746704102
"WB","2026-10-04T00:00:00.000000",15.7647571563721
"WB","2026-10-04T01:00:00.000000",15.7667675018311
"WB","2026-10-04T02:00:00.000000",15.7593126296997
"WB","2026-10-04T03:00:00.000000",15.7356700897217
"WB","2026-10-04T04:00:00.000000",15.6900033950806
"WB","2026-10-04T05:00:00.000000",15.677864074707
"WB","2026-10-04T06:00:00.000000",15.6699275970459
"WB","2026-10-04T07:00:00.000000",15.6538743972778
"WB","2026-10-04T08:00:00.000000",15.6329412460327
"WB","2026-10-04T09:00:00.000000",15.6192941665649
"WB","2026-10-04T10:00:00.000000",15.620659828186
"WB","2026-10-04T11:00:00.000000",15.6446781158447
"WB","2026-10-04T12:00:00.000000",15.6532316207886
"WB","2026-10-04T13:00:00.000000",15.6556749343872
"WB","2026-10-04T14:00:00.000000",15.6620998382568
"WB","2026-10-04T15:00:00.000000",15.6694278717041
"WB","2026-10-04T16:00:00.000000",15.6710519790649
"WB","2026-10-04T17:00:00.000000",15.680323600769
"WB","2026-10-04T18:00:00.000000",15.6862659454346
"WB","2026-10-04T19:00:00.000000",15.6948747634888
"WB","2026-10-04T20:00:00.000000",15.7080564498901
"WB","2026-10-04T21:00:00.000000",15.7207384109497
"WB","2026-10-04T22:00:00.000000",15.7264060974121
"WB","2026-10-04T23:00:00.000000",15.7279891967773
"WB","2026-10-05T00:00:00.000000",15.7298727035522
"WB","2026-10-05T01:00:00.000000",15.7320032119751
"WB","2026-10-05T02:00:00.000000",15.7374715805054
"WB","2026-10-05T03:00:00.000000",15.7473783493042
"WB","2026-10-05T04:00:00.000000",15.7500429153442
"WB","2026-10-05T05:00:00.000000",15.7448320388794
"WB","2026-10-05T06:00:00.000000",15.7409257888794
"WB","2026-10-05T07:00:00.000000",15.7327737808228
"WB","2026-10-05T08:00:00.000000",15.7219257354736
"WB","2026-10-05T09:00:00.000000",15.7103366851807
"WB","2026-10-05T10:00:00.000000",15.7024612426758
"WB","2026-10-05T11:00:00.000000",15.7020473480225
"WB","2026-10-05T12:00:00.000000",15.7151651382446
"WB","2026-10-05T13:00:00.000000",15.7322769165039
"WB","2026-10-05T14:00:00.000000",15.7468309402466
"WB","2026-10-05T15:00:00.000000",15.7581815719604
"WB","2026-10-05T16:00:00.000000",15.765700340271
"WB","2026-10-05T17:00:00.000000",15.7651958465576
"WB","2026-10-05T18:00:00.000000",15.7609825134277
"WB","2026-10-05T19:00:00.000000",15.757716178894
"WB","2026-10-05T20:00:00.000000",15.7436809539795
"WB","2026-10-05T21:00:00.000000",15.7178325653076
"WB","2026-10-05T22:00:00.000000",15.6899843215942
"WB","2026-10-05T23:00:00.000000",15.6706647872925
"WB","2026-10-06T00:00:00.000000",15.6660060882568
"WB","2026-10-06T01:00:00.000000",15.6738128662109
"WB","2026-10-06T02:00:00.000000",15.662070274353
"WB","2026-10-06T03:00:00.000000",15.6436262130737
"WB","2026-10-06T04:00:00.000000",15.6244812011719
"WB","2026-10-06T05:00:00.000000",15.6118993759155
"WB","2026-10-06T06:00:00.000000",15.6057472229004
"WB","2026-10-06T07:00:00.000000",15.6065282821655
"WB","2026-10-06T08:00:00.000000",15.5942277908325
"WB","2026-10-06T09:00:00.000000",15.5692358016968
"WB","2026-10-06T10:00:00.000000",15.5402584075928
"WB","2026-10-06T11:00:00.000000",15.512300491333
"WB","2026-10-06T12:00:00.000000",15.4887762069702
"WB","2026-10-06T13:00:00.000000",15.4909372329712
"WB","2026-10-06T14:00:00.000000",15.4851808547974
"WB","2026-10-06T15:00:00.000000",15.4606513977051
"WB","2026-10-06T16:00:00.000000",15.4276714324951
"WB","2026-10-06T17:00:00.000000",15.4025564193726
"WB","2026-10-06T18:00:00.000000",15.390721321106
"WB","2026-10-06T19:00:00.000000",15.3922576904297
"WB","2026-10-06T20:00:00.000000",15.399432182312
"WB","2026-10-06T21:00:00.000000",15.3863410949707
"WB","2026-10-06T22:00:00.000000",15.3569393157959
"WB","2026-10-06T23:00:00.000000",15.3268356323242
"WB","2026-10-07T00:00:00.000000",15.3084497451782
"WB","2026-10-07T01:00:00.000000",15.3056936264038
"WB","2026-10-07T02:00:00.000000",15.3167715072632
"WB","2026-10-07T03:00:00.000000",15.2883520126343
"WB","2026-10-07T04:00:00.000000",15.2395801544189
"WB","2026-10-07T05:00:00.000000",15.2032051086426
"WB","2026-10-07T06:00:00.000000",15.1855459213257
"WB","2026-10-07T07:00:00.000000",15.1784410476685
"WB","2026-10-07T08:00:00.000000",15.1878757476807
"WB","2026-10-07T09:00:00.000000",15.1916065216064
"WB","2026-10-07T10:00:00.000000",15.1818265914917
"WB","2026-10-07T11:00:00.000000",15.1683111190796
"WB","2026-10-07T12:00:00.000000",15.1560564041138
"WB","2026-10-07T13:00:00.000000",15.1499347686768
"WB","2026-10-07T14:00:00.000000",15.1502208709717
"WB","2026-10-07T15:00:00.000000",15.1440410614014
"WB","2026-10-07T16:00:00.000000",15.1353759765625
"WB","2026-10-07T17:00:00.000000",15.1378059387207
"WB","2026-10-07T18:00:00.000000",15.1533184051514
"WB","2026-10-07T19:00:00.000000",15.1766834259033
"WB","2026-10-07T20:00:00.000000",15.1892385482788
"WB","2026-10-07T21:00:00.000000",15.187328338623
"WB","2026-10-07T22:00:00.000000",15.1870822906494
"WB","2026-10-07T23:00:00.000000",15.1876306533813
"WB","2026-10-08T00:00:00.000000",15.1876516342163
"WB","2026-10-08T01:00:00.000000",15.1941814422607
"WB","2026-10-08T02:00:00.000000",15.226954460144
"WB","2026-10-08T03:00:00.000000",15.2809267044067
"WB","2026-10-08T04:00:00.000000",15.3328418731689
"WB","2026-10-08T05:00:00.000000",15.3459758758545
"WB","2026-10-08T06:00:00.000000",15.3446607589722
"WB","2026-10-08T07:00:00.000000",15.3398952484131
"WB","2026-10-08T08:00:00.000000",15.331582069397
"WB","2026-10-08T09:00:00.000000",15.3201065063477
"WB","2026-10-08T10:00:00.000000",15.3044185638428
"WB","2026-10-08T11:00:00.000000",15.2862844467163
"WB","2026-10-08T12:00:00.000000",15.2647838592529
"WB","2026-10-08T13:00:00.000000",15.2450466156006
"WB","2026-10-08T14:00:00.000000",15.2257385253906
"WB","2026-10-08T15:00:00.000000",15.2148904800415
"WB","2026-10-08T16:00:00.000000",15.2256088256836
"WB","2026-10-08T17:00:00.000000",15.2414960861206
"WB","2026-10-08T18:00:00.000000",15.2422494888306
"WB","2026-10-08T19:00:00.000000",15.2355289459229
"WB","2026-10-08T20:00:00.000000",15.2326154708862
"WB","2026-10-08T21:00:00.000000",15.2376918792725
"WB","2026-10-08T22:00:00.000000",15.2452116012573
"WB","2026-10-08T23:00:00.000000",15.2518148422241
"WB","2026-10-09T00:00:00.000000",15.2497901916504
"WB","2026-10-09T01:00:00.000000",15.2424125671387
"WB","2026-10-09T02:00:00.000000",15.2340269088745
"WB","2026-10-09T03:00:00.000000",15.2267084121704
"WB","2026-10-09T04:00:00.000000",15.2261724472046
"WB","2026-10-09T05:00:00.000000",15.2279539108276
"WB","2026-10-09T06:00:00.000000",15.2025318145752
"WB","2026-10-09T07:00:00.000000",15.1699028015137
"WB","2026-10-09T08:00:00.000000",15.1466503143311
"WB","2026-10-09T09:00:00.000000",15.144118309021
"WB","2026-10-09T10:00:00.000000",15.1690864562988
"WB","2026-10-09T11:00:00.000000",15.1730651855469
"WB","2026-10-09T12:00:00.000000",15.1523742675781
"WB","2026-10-09T13:00:00.000000",15.1301383972168
"WB","2026-10-09T14:00:00.000000",15.1158056259155
"WB","2026-10-09T15:00:00.000000",15.1082849502563
"WB","2026-10-09T16:00:00.000000",15.104811668396
"WB","2026-10-09T17:00:00.000000",15.0875434875488
"WB","2026-10-09T18:00:00.000000",15.0589332580566
"WB","2026-10-09T19:00:00.000000",15.0332632064819
"WB","2026-10-09T20:00:00.000000",15.0159978866577
"WB","2026-10-09T21:00:00.000000",15.0064754486084
"WB","2026-10-09T22:00:00.000000",15.0107946395874
"WB","2026-10-09T23:00:00.000000",15.0339632034302
"WB","2026-10-10T00:00:00.000000",15.04310131073
"CL","2026-10-02T00:00:00.000000",18.4219093322754
"CL","2026-10-02T01:00:00.000000",18.4798393249512
"CL","2026-10-02T02:00:00.000000",18.4811687469482
"CL","2026-10-02T03:00:00.000000",18.4712333679199
"CL","2026-10-02T04:00:00.000000",18.4635448455811
"CL","2026-10-02T05:00:00.000000",18.463098526001
"CL","2026-10-02T06:00:00.000000",18.45290184021
"CL","2026-10-02T07:00:00.000000",18.4311714172363
"CL","2026-10-02T08:00:00.000000",18.330171585083
"CL","2026-10-02T09:00:00.000000",18.2770977020264
"CL","2026-10-02T10:00:00.000000",18.257116317749
"CL","2026-10-02T11:00:00.000000",18.2366809844971
"CL","2026-10-02T12:00:00.000000",18.3471450805664
"CL","2026-10-02T13:00:00.000000",18.4603061676025
"CL","2026-10-02T14:00:00.000000",18.4469165802002
"CL","2026-10-02T15:00:00.000000",18.4308681488037
"CL","2026-10-02T16:00:00.000000",18.416467666626
"CL","2026-10-02T17:00:00.000000",18.4096641540527
"CL","2026-10-02T18:00:00.000000",18.4163722991943
"CL","2026-10-02T19:00:00.000000",18.4275550842285
"CL","2026-10-02T20:00:00.000000",18.4361038208008
"CL","2026-10-02T21:00:00.000000",18.4282112121582
"CL","2026-10-02T22:00:00.000000",18.397762298584
"CL","2026-10-02T23:00:00.000000",18.3472728729248
"CL","2026-10-03T00:00:00.000000",18.2895679473877
"CL","2026-10-03T01:00:00.000000",18.3280506134033
"CL","2026-10-03T02:00:00.000000",18.4218635559082
"CL","2026-10-03T03:00:00.000000",18.4161319732666
"CL","2026-10-03T04:00:00.000000",18.4153327941895
"CL","2026-10-03T05:00:00.000000",18.4171047210693
"CL","2026-10-03T06:00:00.000000",18.4096908569336
"CL","2026-10-03T07:00:00.000000",18.3857936859131
"CL","2026-10-03T08:00:00.000000",18.3026924133301
"CL","2026-10-03T09:00:00.000000",18.2172737121582
"CL","2026-10-03T10:00:00.000000",18.1751136779785
"CL","2026-10-03T11:00:00.000000",18.1616401672363
"CL","2026-10-03T12:00:00.000000",18.1507740020752
"CL","2026-10-03T13:00:00.000000",18.1645183563232
"CL","2026-10-03T14:00:00.000000",18.4321613311768
"CL","2026-10-03T15:00:00.000000",18.4340572357178
"CL","2026-10-03T16:00:00.000000",18.4298229217529
"CL","2026-10-03T17:00:00.000000",18.4332523345947
"CL","2026-10-03T18:00:00.000000",18.440544128418
"CL","2026-10-03T19:00:00.000000",18.4461040496826
"CL","2026-10-03T20:00:00.000000",18.45068359375
"CL","2026-10-03T21:00:00.000000",18.4502353668213
"CL","2026-10-03T22:00:00.000000",18.4399185180664
"CL","2026-10-03T23:00:00.000000",18.4283275604248
"CL","2026-10-04T00:00:00.000000",18.3989410400391
"CL","2026-10-04T01:00:00.000000",18.3669242858887
"CL","2026-10-04T02:00:00.000000",18.3636455535889
"CL","2026-10-04T03:00:00.000000",18.4443454742432
"CL","2026-10-04T04:00:00.000000",18.4408302307129
"CL","2026-10-04T05:00:00.000000",18.4372806549072
"CL","2026-10-04T06:00:00.000000",18.4328308105469
"CL","2026-10-04T07:00:00.000000",18.4235973358154
"CL","2026-10-04T08:00:00.000000",18.406457901001
"CL","2026-10-04T09:00:00.000000",18.3951778411865
"CL","2026-10-04T10:00:00.000000",18.3611583709717
"CL","2026-10-04T11:00:00.000000",18.3225135803223
"CL","2026-10-04T12:00:00.000000",18.3014583587646
"CL","2026-10-04T13:00:00.000000",18.2618827819824
"CL","2026-10-04T14:00:00.000000",18.324197769165
"CL","2026-10-04T15:00:00.000000",18.369312286377
"CL","2026-10-04T16:00:00.000000",18.3711261749268
"CL","2026-10-04T17:00:00.000000",18.3798084259033
"CL","2026-10-04T18:00:00.000000",18.3953132629395
"CL","2026-10-04T19:00:00.000000",18.410285949707
"CL","2026-10-04T20:00:00.000000",18.4062232971191
"CL","2026-10-04T21:00:00.000000",18.3870143890381
"CL","2026-10-04T22:00:00.000000",18.3725528717041
"CL","2026-10-04T23:00:00.000000",18.3600406646729
"CL","2026-10-05T00:00:00.000000",18.3474292755127
"CL","2026-10-05T01:00:00.000000",18.3334484100342
"CL","2026-10-05T02:00:00.000000",18.3135318756104
"CL","2026-10-05T03:00:00.000000",18.3233528137207
"CL","2026-10-05T04:00:00.000000",18.367488861084
"CL","2026-10-05T05:00:00.000000",18.3826007843018
"CL","2026-10-05T06:00:00.000000",18.385892868042
"CL","2026-10-05T07:00:00.000000",18.3840980529785
"CL","2026-10-05T08:00:00.000000",18.3830108642578
"CL","2026-10-05T09:00:00.000000",18.3822402954102
"CL","2026-10-05T10:00:00.000000",18.3737812042236
"CL","2026-10-05T11:00:00.000000",18.3381423950195
"CL","2026-10-05T12:00:00.000000",18.2987728118896
"CL","2026-10-05T13:00:00.000000",18.2904815673828
"CL","2026-10-05T14:00:00.000000",18.2756404876709
"CL","2026-10-05T15:00:00.000000",18.2986698150635
"CL","2026-10-05T16:00:00.000000",18.4139289855957
"CL","2026-10-05T17:00:00.000000",18.4414730072021
"CL","2026-10-05T18:00:00.000000",18.4501419067383
"CL","2026-10-05T19:00:00.000000",18.4528961181641
"CL","2026-10-05T20:00:00.000000",18.4524631500244
"CL","2026-10-05T21:00:00.000000",18.4541454315186
"CL","2026-10-05T22:00:00.000000",18.457103729248
"CL","2026-10-05T23:00:00.000000",18.4521026611328
"CL","2026-10-06T00:00:00.000000",18.4342784881592
"CL","2026-10-06T01:00:00.000000",18.3825130462646
"CL","2026-10-06T02:00:00.000000",18.3270168304443
"CL","2026-10-06T03:00:00.000000",18.2714366912842
"CL","2026-10-06T04:00:00.000000",18.2433090209961
"CL","2026-10-06T05:00:00.000000",18.3696613311768
"CL","2026-10-06T06:00:00.000000",18.3939094543457
"CL","2026-10-06T07:00:00.000000",18.3959999084473
"CL","2026-10-06T08:00:00.000000",18.3946018218994
"CL","2026-10-06T09:00:00.000000",18.3911361694336
"CL","2026-10-06T10:00:00.000000",18.3883323669434
"CL","2026-10-06T11:00:00.000000",18.3795757293701
"CL","2026-10-06T12:00:00.000000",18.2938556671143
"CL","2026-10-06T13:00:00.000000",18.2134857177734
"CL","2026-10-06T14:00:00.000000",18.1906890869141
"CL","2026-10-06T15:00:00.000000",18.1859436035156
"CL","2026-10-06T16:00:00.000000",18.1878833770752
"CL","2026-10-06T17:00:00.000000",18.2253246307373
"CL","2026-10-06T18:00:00.000000",18.3625087738037
"CL","2026-10-06T19:00:00.000000",18.3515739440918
"CL","2026-10-06T20:00:00.000000",18.349645614624
"CL","2026-10-06T21:00:00.000000",18.3522186279297
"CL","2026-10-06T22:00:00.000000",18.3532848358154
"CL","2026-10-06T23:00:00.000000",18.3504314422607
"CL","2026-10-07T00:00:00.000000",18.3461990356445
"CL","2026-10-07T01:00:00.000000",18.340913772583
"CL","2026-10-07T02:00:00.000000",18.3025913238525
"CL","2026-10-07T03:00:00.000000",18.256010055542
"CL","2026-10-07T04:00:00.000000",18.2257328033447
"CL","2026-10-07T05:00:00.000000",18.2243709564209
"CL","2026-10-07T06:00:00.000000",18.2734718322754
"CL","2026-10-07T07:00:00.000000",18.2672138214111
"CL","2026-10-07T08:00:00.000000",18.2590980529785
"CL","2026-10-07T09:00:00.000000",18.2583236694336
"CL","2026-10-07T10:00:00.000000",18.2607002258301
"CL","2026-10-07T11:00:00.000000",18.2561721801758
"CL","2026-10-07T12:00:00.000000",18.2513866424561
"CL","2026-10-07T13:00:00.000000",18.2511157989502
"CL","2026-10-07T14:00:00.000000",18.2316341400146
"CL","2026-10-07T15:00:00.000000",18.2118587493896
"CL","2026-10-07T16:00:00.000000",18.2071437835693
"CL","2026-10-07T17:00:00.000000",18.2147769927979
"CL","2026-10-07T18:00:00.000000",18.2445030212402
"CL","2026-10-07T19:00:00.000000",18.2534008026123
"CL","2026-10-07T20:00:00.000000",18.2572860717773
"CL","2026-10-07T21:00:00.000000",18.2592239379883
"CL","2026-10-07T22:00:00.000000",18.2601757049561
"CL","2026-10-07T23:00:00.000000",18.2596130371094
"CL","2026-10-08T00:00:00.000000",18.2555351257324
"CL","2026-10-08T01:00:00.000000",18.2506065368652
"CL","2026-10-08T02:00:00.000000",18.2470951080322
"CL","2026-10-08T03:00:00.000000",18.2390918731689
"CL","2026-10-08T04:00:00.000000",18.2281818389893
"CL","2026-10-08T05:00:00.000000",18.2132797241211
"CL","2026-10-08T06:00:00.000000",18.2307243347168
"CL","2026-10-08T07:00:00.000000",18.2449645996094
"CL","2026-10-08T08:00:00.000000",18.2485370635986
"CL","2026-10-08T09:00:00.000000",18.2486801147461
"CL","2026-10-08T10:00:00.000000",18.2426357269287
"CL","2026-10-08T11:00:00.000000",18.2378578186035
"CL","2026-10-08T12:00:00.000000",18.2438583374023
"CL","2026-10-08T13:00:00.000000",18.2469158172607
"CL","2026-10-08T14:00:00.000000",18.2461414337158
"CL","2026-10-08T15:00:00.000000",18.2315216064453
"CL","2026-10-08T16:00:00.000000",18.2195014953613
"CL","2026-10-08T17:00:00.000000",18.2055473327637
"CL","2026-10-08T18:00:00.000000",18.2103385925293
"CL","2026-10-08T19:00:00.000000",18.3296489715576
"CL","2026-10-08T20:00:00.000000",18.3573417663574
"CL","2026-10-08T21:00:00.000000",18.369312286377
"CL","2026-10-08T22:00:00.000000",18.3668937683105
"CL","2026-10-08T23:00:00.000000",18.3527965545654
"CL","2026-10-09T00:00:00.000000",18.3569984436035
"CL","2026-10-09T01:00:00.000000",18.3651638031006
"CL","2026-10-09T02:00:00.000000",18.3581581115723
"CL","2026-10-09T03:00:00.000000",18.3142223358154
"CL","2026-10-09T04:00:00.000000",18.2456645965576
"CL","2026-10-09T05:00:00.000000",18.1973991394043
"CL","2026-10-09T06:00:00.000000",18.160041809082
"CL","2026-10-09T07:00:00.000000",18.2633895874023
"CL","2026-10-09T08:00:00.000000",18.3729057312012
"CL","2026-10-09T09:00:00.000000",18.3716163635254
"CL","2026-10-09T10:00:00.000000",18.368595123291
"CL","2026-10-09T11:00:00.000000",18.3638134002686
"CL","2026-10-09T12:00:00.000000",18.3616504669189
"CL","2026-10-09T13:00:00.000000",18.3655109405518
"CL","2026-10-09T14:00:00.000000",18.3678092956543
"CL","2026-10-09T15:00:00.000000",18.3597087860107
"CL","2026-10-09T16:00:00.000000",18.2928371429443
"CL","2026-10-09T17:00:00.000000",18.2533283233643
"CL","2026-10-09T18:00:00.000000",18.2268600463867
"CL","2026-10-09T19:00:00.000000",18.2365665435791
"CL","2026-10-09T20:00:00.000000",18.369161605835
"CL","2026-10-09T21:00:00.000000",18.3594226837158
"CL","2026-10-09T22:00:00.000000",18.3583297729492
"CL","2026-10-09T23:00:00.000000",18.3539199829102
"CL","2026-10-10T00:00:00.000000",18.3534107208252
"FG","2026-10-02T00:00:00.000000",18.7912063598633
"FG","2026-10-02T01:00:00.000000",18.754035949707
"FG","2026-10-02T02:00:00.000000",18.7591209411621
"FG","2026-10-02T03:00:00.000000",18.7617034912109
"FG","2026-10-02T04:00:00.000000",18.7648868560791
"FG","2026-10-02T05:00:00.000000",18.7544593811035
"FG","2026-10-02T06:00:00.000000",18.7358169555664
"FG","2026-10-02T07:00:00.000000",18.7353916168213
"FG","2026-10-02T08:00:00.000000",18.7346534729004
"FG","2026-10-02T09:00:00.000000",18.7400894165039
"FG","2026-10-02T10:00:00.000000",18.7393856048584
"FG","2026-10-02T11:00:00.000000",18.7437477111816
"FG","2026-10-02T12:00:00.000000",18.7465057373047
"FG","2026-10-02T13:00:00.000000",18.6945686340332
"FG","2026-10-02T14:00:00.000000",18.6845149993896
"FG","2026-10-02T15:00:00.000000",18.6928005218506
"FG","2026-10-02T16:00:00.000000",18.7082061767578
"FG","2026-10-02T17:00:00.000000",18.7166862487793
"FG","2026-10-02T18:00:00.000000",18.7134685516357
"FG","2026-10-02T19:00:00.000000",18.7099456787109
"FG","2026-10-02T20:00:00.000000",18.7126712799072
"FG","2026-10-02T21:00:00.000000",18.7270221710205
"FG","2026-10-02T22:00:00.000000",18.7296752929688
"FG","2026-10-02T23:00:00.000000",18.7208480834961
"FG","2026-10-03T00:00:00.000000",18.7413635253906
"FG","2026-10-03T01:00:00.000000",18.7416572570801
"FG","2026-10-03T02:00:00.000000",18.6926002502441
"FG","2026-10-03T03:00:00.000000",18.65647315979
"FG","2026-10-03T04:00:00.000000",18.691915512085
"FG","2026-10-03T05:00:00.000000",18.693302154541
"FG","2026-10-03T06:00:00.000000",18.6465797424316
"FG","2026-10-03T07:00:00.000000",18.5032081604004
"FG","2026-10-03T08:00:00.000000",18.545202255249
"FG","2026-10-03T09:00:00.000000",18.5987739562988
"FG","2026-10-03T10:00:00.000000",18.656795501709
"FG","2026-10-03T11:00:00.000000",18.6733169555664
"FG","2026-10-03T12:00:00.000000",18.674783706665
"FG","2026-10-03T13:00:00.000000",18.6777248382568
"FG","2026-10-03T14:00:00.000000",18.6568851470947
"FG","2026-10-03T15:00:00.000000",18.6589851379395
"FG","2026-10-03T16:00:00.000000",18.6542701721191
"FG","2026-10-03T17:00:00.000000",18.6561832427979
"FG","2026-10-03T18:00:00.000000",18.6629199981689
"FG","2026-10-03T19:00:00.000000",18.67844581604
"FG","2026-10-03T20:00:00.000000",18.6883125305176
"FG","2026-10-03T21:00:00.000000",18.695915222168
"FG","2026-10-03T22:00:00.000000",18.698112487793
"FG","2026-10-03T23:00:00.000000",18.6844997406006
"FG","2026-10-04T00:00:00.000000",18.6847953796387
"FG","2026-10-04T01:00:00.000000",18.6946296691895
"FG","2026-10-04T02:00:00.000000",18.6945896148682
"FG","2026-10-04T03:00:00.000000",18.6608581542969
"FG","2026-10-04T04:00:00.000000",18.6417713165283
"FG","2026-10-04T05:00:00.000000",18.6610832214355
"FG","2026-10-04T06:00:00.000000",18.6645622253418
"FG","2026-10-04T07:00:00.000000",18.6617012023926
"FG","2026-10-04T08:00:00.000000",18.5794944763184
"FG","2026-10-04T09:00:00.000000",18.552074432373
"FG","2026-10-04T10:00:00.000000",18.5413208007812
"FG","2026-10-04T11:00:00.000000",18.597318649292
"FG","2026-10-04T12:00:00.000000",18.6165580749512
"FG","2026-10-04T13:00:00.000000",18.6185607910156
"FG","2026-10-04T14:00:00.000000",18.6240482330322
"FG","2026-10-04T15:00:00.000000",18.625696182251
"FG","2026-10-04T16:00:00.000000",18.6152019500732
"FG","2026-10-04T17:00:00.000000",18.61061668396
"FG","2026-10-04T18:00:00.000000",18.6095657348633
"FG","2026-10-04T19:00:00.000000",18.612434387207
"FG","2026-10-04T20:00:00.000000",18.6139087677002
"FG","2026-10-04T21:00:00.000000",18.6142673492432
"FG","2026-10-04T22:00:00.000000",18.6096210479736
"FG","2026-10-04T23:00:00.000000",18.6021423339844
"FG","2026-10-05T00:00:00.000000",18.6075706481934
"FG","2026-10-05T01:00:00.000000",18.6060218811035
"FG","2026-10-05T02:00:00.000000",18.6049919128418
"FG","2026-10-05T03:00:00.000000",18.6046829223633
"FG","2026-10-05T04:00:00.000000",18.5934028625488
"FG","2026-10-05T05:00:00.000000",18.5830993652344
"FG","2026-10-05T06:00:00.000000",18.5942401885986
"FG","2026-10-05T07:00:00.000000",18.5980167388916
"FG","2026-10-05T08:00:00.000000",18.5903053283691
"FG","2026-10-05T09:00:00.000000",18.5693531036377
"FG","2026-10-05T10:00:00.000000",18.5496273040771
"FG","2026-10-05T11:00:00.000000",18.5499801635742
"FG","2026-10-05T12:00:00.000000",18.561653137207
"FG","2026-10-05T13:00:00.000000",18.5608463287354
"FG","2026-10-05T14:00:00.000000",18.566104888916
"FG","2026-10-05T15:00:00.000000",18.5777645111084
"FG","2026-10-05T16:00:00.000000",18.606876373291
"FG","2026-10-05T17:00:00.000000",18.6664390563965
"FG","2026-10-05T18:00:00.000000",18.670991897583
"FG","2026-10-05T19:00:00.000000",18.6529369354248
"FG","2026-10-05T20:00:00.000000",18.670934677124
"FG","2026-10-05T21:00:00.000000",18.6935443878174
"FG","2026-10-05T22:00:00.000000",18.691276550293
"FG","2026-10-05T23:00:00.000000",18.6891174316406
"FG","2026-10-06T00:00:00.000000",18.6839904785156
"FG","2026-10-06T01:00:00.000000",18.6730861663818
"FG","2026-10-06T02:00:00.000000",18.6729049682617
"FG","2026-10-06T03:00:00.000000",18.6691265106201
"FG","2026-10-06T04:00:00.000000",18.6644496917725
"FG","2026-10-06T05:00:00.000000",18.6134166717529
"FG","2026-10-06T06:00:00.000000",18.5809879302979
"FG","2026-10-06T07:00:00.000000",18.6024341583252
"FG","2026-10-06T08:00:00.000000",18.6102981567383
"FG","2026-10-06T09:00:00.000000",18.6173515319824
"FG","2026-10-06T10:00:00.000000",18.5925178527832
"FG","2026-10-06T11:00:00.000000",18.5875835418701
"FG","2026-10-06T12:00:00.000000",18.5881748199463
"FG","2026-10-06T13:00:00.000000",18.5810279846191
"FG","2026-10-06T14:00:00.000000",18.5909080505371
"FG","2026-10-06T15:00:00.000000",18.5923671722412
"FG","2026-10-06T16:00:00.000000",18.6077175140381
"FG","2026-10-06T17:00:00.000000",18.6375370025635
"FG","2026-10-06T18:00:00.000000",18.6093902587891
"FG","2026-10-06T19:00:00.000000",18.5965919494629
"FG","2026-10-06T20:00:00.000000",18.5796527862549
"FG","2026-10-06T21:00:00.000000",18.5973892211914
"FG","2026-10-06T22:00:00.000000",18.6398220062256
"FG","2026-10-06T23:00:00.000000",18.6484680175781
"FG","2026-10-07T00:00:00.000000",18.653980255127
"FG","2026-10-07T01:00:00.000000",18.6553268432617
"FG","2026-10-07T02:00:00.000000",18.6543750762939
"FG","2026-10-07T03:00:00.000000",18.6253299713135
"FG","2026-10-07T04:00:00.000000",18.6143894195557
"FG","2026-10-07T05:00:00.000000",18.6270408630371
"FG","2026-10-07T06:00:00.000000",18.5465068817139
"FG","2026-10-07T07:00:00.000000",18.4809474945068
"FG","2026-10-07T08:00:00.000000",18.5201549530029
"FG","2026-10-07T09:00:00.000000",18.5174865722656
"FG","2026-10-07T10:00:00.000000",18.5673999786377
"FG","2026-10-07T11:00:00.000000",18.5727634429932
"FG","2026-10-07T12:00:00.000000",18.5572643280029
"FG","2026-10-07T13:00:00.000000",18.5863018035889
"FG","2026-10-07T14:00:00.000000",18.6169052124023
"FG","2026-10-07T15:00:00.000000",18.5706443786621
"FG","2026-10-07T16:00:00.000000",18.5490741729736
"FG","2026-10-07T17:00:00.000000",18.5769329071045
"FG","2026-10-07T18:00:00.000000",18.6499137878418
"FG","2026-10-07T19:00:00.000000",18.6198997497559
"FG","2026-10-07T20:00:00.000000",18.6095447540283
"FG","2026-10-07T21:00:00.000000",18.6012210845947
"FG","2026-10-07T22:00:00.000000",18.5872745513916
"FG","2026-10-07T23:00:00.000000",18.6347675323486
"FG","2026-10-08T00:00:00.000000",18.6639308929443
"FG","2026-10-08T01:00:00.000000",18.6713733673096
"FG","2026-10-08T02:00:00.000000",18.6737537384033
"FG","2026-10-08T03:00:00.000000",18.673095703125
"FG","2026-10-08T04:00:00.000000",18.573356628418
"FG","2026-10-08T05:00:00.000000",18.5931606292725
"FG","2026-10-08T06:00:00.000000",18.620397567749
"FG","2026-10-08T07:00:00.000000",18.5615577697754
"FG","2026-10-08T08:00:00.000000",18.5540466308594
"FG","2026-10-08T09:00:00.000000",18.5599250793457
"FG","2026-10-08T10:00:00.000000",18.5697860717773
"FG","2026-10-08T11:00:00.000000",18.597375869751
"FG","2026-10-08T12:00:00.000000",18.5940647125244
"FG","2026-10-08T13:00:00.000000",18.5844383239746
"FG","2026-10-08T14:00:00.000000",18.6099109649658
"FG","2026-10-08T15:00:00.000000",18.6270847320557
"FG","2026-10-08T16:00:00.000000",18.5772552490234
"FG","2026-10-08T17:00:00.000000",18.5854320526123
"FG","2026-10-08T18:00:00.000000",18.6090221405029
"FG","2026-10-08T19:00:00.000000",18.702543258667
"FG","2026-10-08T20:00:00.000000",18.6936645507812
"FG","2026-10-08T21:00:00.000000",18.69455909729
"FG","2026-10-08T22:00:00.000000",18.6693592071533
"FG","2026-10-08T23:00:00.000000",18.666316986084
"FG","2026-10-09T00:00:00.000000",18.6942691802979
"FG","2026-10-09T01:00:00.000000",18.7075576782227
"FG","2026-10-09T02:00:00.000000",18.7103118896484
"FG","2026-10-09T03:00:00.000000",18.706958770752
"FG","2026-10-09T04:00:00.000000",18.7053375244141
"FG","2026-10-09T05:00:00.000000",18.630973815918
"FG","2026-10-09T06:00:00.000000",18.6661262512207
"FG","2026-10-09T07:00:00.000000",18.6618309020996
"FG","2026-10-09T08:00:00.000000",18.6016387939453
"FG","2026-10-09T09:00:00.000000",18.5382404327393
"FG","2026-10-09T10:00:00.000000",18.5458393096924
"FG","2026-10-09T11:00:00.000000",18.5587120056152
"FG","2026-10-09T12:00:00.000000",18.6291961669922
"FG","2026-10-09T13:00:00.000000",18.6132469177246
"FG","2026-10-09T14:00:00.000000",18.6431102752686
"FG","2026-10-09T15:00:00.000000",18.6633853912354
"FG","2026-10-09T16:00:00.000000",18.6926116943359
"FG","2026-10-09T17:00:00.000000",18.595251083374
"FG","2026-10-09T18:00:00.000000",18.633617401123
"FG","2026-10-09T19:00:00.000000",18.6617698669434
"FG","2026-10-09T20:00:00.000000",18.716178894043
"FG","2026-10-09T21:00:00.000000",18.6135845184326
"FG","2026-10-09T22:00:00.000000",18.5802898406982
"FG","2026-10-09T23:00:00.000000",18.5388622283936
"FG","2026-10-10T00:00:00.000000",18.6392288208008
"GI","2026-10-02T00:00:00.000000",18.2920246124268
"GI","2026-10-02T01:00:00.000000",18.3104419708252
"GI","2026-10-02T02:00:00.000000",18.3927955627441
"GI","2026-10-02T03:00:00.000000",18.4472980499268
"GI","2026-10-02T04:00:00.000000",18.443962097168
"GI","2026-10-02T05:00:00.000000",18.4245567321777
"GI","2026-10-02T06:00:00.000000",18.3322601318359
"GI","2026-10-02T07:00:00.000000",18.2774505615234
"GI","2026-10-02T08:00:00.000000",18.2392158508301
"GI","2026-10-02T09:00:00.000000",18.2258987426758
"GI","2026-10-02T10:00:00.000000",18.2180976867676
"GI","2026-10-02T11:00:00.000000",18.179141998291
"GI","2026-10-02T12:00:00.000000",18.2011032104492
"GI","2026-10-02T13:00:00.000000",18.2138767242432
"GI","2026-10-02T14:00:00.000000",18.3645439147949
"GI","2026-10-02T15:00:00.000000",18.4292430877686
"GI","2026-10-02T16:00:00.000000",18.4273529052734
"GI","2026-10-02T17:00:00.000000",18.4246997833252
"GI","2026-10-02T18:00:00.000000",18.4266319274902
"GI","2026-10-02T19:00:00.000000",18.4180316925049
"GI","2026-10-02T20:00:00.000000",18.3699417114258
"GI","2026-10-02T21:00:00.000000",18.3244724273682
"GI","2026-10-02T22:00:00.000000",18.3052768707275
"GI","2026-10-02T23:00:00.000000",18.2743892669678
"GI","2026-10-03T00:00:00.000000",18.246524810791
"GI","2026-10-03T01:00:00.000000",18.2430572509766
"GI","2026-10-03T02:00:00.000000",18.2657680511475
"GI","2026-10-03T03:00:00.000000",18.2835788726807
"GI","2026-10-03T04:00:00.000000",18.2945823669434
"GI","2026-10-03T05:00:00.000000",18.301815032959
"GI","2026-10-03T06:00:00.000000",18.2398281097412
"GI","2026-10-03T07:00:00.000000",18.1679916381836
"GI","2026-10-03T08:00:00.000000",18.1421718597412
"GI","2026-10-03T09:00:00.000000",18.1324329376221
"GI","2026-10-03T10:00:00.000000",18.1528186798096
"GI","2026-10-03T11:00:00.000000",18.1453762054443
"GI","2026-10-03T12:00:00.000000",18.1348266601562
"GI","2026-10-03T13:00:00.000000",18.1211681365967
"GI","2026-10-03T14:00:00.000000",18.1447277069092
"GI","2026-10-03T15:00:00.000000",18.304069519043
"GI","2026-10-03T16:00:00.000000",18.4191780090332
"GI","2026-10-03T17:00:00.000000",18.4312171936035
"GI","2026-10-03T18:00:00.000000",18.4357872009277
"GI","2026-10-03T19:00:00.000000",18.4374523162842
"GI","2026-10-03T20:00:00.000000",18.3901691436768
"GI","2026-10-03T21:00:00.000000",18.350212097168
"GI","2026-10-03T22:00:00.000000",18.3342838287354
"GI","2026-10-03T23:00:00.000000",18.3263854980469
"GI","2026-10-04T00:00:00.000000",18.3031711578369
"GI","2026-10-04T01:00:00.000000",18.2857246398926
"GI","2026-10-04T02:00:00.000000",18.2888298034668
"GI","2026-10-04T03:00:00.000000",18.2717437744141
"GI","2026-10-04T04:00:00.000000",18.3089389801025
"GI","2026-10-04T05:00:00.000000",18.3737926483154
"GI","2026-10-04T06:00:00.000000",18.3936557769775
"GI","2026-10-04T07:00:00.000000",18.3873958587646
"GI","2026-10-04T08:00:00.000000",18.3033561706543
"GI","2026-10-04T09:00:00.000000",18.2484474182129
"GI","2026-10-04T10:00:00.000000",18.2327499389648
"GI","2026-10-04T11:00:00.000000",18.2235527038574
"GI","2026-10-04T12:00:00.000000",18.2177867889404
"GI","2026-10-04T13:00:00.000000",18.2054042816162
"GI","2026-10-04T14:00:00.000000",18.2161026000977
"GI","2026-10-04T15:00:00.000000",18.2322196960449
"GI","2026-10-04T16:00:00.000000",18.3254585266113
"GI","2026-10-04T17:00:00.000000",18.3647289276123
"GI","2026-10-04T18:00:00.000000",18.3718738555908
"GI","2026-10-04T19:00:00.000000",18.374418258667
"GI","2026-10-04T20:00:00.000000",18.3709831237793
"GI","2026-10-04T21:00:00.000000",18.3451118469238
"GI","2026-10-04T22:00:00.000000",18.3065605163574
"GI","2026-10-04T23:00:00.000000",18.2921867370605
"GI","2026-10-05T00:00:00.000000",18.285270690918
"GI","2026-10-05T01:00:00.000000",18.2802848815918
"GI","2026-10-05T02:00:00.000000",18.2728748321533
"GI","2026-10-05T03:00:00.000000",18.2712993621826
"GI","2026-10-05T04:00:00.000000",18.2652778625488
"GI","2026-10-05T05:00:00.000000",18.2631855010986
"GI","2026-10-05T06:00:00.000000",18.3040103912354
"GI","2026-10-05T07:00:00.000000",18.3394603729248
"GI","2026-10-05T08:00:00.000000",18.3218040466309
"GI","2026-10-05T09:00:00.000000",18.3166751861572
"GI","2026-10-05T10:00:00.000000",18.2598514556885
"GI","2026-10-05T11:00:00.000000",18.2487831115723
"GI","2026-10-05T12:00:00.000000",18.2399234771729
"GI","2026-10-05T13:00:00.000000",18.2411022186279
"GI","2026-10-05T14:00:00.000000",18.2355537414551
"GI","2026-10-05T15:00:00.000000",18.2378101348877
"GI","2026-10-05T16:00:00.000000",18.2387847900391
"GI","2026-10-05T17:00:00.000000",18.2871170043945
"GI","2026-10-05T18:00:00.000000",18.39208984375
"GI","2026-10-05T19:00:00.000000",18.4316024780273
"GI","2026-10-05T20:00:00.000000",18.4432582855225
"GI","2026-10-05T21:00:00.000000",18.4438228607178
"GI","2026-10-05T22:00:00.000000",18.428804397583
"GI","2026-10-05T23:00:00.000000",18.3568992614746
"GI","2026-10-06T00:00:00.000000",18.2871799468994
"GI","2026-10-06T01:00:00.000000",18.2475395202637
"GI","2026-10-06T02:00:00.000000",18.2245254516602
"GI","2026-10-06T03:00:00.000000",18.1997222900391
"GI","2026-10-06T04:00:00.000000",18.1814842224121
"GI","2026-10-06T05:00:00.000000",18.1904811859131
"GI","2026-10-06T06:00:00.000000",18.1835861206055
"GI","2026-10-06T07:00:00.000000",18.2474460601807
"GI","2026-10-06T08:00:00.000000",18.3234424591064
"GI","2026-10-06T09:00:00.000000",18.3373966217041
"GI","2026-10-06T10:00:00.000000",18.2831649780273
"GI","2026-10-06T11:00:00.000000",18.2050247192383
"GI","2026-10-06T12:00:00.000000",18.1596088409424
"GI","2026-10-06T13:00:00.000000",18.1892910003662
"GI","2026-10-06T14:00:00.000000",18.145055770874
"GI","2026-10-06T15:00:00.000000",18.1424045562744
"GI","2026-10-06T16:00:00.000000",18.129825592041
"GI","2026-10-06T17:00:00.000000",18.1267585754395
"GI","2026-10-06T18:00:00.000000",18.1621131896973
"GI","2026-10-06T19:00:00.000000",18.3193969726562
"GI","2026-10-06T20:00:00.000000",18.3516178131104
"GI","2026-10-06T21:00:00.000000",18.3500728607178
"GI","2026-10-06T22:00:00.000000",18.3483791351318
"GI","2026-10-06T23:00:00.000000",18.3409461975098
"GI","2026-10-07T00:00:00.000000",18.2760448455811
"GI","2026-10-07T01:00:00.000000",18.2160491943359
"GI","2026-10-07T02:00:00.000000",18.1803207397461
"GI","2026-10-07T03:00:00.000000",18.2090797424316
"GI","2026-10-07T04:00:00.000000",18.155086517334
"GI","2026-10-07T05:00:00.000000",18.1248722076416
"GI","2026-10-07T06:00:00.000000",18.1096038818359
"GI","2026-10-07T07:00:00.000000",18.196346282959
"GI","2026-10-07T08:00:00.000000",18.2525405883789
"GI","2026-10-07T09:00:00.000000",18.2574462890625
"GI","2026-10-07T10:00:00.000000",18.2554836273193
"GI","2026-10-07T11:00:00.000000",18.2504463195801
"GI","2026-10-07T12:00:00.000000",18.204065322876
"GI","2026-10-07T13:00:00.000000",18.1847381591797
"GI","2026-10-07T14:00:00.000000",18.170238494873
"GI","2026-10-07T15:00:00.000000",18.1867752075195
"GI","2026-10-07T16:00:00.000000",18.172679901123
"GI","2026-10-07T17:00:00.000000",18.15061378479
"GI","2026-10-07T18:00:00.000000",18.162446975708
"GI","2026-10-07T19:00:00.000000",18.2121906280518
"GI","2026-10-07T20:00:00.000000",18.2494964599609
"GI","2026-10-07T21:00:00.000000",18.2543601989746
"GI","2026-10-07T22:00:00.000000",18.2547740936279
"GI","2026-10-07T23:00:00.000000",18.2529563903809
"GI","2026-10-08T00:00:00.000000",18.248218536377
"GI","2026-10-08T01:00:00.000000",18.2333011627197
"GI","2026-10-08T02:00:00.000000",18.217716217041
"GI","2026-10-08T03:00:00.000000",18.2059192657471
"GI","2026-10-08T04:00:00.000000",18.1990394592285
"GI","2026-10-08T05:00:00.000000",18.1878662109375
"GI","2026-10-08T06:00:00.000000",18.190055847168
"GI","2026-10-08T07:00:00.000000",18.2032241821289
"GI","2026-10-08T08:00:00.000000",18.2294445037842
"GI","2026-10-08T09:00:00.000000",18.2407875061035
"GI","2026-10-08T10:00:00.000000",18.2429866790771
"GI","2026-10-08T11:00:00.000000",18.2427864074707
"GI","2026-10-08T12:00:00.000000",18.2402400970459
"GI","2026-10-08T13:00:00.000000",18.2279491424561
"GI","2026-10-08T14:00:00.000000",18.2119941711426
"GI","2026-10-08T15:00:00.000000",18.2069568634033
"GI","2026-10-08T16:00:00.000000",18.2030944824219
"GI","2026-10-08T17:00:00.000000",18.1980953216553
"GI","2026-10-08T18:00:00.000000",18.1832542419434
"GI","2026-10-08T19:00:00.000000",18.200777053833
"GI","2026-10-08T20:00:00.000000",18.2730674743652
"GI","2026-10-08T21:00:00.000000",18.3399353027344
"GI","2026-10-08T22:00:00.000000",18.3583297729492
"GI","2026-10-08T23:00:00.000000",18.3625011444092
"GI","2026-10-09T00:00:00.000000",18.3596420288086
"GI","2026-10-09T01:00:00.000000",18.3388481140137
"GI","2026-10-09T02:00:00.000000",18.2890357971191
"GI","2026-10-09T03:00:00.000000",18.2508506774902
"GI","2026-10-09T04:00:00.000000",18.2126560211182
"GI","2026-10-09T05:00:00.000000",18.1978149414062
"GI","2026-10-09T06:00:00.000000",18.2354354858398
"GI","2026-10-09T07:00:00.000000",18.1338787078857
"GI","2026-10-09T08:00:00.000000",18.2006053924561
"GI","2026-10-09T09:00:00.000000",18.3186435699463
"GI","2026-10-09T10:00:00.000000",18.3564472198486
"GI","2026-10-09T11:00:00.000000",18.3599185943604
"GI","2026-10-09T12:00:00.000000",18.3588256835938
"GI","2026-10-09T13:00:00.000000",18.3467178344727
"GI","2026-10-09T14:00:00.000000",18.2760848999023
"GI","2026-10-09T15:00:00.000000",18.2252960205078
"GI","2026-10-09T16:00:00.000000",18.194164276123
"GI","2026-10-09T17:00:00.000000",18.1829280853271
"GI","2026-10-09T18:00:00.000000",18.2079181671143
"GI","2026-10-09T19:00:00.000000",18.1889095306396
"GI","2026-10-09T20:00:00.000000",18.205493927002
"GI","2026-10-09T21:00:00.000000",18.3022480010986
"GI","2026-10-09T22:00:00.000000",18.3531627655029
"GI","2026-10-09T23:00:00.000000",18.3532676696777
"GI","2026-10-10T00:00:00.000000",18.3512725830078
"JB","2026-10-02T00:00:00.000000",18.9424438476562
"JB","2026-10-02T01:00:00.000000",18.8976440429688
"JB","2026-10-02T02:00:00.000000",18.8917274475098
"JB","2026-10-02T03:00:00.000000",18.839900970459
"JB","2026-10-02T04:00:00.000000",18.7978134155273
"JB","2026-10-02T05:00:00.000000",18.937931060791
"JB","2026-10-02T06:00:00.000000",18.935733795166
"JB","2026-10-02T07:00:00.000000",18.9095306396484
"JB","2026-10-02T08:00:00.000000",18.8655338287354
"JB","2026-10-02T09:00:00.000000",18.8682136535645
"JB","2026-10-02T10:00:00.000000",18.8679485321045
"JB","2026-10-02T11:00:00.000000",18.9008560180664
"JB","2026-10-02T12:00:00.000000",18.9480857849121
"JB","2026-10-02T13:00:00.000000",18.9309139251709
"JB","2026-10-02T14:00:00.000000",18.9280891418457
"JB","2026-10-02T15:00:00.000000",18.8756198883057
"JB","2026-10-02T16:00:00.000000",18.8030185699463
"JB","2026-10-02T17:00:00.000000",18.7660102844238
"JB","2026-10-02T18:00:00.000000",18.8966655731201
"JB","2026-10-02T19:00:00.000000",18.8981704711914
"JB","2026-10-02T20:00:00.000000",18.857795715332
"JB","2026-10-02T21:00:00.000000",18.8134746551514
"JB","2026-10-02T22:00:00.000000",18.8035049438477
"JB","2026-10-02T23:00:00.000000",18.8100147247314
"JB","2026-10-03T00:00:00.000000",18.9216995239258
"JB","2026-10-03T01:00:00.000000",18.9198589324951
"JB","2026-10-03T02:00:00.000000",18.8684329986572
"JB","2026-10-03T03:00:00.000000",18.8469848632812
"JB","2026-10-03T04:00:00.000000",18.8309574127197
"JB","2026-10-03T05:00:00.000000",18.8056793212891
"JB","2026-10-03T06:00:00.000000",18.9047546386719
"JB","2026-10-03T07:00:00.000000",18.9017944335938
"JB","2026-10-03T08:00:00.000000",18.8918552398682
"JB","2026-10-03T09:00:00.000000",18.8680973052979
"JB","2026-10-03T10:00:00.000000",18.8602027893066
"JB","2026-10-03T11:00:00.000000",18.8556079864502
"JB","2026-10-03T12:00:00.000000",18.8921527862549
"JB","2026-10-03T13:00:00.000000",18.9133930206299
"JB","2026-10-03T14:00:00.000000",18.9023780822754
"JB","2026-10-03T15:00:00.000000",18.845739364624
"JB","2026-10-03T16:00:00.000000",18.8168087005615
"JB","2026-10-03T17:00:00.000000",18.7541465759277
"JB","2026-10-03T18:00:00.000000",18.7121543884277
"JB","2026-10-03T19:00:00.000000",18.8553771972656
"JB","2026-10-03T20:00:00.000000",18.8568134307861
"JB","2026-10-03T21:00:00.000000",18.8464221954346
"JB","2026-10-03T22:00:00.000000",18.7794704437256
"JB","2026-10-03T23:00:00.000000",18.7752647399902
"JB","2026-10-04T00:00:00.000000",18.795503616333
"JB","2026-10-04T01:00:00.000000",18.8326644897461
"JB","2026-10-04T02:00:00.000000",18.8250427246094
"JB","2026-10-04T03:00:00.000000",18.8145294189453
"JB","2026-10-04T04:00:00.000000",18.8086814880371
"JB","2026-10-04T05:00:00.000000",18.7648391723633
"JB","2026-10-04T06:00:00.000000",18.7269973754883
"JB","2026-10-04T07:00:00.000000",18.7992782592773
"JB","2026-10-04T08:00:00.000000",18.7956295013428
"JB","2026-10-04T09:00:00.000000",18.7900543212891
"JB","2026-10-04T10:00:00.000000",18.7815208435059
"JB","2026-10-04T11:00:00.000000",18.7630596160889
"JB","2026-10-04T12:00:00.000000",18.7555923461914
"JB","2026-10-04T13:00:00.000000",18.776252746582
"JB","2026-10-04T14:00:00.000000",18.7797985076904
"JB","2026-10-04T15:00:00.000000",18.755033493042
"JB","2026-10-04T16:00:00.000000",18.7182464599609
"JB","2026-10-04T17:00:00.000000",18.7156867980957
"JB","2026-10-04T18:00:00.000000",18.6997890472412
"JB","2026-10-04T19:00:00.000000",18.6817188262939
"JB","2026-10-04T20:00:00.000000",18.7461338043213
"JB","2026-10-04T21:00:00.000000",18.7456665039062
"JB","2026-10-04T22:00:00.000000",18.7442741394043
"JB","2026-10-04T23:00:00.000000",18.7284069061279
"JB","2026-10-05T00:00:00.000000",18.6910190582275
"JB","2026-10-05T01:00:00.000000",18.680757522583
"JB","2026-10-05T02:00:00.000000",18.7252979278564
"JB","2026-10-05T03:00:00.000000",18.7491397857666
"JB","2026-10-05T04:00:00.000000",18.723331451416
"JB","2026-10-05T05:00:00.000000",18.7224731445312
"JB","2026-10-05T06:00:00.000000",18.6766624450684
"JB","2026-10-05T07:00:00.000000",18.6327514648438
"JB","2026-10-05T08:00:00.000000",18.7160682678223
"JB","2026-10-05T09:00:00.000000",18.7641487121582
"JB","2026-10-05T10:00:00.000000",18.7629127502441
"JB","2026-10-05T11:00:00.000000",18.7540378570557
"JB","2026-10-05T12:00:00.000000",18.7192821502686
"JB","2026-10-05T13:00:00.000000",18.7089576721191
"JB","2026-10-05T14:00:00.000000",18.7217636108398
"JB","2026-10-05T15:00:00.000000",18.7016124725342
"JB","2026-10-05T16:00:00.000000",18.6844577789307
"JB","2026-10-05T17:00:00.000000",18.738260269165
"JB","2026-10-05T18:00:00.000000",18.7391357421875
"JB","2026-10-05T19:00:00.000000",18.6607246398926
"JB","2026-10-05T20:00:00.000000",18.6098155975342
"JB","2026-10-05T21:00:00.000000",18.7398471832275
"JB","2026-10-05T22:00:00.000000",18.7502021789551
"JB","2026-10-05T23:00:00.000000",18.7475070953369
"JB","2026-10-06T00:00:00.000000",18.7424583435059
"JB","2026-10-06T01:00:00.000000",18.7388153076172
"JB","2026-10-06T02:00:00.000000",18.7358570098877
"JB","2026-10-06T03:00:00.000000",18.7201900482178
"JB","2026-10-06T04:00:00.000000",18.7316608428955
"JB","2026-10-06T05:00:00.000000",18.7322883605957
"JB","2026-10-06T06:00:00.000000",18.7307777404785
"JB","2026-10-06T07:00:00.000000",18.7279567718506
"JB","2026-10-06T08:00:00.000000",18.6930294036865
"JB","2026-10-06T09:00:00.000000",18.6868667602539
"JB","2026-10-06T10:00:00.000000",18.7566585540771
"JB","2026-10-06T11:00:00.000000",18.7540378570557
"JB","2026-10-06T12:00:00.000000",18.7514591217041
"JB","2026-10-06T13:00:00.000000",18.7419052124023
"JB","2026-10-06T14:00:00.000000",18.7400455474854
"JB","2026-10-06T15:00:00.000000",18.7400455474854
"JB","2026-10-06T16:00:00.000000",18.7400455474854
"JB","2026-10-06T17:00:00.000000",18.7328643798828
"JB","2026-10-06T18:00:00.000000",18.748893737793
"JB","2026-10-06T19:00:00.000000",18.7395362854004
"JB","2026-10-06T20:00:00.000000",18.6819877624512
"JB","2026-10-06T21:00:00.000000",18.6233825683594
"JB","2026-10-06T22:00:00.000000",18.6455554962158
"JB","2026-10-06T23:00:00.000000",18.7803897857666
"JB","2026-10-07T00:00:00.000000",18.769552230835
"JB","2026-10-07T01:00:00.000000",18.7607040405273
"JB","2026-10-07T02:00:00.000000",18.7260971069336
"JB","2026-10-07T03:00:00.000000",18.7233066558838
"JB","2026-10-07T04:00:00.000000",18.7229785919189
"JB","2026-10-07T05:00:00.000000",18.7326927185059
"JB","2026-10-07T06:00:00.000000",18.7303771972656
"JB","2026-10-07T07:00:00.000000",18.7288074493408
"JB","2026-10-07T08:00:00.000000",18.7117710113525
"JB","2026-10-07T09:00:00.000000",18.6497955322266
"JB","2026-10-07T10:00:00.000000",18.624361038208
"JB","2026-10-07T11:00:00.000000",18.7287101745605
"JB","2026-10-07T12:00:00.000000",18.7286109924316
"JB","2026-10-07T13:00:00.000000",18.7191276550293
"JB","2026-10-07T14:00:00.000000",18.6627025604248
"JB","2026-10-07T15:00:00.000000",18.7079982757568
"JB","2026-10-07T16:00:00.000000",18.7106952667236
"JB","2026-10-07T17:00:00.000000",18.714771270752
"JB","2026-10-07T18:00:00.000000",18.6714649200439
"JB","2026-10-07T19:00:00.000000",18.711877822876
"JB","2026-10-07T20:00:00.000000",18.6853866577148
"JB","2026-10-07T21:00:00.000000",18.6342906951904
"JB","2026-10-07T22:00:00.000000",18.602855682373
"JB","2026-10-07T23:00:00.000000",18.6379413604736
"JB","2026-10-08T00:00:00.000000",18.679651260376
"JB","2026-10-08T01:00:00.000000",18.6786937713623
"JB","2026-10-08T02:00:00.000000",18.6767826080322
"JB","2026-10-08T03:00:00.000000",18.658805847168
"JB","2026-10-08T04:00:00.000000",18.6572418212891
"JB","2026-10-08T05:00:00.000000",18.6742248535156
"JB","2026-10-08T06:00:00.000000",18.6975879669189
"JB","2026-10-08T07:00:00.000000",18.696418762207
"JB","2026-10-08T08:00:00.000000",18.6945648193359
"JB","2026-10-08T09:00:00.000000",18.677906036377
"JB","2026-10-08T10:00:00.000000",18.6140270233154
"JB","2026-10-08T11:00:00.000000",18.5908470153809
"JB","2026-10-08T12:00:00.000000",18.672212600708
"JB","2026-10-08T13:00:00.000000",18.6731281280518
"JB","2026-10-08T14:00:00.000000",18.6725654602051
"JB","2026-10-08T15:00:00.000000",18.6521167755127
"JB","2026-10-08T16:00:00.000000",18.6497077941895
"JB","2026-10-08T17:00:00.000000",18.6521263122559
"JB","2026-10-08T18:00:00.000000",18.6612529754639
"JB","2026-10-08T19:00:00.000000",18.6584510803223
"JB","2026-10-08T20:00:00.000000",18.6644649505615
"JB","2026-10-08T21:00:00.000000",18.6639137268066
"JB","2026-10-08T22:00:00.000000",18.6060657501221
"JB","2026-10-08T23:00:00.000000",18.5557537078857
"JB","2026-10-09T00:00:00.000000",18.6269664764404
"JB","2026-10-09T01:00:00.000000",18.6396579742432
"JB","2026-10-09T02:00:00.000000",18.6436710357666
"JB","2026-10-09T03:00:00.000000",18.6612930297852
"JB","2026-10-09T04:00:00.000000",18.6620750427246
"JB","2026-10-09T05:00:00.000000",18.6604290008545
"JB","2026-10-09T06:00:00.000000",18.6601181030273
"JB","2026-10-09T07:00:00.000000",18.704984664917
"JB","2026-10-09T08:00:00.000000",18.7098808288574
"JB","2026-10-09T09:00:00.000000",18.7083320617676
"JB","2026-10-09T10:00:00.000000",18.6842994689941
"JB","2026-10-09T11:00:00.000000",18.5991630554199
"JB","2026-10-09T12:00:00.000000",18.5333595275879
"JB","2026-10-09T13:00:00.000000",18.6874332427979
"JB","2026-10-09T14:00:00.000000",18.7054119110107
"JB","2026-10-09T15:00:00.000000",18.662971496582
"JB","2026-10-09T16:00:00.000000",18.6109371185303
"JB","2026-10-09T17:00:00.000000",18.696870803833
"JB","2026-10-09T18:00:00.000000",18.719799041748
"JB","2026-10-09T19:00:00.000000",18.6789417266846
"JB","2026-10-09T20:00:00.000000",18.68772315979
"JB","2026-10-09T21:00:00.000000",18.6972713470459
"JB","2026-10-09T22:00:00.000000",18.6187400817871
"JB","2026-10-09T23:00:00.000000",18.5620765686035
"JB","2026-10-10T00:00:00.000000",18.4845905303955
NA,"2026-10-02T00:00:00.000000",18.4054794311523
NA,"2026-10-02T01:00:00.000000",18.3995494842529
NA,"2026-10-02T02:00:00.000000",18.3949317932129
NA,"2026-10-02T03:00:00.000000",18.4065284729004
NA,"2026-10-02T04:00:00.000000",18.4291858673096
NA,"2026-10-02T05:00:00.000000",18.4449062347412
NA,"2026-10-02T06:00:00.000000",18.4535369873047
NA,"2026-10-02T07:00:00.000000",18.4466552734375
NA,"2026-10-02T08:00:00.000000",18.4211120605469
NA,"2026-10-02T09:00:00.000000",18.391170501709
NA,"2026-10-02T10:00:00.000000",18.367166519165
NA,"2026-10-02T11:00:00.000000",18.3523998260498
NA,"2026-10-02T12:00:00.000000",18.3436603546143
NA,"2026-10-02T13:00:00.000000",18.3383464813232
NA,"2026-10-02T14:00:00.000000",18.3393707275391
NA,"2026-10-02T15:00:00.000000",18.3520030975342
NA,"2026-10-02T16:00:00.000000",18.375846862793
NA,"2026-10-02T17:00:00.000000",18.3888664245605
NA,"2026-10-02T18:00:00.000000",18.4016437530518
NA,"2026-10-02T19:00:00.000000",18.403751373291
NA,"2026-10-02T20:00:00.000000",18.3988056182861
NA,"2026-10-02T21:00:00.000000",18.3849201202393
NA,"2026-10-02T22:00:00.000000",18.3645210266113
NA,"2026-10-02T23:00:00.000000",18.3463592529297
NA,"2026-10-03T00:00:00.000000",18.3300495147705
NA,"2026-10-03T01:00:00.000000",18.3222007751465
NA,"2026-10-03T02:00:00.000000",18.3166522979736
NA,"2026-10-03T03:00:00.000000",18.3141326904297
NA,"2026-10-03T04:00:00.000000",18.3094539642334
NA,"2026-10-03T05:00:00.000000",18.3040809631348
NA,"2026-10-03T06:00:00.000000",18.2946662902832
NA,"2026-10-03T07:00:00.000000",18.2858638763428
NA,"2026-10-03T08:00:00.000000",18.2785816192627
NA,"2026-10-03T09:00:00.000000",18.2537593841553
NA,"2026-10-03T10:00:00.000000",18.2378387451172
NA,"2026-10-03T11:00:00.000000",18.2261066436768
NA,"2026-10-03T12:00:00.000000",18.219310760498
NA,"2026-10-03T13:00:00.000000",18.2165775299072
NA,"2026-10-03T14:00:00.000000",18.217586517334
NA,"2026-10-03T15:00:00.000000",18.2241916656494
NA,"2026-10-03T16:00:00.000000",18.2458820343018
NA,"2026-10-03T17:00:00.000000",18.2603664398193
NA,"2026-10-03T18:00:00.000000",18.2832508087158
NA,"2026-10-03T19:00:00.000000",18.3275966644287
NA,"2026-10-03T20:00:00.000000",18.3510818481445
NA,"2026-10-03T21:00:00.000000",18.3613128662109
NA,"2026-10-03T22:00:00.000000",18.3632583618164
NA,"2026-10-03T23:00:00.000000",18.3600234985352
NA,"2026-10-04T00:00:00.000000",18.352409362793
NA,"2026-10-04T01:00:00.000000",18.3404350280762
NA,"2026-10-04T02:00:00.000000",18.3281364440918
NA,"2026-10-04T03:00:00.000000",18.3207378387451
NA,"2026-10-04T04:00:00.000000",18.3164043426514
NA,"2026-10-04T05:00:00.000000",18.32444190979
NA,"2026-10-04T06:00:00.000000",18.3341369628906
NA,"2026-10-04T07:00:00.000000",18.3326396942139
NA,"2026-10-04T08:00:00.000000",18.337064743042
NA,"2026-10-04T09:00:00.000000",18.3436603546143
NA,"2026-10-04T10:00:00.000000",18.3438358306885
NA,"2026-10-04T11:00:00.000000",18.3368473052979
NA,"2026-10-04T12:00:00.000000",18.3268299102783
NA,"2026-10-04T13:00:00.000000",18.3164348602295
NA,"2026-10-04T14:00:00.000000",18.3107166290283
NA,"2026-10-04T15:00:00.000000",18.3177165985107
NA,"2026-10-04T16:00:00.000000",18.3451175689697
NA,"2026-10-04T17:00:00.000000",18.348388671875
NA,"2026-10-04T18:00:00.000000",18.3511257171631
NA,"2026-10-04T19:00:00.000000",18.392822265625
NA,"2026-10-04T20:00:00.000000",18.4181880950928
NA,"2026-10-04T21:00:00.000000",18.4282093048096
NA,"2026-10-04T22:00:00.000000",18.4295501708984
NA,"2026-10-04T23:00:00.000000",18.4281425476074
NA,"2026-10-05T00:00:00.000000",18.4242095947266
NA,"2026-10-05T01:00:00.000000",18.4189338684082
NA,"2026-10-05T02:00:00.000000",18.4089870452881
NA,"2026-10-05T03:00:00.000000",18.3926010131836
NA,"2026-10-05T04:00:00.000000",18.3764019012451
NA,"2026-10-05T05:00:00.000000",18.3656177520752
NA,"2026-10-05T06:00:00.000000",18.3654823303223
NA,"2026-10-05T07:00:00.000000",18.4010543823242
NA,"2026-10-05T08:00:00.000000",18.413330078125
NA,"2026-10-05T09:00:00.000000",18.4190254211426
NA,"2026-10-05T10:00:00.000000",18.4219741821289
NA,"2026-10-05T11:00:00.000000",18.4178085327148
NA,"2026-10-05T12:00:00.000000",18.4015464782715
NA,"2026-10-05T13:00:00.000000",18.3803653717041
NA,"2026-10-05T14:00:00.000000",18.3603267669678
NA,"2026-10-05T15:00:00.000000",18.3469104766846
NA,"2026-10-05T16:00:00.000000",18.3452396392822
NA,"2026-10-05T17:00:00.000000",18.3502197265625
NA,"2026-10-05T18:00:00.000000",18.3670234680176
NA,"2026-10-05T19:00:00.000000",18.4010334014893
NA,"2026-10-05T20:00:00.000000",18.4188346862793
NA,"2026-10-05T21:00:00.000000",18.4268341064453
NA,"2026-10-05T22:00:00.000000",18.4255199432373
NA,"2026-10-05T23:00:00.000000",18.422737121582
NA,"2026-10-06T00:00:00.000000",18.4174556732178
NA,"2026-10-06T01:00:00.000000",18.4093265533447
NA,"2026-10-06T02:00:00.000000",18.3921775817871
NA,"2026-10-06T03:00:00.000000",18.3746967315674
NA,"2026-10-06T04:00:00.000000",18.3606967926025
NA,"2026-10-06T05:00:00.000000",18.3536243438721
NA,"2026-10-06T06:00:00.000000",18.3491821289062
NA,"2026-10-06T07:00:00.000000",18.3454704284668
NA,"2026-10-06T08:00:00.000000",18.3436298370361
NA,"2026-10-06T09:00:00.000000",18.343822479248
NA,"2026-10-06T10:00:00.000000",18.3435821533203
NA,"2026-10-06T11:00:00.000000",18.3398265838623
NA,"2026-10-06T12:00:00.000000",18.3343544006348
NA,"2026-10-06T13:00:00.000000",18.3314094543457
NA,"2026-10-06T14:00:00.000000",18.3307590484619
NA,"2026-10-06T15:00:00.000000",18.3308849334717
NA,"2026-10-06T16:00:00.000000",18.3310642242432
NA,"2026-10-06T17:00:00.000000",18.3304634094238
NA,"2026-10-06T18:00:00.000000",18.3300399780273
NA,"2026-10-06T19:00:00.000000",18.3304405212402
NA,"2026-10-06T20:00:00.000000",18.3281669616699
NA,"2026-10-06T21:00:00.000000",18.3155612945557
NA,"2026-10-06T22:00:00.000000",18.3091335296631
NA,"2026-10-06T23:00:00.000000",18.3139991760254
NA,"2026-10-07T00:00:00.000000",18.3169384002686
NA,"2026-10-07T01:00:00.000000",18.3149909973145
NA,"2026-10-07T02:00:00.000000",18.3102741241455
NA,"2026-10-07T03:00:00.000000",18.3053951263428
NA,"2026-10-07T04:00:00.000000",18.3014831542969
NA,"2026-10-07T05:00:00.000000",18.2984867095947
NA,"2026-10-07T06:00:00.000000",18.2962551116943
NA,"2026-10-07T07:00:00.000000",18.2945747375488
NA,"2026-10-07T08:00:00.000000",18.2934436798096
NA,"2026-10-07T09:00:00.000000",18.2934494018555
NA,"2026-10-07T10:00:00.000000",18.2924880981445
NA,"2026-10-07T11:00:00.000000",18.2941074371338
NA,"2026-10-07T12:00:00.000000",18.2999038696289
NA,"2026-10-07T13:00:00.000000",18.3027954101562
NA,"2026-10-07T14:00:00.000000",18.3038082122803
NA,"2026-10-07T15:00:00.000000",18.3033580780029
NA,"2026-10-07T16:00:00.000000",18.2987937927246
NA,"2026-10-07T17:00:00.000000",18.2936573028564
NA,"2026-10-07T18:00:00.000000",18.2930870056152
NA,"2026-10-07T19:00:00.000000",18.2931365966797
NA,"2026-10-07T20:00:00.000000",18.2959270477295
NA,"2026-10-07T21:00:00.000000",18.3039703369141
NA,"2026-10-07T22:00:00.000000",18.3059329986572
NA,"2026-10-07T23:00:00.000000",18.3205471038818
NA,"2026-10-08T00:00:00.000000",18.3307228088379
NA,"2026-10-08T01:00:00.000000",18.3347396850586
NA,"2026-10-08T02:00:00.000000",18.3321514129639
NA,"2026-10-08T03:00:00.000000",18.3203983306885
NA,"2026-10-08T04:00:00.000000",18.3081741333008
NA,"2026-10-08T05:00:00.000000",18.2981224060059
NA,"2026-10-08T06:00:00.000000",18.2934188842773
NA,"2026-10-08T07:00:00.000000",18.2920475006104
NA,"2026-10-08T08:00:00.000000",18.2937412261963
NA,"2026-10-08T09:00:00.000000",18.3001518249512
NA,"2026-10-08T10:00:00.000000",18.315938949585
NA,"2026-10-08T11:00:00.000000",18.3309059143066
NA,"2026-10-08T12:00:00.000000",18.3396224975586
NA,"2026-10-08T13:00:00.000000",18.3428173065186
NA,"2026-10-08T14:00:00.000000",18.3442993164062
NA,"2026-10-08T15:00:00.000000",18.3392772674561
NA,"2026-10-08T16:00:00.000000",18.3309841156006
NA,"2026-10-08T17:00:00.000000",18.3231449127197
NA,"2026-10-08T18:00:00.000000",18.3200130462646
NA,"2026-10-08T19:00:00.000000",18.3209552764893
NA,"2026-10-08T20:00:00.000000",18.3238010406494
NA,"2026-10-08T21:00:00.000000",18.3281497955322
NA,"2026-10-08T22:00:00.000000",18.3390064239502
NA,"2026-10-08T23:00:00.000000",18.3638496398926
NA,"2026-10-09T00:00:00.000000",18.3873291015625
NA,"2026-10-09T01:00:00.000000",18.3897228240967
NA,"2026-10-09T02:00:00.000000",18.3865280151367
NA,"2026-10-09T03:00:00.000000",18.3799171447754
NA,"2026-10-09T04:00:00.000000",18.3661613464355
NA,"2026-10-09T05:00:00.000000",18.352029800415
NA,"2026-10-09T06:00:00.000000",18.3397789001465
NA,"2026-10-09T07:00:00.000000",18.3301582336426
NA,"2026-10-09T08:00:00.000000",18.3251857757568
NA,"2026-10-09T09:00:00.000000",18.3238182067871
NA,"2026-10-09T10:00:00.000000",18.3326606750488
NA,"2026-10-09T11:00:00.000000",18.3573570251465
NA,"2026-10-09T12:00:00.000000",18.3586120605469
NA,"2026-10-09T13:00:00.000000",18.3448314666748
NA,"2026-10-09T14:00:00.000000",18.3365631103516
NA,"2026-10-09T15:00:00.000000",18.3389186859131
NA,"2026-10-09T16:00:00.000000",18.3427391052246
NA,"2026-10-09T17:00:00.000000",18.3424453735352
NA,"2026-10-09T18:00:00.000000",18.3409805297852
NA,"2026-10-09T19:00:00.000000",18.3356628417969
NA,"2026-10-09T20:00:00.000000",18.3289890289307
NA,"2026-10-09T21:00:00.000000",18.3240146636963
NA,"2026-10-09T22:00:00.000000",18.3213768005371
NA,"2026-10-09T23:00:00.000000",18.3221836090088
NA,"2026-10-10T00:00:00.000000",18.3198184967041
"NK","2026-10-02T00:00:00.000000",18.3706150054932
"NK","2026-10-02T01:00:00.000000",18.3226776123047
"NK","2026-10-02T02:00:00.000000",18.2985439300537
"NK","2026-10-02T03:00:00.000000",18.3243541717529
"NK","2026-10-02T04:00:00.000000",18.3755035400391
"NK","2026-10-02T05:00:00.000000",18.4113464355469
"NK","2026-10-02T06:00:00.000000",18.4349746704102
"NK","2026-10-02T07:00:00.000000",18.4156303405762
"NK","2026-10-02T08:00:00.000000",18.3773555755615
"NK","2026-10-02T09:00:00.000000",18.3316917419434
"NK","2026-10-02T10:00:00.000000",18.2848739624023
"NK","2026-10-02T11:00:00.000000",18.2410526275635
"NK","2026-10-02T12:00:00.000000",18.2054958343506
"NK","2026-10-02T13:00:00.000000",18.1808528900146
"NK","2026-10-02T14:00:00.000000",18.1712112426758
"NK","2026-10-02T15:00:00.000000",18.178352355957
"NK","2026-10-02T16:00:00.000000",18.2413234710693
"NK","2026-10-02T17:00:00.000000",18.3468647003174
"NK","2026-10-02T18:00:00.000000",18.4016246795654
"NK","2026-10-02T19:00:00.000000",18.4119720458984
"NK","2026-10-02T20:00:00.000000",18.4107456207275
"NK","2026-10-02T21:00:00.000000",18.4021224975586
"NK","2026-10-02T22:00:00.000000",18.3897457122803
"NK","2026-10-02T23:00:00.000000",18.3678951263428
"NK","2026-10-03T00:00:00.000000",18.3345737457275
"NK","2026-10-03T01:00:00.000000",18.2937431335449
"NK","2026-10-03T02:00:00.000000",18.2507610321045
"NK","2026-10-03T03:00:00.000000",18.2263736724854
"NK","2026-10-03T04:00:00.000000",18.2233829498291
"NK","2026-10-03T05:00:00.000000",18.2273197174072
"NK","2026-10-03T06:00:00.000000",18.2247142791748
"NK","2026-10-03T07:00:00.000000",18.221061706543
"NK","2026-10-03T08:00:00.000000",18.2059459686279
"NK","2026-10-03T09:00:00.000000",18.1843662261963
"NK","2026-10-03T10:00:00.000000",18.1642227172852
"NK","2026-10-03T11:00:00.000000",18.1505031585693
"NK","2026-10-03T12:00:00.000000",18.1419677734375
"NK","2026-10-03T13:00:00.000000",18.1382179260254
"NK","2026-10-03T14:00:00.000000",18.1380977630615
"NK","2026-10-03T15:00:00.000000",18.1401309967041
"NK","2026-10-03T16:00:00.000000",18.1416435241699
"NK","2026-10-03T17:00:00.000000",18.1492404937744
"NK","2026-10-03T18:00:00.000000",18.2413387298584
"NK","2026-10-03T19:00:00.000000",18.3402614593506
"NK","2026-10-03T20:00:00.000000",18.372163772583
"NK","2026-10-03T21:00:00.000000",18.3822154998779
"NK","2026-10-03T22:00:00.000000",18.3747844696045
"NK","2026-10-03T23:00:00.000000",18.3638343811035
"NK","2026-10-04T00:00:00.000000",18.3435459136963
"NK","2026-10-04T01:00:00.000000",18.3127059936523
"NK","2026-10-04T02:00:00.000000",18.2756900787354
"NK","2026-10-04T03:00:00.000000",18.2461853027344
"NK","2026-10-04T04:00:00.000000",18.2261772155762
"NK","2026-10-04T05:00:00.000000",18.2161674499512
"NK","2026-10-04T06:00:00.000000",18.2358112335205
"NK","2026-10-04T07:00:00.000000",18.2583599090576
"NK","2026-10-04T08:00:00.000000",18.289026260376
"NK","2026-10-04T09:00:00.000000",18.2914028167725
"NK","2026-10-04T10:00:00.000000",18.2608222961426
"NK","2026-10-04T11:00:00.000000",18.2334995269775
"NK","2026-10-04T12:00:00.000000",18.2060508728027
"NK","2026-10-04T13:00:00.000000",18.1799373626709
"NK","2026-10-04T14:00:00.000000",18.1600818634033
"NK","2026-10-04T15:00:00.000000",18.1470699310303
"NK","2026-10-04T16:00:00.000000",18.1528778076172
"NK","2026-10-04T17:00:00.000000",18.1841373443604
"NK","2026-10-04T18:00:00.000000",18.2838745117188
"NK","2026-10-04T19:00:00.000000",18.3979511260986
"NK","2026-10-04T20:00:00.000000",18.4369373321533
"NK","2026-10-04T21:00:00.000000",18.4515171051025
"NK","2026-10-04T22:00:00.000000",18.4541110992432
"NK","2026-10-04T23:00:00.000000",18.4502029418945
"NK","2026-10-05T00:00:00.000000",18.4431991577148
"NK","2026-10-05T01:00:00.000000",18.4351997375488
"NK","2026-10-05T02:00:00.000000",18.4232330322266
"NK","2026-10-05T03:00:00.000000",18.4052677154541
"NK","2026-10-05T04:00:00.000000",18.3818817138672
"NK","2026-10-05T05:00:00.000000",18.3622589111328
"NK","2026-10-05T06:00:00.000000",18.3693923950195
"NK","2026-10-05T07:00:00.000000",18.3882675170898
"NK","2026-10-05T08:00:00.000000",18.3947849273682
"NK","2026-10-05T09:00:00.000000",18.4020709991455
"NK","2026-10-05T10:00:00.000000",18.4021663665771
"NK","2026-10-05T11:00:00.000000",18.3942947387695
"NK","2026-10-05T12:00:00.000000",18.3778629302979
"NK","2026-10-05T13:00:00.000000",18.354907989502
"NK","2026-10-05T14:00:00.000000",18.3242950439453
"NK","2026-10-05T15:00:00.000000",18.2918891906738
"NK","2026-10-05T16:00:00.000000",18.2616996765137
"NK","2026-10-05T17:00:00.000000",18.244701385498
"NK","2026-10-05T18:00:00.000000",18.2747440338135
"NK","2026-10-05T19:00:00.000000",18.3199348449707
"NK","2026-10-05T20:00:00.000000",18.3735675811768
"NK","2026-10-05T21:00:00.000000",18.4229278564453
"NK","2026-10-05T22:00:00.000000",18.4271221160889
"NK","2026-10-05T23:00:00.000000",18.4262390136719
"NK","2026-10-06T00:00:00.000000",18.4193515777588
"NK","2026-10-06T01:00:00.000000",18.4081134796143
"NK","2026-10-06T02:00:00.000000",18.3865833282471
"NK","2026-10-06T03:00:00.000000",18.3545398712158
"NK","2026-10-06T04:00:00.000000",18.3104724884033
"NK","2026-10-06T05:00:00.000000",18.2601451873779
"NK","2026-10-06T06:00:00.000000",18.2132778167725
"NK","2026-10-06T07:00:00.000000",18.178014755249
"NK","2026-10-06T08:00:00.000000",18.1587104797363
"NK","2026-10-06T09:00:00.000000",18.167854309082
"NK","2026-10-06T10:00:00.000000",18.1822242736816
"NK","2026-10-06T11:00:00.000000",18.162073135376
"NK","2026-10-06T12:00:00.000000",18.1346206665039
"NK","2026-10-06T13:00:00.000000",18.1120624542236
"NK","2026-10-06T14:00:00.000000",18.0951995849609
"NK","2026-10-06T15:00:00.000000",18.0840549468994
"NK","2026-10-06T16:00:00.000000",18.0774440765381
"NK","2026-10-06T17:00:00.000000",18.0737686157227
"NK","2026-10-06T18:00:00.000000",18.0719985961914
"NK","2026-10-06T19:00:00.000000",18.0719318389893
"NK","2026-10-06T20:00:00.000000",18.0757827758789
"NK","2026-10-06T21:00:00.000000",18.1211814880371
"NK","2026-10-06T22:00:00.000000",18.2236232757568
"NK","2026-10-06T23:00:00.000000",18.2951374053955
"NK","2026-10-07T00:00:00.000000",18.3104858398438
"NK","2026-10-07T01:00:00.000000",18.2975158691406
"NK","2026-10-07T02:00:00.000000",18.2761726379395
"NK","2026-10-07T03:00:00.000000",18.237606048584
"NK","2026-10-07T04:00:00.000000",18.1897983551025
"NK","2026-10-07T05:00:00.000000",18.1437301635742
"NK","2026-10-07T06:00:00.000000",18.1073799133301
"NK","2026-10-07T07:00:00.000000",18.0839538574219
"NK","2026-10-07T08:00:00.000000",18.0847244262695
"NK","2026-10-07T09:00:00.000000",18.119010925293
"NK","2026-10-07T10:00:00.000000",18.1872787475586
"NK","2026-10-07T11:00:00.000000",18.247875213623
"NK","2026-10-07T12:00:00.000000",18.2793292999268
"NK","2026-10-07T13:00:00.000000",18.2730598449707
"NK","2026-10-07T14:00:00.000000",18.256275177002
"NK","2026-10-07T15:00:00.000000",18.2341403961182
"NK","2026-10-07T16:00:00.000000",18.1812038421631
"NK","2026-10-07T17:00:00.000000",18.1468467712402
"NK","2026-10-07T18:00:00.000000",18.1190643310547
"NK","2026-10-07T19:00:00.000000",18.1004295349121
"NK","2026-10-07T20:00:00.000000",18.1006927490234
"NK","2026-10-07T21:00:00.000000",18.1564254760742
"NK","2026-10-07T22:00:00.000000",18.2566356658936
"NK","2026-10-07T23:00:00.000000",18.3188056945801
"NK","2026-10-08T00:00:00.000000",18.3377094268799
"NK","2026-10-08T01:00:00.000000",18.3436470031738
"NK","2026-10-08T02:00:00.000000",18.3419704437256
"NK","2026-10-08T03:00:00.000000",18.3369560241699
"NK","2026-10-08T04:00:00.000000",18.328556060791
"NK","2026-10-08T05:00:00.000000",18.3133525848389
"NK","2026-10-08T06:00:00.000000",18.2924938201904
"NK","2026-10-08T07:00:00.000000",18.2693977355957
"NK","2026-10-08T08:00:00.000000",18.2623977661133
"NK","2026-10-08T09:00:00.000000",18.2807064056396
"NK","2026-10-08T10:00:00.000000",18.3028469085693
"NK","2026-10-08T11:00:00.000000",18.32790184021
"NK","2026-10-08T12:00:00.000000",18.3448791503906
"NK","2026-10-08T13:00:00.000000",18.3493881225586
"NK","2026-10-08T14:00:00.000000",18.3510074615479
"NK","2026-10-08T15:00:00.000000",18.35178565979
"NK","2026-10-08T16:00:00.000000",18.349006652832
"NK","2026-10-08T17:00:00.000000",18.3398342132568
"NK","2026-10-08T18:00:00.000000",18.3270168304443
"NK","2026-10-08T19:00:00.000000",18.3104248046875
"NK","2026-10-08T20:00:00.000000",18.294038772583
"NK","2026-10-08T21:00:00.000000",18.2958889007568
"NK","2026-10-08T22:00:00.000000",18.3231296539307
"NK","2026-10-08T23:00:00.000000",18.356372833252
"NK","2026-10-09T00:00:00.000000",18.396614074707
"NK","2026-10-09T01:00:00.000000",18.4007186889648
"NK","2026-10-09T02:00:00.000000",18.3989772796631
"NK","2026-10-09T03:00:00.000000",18.393575668335
"NK","2026-10-09T04:00:00.000000",18.3848152160645
"NK","2026-10-09T05:00:00.000000",18.3676509857178
"NK","2026-10-09T06:00:00.000000",18.3456001281738
"NK","2026-10-09T07:00:00.000000",18.3174419403076
"NK","2026-10-09T08:00:00.000000",18.2835807800293
"NK","2026-10-09T09:00:00.000000",18.2602882385254
"NK","2026-10-09T10:00:00.000000",18.2866039276123
"NK","2026-10-09T11:00:00.000000",18.316370010376
"NK","2026-10-09T12:00:00.000000",18.3407020568848
"NK","2026-10-09T13:00:00.000000",18.341724395752
"NK","2026-10-09T14:00:00.000000",18.3390064239502
"NK","2026-10-09T15:00:00.000000",18.3419380187988
"NK","2026-10-09T16:00:00.000000",18.342643737793
"NK","2026-10-09T17:00:00.000000",18.3292770385742
"NK","2026-10-09T18:00:00.000000",18.3053569793701
"NK","2026-10-09T19:00:00.000000",18.2728538513184
"NK","2026-10-09T20:00:00.000000",18.235652923584
"NK","2026-10-09T21:00:00.000000",18.2038631439209
"NK","2026-10-09T22:00:00.000000",18.2090625762939
"NK","2026-10-09T23:00:00.000000",18.2560482025146
"NK","2026-10-10T00:00:00.000000",18.2977733612061
"PI","2026-10-02T00:00:00.000000",18.8273391723633
"PI","2026-10-02T01:00:00.000000",18.809642791748
"PI","2026-10-02T02:00:00.000000",18.8657875061035
"PI","2026-10-02T03:00:00.000000",18.8629627227783
"PI","2026-10-02T04:00:00.000000",18.8354358673096
"PI","2026-10-02T05:00:00.000000",18.8057270050049
"PI","2026-10-02T06:00:00.000000",18.7985210418701
"PI","2026-10-02T07:00:00.000000",18.7830772399902
"PI","2026-10-02T08:00:00.000000",18.7789306640625
"PI","2026-10-02T09:00:00.000000",18.7691059112549
"PI","2026-10-02T10:00:00.000000",18.8225440979004
"PI","2026-10-02T11:00:00.000000",18.8120613098145
"PI","2026-10-02T12:00:00.000000",18.8248596191406
"PI","2026-10-02T13:00:00.000000",18.7894916534424
"PI","2026-10-02T14:00:00.000000",18.8424301147461
"PI","2026-10-02T15:00:00.000000",18.8486194610596
"PI","2026-10-02T16:00:00.000000",18.8278522491455
"PI","2026-10-02T17:00:00.000000",18.8031978607178
"PI","2026-10-02T18:00:00.000000",18.8006057739258
"PI","2026-10-02T19:00:00.000000",18.8033828735352
"PI","2026-10-02T20:00:00.000000",18.7919216156006
"PI","2026-10-02T21:00:00.000000",18.8020343780518
"PI","2026-10-02T22:00:00.000000",18.818244934082
"PI","2026-10-02T23:00:00.000000",18.8244514465332
"PI","2026-10-03T00:00:00.000000",18.8191318511963
"PI","2026-10-03T01:00:00.000000",18.8232440948486
"PI","2026-10-03T02:00:00.000000",18.8129558563232
"PI","2026-10-03T03:00:00.000000",18.8469657897949
"PI","2026-10-03T04:00:00.000000",18.8422431945801
"PI","2026-10-03T05:00:00.000000",18.8031749725342
"PI","2026-10-03T06:00:00.000000",18.8001136779785
"PI","2026-10-03T07:00:00.000000",18.7903251647949
"PI","2026-10-03T08:00:00.000000",18.7809028625488
"PI","2026-10-03T09:00:00.000000",18.7193450927734
"PI","2026-10-03T10:00:00.000000",18.6921558380127
"PI","2026-10-03T11:00:00.000000",18.7440757751465
"PI","2026-10-03T12:00:00.000000",18.7987403869629
"PI","2026-10-03T13:00:00.000000",18.7149810791016
"PI","2026-10-03T14:00:00.000000",18.7843608856201
"PI","2026-10-03T15:00:00.000000",18.8176174163818
"PI","2026-10-03T16:00:00.000000",18.8028888702393
"PI","2026-10-03T17:00:00.000000",18.8117656707764
"PI","2026-10-03T18:00:00.000000",18.804744720459
"PI","2026-10-03T19:00:00.000000",18.7859058380127
"PI","2026-10-03T20:00:00.000000",18.7876110076904
"PI","2026-10-03T21:00:00.000000",18.8277015686035
"PI","2026-10-03T22:00:00.000000",18.8402156829834
"PI","2026-10-03T23:00:00.000000",18.8506145477295
"PI","2026-10-04T00:00:00.000000",18.8403034210205
"PI","2026-10-04T01:00:00.000000",18.8349056243896
"PI","2026-10-04T02:00:00.000000",18.8239002227783
"PI","2026-10-04T03:00:00.000000",18.8264999389648
"PI","2026-10-04T04:00:00.000000",18.8431453704834
"PI","2026-10-04T05:00:00.000000",18.8266048431396
"PI","2026-10-04T06:00:00.000000",18.7961559295654
"PI","2026-10-04T07:00:00.000000",18.7948417663574
"PI","2026-10-04T08:00:00.000000",18.7450370788574
"PI","2026-10-04T09:00:00.000000",18.7003078460693
"PI","2026-10-04T10:00:00.000000",18.6705493927002
"PI","2026-10-04T11:00:00.000000",18.5894260406494
"PI","2026-10-04T12:00:00.000000",18.737886428833
"PI","2026-10-04T13:00:00.000000",18.7494945526123
"PI","2026-10-04T14:00:00.000000",18.6262111663818
"PI","2026-10-04T15:00:00.000000",18.7186374664307
"PI","2026-10-04T16:00:00.000000",18.7783451080322
"PI","2026-10-04T17:00:00.000000",18.7608184814453
"PI","2026-10-04T18:00:00.000000",18.7840042114258
"PI","2026-10-04T19:00:00.000000",18.7874889373779
"PI","2026-10-04T20:00:00.000000",18.7578754425049
"PI","2026-10-04T21:00:00.000000",18.747371673584
"PI","2026-10-04T22:00:00.000000",18.7410850524902
"PI","2026-10-04T23:00:00.000000",18.7252330780029
"PI","2026-10-05T00:00:00.000000",18.7251281738281
"PI","2026-10-05T01:00:00.000000",18.7451648712158
"PI","2026-10-05T02:00:00.000000",18.7150936126709
"PI","2026-10-05T03:00:00.000000",18.7191333770752
"PI","2026-10-05T04:00:00.000000",18.7499027252197
"PI","2026-10-05T05:00:00.000000",18.7779102325439
"PI","2026-10-05T06:00:00.000000",18.7792415618896
"PI","2026-10-05T07:00:00.000000",18.7558174133301
"PI","2026-10-05T08:00:00.000000",18.7492694854736
"PI","2026-10-05T09:00:00.000000",18.744234085083
"PI","2026-10-05T10:00:00.000000",18.7219467163086
"PI","2026-10-05T11:00:00.000000",18.7104797363281
"PI","2026-10-05T12:00:00.000000",18.7047748565674
"PI","2026-10-05T13:00:00.000000",18.7238349914551
"PI","2026-10-05T14:00:00.000000",18.7608509063721
"PI","2026-10-05T15:00:00.000000",18.7309169769287
"PI","2026-10-05T16:00:00.000000",18.7295742034912
"PI","2026-10-05T17:00:00.000000",18.7690906524658
"PI","2026-10-05T18:00:00.000000",18.797872543335
"PI","2026-10-05T19:00:00.000000",18.8016262054443
"PI","2026-10-05T20:00:00.000000",18.7745838165283
"PI","2026-10-05T21:00:00.000000",18.7481899261475
"PI","2026-10-05T22:00:00.000000",18.7479629516602
"PI","2026-10-05T23:00:00.000000",18.7630443572998
"PI","2026-10-06T00:00:00.000000",18.8131065368652
"PI","2026-10-06T01:00:00.000000",18.8032341003418
"PI","2026-10-06T02:00:00.000000",18.7972946166992
"PI","2026-10-06T03:00:00.000000",18.7893733978271
"PI","2026-10-06T04:00:00.000000",18.7716083526611
"PI","2026-10-06T05:00:00.000000",18.7611484527588
"PI","2026-10-06T06:00:00.000000",18.8069076538086
"PI","2026-10-06T07:00:00.000000",18.8110389709473
"PI","2026-10-06T08:00:00.000000",18.7916603088379
"PI","2026-10-06T09:00:00.000000",18.7701454162598
"PI","2026-10-06T10:00:00.000000",18.7678756713867
"PI","2026-10-06T11:00:00.000000",18.6995868682861
"PI","2026-10-06T12:00:00.000000",18.6935501098633
"PI","2026-10-06T13:00:00.000000",18.6761474609375
"PI","2026-10-06T14:00:00.000000",18.6859760284424
"PI","2026-10-06T15:00:00.000000",18.7318248748779
"PI","2026-10-06T16:00:00.000000",18.7246131896973
"PI","2026-10-06T17:00:00.000000",18.7453174591064
"PI","2026-10-06T18:00:00.000000",18.7830066680908
"PI","2026-10-06T19:00:00.000000",18.8037815093994
"PI","2026-10-06T20:00:00.000000",18.8052253723145
"PI","2026-10-06T21:00:00.000000",18.7660846710205
"PI","2026-10-06T22:00:00.000000",18.7276229858398
"PI","2026-10-06T23:00:00.000000",18.7477035522461
"PI","2026-10-07T00:00:00.000000",18.7611122131348
"PI","2026-10-07T01:00:00.000000",18.7774353027344
"PI","2026-10-07T02:00:00.000000",18.7636814117432
"PI","2026-10-07T03:00:00.000000",18.7581157684326
"PI","2026-10-07T04:00:00.000000",18.7473239898682
"PI","2026-10-07T05:00:00.000000",18.7149314880371
"PI","2026-10-07T06:00:00.000000",18.7621116638184
"PI","2026-10-07T07:00:00.000000",18.7874164581299
"PI","2026-10-07T08:00:00.000000",18.788724899292
"PI","2026-10-07T09:00:00.000000",18.7564926147461
"PI","2026-10-07T10:00:00.000000",18.7093677520752
"PI","2026-10-07T11:00:00.000000",18.7152442932129
"PI","2026-10-07T12:00:00.000000",18.7159748077393
"PI","2026-10-07T13:00:00.000000",18.7050971984863
"PI","2026-10-07T14:00:00.000000",18.6825752258301
"PI","2026-10-07T15:00:00.000000",18.6747608184814
"PI","2026-10-07T16:00:00.000000",18.7572937011719
"PI","2026-10-07T17:00:00.000000",18.7413215637207
"PI","2026-10-07T18:00:00.000000",18.7262954711914
"PI","2026-10-07T19:00:00.000000",18.7564754486084
"PI","2026-10-07T20:00:00.000000",18.7831192016602
"PI","2026-10-07T21:00:00.000000",18.8010482788086
"PI","2026-10-07T22:00:00.000000",18.773904800415
"PI","2026-10-07T23:00:00.000000",18.7220687866211
"PI","2026-10-08T00:00:00.000000",18.7423191070557
"PI","2026-10-08T01:00:00.000000",18.7429714202881
"PI","2026-10-08T02:00:00.000000",18.7331638336182
"PI","2026-10-08T03:00:00.000000",18.7344856262207
"PI","2026-10-08T04:00:00.000000",18.7649230957031
"PI","2026-10-08T05:00:00.000000",18.7672576904297
"PI","2026-10-08T06:00:00.000000",18.7678546905518
"PI","2026-10-08T07:00:00.000000",18.746862411499
"PI","2026-10-08T08:00:00.000000",18.7844009399414
"PI","2026-10-08T09:00:00.000000",18.8028678894043
"PI","2026-10-08T10:00:00.000000",18.7854709625244
"PI","2026-10-08T11:00:00.000000",18.7472591400146
"PI","2026-10-08T12:00:00.000000",18.7290172576904
"PI","2026-10-08T13:00:00.000000",18.7334003448486
"PI","2026-10-08T14:00:00.000000",18.7535991668701
"PI","2026-10-08T15:00:00.000000",18.7565727233887
"PI","2026-10-08T16:00:00.000000",18.7812919616699
"PI","2026-10-08T17:00:00.000000",18.7870903015137
"PI","2026-10-08T18:00:00.000000",18.795389175415
"PI","2026-10-08T19:00:00.000000",18.7969665527344
"PI","2026-10-08T20:00:00.000000",18.8125400543213
"PI","2026-10-08T21:00:00.000000",18.8608169555664
"PI","2026-10-08T22:00:00.000000",18.8768405914307
"PI","2026-10-08T23:00:00.000000",18.8210830688477
"PI","2026-10-09T00:00:00.000000",18.7855243682861
"PI","2026-10-09T01:00:00.000000",18.7870082855225
"PI","2026-10-09T02:00:00.000000",18.7886924743652
"PI","2026-10-09T03:00:00.000000",18.7662105560303
"PI","2026-10-09T04:00:00.000000",18.7861309051514
"PI","2026-10-09T05:00:00.000000",18.8139972686768
"PI","2026-10-09T06:00:00.000000",18.8270149230957
"PI","2026-10-09T07:00:00.000000",18.8217487335205
"PI","2026-10-09T08:00:00.000000",18.8040294647217
"PI","2026-10-09T09:00:00.000000",18.8278217315674
"PI","2026-10-09T10:00:00.000000",18.8356666564941
"PI","2026-10-09T11:00:00.000000",18.8070278167725
"PI","2026-10-09T12:00:00.000000",18.7655620574951
"PI","2026-10-09T13:00:00.000000",18.7644119262695
"PI","2026-10-09T14:00:00.000000",18.789493560791
"PI","2026-10-09T15:00:00.000000",18.7828502655029
"PI","2026-10-09T16:00:00.000000",18.8099346160889
"PI","2026-10-09T17:00:00.000000",18.831148147583
"PI","2026-10-09T18:00:00.000000",18.8232746124268
"PI","2026-10-09T19:00:00.000000",18.8193950653076
"PI","2026-10-09T20:00:00.000000",18.7648010253906
"PI","2026-10-09T21:00:00.000000",18.8222541809082
"PI","2026-10-09T22:00:00.000000",18.8568458557129
"PI","2026-10-09T23:00:00.000000",18.8616313934326
"PI","2026-10-10T00:00:00.000000",18.7700157165527
"QU","2026-10-02T00:00:00.000000",18.5401935577393
"QU","2026-10-02T01:00:00.000000",18.538724899292
"QU","2026-10-02T02:00:00.000000",18.5438613891602
"QU","2026-10-02T03:00:00.000000",18.5548343658447
"QU","2026-10-02T04:00:00.000000",18.5637950897217
"QU","2026-10-02T05:00:00.000000",18.5650157928467
"QU","2026-10-02T06:00:00.000000",18.5546073913574
"QU","2026-10-02T07:00:00.000000",18.5436859130859
"QU","2026-10-02T08:00:00.000000",18.5265331268311
"QU","2026-10-02T09:00:00.000000",18.5084571838379
"QU","2026-10-02T10:00:00.000000",18.488395690918
"QU","2026-10-02T11:00:00.000000",18.4772663116455
"QU","2026-10-02T12:00:00.000000",18.4699382781982
"QU","2026-10-02T13:00:00.000000",18.4691028594971
"QU","2026-10-02T14:00:00.000000",18.4747352600098
"QU","2026-10-02T15:00:00.000000",18.4955730438232
"QU","2026-10-02T16:00:00.000000",18.5226154327393
"QU","2026-10-02T17:00:00.000000",18.5343894958496
"QU","2026-10-02T18:00:00.000000",18.5365142822266
"QU","2026-10-02T19:00:00.000000",18.5356597900391
"QU","2026-10-02T20:00:00.000000",18.528284072876
"QU","2026-10-02T21:00:00.000000",18.5141792297363
"QU","2026-10-02T22:00:00.000000",18.4996547698975
"QU","2026-10-02T23:00:00.000000",18.4874858856201
"QU","2026-10-03T00:00:00.000000",18.477123260498
"QU","2026-10-03T01:00:00.000000",18.4713287353516
"QU","2026-10-03T02:00:00.000000",18.4754867553711
"QU","2026-10-03T03:00:00.000000",18.4892864227295
"QU","2026-10-03T04:00:00.000000",18.4998378753662
"QU","2026-10-03T05:00:00.000000",18.5042114257812
"QU","2026-10-03T06:00:00.000000",18.5053806304932
"QU","2026-10-03T07:00:00.000000",18.505578994751
"QU","2026-10-03T08:00:00.000000",18.5053634643555
"QU","2026-10-03T09:00:00.000000",18.5049095153809
"QU","2026-10-03T10:00:00.000000",18.504207611084
"QU","2026-10-03T11:00:00.000000",18.5027084350586
"QU","2026-10-03T12:00:00.000000",18.501148223877
"QU","2026-10-03T13:00:00.000000",18.4993362426758
"QU","2026-10-03T14:00:00.000000",18.4962310791016
"QU","2026-10-03T15:00:00.000000",18.4930839538574
"QU","2026-10-03T16:00:00.000000",18.4866619110107
"QU","2026-10-03T17:00:00.000000",18.4755764007568
"QU","2026-10-03T18:00:00.000000",18.4659938812256
"QU","2026-10-03T19:00:00.000000",18.4610958099365
"QU","2026-10-03T20:00:00.000000",18.462007522583
"QU","2026-10-03T21:00:00.000000",18.4635925292969
"QU","2026-10-03T22:00:00.000000",18.4657363891602
"QU","2026-10-03T23:00:00.000000",18.4677429199219
"QU","2026-10-04T00:00:00.000000",18.463436126709
"QU","2026-10-04T01:00:00.000000",18.4573135375977
"QU","2026-10-04T02:00:00.000000",18.452995300293
"QU","2026-10-04T03:00:00.000000",18.4506721496582
"QU","2026-10-04T04:00:00.000000",18.4484119415283
"QU","2026-10-04T05:00:00.000000",18.4449634552002
"QU","2026-10-04T06:00:00.000000",18.43896484375
"QU","2026-10-04T07:00:00.000000",18.4296131134033
"QU","2026-10-04T08:00:00.000000",18.4245281219482
"QU","2026-10-04T09:00:00.000000",18.4215240478516
"QU","2026-10-04T10:00:00.000000",18.4190788269043
"QU","2026-10-04T11:00:00.000000",18.4168930053711
"QU","2026-10-04T12:00:00.000000",18.4145259857178
"QU","2026-10-04T13:00:00.000000",18.4134311676025
"QU","2026-10-04T14:00:00.000000",18.412446975708
"QU","2026-10-04T15:00:00.000000",18.4047946929932
"QU","2026-10-04T16:00:00.000000",18.387622833252
"QU","2026-10-04T17:00:00.000000",18.3820419311523
"QU","2026-10-04T18:00:00.000000",18.3876934051514
"QU","2026-10-04T19:00:00.000000",18.4025382995605
"QU","2026-10-04T20:00:00.000000",18.4165802001953
"QU","2026-10-04T21:00:00.000000",18.4186210632324
"QU","2026-10-04T22:00:00.000000",18.4108047485352
"QU","2026-10-04T23:00:00.000000",18.4017028808594
"QU","2026-10-05T00:00:00.000000",18.3922519683838
"QU","2026-10-05T01:00:00.000000",18.3879489898682
"QU","2026-10-05T02:00:00.000000",18.3873195648193
"QU","2026-10-05T03:00:00.000000",18.3894958496094
"QU","2026-10-05T04:00:00.000000",18.393009185791
"QU","2026-10-05T05:00:00.000000",18.3969345092773
"QU","2026-10-05T06:00:00.000000",18.4009532928467
"QU","2026-10-05T07:00:00.000000",18.4046649932861
"QU","2026-10-05T08:00:00.000000",18.4069442749023
"QU","2026-10-05T09:00:00.000000",18.4076919555664
"QU","2026-10-05T10:00:00.000000",18.4062671661377
"QU","2026-10-05T11:00:00.000000",18.4043273925781
"QU","2026-10-05T12:00:00.000000",18.4024906158447
"QU","2026-10-05T13:00:00.000000",18.4010810852051
"QU","2026-10-05T14:00:00.000000",18.3997611999512
"QU","2026-10-05T15:00:00.000000",18.4008541107178
"QU","2026-10-05T16:00:00.000000",18.4046859741211
"QU","2026-10-05T17:00:00.000000",18.4099502563477
"QU","2026-10-05T18:00:00.000000",18.4174041748047
"QU","2026-10-05T19:00:00.000000",18.4290332794189
"QU","2026-10-05T20:00:00.000000",18.4416370391846
"QU","2026-10-05T21:00:00.000000",18.4498462677002
"QU","2026-10-05T22:00:00.000000",18.4491500854492
"QU","2026-10-05T23:00:00.000000",18.443208694458
"QU","2026-10-06T00:00:00.000000",18.4331226348877
"QU","2026-10-06T01:00:00.000000",18.4213790893555
"QU","2026-10-06T02:00:00.000000",18.409740447998
"QU","2026-10-06T03:00:00.000000",18.4004707336426
"QU","2026-10-06T04:00:00.000000",18.3926391601562
"QU","2026-10-06T05:00:00.000000",18.3871517181396
"QU","2026-10-06T06:00:00.000000",18.3833084106445
"QU","2026-10-06T07:00:00.000000",18.3792419433594
"QU","2026-10-06T08:00:00.000000",18.3760643005371
"QU","2026-10-06T09:00:00.000000",18.3741588592529
"QU","2026-10-06T10:00:00.000000",18.3721618652344
"QU","2026-10-06T11:00:00.000000",18.3680572509766
"QU","2026-10-06T12:00:00.000000",18.3631973266602
"QU","2026-10-06T13:00:00.000000",18.3602561950684
"QU","2026-10-06T14:00:00.000000",18.3601264953613
"QU","2026-10-06T15:00:00.000000",18.3622760772705
"QU","2026-10-06T16:00:00.000000",18.3656597137451
"QU","2026-10-06T17:00:00.000000",18.3695735931396
"QU","2026-10-06T18:00:00.000000",18.3737945556641
"QU","2026-10-06T19:00:00.000000",18.3790988922119
"QU","2026-10-06T20:00:00.000000",18.3852558135986
"QU","2026-10-06T21:00:00.000000",18.3841381072998
"QU","2026-10-06T22:00:00.000000",18.3766441345215
"QU","2026-10-06T23:00:00.000000",18.3715419769287
"QU","2026-10-07T00:00:00.000000",18.3702754974365
"QU","2026-10-07T01:00:00.000000",18.3698482513428
"QU","2026-10-07T02:00:00.000000",18.369499206543
"QU","2026-10-07T03:00:00.000000",18.3683681488037
"QU","2026-10-07T04:00:00.000000",18.3664741516113
"QU","2026-10-07T05:00:00.000000",18.3627300262451
"QU","2026-10-07T06:00:00.000000",18.3579444885254
"QU","2026-10-07T07:00:00.000000",18.3519039154053
"QU","2026-10-07T08:00:00.000000",18.3436317443848
"QU","2026-10-07T09:00:00.000000",18.3355731964111
"QU","2026-10-07T10:00:00.000000",18.3277702331543
"QU","2026-10-07T11:00:00.000000",18.3220500946045
"QU","2026-10-07T12:00:00.000000",18.3213233947754
"QU","2026-10-07T13:00:00.000000",18.3222618103027
"QU","2026-10-07T14:00:00.000000",18.3248882293701
"QU","2026-10-07T15:00:00.000000",18.3303966522217
"QU","2026-10-07T16:00:00.000000",18.3394088745117
"QU","2026-10-07T17:00:00.000000",18.3466529846191
"QU","2026-10-07T18:00:00.000000",18.344690322876
"QU","2026-10-07T19:00:00.000000",18.3464908599854
"QU","2026-10-07T20:00:00.000000",18.3480529785156
"QU","2026-10-07T21:00:00.000000",18.3463287353516
"QU","2026-10-07T22:00:00.000000",18.3446559906006
"QU","2026-10-07T23:00:00.000000",18.3427734375
"QU","2026-10-08T00:00:00.000000",18.3403415679932
"QU","2026-10-08T01:00:00.000000",18.3371086120605
"QU","2026-10-08T02:00:00.000000",18.3350372314453
"QU","2026-10-08T03:00:00.000000",18.3333148956299
"QU","2026-10-08T04:00:00.000000",18.3316268920898
"QU","2026-10-08T05:00:00.000000",18.3302974700928
"QU","2026-10-08T06:00:00.000000",18.3289108276367
"QU","2026-10-08T07:00:00.000000",18.3271903991699
"QU","2026-10-08T08:00:00.000000",18.3250122070312
"QU","2026-10-08T09:00:00.000000",18.3234062194824
"QU","2026-10-08T10:00:00.000000",18.3231201171875
"QU","2026-10-08T11:00:00.000000",18.3245811462402
"QU","2026-10-08T12:00:00.000000",18.3260765075684
"QU","2026-10-08T13:00:00.000000",18.3260326385498
"QU","2026-10-08T14:00:00.000000",18.3277225494385
"QU","2026-10-08T15:00:00.000000",18.3326873779297
"QU","2026-10-08T16:00:00.000000",18.339262008667
"QU","2026-10-08T17:00:00.000000",18.3453311920166
"QU","2026-10-08T18:00:00.000000",18.3512516021729
"QU","2026-10-08T19:00:00.000000",18.3566417694092
"QU","2026-10-08T20:00:00.000000",18.3620777130127
"QU","2026-10-08T21:00:00.000000",18.3672199249268
"QU","2026-10-08T22:00:00.000000",18.3727264404297
"QU","2026-10-08T23:00:00.000000",18.3789958953857
"QU","2026-10-09T00:00:00.000000",18.3820209503174
"QU","2026-10-09T01:00:00.000000",18.379150390625
"QU","2026-10-09T02:00:00.000000",18.3723983764648
"QU","2026-10-09T03:00:00.000000",18.3654460906982
"QU","2026-10-09T04:00:00.000000",18.3607711791992
"QU","2026-10-09T05:00:00.000000",18.3581962585449
"QU","2026-10-09T06:00:00.000000",18.3563003540039
"QU","2026-10-09T07:00:00.000000",18.3551578521729
"QU","2026-10-09T08:00:00.000000",18.356466293335
"QU","2026-10-09T09:00:00.000000",18.3577995300293
"QU","2026-10-09T10:00:00.000000",18.3587036132812
"QU","2026-10-09T11:00:00.000000",18.3588848114014
"QU","2026-10-09T12:00:00.000000",18.3560066223145
"QU","2026-10-09T13:00:00.000000",18.3546123504639
"QU","2026-10-09T14:00:00.000000",18.3555736541748
"QU","2026-10-09T15:00:00.000000",18.3574638366699
"QU","2026-10-09T16:00:00.000000",18.3600559234619
"QU","2026-10-09T17:00:00.000000",18.3624458312988
"QU","2026-10-09T18:00:00.000000",18.365327835083
"QU","2026-10-09T19:00:00.000000",18.3671684265137
"QU","2026-10-09T20:00:00.000000",18.3675537109375
"QU","2026-10-09T21:00:00.000000",18.3679084777832
"QU","2026-10-09T22:00:00.000000",18.3682518005371
"QU","2026-10-09T23:00:00.000000",18.3647556304932
"QU","2026-10-10T00:00:00.000000",18.3578357696533
"CC","2026-10-02T00:00:00.000000",18.3824119567871
"CC","2026-10-02T01:00:00.000000",18.3811588287354
"CC","2026-10-02T02:00:00.000000",18.3805065155029
"CC","2026-10-02T03:00:00.000000",18.3796405792236
"CC","2026-10-02T04:00:00.000000",18.3792037963867
"CC","2026-10-02T05:00:00.000000",18.3792343139648
"CC","2026-10-02T06:00:00.000000",18.3792095184326
"CC","2026-10-02T07:00:00.000000",18.3792381286621
"CC","2026-10-02T08:00:00.000000",18.3794918060303
"CC","2026-10-02T09:00:00.000000",18.3809871673584
"CC","2026-10-02T10:00:00.000000",18.3844699859619
"CC","2026-10-02T11:00:00.000000",18.393404006958
"CC","2026-10-02T12:00:00.000000",18.4005966186523
"CC","2026-10-02T13:00:00.000000",18.4077968597412
"CC","2026-10-02T14:00:00.000000",18.4151458740234
"CC","2026-10-02T15:00:00.000000",18.4248123168945
"CC","2026-10-02T16:00:00.000000",18.4386005401611
"CC","2026-10-02T17:00:00.000000",18.4520721435547
"CC","2026-10-02T18:00:00.000000",18.4646110534668
"CC","2026-10-02T19:00:00.000000",18.4766464233398
"CC","2026-10-02T20:00:00.000000",18.4880065917969
"CC","2026-10-02T21:00:00.000000",18.4968967437744
"CC","2026-10-02T22:00:00.000000",18.5037899017334
"CC","2026-10-02T23:00:00.000000",18.5090675354004
"CC","2026-10-03T00:00:00.000000",18.5140380859375
"CC","2026-10-03T01:00:00.000000",18.5173454284668
"CC","2026-10-03T02:00:00.000000",18.5210285186768
"CC","2026-10-03T03:00:00.000000",18.5243129730225
"CC","2026-10-03T04:00:00.000000",18.5256023406982
"CC","2026-10-03T05:00:00.000000",18.52614402771
"CC","2026-10-03T06:00:00.000000",18.5262031555176
"CC","2026-10-03T07:00:00.000000",18.5261535644531
"CC","2026-10-03T08:00:00.000000",18.5261039733887
"CC","2026-10-03T09:00:00.000000",18.525899887085
"CC","2026-10-03T10:00:00.000000",18.5253238677979
"CC","2026-10-03T11:00:00.000000",18.5245780944824
"CC","2026-10-03T12:00:00.000000",18.5241565704346
"CC","2026-10-03T13:00:00.000000",18.5244808197021
"CC","2026-10-03T14:00:00.000000",18.5257110595703
"CC","2026-10-03T15:00:00.000000",18.5280914306641
"CC","2026-10-03T16:00:00.000000",18.5315647125244
"CC","2026-10-03T17:00:00.000000",18.5355796813965
"CC","2026-10-03T18:00:00.000000",18.5395412445068
"CC","2026-10-03T19:00:00.000000",18.542760848999
"CC","2026-10-03T20:00:00.000000",18.5446166992188
"CC","2026-10-03T21:00:00.000000",18.544677734375
"CC","2026-10-03T22:00:00.000000",18.5452060699463
"CC","2026-10-03T23:00:00.000000",18.545919418335
"CC","2026-10-04T00:00:00.000000",18.5463333129883
"CC","2026-10-04T01:00:00.000000",18.5469970703125
"CC","2026-10-04T02:00:00.000000",18.5482997894287
"CC","2026-10-04T03:00:00.000000",18.5501441955566
"CC","2026-10-04T04:00:00.000000",18.5513458251953
"CC","2026-10-04T05:00:00.000000",18.552360534668
"CC","2026-10-04T06:00:00.000000",18.5531177520752
"CC","2026-10-04T07:00:00.000000",18.5538654327393
"CC","2026-10-04T08:00:00.000000",18.5541667938232
"CC","2026-10-04T09:00:00.000000",18.5542373657227
"CC","2026-10-04T10:00:00.000000",18.5534915924072
"CC","2026-10-04T11:00:00.000000",18.5517311096191
"CC","2026-10-04T12:00:00.000000",18.5492095947266
"CC","2026-10-04T13:00:00.000000",18.5466251373291
"CC","2026-10-04T14:00:00.000000",18.5436630249023
"CC","2026-10-04T15:00:00.000000",18.5407886505127
"CC","2026-10-04T16:00:00.000000",18.5385265350342
"CC","2026-10-04T17:00:00.000000",18.537317276001
"CC","2026-10-04T18:00:00.000000",18.5370140075684
"CC","2026-10-04T19:00:00.000000",18.5373687744141
"CC","2026-10-04T20:00:00.000000",18.5381526947021
"CC","2026-10-04T21:00:00.000000",18.5396728515625
"CC","2026-10-04T22:00:00.000000",18.5411472320557
"CC","2026-10-04T23:00:00.000000",18.5420970916748
"CC","2026-10-05T00:00:00.000000",18.5423240661621
"CC","2026-10-05T01:00:00.000000",18.5423049926758
"CC","2026-10-05T02:00:00.000000",18.5420322418213
"CC","2026-10-05T03:00:00.000000",18.5417232513428
"CC","2026-10-05T04:00:00.000000",18.5413360595703
"CC","2026-10-05T05:00:00.000000",18.541187286377
"CC","2026-10-05T06:00:00.000000",18.5409278869629
"CC","2026-10-05T07:00:00.000000",18.5406665802002
"CC","2026-10-05T08:00:00.000000",18.5405025482178
"CC","2026-10-05T09:00:00.000000",18.5404510498047
"CC","2026-10-05T10:00:00.000000",18.5402851104736
"CC","2026-10-05T11:00:00.000000",18.5402126312256
"CC","2026-10-05T12:00:00.000000",18.5402088165283
"CC","2026-10-05T13:00:00.000000",18.5408611297607
"CC","2026-10-05T14:00:00.000000",18.5420913696289
"CC","2026-10-05T15:00:00.000000",18.5436229705811
"CC","2026-10-05T16:00:00.000000",18.5456962585449
"CC","2026-10-05T17:00:00.000000",18.5482616424561
"CC","2026-10-05T18:00:00.000000",18.5526638031006
"CC","2026-10-05T19:00:00.000000",18.5585956573486
"CC","2026-10-05T20:00:00.000000",18.5665302276611
"CC","2026-10-05T21:00:00.000000",18.5739936828613
"CC","2026-10-05T22:00:00.000000",18.5796546936035
"CC","2026-10-05T23:00:00.000000",18.5838260650635
"CC","2026-10-06T00:00:00.000000",18.5876579284668
"CC","2026-10-06T01:00:00.000000",18.5896511077881
"CC","2026-10-06T02:00:00.000000",18.5909442901611
"CC","2026-10-06T03:00:00.000000",18.5921516418457
"CC","2026-10-06T04:00:00.000000",18.5931549072266
"CC","2026-10-06T05:00:00.000000",18.5947761535645
"CC","2026-10-06T06:00:00.000000",18.5970649719238
"CC","2026-10-06T07:00:00.000000",18.5992202758789
"CC","2026-10-06T08:00:00.000000",18.6005020141602
"CC","2026-10-06T09:00:00.000000",18.60133934021
"CC","2026-10-06T10:00:00.000000",18.6020622253418
"CC","2026-10-06T11:00:00.000000",18.6028900146484
"CC","2026-10-06T12:00:00.000000",18.6034317016602
"CC","2026-10-06T13:00:00.000000",18.602237701416
"CC","2026-10-06T14:00:00.000000",18.5997047424316
"CC","2026-10-06T15:00:00.000000",18.5962467193604
"CC","2026-10-06T16:00:00.000000",18.5939292907715
"CC","2026-10-06T17:00:00.000000",18.5910835266113
"CC","2026-10-06T18:00:00.000000",18.5890502929688
"CC","2026-10-06T19:00:00.000000",18.5876235961914
"CC","2026-10-06T20:00:00.000000",18.5867366790771
"CC","2026-10-06T21:00:00.000000",18.5874538421631
"CC","2026-10-06T22:00:00.000000",18.5897254943848
"CC","2026-10-06T23:00:00.000000",18.5920658111572
"CC","2026-10-07T00:00:00.000000",18.594202041626
"CC","2026-10-07T01:00:00.000000",18.5966911315918
"CC","2026-10-07T02:00:00.000000",18.5996971130371
"CC","2026-10-07T03:00:00.000000",18.6021862030029
"CC","2026-10-07T04:00:00.000000",18.6037654876709
"CC","2026-10-07T05:00:00.000000",18.6048526763916
"CC","2026-10-07T06:00:00.000000",18.6053657531738
"CC","2026-10-07T07:00:00.000000",18.606107711792
"CC","2026-10-07T08:00:00.000000",18.6069965362549
"CC","2026-10-07T09:00:00.000000",18.6077728271484
"CC","2026-10-07T10:00:00.000000",18.6082572937012
"CC","2026-10-07T11:00:00.000000",18.6084938049316
"CC","2026-10-07T12:00:00.000000",18.6087131500244
"CC","2026-10-07T13:00:00.000000",18.609317779541
"CC","2026-10-07T14:00:00.000000",18.6105518341064
"CC","2026-10-07T15:00:00.000000",18.6123485565186
"CC","2026-10-07T16:00:00.000000",18.6142978668213
"CC","2026-10-07T17:00:00.000000",18.6160221099854
"CC","2026-10-07T18:00:00.000000",18.6174926757812
"CC","2026-10-07T19:00:00.000000",18.6190242767334
"CC","2026-10-07T20:00:00.000000",18.6216640472412
"CC","2026-10-07T21:00:00.000000",18.6249370574951
"CC","2026-10-07T22:00:00.000000",18.6254539489746
"CC","2026-10-07T23:00:00.000000",18.6240215301514
"CC","2026-10-08T00:00:00.000000",18.6213817596436
"CC","2026-10-08T01:00:00.000000",18.6178131103516
"CC","2026-10-08T02:00:00.000000",18.613410949707
"CC","2026-10-08T03:00:00.000000",18.6084728240967
"CC","2026-10-08T04:00:00.000000",18.6034107208252
"CC","2026-10-08T05:00:00.000000",18.5986309051514
"CC","2026-10-08T06:00:00.000000",18.5944557189941
"CC","2026-10-08T07:00:00.000000",18.5916633605957
"CC","2026-10-08T08:00:00.000000",18.5887832641602
"CC","2026-10-08T09:00:00.000000",18.5854434967041
"CC","2026-10-08T10:00:00.000000",18.5820369720459
"CC","2026-10-08T11:00:00.000000",18.5791110992432
"CC","2026-10-08T12:00:00.000000",18.5766525268555
"CC","2026-10-08T13:00:00.000000",18.5749435424805
"CC","2026-10-08T14:00:00.000000",18.5734329223633
"CC","2026-10-08T15:00:00.000000",18.5721988677979
"CC","2026-10-08T16:00:00.000000",18.5721435546875
"CC","2026-10-08T17:00:00.000000",18.5756912231445
"CC","2026-10-08T18:00:00.000000",18.5838279724121
"CC","2026-10-08T19:00:00.000000",18.5933895111084
"CC","2026-10-08T20:00:00.000000",18.6019248962402
"CC","2026-10-08T21:00:00.000000",18.6100215911865
"CC","2026-10-08T22:00:00.000000",18.6181526184082
"CC","2026-10-08T23:00:00.000000",18.6269035339355
"CC","2026-10-09T00:00:00.000000",18.6336917877197
"CC","2026-10-09T01:00:00.000000",18.6373271942139
"CC","2026-10-09T02:00:00.000000",18.6395454406738
"CC","2026-10-09T03:00:00.000000",18.6401405334473
"CC","2026-10-09T04:00:00.000000",18.6401100158691
"CC","2026-10-09T05:00:00.000000",18.6395683288574
"CC","2026-10-09T06:00:00.000000",18.6386070251465
"CC","2026-10-09T07:00:00.000000",18.6369323730469
"CC","2026-10-09T08:00:00.000000",18.6346244812012
"CC","2026-10-09T09:00:00.000000",18.632194519043
"CC","2026-10-09T10:00:00.000000",18.6302433013916
"CC","2026-10-09T11:00:00.000000",18.6285972595215
"CC","2026-10-09T12:00:00.000000",18.6274871826172
"CC","2026-10-09T13:00:00.000000",18.6270351409912
"CC","2026-10-09T14:00:00.000000",18.6271324157715
"CC","2026-10-09T15:00:00.000000",18.6277160644531
"CC","2026-10-09T16:00:00.000000",18.6286582946777
"CC","2026-10-09T17:00:00.000000",18.6299266815186
"CC","2026-10-09T18:00:00.000000",18.6312465667725
"CC","2026-10-09T19:00:00.000000",18.6326484680176
"CC","2026-10-09T20:00:00.000000",18.633394241333
"CC","2026-10-09T21:00:00.000000",18.6331176757812
"CC","2026-10-09T22:00:00.000000",18.6318321228027
"CC","2026-10-09T23:00:00.000000",18.6300888061523
"CC","2026-10-10T00:00:00.000000",18.6281089782715
"DL","2026-10-02T00:00:00.000000",18.6647148132324
"DL","2026-10-02T01:00:00.000000",18.5947189331055
"DL","2026-10-02T02:00:00.000000",18.5786647796631
"DL","2026-10-02T03:00:00.000000",18.5637512207031
"DL","2026-10-02T04:00:00.000000",18.5817165374756
"DL","2026-10-02T05:00:00.000000",18.5987014770508
"DL","2026-10-02T06:00:00.000000",18.6196269989014
"DL","2026-10-02T07:00:00.000000",18.6988105773926
"DL","2026-10-02T08:00:00.000000",18.734338760376
"DL","2026-10-02T09:00:00.000000",18.6465721130371
"DL","2026-10-02T10:00:00.000000",18.6619758605957
"DL","2026-10-02T11:00:00.000000",18.6298141479492
"DL","2026-10-02T12:00:00.000000",18.6244354248047
"DL","2026-10-02T13:00:00.000000",18.5510597229004
"DL","2026-10-02T14:00:00.000000",18.5188007354736
"DL","2026-10-02T15:00:00.000000",18.5157375335693
"DL","2026-10-02T16:00:00.000000",18.5182952880859
"DL","2026-10-02T17:00:00.000000",18.51637840271
"DL","2026-10-02T18:00:00.000000",18.5496616363525
"DL","2026-10-02T19:00:00.000000",18.557035446167
"DL","2026-10-02T20:00:00.000000",18.6916618347168
"DL","2026-10-02T21:00:00.000000",18.6212539672852
"DL","2026-10-02T22:00:00.000000",18.6381168365479
"DL","2026-10-02T23:00:00.000000",18.6727390289307
"DL","2026-10-03T00:00:00.000000",18.697452545166
"DL","2026-10-03T01:00:00.000000",18.6239185333252
"DL","2026-10-03T02:00:00.000000",18.568603515625
"DL","2026-10-03T03:00:00.000000",18.5315170288086
"DL","2026-10-03T04:00:00.000000",18.5309276580811
"DL","2026-10-03T05:00:00.000000",18.5236072540283
"DL","2026-10-03T06:00:00.000000",18.4852447509766
"DL","2026-10-03T07:00:00.000000",18.530574798584
"DL","2026-10-03T08:00:00.000000",18.677453994751
"DL","2026-10-03T09:00:00.000000",18.6989574432373
"DL","2026-10-03T10:00:00.000000",18.6893043518066
"DL","2026-10-03T11:00:00.000000",18.6305866241455
"DL","2026-10-03T12:00:00.000000",18.6083698272705
"DL","2026-10-03T13:00:00.000000",18.6306743621826
"DL","2026-10-03T14:00:00.000000",18.5761566162109
"DL","2026-10-03T15:00:00.000000",18.5644683837891
"DL","2026-10-03T16:00:00.000000",18.5678558349609
"DL","2026-10-03T17:00:00.000000",18.5752563476562
"DL","2026-10-03T18:00:00.000000",18.5815601348877
"DL","2026-10-03T19:00:00.000000",18.5816116333008
"DL","2026-10-03T20:00:00.000000",18.6230792999268
"DL","2026-10-03T21:00:00.000000",18.6220970153809
"DL","2026-10-03T22:00:00.000000",18.6446952819824
"DL","2026-10-03T23:00:00.000000",18.6445541381836
"DL","2026-10-04T00:00:00.000000",18.6999340057373
"DL","2026-10-04T01:00:00.000000",18.7517757415771
"DL","2026-10-04T02:00:00.000000",18.6648349761963
"DL","2026-10-04T03:00:00.000000",18.6511287689209
"DL","2026-10-04T04:00:00.000000",18.6323337554932
"DL","2026-10-04T05:00:00.000000",18.6220664978027
"DL","2026-10-04T06:00:00.000000",18.6149597167969
"DL","2026-10-04T07:00:00.000000",18.6102714538574
"DL","2026-10-04T08:00:00.000000",18.5919990539551
"DL","2026-10-04T09:00:00.000000",18.6753005981445
"DL","2026-10-04T10:00:00.000000",18.6517353057861
"DL","2026-10-04T11:00:00.000000",18.6454563140869
"DL","2026-10-04T12:00:00.000000",18.6386470794678
"DL","2026-10-04T13:00:00.000000",18.6396293640137
"DL","2026-10-04T14:00:00.000000",18.6406288146973
"DL","2026-10-04T15:00:00.000000",18.6377239227295
"DL","2026-10-04T16:00:00.000000",18.6258087158203
"DL","2026-10-04T17:00:00.000000",18.619047164917
"DL","2026-10-04T18:00:00.000000",18.6133327484131
"DL","2026-10-04T19:00:00.000000",18.6050090789795
"DL","2026-10-04T20:00:00.000000",18.5959377288818
"DL","2026-10-04T21:00:00.000000",18.601375579834
"DL","2026-10-04T22:00:00.000000",18.6140422821045
"DL","2026-10-04T23:00:00.000000",18.6133670806885
"DL","2026-10-05T00:00:00.000000",18.6081657409668
"DL","2026-10-05T01:00:00.000000",18.6092834472656
"DL","2026-10-05T02:00:00.000000",18.6915969848633
"DL","2026-10-05T03:00:00.000000",18.6266117095947
"DL","2026-10-05T04:00:00.000000",18.6002368927002
"DL","2026-10-05T05:00:00.000000",18.5889644622803
"DL","2026-10-05T06:00:00.000000",18.581750869751
"DL","2026-10-05T07:00:00.000000",18.5785808563232
"DL","2026-10-05T08:00:00.000000",18.5775012969971
"DL","2026-10-05T09:00:00.000000",18.576488494873
"DL","2026-10-05T10:00:00.000000",18.6209716796875
"DL","2026-10-05T11:00:00.000000",18.5976791381836
"DL","2026-10-05T12:00:00.000000",18.5971832275391
"DL","2026-10-05T13:00:00.000000",18.6064548492432
"DL","2026-10-05T14:00:00.000000",18.6074352264404
"DL","2026-10-05T15:00:00.000000",18.6010856628418
"DL","2026-10-05T16:00:00.000000",18.5978145599365
"DL","2026-10-05T17:00:00.000000",18.6041469573975
"DL","2026-10-05T18:00:00.000000",18.6121273040771
"DL","2026-10-05T19:00:00.000000",18.6184730529785
"DL","2026-10-05T20:00:00.000000",18.6234760284424
"DL","2026-10-05T21:00:00.000000",18.625696182251
"DL","2026-10-05T22:00:00.000000",18.6188564300537
"DL","2026-10-05T23:00:00.000000",18.7210121154785
"DL","2026-10-06T00:00:00.000000",18.7227230072021
"DL","2026-10-06T01:00:00.000000",18.7384548187256
"DL","2026-10-06T02:00:00.000000",18.7392883300781
"DL","2026-10-06T03:00:00.000000",18.7263507843018
"DL","2026-10-06T04:00:00.000000",18.7217140197754
"DL","2026-10-06T05:00:00.000000",18.6592578887939
"DL","2026-10-06T06:00:00.000000",18.6409721374512
"DL","2026-10-06T07:00:00.000000",18.6290245056152
"DL","2026-10-06T08:00:00.000000",18.6213703155518
"DL","2026-10-06T09:00:00.000000",18.618444442749
"DL","2026-10-06T10:00:00.000000",18.6188297271729
"DL","2026-10-06T11:00:00.000000",18.6257991790771
"DL","2026-10-06T12:00:00.000000",18.6714973449707
"DL","2026-10-06T13:00:00.000000",18.6722145080566
"DL","2026-10-06T14:00:00.000000",18.672908782959
"DL","2026-10-06T15:00:00.000000",18.6724872589111
"DL","2026-10-06T16:00:00.000000",18.666955947876
"DL","2026-10-06T17:00:00.000000",18.5496883392334
"DL","2026-10-06T18:00:00.000000",18.521879196167
"DL","2026-10-06T19:00:00.000000",18.5042343139648
"DL","2026-10-06T20:00:00.000000",18.4935417175293
"DL","2026-10-06T21:00:00.000000",18.4890956878662
"DL","2026-10-06T22:00:00.000000",18.5007839202881
"DL","2026-10-06T23:00:00.000000",18.5122699737549
"DL","2026-10-07T00:00:00.000000",18.568000793457
"DL","2026-10-07T01:00:00.000000",18.6169013977051
"DL","2026-10-07T02:00:00.000000",18.6216087341309
"DL","2026-10-07T03:00:00.000000",18.6270809173584
"DL","2026-10-07T04:00:00.000000",18.6219081878662
"DL","2026-10-07T05:00:00.000000",18.5496826171875
"DL","2026-10-07T06:00:00.000000",18.4006328582764
"DL","2026-10-07T07:00:00.000000",18.3468265533447
"DL","2026-10-07T08:00:00.000000",18.3089828491211
"DL","2026-10-07T09:00:00.000000",18.2899951934814
"DL","2026-10-07T10:00:00.000000",18.2872180938721
"DL","2026-10-07T11:00:00.000000",18.287239074707
"DL","2026-10-07T12:00:00.000000",18.3222751617432
"DL","2026-10-07T13:00:00.000000",18.4861507415771
"DL","2026-10-07T14:00:00.000000",18.5135974884033
"DL","2026-10-07T15:00:00.000000",18.5110454559326
"DL","2026-10-07T16:00:00.000000",18.4152126312256
"DL","2026-10-07T17:00:00.000000",18.3429069519043
"DL","2026-10-07T18:00:00.000000",18.2943439483643
"DL","2026-10-07T19:00:00.000000",18.2704811096191
"DL","2026-10-07T20:00:00.000000",18.2680416107178
"DL","2026-10-07T21:00:00.000000",18.2713680267334
"DL","2026-10-07T22:00:00.000000",18.2733020782471
"DL","2026-10-07T23:00:00.000000",18.2746448516846
"DL","2026-10-08T00:00:00.000000",18.2821884155273
"DL","2026-10-08T01:00:00.000000",18.2869415283203
"DL","2026-10-08T02:00:00.000000",18.3875675201416
"DL","2026-10-08T03:00:00.000000",18.370475769043
"DL","2026-10-08T04:00:00.000000",18.3500862121582
"DL","2026-10-08T05:00:00.000000",18.279411315918
"DL","2026-10-08T06:00:00.000000",18.2623195648193
"DL","2026-10-08T07:00:00.000000",18.2575569152832
"DL","2026-10-08T08:00:00.000000",18.2554340362549
"DL","2026-10-08T09:00:00.000000",18.254602432251
"DL","2026-10-08T10:00:00.000000",18.254955291748
"DL","2026-10-08T11:00:00.000000",18.2559509277344
"DL","2026-10-08T12:00:00.000000",18.2558631896973
"DL","2026-10-08T13:00:00.000000",18.2581729888916
"DL","2026-10-08T14:00:00.000000",18.3852672576904
"DL","2026-10-08T15:00:00.000000",18.3813400268555
"DL","2026-10-08T16:00:00.000000",18.320484161377
"DL","2026-10-08T17:00:00.000000",18.2620124816895
"DL","2026-10-08T18:00:00.000000",18.2618713378906
"DL","2026-10-08T19:00:00.000000",18.2688789367676
"DL","2026-10-08T20:00:00.000000",18.2723331451416
"DL","2026-10-08T21:00:00.000000",18.2766456604004
"DL","2026-10-08T22:00:00.000000",18.2841930389404
"DL","2026-10-08T23:00:00.000000",18.2893886566162
"DL","2026-10-09T00:00:00.000000",18.292272567749
"DL","2026-10-09T01:00:00.000000",18.287073135376
"DL","2026-10-09T02:00:00.000000",18.2846698760986
"DL","2026-10-09T03:00:00.000000",18.3933715820312
"DL","2026-10-09T04:00:00.000000",18.4228610992432
"DL","2026-10-09T05:00:00.000000",18.4341430664062
"DL","2026-10-09T06:00:00.000000",18.4383964538574
"DL","2026-10-09T07:00:00.000000",18.3645343780518
"DL","2026-10-09T08:00:00.000000",18.3208293914795
"DL","2026-10-09T09:00:00.000000",18.3004837036133
"DL","2026-10-09T10:00:00.000000",18.2939853668213
"DL","2026-10-09T11:00:00.000000",18.2921009063721
"DL","2026-10-09T12:00:00.000000",18.2918319702148
"DL","2026-10-09T13:00:00.000000",18.2936687469482
"DL","2026-10-09T14:00:00.000000",18.365047454834
"DL","2026-10-09T15:00:00.000000",18.4130840301514
"DL","2026-10-09T16:00:00.000000",18.4218921661377
"DL","2026-10-09T17:00:00.000000",18.4168338775635
"DL","2026-10-09T18:00:00.000000",18.3769550323486
"DL","2026-10-09T19:00:00.000000",18.3419132232666
"DL","2026-10-09T20:00:00.000000",18.3118209838867
"DL","2026-10-09T21:00:00.000000",18.2989349365234
"DL","2026-10-09T22:00:00.000000",18.2996959686279
"DL","2026-10-09T23:00:00.000000",18.3039779663086
"DL","2026-10-10T00:00:00.000000",18.3080158233643
"GB","2026-10-02T00:00:00.000000",18.811595916748
"GB","2026-10-02T01:00:00.000000",18.8254928588867
"GB","2026-10-02T02:00:00.000000",18.778434753418
"GB","2026-10-02T03:00:00.000000",18.7702102661133
"GB","2026-10-02T04:00:00.000000",18.8031959533691
"GB","2026-10-02T05:00:00.000000",18.8324279785156
"GB","2026-10-02T06:00:00.000000",18.8508110046387
"GB","2026-10-02T07:00:00.000000",18.8635501861572
"GB","2026-10-02T08:00:00.000000",18.8654632568359
"GB","2026-10-02T09:00:00.000000",18.7756443023682
"GB","2026-10-02T10:00:00.000000",18.7839336395264
"GB","2026-10-02T11:00:00.000000",18.8000926971436
"GB","2026-10-02T12:00:00.000000",18.8075675964355
"GB","2026-10-02T13:00:00.000000",18.8113880157471
"GB","2026-10-02T14:00:00.000000",18.8157291412354
"GB","2026-10-02T15:00:00.000000",18.7968425750732
"GB","2026-10-02T16:00:00.000000",18.8273963928223
"GB","2026-10-02T17:00:00.000000",18.8612060546875
"GB","2026-10-02T18:00:00.000000",18.8814353942871
"GB","2026-10-02T19:00:00.000000",18.8960342407227
"GB","2026-10-02T20:00:00.000000",18.9084873199463
"GB","2026-10-02T21:00:00.000000",18.8881397247314
"GB","2026-10-02T22:00:00.000000",18.8623523712158
"GB","2026-10-02T23:00:00.000000",18.8715686798096
"GB","2026-10-03T00:00:00.000000",18.8804569244385
"GB","2026-10-03T01:00:00.000000",18.8804340362549
"GB","2026-10-03T02:00:00.000000",18.890380859375
"GB","2026-10-03T03:00:00.000000",18.8620910644531
"GB","2026-10-03T04:00:00.000000",18.8480415344238
"GB","2026-10-03T05:00:00.000000",18.8527698516846
"GB","2026-10-03T06:00:00.000000",18.8526916503906
"GB","2026-10-03T07:00:00.000000",18.8526782989502
"GB","2026-10-03T08:00:00.000000",18.8526859283447
"GB","2026-10-03T09:00:00.000000",18.8536243438721
"GB","2026-10-03T10:00:00.000000",18.8128871917725
"GB","2026-10-03T11:00:00.000000",18.8078784942627
"GB","2026-10-03T12:00:00.000000",18.8146057128906
"GB","2026-10-03T13:00:00.000000",18.8080501556396
"GB","2026-10-03T14:00:00.000000",18.7888088226318
"GB","2026-10-03T15:00:00.000000",18.8106002807617
"GB","2026-10-03T16:00:00.000000",18.7885646820068
"GB","2026-10-03T17:00:00.000000",18.7864227294922
"GB","2026-10-03T18:00:00.000000",18.815092086792
"GB","2026-10-03T19:00:00.000000",18.843111038208
"GB","2026-10-03T20:00:00.000000",18.8611507415771
"GB","2026-10-03T21:00:00.000000",18.8724613189697
"GB","2026-10-03T22:00:00.000000",18.8548259735107
"GB","2026-10-03T23:00:00.000000",18.8064746856689
"GB","2026-10-04T00:00:00.000000",18.7835655212402
"GB","2026-10-04T01:00:00.000000",18.7606143951416
"GB","2026-10-04T02:00:00.000000",18.7241859436035
"GB","2026-10-04T03:00:00.000000",18.7404174804688
"GB","2026-10-04T04:00:00.000000",18.6919174194336
"GB","2026-10-04T05:00:00.000000",18.5784091949463
"GB","2026-10-04T06:00:00.000000",18.6125450134277
"GB","2026-10-04T07:00:00.000000",18.6507148742676
"GB","2026-10-04T08:00:00.000000",18.6828384399414
"GB","2026-10-04T09:00:00.000000",18.7102127075195
"GB","2026-10-04T10:00:00.000000",18.7298946380615
"GB","2026-10-04T11:00:00.000000",18.6876640319824
"GB","2026-10-04T12:00:00.000000",18.6446094512939
"GB","2026-10-04T13:00:00.000000",18.623348236084
"GB","2026-10-04T14:00:00.000000",18.5968627929688
"GB","2026-10-04T15:00:00.000000",18.5509643554688
"GB","2026-10-04T16:00:00.000000",18.6173973083496
"GB","2026-10-04T17:00:00.000000",18.5440769195557
"GB","2026-10-04T18:00:00.000000",18.5343551635742
"GB","2026-10-04T19:00:00.000000",18.6015815734863
"GB","2026-10-04T20:00:00.000000",18.6629524230957
"GB","2026-10-04T21:00:00.000000",18.7075386047363
"GB","2026-10-04T22:00:00.000000",18.7518711090088
"GB","2026-10-04T23:00:00.000000",18.7576332092285
"GB","2026-10-05T00:00:00.000000",18.6357498168945
"GB","2026-10-05T01:00:00.000000",18.5914325714111
"GB","2026-10-05T02:00:00.000000",18.58571434021
"GB","2026-10-05T03:00:00.000000",18.569845199585
"GB","2026-10-05T04:00:00.000000",18.564136505127
"GB","2026-10-05T05:00:00.000000",18.5466785430908
"GB","2026-10-05T06:00:00.000000",18.4744338989258
"GB","2026-10-05T07:00:00.000000",18.5291614532471
"GB","2026-10-05T08:00:00.000000",18.5900573730469
"GB","2026-10-05T09:00:00.000000",18.6274547576904
"GB","2026-10-05T10:00:00.000000",18.6583557128906
"GB","2026-10-05T11:00:00.000000",18.6906776428223
"GB","2026-10-05T12:00:00.000000",18.6098041534424
"GB","2026-10-05T13:00:00.000000",18.5455894470215
"GB","2026-10-05T14:00:00.000000",18.5470180511475
"GB","2026-10-05T15:00:00.000000",18.5575084686279
"GB","2026-10-05T16:00:00.000000",18.5807304382324
"GB","2026-10-05T17:00:00.000000",18.5884475708008
"GB","2026-10-05T18:00:00.000000",18.5708332061768
"GB","2026-10-05T19:00:00.000000",18.6235332489014
"GB","2026-10-05T20:00:00.000000",18.6854057312012
"GB","2026-10-05T21:00:00.000000",18.7290058135986
"GB","2026-10-05T22:00:00.000000",18.7596969604492
"GB","2026-10-05T23:00:00.000000",18.786937713623
"GB","2026-10-06T00:00:00.000000",18.7894649505615
"GB","2026-10-06T01:00:00.000000",18.656063079834
"GB","2026-10-06T02:00:00.000000",18.6085720062256
"GB","2026-10-06T03:00:00.000000",18.6153202056885
"GB","2026-10-06T04:00:00.000000",18.607400894165
"GB","2026-10-06T05:00:00.000000",18.605339050293
"GB","2026-10-06T06:00:00.000000",18.6049137115479
"GB","2026-10-06T07:00:00.000000",18.6092872619629
"GB","2026-10-06T08:00:00.000000",18.6128368377686
"GB","2026-10-06T09:00:00.000000",18.606595993042
"GB","2026-10-06T10:00:00.000000",18.5942611694336
"GB","2026-10-06T11:00:00.000000",18.5784664154053
"GB","2026-10-06T12:00:00.000000",18.5492210388184
"GB","2026-10-06T13:00:00.000000",18.5302715301514
"GB","2026-10-06T14:00:00.000000",18.5066757202148
"GB","2026-10-06T15:00:00.000000",18.5431537628174
"GB","2026-10-06T16:00:00.000000",18.5716819763184
"GB","2026-10-06T17:00:00.000000",18.5819110870361
"GB","2026-10-06T18:00:00.000000",18.5839786529541
"GB","2026-10-06T19:00:00.000000",18.5858135223389
"GB","2026-10-06T20:00:00.000000",18.5867500305176
"GB","2026-10-06T21:00:00.000000",18.5833950042725
"GB","2026-10-06T22:00:00.000000",18.5781421661377
"GB","2026-10-06T23:00:00.000000",18.5733451843262
"GB","2026-10-07T00:00:00.000000",18.5690078735352
"GB","2026-10-07T01:00:00.000000",18.5526695251465
"GB","2026-10-07T02:00:00.000000",18.4890937805176
"GB","2026-10-07T03:00:00.000000",18.4917259216309
"GB","2026-10-07T04:00:00.000000",18.5200023651123
"GB","2026-10-07T05:00:00.000000",18.5311946868896
"GB","2026-10-07T06:00:00.000000",18.5308609008789
"GB","2026-10-07T07:00:00.000000",18.5180034637451
"GB","2026-10-07T08:00:00.000000",18.5042285919189
"GB","2026-10-07T09:00:00.000000",18.4848003387451
"GB","2026-10-07T10:00:00.000000",18.4649200439453
"GB","2026-10-07T11:00:00.000000",18.4471015930176
"GB","2026-10-07T12:00:00.000000",18.43674659729
"GB","2026-10-07T13:00:00.000000",18.4194602966309
"GB","2026-10-07T14:00:00.000000",18.4031848907471
"GB","2026-10-07T15:00:00.000000",18.3826274871826
"GB","2026-10-07T16:00:00.000000",18.43994140625
"GB","2026-10-07T17:00:00.000000",18.4743175506592
"GB","2026-10-07T18:00:00.000000",18.4906177520752
"GB","2026-10-07T19:00:00.000000",18.4968566894531
"GB","2026-10-07T20:00:00.000000",18.5012836456299
"GB","2026-10-07T21:00:00.000000",18.5013732910156
"GB","2026-10-07T22:00:00.000000",18.4981269836426
"GB","2026-10-07T23:00:00.000000",18.4921436309814
"GB","2026-10-08T00:00:00.000000",18.4867324829102
"GB","2026-10-08T01:00:00.000000",18.479772567749
"GB","2026-10-08T02:00:00.000000",18.4662799835205
"GB","2026-10-08T03:00:00.000000",18.4567203521729
"GB","2026-10-08T04:00:00.000000",18.4629898071289
"GB","2026-10-08T05:00:00.000000",18.4784908294678
"GB","2026-10-08T06:00:00.000000",18.4785461425781
"GB","2026-10-08T07:00:00.000000",18.4785175323486
"GB","2026-10-08T08:00:00.000000",18.4741764068604
"GB","2026-10-08T09:00:00.000000",18.4620475769043
"GB","2026-10-08T10:00:00.000000",18.4494113922119
"GB","2026-10-08T11:00:00.000000",18.4407691955566
"GB","2026-10-08T12:00:00.000000",18.4340362548828
"GB","2026-10-08T13:00:00.000000",18.4321575164795
"GB","2026-10-08T14:00:00.000000",18.4231185913086
"GB","2026-10-08T15:00:00.000000",18.4154357910156
"GB","2026-10-08T16:00:00.000000",18.4106330871582
"GB","2026-10-08T17:00:00.000000",18.4556465148926
"GB","2026-10-08T18:00:00.000000",18.4853687286377
"GB","2026-10-08T19:00:00.000000",18.5026969909668
"GB","2026-10-08T20:00:00.000000",18.5114002227783
"GB","2026-10-08T21:00:00.000000",18.5206165313721
"GB","2026-10-08T22:00:00.000000",18.5149936676025
"GB","2026-10-08T23:00:00.000000",18.5020923614502
"GB","2026-10-09T00:00:00.000000",18.4916381835938
"GB","2026-10-09T01:00:00.000000",18.4853591918945
"GB","2026-10-09T02:00:00.000000",18.4818820953369
"GB","2026-10-09T03:00:00.000000",18.4683284759521
"GB","2026-10-09T04:00:00.000000",18.4398460388184
"GB","2026-10-09T05:00:00.000000",18.4525814056396
"GB","2026-10-09T06:00:00.000000",18.4799137115479
"GB","2026-10-09T07:00:00.000000",18.4873638153076
"GB","2026-10-09T08:00:00.000000",18.4873714447021
"GB","2026-10-09T09:00:00.000000",18.4806537628174
"GB","2026-10-09T10:00:00.000000",18.4661750793457
"GB","2026-10-09T11:00:00.000000",18.4464340209961
"GB","2026-10-09T12:00:00.000000",18.4329566955566
"GB","2026-10-09T13:00:00.000000",18.4240837097168
"GB","2026-10-09T14:00:00.000000",18.415714263916
"GB","2026-10-09T15:00:00.000000",18.405933380127
"GB","2026-10-09T16:00:00.000000",18.3532257080078
"GB","2026-10-09T17:00:00.000000",18.3869915008545
"GB","2026-10-09T18:00:00.000000",18.4497241973877
"GB","2026-10-09T19:00:00.000000",18.4753036499023
"GB","2026-10-09T20:00:00.000000",18.4826507568359
"GB","2026-10-09T21:00:00.000000",18.4817314147949
"GB","2026-10-09T22:00:00.000000",18.4751720428467
"GB","2026-10-09T23:00:00.000000",18.4577217102051
"GB","2026-10-10T00:00:00.000000",18.4424438476562
"LI","2026-10-02T00:00:00.000000",18.6907997131348
"LI","2026-10-02T01:00:00.000000",18.7559471130371
"LI","2026-10-02T02:00:00.000000",18.7821006774902
"LI","2026-10-02T03:00:00.000000",18.7936344146729
"LI","2026-10-02T04:00:00.000000",18.8076915740967
"LI","2026-10-02T05:00:00.000000",18.7844543457031
"LI","2026-10-02T06:00:00.000000",18.7510280609131
"LI","2026-10-02T07:00:00.000000",18.7315235137939
"LI","2026-10-02T08:00:00.000000",18.7204971313477
"LI","2026-10-02T09:00:00.000000",18.7192764282227
"LI","2026-10-02T10:00:00.000000",18.7665157318115
"LI","2026-10-02T11:00:00.000000",18.7777366638184
"LI","2026-10-02T12:00:00.000000",18.7937030792236
"LI","2026-10-02T13:00:00.000000",18.8039798736572
"LI","2026-10-02T14:00:00.000000",18.8199062347412
"LI","2026-10-02T15:00:00.000000",18.8337593078613
"LI","2026-10-02T16:00:00.000000",18.8423633575439
"LI","2026-10-02T17:00:00.000000",18.8492374420166
"LI","2026-10-02T18:00:00.000000",18.8517742156982
"LI","2026-10-02T19:00:00.000000",18.8496742248535
"LI","2026-10-02T20:00:00.000000",18.8465785980225
"LI","2026-10-02T21:00:00.000000",18.8426284790039
"LI","2026-10-02T22:00:00.000000",18.8336868286133
"LI","2026-10-02T23:00:00.000000",18.828685760498
"LI","2026-10-03T00:00:00.000000",18.8257102966309
"LI","2026-10-03T01:00:00.000000",18.8423843383789
"LI","2026-10-03T02:00:00.000000",18.8700141906738
"LI","2026-10-03T03:00:00.000000",18.875337600708
"LI","2026-10-03T04:00:00.000000",18.8513412475586
"LI","2026-10-03T05:00:00.000000",18.8101940155029
"LI","2026-10-03T06:00:00.000000",18.7759571075439
"LI","2026-10-03T07:00:00.000000",18.7227897644043
"LI","2026-10-03T08:00:00.000000",18.7179279327393
"LI","2026-10-03T09:00:00.000000",18.7182445526123
"LI","2026-10-03T10:00:00.000000",18.7160243988037
"LI","2026-10-03T11:00:00.000000",18.711217880249
"LI","2026-10-03T12:00:00.000000",18.7059993743896
"LI","2026-10-03T13:00:00.000000",18.702299118042
"LI","2026-10-03T14:00:00.000000",18.750524520874
"LI","2026-10-03T15:00:00.000000",18.8209400177002
"LI","2026-10-03T16:00:00.000000",18.8370971679688
"LI","2026-10-03T17:00:00.000000",18.8471202850342
"LI","2026-10-03T18:00:00.000000",18.826265335083
"LI","2026-10-03T19:00:00.000000",18.8010311126709
"LI","2026-10-03T20:00:00.000000",18.7961158752441
"LI","2026-10-03T21:00:00.000000",18.7892513275146
"LI","2026-10-03T22:00:00.000000",18.7722988128662
"LI","2026-10-03T23:00:00.000000",18.76291847229
"LI","2026-10-04T00:00:00.000000",18.7459049224854
"LI","2026-10-04T01:00:00.000000",18.733943939209
"LI","2026-10-04T02:00:00.000000",18.7321071624756
"LI","2026-10-04T03:00:00.000000",18.8052959442139
"LI","2026-10-04T04:00:00.000000",18.8262157440186
"LI","2026-10-04T05:00:00.000000",18.821346282959
"LI","2026-10-04T06:00:00.000000",18.8123931884766
"LI","2026-10-04T07:00:00.000000",18.7806720733643
"LI","2026-10-04T08:00:00.000000",18.7274494171143
"LI","2026-10-04T09:00:00.000000",18.6922397613525
"LI","2026-10-04T10:00:00.000000",18.6599369049072
"LI","2026-10-04T11:00:00.000000",18.6438941955566
"LI","2026-10-04T12:00:00.000000",18.6556339263916
"LI","2026-10-04T13:00:00.000000",18.6449584960938
"LI","2026-10-04T14:00:00.000000",18.6447772979736
"LI","2026-10-04T15:00:00.000000",18.7277202606201
"LI","2026-10-04T16:00:00.000000",18.7591323852539
"LI","2026-10-04T17:00:00.000000",18.7625522613525
"LI","2026-10-04T18:00:00.000000",18.7617378234863
"LI","2026-10-04T19:00:00.000000",18.7578010559082
"LI","2026-10-04T20:00:00.000000",18.7400798797607
"LI","2026-10-04T21:00:00.000000",18.6736583709717
"LI","2026-10-04T22:00:00.000000",18.6344795227051
"LI","2026-10-04T23:00:00.000000",18.6068916320801
"LI","2026-10-05T00:00:00.000000",18.5919933319092
"LI","2026-10-05T01:00:00.000000",18.5825443267822
"LI","2026-10-05T02:00:00.000000",18.5714797973633
"LI","2026-10-05T03:00:00.000000",18.5640144348145
"LI","2026-10-05T04:00:00.000000",18.677770614624
"LI","2026-10-05T05:00:00.000000",18.7123222351074
"LI","2026-10-05T06:00:00.000000",18.7193145751953
"LI","2026-10-05T07:00:00.000000",18.7167720794678
"LI","2026-10-05T08:00:00.000000",18.7113571166992
"LI","2026-10-05T09:00:00.000000",18.6960506439209
"LI","2026-10-05T10:00:00.000000",18.6348876953125
"LI","2026-10-05T11:00:00.000000",18.6174736022949
"LI","2026-10-05T12:00:00.000000",18.6124992370605
"LI","2026-10-05T13:00:00.000000",18.6268119812012
"LI","2026-10-05T14:00:00.000000",18.666862487793
"LI","2026-10-05T15:00:00.000000",18.6946487426758
"LI","2026-10-05T16:00:00.000000",18.7208576202393
"LI","2026-10-05T17:00:00.000000",18.7362461090088
"LI","2026-10-05T18:00:00.000000",18.7476940155029
"LI","2026-10-05T19:00:00.000000",18.7546730041504
"LI","2026-10-05T20:00:00.000000",18.7576675415039
"LI","2026-10-05T21:00:00.000000",18.7554588317871
"LI","2026-10-05T22:00:00.000000",18.7485580444336
"LI","2026-10-05T23:00:00.000000",18.7406883239746
"LI","2026-10-06T00:00:00.000000",18.7303600311279
"LI","2026-10-06T01:00:00.000000",18.7195281982422
"LI","2026-10-06T02:00:00.000000",18.7145195007324
"LI","2026-10-06T03:00:00.000000",18.7062759399414
"LI","2026-10-06T04:00:00.000000",18.6934280395508
"LI","2026-10-06T05:00:00.000000",18.6673755645752
"LI","2026-10-06T06:00:00.000000",18.6629943847656
"LI","2026-10-06T07:00:00.000000",18.6604824066162
"LI","2026-10-06T08:00:00.000000",18.6541194915771
"LI","2026-10-06T09:00:00.000000",18.6469497680664
"LI","2026-10-06T10:00:00.000000",18.6389656066895
"LI","2026-10-06T11:00:00.000000",18.6329746246338
"LI","2026-10-06T12:00:00.000000",18.6285457611084
"LI","2026-10-06T13:00:00.000000",18.6145401000977
"LI","2026-10-06T14:00:00.000000",18.6060276031494
"LI","2026-10-06T15:00:00.000000",18.6023788452148
"LI","2026-10-06T16:00:00.000000",18.5962028503418
"LI","2026-10-06T17:00:00.000000",18.5806312561035
"LI","2026-10-06T18:00:00.000000",18.5733852386475
"LI","2026-10-06T19:00:00.000000",18.5780906677246
"LI","2026-10-06T20:00:00.000000",18.5798473358154
"LI","2026-10-06T21:00:00.000000",18.577953338623
"LI","2026-10-06T22:00:00.000000",18.5747509002686
"LI","2026-10-06T23:00:00.000000",18.5697860717773
"LI","2026-10-07T00:00:00.000000",18.5620193481445
"LI","2026-10-07T01:00:00.000000",18.5515537261963
"LI","2026-10-07T02:00:00.000000",18.5453300476074
"LI","2026-10-07T03:00:00.000000",18.535623550415
"LI","2026-10-07T04:00:00.000000",18.5299835205078
"LI","2026-10-07T05:00:00.000000",18.518892288208
"LI","2026-10-07T06:00:00.000000",18.4999866485596
"LI","2026-10-07T07:00:00.000000",18.504186630249
"LI","2026-10-07T08:00:00.000000",18.499303817749
"LI","2026-10-07T09:00:00.000000",18.4946117401123
"LI","2026-10-07T10:00:00.000000",18.4943199157715
"LI","2026-10-07T11:00:00.000000",18.4981422424316
"LI","2026-10-07T12:00:00.000000",18.497127532959
"LI","2026-10-07T13:00:00.000000",18.4814224243164
"LI","2026-10-07T14:00:00.000000",18.4714775085449
"LI","2026-10-07T15:00:00.000000",18.4705085754395
"LI","2026-10-07T16:00:00.000000",18.4729423522949
"LI","2026-10-07T17:00:00.000000",18.4820671081543
"LI","2026-10-07T18:00:00.000000",18.4886741638184
"LI","2026-10-07T19:00:00.000000",18.5143756866455
"LI","2026-10-07T20:00:00.000000",18.5327663421631
"LI","2026-10-07T21:00:00.000000",18.5464611053467
"LI","2026-10-07T22:00:00.000000",18.5560913085938
"LI","2026-10-07T23:00:00.000000",18.5606098175049
"LI","2026-10-08T00:00:00.000000",18.5511322021484
"LI","2026-10-08T01:00:00.000000",18.5134716033936
"LI","2026-10-08T02:00:00.000000",18.4950580596924
"LI","2026-10-08T03:00:00.000000",18.4945411682129
"LI","2026-10-08T04:00:00.000000",18.5244998931885
"LI","2026-10-08T05:00:00.000000",18.5441570281982
"LI","2026-10-08T06:00:00.000000",18.5575008392334
"LI","2026-10-08T07:00:00.000000",18.5651245117188
"LI","2026-10-08T08:00:00.000000",18.5719127655029
"LI","2026-10-08T09:00:00.000000",18.5779857635498
"LI","2026-10-08T10:00:00.000000",18.5809860229492
"LI","2026-10-08T11:00:00.000000",18.5820465087891
"LI","2026-10-08T12:00:00.000000",18.5797576904297
"LI","2026-10-08T13:00:00.000000",18.5705451965332
"LI","2026-10-08T14:00:00.000000",18.5565853118896
"LI","2026-10-08T15:00:00.000000",18.5569934844971
"LI","2026-10-08T16:00:00.000000",18.5636024475098
"LI","2026-10-08T17:00:00.000000",18.5885524749756
"LI","2026-10-08T18:00:00.000000",18.6173763275146
"LI","2026-10-08T19:00:00.000000",18.647611618042
"LI","2026-10-08T20:00:00.000000",18.6765766143799
"LI","2026-10-08T21:00:00.000000",18.6803646087646
"LI","2026-10-08T22:00:00.000000",18.6798915863037
"LI","2026-10-08T23:00:00.000000",18.6763591766357
"LI","2026-10-09T00:00:00.000000",18.6733112335205
"LI","2026-10-09T01:00:00.000000",18.6713314056396
"LI","2026-10-09T02:00:00.000000",18.6696929931641
"LI","2026-10-09T03:00:00.000000",18.6674423217773
"LI","2026-10-09T04:00:00.000000",18.6638050079346
"LI","2026-10-09T05:00:00.000000",18.6460514068604
"LI","2026-10-09T06:00:00.000000",18.6372852325439
"LI","2026-10-09T07:00:00.000000",18.6316356658936
"LI","2026-10-09T08:00:00.000000",18.6283416748047
"LI","2026-10-09T09:00:00.000000",18.6188735961914
"LI","2026-10-09T10:00:00.000000",18.6085262298584
"LI","2026-10-09T11:00:00.000000",18.6019897460938
"LI","2026-10-09T12:00:00.000000",18.5989456176758
"LI","2026-10-09T13:00:00.000000",18.6065158843994
"LI","2026-10-09T14:00:00.000000",18.6281967163086
"LI","2026-10-09T15:00:00.000000",18.6386642456055
"LI","2026-10-09T16:00:00.000000",18.6408195495605
"LI","2026-10-09T17:00:00.000000",18.6314830780029
"LI","2026-10-09T18:00:00.000000",18.6046829223633
"LI","2026-10-09T19:00:00.000000",18.5849533081055
"LI","2026-10-09T20:00:00.000000",18.5818862915039
"LI","2026-10-09T21:00:00.000000",18.6067276000977
"LI","2026-10-09T22:00:00.000000",18.6085166931152
"LI","2026-10-09T23:00:00.000000",18.6066932678223
"LI","2026-10-10T00:00:00.000000",18.6043930053711
"OB","2026-10-02T00:00:00.000000",17.350549697876
"OB","2026-10-02T01:00:00.000000",17.3515968322754
"OB","2026-10-02T02:00:00.000000",17.3496608734131
"OB","2026-10-02T03:00:00.000000",17.3298015594482
"OB","2026-10-02T04:00:00.000000",17.2996616363525
"OB","2026-10-02T05:00:00.000000",17.2826499938965
"OB","2026-10-02T06:00:00.000000",17.2838935852051
"OB","2026-10-02T07:00:00.000000",17.2865791320801
"OB","2026-10-02T08:00:00.000000",17.2921390533447
"OB","2026-10-02T09:00:00.000000",17.2941627502441
"OB","2026-10-02T10:00:00.000000",17.2983474731445
"OB","2026-10-02T11:00:00.000000",17.301736831665
"OB","2026-10-02T12:00:00.000000",17.3039417266846
"OB","2026-10-02T13:00:00.000000",17.3113117218018
"OB","2026-10-02T14:00:00.000000",17.3580093383789
"OB","2026-10-02T15:00:00.000000",17.3992176055908
"OB","2026-10-02T16:00:00.000000",17.3591728210449
"OB","2026-10-02T17:00:00.000000",17.3264999389648
"OB","2026-10-02T18:00:00.000000",17.312873840332
"OB","2026-10-02T19:00:00.000000",17.3344211578369
"OB","2026-10-02T20:00:00.000000",17.3732967376709
"OB","2026-10-02T21:00:00.000000",17.3945789337158
"OB","2026-10-02T22:00:00.000000",17.3986072540283
"OB","2026-10-02T23:00:00.000000",17.3977680206299
"OB","2026-10-03T00:00:00.000000",17.3948631286621
"OB","2026-10-03T01:00:00.000000",17.3904972076416
"OB","2026-10-03T02:00:00.000000",17.3872470855713
"OB","2026-10-03T03:00:00.000000",17.3843688964844
"OB","2026-10-03T04:00:00.000000",17.3614921569824
"OB","2026-10-03T05:00:00.000000",17.3342094421387
"OB","2026-10-03T06:00:00.000000",17.3205280303955
"OB","2026-10-03T07:00:00.000000",17.3116931915283
"OB","2026-10-03T08:00:00.000000",17.3117504119873
"OB","2026-10-03T09:00:00.000000",17.3127479553223
"OB","2026-10-03T10:00:00.000000",17.3134002685547
"OB","2026-10-03T11:00:00.000000",17.3044548034668
"OB","2026-10-03T12:00:00.000000",17.2997093200684
"OB","2026-10-03T13:00:00.000000",17.2902851104736
"OB","2026-10-03T14:00:00.000000",17.290340423584
"OB","2026-10-03T15:00:00.000000",17.2737503051758
"OB","2026-10-03T16:00:00.000000",17.2659549713135
"OB","2026-10-03T17:00:00.000000",17.2667675018311
"OB","2026-10-03T18:00:00.000000",17.2745456695557
"OB","2026-10-03T19:00:00.000000",17.2873401641846
"OB","2026-10-03T20:00:00.000000",17.3100185394287
"OB","2026-10-03T21:00:00.000000",17.3350219726562
"OB","2026-10-03T22:00:00.000000",17.3543243408203
"OB","2026-10-03T23:00:00.000000",17.3608474731445
"OB","2026-10-04T00:00:00.000000",17.3645477294922
"OB","2026-10-04T01:00:00.000000",17.3720169067383
"OB","2026-10-04T02:00:00.000000",17.3804054260254
"OB","2026-10-04T03:00:00.000000",17.3887023925781
"OB","2026-10-04T04:00:00.000000",17.397029876709
"OB","2026-10-04T05:00:00.000000",17.4012889862061
"OB","2026-10-04T06:00:00.000000",17.4048538208008
"OB","2026-10-04T07:00:00.000000",17.3907890319824
"OB","2026-10-04T08:00:00.000000",17.3775901794434
"OB","2026-10-04T09:00:00.000000",17.3775501251221
"OB","2026-10-04T10:00:00.000000",17.3857078552246
"OB","2026-10-04T11:00:00.000000",17.3878059387207
"OB","2026-10-04T12:00:00.000000",17.3840503692627
"OB","2026-10-04T13:00:00.000000",17.3791694641113
"OB","2026-10-04T14:00:00.000000",17.3772487640381
"OB","2026-10-04T15:00:00.000000",17.3760185241699
"OB","2026-10-04T16:00:00.000000",17.3744506835938
"OB","2026-10-04T17:00:00.000000",17.379825592041
"OB","2026-10-04T18:00:00.000000",17.3724460601807
"OB","2026-10-04T19:00:00.000000",17.3632469177246
"OB","2026-10-04T20:00:00.000000",17.3539505004883
"OB","2026-10-04T21:00:00.000000",17.346960067749
"OB","2026-10-04T22:00:00.000000",17.3459587097168
"OB","2026-10-04T23:00:00.000000",17.3485927581787
"OB","2026-10-05T00:00:00.000000",17.3520679473877
"OB","2026-10-05T01:00:00.000000",17.3542366027832
"OB","2026-10-05T02:00:00.000000",17.355504989624
"OB","2026-10-05T03:00:00.000000",17.3565864562988
"OB","2026-10-05T04:00:00.000000",17.3586730957031
"OB","2026-10-05T05:00:00.000000",17.3528099060059
"OB","2026-10-05T06:00:00.000000",17.3391342163086
"OB","2026-10-05T07:00:00.000000",17.3252906799316
"OB","2026-10-05T08:00:00.000000",17.3172874450684
"OB","2026-10-05T09:00:00.000000",17.3049850463867
"OB","2026-10-05T10:00:00.000000",17.2972145080566
"OB","2026-10-05T11:00:00.000000",17.2940254211426
"OB","2026-10-05T12:00:00.000000",17.2896366119385
"OB","2026-10-05T13:00:00.000000",17.2842597961426
"OB","2026-10-05T14:00:00.000000",17.2807922363281
"OB","2026-10-05T15:00:00.000000",17.2784481048584
"OB","2026-10-05T16:00:00.000000",17.2782707214355
"OB","2026-10-05T17:00:00.000000",17.2940788269043
"OB","2026-10-05T18:00:00.000000",17.3136425018311
"OB","2026-10-05T19:00:00.000000",17.3169994354248
"OB","2026-10-05T20:00:00.000000",17.3241024017334
"OB","2026-10-05T21:00:00.000000",17.3214530944824
"OB","2026-10-05T22:00:00.000000",17.3078937530518
"OB","2026-10-05T23:00:00.000000",17.2913627624512
"OB","2026-10-06T00:00:00.000000",17.2778453826904
"OB","2026-10-06T01:00:00.000000",17.2770614624023
"OB","2026-10-06T02:00:00.000000",17.2718124389648
"OB","2026-10-06T03:00:00.000000",17.2668685913086
"OB","2026-10-06T04:00:00.000000",17.262056350708
"OB","2026-10-06T05:00:00.000000",17.2575035095215
"OB","2026-10-06T06:00:00.000000",17.2565746307373
"OB","2026-10-06T07:00:00.000000",17.2522411346436
"OB","2026-10-06T08:00:00.000000",17.2508659362793
"OB","2026-10-06T09:00:00.000000",17.2517356872559
"OB","2026-10-06T10:00:00.000000",17.2557830810547
"OB","2026-10-06T11:00:00.000000",17.2586040496826
"OB","2026-10-06T12:00:00.000000",17.2560062408447
"OB","2026-10-06T13:00:00.000000",17.2517776489258
"OB","2026-10-06T14:00:00.000000",17.2555198669434
"OB","2026-10-06T15:00:00.000000",17.259449005127
"OB","2026-10-06T16:00:00.000000",17.2634410858154
"OB","2026-10-06T17:00:00.000000",17.2767887115479
"OB","2026-10-06T18:00:00.000000",17.2890186309814
"OB","2026-10-06T19:00:00.000000",17.2955551147461
"OB","2026-10-06T20:00:00.000000",17.3012638092041
"OB","2026-10-06T21:00:00.000000",17.3079776763916
"OB","2026-10-06T22:00:00.000000",17.3099250793457
"OB","2026-10-06T23:00:00.000000",17.3051662445068
"OB","2026-10-07T00:00:00.000000",17.2983875274658
"OB","2026-10-07T01:00:00.000000",17.2938842773438
"OB","2026-10-07T02:00:00.000000",17.2919101715088
"OB","2026-10-07T03:00:00.000000",17.2909908294678
"OB","2026-10-07T04:00:00.000000",17.2900485992432
"OB","2026-10-07T05:00:00.000000",17.2890357971191
"OB","2026-10-07T06:00:00.000000",17.2883033752441
"OB","2026-10-07T07:00:00.000000",17.2772102355957
"OB","2026-10-07T08:00:00.000000",17.2570266723633
"OB","2026-10-07T09:00:00.000000",17.2472953796387
"OB","2026-10-07T10:00:00.000000",17.2423706054688
"OB","2026-10-07T11:00:00.000000",17.2375659942627
"OB","2026-10-07T12:00:00.000000",17.234395980835
"OB","2026-10-07T13:00:00.000000",17.2383422851562
"OB","2026-10-07T14:00:00.000000",17.2445640563965
"OB","2026-10-07T15:00:00.000000",17.2490272521973
"OB","2026-10-07T16:00:00.000000",17.2543144226074
"OB","2026-10-07T17:00:00.000000",17.2771492004395
"OB","2026-10-07T18:00:00.000000",17.3227634429932
"OB","2026-10-07T19:00:00.000000",17.3275852203369
"OB","2026-10-07T20:00:00.000000",17.3180160522461
"OB","2026-10-07T21:00:00.000000",17.2936019897461
"OB","2026-10-07T22:00:00.000000",17.2722702026367
"OB","2026-10-07T23:00:00.000000",17.2545871734619
"OB","2026-10-08T00:00:00.000000",17.2461128234863
"OB","2026-10-08T01:00:00.000000",17.2489204406738
"OB","2026-10-08T02:00:00.000000",17.2559871673584
"OB","2026-10-08T03:00:00.000000",17.2633876800537
"OB","2026-10-08T04:00:00.000000",17.2689208984375
"OB","2026-10-08T05:00:00.000000",17.2747783660889
"OB","2026-10-08T06:00:00.000000",17.2785568237305
"OB","2026-10-08T07:00:00.000000",17.2814922332764
"OB","2026-10-08T08:00:00.000000",17.2875556945801
"OB","2026-10-08T09:00:00.000000",17.2767467498779
"OB","2026-10-08T10:00:00.000000",17.2554321289062
"OB","2026-10-08T11:00:00.000000",17.2333030700684
"OB","2026-10-08T12:00:00.000000",17.2205104827881
"OB","2026-10-08T13:00:00.000000",17.2258777618408
"OB","2026-10-08T14:00:00.000000",17.2589988708496
"OB","2026-10-08T15:00:00.000000",17.2838821411133
"OB","2026-10-08T16:00:00.000000",17.2988510131836
"OB","2026-10-08T17:00:00.000000",17.3074474334717
"OB","2026-10-08T18:00:00.000000",17.3143615722656
"OB","2026-10-08T19:00:00.000000",17.3198699951172
"OB","2026-10-08T20:00:00.000000",17.3214416503906
"OB","2026-10-08T21:00:00.000000",17.3080921173096
"OB","2026-10-08T22:00:00.000000",17.2837581634521
"OB","2026-10-08T23:00:00.000000",17.258659362793
"OB","2026-10-09T00:00:00.000000",17.2408809661865
"OB","2026-10-09T01:00:00.000000",17.2388114929199
"OB","2026-10-09T02:00:00.000000",17.2441654205322
"OB","2026-10-09T03:00:00.000000",17.2521209716797
"OB","2026-10-09T04:00:00.000000",17.2564506530762
"OB","2026-10-09T05:00:00.000000",17.2573528289795
"OB","2026-10-09T06:00:00.000000",17.2569828033447
"OB","2026-10-09T07:00:00.000000",17.2557792663574
"OB","2026-10-09T08:00:00.000000",17.2537136077881
"OB","2026-10-09T09:00:00.000000",17.2523517608643
"OB","2026-10-09T10:00:00.000000",17.2447834014893
"OB","2026-10-09T11:00:00.000000",17.2388515472412
"OB","2026-10-09T12:00:00.000000",17.2347164154053
"OB","2026-10-09T13:00:00.000000",17.2320308685303
"OB","2026-10-09T14:00:00.000000",17.2350597381592
"OB","2026-10-09T15:00:00.000000",17.2416439056396
"OB","2026-10-09T16:00:00.000000",17.2474822998047
"OB","2026-10-09T17:00:00.000000",17.2530746459961
"OB","2026-10-09T18:00:00.000000",17.2605895996094
"OB","2026-10-09T19:00:00.000000",17.2745189666748
"OB","2026-10-09T20:00:00.000000",17.2966270446777
"OB","2026-10-09T21:00:00.000000",17.30202293396
"OB","2026-10-09T22:00:00.000000",17.2971992492676
"OB","2026-10-09T23:00:00.000000",17.2858123779297
"OB","2026-10-10T00:00:00.000000",17.2753429412842
"WC","2026-10-02T00:00:00.000000",17.7946853637695
"WC","2026-10-02T01:00:00.000000",18.065523147583
"WC","2026-10-02T02:00:00.000000",18.3204612731934
"WC","2026-10-02T03:00:00.000000",18.3924026489258
"WC","2026-10-02T04:00:00.000000",18.3945579528809
"WC","2026-10-02T05:00:00.000000",18.3910465240479
"WC","2026-10-02T06:00:00.000000",18.3843326568604
"WC","2026-10-02T07:00:00.000000",18.3566703796387
"WC","2026-10-02T08:00:00.000000",18.2337245941162
"WC","2026-10-02T09:00:00.000000",18.1263408660889
"WC","2026-10-02T10:00:00.000000",18.0574645996094
"WC","2026-10-02T11:00:00.000000",17.9796085357666
"WC","2026-10-02T12:00:00.000000",17.9029846191406
"WC","2026-10-02T13:00:00.000000",17.9253883361816
"WC","2026-10-02T14:00:00.000000",18.2025604248047
"WC","2026-10-02T15:00:00.000000",18.3812732696533
"WC","2026-10-02T16:00:00.000000",18.4001808166504
"WC","2026-10-02T17:00:00.000000",18.3961124420166
"WC","2026-10-02T18:00:00.000000",18.3893203735352
"WC","2026-10-02T19:00:00.000000",18.3843078613281
"WC","2026-10-02T20:00:00.000000",18.3678302764893
"WC","2026-10-02T21:00:00.000000",18.244987487793
"WC","2026-10-02T22:00:00.000000",18.1519317626953
"WC","2026-10-02T23:00:00.000000",18.0636234283447
"WC","2026-10-03T00:00:00.000000",17.9728755950928
"WC","2026-10-03T01:00:00.000000",17.9396896362305
"WC","2026-10-03T02:00:00.000000",18.084587097168
"WC","2026-10-03T03:00:00.000000",18.2868194580078
"WC","2026-10-03T04:00:00.000000",18.3511199951172
"WC","2026-10-03T05:00:00.000000",18.3597240447998
"WC","2026-10-03T06:00:00.000000",18.3531036376953
"WC","2026-10-03T07:00:00.000000",18.3465270996094
"WC","2026-10-03T08:00:00.000000",18.3379516601562
"WC","2026-10-03T09:00:00.000000",18.2250442504883
"WC","2026-10-03T10:00:00.000000",18.1286792755127
"WC","2026-10-03T11:00:00.000000",18.0488033294678
"WC","2026-10-03T12:00:00.000000",17.9512214660645
"WC","2026-10-03T13:00:00.000000",17.8583736419678
"WC","2026-10-03T14:00:00.000000",17.8235950469971
"WC","2026-10-03T15:00:00.000000",18.2025775909424
"WC","2026-10-03T16:00:00.000000",18.3698711395264
"WC","2026-10-03T17:00:00.000000",18.3793621063232
"WC","2026-10-03T18:00:00.000000",18.3999099731445
"WC","2026-10-03T19:00:00.000000",18.40700340271
"WC","2026-10-03T20:00:00.000000",18.4104995727539
"WC","2026-10-03T21:00:00.000000",18.3473167419434
"WC","2026-10-03T22:00:00.000000",18.2007904052734
"WC","2026-10-03T23:00:00.000000",18.0778503417969
"WC","2026-10-04T00:00:00.000000",17.9299869537354
"WC","2026-10-04T01:00:00.000000",17.7931270599365
"WC","2026-10-04T02:00:00.000000",17.7274761199951
"WC","2026-10-04T03:00:00.000000",17.8861885070801
"WC","2026-10-04T04:00:00.000000",18.2137756347656
"WC","2026-10-04T05:00:00.000000",18.2646713256836
"WC","2026-10-04T06:00:00.000000",18.2683811187744
"WC","2026-10-04T07:00:00.000000",18.283540725708
"WC","2026-10-04T08:00:00.000000",18.2824726104736
"WC","2026-10-04T09:00:00.000000",18.2399940490723
"WC","2026-10-04T10:00:00.000000",18.1041412353516
"WC","2026-10-04T11:00:00.000000",17.9993343353271
"WC","2026-10-04T12:00:00.000000",17.9105110168457
"WC","2026-10-04T13:00:00.000000",17.7754173278809
"WC","2026-10-04T14:00:00.000000",17.6724834442139
"WC","2026-10-04T15:00:00.000000",17.6506881713867
"WC","2026-10-04T16:00:00.000000",17.9914493560791
"WC","2026-10-04T17:00:00.000000",18.2125854492188
"WC","2026-10-04T18:00:00.000000",18.2474403381348
"WC","2026-10-04T19:00:00.000000",18.2596988677979
"WC","2026-10-04T20:00:00.000000",18.264720916748
"WC","2026-10-04T21:00:00.000000",18.265905380249
"WC","2026-10-04T22:00:00.000000",18.2246437072754
"WC","2026-10-04T23:00:00.000000",18.0574340820312
"WC","2026-10-05T00:00:00.000000",17.9601898193359
"WC","2026-10-05T01:00:00.000000",17.8846778869629
"WC","2026-10-05T02:00:00.000000",17.8009548187256
"WC","2026-10-05T03:00:00.000000",17.7514019012451
"WC","2026-10-05T04:00:00.000000",17.8727054595947
"WC","2026-10-05T05:00:00.000000",18.1312351226807
"WC","2026-10-05T06:00:00.000000",18.1935806274414
"WC","2026-10-05T07:00:00.000000",18.2186279296875
"WC","2026-10-05T08:00:00.000000",18.228141784668
"WC","2026-10-05T09:00:00.000000",18.231237411499
"WC","2026-10-05T10:00:00.000000",18.2245807647705
"WC","2026-10-05T11:00:00.000000",18.1202354431152
"WC","2026-10-05T12:00:00.000000",18.0231037139893
"WC","2026-10-05T13:00:00.000000",17.9469547271729
"WC","2026-10-05T14:00:00.000000",17.8729820251465
"WC","2026-10-05T15:00:00.000000",17.8009052276611
"WC","2026-10-05T16:00:00.000000",17.7981815338135
"WC","2026-10-05T17:00:00.000000",18.1019439697266
"WC","2026-10-05T18:00:00.000000",18.3126392364502
"WC","2026-10-05T19:00:00.000000",18.3663177490234
"WC","2026-10-05T20:00:00.000000",18.3747634887695
"WC","2026-10-05T21:00:00.000000",18.3840484619141
"WC","2026-10-05T22:00:00.000000",18.3834285736084
"WC","2026-10-05T23:00:00.000000",18.35080909729
"WC","2026-10-06T00:00:00.000000",18.2148895263672
"WC","2026-10-06T01:00:00.000000",18.0950202941895
"WC","2026-10-06T02:00:00.000000",17.996639251709
"WC","2026-10-06T03:00:00.000000",17.9139518737793
"WC","2026-10-06T04:00:00.000000",17.8650913238525
"WC","2026-10-06T05:00:00.000000",17.9140968322754
"WC","2026-10-06T06:00:00.000000",18.2132091522217
"WC","2026-10-06T07:00:00.000000",18.3168182373047
"WC","2026-10-06T08:00:00.000000",18.3069038391113
"WC","2026-10-06T09:00:00.000000",18.2908058166504
"WC","2026-10-06T10:00:00.000000",18.2873287200928
"WC","2026-10-06T11:00:00.000000",18.2664108276367
"WC","2026-10-06T12:00:00.000000",18.2255420684814
"WC","2026-10-06T13:00:00.000000",18.1148319244385
"WC","2026-10-06T14:00:00.000000",18.0278472900391
"WC","2026-10-06T15:00:00.000000",17.947078704834
"WC","2026-10-06T16:00:00.000000",17.8687705993652
"WC","2026-10-06T17:00:00.000000",17.834810256958
"WC","2026-10-06T18:00:00.000000",18.0583343505859
"WC","2026-10-06T19:00:00.000000",18.3128356933594
"WC","2026-10-06T20:00:00.000000",18.3198642730713
"WC","2026-10-06T21:00:00.000000",18.3088989257812
"WC","2026-10-06T22:00:00.000000",18.2938861846924
"WC","2026-10-06T23:00:00.000000",18.2884902954102
"WC","2026-10-07T00:00:00.000000",18.2829895019531
"WC","2026-10-07T01:00:00.000000",18.187686920166
"WC","2026-10-07T02:00:00.000000",18.084810256958
"WC","2026-10-07T03:00:00.000000",17.9797077178955
"WC","2026-10-07T04:00:00.000000",17.8700885772705
"WC","2026-10-07T05:00:00.000000",17.7981452941895
"WC","2026-10-07T06:00:00.000000",17.8346767425537
"WC","2026-10-07T07:00:00.000000",18.220344543457
"WC","2026-10-07T08:00:00.000000",18.2688465118408
"WC","2026-10-07T09:00:00.000000",18.2678165435791
"WC","2026-10-07T10:00:00.000000",18.2606410980225
"WC","2026-10-07T11:00:00.000000",18.2509155273438
"WC","2026-10-07T12:00:00.000000",18.2235870361328
"WC","2026-10-07T13:00:00.000000",18.1909484863281
"WC","2026-10-07T14:00:00.000000",18.0833110809326
"WC","2026-10-07T15:00:00.000000",17.9999256134033
"WC","2026-10-07T16:00:00.000000",17.9171772003174
"WC","2026-10-07T17:00:00.000000",17.8171443939209
"WC","2026-10-07T18:00:00.000000",17.7756080627441
"WC","2026-10-07T19:00:00.000000",18.0608177185059
"WC","2026-10-07T20:00:00.000000",18.2832336425781
"WC","2026-10-07T21:00:00.000000",18.2844562530518
"WC","2026-10-07T22:00:00.000000",18.2799968719482
"WC","2026-10-07T23:00:00.000000",18.2762298583984
"WC","2026-10-08T00:00:00.000000",18.2612400054932
"WC","2026-10-08T01:00:00.000000",18.2429256439209
"WC","2026-10-08T02:00:00.000000",18.1533508300781
"WC","2026-10-08T03:00:00.000000",18.0665969848633
"WC","2026-10-08T04:00:00.000000",17.9863567352295
"WC","2026-10-08T05:00:00.000000",17.870246887207
"WC","2026-10-08T06:00:00.000000",17.8009586334229
"WC","2026-10-08T07:00:00.000000",17.9181079864502
"WC","2026-10-08T08:00:00.000000",18.2000331878662
"WC","2026-10-08T09:00:00.000000",18.2525024414062
"WC","2026-10-08T10:00:00.000000",18.2350196838379
"WC","2026-10-08T11:00:00.000000",18.21071434021
"WC","2026-10-08T12:00:00.000000",18.1949119567871
"WC","2026-10-08T13:00:00.000000",18.1709632873535
"WC","2026-10-08T14:00:00.000000",18.1762943267822
"WC","2026-10-08T15:00:00.000000",18.0999927520752
"WC","2026-10-08T16:00:00.000000",18.0421161651611
"WC","2026-10-08T17:00:00.000000",17.990255355835
"WC","2026-10-08T18:00:00.000000",17.9227962493896
"WC","2026-10-08T19:00:00.000000",17.9183139801025
"WC","2026-10-08T20:00:00.000000",18.1616306304932
"WC","2026-10-08T21:00:00.000000",18.2670040130615
"WC","2026-10-08T22:00:00.000000",18.2591915130615
"WC","2026-10-08T23:00:00.000000",18.2490653991699
"WC","2026-10-09T00:00:00.000000",18.2411556243896
"WC","2026-10-09T01:00:00.000000",18.2287998199463
"WC","2026-10-09T02:00:00.000000",18.2184028625488
"WC","2026-10-09T03:00:00.000000",18.1592216491699
"WC","2026-10-09T04:00:00.000000",18.0927448272705
"WC","2026-10-09T05:00:00.000000",18.0381526947021
"WC","2026-10-09T06:00:00.000000",17.9598274230957
"WC","2026-10-09T07:00:00.000000",17.8994998931885
"WC","2026-10-09T08:00:00.000000",17.9575424194336
"WC","2026-10-09T09:00:00.000000",18.2257747650146
"WC","2026-10-09T10:00:00.000000",18.2384014129639
"WC","2026-10-09T11:00:00.000000",18.2305660247803
"WC","2026-10-09T12:00:00.000000",18.2151260375977
"WC","2026-10-09T13:00:00.000000",18.2065620422363
"WC","2026-10-09T14:00:00.000000",18.2012386322021
"WC","2026-10-09T15:00:00.000000",18.1513080596924
"WC","2026-10-09T16:00:00.000000",18.0835380554199
"WC","2026-10-09T17:00:00.000000",18.0200386047363
"WC","2026-10-09T18:00:00.000000",17.8980407714844
"WC","2026-10-09T19:00:00.000000",17.802282333374
"WC","2026-10-09T20:00:00.000000",17.7956809997559
"WC","2026-10-09T21:00:00.000000",18.1480579376221
"WC","2026-10-09T22:00:00.000000",18.2674980163574
"WC","2026-10-09T23:00:00.000000",18.266450881958
"WC","2026-10-10T00:00:00.000000",18.264762878418
"WI","2026-10-02T00:00:00.000000",18.4104785919189
"WI","2026-10-02T01:00:00.000000",18.4499378204346
"WI","2026-10-02T02:00:00.000000",18.4768733978271
"WI","2026-10-02T03:00:00.000000",18.4990463256836
"WI","2026-10-02T04:00:00.000000",18.5070915222168
"WI","2026-10-02T05:00:00.000000",18.4983367919922
"WI","2026-10-02T06:00:00.000000",18.5131511688232
"WI","2026-10-02T07:00:00.000000",18.5097808837891
"WI","2026-10-02T08:00:00.000000",18.4992713928223
"WI","2026-10-02T09:00:00.000000",18.4976348876953
"WI","2026-10-02T10:00:00.000000",18.4841632843018
"WI","2026-10-02T11:00:00.000000",18.4989051818848
"WI","2026-10-02T12:00:00.000000",18.4738159179688
"WI","2026-10-02T13:00:00.000000",18.498722076416
"WI","2026-10-02T14:00:00.000000",18.5375823974609
"WI","2026-10-02T15:00:00.000000",18.5626335144043
"WI","2026-10-02T16:00:00.000000",18.5745601654053
"WI","2026-10-02T17:00:00.000000",18.5731430053711
"WI","2026-10-02T18:00:00.000000",18.5792751312256
"WI","2026-10-02T19:00:00.000000",18.6065101623535
"WI","2026-10-02T20:00:00.000000",18.6190242767334
"WI","2026-10-02T21:00:00.000000",18.6190414428711
"WI","2026-10-02T22:00:00.000000",18.6302433013916
"WI","2026-10-02T23:00:00.000000",18.6387004852295
"WI","2026-10-03T00:00:00.000000",18.6401481628418
"WI","2026-10-03T01:00:00.000000",18.6365070343018
"WI","2026-10-03T02:00:00.000000",18.6297740936279
"WI","2026-10-03T03:00:00.000000",18.6132755279541
"WI","2026-10-03T04:00:00.000000",18.6002426147461
"WI","2026-10-03T05:00:00.000000",18.6192970275879
"WI","2026-10-03T06:00:00.000000",18.6397285461426
"WI","2026-10-03T07:00:00.000000",18.7010879516602
"WI","2026-10-03T08:00:00.000000",18.7074451446533
"WI","2026-10-03T09:00:00.000000",18.6899795532227
"WI","2026-10-03T10:00:00.000000",18.5824966430664
"WI","2026-10-03T11:00:00.000000",18.6376914978027
"WI","2026-10-03T12:00:00.000000",18.5573673248291
"WI","2026-10-03T13:00:00.000000",18.661901473999
"WI","2026-10-03T14:00:00.000000",18.5204944610596
"WI","2026-10-03T15:00:00.000000",18.583984375
"WI","2026-10-03T16:00:00.000000",18.6192760467529
"WI","2026-10-03T17:00:00.000000",18.6373882293701
"WI","2026-10-03T18:00:00.000000",18.6359920501709
"WI","2026-10-03T19:00:00.000000",18.6663227081299
"WI","2026-10-03T20:00:00.000000",18.7073554992676
"WI","2026-10-03T21:00:00.000000",18.7236614227295
"WI","2026-10-03T22:00:00.000000",18.7231521606445
"WI","2026-10-03T23:00:00.000000",18.7173824310303
"WI","2026-10-04T00:00:00.000000",18.7212524414062
"WI","2026-10-04T01:00:00.000000",18.6974353790283
"WI","2026-10-04T02:00:00.000000",18.6448173522949
"WI","2026-10-04T03:00:00.000000",18.5601291656494
"WI","2026-10-04T04:00:00.000000",18.5563316345215
"WI","2026-10-04T05:00:00.000000",18.5623741149902
"WI","2026-10-04T06:00:00.000000",18.5808372497559
"WI","2026-10-04T07:00:00.000000",18.6266498565674
"WI","2026-10-04T08:00:00.000000",18.657829284668
"WI","2026-10-04T09:00:00.000000",18.6354026794434
"WI","2026-10-04T10:00:00.000000",18.6034240722656
"WI","2026-10-04T11:00:00.000000",18.6018524169922
"WI","2026-10-04T12:00:00.000000",18.5994243621826
"WI","2026-10-04T13:00:00.000000",18.5832805633545
"WI","2026-10-04T14:00:00.000000",18.562406539917
"WI","2026-10-04T15:00:00.000000",18.5982398986816
"WI","2026-10-04T16:00:00.000000",18.5859127044678
"WI","2026-10-04T17:00:00.000000",18.5977210998535
"WI","2026-10-04T18:00:00.000000",18.6162033081055
"WI","2026-10-04T19:00:00.000000",18.6275463104248
"WI","2026-10-04T20:00:00.000000",18.6204700469971
"WI","2026-10-04T21:00:00.000000",18.6097297668457
"WI","2026-10-04T22:00:00.000000",18.5975475311279
"WI","2026-10-04T23:00:00.000000",18.5924396514893
"WI","2026-10-05T00:00:00.000000",18.589786529541
"WI","2026-10-05T01:00:00.000000",18.5863037109375
"WI","2026-10-05T02:00:00.000000",18.57395362854
"WI","2026-10-05T03:00:00.000000",18.5675430297852
"WI","2026-10-05T04:00:00.000000",18.5447063446045
"WI","2026-10-05T05:00:00.000000",18.5329475402832
"WI","2026-10-05T06:00:00.000000",18.5521240234375
"WI","2026-10-05T07:00:00.000000",18.5558624267578
"WI","2026-10-05T08:00:00.000000",18.5734329223633
"WI","2026-10-05T09:00:00.000000",18.594841003418
"WI","2026-10-05T10:00:00.000000",18.5997123718262
"WI","2026-10-05T11:00:00.000000",18.5594997406006
"WI","2026-10-05T12:00:00.000000",18.5607166290283
"WI","2026-10-05T13:00:00.000000",18.5420532226562
"WI","2026-10-05T14:00:00.000000",18.5263500213623
"WI","2026-10-05T15:00:00.000000",18.5173091888428
"WI","2026-10-05T16:00:00.000000",18.5377559661865
"WI","2026-10-05T17:00:00.000000",18.6020622253418
"WI","2026-10-05T18:00:00.000000",18.6431350708008
"WI","2026-10-05T19:00:00.000000",18.6506481170654
"WI","2026-10-05T20:00:00.000000",18.6460838317871
"WI","2026-10-05T21:00:00.000000",18.6368999481201
"WI","2026-10-05T22:00:00.000000",18.6551418304443
"WI","2026-10-05T23:00:00.000000",18.6555290222168
"WI","2026-10-06T00:00:00.000000",18.6289310455322
"WI","2026-10-06T01:00:00.000000",18.5477428436279
"WI","2026-10-06T02:00:00.000000",18.5020961761475
"WI","2026-10-06T03:00:00.000000",18.5449028015137
"WI","2026-10-06T04:00:00.000000",18.5558109283447
"WI","2026-10-06T05:00:00.000000",18.5668048858643
"WI","2026-10-06T06:00:00.000000",18.5915813446045
"WI","2026-10-06T07:00:00.000000",18.5796451568604
"WI","2026-10-06T08:00:00.000000",18.5725555419922
"WI","2026-10-06T09:00:00.000000",18.5735492706299
"WI","2026-10-06T10:00:00.000000",18.5808067321777
"WI","2026-10-06T11:00:00.000000",18.5867938995361
"WI","2026-10-06T12:00:00.000000",18.5643329620361
"WI","2026-10-06T13:00:00.000000",18.4412574768066
"WI","2026-10-06T14:00:00.000000",18.4344882965088
"WI","2026-10-06T15:00:00.000000",18.4877395629883
"WI","2026-10-06T16:00:00.000000",18.4706707000732
"WI","2026-10-06T17:00:00.000000",18.5226745605469
"WI","2026-10-06T18:00:00.000000",18.5374965667725
"WI","2026-10-06T19:00:00.000000",18.5307216644287
"WI","2026-10-06T20:00:00.000000",18.5283946990967
"WI","2026-10-06T21:00:00.000000",18.5321235656738
"WI","2026-10-06T22:00:00.000000",18.555248260498
"WI","2026-10-06T23:00:00.000000",18.5844497680664
"WI","2026-10-07T00:00:00.000000",18.5919094085693
"WI","2026-10-07T01:00:00.000000",18.583459854126
"WI","2026-10-07T02:00:00.000000",18.4875659942627
"WI","2026-10-07T03:00:00.000000",18.4580574035645
"WI","2026-10-07T04:00:00.000000",18.5290126800537
"WI","2026-10-07T05:00:00.000000",18.4413299560547
"WI","2026-10-07T06:00:00.000000",18.4679279327393
"WI","2026-10-07T07:00:00.000000",18.4849300384521
"WI","2026-10-07T08:00:00.000000",18.4813938140869
"WI","2026-10-07T09:00:00.000000",18.4793872833252
"WI","2026-10-07T10:00:00.000000",18.4915676116943
"WI","2026-10-07T11:00:00.000000",18.5211715698242
"WI","2026-10-07T12:00:00.000000",18.5498123168945
"WI","2026-10-07T13:00:00.000000",18.5522422790527
"WI","2026-10-07T14:00:00.000000",18.541467666626
"WI","2026-10-07T15:00:00.000000",18.48073387146
"WI","2026-10-07T16:00:00.000000",18.4604911804199
"WI","2026-10-07T17:00:00.000000",18.448148727417
"WI","2026-10-07T18:00:00.000000",18.4690208435059
"WI","2026-10-07T19:00:00.000000",18.5105991363525
"WI","2026-10-07T20:00:00.000000",18.5270862579346
"WI","2026-10-07T21:00:00.000000",18.5319175720215
"WI","2026-10-07T22:00:00.000000",18.5307140350342
"WI","2026-10-07T23:00:00.000000",18.5333194732666
"WI","2026-10-08T00:00:00.000000",18.5674304962158
"WI","2026-10-08T01:00:00.000000",18.5777015686035
"WI","2026-10-08T02:00:00.000000",18.5748958587646
"WI","2026-10-08T03:00:00.000000",18.557991027832
"WI","2026-10-08T04:00:00.000000",18.5371494293213
"WI","2026-10-08T05:00:00.000000",18.5266227722168
"WI","2026-10-08T06:00:00.000000",18.5192012786865
"WI","2026-10-08T07:00:00.000000",18.5086555480957
"WI","2026-10-08T08:00:00.000000",18.5029678344727
"WI","2026-10-08T09:00:00.000000",18.5002403259277
"WI","2026-10-08T10:00:00.000000",18.4982852935791
"WI","2026-10-08T11:00:00.000000",18.497709274292
"WI","2026-10-08T12:00:00.000000",18.5240135192871
"WI","2026-10-08T13:00:00.000000",18.5509910583496
"WI","2026-10-08T14:00:00.000000",18.55979347229
"WI","2026-10-08T15:00:00.000000",18.5659637451172
"WI","2026-10-08T16:00:00.000000",18.5437622070312
"WI","2026-10-08T17:00:00.000000",18.5417919158936
"WI","2026-10-08T18:00:00.000000",18.546989440918
"WI","2026-10-08T19:00:00.000000",18.5478992462158
"WI","2026-10-08T20:00:00.000000",18.5444927215576
"WI","2026-10-08T21:00:00.000000",18.5362453460693
"WI","2026-10-08T22:00:00.000000",18.5218544006348
"WI","2026-10-08T23:00:00.000000",18.5147171020508
"WI","2026-10-09T00:00:00.000000",18.5365352630615
"WI","2026-10-09T01:00:00.000000",18.5804882049561
"WI","2026-10-09T02:00:00.000000",18.5945529937744
"WI","2026-10-09T03:00:00.000000",18.5998401641846
"WI","2026-10-09T04:00:00.000000",18.5553741455078
"WI","2026-10-09T05:00:00.000000",18.5340881347656
"WI","2026-10-09T06:00:00.000000",18.555046081543
"WI","2026-10-09T07:00:00.000000",18.5230503082275
"WI","2026-10-09T08:00:00.000000",18.5131797790527
"WI","2026-10-09T09:00:00.000000",18.4962940216064
"WI","2026-10-09T10:00:00.000000",18.4876670837402
"WI","2026-10-09T11:00:00.000000",18.4900512695312
"WI","2026-10-09T12:00:00.000000",18.5282096862793
"WI","2026-10-09T13:00:00.000000",18.5706577301025
"WI","2026-10-09T14:00:00.000000",18.5864181518555
"WI","2026-10-09T15:00:00.000000",18.5950584411621
"WI","2026-10-09T16:00:00.000000",18.5654315948486
"WI","2026-10-09T17:00:00.000000",18.5353183746338
"WI","2026-10-09T18:00:00.000000",18.5348110198975
"WI","2026-10-09T19:00:00.000000",18.5360221862793
"WI","2026-10-09T20:00:00.000000",18.5474109649658
"WI","2026-10-09T21:00:00.000000",18.5544681549072
"WI","2026-10-09T22:00:00.000000",18.5485591888428
"WI","2026-10-09T23:00:00.000000",18.5500144958496
"WI","2026-10-10T00:00:00.000000",18.5755176544189
