"site_id","time","temp"
"AQ","2026-09-24T00:00:00.000000",16.4229221343994
"AQ","2026-09-24T01:00:00.000000",16.4167175292969
"AQ","2026-09-24T02:00:00.000000",16.4074211120605
"AQ","2026-09-24T03:00:00.000000",16.3881530761719
"AQ","2026-09-24T04:00:00.000000",16.3917598724365
"AQ","2026-09-24T05:00:00.000000",16.4066219329834
"AQ","2026-09-24T06:00:00.000000",16.4166107177734
"AQ","2026-09-24T07:00:00.000000",16.4281558990479
"AQ","2026-09-24T08:00:00.000000",16.4366436004639
"AQ","2026-09-24T09:00:00.000000",16.4377899169922
"AQ","2026-09-24T10:00:00.000000",16.4176902770996
"AQ","2026-09-24T11:00:00.000000",16.3903465270996
"AQ","2026-09-24T12:00:00.000000",16.3647556304932
"AQ","2026-09-24T13:00:00.000000",16.3402252197266
"AQ","2026-09-24T14:00:00.000000",16.318531036377
"AQ","2026-09-24T15:00:00.000000",16.2865257263184
"AQ","2026-09-24T16:00:00.000000",16.2826557159424
"AQ","2026-09-24T17:00:00.000000",16.2956600189209
"AQ","2026-09-24T18:00:00.000000",16.3154468536377
"AQ","2026-09-24T19:00:00.000000",16.3363342285156
"AQ","2026-09-24T20:00:00.000000",16.3566551208496
"AQ","2026-09-24T21:00:00.000000",16.3718490600586
"AQ","2026-09-24T22:00:00.000000",16.3775482177734
"AQ","2026-09-24T23:00:00.000000",16.3774356842041
"AQ","2026-09-25T00:00:00.000000",16.3736896514893
"AQ","2026-09-25T01:00:00.000000",16.3704719543457
"AQ","2026-09-25T02:00:00.000000",16.3680572509766
"AQ","2026-09-25T03:00:00.000000",16.3662185668945
"AQ","2026-09-25T04:00:00.000000",16.3482475280762
"AQ","2026-09-25T05:00:00.000000",16.3426952362061
"AQ","2026-09-25T06:00:00.000000",16.3539009094238
"AQ","2026-09-25T07:00:00.000000",16.3734130859375
"AQ","2026-09-25T08:00:00.000000",16.3906478881836
"AQ","2026-09-25T09:00:00.000000",16.3947982788086
"AQ","2026-09-25T10:00:00.000000",16.3731136322021
"AQ","2026-09-25T11:00:00.000000",16.2943916320801
"AQ","2026-09-25T12:00:00.000000",16.1892681121826
"AQ","2026-09-25T13:00:00.000000",16.112922668457
"AQ","2026-09-25T14:00:00.000000",16.0850009918213
"AQ","2026-09-25T15:00:00.000000",16.0995559692383
"AQ","2026-09-25T16:00:00.000000",16.147346496582
"AQ","2026-09-25T17:00:00.000000",16.1985855102539
"AQ","2026-09-25T18:00:00.000000",16.2413139343262
"AQ","2026-09-25T19:00:00.000000",16.2791500091553
"AQ","2026-09-25T20:00:00.000000",16.3050174713135
"AQ","2026-09-25T21:00:00.000000",16.318603515625
"AQ","2026-09-25T22:00:00.000000",16.3211612701416
"AQ","2026-09-25T23:00:00.000000",16.3061485290527
"AQ","2026-09-26T00:00:00.000000",16.2903537750244
"AQ","2026-09-26T01:00:00.000000",16.2789745330811
"AQ","2026-09-26T02:00:00.000000",16.2687892913818
"AQ","2026-09-26T03:00:00.000000",16.2575225830078
"AQ","2026-09-26T04:00:00.000000",16.2306499481201
"AQ","2026-09-26T05:00:00.000000",16.2437076568604
"AQ","2026-09-26T06:00:00.000000",16.2707691192627
"AQ","2026-09-26T07:00:00.000000",16.2915096282959
"AQ","2026-09-26T08:00:00.000000",16.3048839569092
"AQ","2026-09-26T09:00:00.000000",16.3066234588623
"AQ","2026-09-26T10:00:00.000000",16.2911224365234
"AQ","2026-09-26T11:00:00.000000",16.2331314086914
"AQ","2026-09-26T12:00:00.000000",16.1310157775879
"AQ","2026-09-26T13:00:00.000000",16.0707607269287
"AQ","2026-09-26T14:00:00.000000",16.0298919677734
"AQ","2026-09-26T15:00:00.000000",16.0239582061768
"AQ","2026-09-26T16:00:00.000000",16.0534973144531
"AQ","2026-09-26T17:00:00.000000",16.1165733337402
"AQ","2026-09-26T18:00:00.000000",16.1757755279541
"AQ","2026-09-26T19:00:00.000000",16.2252388000488
"AQ","2026-09-26T20:00:00.000000",16.2659912109375
"AQ","2026-09-26T21:00:00.000000",16.2861385345459
"AQ","2026-09-26T22:00:00.000000",16.2897090911865
"AQ","2026-09-26T23:00:00.000000",16.2740573883057
"AQ","2026-09-27T00:00:00.000000",16.2442359924316
"AQ","2026-09-27T01:00:00.000000",16.1833515167236
"AQ","2026-09-27T02:00:00.000000",16.1203651428223
"AQ","2026-09-27T03:00:00.000000",16.0881786346436
"AQ","2026-09-27T04:00:00.000000",16.0693473815918
"AQ","2026-09-27T05:00:00.000000",16.1166572570801
"AQ","2026-09-27T06:00:00.000000",16.1562938690186
"AQ","2026-09-27T07:00:00.000000",16.1859569549561
"AQ","2026-09-27T08:00:00.000000",16.2068576812744
"AQ","2026-09-27T09:00:00.000000",16.2188510894775
"AQ","2026-09-27T10:00:00.000000",16.2264747619629
"AQ","2026-09-27T11:00:00.000000",16.2292938232422
"AQ","2026-09-27T12:00:00.000000",16.209192276001
"AQ","2026-09-27T13:00:00.000000",16.1603679656982
"AQ","2026-09-27T14:00:00.000000",16.0505905151367
"AQ","2026-09-27T15:00:00.000000",16.0153865814209
"AQ","2026-09-27T16:00:00.000000",16.0246734619141
"AQ","2026-09-27T17:00:00.000000",16.0389099121094
"AQ","2026-09-27T18:00:00.000000",16.0537872314453
"AQ","2026-09-27T19:00:00.000000",16.0626811981201
"AQ","2026-09-27T20:00:00.000000",16.0630397796631
"AQ","2026-09-27T21:00:00.000000",16.0651607513428
"AQ","2026-09-27T22:00:00.000000",16.0699768066406
"AQ","2026-09-27T23:00:00.000000",16.0715503692627
"AQ","2026-09-28T00:00:00.000000",16.0550308227539
"AQ","2026-09-28T01:00:00.000000",15.8748226165771
"AQ","2026-09-28T02:00:00.000000",15.8037872314453
"AQ","2026-09-28T03:00:00.000000",15.7761306762695
"AQ","2026-09-28T04:00:00.000000",15.7831907272339
"AQ","2026-09-28T05:00:00.000000",15.8119564056396
"AQ","2026-09-28T06:00:00.000000",15.8404912948608
"AQ","2026-09-28T07:00:00.000000",15.8617868423462
"AQ","2026-09-28T08:00:00.000000",15.8856067657471
"AQ","2026-09-28T09:00:00.000000",15.914867401123
"AQ","2026-09-28T10:00:00.000000",15.9520816802979
"AQ","2026-09-28T11:00:00.000000",15.9738416671753
"AQ","2026-09-28T12:00:00.000000",15.9637203216553
"AQ","2026-09-28T13:00:00.000000",15.88733959198
"AQ","2026-09-28T14:00:00.000000",15.8062267303467
"AQ","2026-09-28T15:00:00.000000",15.7392797470093
"AQ","2026-09-28T16:00:00.000000",15.7361860275269
"AQ","2026-09-28T17:00:00.000000",15.7633218765259
"AQ","2026-09-28T18:00:00.000000",15.7861452102661
"AQ","2026-09-28T19:00:00.000000",15.8079290390015
"AQ","2026-09-28T20:00:00.000000",15.8317270278931
"AQ","2026-09-28T21:00:00.000000",15.8467826843262
"AQ","2026-09-28T22:00:00.000000",15.8602104187012
"AQ","2026-09-28T23:00:00.000000",15.8744993209839
"AQ","2026-09-29T00:00:00.000000",15.8750600814819
"AQ","2026-09-29T01:00:00.000000",15.8064126968384
"AQ","2026-09-29T02:00:00.000000",15.7418918609619
"AQ","2026-09-29T03:00:00.000000",15.7059764862061
"AQ","2026-09-29T04:00:00.000000",15.6917638778687
"AQ","2026-09-29T05:00:00.000000",15.6842765808105
"AQ","2026-09-29T06:00:00.000000",15.6887712478638
"AQ","2026-09-29T07:00:00.000000",15.733998298645
"AQ","2026-09-29T08:00:00.000000",15.7810001373291
"AQ","2026-09-29T09:00:00.000000",15.8109540939331
"AQ","2026-09-29T10:00:00.000000",15.8326263427734
"AQ","2026-09-29T11:00:00.000000",15.8420305252075
"AQ","2026-09-29T12:00:00.000000",15.8345909118652
"AQ","2026-09-29T13:00:00.000000",15.7941598892212
"AQ","2026-09-29T14:00:00.000000",15.736141204834
"AQ","2026-09-29T15:00:00.000000",15.6957588195801
"AQ","2026-09-29T16:00:00.000000",15.6811714172363
"AQ","2026-09-29T17:00:00.000000",15.6807508468628
"AQ","2026-09-29T18:00:00.000000",15.6905384063721
"AQ","2026-09-29T19:00:00.000000",15.7230777740479
"AQ","2026-09-29T20:00:00.000000",15.7579174041748
"AQ","2026-09-29T21:00:00.000000",15.7893075942993
"AQ","2026-09-29T22:00:00.000000",15.8177900314331
"AQ","2026-09-29T23:00:00.000000",15.8326406478882
"AQ","2026-09-30T00:00:00.000000",15.8334684371948
"AQ","2026-09-30T01:00:00.000000",15.8200511932373
"AQ","2026-09-30T02:00:00.000000",15.797384262085
"AQ","2026-09-30T03:00:00.000000",15.7728099822998
"AQ","2026-09-30T04:00:00.000000",15.7521924972534
"AQ","2026-09-30T05:00:00.000000",15.7433176040649
"AQ","2026-09-30T06:00:00.000000",15.7411632537842
"AQ","2026-09-30T07:00:00.000000",15.7483701705933
"AQ","2026-09-30T08:00:00.000000",15.7689151763916
"AQ","2026-09-30T09:00:00.000000",15.7889471054077
"AQ","2026-09-30T10:00:00.000000",15.8054265975952
"AQ","2026-09-30T11:00:00.000000",15.8162021636963
"AQ","2026-09-30T12:00:00.000000",15.8174095153809
"AQ","2026-09-30T13:00:00.000000",15.8108892440796
"AQ","2026-09-30T14:00:00.000000",15.7909231185913
"AQ","2026-09-30T15:00:00.000000",15.7682695388794
"AQ","2026-09-30T16:00:00.000000",15.7537860870361
"AQ","2026-09-30T17:00:00.000000",15.7505855560303
"AQ","2026-09-30T18:00:00.000000",15.7559099197388
"AQ","2026-09-30T19:00:00.000000",15.768027305603
"AQ","2026-09-30T20:00:00.000000",15.7845916748047
"AQ","2026-09-30T21:00:00.000000",15.8024892807007
"AQ","2026-09-30T22:00:00.000000",15.823447227478
"AQ","2026-09-30T23:00:00.000000",15.8438739776611
"AQ","2026-10-01T00:00:00.000000",15.8474130630493
"AQ","2026-10-01T01:00:00.000000",15.8472099304199
"AQ","2026-10-01T02:00:00.000000",15.8403644561768
"AQ","2026-10-01T03:00:00.000000",15.8206796646118
"AQ","2026-10-01T04:00:00.000000",15.8080978393555
"AQ","2026-10-01T05:00:00.000000",15.8036851882935
"AQ","2026-10-01T06:00:00.000000",15.8034734725952
"AQ","2026-10-01T07:00:00.000000",15.8048210144043
"AQ","2026-10-01T08:00:00.000000",15.8081712722778
"AQ","2026-10-01T09:00:00.000000",15.8106775283813
"AQ","2026-10-01T10:00:00.000000",15.8147125244141
"AQ","2026-10-01T11:00:00.000000",15.8204517364502
"AQ","2026-10-01T12:00:00.000000",15.8237924575806
"AQ","2026-10-01T13:00:00.000000",15.824670791626
"AQ","2026-10-01T14:00:00.000000",15.8258771896362
"AQ","2026-10-01T15:00:00.000000",15.8275461196899
"AQ","2026-10-01T16:00:00.000000",15.829761505127
"AQ","2026-10-01T17:00:00.000000",15.8325786590576
"AQ","2026-10-01T18:00:00.000000",15.8349657058716
"AQ","2026-10-01T19:00:00.000000",15.8375205993652
"AQ","2026-10-01T20:00:00.000000",15.8410015106201
"AQ","2026-10-01T21:00:00.000000",15.847131729126
"AQ","2026-10-01T22:00:00.000000",15.8531427383423
"AQ","2026-10-01T23:00:00.000000",15.8589315414429
"AQ","2026-10-02T00:00:00.000000",15.8628883361816
"CB","2026-09-24T00:00:00.000000",16.4289493560791
"CB","2026-09-24T01:00:00.000000",16.4217224121094
"CB","2026-09-24T02:00:00.000000",16.4213333129883
"CB","2026-09-24T03:00:00.000000",16.4318695068359
"CB","2026-09-24T04:00:00.000000",16.449390411377
"CB","2026-09-24T05:00:00.000000",16.4709510803223
"CB","2026-09-24T06:00:00.000000",16.5101413726807
"CB","2026-09-24T07:00:00.000000",16.5452404022217
"CB","2026-09-24T08:00:00.000000",16.572696685791
"CB","2026-09-24T09:00:00.000000",16.5014343261719
"CB","2026-09-24T10:00:00.000000",16.395788192749
"CB","2026-09-24T11:00:00.000000",16.3590469360352
"CB","2026-09-24T12:00:00.000000",16.349437713623
"CB","2026-09-24T13:00:00.000000",16.3488750457764
"CB","2026-09-24T14:00:00.000000",16.3529777526855
"CB","2026-09-24T15:00:00.000000",16.3660125732422
"CB","2026-09-24T16:00:00.000000",16.387393951416
"CB","2026-09-24T17:00:00.000000",16.4118213653564
"CB","2026-09-24T18:00:00.000000",16.4461612701416
"CB","2026-09-24T19:00:00.000000",16.4980354309082
"CB","2026-09-24T20:00:00.000000",16.5320701599121
"CB","2026-09-24T21:00:00.000000",16.5359954833984
"CB","2026-09-24T22:00:00.000000",16.4567584991455
"CB","2026-09-24T23:00:00.000000",16.4320297241211
"CB","2026-09-25T00:00:00.000000",16.4295673370361
"CB","2026-09-25T01:00:00.000000",16.4317016601562
"CB","2026-09-25T02:00:00.000000",16.4339752197266
"CB","2026-09-25T03:00:00.000000",16.4351253509521
"CB","2026-09-25T04:00:00.000000",16.4361438751221
"CB","2026-09-25T05:00:00.000000",16.4398040771484
"CB","2026-09-25T06:00:00.000000",16.4499683380127
"CB","2026-09-25T07:00:00.000000",16.4884872436523
"CB","2026-09-25T08:00:00.000000",16.5414009094238
"CB","2026-09-25T09:00:00.000000",16.545316696167
"CB","2026-09-25T10:00:00.000000",16.4542846679688
"CB","2026-09-25T11:00:00.000000",16.4001579284668
"CB","2026-09-25T12:00:00.000000",16.3893871307373
"CB","2026-09-25T13:00:00.000000",16.3869876861572
"CB","2026-09-25T14:00:00.000000",16.3870010375977
"CB","2026-09-25T15:00:00.000000",16.3884372711182
"CB","2026-09-25T16:00:00.000000",16.3950710296631
"CB","2026-09-25T17:00:00.000000",16.4066619873047
"CB","2026-09-25T18:00:00.000000",16.4266986846924
"CB","2026-09-25T19:00:00.000000",16.4633502960205
"CB","2026-09-25T20:00:00.000000",16.5030345916748
"CB","2026-09-25T21:00:00.000000",16.5214576721191
"CB","2026-09-25T22:00:00.000000",16.495698928833
"CB","2026-09-25T23:00:00.000000",16.4564361572266
"CB","2026-09-26T00:00:00.000000",16.4540195465088
"CB","2026-09-26T01:00:00.000000",16.4555053710938
"CB","2026-09-26T02:00:00.000000",16.4565773010254
"CB","2026-09-26T03:00:00.000000",16.4565334320068
"CB","2026-09-26T04:00:00.000000",16.454288482666
"CB","2026-09-26T05:00:00.000000",16.4508171081543
"CB","2026-09-26T06:00:00.000000",16.4440956115723
"CB","2026-09-26T07:00:00.000000",16.4426975250244
"CB","2026-09-26T08:00:00.000000",16.4564971923828
"CB","2026-09-26T09:00:00.000000",16.4706478118896
"CB","2026-09-26T10:00:00.000000",16.4561557769775
"CB","2026-09-26T11:00:00.000000",16.3973503112793
"CB","2026-09-26T12:00:00.000000",16.382640838623
"CB","2026-09-26T13:00:00.000000",16.3796615600586
"CB","2026-09-26T14:00:00.000000",16.37744140625
"CB","2026-09-26T15:00:00.000000",16.377965927124
"CB","2026-09-26T16:00:00.000000",16.3843536376953
"CB","2026-09-26T17:00:00.000000",16.3922100067139
"CB","2026-09-26T18:00:00.000000",16.4025745391846
"CB","2026-09-26T19:00:00.000000",16.4222393035889
"CB","2026-09-26T20:00:00.000000",16.4502544403076
"CB","2026-09-26T21:00:00.000000",16.4707469940186
"CB","2026-09-26T22:00:00.000000",16.4711761474609
"CB","2026-09-26T23:00:00.000000",16.4554386138916
"CB","2026-09-27T00:00:00.000000",16.4440460205078
"CB","2026-09-27T01:00:00.000000",16.4198265075684
"CB","2026-09-27T02:00:00.000000",16.4073791503906
"CB","2026-09-27T03:00:00.000000",16.3956489562988
"CB","2026-09-27T04:00:00.000000",16.3852958679199
"CB","2026-09-27T05:00:00.000000",16.3745384216309
"CB","2026-09-27T06:00:00.000000",16.3651714324951
"CB","2026-09-27T07:00:00.000000",16.3615188598633
"CB","2026-09-27T08:00:00.000000",16.3582515716553
"CB","2026-09-27T09:00:00.000000",16.3620853424072
"CB","2026-09-27T10:00:00.000000",16.3471622467041
"CB","2026-09-27T11:00:00.000000",16.327169418335
"CB","2026-09-27T12:00:00.000000",16.2912368774414
"CB","2026-09-27T13:00:00.000000",16.2568378448486
"CB","2026-09-27T14:00:00.000000",16.2237815856934
"CB","2026-09-27T15:00:00.000000",16.2133007049561
"CB","2026-09-27T16:00:00.000000",16.2111721038818
"CB","2026-09-27T17:00:00.000000",16.2037029266357
"CB","2026-09-27T18:00:00.000000",16.1983165740967
"CB","2026-09-27T19:00:00.000000",16.2042598724365
"CB","2026-09-27T20:00:00.000000",16.2256126403809
"CB","2026-09-27T21:00:00.000000",16.2560195922852
"CB","2026-09-27T22:00:00.000000",16.2634353637695
"CB","2026-09-27T23:00:00.000000",16.2537994384766
"CB","2026-09-28T00:00:00.000000",16.1816997528076
"CB","2026-09-28T01:00:00.000000",16.1068286895752
"CB","2026-09-28T02:00:00.000000",16.0779438018799
"CB","2026-09-28T03:00:00.000000",16.0607147216797
"CB","2026-09-28T04:00:00.000000",16.05202293396
"CB","2026-09-28T05:00:00.000000",16.0562400817871
"CB","2026-09-28T06:00:00.000000",16.0730400085449
"CB","2026-09-28T07:00:00.000000",16.0939903259277
"CB","2026-09-28T08:00:00.000000",16.1261234283447
"CB","2026-09-28T09:00:00.000000",16.1668739318848
"CB","2026-09-28T10:00:00.000000",16.1886234283447
"CB","2026-09-28T11:00:00.000000",16.1842269897461
"CB","2026-09-28T12:00:00.000000",16.0908699035645
"CB","2026-09-28T13:00:00.000000",16.0442199707031
"CB","2026-09-28T14:00:00.000000",16.0369491577148
"CB","2026-09-28T15:00:00.000000",16.0367870330811
"CB","2026-09-28T16:00:00.000000",16.0394401550293
"CB","2026-09-28T17:00:00.000000",16.0440120697021
"CB","2026-09-28T18:00:00.000000",16.0484943389893
"CB","2026-09-28T19:00:00.000000",16.0557918548584
"CB","2026-09-28T20:00:00.000000",16.0806140899658
"CB","2026-09-28T21:00:00.000000",16.1333847045898
"CB","2026-09-28T22:00:00.000000",16.1734046936035
"CB","2026-09-28T23:00:00.000000",16.1729927062988
"CB","2026-09-29T00:00:00.000000",16.146858215332
"CB","2026-09-29T01:00:00.000000",16.1022567749023
"CB","2026-09-29T02:00:00.000000",16.0901737213135
"CB","2026-09-29T03:00:00.000000",16.0796985626221
"CB","2026-09-29T04:00:00.000000",16.0675430297852
"CB","2026-09-29T05:00:00.000000",16.0569725036621
"CB","2026-09-29T06:00:00.000000",16.05810546875
"CB","2026-09-29T07:00:00.000000",16.0740604400635
"CB","2026-09-29T08:00:00.000000",16.101655960083
"CB","2026-09-29T09:00:00.000000",16.1178951263428
"CB","2026-09-29T10:00:00.000000",16.115306854248
"CB","2026-09-29T11:00:00.000000",16.0931434631348
"CB","2026-09-29T12:00:00.000000",16.086030960083
"CB","2026-09-29T13:00:00.000000",16.0663719177246
"CB","2026-09-29T14:00:00.000000",15.9961929321289
"CB","2026-09-29T15:00:00.000000",15.9586315155029
"CB","2026-09-29T16:00:00.000000",15.9071578979492
"CB","2026-09-29T17:00:00.000000",15.8719387054443
"CB","2026-09-29T18:00:00.000000",15.8924245834351
"CB","2026-09-29T19:00:00.000000",15.9094114303589
"CB","2026-09-29T20:00:00.000000",15.9213695526123
"CB","2026-09-29T21:00:00.000000",15.9207305908203
"CB","2026-09-29T22:00:00.000000",15.9127979278564
"CB","2026-09-29T23:00:00.000000",15.9020366668701
"CB","2026-09-30T00:00:00.000000",15.8970994949341
"CB","2026-09-30T01:00:00.000000",15.878475189209
"CB","2026-09-30T02:00:00.000000",15.8441848754883
"CB","2026-09-30T03:00:00.000000",15.8298311233521
"CB","2026-09-30T04:00:00.000000",15.8128519058228
"CB","2026-09-30T05:00:00.000000",15.8018379211426
"CB","2026-09-30T06:00:00.000000",15.7921285629272
"CB","2026-09-30T07:00:00.000000",15.7833852767944
"CB","2026-09-30T08:00:00.000000",15.7844352722168
"CB","2026-09-30T09:00:00.000000",15.7945356369019
"CB","2026-09-30T10:00:00.000000",15.8027839660645
"CB","2026-09-30T11:00:00.000000",15.8017950057983
"CB","2026-09-30T12:00:00.000000",15.8009080886841
"CB","2026-09-30T13:00:00.000000",15.7973175048828
"CB","2026-09-30T14:00:00.000000",15.7857236862183
"CB","2026-09-30T15:00:00.000000",15.7600831985474
"CB","2026-09-30T16:00:00.000000",15.7115240097046
"CB","2026-09-30T17:00:00.000000",15.5879640579224
"CB","2026-09-30T18:00:00.000000",15.5693130493164
"CB","2026-09-30T19:00:00.000000",15.549690246582
"CB","2026-09-30T20:00:00.000000",15.5374040603638
"CB","2026-09-30T21:00:00.000000",15.5323801040649
"CB","2026-09-30T22:00:00.000000",15.5351753234863
"CB","2026-09-30T23:00:00.000000",15.5462398529053
"CB","2026-10-01T00:00:00.000000",15.563102722168
"CB","2026-10-01T01:00:00.000000",15.583119392395
"CB","2026-10-01T02:00:00.000000",15.6018724441528
"CB","2026-10-01T03:00:00.000000",15.5874319076538
"CB","2026-10-01T04:00:00.000000",15.5343141555786
"CB","2026-10-01T05:00:00.000000",15.4715194702148
"CB","2026-10-01T06:00:00.000000",15.4094772338867
"CB","2026-10-01T07:00:00.000000",15.3555603027344
"CB","2026-10-01T08:00:00.000000",15.3193159103394
"CB","2026-10-01T09:00:00.000000",15.3027286529541
"CB","2026-10-01T10:00:00.000000",15.2975397109985
"CB","2026-10-01T11:00:00.000000",15.2973670959473
"CB","2026-10-01T12:00:00.000000",15.3000888824463
"CB","2026-10-01T13:00:00.000000",15.3130578994751
"CB","2026-10-01T14:00:00.000000",15.3330345153809
"CB","2026-10-01T15:00:00.000000",15.3511753082275
"CB","2026-10-01T16:00:00.000000",15.3694438934326
"CB","2026-10-01T17:00:00.000000",15.3737812042236
"CB","2026-10-01T18:00:00.000000",15.3490524291992
"CB","2026-10-01T19:00:00.000000",15.3260812759399
"CB","2026-10-01T20:00:00.000000",15.3071413040161
"CB","2026-10-01T21:00:00.000000",15.2961931228638
"CB","2026-10-01T22:00:00.000000",15.2913503646851
"CB","2026-10-01T23:00:00.000000",15.2900362014771
"CB","2026-10-02T00:00:00.000000",15.2955656051636
"CI","2026-09-24T00:00:00.000000",17.2741413116455
"CI","2026-09-24T01:00:00.000000",17.2577877044678
"CI","2026-09-24T02:00:00.000000",17.2500553131104
"CI","2026-09-24T03:00:00.000000",17.3619079589844
"CI","2026-09-24T04:00:00.000000",17.4064693450928
"CI","2026-09-24T05:00:00.000000",17.4244537353516
"CI","2026-09-24T06:00:00.000000",17.4315376281738
"CI","2026-09-24T07:00:00.000000",17.4311656951904
"CI","2026-09-24T08:00:00.000000",17.4213199615479
"CI","2026-09-24T09:00:00.000000",17.3951587677002
"CI","2026-09-24T10:00:00.000000",17.329532623291
"CI","2026-09-24T11:00:00.000000",17.2459182739258
"CI","2026-09-24T12:00:00.000000",17.1607131958008
"CI","2026-09-24T13:00:00.000000",17.0949764251709
"CI","2026-09-24T14:00:00.000000",17.0735836029053
"CI","2026-09-24T15:00:00.000000",17.146671295166
"CI","2026-09-24T16:00:00.000000",17.2344799041748
"CI","2026-09-24T17:00:00.000000",17.2808113098145
"CI","2026-09-24T18:00:00.000000",17.3005409240723
"CI","2026-09-24T19:00:00.000000",17.3084449768066
"CI","2026-09-24T20:00:00.000000",17.3104476928711
"CI","2026-09-24T21:00:00.000000",17.2994976043701
"CI","2026-09-24T22:00:00.000000",17.2403717041016
"CI","2026-09-24T23:00:00.000000",17.154956817627
"CI","2026-09-25T00:00:00.000000",17.0706024169922
"CI","2026-09-25T01:00:00.000000",17.0131492614746
"CI","2026-09-25T02:00:00.000000",16.9937782287598
"CI","2026-09-25T03:00:00.000000",17.0099411010742
"CI","2026-09-25T04:00:00.000000",17.1141376495361
"CI","2026-09-25T05:00:00.000000",17.1501483917236
"CI","2026-09-25T06:00:00.000000",17.1694812774658
"CI","2026-09-25T07:00:00.000000",17.1800842285156
"CI","2026-09-25T08:00:00.000000",17.1785774230957
"CI","2026-09-25T09:00:00.000000",17.1702175140381
"CI","2026-09-25T10:00:00.000000",17.1369476318359
"CI","2026-09-25T11:00:00.000000",17.0717487335205
"CI","2026-09-25T12:00:00.000000",16.9785289764404
"CI","2026-09-25T13:00:00.000000",16.8975372314453
"CI","2026-09-25T14:00:00.000000",16.8620529174805
"CI","2026-09-25T15:00:00.000000",16.8679332733154
"CI","2026-09-25T16:00:00.000000",16.9942970275879
"CI","2026-09-25T17:00:00.000000",17.0592498779297
"CI","2026-09-25T18:00:00.000000",17.0977687835693
"CI","2026-09-25T19:00:00.000000",17.1192932128906
"CI","2026-09-25T20:00:00.000000",17.1326293945312
"CI","2026-09-25T21:00:00.000000",17.1314010620117
"CI","2026-09-25T22:00:00.000000",17.110424041748
"CI","2026-09-25T23:00:00.000000",17.0478839874268
"CI","2026-09-26T00:00:00.000000",16.9605731964111
"CI","2026-09-26T01:00:00.000000",16.8979358673096
"CI","2026-09-26T02:00:00.000000",16.8671932220459
"CI","2026-09-26T03:00:00.000000",16.859884262085
"CI","2026-09-26T04:00:00.000000",16.9137783050537
"CI","2026-09-26T05:00:00.000000",16.9697875976562
"CI","2026-09-26T06:00:00.000000",17.0028839111328
"CI","2026-09-26T07:00:00.000000",17.0224571228027
"CI","2026-09-26T08:00:00.000000",17.0343532562256
"CI","2026-09-26T09:00:00.000000",17.0327758789062
"CI","2026-09-26T10:00:00.000000",17.0151634216309
"CI","2026-09-26T11:00:00.000000",16.9674015045166
"CI","2026-09-26T12:00:00.000000",16.9011554718018
"CI","2026-09-26T13:00:00.000000",16.8431739807129
"CI","2026-09-26T14:00:00.000000",16.80983543396
"CI","2026-09-26T15:00:00.000000",16.8049049377441
"CI","2026-09-26T16:00:00.000000",16.8387241363525
"CI","2026-09-26T17:00:00.000000",16.9164505004883
"CI","2026-09-26T18:00:00.000000",16.9546089172363
"CI","2026-09-26T19:00:00.000000",16.980827331543
"CI","2026-09-26T20:00:00.000000",16.9958248138428
"CI","2026-09-26T21:00:00.000000",16.9972286224365
"CI","2026-09-26T22:00:00.000000",16.9963798522949
"CI","2026-09-26T23:00:00.000000",16.9695281982422
"CI","2026-09-27T00:00:00.000000",16.9258270263672
"CI","2026-09-27T01:00:00.000000",16.8652763366699
"CI","2026-09-27T02:00:00.000000",16.836820602417
"CI","2026-09-27T03:00:00.000000",16.8293876647949
"CI","2026-09-27T04:00:00.000000",16.8308925628662
"CI","2026-09-27T05:00:00.000000",16.8473663330078
"CI","2026-09-27T06:00:00.000000",16.8484382629395
"CI","2026-09-27T07:00:00.000000",16.8387012481689
"CI","2026-09-27T08:00:00.000000",16.8273315429688
"CI","2026-09-27T09:00:00.000000",16.8178024291992
"CI","2026-09-27T10:00:00.000000",16.8235130310059
"CI","2026-09-27T11:00:00.000000",16.8111877441406
"CI","2026-09-27T12:00:00.000000",16.8119812011719
"CI","2026-09-27T13:00:00.000000",16.7918548583984
"CI","2026-09-27T14:00:00.000000",16.7757987976074
"CI","2026-09-27T15:00:00.000000",16.7691860198975
"CI","2026-09-27T16:00:00.000000",16.7681007385254
"CI","2026-09-27T17:00:00.000000",16.7789497375488
"CI","2026-09-27T18:00:00.000000",16.801607131958
"CI","2026-09-27T19:00:00.000000",16.8238162994385
"CI","2026-09-27T20:00:00.000000",16.8384799957275
"CI","2026-09-27T21:00:00.000000",16.833288192749
"CI","2026-09-27T22:00:00.000000",16.8312110900879
"CI","2026-09-27T23:00:00.000000",16.8199348449707
"CI","2026-09-28T00:00:00.000000",16.8256435394287
"CI","2026-09-28T01:00:00.000000",16.8137187957764
"CI","2026-09-28T02:00:00.000000",16.7897834777832
"CI","2026-09-28T03:00:00.000000",16.775032043457
"CI","2026-09-28T04:00:00.000000",16.7710666656494
"CI","2026-09-28T05:00:00.000000",16.7729625701904
"CI","2026-09-28T06:00:00.000000",16.7883529663086
"CI","2026-09-28T07:00:00.000000",16.8038940429688
"CI","2026-09-28T08:00:00.000000",16.8156394958496
"CI","2026-09-28T09:00:00.000000",16.8232975006104
"CI","2026-09-28T10:00:00.000000",16.822395324707
"CI","2026-09-28T11:00:00.000000",16.8151111602783
"CI","2026-09-28T12:00:00.000000",16.8132743835449
"CI","2026-09-28T13:00:00.000000",16.8104076385498
"CI","2026-09-28T14:00:00.000000",16.7984485626221
"CI","2026-09-28T15:00:00.000000",16.7955303192139
"CI","2026-09-28T16:00:00.000000",16.7978591918945
"CI","2026-09-28T17:00:00.000000",16.801155090332
"CI","2026-09-28T18:00:00.000000",16.8076286315918
"CI","2026-09-28T19:00:00.000000",16.8195915222168
"CI","2026-09-28T20:00:00.000000",16.8267707824707
"CI","2026-09-28T21:00:00.000000",16.8304557800293
"CI","2026-09-28T22:00:00.000000",16.826623916626
"CI","2026-09-28T23:00:00.000000",16.8198051452637
"CI","2026-09-29T00:00:00.000000",16.8223972320557
"CI","2026-09-29T01:00:00.000000",16.8273639678955
"CI","2026-09-29T02:00:00.000000",16.8249797821045
"CI","2026-09-29T03:00:00.000000",16.8197975158691
"CI","2026-09-29T04:00:00.000000",16.8146953582764
"CI","2026-09-29T05:00:00.000000",16.8124198913574
"CI","2026-09-29T06:00:00.000000",16.815502166748
"CI","2026-09-29T07:00:00.000000",16.8155193328857
"CI","2026-09-29T08:00:00.000000",16.819372177124
"CI","2026-09-29T09:00:00.000000",16.8207759857178
"CI","2026-09-29T10:00:00.000000",16.820198059082
"CI","2026-09-29T11:00:00.000000",16.8176879882812
"CI","2026-09-29T12:00:00.000000",16.8206176757812
"CI","2026-09-29T13:00:00.000000",16.8250503540039
"CI","2026-09-29T14:00:00.000000",16.8291664123535
"CI","2026-09-29T15:00:00.000000",16.825963973999
"CI","2026-09-29T16:00:00.000000",16.8236560821533
"CI","2026-09-29T17:00:00.000000",16.8290424346924
"CI","2026-09-29T18:00:00.000000",16.8369750976562
"CI","2026-09-29T19:00:00.000000",16.8507556915283
"CI","2026-09-29T20:00:00.000000",16.8559646606445
"CI","2026-09-29T21:00:00.000000",16.8554153442383
"CI","2026-09-29T22:00:00.000000",16.8541221618652
"CI","2026-09-29T23:00:00.000000",16.8461265563965
"CI","2026-09-30T00:00:00.000000",16.8336009979248
"CI","2026-09-30T01:00:00.000000",16.8533210754395
"CI","2026-09-30T02:00:00.000000",16.8582744598389
"CI","2026-09-30T03:00:00.000000",16.8235034942627
"CI","2026-09-30T04:00:00.000000",16.7835521697998
"CI","2026-09-30T05:00:00.000000",16.7554798126221
"CI","2026-09-30T06:00:00.000000",16.7532272338867
"CI","2026-09-30T07:00:00.000000",16.7882328033447
"CI","2026-09-30T08:00:00.000000",16.8239479064941
"CI","2026-09-30T09:00:00.000000",16.8385581970215
"CI","2026-09-30T10:00:00.000000",16.8442687988281
"CI","2026-09-30T11:00:00.000000",16.844654083252
"CI","2026-09-30T12:00:00.000000",16.8437461853027
"CI","2026-09-30T13:00:00.000000",16.8468418121338
"CI","2026-09-30T14:00:00.000000",16.8450527191162
"CI","2026-09-30T15:00:00.000000",16.804515838623
"CI","2026-09-30T16:00:00.000000",16.7568302154541
"CI","2026-09-30T17:00:00.000000",16.7351474761963
"CI","2026-09-30T18:00:00.000000",16.742280960083
"CI","2026-09-30T19:00:00.000000",16.7728786468506
"CI","2026-09-30T20:00:00.000000",16.8368072509766
"CI","2026-09-30T21:00:00.000000",16.8667793273926
"CI","2026-09-30T22:00:00.000000",16.8797168731689
"CI","2026-09-30T23:00:00.000000",16.8813171386719
"CI","2026-10-01T00:00:00.000000",16.875171661377
"CI","2026-10-01T01:00:00.000000",16.8720569610596
"CI","2026-10-01T02:00:00.000000",16.8770542144775
"CI","2026-10-01T03:00:00.000000",16.8708992004395
"CI","2026-10-01T04:00:00.000000",16.7976379394531
"CI","2026-10-01T05:00:00.000000",16.72141456604
"CI","2026-10-01T06:00:00.000000",16.6793251037598
"CI","2026-10-01T07:00:00.000000",16.6822738647461
"CI","2026-10-01T08:00:00.000000",16.7573089599609
"CI","2026-10-01T09:00:00.000000",16.8262805938721
"CI","2026-10-01T10:00:00.000000",16.8528652191162
"CI","2026-10-01T11:00:00.000000",16.8635005950928
"CI","2026-10-01T12:00:00.000000",16.8670883178711
"CI","2026-10-01T13:00:00.000000",16.8690185546875
"CI","2026-10-01T14:00:00.000000",16.8655281066895
"CI","2026-10-01T15:00:00.000000",16.847484588623
"CI","2026-10-01T16:00:00.000000",16.758602142334
"CI","2026-10-01T17:00:00.000000",16.6912002563477
"CI","2026-10-01T18:00:00.000000",16.6794300079346
"CI","2026-10-01T19:00:00.000000",16.6981868743896
"CI","2026-10-01T20:00:00.000000",16.7659091949463
"CI","2026-10-01T21:00:00.000000",16.8424453735352
"CI","2026-10-01T22:00:00.000000",16.8838520050049
"CI","2026-10-01T23:00:00.000000",16.9038791656494
"CI","2026-10-02T00:00:00.000000",16.9132022857666
"DC","2026-09-24T00:00:00.000000",16.3357963562012
"DC","2026-09-24T01:00:00.000000",16.3111209869385
"DC","2026-09-24T02:00:00.000000",16.3024101257324
"DC","2026-09-24T03:00:00.000000",16.3050136566162
"DC","2026-09-24T04:00:00.000000",16.30930519104
"DC","2026-09-24T05:00:00.000000",16.3136806488037
"DC","2026-09-24T06:00:00.000000",16.3162269592285
"DC","2026-09-24T07:00:00.000000",16.3204193115234
"DC","2026-09-24T08:00:00.000000",16.3305511474609
"DC","2026-09-24T09:00:00.000000",16.3393478393555
"DC","2026-09-24T10:00:00.000000",16.3390102386475
"DC","2026-09-24T11:00:00.000000",16.3317184448242
"DC","2026-09-24T12:00:00.000000",16.3239421844482
"DC","2026-09-24T13:00:00.000000",16.3198165893555
"DC","2026-09-24T14:00:00.000000",16.3219528198242
"DC","2026-09-24T15:00:00.000000",16.3306732177734
"DC","2026-09-24T16:00:00.000000",16.3437995910645
"DC","2026-09-24T17:00:00.000000",16.3579883575439
"DC","2026-09-24T18:00:00.000000",16.371301651001
"DC","2026-09-24T19:00:00.000000",16.3823375701904
"DC","2026-09-24T20:00:00.000000",16.3963527679443
"DC","2026-09-24T21:00:00.000000",16.41845703125
"DC","2026-09-24T22:00:00.000000",16.442066192627
"DC","2026-09-24T23:00:00.000000",16.4571628570557
"DC","2026-09-25T00:00:00.000000",16.4600410461426
"DC","2026-09-25T01:00:00.000000",16.4595603942871
"DC","2026-09-25T02:00:00.000000",16.4557285308838
"DC","2026-09-25T03:00:00.000000",16.450122833252
"DC","2026-09-25T04:00:00.000000",16.4435195922852
"DC","2026-09-25T05:00:00.000000",16.4380569458008
"DC","2026-09-25T06:00:00.000000",16.4292945861816
"DC","2026-09-25T07:00:00.000000",16.4180908203125
"DC","2026-09-25T08:00:00.000000",16.4108505249023
"DC","2026-09-25T09:00:00.000000",16.4082069396973
"DC","2026-09-25T10:00:00.000000",16.404468536377
"DC","2026-09-25T11:00:00.000000",16.3967552185059
"DC","2026-09-25T12:00:00.000000",16.3889961242676
"DC","2026-09-25T13:00:00.000000",16.3836650848389
"DC","2026-09-25T14:00:00.000000",16.3838596343994
"DC","2026-09-25T15:00:00.000000",16.3897609710693
"DC","2026-09-25T16:00:00.000000",16.398286819458
"DC","2026-09-25T17:00:00.000000",16.4083232879639
"DC","2026-09-25T18:00:00.000000",16.417085647583
"DC","2026-09-25T19:00:00.000000",16.422342300415
"DC","2026-09-25T20:00:00.000000",16.4268665313721
"DC","2026-09-25T21:00:00.000000",16.4318466186523
"DC","2026-09-25T22:00:00.000000",16.4450492858887
"DC","2026-09-25T23:00:00.000000",16.457820892334
"DC","2026-09-26T00:00:00.000000",16.4578762054443
"DC","2026-09-26T01:00:00.000000",16.4537982940674
"DC","2026-09-26T02:00:00.000000",16.442024230957
"DC","2026-09-26T03:00:00.000000",16.4293727874756
"DC","2026-09-26T04:00:00.000000",16.4234771728516
"DC","2026-09-26T05:00:00.000000",16.4288330078125
"DC","2026-09-26T06:00:00.000000",16.4290161132812
"DC","2026-09-26T07:00:00.000000",16.4196376800537
"DC","2026-09-26T08:00:00.000000",16.4078178405762
"DC","2026-09-26T09:00:00.000000",16.4053249359131
"DC","2026-09-26T10:00:00.000000",16.3985652923584
"DC","2026-09-26T11:00:00.000000",16.3748989105225
"DC","2026-09-26T12:00:00.000000",16.349214553833
"DC","2026-09-26T13:00:00.000000",16.3253002166748
"DC","2026-09-26T14:00:00.000000",16.3141441345215
"DC","2026-09-26T15:00:00.000000",16.3197536468506
"DC","2026-09-26T16:00:00.000000",16.3411273956299
"DC","2026-09-26T17:00:00.000000",16.3705062866211
"DC","2026-09-26T18:00:00.000000",16.3915100097656
"DC","2026-09-26T19:00:00.000000",16.4093189239502
"DC","2026-09-26T20:00:00.000000",16.4194755554199
"DC","2026-09-26T21:00:00.000000",16.4233455657959
"DC","2026-09-26T22:00:00.000000",16.4245929718018
"DC","2026-09-26T23:00:00.000000",16.4259052276611
"DC","2026-09-27T00:00:00.000000",16.4240474700928
"DC","2026-09-27T01:00:00.000000",16.3581619262695
"DC","2026-09-27T02:00:00.000000",16.3428745269775
"DC","2026-09-27T03:00:00.000000",16.3270587921143
"DC","2026-09-27T04:00:00.000000",16.3191547393799
"DC","2026-09-27T05:00:00.000000",16.3253917694092
"DC","2026-09-27T06:00:00.000000",16.3167591094971
"DC","2026-09-27T07:00:00.000000",16.3103332519531
"DC","2026-09-27T08:00:00.000000",16.2873859405518
"DC","2026-09-27T09:00:00.000000",16.2601337432861
"DC","2026-09-27T10:00:00.000000",16.2518215179443
"DC","2026-09-27T11:00:00.000000",16.2373600006104
"DC","2026-09-27T12:00:00.000000",16.2202129364014
"DC","2026-09-27T13:00:00.000000",16.1984901428223
"DC","2026-09-27T14:00:00.000000",16.1733150482178
"DC","2026-09-27T15:00:00.000000",16.1585426330566
"DC","2026-09-27T16:00:00.000000",16.1390171051025
"DC","2026-09-27T17:00:00.000000",16.1196422576904
"DC","2026-09-27T18:00:00.000000",16.1153049468994
"DC","2026-09-27T19:00:00.000000",16.116849899292
"DC","2026-09-27T20:00:00.000000",16.1172294616699
"DC","2026-09-27T21:00:00.000000",16.1130886077881
"DC","2026-09-27T22:00:00.000000",16.1092567443848
"DC","2026-09-27T23:00:00.000000",16.0981731414795
"DC","2026-09-28T00:00:00.000000",16.0728206634521
"DC","2026-09-28T01:00:00.000000",16.0435333251953
"DC","2026-09-28T02:00:00.000000",16.0147609710693
"DC","2026-09-28T03:00:00.000000",15.9872570037842
"DC","2026-09-28T04:00:00.000000",15.9695835113525
"DC","2026-09-28T05:00:00.000000",15.9636268615723
"DC","2026-09-28T06:00:00.000000",15.9722232818604
"DC","2026-09-28T07:00:00.000000",15.9907341003418
"DC","2026-09-28T08:00:00.000000",16.0078411102295
"DC","2026-09-28T09:00:00.000000",16.0168228149414
"DC","2026-09-28T10:00:00.000000",16.0190582275391
"DC","2026-09-28T11:00:00.000000",16.0236377716064
"DC","2026-09-28T12:00:00.000000",16.0276298522949
"DC","2026-09-28T13:00:00.000000",16.0297412872314
"DC","2026-09-28T14:00:00.000000",16.0323123931885
"DC","2026-09-28T15:00:00.000000",16.0355110168457
"DC","2026-09-28T16:00:00.000000",16.0391426086426
"DC","2026-09-28T17:00:00.000000",16.0429420471191
"DC","2026-09-28T18:00:00.000000",16.0471515655518
"DC","2026-09-28T19:00:00.000000",16.0481719970703
"DC","2026-09-28T20:00:00.000000",16.0468215942383
"DC","2026-09-28T21:00:00.000000",16.050708770752
"DC","2026-09-28T22:00:00.000000",16.0646781921387
"DC","2026-09-28T23:00:00.000000",16.0704746246338
"DC","2026-09-29T00:00:00.000000",16.0035877227783
"DC","2026-09-29T01:00:00.000000",15.9331130981445
"DC","2026-09-29T02:00:00.000000",15.8923015594482
"DC","2026-09-29T03:00:00.000000",15.864483833313
"DC","2026-09-29T04:00:00.000000",15.8471126556396
"DC","2026-09-29T05:00:00.000000",15.8685636520386
"DC","2026-09-29T06:00:00.000000",15.9031744003296
"DC","2026-09-29T07:00:00.000000",15.9168014526367
"DC","2026-09-29T08:00:00.000000",15.9323196411133
"DC","2026-09-29T09:00:00.000000",15.9649229049683
"DC","2026-09-29T10:00:00.000000",15.9807682037354
"DC","2026-09-29T11:00:00.000000",15.9770154953003
"DC","2026-09-29T12:00:00.000000",15.7902755737305
"DC","2026-09-29T13:00:00.000000",15.5005083084106
"DC","2026-09-29T14:00:00.000000",15.5158319473267
"DC","2026-09-29T15:00:00.000000",15.5843553543091
"DC","2026-09-29T16:00:00.000000",15.7003498077393
"DC","2026-09-29T17:00:00.000000",15.7242155075073
"DC","2026-09-29T18:00:00.000000",15.6473531723022
"DC","2026-09-29T19:00:00.000000",15.6282567977905
"DC","2026-09-29T20:00:00.000000",15.6368951797485
"DC","2026-09-29T21:00:00.000000",15.650731086731
"DC","2026-09-29T22:00:00.000000",15.6570434570312
"DC","2026-09-29T23:00:00.000000",15.6622791290283
"DC","2026-09-30T00:00:00.000000",15.6322193145752
"DC","2026-09-30T01:00:00.000000",15.5802488327026
"DC","2026-09-30T02:00:00.000000",15.5893507003784
"DC","2026-09-30T03:00:00.000000",15.6209716796875
"DC","2026-09-30T04:00:00.000000",15.6179809570312
"DC","2026-09-30T05:00:00.000000",15.6137456893921
"DC","2026-09-30T06:00:00.000000",15.6132001876831
"DC","2026-09-30T07:00:00.000000",15.6303129196167
"DC","2026-09-30T08:00:00.000000",15.6711368560791
"DC","2026-09-30T09:00:00.000000",15.641773223877
"DC","2026-09-30T10:00:00.000000",15.6238956451416
"DC","2026-09-30T11:00:00.000000",15.6261520385742
"DC","2026-09-30T12:00:00.000000",15.5962743759155
"DC","2026-09-30T13:00:00.000000",15.4875345230103
"DC","2026-09-30T14:00:00.000000",15.459864616394
"DC","2026-09-30T15:00:00.000000",15.4655094146729
"DC","2026-09-30T16:00:00.000000",15.4420976638794
"DC","2026-09-30T17:00:00.000000",15.4127035140991
"DC","2026-09-30T18:00:00.000000",15.4013748168945
"DC","2026-09-30T19:00:00.000000",15.4083280563354
"DC","2026-09-30T20:00:00.000000",15.4266567230225
"DC","2026-09-30T21:00:00.000000",15.4609661102295
"DC","2026-09-30T22:00:00.000000",15.5524187088013
"DC","2026-09-30T23:00:00.000000",15.5800380706787
"DC","2026-10-01T00:00:00.000000",15.5912704467773
"DC","2026-10-01T01:00:00.000000",15.5239791870117
"DC","2026-10-01T02:00:00.000000",15.4436149597168
"DC","2026-10-01T03:00:00.000000",15.3800458908081
"DC","2026-10-01T04:00:00.000000",15.3110723495483
"DC","2026-10-01T05:00:00.000000",15.2509689331055
"DC","2026-10-01T06:00:00.000000",15.2087287902832
"DC","2026-10-01T07:00:00.000000",15.1953811645508
"DC","2026-10-01T08:00:00.000000",15.2031698226929
"DC","2026-10-01T09:00:00.000000",15.2263307571411
"DC","2026-10-01T10:00:00.000000",15.2668657302856
"DC","2026-10-01T11:00:00.000000",15.3530530929565
"DC","2026-10-01T12:00:00.000000",15.4267358779907
"DC","2026-10-01T13:00:00.000000",15.4613819122314
"DC","2026-10-01T14:00:00.000000",15.4050188064575
"DC","2026-10-01T15:00:00.000000",15.3366994857788
"DC","2026-10-01T16:00:00.000000",15.2660179138184
"DC","2026-10-01T17:00:00.000000",15.2258958816528
"DC","2026-10-01T18:00:00.000000",15.207573890686
"DC","2026-10-01T19:00:00.000000",15.1981382369995
"DC","2026-10-01T20:00:00.000000",15.2007427215576
"DC","2026-10-01T21:00:00.000000",15.2124910354614
"DC","2026-10-01T22:00:00.000000",15.2355012893677
"DC","2026-10-01T23:00:00.000000",15.2984189987183
"DC","2026-10-02T00:00:00.000000",15.3332090377808
"LH","2026-09-24T00:00:00.000000",16.8135890960693
"LH","2026-09-24T01:00:00.000000",16.799201965332
"LH","2026-09-24T02:00:00.000000",16.7932014465332
"LH","2026-09-24T03:00:00.000000",16.7933101654053
"LH","2026-09-24T04:00:00.000000",16.8040504455566
"LH","2026-09-24T05:00:00.000000",16.8237705230713
"LH","2026-09-24T06:00:00.000000",16.8475208282471
"LH","2026-09-24T07:00:00.000000",16.8612003326416
"LH","2026-09-24T08:00:00.000000",16.860860824585
"LH","2026-09-24T09:00:00.000000",16.8472671508789
"LH","2026-09-24T10:00:00.000000",16.8107414245605
"LH","2026-09-24T11:00:00.000000",16.7762470245361
"LH","2026-09-24T12:00:00.000000",16.7489376068115
"LH","2026-09-24T13:00:00.000000",16.7249546051025
"LH","2026-09-24T14:00:00.000000",16.7089328765869
"LH","2026-09-24T15:00:00.000000",16.7077713012695
"LH","2026-09-24T16:00:00.000000",16.7248344421387
"LH","2026-09-24T17:00:00.000000",16.7656097412109
"LH","2026-09-24T18:00:00.000000",16.8077602386475
"LH","2026-09-24T19:00:00.000000",16.8352355957031
"LH","2026-09-24T20:00:00.000000",16.8483715057373
"LH","2026-09-24T21:00:00.000000",16.8430633544922
"LH","2026-09-24T22:00:00.000000",16.8108692169189
"LH","2026-09-24T23:00:00.000000",16.7658138275146
"LH","2026-09-25T00:00:00.000000",16.7253913879395
"LH","2026-09-25T01:00:00.000000",16.6949348449707
"LH","2026-09-25T02:00:00.000000",16.6824150085449
"LH","2026-09-25T03:00:00.000000",16.6799488067627
"LH","2026-09-25T04:00:00.000000",16.6843738555908
"LH","2026-09-25T05:00:00.000000",16.7032451629639
"LH","2026-09-25T06:00:00.000000",16.7401695251465
"LH","2026-09-25T07:00:00.000000",16.7625770568848
"LH","2026-09-25T08:00:00.000000",16.7709674835205
"LH","2026-09-25T09:00:00.000000",16.766242980957
"LH","2026-09-25T10:00:00.000000",16.7388801574707
"LH","2026-09-25T11:00:00.000000",16.6922378540039
"LH","2026-09-25T12:00:00.000000",16.6534729003906
"LH","2026-09-25T13:00:00.000000",16.6265525817871
"LH","2026-09-25T14:00:00.000000",16.612024307251
"LH","2026-09-25T15:00:00.000000",16.6078777313232
"LH","2026-09-25T16:00:00.000000",16.6131572723389
"LH","2026-09-25T17:00:00.000000",16.6430702209473
"LH","2026-09-25T18:00:00.000000",16.6900177001953
"LH","2026-09-25T19:00:00.000000",16.7360534667969
"LH","2026-09-25T20:00:00.000000",16.7622909545898
"LH","2026-09-25T21:00:00.000000",16.7645378112793
"LH","2026-09-25T22:00:00.000000",16.7506904602051
"LH","2026-09-25T23:00:00.000000",16.7101821899414
"LH","2026-09-26T00:00:00.000000",16.6683120727539
"LH","2026-09-26T01:00:00.000000",16.6384468078613
"LH","2026-09-26T02:00:00.000000",16.6204662322998
"LH","2026-09-26T03:00:00.000000",16.6134300231934
"LH","2026-09-26T04:00:00.000000",16.6153869628906
"LH","2026-09-26T05:00:00.000000",16.6261787414551
"LH","2026-09-26T06:00:00.000000",16.6509494781494
"LH","2026-09-26T07:00:00.000000",16.6818618774414
"LH","2026-09-26T08:00:00.000000",16.7024593353271
"LH","2026-09-26T09:00:00.000000",16.7057647705078
"LH","2026-09-26T10:00:00.000000",16.6960315704346
"LH","2026-09-26T11:00:00.000000",16.6653957366943
"LH","2026-09-26T12:00:00.000000",16.6244812011719
"LH","2026-09-26T13:00:00.000000",16.5996055603027
"LH","2026-09-26T14:00:00.000000",16.5857219696045
"LH","2026-09-26T15:00:00.000000",16.5816955566406
"LH","2026-09-26T16:00:00.000000",16.583459854126
"LH","2026-09-26T17:00:00.000000",16.5951538085938
"LH","2026-09-26T18:00:00.000000",16.64280128479
"LH","2026-09-26T19:00:00.000000",16.6929779052734
"LH","2026-09-26T20:00:00.000000",16.7277851104736
"LH","2026-09-26T21:00:00.000000",16.7444438934326
"LH","2026-09-26T22:00:00.000000",16.7436103820801
"LH","2026-09-26T23:00:00.000000",16.7237854003906
"LH","2026-09-27T00:00:00.000000",16.6865940093994
"LH","2026-09-27T01:00:00.000000",16.6512908935547
"LH","2026-09-27T02:00:00.000000",16.622501373291
"LH","2026-09-27T03:00:00.000000",16.6065616607666
"LH","2026-09-27T04:00:00.000000",16.5949802398682
"LH","2026-09-27T05:00:00.000000",16.5967178344727
"LH","2026-09-27T06:00:00.000000",16.5883560180664
"LH","2026-09-27T07:00:00.000000",16.5783367156982
"LH","2026-09-27T08:00:00.000000",16.5576400756836
"LH","2026-09-27T09:00:00.000000",16.5322170257568
"LH","2026-09-27T10:00:00.000000",16.4657363891602
"LH","2026-09-27T11:00:00.000000",16.3732929229736
"LH","2026-09-27T12:00:00.000000",16.3303375244141
"LH","2026-09-27T13:00:00.000000",16.3579540252686
"LH","2026-09-27T14:00:00.000000",16.38916015625
"LH","2026-09-27T15:00:00.000000",16.4002380371094
"LH","2026-09-27T16:00:00.000000",16.4030609130859
"LH","2026-09-27T17:00:00.000000",16.3972682952881
"LH","2026-09-27T18:00:00.000000",16.3584079742432
"LH","2026-09-27T19:00:00.000000",16.3216361999512
"LH","2026-09-27T20:00:00.000000",16.27783203125
"LH","2026-09-27T21:00:00.000000",16.2229614257812
"LH","2026-09-27T22:00:00.000000",16.201488494873
"LH","2026-09-27T23:00:00.000000",16.1767349243164
"LH","2026-09-28T00:00:00.000000",16.2173500061035
"LH","2026-09-28T01:00:00.000000",16.3138122558594
"LH","2026-09-28T02:00:00.000000",16.3559322357178
"LH","2026-09-28T03:00:00.000000",16.3820762634277
"LH","2026-09-28T04:00:00.000000",16.3902492523193
"LH","2026-09-28T05:00:00.000000",16.386869430542
"LH","2026-09-28T06:00:00.000000",16.3786506652832
"LH","2026-09-28T07:00:00.000000",16.3547306060791
"LH","2026-09-28T08:00:00.000000",16.3297176361084
"LH","2026-09-28T09:00:00.000000",16.310417175293
"LH","2026-09-28T10:00:00.000000",16.2937355041504
"LH","2026-09-28T11:00:00.000000",16.2740612030029
"LH","2026-09-28T12:00:00.000000",16.2374114990234
"LH","2026-09-28T13:00:00.000000",16.2598361968994
"LH","2026-09-28T14:00:00.000000",16.3148498535156
"LH","2026-09-28T15:00:00.000000",16.3463611602783
"LH","2026-09-28T16:00:00.000000",16.3553371429443
"LH","2026-09-28T17:00:00.000000",16.3558044433594
"LH","2026-09-28T18:00:00.000000",16.3539905548096
"LH","2026-09-28T19:00:00.000000",16.3459529876709
"LH","2026-09-28T20:00:00.000000",16.3345794677734
"LH","2026-09-28T21:00:00.000000",16.301513671875
"LH","2026-09-28T22:00:00.000000",16.2467002868652
"LH","2026-09-28T23:00:00.000000",16.2465190887451
"LH","2026-09-29T00:00:00.000000",16.2508926391602
"LH","2026-09-29T01:00:00.000000",16.2658729553223
"LH","2026-09-29T02:00:00.000000",16.2997207641602
"LH","2026-09-29T03:00:00.000000",16.3267059326172
"LH","2026-09-29T04:00:00.000000",16.3395290374756
"LH","2026-09-29T05:00:00.000000",16.3455467224121
"LH","2026-09-29T06:00:00.000000",16.3484802246094
"LH","2026-09-29T07:00:00.000000",16.3467273712158
"LH","2026-09-29T08:00:00.000000",16.3411846160889
"LH","2026-09-29T09:00:00.000000",16.3355560302734
"LH","2026-09-29T10:00:00.000000",16.3136558532715
"LH","2026-09-29T11:00:00.000000",16.3124294281006
"LH","2026-09-29T12:00:00.000000",16.3112468719482
"LH","2026-09-29T13:00:00.000000",16.3175716400146
"LH","2026-09-29T14:00:00.000000",16.3326244354248
"LH","2026-09-29T15:00:00.000000",16.3415107727051
"LH","2026-09-29T16:00:00.000000",16.3462543487549
"LH","2026-09-29T17:00:00.000000",16.3482685089111
"LH","2026-09-29T18:00:00.000000",16.3493976593018
"LH","2026-09-29T19:00:00.000000",16.3491115570068
"LH","2026-09-29T20:00:00.000000",16.3436584472656
"LH","2026-09-29T21:00:00.000000",16.3343486785889
"LH","2026-09-29T22:00:00.000000",16.3076343536377
"LH","2026-09-29T23:00:00.000000",16.256160736084
"LH","2026-09-30T00:00:00.000000",16.2687282562256
"LH","2026-09-30T01:00:00.000000",16.2970752716064
"LH","2026-09-30T02:00:00.000000",16.3133983612061
"LH","2026-09-30T03:00:00.000000",16.3211002349854
"LH","2026-09-30T04:00:00.000000",16.3240127563477
"LH","2026-09-30T05:00:00.000000",16.3247299194336
"LH","2026-09-30T06:00:00.000000",16.3253993988037
"LH","2026-09-30T07:00:00.000000",16.3257999420166
"LH","2026-09-30T08:00:00.000000",16.3244018554688
"LH","2026-09-30T09:00:00.000000",16.3218250274658
"LH","2026-09-30T10:00:00.000000",16.3136043548584
"LH","2026-09-30T11:00:00.000000",16.2908363342285
"LH","2026-09-30T12:00:00.000000",16.2940807342529
"LH","2026-09-30T13:00:00.000000",16.3036308288574
"LH","2026-09-30T14:00:00.000000",16.3097896575928
"LH","2026-09-30T15:00:00.000000",16.3138675689697
"LH","2026-09-30T16:00:00.000000",16.3194446563721
"LH","2026-09-30T17:00:00.000000",16.3236598968506
"LH","2026-09-30T18:00:00.000000",16.3256130218506
"LH","2026-09-30T19:00:00.000000",16.3273811340332
"LH","2026-09-30T20:00:00.000000",16.3290500640869
"LH","2026-09-30T21:00:00.000000",16.3290119171143
"LH","2026-09-30T22:00:00.000000",16.325325012207
"LH","2026-09-30T23:00:00.000000",16.278076171875
"LH","2026-10-01T00:00:00.000000",16.2198352813721
"LH","2026-10-01T01:00:00.000000",16.2377128601074
"LH","2026-10-01T02:00:00.000000",16.2811126708984
"LH","2026-10-01T03:00:00.000000",16.2989730834961
"LH","2026-10-01T04:00:00.000000",16.310977935791
"LH","2026-10-01T05:00:00.000000",16.3135051727295
"LH","2026-10-01T06:00:00.000000",16.313533782959
"LH","2026-10-01T07:00:00.000000",16.3134899139404
"LH","2026-10-01T08:00:00.000000",16.3130931854248
"LH","2026-10-01T09:00:00.000000",16.3120346069336
"LH","2026-10-01T10:00:00.000000",16.309513092041
"LH","2026-10-01T11:00:00.000000",16.298828125
"LH","2026-10-01T12:00:00.000000",16.2776126861572
"LH","2026-10-01T13:00:00.000000",16.2833213806152
"LH","2026-10-01T14:00:00.000000",16.2952423095703
"LH","2026-10-01T15:00:00.000000",16.3028564453125
"LH","2026-10-01T16:00:00.000000",16.3061790466309
"LH","2026-10-01T17:00:00.000000",16.3128643035889
"LH","2026-10-01T18:00:00.000000",16.3185157775879
"LH","2026-10-01T19:00:00.000000",16.3200359344482
"LH","2026-10-01T20:00:00.000000",16.3197078704834
"LH","2026-10-01T21:00:00.000000",16.3201866149902
"LH","2026-10-01T22:00:00.000000",16.3218402862549
"LH","2026-10-01T23:00:00.000000",16.3175315856934
"LH","2026-10-02T00:00:00.000000",16.2654991149902
"NB","2026-09-24T00:00:00.000000",15.863356590271
"NB","2026-09-24T01:00:00.000000",15.8648099899292
"NB","2026-09-24T02:00:00.000000",15.8659601211548
"NB","2026-09-24T03:00:00.000000",15.8677358627319
"NB","2026-09-24T04:00:00.000000",15.8696956634521
"NB","2026-09-24T05:00:00.000000",15.8714246749878
"NB","2026-09-24T06:00:00.000000",15.8729248046875
"NB","2026-09-24T07:00:00.000000",15.8752212524414
"NB","2026-09-24T08:00:00.000000",15.8789596557617
"NB","2026-09-24T09:00:00.000000",15.8827657699585
"NB","2026-09-24T10:00:00.000000",15.885687828064
"NB","2026-09-24T11:00:00.000000",15.8869543075562
"NB","2026-09-24T12:00:00.000000",15.8876085281372
"NB","2026-09-24T13:00:00.000000",15.8882703781128
"NB","2026-09-24T14:00:00.000000",15.8892107009888
"NB","2026-09-24T15:00:00.000000",15.8891172409058
"NB","2026-09-24T16:00:00.000000",15.8883762359619
"NB","2026-09-24T17:00:00.000000",15.8879194259644
"NB","2026-09-24T18:00:00.000000",15.8891820907593
"NB","2026-09-24T19:00:00.000000",15.8928203582764
"NB","2026-09-24T20:00:00.000000",15.8976068496704
"NB","2026-09-24T21:00:00.000000",15.9011135101318
"NB","2026-09-24T22:00:00.000000",15.9013004302979
"NB","2026-09-24T23:00:00.000000",15.8975267410278
"NB","2026-09-25T00:00:00.000000",15.8918752670288
"NB","2026-09-25T01:00:00.000000",15.8861360549927
"NB","2026-09-25T02:00:00.000000",15.8823347091675
"NB","2026-09-25T03:00:00.000000",15.8807163238525
"NB","2026-09-25T04:00:00.000000",15.8811817169189
"NB","2026-09-25T05:00:00.000000",15.8832340240479
"NB","2026-09-25T06:00:00.000000",15.8856735229492
"NB","2026-09-25T07:00:00.000000",15.8877077102661
"NB","2026-09-25T08:00:00.000000",15.888219833374
"NB","2026-09-25T09:00:00.000000",15.8862447738647
"NB","2026-09-25T10:00:00.000000",15.8823909759521
"NB","2026-09-25T11:00:00.000000",15.8780860900879
"NB","2026-09-25T12:00:00.000000",15.8746747970581
"NB","2026-09-25T13:00:00.000000",15.8693895339966
"NB","2026-09-25T14:00:00.000000",15.8608646392822
"NB","2026-09-25T15:00:00.000000",15.8516674041748
"NB","2026-09-25T16:00:00.000000",15.8441915512085
"NB","2026-09-25T17:00:00.000000",15.8380823135376
"NB","2026-09-25T18:00:00.000000",15.8338775634766
"NB","2026-09-25T19:00:00.000000",15.8324527740479
"NB","2026-09-25T20:00:00.000000",15.8335247039795
"NB","2026-09-25T21:00:00.000000",15.8395414352417
"NB","2026-09-25T22:00:00.000000",15.8461265563965
"NB","2026-09-25T23:00:00.000000",15.8452854156494
"NB","2026-09-26T00:00:00.000000",15.8381271362305
"NB","2026-09-26T01:00:00.000000",15.8285970687866
"NB","2026-09-26T02:00:00.000000",15.8199329376221
"NB","2026-09-26T03:00:00.000000",15.8138647079468
"NB","2026-09-26T04:00:00.000000",15.8108158111572
"NB","2026-09-26T05:00:00.000000",15.8091592788696
"NB","2026-09-26T06:00:00.000000",15.807318687439
"NB","2026-09-26T07:00:00.000000",15.805567741394
"NB","2026-09-26T08:00:00.000000",15.8057470321655
"NB","2026-09-26T09:00:00.000000",15.8064804077148
"NB","2026-09-26T10:00:00.000000",15.8069047927856
"NB","2026-09-26T11:00:00.000000",15.8058786392212
"NB","2026-09-26T12:00:00.000000",15.803991317749
"NB","2026-09-26T13:00:00.000000",15.802020072937
"NB","2026-09-26T14:00:00.000000",15.8006935119629
"NB","2026-09-26T15:00:00.000000",15.8030862808228
"NB","2026-09-26T16:00:00.000000",15.8111724853516
"NB","2026-09-26T17:00:00.000000",15.8231029510498
"NB","2026-09-26T18:00:00.000000",15.8342475891113
"NB","2026-09-26T19:00:00.000000",15.8399152755737
"NB","2026-09-26T20:00:00.000000",15.8419332504272
"NB","2026-09-26T21:00:00.000000",15.8398313522339
"NB","2026-09-26T22:00:00.000000",15.8362302780151
"NB","2026-09-26T23:00:00.000000",15.8334255218506
"NB","2026-09-27T00:00:00.000000",15.8320016860962
"NB","2026-09-27T01:00:00.000000",15.8319826126099
"NB","2026-09-27T02:00:00.000000",15.8282279968262
"NB","2026-09-27T03:00:00.000000",15.8217658996582
"NB","2026-09-27T04:00:00.000000",15.8169765472412
"NB","2026-09-27T05:00:00.000000",15.8216800689697
"NB","2026-09-27T06:00:00.000000",15.8217144012451
"NB","2026-09-27T07:00:00.000000",15.8197040557861
"NB","2026-09-27T08:00:00.000000",15.8147983551025
"NB","2026-09-27T09:00:00.000000",15.8112640380859
"NB","2026-09-27T10:00:00.000000",15.8076181411743
"NB","2026-09-27T11:00:00.000000",15.802698135376
"NB","2026-09-27T12:00:00.000000",15.798412322998
"NB","2026-09-27T13:00:00.000000",15.7974786758423
"NB","2026-09-27T14:00:00.000000",15.796703338623
"NB","2026-09-27T15:00:00.000000",15.7951698303223
"NB","2026-09-27T16:00:00.000000",15.7936573028564
"NB","2026-09-27T17:00:00.000000",15.7928047180176
"NB","2026-09-27T18:00:00.000000",15.7928199768066
"NB","2026-09-27T19:00:00.000000",15.7924098968506
"NB","2026-09-27T20:00:00.000000",15.7911691665649
"NB","2026-09-27T21:00:00.000000",15.7898206710815
"NB","2026-09-27T22:00:00.000000",15.7888383865356
"NB","2026-09-27T23:00:00.000000",15.7889165878296
"NB","2026-09-28T00:00:00.000000",15.7877502441406
"NB","2026-09-28T01:00:00.000000",15.7843179702759
"NB","2026-09-28T02:00:00.000000",15.7795314788818
"NB","2026-09-28T03:00:00.000000",15.7751779556274
"NB","2026-09-28T04:00:00.000000",15.7709884643555
"NB","2026-09-28T05:00:00.000000",15.767201423645
"NB","2026-09-28T06:00:00.000000",15.7636222839355
"NB","2026-09-28T07:00:00.000000",15.7603549957275
"NB","2026-09-28T08:00:00.000000",15.759521484375
"NB","2026-09-28T09:00:00.000000",15.7612161636353
"NB","2026-09-28T10:00:00.000000",15.7674617767334
"NB","2026-09-28T11:00:00.000000",15.7681560516357
"NB","2026-09-28T12:00:00.000000",15.7686052322388
"NB","2026-09-28T13:00:00.000000",15.7679920196533
"NB","2026-09-28T14:00:00.000000",15.7659749984741
"NB","2026-09-28T15:00:00.000000",15.7641153335571
"NB","2026-09-28T16:00:00.000000",15.7627058029175
"NB","2026-09-28T17:00:00.000000",15.7617235183716
"NB","2026-09-28T18:00:00.000000",15.7604370117188
"NB","2026-09-28T19:00:00.000000",15.7590847015381
"NB","2026-09-28T20:00:00.000000",15.7614107131958
"NB","2026-09-28T21:00:00.000000",15.7671031951904
"NB","2026-09-28T22:00:00.000000",15.7678852081299
"NB","2026-09-28T23:00:00.000000",15.7679958343506
"NB","2026-09-29T00:00:00.000000",15.7680110931396
"NB","2026-09-29T01:00:00.000000",15.7677555084229
"NB","2026-09-29T02:00:00.000000",15.7662506103516
"NB","2026-09-29T03:00:00.000000",15.7651996612549
"NB","2026-09-29T04:00:00.000000",15.7649774551392
"NB","2026-09-29T05:00:00.000000",15.7647571563721
"NB","2026-09-29T06:00:00.000000",15.7635707855225
"NB","2026-09-29T07:00:00.000000",15.7618684768677
"NB","2026-09-29T08:00:00.000000",15.7614345550537
"NB","2026-09-29T09:00:00.000000",15.7614917755127
"NB","2026-09-29T10:00:00.000000",15.7616624832153
"NB","2026-09-29T11:00:00.000000",15.7615442276001
"NB","2026-09-29T12:00:00.000000",15.7601585388184
"NB","2026-09-29T13:00:00.000000",15.7602558135986
"NB","2026-09-29T14:00:00.000000",15.7615385055542
"NB","2026-09-29T15:00:00.000000",15.7640905380249
"NB","2026-09-29T16:00:00.000000",15.7679805755615
"NB","2026-09-29T17:00:00.000000",15.7727222442627
"NB","2026-09-29T18:00:00.000000",15.7777242660522
"NB","2026-09-29T19:00:00.000000",15.7809534072876
"NB","2026-09-29T20:00:00.000000",15.7824039459229
"NB","2026-09-29T21:00:00.000000",15.7829418182373
"NB","2026-09-29T22:00:00.000000",15.7824373245239
"NB","2026-09-29T23:00:00.000000",15.781720161438
"NB","2026-09-30T00:00:00.000000",15.7815780639648
"NB","2026-09-30T01:00:00.000000",15.7817544937134
"NB","2026-09-30T02:00:00.000000",15.7816724777222
"NB","2026-09-30T03:00:00.000000",15.7813711166382
"NB","2026-09-30T04:00:00.000000",15.7810583114624
"NB","2026-09-30T05:00:00.000000",15.7809219360352
"NB","2026-09-30T06:00:00.000000",15.7808074951172
"NB","2026-09-30T07:00:00.000000",15.7807874679565
"NB","2026-09-30T08:00:00.000000",15.7808227539062
"NB","2026-09-30T09:00:00.000000",15.7807846069336
"NB","2026-09-30T10:00:00.000000",15.7805843353271
"NB","2026-09-30T11:00:00.000000",15.7793674468994
"NB","2026-09-30T12:00:00.000000",15.7776145935059
"NB","2026-09-30T13:00:00.000000",15.7761449813843
"NB","2026-09-30T14:00:00.000000",15.7765159606934
"NB","2026-09-30T15:00:00.000000",15.7782773971558
"NB","2026-09-30T16:00:00.000000",15.7817611694336
"NB","2026-09-30T17:00:00.000000",15.7871379852295
"NB","2026-09-30T18:00:00.000000",15.7939291000366
"NB","2026-09-30T19:00:00.000000",15.802565574646
"NB","2026-09-30T20:00:00.000000",15.8264675140381
"NB","2026-09-30T21:00:00.000000",15.8448152542114
"NB","2026-09-30T22:00:00.000000",15.8480930328369
"NB","2026-09-30T23:00:00.000000",15.848014831543
"NB","2026-10-01T00:00:00.000000",15.8464603424072
"NB","2026-10-01T01:00:00.000000",15.8436841964722
"NB","2026-10-01T02:00:00.000000",15.8410367965698
"NB","2026-10-01T03:00:00.000000",15.8437938690186
"NB","2026-10-01T04:00:00.000000",15.8486709594727
"NB","2026-10-01T05:00:00.000000",15.8554210662842
"NB","2026-10-01T06:00:00.000000",15.860013961792
"NB","2026-10-01T07:00:00.000000",15.8625640869141
"NB","2026-10-01T08:00:00.000000",15.864559173584
"NB","2026-10-01T09:00:00.000000",15.8656930923462
"NB","2026-10-01T10:00:00.000000",15.8657007217407
"NB","2026-10-01T11:00:00.000000",15.8644866943359
"NB","2026-10-01T12:00:00.000000",15.8624629974365
"NB","2026-10-01T13:00:00.000000",15.8598718643188
"NB","2026-10-01T14:00:00.000000",15.8576984405518
"NB","2026-10-01T15:00:00.000000",15.856351852417
"NB","2026-10-01T16:00:00.000000",15.85569190979
"NB","2026-10-01T17:00:00.000000",15.8445682525635
"NB","2026-10-01T18:00:00.000000",15.8074550628662
"NB","2026-10-01T19:00:00.000000",15.7513904571533
"NB","2026-10-01T20:00:00.000000",15.6949872970581
"NB","2026-10-01T21:00:00.000000",15.6621198654175
"NB","2026-10-01T22:00:00.000000",15.6451740264893
"NB","2026-10-01T23:00:00.000000",15.6437864303589
"NB","2026-10-02T00:00:00.000000",15.6458015441895
"PC","2026-09-24T00:00:00.000000",17.7092361450195
"PC","2026-09-24T01:00:00.000000",17.686653137207
"PC","2026-09-24T02:00:00.000000",17.6627502441406
"PC","2026-09-24T03:00:00.000000",17.6609649658203
"PC","2026-09-24T04:00:00.000000",17.6601657867432
"PC","2026-09-24T05:00:00.000000",17.6629371643066
"PC","2026-09-24T06:00:00.000000",17.6648864746094
"PC","2026-09-24T07:00:00.000000",17.6657695770264
"PC","2026-09-24T08:00:00.000000",17.6630458831787
"PC","2026-09-24T09:00:00.000000",17.6464939117432
"PC","2026-09-24T10:00:00.000000",17.5955142974854
"PC","2026-09-24T11:00:00.000000",17.550594329834
"PC","2026-09-24T12:00:00.000000",17.519868850708
"PC","2026-09-24T13:00:00.000000",17.487491607666
"PC","2026-09-24T14:00:00.000000",17.4647579193115
"PC","2026-09-24T15:00:00.000000",17.457160949707
"PC","2026-09-24T16:00:00.000000",17.4645462036133
"PC","2026-09-24T17:00:00.000000",17.4772853851318
"PC","2026-09-24T18:00:00.000000",17.4890422821045
"PC","2026-09-24T19:00:00.000000",17.4990367889404
"PC","2026-09-24T20:00:00.000000",17.5067272186279
"PC","2026-09-24T21:00:00.000000",17.5048999786377
"PC","2026-09-24T22:00:00.000000",17.4862670898438
"PC","2026-09-24T23:00:00.000000",17.4481468200684
"PC","2026-09-25T00:00:00.000000",17.4159240722656
"PC","2026-09-25T01:00:00.000000",17.3865394592285
"PC","2026-09-25T02:00:00.000000",17.3578510284424
"PC","2026-09-25T03:00:00.000000",17.340425491333
"PC","2026-09-25T04:00:00.000000",17.3448448181152
"PC","2026-09-25T05:00:00.000000",17.3500785827637
"PC","2026-09-25T06:00:00.000000",17.3557033538818
"PC","2026-09-25T07:00:00.000000",17.3598194122314
"PC","2026-09-25T08:00:00.000000",17.3615589141846
"PC","2026-09-25T09:00:00.000000",17.3563861846924
"PC","2026-09-25T10:00:00.000000",17.3433494567871
"PC","2026-09-25T11:00:00.000000",17.3096485137939
"PC","2026-09-25T12:00:00.000000",17.2633075714111
"PC","2026-09-25T13:00:00.000000",17.2300319671631
"PC","2026-09-25T14:00:00.000000",17.2065124511719
"PC","2026-09-25T15:00:00.000000",17.1940975189209
"PC","2026-09-25T16:00:00.000000",17.1972560882568
"PC","2026-09-25T17:00:00.000000",17.2129383087158
"PC","2026-09-25T18:00:00.000000",17.2306442260742
"PC","2026-09-25T19:00:00.000000",17.245964050293
"PC","2026-09-25T20:00:00.000000",17.261962890625
"PC","2026-09-25T21:00:00.000000",17.270435333252
"PC","2026-09-25T22:00:00.000000",17.2690887451172
"PC","2026-09-25T23:00:00.000000",17.2529430389404
"PC","2026-09-26T00:00:00.000000",17.2197952270508
"PC","2026-09-26T01:00:00.000000",17.1891937255859
"PC","2026-09-26T02:00:00.000000",17.1581344604492
"PC","2026-09-26T03:00:00.000000",17.1328945159912
"PC","2026-09-26T04:00:00.000000",17.1291103363037
"PC","2026-09-26T05:00:00.000000",17.1286392211914
"PC","2026-09-26T06:00:00.000000",17.1376037597656
"PC","2026-09-26T07:00:00.000000",17.1435928344727
"PC","2026-09-26T08:00:00.000000",17.1474876403809
"PC","2026-09-26T09:00:00.000000",17.1479740142822
"PC","2026-09-26T10:00:00.000000",17.1425876617432
"PC","2026-09-26T11:00:00.000000",17.131950378418
"PC","2026-09-26T12:00:00.000000",17.0974006652832
"PC","2026-09-26T13:00:00.000000",17.0606422424316
"PC","2026-09-26T14:00:00.000000",17.0374031066895
"PC","2026-09-26T15:00:00.000000",17.0232238769531
"PC","2026-09-26T16:00:00.000000",17.0216331481934
"PC","2026-09-26T17:00:00.000000",17.0319137573242
"PC","2026-09-26T18:00:00.000000",17.048152923584
"PC","2026-09-26T19:00:00.000000",17.0639514923096
"PC","2026-09-26T20:00:00.000000",17.0757808685303
"PC","2026-09-26T21:00:00.000000",17.0833168029785
"PC","2026-09-26T22:00:00.000000",17.0851459503174
"PC","2026-09-26T23:00:00.000000",17.0847072601318
"PC","2026-09-27T00:00:00.000000",17.0723400115967
"PC","2026-09-27T01:00:00.000000",17.0422382354736
"PC","2026-09-27T02:00:00.000000",17.0125179290771
"PC","2026-09-27T03:00:00.000000",16.9889183044434
"PC","2026-09-27T04:00:00.000000",16.9720058441162
"PC","2026-09-27T05:00:00.000000",16.9662380218506
"PC","2026-09-27T06:00:00.000000",16.9712009429932
"PC","2026-09-27T07:00:00.000000",16.9781494140625
"PC","2026-09-27T08:00:00.000000",16.9789485931396
"PC","2026-09-27T09:00:00.000000",16.9711360931396
"PC","2026-09-27T10:00:00.000000",16.9565029144287
"PC","2026-09-27T11:00:00.000000",16.9384441375732
"PC","2026-09-27T12:00:00.000000",16.8931064605713
"PC","2026-09-27T13:00:00.000000",16.8784923553467
"PC","2026-09-27T14:00:00.000000",16.8684577941895
"PC","2026-09-27T15:00:00.000000",16.8648948669434
"PC","2026-09-27T16:00:00.000000",16.8657283782959
"PC","2026-09-27T17:00:00.000000",16.8665981292725
"PC","2026-09-27T18:00:00.000000",16.8693027496338
"PC","2026-09-27T19:00:00.000000",16.8725891113281
"PC","2026-09-27T20:00:00.000000",16.8703765869141
"PC","2026-09-27T21:00:00.000000",16.8615417480469
"PC","2026-09-27T22:00:00.000000",16.8500347137451
"PC","2026-09-27T23:00:00.000000",16.8456287384033
"PC","2026-09-28T00:00:00.000000",16.8495025634766
"PC","2026-09-28T01:00:00.000000",16.8682861328125
"PC","2026-09-28T02:00:00.000000",16.8704319000244
"PC","2026-09-28T03:00:00.000000",16.8694248199463
"PC","2026-09-28T04:00:00.000000",16.8659553527832
"PC","2026-09-28T05:00:00.000000",16.8633155822754
"PC","2026-09-28T06:00:00.000000",16.8618507385254
"PC","2026-09-28T07:00:00.000000",16.8615589141846
"PC","2026-09-28T08:00:00.000000",16.8611125946045
"PC","2026-09-28T09:00:00.000000",16.860143661499
"PC","2026-09-28T10:00:00.000000",16.8588924407959
"PC","2026-09-28T11:00:00.000000",16.8578109741211
"PC","2026-09-28T12:00:00.000000",16.8564701080322
"PC","2026-09-28T13:00:00.000000",16.8565673828125
"PC","2026-09-28T14:00:00.000000",16.8559417724609
"PC","2026-09-28T15:00:00.000000",16.8528995513916
"PC","2026-09-28T16:00:00.000000",16.8519821166992
"PC","2026-09-28T17:00:00.000000",16.8516941070557
"PC","2026-09-28T18:00:00.000000",16.8521957397461
"PC","2026-09-28T19:00:00.000000",16.8526458740234
"PC","2026-09-28T20:00:00.000000",16.8532066345215
"PC","2026-09-28T21:00:00.000000",16.8542366027832
"PC","2026-09-28T22:00:00.000000",16.8554515838623
"PC","2026-09-28T23:00:00.000000",16.8561038970947
"PC","2026-09-29T00:00:00.000000",16.8577728271484
"PC","2026-09-29T01:00:00.000000",16.8603916168213
"PC","2026-09-29T02:00:00.000000",16.8623809814453
"PC","2026-09-29T03:00:00.000000",16.8614120483398
"PC","2026-09-29T04:00:00.000000",16.8589324951172
"PC","2026-09-29T05:00:00.000000",16.8558940887451
"PC","2026-09-29T06:00:00.000000",16.8539943695068
"PC","2026-09-29T07:00:00.000000",16.8533134460449
"PC","2026-09-29T08:00:00.000000",16.8536472320557
"PC","2026-09-29T09:00:00.000000",16.8540554046631
"PC","2026-09-29T10:00:00.000000",16.8546466827393
"PC","2026-09-29T11:00:00.000000",16.8550682067871
"PC","2026-09-29T12:00:00.000000",16.8555011749268
"PC","2026-09-29T13:00:00.000000",16.8555145263672
"PC","2026-09-29T14:00:00.000000",16.8553638458252
"PC","2026-09-29T15:00:00.000000",16.8544406890869
"PC","2026-09-29T16:00:00.000000",16.8543090820312
"PC","2026-09-29T17:00:00.000000",16.855676651001
"PC","2026-09-29T18:00:00.000000",16.8569850921631
"PC","2026-09-29T19:00:00.000000",16.8576774597168
"PC","2026-09-29T20:00:00.000000",16.8583717346191
"PC","2026-09-29T21:00:00.000000",16.8594245910645
"PC","2026-09-29T22:00:00.000000",16.8587913513184
"PC","2026-09-29T23:00:00.000000",16.8479843139648
"PC","2026-09-30T00:00:00.000000",16.84202003479
"PC","2026-09-30T01:00:00.000000",16.8392276763916
"PC","2026-09-30T02:00:00.000000",16.8476505279541
"PC","2026-09-30T03:00:00.000000",16.8594856262207
"PC","2026-09-30T04:00:00.000000",16.8665294647217
"PC","2026-09-30T05:00:00.000000",16.868673324585
"PC","2026-09-30T06:00:00.000000",16.8690357208252
"PC","2026-09-30T07:00:00.000000",16.8688831329346
"PC","2026-09-30T08:00:00.000000",16.8684024810791
"PC","2026-09-30T09:00:00.000000",16.8681774139404
"PC","2026-09-30T10:00:00.000000",16.8680839538574
"PC","2026-09-30T11:00:00.000000",16.8674240112305
"PC","2026-09-30T12:00:00.000000",16.8655700683594
"PC","2026-09-30T13:00:00.000000",16.8597145080566
"PC","2026-09-30T14:00:00.000000",16.8550395965576
"PC","2026-09-30T15:00:00.000000",16.8559837341309
"PC","2026-09-30T16:00:00.000000",16.8608360290527
"PC","2026-09-30T17:00:00.000000",16.8692684173584
"PC","2026-09-30T18:00:00.000000",16.8732967376709
"PC","2026-09-30T19:00:00.000000",16.8756160736084
"PC","2026-09-30T20:00:00.000000",16.8764152526855
"PC","2026-09-30T21:00:00.000000",16.8766708374023
"PC","2026-09-30T22:00:00.000000",16.8754997253418
"PC","2026-09-30T23:00:00.000000",16.8723373413086
"PC","2026-10-01T00:00:00.000000",16.8624095916748
"PC","2026-10-01T01:00:00.000000",16.8586273193359
"PC","2026-10-01T02:00:00.000000",16.8547592163086
"PC","2026-10-01T03:00:00.000000",16.8582305908203
"PC","2026-10-01T04:00:00.000000",16.8658332824707
"PC","2026-10-01T05:00:00.000000",16.871166229248
"PC","2026-10-01T06:00:00.000000",16.8744487762451
"PC","2026-10-01T07:00:00.000000",16.8748378753662
"PC","2026-10-01T08:00:00.000000",16.8741207122803
"PC","2026-10-01T09:00:00.000000",16.8730525970459
"PC","2026-10-01T10:00:00.000000",16.8723182678223
"PC","2026-10-01T11:00:00.000000",16.8718891143799
"PC","2026-10-01T12:00:00.000000",16.8706569671631
"PC","2026-10-01T13:00:00.000000",16.8684978485107
"PC","2026-10-01T14:00:00.000000",16.8627605438232
"PC","2026-10-01T15:00:00.000000",16.8601398468018
"PC","2026-10-01T16:00:00.000000",16.8644104003906
"PC","2026-10-01T17:00:00.000000",16.8746509552002
"PC","2026-10-01T18:00:00.000000",16.8842239379883
"PC","2026-10-01T19:00:00.000000",16.8890781402588
"PC","2026-10-01T20:00:00.000000",16.8916091918945
"PC","2026-10-01T21:00:00.000000",16.8925762176514
"PC","2026-10-01T22:00:00.000000",16.8925647735596
"PC","2026-10-01T23:00:00.000000",16.8921794891357
"PC","2026-10-02T00:00:00.000000",16.8909854888916
"PV","2026-09-24T00:00:00.000000",16.5232219696045
"PV","2026-09-24T01:00:00.000000",16.5411014556885
"PV","2026-09-24T02:00:00.000000",16.5638618469238
"PV","2026-09-24T03:00:00.000000",16.5657329559326
"PV","2026-09-24T04:00:00.000000",16.5767059326172
"PV","2026-09-24T05:00:00.000000",16.5874996185303
"PV","2026-09-24T06:00:00.000000",16.5954475402832
"PV","2026-09-24T07:00:00.000000",16.5984535217285
"PV","2026-09-24T08:00:00.000000",16.595064163208
"PV","2026-09-24T09:00:00.000000",16.5840339660645
"PV","2026-09-24T10:00:00.000000",16.5509128570557
"PV","2026-09-24T11:00:00.000000",16.5274085998535
"PV","2026-09-24T12:00:00.000000",16.5197887420654
"PV","2026-09-24T13:00:00.000000",16.5236301422119
"PV","2026-09-24T14:00:00.000000",16.5452251434326
"PV","2026-09-24T15:00:00.000000",16.5730838775635
"PV","2026-09-24T16:00:00.000000",16.5783157348633
"PV","2026-09-24T17:00:00.000000",16.58424949646
"PV","2026-09-24T18:00:00.000000",16.5888347625732
"PV","2026-09-24T19:00:00.000000",16.5909175872803
"PV","2026-09-24T20:00:00.000000",16.5898017883301
"PV","2026-09-24T21:00:00.000000",16.589973449707
"PV","2026-09-24T22:00:00.000000",16.5469722747803
"PV","2026-09-24T23:00:00.000000",16.5053615570068
"PV","2026-09-25T00:00:00.000000",16.4957275390625
"PV","2026-09-25T01:00:00.000000",16.5011825561523
"PV","2026-09-25T02:00:00.000000",16.5290107727051
"PV","2026-09-25T03:00:00.000000",16.5431671142578
"PV","2026-09-25T04:00:00.000000",16.5466213226318
"PV","2026-09-25T05:00:00.000000",16.5514240264893
"PV","2026-09-25T06:00:00.000000",16.5565223693848
"PV","2026-09-25T07:00:00.000000",16.5595855712891
"PV","2026-09-25T08:00:00.000000",16.5604248046875
"PV","2026-09-25T09:00:00.000000",16.5579891204834
"PV","2026-09-25T10:00:00.000000",16.5461978912354
"PV","2026-09-25T11:00:00.000000",16.4831581115723
"PV","2026-09-25T12:00:00.000000",16.4535217285156
"PV","2026-09-25T13:00:00.000000",16.4576454162598
"PV","2026-09-25T14:00:00.000000",16.4831066131592
"PV","2026-09-25T15:00:00.000000",16.5325908660889
"PV","2026-09-25T16:00:00.000000",16.5514373779297
"PV","2026-09-25T17:00:00.000000",16.5643997192383
"PV","2026-09-25T18:00:00.000000",16.5703639984131
"PV","2026-09-25T19:00:00.000000",16.5795307159424
"PV","2026-09-25T20:00:00.000000",16.5800933837891
"PV","2026-09-25T21:00:00.000000",16.5742454528809
"PV","2026-09-25T22:00:00.000000",16.4967460632324
"PV","2026-09-25T23:00:00.000000",16.428337097168
"PV","2026-09-26T00:00:00.000000",16.4117679595947
"PV","2026-09-26T01:00:00.000000",16.4223976135254
"PV","2026-09-26T02:00:00.000000",16.449197769165
"PV","2026-09-26T03:00:00.000000",16.4847831726074
"PV","2026-09-26T04:00:00.000000",16.4931411743164
"PV","2026-09-26T05:00:00.000000",16.4999217987061
"PV","2026-09-26T06:00:00.000000",16.511043548584
"PV","2026-09-26T07:00:00.000000",16.5198860168457
"PV","2026-09-26T08:00:00.000000",16.5253124237061
"PV","2026-09-26T09:00:00.000000",16.5302467346191
"PV","2026-09-26T10:00:00.000000",16.5147094726562
"PV","2026-09-26T11:00:00.000000",16.4285888671875
"PV","2026-09-26T12:00:00.000000",16.3832187652588
"PV","2026-09-26T13:00:00.000000",16.3868808746338
"PV","2026-09-26T14:00:00.000000",16.4055595397949
"PV","2026-09-26T15:00:00.000000",16.456859588623
"PV","2026-09-26T16:00:00.000000",16.4830799102783
"PV","2026-09-26T17:00:00.000000",16.5003795623779
"PV","2026-09-26T18:00:00.000000",16.5219058990479
"PV","2026-09-26T19:00:00.000000",16.5350131988525
"PV","2026-09-26T20:00:00.000000",16.5399341583252
"PV","2026-09-26T21:00:00.000000",16.5416259765625
"PV","2026-09-26T22:00:00.000000",16.5296077728271
"PV","2026-09-26T23:00:00.000000",16.4735317230225
"PV","2026-09-27T00:00:00.000000",16.4467754364014
"PV","2026-09-27T01:00:00.000000",16.4134521484375
"PV","2026-09-27T02:00:00.000000",16.40553855896
"PV","2026-09-27T03:00:00.000000",16.4309768676758
"PV","2026-09-27T04:00:00.000000",16.445125579834
"PV","2026-09-27T05:00:00.000000",16.4409141540527
"PV","2026-09-27T06:00:00.000000",16.4442100524902
"PV","2026-09-27T07:00:00.000000",16.4440670013428
"PV","2026-09-27T08:00:00.000000",16.4352741241455
"PV","2026-09-27T09:00:00.000000",16.4126625061035
"PV","2026-09-27T10:00:00.000000",16.3921604156494
"PV","2026-09-27T11:00:00.000000",16.3668575286865
"PV","2026-09-27T12:00:00.000000",16.3210678100586
"PV","2026-09-27T13:00:00.000000",16.319673538208
"PV","2026-09-27T14:00:00.000000",16.3161544799805
"PV","2026-09-27T15:00:00.000000",16.3464412689209
"PV","2026-09-27T16:00:00.000000",16.3749389648438
"PV","2026-09-27T17:00:00.000000",16.3956718444824
"PV","2026-09-27T18:00:00.000000",16.4022998809814
"PV","2026-09-27T19:00:00.000000",16.4129753112793
"PV","2026-09-27T20:00:00.000000",16.4252319335938
"PV","2026-09-27T21:00:00.000000",16.4337635040283
"PV","2026-09-27T22:00:00.000000",16.4375305175781
"PV","2026-09-27T23:00:00.000000",16.4399948120117
"PV","2026-09-28T00:00:00.000000",16.3840503692627
"PV","2026-09-28T01:00:00.000000",16.3558502197266
"PV","2026-09-28T02:00:00.000000",16.3762454986572
"PV","2026-09-28T03:00:00.000000",16.3968200683594
"PV","2026-09-28T04:00:00.000000",16.4084186553955
"PV","2026-09-28T05:00:00.000000",16.4143104553223
"PV","2026-09-28T06:00:00.000000",16.419246673584
"PV","2026-09-28T07:00:00.000000",16.4245052337646
"PV","2026-09-28T08:00:00.000000",16.4213962554932
"PV","2026-09-28T09:00:00.000000",16.4192695617676
"PV","2026-09-28T10:00:00.000000",16.4223766326904
"PV","2026-09-28T11:00:00.000000",16.4188232421875
"PV","2026-09-28T12:00:00.000000",16.3321094512939
"PV","2026-09-28T13:00:00.000000",16.2277660369873
"PV","2026-09-28T14:00:00.000000",16.1969223022461
"PV","2026-09-28T15:00:00.000000",16.1994152069092
"PV","2026-09-28T16:00:00.000000",16.2671909332275
"PV","2026-09-28T17:00:00.000000",16.332239151001
"PV","2026-09-28T18:00:00.000000",16.3618564605713
"PV","2026-09-28T19:00:00.000000",16.3821697235107
"PV","2026-09-28T20:00:00.000000",16.3973236083984
"PV","2026-09-28T21:00:00.000000",16.4066791534424
"PV","2026-09-28T22:00:00.000000",16.4065532684326
"PV","2026-09-28T23:00:00.000000",16.3927364349365
"PV","2026-09-29T00:00:00.000000",16.2108592987061
"PV","2026-09-29T01:00:00.000000",16.131534576416
"PV","2026-09-29T02:00:00.000000",16.0925769805908
"PV","2026-09-29T03:00:00.000000",16.1040058135986
"PV","2026-09-29T04:00:00.000000",16.1705074310303
"PV","2026-09-29T05:00:00.000000",16.2280521392822
"PV","2026-09-29T06:00:00.000000",16.258810043335
"PV","2026-09-29T07:00:00.000000",16.2962799072266
"PV","2026-09-29T08:00:00.000000",16.3296184539795
"PV","2026-09-29T09:00:00.000000",16.3479251861572
"PV","2026-09-29T10:00:00.000000",16.3564033508301
"PV","2026-09-29T11:00:00.000000",16.3635883331299
"PV","2026-09-29T12:00:00.000000",16.2897720336914
"PV","2026-09-29T13:00:00.000000",16.1323623657227
"PV","2026-09-29T14:00:00.000000",16.0750560760498
"PV","2026-09-29T15:00:00.000000",16.1097011566162
"PV","2026-09-29T16:00:00.000000",16.1710987091064
"PV","2026-09-29T17:00:00.000000",16.2073993682861
"PV","2026-09-29T18:00:00.000000",16.2356014251709
"PV","2026-09-29T19:00:00.000000",16.250997543335
"PV","2026-09-29T20:00:00.000000",16.2929401397705
"PV","2026-09-29T21:00:00.000000",16.3217582702637
"PV","2026-09-29T22:00:00.000000",16.337085723877
"PV","2026-09-29T23:00:00.000000",16.3443088531494
"PV","2026-09-30T00:00:00.000000",16.2479267120361
"PV","2026-09-30T01:00:00.000000",16.1199817657471
"PV","2026-09-30T02:00:00.000000",16.0672912597656
"PV","2026-09-30T03:00:00.000000",16.0578136444092
"PV","2026-09-30T04:00:00.000000",16.0819187164307
"PV","2026-09-30T05:00:00.000000",16.114538192749
"PV","2026-09-30T06:00:00.000000",16.1265335083008
"PV","2026-09-30T07:00:00.000000",16.1228847503662
"PV","2026-09-30T08:00:00.000000",16.1320095062256
"PV","2026-09-30T09:00:00.000000",16.1696510314941
"PV","2026-09-30T10:00:00.000000",16.2060012817383
"PV","2026-09-30T11:00:00.000000",16.2285938262939
"PV","2026-09-30T12:00:00.000000",16.1993446350098
"PV","2026-09-30T13:00:00.000000",16.0568065643311
"PV","2026-09-30T14:00:00.000000",15.9677438735962
"PV","2026-09-30T15:00:00.000000",15.9698572158813
"PV","2026-09-30T16:00:00.000000",16.0126247406006
"PV","2026-09-30T17:00:00.000000",16.0323886871338
"PV","2026-09-30T18:00:00.000000",16.0490627288818
"PV","2026-09-30T19:00:00.000000",16.0785999298096
"PV","2026-09-30T20:00:00.000000",16.1336860656738
"PV","2026-09-30T21:00:00.000000",16.1960792541504
"PV","2026-09-30T22:00:00.000000",16.2412261962891
"PV","2026-09-30T23:00:00.000000",16.26682472229
"PV","2026-10-01T00:00:00.000000",16.252836227417
"PV","2026-10-01T01:00:00.000000",16.0097255706787
"PV","2026-10-01T02:00:00.000000",15.9020957946777
"PV","2026-10-01T03:00:00.000000",15.8800497055054
"PV","2026-10-01T04:00:00.000000",15.9187250137329
"PV","2026-10-01T05:00:00.000000",15.9451751708984
"PV","2026-10-01T06:00:00.000000",15.958233833313
"PV","2026-10-01T07:00:00.000000",15.9773788452148
"PV","2026-10-01T08:00:00.000000",16.0213184356689
"PV","2026-10-01T09:00:00.000000",16.0742454528809
"PV","2026-10-01T10:00:00.000000",16.1054801940918
"PV","2026-10-01T11:00:00.000000",16.1269683837891
"PV","2026-10-01T12:00:00.000000",16.135950088501
"PV","2026-10-01T13:00:00.000000",16.0077419281006
"PV","2026-10-01T14:00:00.000000",15.8595905303955
"PV","2026-10-01T15:00:00.000000",15.8260221481323
"PV","2026-10-01T16:00:00.000000",15.8706941604614
"PV","2026-10-01T17:00:00.000000",15.9290132522583
"PV","2026-10-01T18:00:00.000000",15.9549646377563
"PV","2026-10-01T19:00:00.000000",16.0030403137207
"PV","2026-10-01T20:00:00.000000",16.0730133056641
"PV","2026-10-01T21:00:00.000000",16.165563583374
"PV","2026-10-01T22:00:00.000000",16.2453308105469
"PV","2026-10-01T23:00:00.000000",16.2540264129639
"PV","2026-10-02T00:00:00.000000",16.2286815643311
"SH","2026-09-24T00:00:00.000000",17.1846485137939
"SH","2026-09-24T01:00:00.000000",17.1782836914062
"SH","2026-09-24T02:00:00.000000",17.1653518676758
"SH","2026-09-24T03:00:00.000000",17.1533126831055
"SH","2026-09-24T04:00:00.000000",17.149866104126
"SH","2026-09-24T05:00:00.000000",17.1695289611816
"SH","2026-09-24T06:00:00.000000",17.2088203430176
"SH","2026-09-24T07:00:00.000000",17.2386837005615
"SH","2026-09-24T08:00:00.000000",17.2483768463135
"SH","2026-09-24T09:00:00.000000",17.2011833190918
"SH","2026-09-24T10:00:00.000000",17.1074447631836
"SH","2026-09-24T11:00:00.000000",17.0088977813721
"SH","2026-09-24T12:00:00.000000",16.9695243835449
"SH","2026-09-24T13:00:00.000000",16.9497470855713
"SH","2026-09-24T14:00:00.000000",16.9388523101807
"SH","2026-09-24T15:00:00.000000",16.9349956512451
"SH","2026-09-24T16:00:00.000000",16.9450855255127
"SH","2026-09-24T17:00:00.000000",16.9775619506836
"SH","2026-09-24T18:00:00.000000",17.0237712860107
"SH","2026-09-24T19:00:00.000000",17.0625381469727
"SH","2026-09-24T20:00:00.000000",17.0872440338135
"SH","2026-09-24T21:00:00.000000",17.0698623657227
"SH","2026-09-24T22:00:00.000000",17.0242176055908
"SH","2026-09-24T23:00:00.000000",16.9703769683838
"SH","2026-09-25T00:00:00.000000",16.9426345825195
"SH","2026-09-25T01:00:00.000000",16.9278564453125
"SH","2026-09-25T02:00:00.000000",16.9166278839111
"SH","2026-09-25T03:00:00.000000",16.9049587249756
"SH","2026-09-25T04:00:00.000000",16.8932800292969
"SH","2026-09-25T05:00:00.000000",16.901086807251
"SH","2026-09-25T06:00:00.000000",16.948413848877
"SH","2026-09-25T07:00:00.000000",17.0022163391113
"SH","2026-09-25T08:00:00.000000",17.0308132171631
"SH","2026-09-25T09:00:00.000000",17.0256824493408
"SH","2026-09-25T10:00:00.000000",16.9685516357422
"SH","2026-09-25T11:00:00.000000",16.8762359619141
"SH","2026-09-25T12:00:00.000000",16.8144187927246
"SH","2026-09-25T13:00:00.000000",16.7959747314453
"SH","2026-09-25T14:00:00.000000",16.7900714874268
"SH","2026-09-25T15:00:00.000000",16.7875270843506
"SH","2026-09-25T16:00:00.000000",16.786470413208
"SH","2026-09-25T17:00:00.000000",16.796350479126
"SH","2026-09-25T18:00:00.000000",16.8307991027832
"SH","2026-09-25T19:00:00.000000",16.8778190612793
"SH","2026-09-25T20:00:00.000000",16.935338973999
"SH","2026-09-25T21:00:00.000000",16.9600315093994
"SH","2026-09-25T22:00:00.000000",16.9224262237549
"SH","2026-09-25T23:00:00.000000",16.8799991607666
"SH","2026-09-26T00:00:00.000000",16.8593330383301
"SH","2026-09-26T01:00:00.000000",16.8528804779053
"SH","2026-09-26T02:00:00.000000",16.8453025817871
"SH","2026-09-26T03:00:00.000000",16.8392181396484
"SH","2026-09-26T04:00:00.000000",16.8311729431152
"SH","2026-09-26T05:00:00.000000",16.8215789794922
"SH","2026-09-26T06:00:00.000000",16.8329544067383
"SH","2026-09-26T07:00:00.000000",16.8625621795654
"SH","2026-09-26T08:00:00.000000",16.8985195159912
"SH","2026-09-26T09:00:00.000000",16.9148559570312
"SH","2026-09-26T10:00:00.000000",16.8966331481934
"SH","2026-09-26T11:00:00.000000",16.8454666137695
"SH","2026-09-26T12:00:00.000000",16.7882919311523
"SH","2026-09-26T13:00:00.000000",16.7651824951172
"SH","2026-09-26T14:00:00.000000",16.76096534729
"SH","2026-09-26T15:00:00.000000",16.7618255615234
"SH","2026-09-26T16:00:00.000000",16.7641925811768
"SH","2026-09-26T17:00:00.000000",16.7726078033447
"SH","2026-09-26T18:00:00.000000",16.8000755310059
"SH","2026-09-26T19:00:00.000000",16.8491077423096
"SH","2026-09-26T20:00:00.000000",16.891996383667
"SH","2026-09-26T21:00:00.000000",16.9111022949219
"SH","2026-09-26T22:00:00.000000",16.9138240814209
"SH","2026-09-26T23:00:00.000000",16.8778476715088
"SH","2026-09-27T00:00:00.000000",16.8462390899658
"SH","2026-09-27T01:00:00.000000",16.8289680480957
"SH","2026-09-27T02:00:00.000000",16.821496963501
"SH","2026-09-27T03:00:00.000000",16.8169803619385
"SH","2026-09-27T04:00:00.000000",16.8085861206055
"SH","2026-09-27T05:00:00.000000",16.797721862793
"SH","2026-09-27T06:00:00.000000",16.7987003326416
"SH","2026-09-27T07:00:00.000000",16.8000240325928
"SH","2026-09-27T08:00:00.000000",16.7934169769287
"SH","2026-09-27T09:00:00.000000",16.7654285430908
"SH","2026-09-27T10:00:00.000000",16.7524147033691
"SH","2026-09-27T11:00:00.000000",16.7444190979004
"SH","2026-09-27T12:00:00.000000",16.7392482757568
"SH","2026-09-27T13:00:00.000000",16.7173767089844
"SH","2026-09-27T14:00:00.000000",16.7081184387207
"SH","2026-09-27T15:00:00.000000",16.7054634094238
"SH","2026-09-27T16:00:00.000000",16.7078895568848
"SH","2026-09-27T17:00:00.000000",16.7119960784912
"SH","2026-09-27T18:00:00.000000",16.729679107666
"SH","2026-09-27T19:00:00.000000",16.7679672241211
"SH","2026-09-27T20:00:00.000000",16.791259765625
"SH","2026-09-27T21:00:00.000000",16.8040428161621
"SH","2026-09-27T22:00:00.000000",16.7525482177734
"SH","2026-09-27T23:00:00.000000",16.7447738647461
"SH","2026-09-28T00:00:00.000000",16.7509574890137
"SH","2026-09-28T01:00:00.000000",16.753833770752
"SH","2026-09-28T02:00:00.000000",16.7512111663818
"SH","2026-09-28T03:00:00.000000",16.7509574890137
"SH","2026-09-28T04:00:00.000000",16.7519226074219
"SH","2026-09-28T05:00:00.000000",16.7528190612793
"SH","2026-09-28T06:00:00.000000",16.754222869873
"SH","2026-09-28T07:00:00.000000",16.7616291046143
"SH","2026-09-28T08:00:00.000000",16.7787857055664
"SH","2026-09-28T09:00:00.000000",16.8051013946533
"SH","2026-09-28T10:00:00.000000",16.8039417266846
"SH","2026-09-28T11:00:00.000000",16.7778587341309
"SH","2026-09-28T12:00:00.000000",16.7792129516602
"SH","2026-09-28T13:00:00.000000",16.7830905914307
"SH","2026-09-28T14:00:00.000000",16.7804489135742
"SH","2026-09-28T15:00:00.000000",16.7768707275391
"SH","2026-09-28T16:00:00.000000",16.7779350280762
"SH","2026-09-28T17:00:00.000000",16.7822704315186
"SH","2026-09-28T18:00:00.000000",16.7975921630859
"SH","2026-09-28T19:00:00.000000",16.8105907440186
"SH","2026-09-28T20:00:00.000000",16.8157005310059
"SH","2026-09-28T21:00:00.000000",16.8220825195312
"SH","2026-09-28T22:00:00.000000",16.8229064941406
"SH","2026-09-28T23:00:00.000000",16.8198947906494
"SH","2026-09-29T00:00:00.000000",16.8030204772949
"SH","2026-09-29T01:00:00.000000",16.7998580932617
"SH","2026-09-29T02:00:00.000000",16.7961444854736
"SH","2026-09-29T03:00:00.000000",16.7907276153564
"SH","2026-09-29T04:00:00.000000",16.7874050140381
"SH","2026-09-29T05:00:00.000000",16.7872734069824
"SH","2026-09-29T06:00:00.000000",16.788761138916
"SH","2026-09-29T07:00:00.000000",16.7988510131836
"SH","2026-09-29T08:00:00.000000",16.8105030059814
"SH","2026-09-29T09:00:00.000000",16.816930770874
"SH","2026-09-29T10:00:00.000000",16.822244644165
"SH","2026-09-29T11:00:00.000000",16.8239345550537
"SH","2026-09-29T12:00:00.000000",16.8229331970215
"SH","2026-09-29T13:00:00.000000",16.8142986297607
"SH","2026-09-29T14:00:00.000000",16.7916069030762
"SH","2026-09-29T15:00:00.000000",16.7726459503174
"SH","2026-09-29T16:00:00.000000",16.7641181945801
"SH","2026-09-29T17:00:00.000000",16.7631244659424
"SH","2026-09-29T18:00:00.000000",16.7678279876709
"SH","2026-09-29T19:00:00.000000",16.7941722869873
"SH","2026-09-29T20:00:00.000000",16.8254413604736
"SH","2026-09-29T21:00:00.000000",16.8455562591553
"SH","2026-09-29T22:00:00.000000",16.858829498291
"SH","2026-09-29T23:00:00.000000",16.8478393554688
"SH","2026-09-30T00:00:00.000000",16.8425521850586
"SH","2026-09-30T01:00:00.000000",16.8319568634033
"SH","2026-09-30T02:00:00.000000",16.782787322998
"SH","2026-09-30T03:00:00.000000",16.7408390045166
"SH","2026-09-30T04:00:00.000000",16.7297286987305
"SH","2026-09-30T05:00:00.000000",16.7258281707764
"SH","2026-09-30T06:00:00.000000",16.7216968536377
"SH","2026-09-30T07:00:00.000000",16.7131786346436
"SH","2026-09-30T08:00:00.000000",16.7131118774414
"SH","2026-09-30T09:00:00.000000",16.7455596923828
"SH","2026-09-30T10:00:00.000000",16.8002643585205
"SH","2026-09-30T11:00:00.000000",16.8189830780029
"SH","2026-09-30T12:00:00.000000",16.8263378143311
"SH","2026-09-30T13:00:00.000000",16.8132858276367
"SH","2026-09-30T14:00:00.000000",16.7437400817871
"SH","2026-09-30T15:00:00.000000",16.6865119934082
"SH","2026-09-30T16:00:00.000000",16.668212890625
"SH","2026-09-30T17:00:00.000000",16.6597690582275
"SH","2026-09-30T18:00:00.000000",16.6593475341797
"SH","2026-09-30T19:00:00.000000",16.6721286773682
"SH","2026-09-30T20:00:00.000000",16.7152252197266
"SH","2026-09-30T21:00:00.000000",16.765510559082
"SH","2026-09-30T22:00:00.000000",16.8082332611084
"SH","2026-09-30T23:00:00.000000",16.8550586700439
"SH","2026-10-01T00:00:00.000000",16.8656368255615
"SH","2026-10-01T01:00:00.000000",16.8672828674316
"SH","2026-10-01T02:00:00.000000",16.8345069885254
"SH","2026-10-01T03:00:00.000000",16.6782455444336
"SH","2026-10-01T04:00:00.000000",16.6046142578125
"SH","2026-10-01T05:00:00.000000",16.5823249816895
"SH","2026-10-01T06:00:00.000000",16.5701122283936
"SH","2026-10-01T07:00:00.000000",16.5681610107422
"SH","2026-10-01T08:00:00.000000",16.5795440673828
"SH","2026-10-01T09:00:00.000000",16.6273307800293
"SH","2026-10-01T10:00:00.000000",16.6938896179199
"SH","2026-10-01T11:00:00.000000",16.7618618011475
"SH","2026-10-01T12:00:00.000000",16.796947479248
"SH","2026-10-01T13:00:00.000000",16.8073863983154
"SH","2026-10-01T14:00:00.000000",16.7618675231934
"SH","2026-10-01T15:00:00.000000",16.6299991607666
"SH","2026-10-01T16:00:00.000000",16.5850486755371
"SH","2026-10-01T17:00:00.000000",16.5853424072266
"SH","2026-10-01T18:00:00.000000",16.5863075256348
"SH","2026-10-01T19:00:00.000000",16.5924835205078
"SH","2026-10-01T20:00:00.000000",16.6222648620605
"SH","2026-10-01T21:00:00.000000",16.6964702606201
"SH","2026-10-01T22:00:00.000000",16.7444801330566
"SH","2026-10-01T23:00:00.000000",16.8183498382568
"SH","2026-10-02T00:00:00.000000",16.8540267944336
"WB","2026-09-24T00:00:00.000000",15.9677677154541
"WB","2026-09-24T01:00:00.000000",15.9549798965454
"WB","2026-09-24T02:00:00.000000",15.9497079849243
"WB","2026-09-24T03:00:00.000000",15.946813583374
"WB","2026-09-24T04:00:00.000000",15.9464998245239
"WB","2026-09-24T05:00:00.000000",15.947826385498
"WB","2026-09-24T06:00:00.000000",15.9507846832275
"WB","2026-09-24T07:00:00.000000",15.9541463851929
"WB","2026-09-24T08:00:00.000000",15.9565563201904
"WB","2026-09-24T09:00:00.000000",15.9617910385132
"WB","2026-09-24T10:00:00.000000",15.971116065979
"WB","2026-09-24T11:00:00.000000",15.9682579040527
"WB","2026-09-24T12:00:00.000000",15.9573268890381
"WB","2026-09-24T13:00:00.000000",15.9463701248169
"WB","2026-09-24T14:00:00.000000",15.9403390884399
"WB","2026-09-24T15:00:00.000000",15.9429969787598
"WB","2026-09-24T16:00:00.000000",15.9526233673096
"WB","2026-09-24T17:00:00.000000",15.9667158126831
"WB","2026-09-24T18:00:00.000000",15.9821557998657
"WB","2026-09-24T19:00:00.000000",15.9951133728027
"WB","2026-09-24T20:00:00.000000",16.0005970001221
"WB","2026-09-24T21:00:00.000000",15.9968881607056
"WB","2026-09-24T22:00:00.000000",15.9791326522827
"WB","2026-09-24T23:00:00.000000",15.9502506256104
"WB","2026-09-25T00:00:00.000000",15.9229898452759
"WB","2026-09-25T01:00:00.000000",15.8992967605591
"WB","2026-09-25T02:00:00.000000",15.8818063735962
"WB","2026-09-25T03:00:00.000000",15.8682861328125
"WB","2026-09-25T04:00:00.000000",15.8625450134277
"WB","2026-09-25T05:00:00.000000",15.8661880493164
"WB","2026-09-25T06:00:00.000000",15.8761196136475
"WB","2026-09-25T07:00:00.000000",15.8910675048828
"WB","2026-09-25T08:00:00.000000",15.897008895874
"WB","2026-09-25T09:00:00.000000",15.8755693435669
"WB","2026-09-25T10:00:00.000000",15.8513679504395
"WB","2026-09-25T11:00:00.000000",15.8421869277954
"WB","2026-09-25T12:00:00.000000",15.838134765625
"WB","2026-09-25T13:00:00.000000",15.8373489379883
"WB","2026-09-25T14:00:00.000000",15.8388652801514
"WB","2026-09-25T15:00:00.000000",15.8434209823608
"WB","2026-09-25T16:00:00.000000",15.8533506393433
"WB","2026-09-25T17:00:00.000000",15.8662452697754
"WB","2026-09-25T18:00:00.000000",15.8797254562378
"WB","2026-09-25T19:00:00.000000",15.8925542831421
"WB","2026-09-25T20:00:00.000000",15.8981761932373
"WB","2026-09-25T21:00:00.000000",15.8927412033081
"WB","2026-09-25T22:00:00.000000",15.8832807540894
"WB","2026-09-25T23:00:00.000000",15.8743982315063
"WB","2026-09-26T00:00:00.000000",15.8655128479004
"WB","2026-09-26T01:00:00.000000",15.857177734375
"WB","2026-09-26T02:00:00.000000",15.8484258651733
"WB","2026-09-26T03:00:00.000000",15.8408117294312
"WB","2026-09-26T04:00:00.000000",15.8360166549683
"WB","2026-09-26T05:00:00.000000",15.8364000320435
"WB","2026-09-26T06:00:00.000000",15.8426790237427
"WB","2026-09-26T07:00:00.000000",15.8592300415039
"WB","2026-09-26T08:00:00.000000",15.8876504898071
"WB","2026-09-26T09:00:00.000000",15.8946580886841
"WB","2026-09-26T10:00:00.000000",15.8633632659912
"WB","2026-09-26T11:00:00.000000",15.8368663787842
"WB","2026-09-26T12:00:00.000000",15.8279876708984
"WB","2026-09-26T13:00:00.000000",15.8238658905029
"WB","2026-09-26T14:00:00.000000",15.8231325149536
"WB","2026-09-26T15:00:00.000000",15.826171875
"WB","2026-09-26T16:00:00.000000",15.8319644927979
"WB","2026-09-26T17:00:00.000000",15.843225479126
"WB","2026-09-26T18:00:00.000000",15.8584823608398
"WB","2026-09-26T19:00:00.000000",15.8737573623657
"WB","2026-09-26T20:00:00.000000",15.8895196914673
"WB","2026-09-26T21:00:00.000000",15.8997001647949
"WB","2026-09-26T22:00:00.000000",15.8903961181641
"WB","2026-09-26T23:00:00.000000",15.872654914856
"WB","2026-09-27T00:00:00.000000",15.8625211715698
"WB","2026-09-27T01:00:00.000000",15.8280181884766
"WB","2026-09-27T02:00:00.000000",15.7989711761475
"WB","2026-09-27T03:00:00.000000",15.7811307907104
"WB","2026-09-27T04:00:00.000000",15.773060798645
"WB","2026-09-27T05:00:00.000000",15.7651977539062
"WB","2026-09-27T06:00:00.000000",15.7524671554565
"WB","2026-09-27T07:00:00.000000",15.7365474700928
"WB","2026-09-27T08:00:00.000000",15.6957120895386
"WB","2026-09-27T09:00:00.000000",15.6687860488892
"WB","2026-09-27T10:00:00.000000",15.6626319885254
"WB","2026-09-27T11:00:00.000000",15.6735420227051
"WB","2026-09-27T12:00:00.000000",15.6588792800903
"WB","2026-09-27T13:00:00.000000",15.6360292434692
"WB","2026-09-27T14:00:00.000000",15.6170148849487
"WB","2026-09-27T15:00:00.000000",15.6093330383301
"WB","2026-09-27T16:00:00.000000",15.5993690490723
"WB","2026-09-27T17:00:00.000000",15.5879917144775
"WB","2026-09-27T18:00:00.000000",15.5737743377686
"WB","2026-09-27T19:00:00.000000",15.5752239227295
"WB","2026-09-27T20:00:00.000000",15.580924987793
"WB","2026-09-27T21:00:00.000000",15.5888032913208
"WB","2026-09-27T22:00:00.000000",15.6065645217896
"WB","2026-09-27T23:00:00.000000",15.6288480758667
"WB","2026-09-28T00:00:00.000000",15.6409358978271
"WB","2026-09-28T01:00:00.000000",15.6431446075439
"WB","2026-09-28T02:00:00.000000",15.6439514160156
"WB","2026-09-28T03:00:00.000000",15.6460361480713
"WB","2026-09-28T04:00:00.000000",15.6475820541382
"WB","2026-09-28T05:00:00.000000",15.6489028930664
"WB","2026-09-28T06:00:00.000000",15.6501636505127
"WB","2026-09-28T07:00:00.000000",15.6516437530518
"WB","2026-09-28T08:00:00.000000",15.653546333313
"WB","2026-09-28T09:00:00.000000",15.6535673141479
"WB","2026-09-28T10:00:00.000000",15.6415729522705
"WB","2026-09-28T11:00:00.000000",15.6335525512695
"WB","2026-09-28T12:00:00.000000",15.6413736343384
"WB","2026-09-28T13:00:00.000000",15.6392860412598
"WB","2026-09-28T14:00:00.000000",15.6344985961914
"WB","2026-09-28T15:00:00.000000",15.6322469711304
"WB","2026-09-28T16:00:00.000000",15.6346664428711
"WB","2026-09-28T17:00:00.000000",15.6399021148682
"WB","2026-09-28T18:00:00.000000",15.6435699462891
"WB","2026-09-28T19:00:00.000000",15.6423349380493
"WB","2026-09-28T20:00:00.000000",15.6390295028687
"WB","2026-09-28T21:00:00.000000",15.6347560882568
"WB","2026-09-28T22:00:00.000000",15.6307258605957
"WB","2026-09-28T23:00:00.000000",15.6312084197998
"WB","2026-09-29T00:00:00.000000",15.6357107162476
"WB","2026-09-29T01:00:00.000000",15.6355962753296
"WB","2026-09-29T02:00:00.000000",15.6345853805542
"WB","2026-09-29T03:00:00.000000",15.6365833282471
"WB","2026-09-29T04:00:00.000000",15.6398906707764
"WB","2026-09-29T05:00:00.000000",15.6442289352417
"WB","2026-09-29T06:00:00.000000",15.6491107940674
"WB","2026-09-29T07:00:00.000000",15.6529808044434
"WB","2026-09-29T08:00:00.000000",15.6548900604248
"WB","2026-09-29T09:00:00.000000",15.656060218811
"WB","2026-09-29T10:00:00.000000",15.6571531295776
"WB","2026-09-29T11:00:00.000000",15.6589221954346
"WB","2026-09-29T12:00:00.000000",15.6605224609375
"WB","2026-09-29T13:00:00.000000",15.6578388214111
"WB","2026-09-29T14:00:00.000000",15.6626577377319
"WB","2026-09-29T15:00:00.000000",15.6694459915161
"WB","2026-09-29T16:00:00.000000",15.6757497787476
"WB","2026-09-29T17:00:00.000000",15.6818246841431
"WB","2026-09-29T18:00:00.000000",15.6876564025879
"WB","2026-09-29T19:00:00.000000",15.6912059783936
"WB","2026-09-29T20:00:00.000000",15.6914577484131
"WB","2026-09-29T21:00:00.000000",15.691237449646
"WB","2026-09-29T22:00:00.000000",15.6907663345337
"WB","2026-09-29T23:00:00.000000",15.6900615692139
"WB","2026-09-30T00:00:00.000000",15.6900396347046
"WB","2026-09-30T01:00:00.000000",15.6982507705688
"WB","2026-09-30T02:00:00.000000",15.7089567184448
"WB","2026-09-30T03:00:00.000000",15.7152414321899
"WB","2026-09-30T04:00:00.000000",15.7178039550781
"WB","2026-09-30T05:00:00.000000",15.7194480895996
"WB","2026-09-30T06:00:00.000000",15.7197685241699
"WB","2026-09-30T07:00:00.000000",15.7193965911865
"WB","2026-09-30T08:00:00.000000",15.7213106155396
"WB","2026-09-30T09:00:00.000000",15.7226343154907
"WB","2026-09-30T10:00:00.000000",15.7226686477661
"WB","2026-09-30T11:00:00.000000",15.722128868103
"WB","2026-09-30T12:00:00.000000",15.7221069335938
"WB","2026-09-30T13:00:00.000000",15.7219982147217
"WB","2026-09-30T14:00:00.000000",15.7273025512695
"WB","2026-09-30T15:00:00.000000",15.7350301742554
"WB","2026-09-30T16:00:00.000000",15.741795539856
"WB","2026-09-30T17:00:00.000000",15.7479677200317
"WB","2026-09-30T18:00:00.000000",15.7564926147461
"WB","2026-09-30T19:00:00.000000",15.7916173934937
"WB","2026-09-30T20:00:00.000000",15.8480415344238
"WB","2026-09-30T21:00:00.000000",15.8759098052979
"WB","2026-09-30T22:00:00.000000",15.8874158859253
"WB","2026-09-30T23:00:00.000000",15.8840131759644
"WB","2026-10-01T00:00:00.000000",15.8798780441284
"WB","2026-10-01T01:00:00.000000",15.8860569000244
"WB","2026-10-01T02:00:00.000000",15.9136209487915
"WB","2026-10-01T03:00:00.000000",15.914758682251
"WB","2026-10-01T04:00:00.000000",15.8989973068237
"WB","2026-10-01T05:00:00.000000",15.8827257156372
"WB","2026-10-01T06:00:00.000000",15.8707990646362
"WB","2026-10-01T07:00:00.000000",15.8663530349731
"WB","2026-10-01T08:00:00.000000",15.8752145767212
"WB","2026-10-01T09:00:00.000000",15.8884029388428
"WB","2026-10-01T10:00:00.000000",15.8949098587036
"WB","2026-10-01T11:00:00.000000",15.8937349319458
"WB","2026-10-01T12:00:00.000000",15.8899354934692
"WB","2026-10-01T13:00:00.000000",15.8760232925415
"WB","2026-10-01T14:00:00.000000",15.8633327484131
"WB","2026-10-01T15:00:00.000000",15.8591861724854
"WB","2026-10-01T16:00:00.000000",15.8482751846313
"WB","2026-10-01T17:00:00.000000",15.8341274261475
"WB","2026-10-01T18:00:00.000000",15.8244619369507
"WB","2026-10-01T19:00:00.000000",15.8206977844238
"WB","2026-10-01T20:00:00.000000",15.8278818130493
"WB","2026-10-01T21:00:00.000000",15.8524150848389
"WB","2026-10-01T22:00:00.000000",15.889214515686
"WB","2026-10-01T23:00:00.000000",15.9201927185059
"WB","2026-10-02T00:00:00.000000",15.9419507980347
"CL","2026-09-24T00:00:00.000000",19.9934978485107
"CL","2026-09-24T01:00:00.000000",19.9907341003418
"CL","2026-09-24T02:00:00.000000",19.9833183288574
"CL","2026-09-24T03:00:00.000000",19.9742584228516
"CL","2026-09-24T04:00:00.000000",19.9656200408936
"CL","2026-09-24T05:00:00.000000",19.9518356323242
"CL","2026-09-24T06:00:00.000000",19.9344348907471
"CL","2026-09-24T07:00:00.000000",19.9438648223877
"CL","2026-09-24T08:00:00.000000",19.9391899108887
"CL","2026-09-24T09:00:00.000000",19.9296703338623
"CL","2026-09-24T10:00:00.000000",19.9070816040039
"CL","2026-09-24T11:00:00.000000",19.88401222229
"CL","2026-09-24T12:00:00.000000",19.8748664855957
"CL","2026-09-24T13:00:00.000000",19.8744773864746
"CL","2026-09-24T14:00:00.000000",19.8643245697021
"CL","2026-09-24T15:00:00.000000",19.8554706573486
"CL","2026-09-24T16:00:00.000000",19.850227355957
"CL","2026-09-24T17:00:00.000000",19.8436698913574
"CL","2026-09-24T18:00:00.000000",19.8370876312256
"CL","2026-09-24T19:00:00.000000",19.8458442687988
"CL","2026-09-24T20:00:00.000000",19.8240737915039
"CL","2026-09-24T21:00:00.000000",19.8017749786377
"CL","2026-09-24T22:00:00.000000",19.7777824401855
"CL","2026-09-24T23:00:00.000000",19.7590255737305
"CL","2026-09-25T00:00:00.000000",19.7412548065186
"CL","2026-09-25T01:00:00.000000",19.740837097168
"CL","2026-09-25T02:00:00.000000",19.7381820678711
"CL","2026-09-25T03:00:00.000000",19.7361278533936
"CL","2026-09-25T04:00:00.000000",19.728343963623
"CL","2026-09-25T05:00:00.000000",19.717378616333
"CL","2026-09-25T06:00:00.000000",19.7063369750977
"CL","2026-09-25T07:00:00.000000",19.6932201385498
"CL","2026-09-25T08:00:00.000000",19.6911392211914
"CL","2026-09-25T09:00:00.000000",19.6861629486084
"CL","2026-09-25T10:00:00.000000",19.6647853851318
"CL","2026-09-25T11:00:00.000000",19.6452350616455
"CL","2026-09-25T12:00:00.000000",19.6281204223633
"CL","2026-09-25T13:00:00.000000",19.6272525787354
"CL","2026-09-25T14:00:00.000000",19.6256847381592
"CL","2026-09-25T15:00:00.000000",19.6183013916016
"CL","2026-09-25T16:00:00.000000",19.6119518280029
"CL","2026-09-25T17:00:00.000000",19.6074066162109
"CL","2026-09-25T18:00:00.000000",19.6022567749023
"CL","2026-09-25T19:00:00.000000",19.5958843231201
"CL","2026-09-25T20:00:00.000000",19.5623245239258
"CL","2026-09-25T21:00:00.000000",19.5428676605225
"CL","2026-09-25T22:00:00.000000",19.5211372375488
"CL","2026-09-25T23:00:00.000000",19.5037498474121
"CL","2026-09-26T00:00:00.000000",19.4912528991699
"CL","2026-09-26T01:00:00.000000",19.4844779968262
"CL","2026-09-26T02:00:00.000000",19.4796714782715
"CL","2026-09-26T03:00:00.000000",19.4764289855957
"CL","2026-09-26T04:00:00.000000",19.4750919342041
"CL","2026-09-26T05:00:00.000000",19.4704895019531
"CL","2026-09-26T06:00:00.000000",19.4648189544678
"CL","2026-09-26T07:00:00.000000",19.4541091918945
"CL","2026-09-26T08:00:00.000000",19.4348945617676
"CL","2026-09-26T09:00:00.000000",19.4242763519287
"CL","2026-09-26T10:00:00.000000",19.4038009643555
"CL","2026-09-26T11:00:00.000000",19.3835124969482
"CL","2026-09-26T12:00:00.000000",19.3640937805176
"CL","2026-09-26T13:00:00.000000",19.3591175079346
"CL","2026-09-26T14:00:00.000000",19.365873336792
"CL","2026-09-26T15:00:00.000000",19.3744430541992
"CL","2026-09-26T16:00:00.000000",19.3825416564941
"CL","2026-09-26T17:00:00.000000",19.3886241912842
"CL","2026-09-26T18:00:00.000000",19.3896255493164
"CL","2026-09-26T19:00:00.000000",19.3898124694824
"CL","2026-09-26T20:00:00.000000",19.3696918487549
"CL","2026-09-26T21:00:00.000000",19.3602142333984
"CL","2026-09-26T22:00:00.000000",19.359001159668
"CL","2026-09-26T23:00:00.000000",19.3501949310303
"CL","2026-09-27T00:00:00.000000",19.3370971679688
"CL","2026-09-27T01:00:00.000000",19.3273868560791
"CL","2026-09-27T02:00:00.000000",19.322847366333
"CL","2026-09-27T03:00:00.000000",19.3122234344482
"CL","2026-09-27T04:00:00.000000",19.3028182983398
"CL","2026-09-27T05:00:00.000000",19.2951431274414
"CL","2026-09-27T06:00:00.000000",19.2866840362549
"CL","2026-09-27T07:00:00.000000",19.2790679931641
"CL","2026-09-27T08:00:00.000000",19.2565879821777
"CL","2026-09-27T09:00:00.000000",19.2845478057861
"CL","2026-09-27T10:00:00.000000",19.2759876251221
"CL","2026-09-27T11:00:00.000000",19.2651596069336
"CL","2026-09-27T12:00:00.000000",19.2626934051514
"CL","2026-09-27T13:00:00.000000",19.2654266357422
"CL","2026-09-27T14:00:00.000000",19.2687530517578
"CL","2026-09-27T15:00:00.000000",19.2755279541016
"CL","2026-09-27T16:00:00.000000",19.2793769836426
"CL","2026-09-27T17:00:00.000000",19.2813949584961
"CL","2026-09-27T18:00:00.000000",19.2809772491455
"CL","2026-09-27T19:00:00.000000",19.2804584503174
"CL","2026-09-27T20:00:00.000000",19.2745933532715
"CL","2026-09-27T21:00:00.000000",19.2529315948486
"CL","2026-09-27T22:00:00.000000",19.2347831726074
"CL","2026-09-27T23:00:00.000000",19.2197513580322
"CL","2026-09-28T00:00:00.000000",19.1969261169434
"CL","2026-09-28T01:00:00.000000",19.1763553619385
"CL","2026-09-28T02:00:00.000000",19.1699733734131
"CL","2026-09-28T03:00:00.000000",19.1731224060059
"CL","2026-09-28T04:00:00.000000",19.1702709197998
"CL","2026-09-28T05:00:00.000000",19.1670627593994
"CL","2026-09-28T06:00:00.000000",19.1605758666992
"CL","2026-09-28T07:00:00.000000",19.1576385498047
"CL","2026-09-28T08:00:00.000000",19.1567993164062
"CL","2026-09-28T09:00:00.000000",19.1420497894287
"CL","2026-09-28T10:00:00.000000",19.1561450958252
"CL","2026-09-28T11:00:00.000000",19.1625938415527
"CL","2026-09-28T12:00:00.000000",19.1530742645264
"CL","2026-09-28T13:00:00.000000",19.1451072692871
"CL","2026-09-28T14:00:00.000000",19.1407985687256
"CL","2026-09-28T15:00:00.000000",19.1415004730225
"CL","2026-09-28T16:00:00.000000",19.1468296051025
"CL","2026-09-28T17:00:00.000000",19.1528987884521
"CL","2026-09-28T18:00:00.000000",19.1544208526611
"CL","2026-09-28T19:00:00.000000",19.1568145751953
"CL","2026-09-28T20:00:00.000000",19.1602268218994
"CL","2026-09-28T21:00:00.000000",19.1611518859863
"CL","2026-09-28T22:00:00.000000",19.1403217315674
"CL","2026-09-28T23:00:00.000000",19.115442276001
"CL","2026-09-29T00:00:00.000000",19.0975723266602
"CL","2026-09-29T01:00:00.000000",19.0885219573975
"CL","2026-09-29T02:00:00.000000",19.0849323272705
"CL","2026-09-29T03:00:00.000000",19.08740234375
"CL","2026-09-29T04:00:00.000000",19.0812168121338
"CL","2026-09-29T05:00:00.000000",19.080228805542
"CL","2026-09-29T06:00:00.000000",19.0802707672119
"CL","2026-09-29T07:00:00.000000",19.0767555236816
"CL","2026-09-29T08:00:00.000000",19.0739154815674
"CL","2026-09-29T09:00:00.000000",19.0722732543945
"CL","2026-09-29T10:00:00.000000",19.0706310272217
"CL","2026-09-29T11:00:00.000000",19.0444717407227
"CL","2026-09-29T12:00:00.000000",19.0180130004883
"CL","2026-09-29T13:00:00.000000",18.9994106292725
"CL","2026-09-29T14:00:00.000000",18.9894466400146
"CL","2026-09-29T15:00:00.000000",19.0011825561523
"CL","2026-09-29T16:00:00.000000",19.0298595428467
"CL","2026-09-29T17:00:00.000000",19.0553226470947
"CL","2026-09-29T18:00:00.000000",19.0832042694092
"CL","2026-09-29T19:00:00.000000",19.09885597229
"CL","2026-09-29T20:00:00.000000",19.1049423217773
"CL","2026-09-29T21:00:00.000000",19.1074066162109
"CL","2026-09-29T22:00:00.000000",19.1036720275879
"CL","2026-09-29T23:00:00.000000",19.0307331085205
"CL","2026-09-30T00:00:00.000000",19.0254535675049
"CL","2026-09-30T01:00:00.000000",19.0166015625
"CL","2026-09-30T02:00:00.000000",19.0136432647705
"CL","2026-09-30T03:00:00.000000",19.0179805755615
"CL","2026-09-30T04:00:00.000000",19.0256252288818
"CL","2026-09-30T05:00:00.000000",19.0298480987549
"CL","2026-09-30T06:00:00.000000",19.0501155853271
"CL","2026-09-30T07:00:00.000000",19.0780410766602
"CL","2026-09-30T08:00:00.000000",19.0862083435059
"CL","2026-09-30T09:00:00.000000",19.090160369873
"CL","2026-09-30T10:00:00.000000",19.0839004516602
"CL","2026-09-30T11:00:00.000000",19.0066184997559
"CL","2026-09-30T12:00:00.000000",19.0166015625
"CL","2026-09-30T13:00:00.000000",19.025032043457
"CL","2026-09-30T14:00:00.000000",19.0278358459473
"CL","2026-09-30T15:00:00.000000",19.0319900512695
"CL","2026-09-30T16:00:00.000000",19.0394897460938
"CL","2026-09-30T17:00:00.000000",19.0487098693848
"CL","2026-09-30T18:00:00.000000",19.0524978637695
"CL","2026-09-30T19:00:00.000000",19.0570373535156
"CL","2026-09-30T20:00:00.000000",19.0639133453369
"CL","2026-09-30T21:00:00.000000",19.074197769165
"CL","2026-09-30T22:00:00.000000",19.0863990783691
"CL","2026-09-30T23:00:00.000000",19.097562789917
"CL","2026-10-01T00:00:00.000000",19.1811962127686
"CL","2026-10-01T01:00:00.000000",19.2122573852539
"CL","2026-10-01T02:00:00.000000",19.2217235565186
"CL","2026-10-01T03:00:00.000000",19.2073612213135
"CL","2026-10-01T04:00:00.000000",19.2061405181885
"CL","2026-10-01T05:00:00.000000",19.2197914123535
"CL","2026-10-01T06:00:00.000000",19.2019157409668
"CL","2026-10-01T07:00:00.000000",19.1349964141846
"CL","2026-10-01T08:00:00.000000",19.108757019043
"CL","2026-10-01T09:00:00.000000",19.106897354126
"CL","2026-10-01T10:00:00.000000",19.1059055328369
"CL","2026-10-01T11:00:00.000000",19.1136589050293
"CL","2026-10-01T12:00:00.000000",19.2097606658936
"CL","2026-10-01T13:00:00.000000",19.2062511444092
"CL","2026-10-01T14:00:00.000000",19.2088642120361
"CL","2026-10-01T15:00:00.000000",19.2230052947998
"CL","2026-10-01T16:00:00.000000",19.2349071502686
"CL","2026-10-01T17:00:00.000000",19.2364559173584
"CL","2026-10-01T18:00:00.000000",19.2384243011475
"CL","2026-10-01T19:00:00.000000",19.2366733551025
"CL","2026-10-01T20:00:00.000000",19.2339744567871
"CL","2026-10-01T21:00:00.000000",19.2225303649902
"CL","2026-10-01T22:00:00.000000",19.2061500549316
"CL","2026-10-01T23:00:00.000000",19.1856327056885
"CL","2026-10-02T00:00:00.000000",19.2379703521729
"FG","2026-09-24T00:00:00.000000",20.6930313110352
"FG","2026-09-24T01:00:00.000000",20.6803550720215
"FG","2026-09-24T02:00:00.000000",20.6743850708008
"FG","2026-09-24T03:00:00.000000",20.6632270812988
"FG","2026-09-24T04:00:00.000000",20.6418514251709
"FG","2026-09-24T05:00:00.000000",20.6321468353271
"FG","2026-09-24T06:00:00.000000",20.6181793212891
"FG","2026-09-24T07:00:00.000000",20.5635929107666
"FG","2026-09-24T08:00:00.000000",20.4716930389404
"FG","2026-09-24T09:00:00.000000",20.509147644043
"FG","2026-09-24T10:00:00.000000",20.5445041656494
"FG","2026-09-24T11:00:00.000000",20.5142993927002
"FG","2026-09-24T12:00:00.000000",20.4587669372559
"FG","2026-09-24T13:00:00.000000",20.4171485900879
"FG","2026-09-24T14:00:00.000000",20.450122833252
"FG","2026-09-24T15:00:00.000000",20.4892177581787
"FG","2026-09-24T16:00:00.000000",20.4906177520752
"FG","2026-09-24T17:00:00.000000",20.4512310028076
"FG","2026-09-24T18:00:00.000000",20.4908542633057
"FG","2026-09-24T19:00:00.000000",20.4597454071045
"FG","2026-09-24T20:00:00.000000",20.3404846191406
"FG","2026-09-24T21:00:00.000000",20.2881622314453
"FG","2026-09-24T22:00:00.000000",20.3836879730225
"FG","2026-09-24T23:00:00.000000",20.4140968322754
"FG","2026-09-25T00:00:00.000000",20.3934440612793
"FG","2026-09-25T01:00:00.000000",20.3410606384277
"FG","2026-09-25T02:00:00.000000",20.3374824523926
"FG","2026-09-25T03:00:00.000000",20.3287658691406
"FG","2026-09-25T04:00:00.000000",20.3196506500244
"FG","2026-09-25T05:00:00.000000",20.2996635437012
"FG","2026-09-25T06:00:00.000000",20.2795162200928
"FG","2026-09-25T07:00:00.000000",20.2645206451416
"FG","2026-09-25T08:00:00.000000",20.1743640899658
"FG","2026-09-25T09:00:00.000000",20.0569686889648
"FG","2026-09-25T10:00:00.000000",20.1362857818604
"FG","2026-09-25T11:00:00.000000",20.1639213562012
"FG","2026-09-25T12:00:00.000000",20.1183032989502
"FG","2026-09-25T13:00:00.000000",20.0761489868164
"FG","2026-09-25T14:00:00.000000",20.0608291625977
"FG","2026-09-25T15:00:00.000000",20.0908336639404
"FG","2026-09-25T16:00:00.000000",20.1165580749512
"FG","2026-09-25T17:00:00.000000",20.1030921936035
"FG","2026-09-25T18:00:00.000000",20.1203098297119
"FG","2026-09-25T19:00:00.000000",20.1274261474609
"FG","2026-09-25T20:00:00.000000",20.022346496582
"FG","2026-09-25T21:00:00.000000",19.859001159668
"FG","2026-09-25T22:00:00.000000",19.7284336090088
"FG","2026-09-25T23:00:00.000000",19.85325050354
"FG","2026-09-26T00:00:00.000000",19.9805641174316
"FG","2026-09-26T01:00:00.000000",19.9736251831055
"FG","2026-09-26T02:00:00.000000",19.9480419158936
"FG","2026-09-26T03:00:00.000000",19.9726791381836
"FG","2026-09-26T04:00:00.000000",19.9449863433838
"FG","2026-09-26T05:00:00.000000",19.94313621521
"FG","2026-09-26T06:00:00.000000",19.8860130310059
"FG","2026-09-26T07:00:00.000000",19.7883758544922
"FG","2026-09-26T08:00:00.000000",19.7247142791748
"FG","2026-09-26T09:00:00.000000",19.5744895935059
"FG","2026-09-26T10:00:00.000000",19.5339450836182
"FG","2026-09-26T11:00:00.000000",19.6062316894531
"FG","2026-09-26T12:00:00.000000",19.6966857910156
"FG","2026-09-26T13:00:00.000000",19.7482089996338
"FG","2026-09-26T14:00:00.000000",19.6623229980469
"FG","2026-09-26T15:00:00.000000",19.7369937896729
"FG","2026-09-26T16:00:00.000000",19.7989349365234
"FG","2026-09-26T17:00:00.000000",19.8354988098145
"FG","2026-09-26T18:00:00.000000",19.6908702850342
"FG","2026-09-26T19:00:00.000000",19.7539520263672
"FG","2026-09-26T20:00:00.000000",19.759449005127
"FG","2026-09-26T21:00:00.000000",19.5659866333008
"FG","2026-09-26T22:00:00.000000",19.3551082611084
"FG","2026-09-26T23:00:00.000000",19.4581470489502
"FG","2026-09-27T00:00:00.000000",19.4759140014648
"FG","2026-09-27T01:00:00.000000",19.6853504180908
"FG","2026-09-27T02:00:00.000000",19.6445159912109
"FG","2026-09-27T03:00:00.000000",19.3369255065918
"FG","2026-09-27T04:00:00.000000",19.6005039215088
"FG","2026-09-27T05:00:00.000000",19.6768665313721
"FG","2026-09-27T06:00:00.000000",19.69997215271
"FG","2026-09-27T07:00:00.000000",19.4611530303955
"FG","2026-09-27T08:00:00.000000",19.5019073486328
"FG","2026-09-27T09:00:00.000000",19.2986183166504
"FG","2026-09-27T10:00:00.000000",19.435474395752
"FG","2026-09-27T11:00:00.000000",19.2331409454346
"FG","2026-09-27T12:00:00.000000",19.3194999694824
"FG","2026-09-27T13:00:00.000000",19.4784774780273
"FG","2026-09-27T14:00:00.000000",19.5012035369873
"FG","2026-09-27T15:00:00.000000",19.5185394287109
"FG","2026-09-27T16:00:00.000000",19.5713806152344
"FG","2026-09-27T17:00:00.000000",19.6213397979736
"FG","2026-09-27T18:00:00.000000",19.637357711792
"FG","2026-09-27T19:00:00.000000",19.5504035949707
"FG","2026-09-27T20:00:00.000000",19.4191932678223
"FG","2026-09-27T21:00:00.000000",19.3946113586426
"FG","2026-09-27T22:00:00.000000",19.3681201934814
"FG","2026-09-27T23:00:00.000000",19.3812961578369
"FG","2026-09-28T00:00:00.000000",19.4158496856689
"FG","2026-09-28T01:00:00.000000",19.4551048278809
"FG","2026-09-28T02:00:00.000000",19.4704837799072
"FG","2026-09-28T03:00:00.000000",19.4685497283936
"FG","2026-09-28T04:00:00.000000",19.5003623962402
"FG","2026-09-28T05:00:00.000000",19.5436592102051
"FG","2026-09-28T06:00:00.000000",19.5634212493896
"FG","2026-09-28T07:00:00.000000",19.4204864501953
"FG","2026-09-28T08:00:00.000000",19.4470920562744
"FG","2026-09-28T09:00:00.000000",19.4515056610107
"FG","2026-09-28T10:00:00.000000",19.3990211486816
"FG","2026-09-28T11:00:00.000000",19.3644542694092
"FG","2026-09-28T12:00:00.000000",19.3820056915283
"FG","2026-09-28T13:00:00.000000",19.3917407989502
"FG","2026-09-28T14:00:00.000000",19.4620532989502
"FG","2026-09-28T15:00:00.000000",19.4461441040039
"FG","2026-09-28T16:00:00.000000",19.4853363037109
"FG","2026-09-28T17:00:00.000000",19.525857925415
"FG","2026-09-28T18:00:00.000000",19.5962009429932
"FG","2026-09-28T19:00:00.000000",19.4180717468262
"FG","2026-09-28T20:00:00.000000",19.4490051269531
"FG","2026-09-28T21:00:00.000000",19.4905414581299
"FG","2026-09-28T22:00:00.000000",19.4720897674561
"FG","2026-09-28T23:00:00.000000",19.4196338653564
"FG","2026-09-29T00:00:00.000000",19.424732208252
"FG","2026-09-29T01:00:00.000000",19.4172897338867
"FG","2026-09-29T02:00:00.000000",19.4752559661865
"FG","2026-09-29T03:00:00.000000",19.4685688018799
"FG","2026-09-29T04:00:00.000000",19.5168437957764
"FG","2026-09-29T05:00:00.000000",19.5809001922607
"FG","2026-09-29T06:00:00.000000",19.6313323974609
"FG","2026-09-29T07:00:00.000000",19.5333118438721
"FG","2026-09-29T08:00:00.000000",19.4509220123291
"FG","2026-09-29T09:00:00.000000",19.507511138916
"FG","2026-09-29T10:00:00.000000",19.4882049560547
"FG","2026-09-29T11:00:00.000000",19.4057884216309
"FG","2026-09-29T12:00:00.000000",19.3891334533691
"FG","2026-09-29T13:00:00.000000",19.417366027832
"FG","2026-09-29T14:00:00.000000",19.463903427124
"FG","2026-09-29T15:00:00.000000",19.5338134765625
"FG","2026-09-29T16:00:00.000000",19.5600967407227
"FG","2026-09-29T17:00:00.000000",19.6275691986084
"FG","2026-09-29T18:00:00.000000",19.6827907562256
"FG","2026-09-29T19:00:00.000000",19.6991748809814
"FG","2026-09-29T20:00:00.000000",19.4819774627686
"FG","2026-09-29T21:00:00.000000",19.549747467041
"FG","2026-09-29T22:00:00.000000",19.529598236084
"FG","2026-09-29T23:00:00.000000",19.5601272583008
"FG","2026-09-30T00:00:00.000000",19.4659404754639
"FG","2026-09-30T01:00:00.000000",19.48756980896
"FG","2026-09-30T02:00:00.000000",19.4809150695801
"FG","2026-09-30T03:00:00.000000",19.5878963470459
"FG","2026-09-30T04:00:00.000000",19.6611232757568
"FG","2026-09-30T05:00:00.000000",19.728307723999
"FG","2026-09-30T06:00:00.000000",19.767765045166
"FG","2026-09-30T07:00:00.000000",19.789436340332
"FG","2026-09-30T08:00:00.000000",19.5062141418457
"FG","2026-09-30T09:00:00.000000",19.5347938537598
"FG","2026-09-30T10:00:00.000000",19.5655174255371
"FG","2026-09-30T11:00:00.000000",19.5352687835693
"FG","2026-09-30T12:00:00.000000",19.4674453735352
"FG","2026-09-30T13:00:00.000000",19.4821033477783
"FG","2026-09-30T14:00:00.000000",19.488000869751
"FG","2026-09-30T15:00:00.000000",19.5433712005615
"FG","2026-09-30T16:00:00.000000",19.6207256317139
"FG","2026-09-30T17:00:00.000000",19.6631278991699
"FG","2026-09-30T18:00:00.000000",19.723217010498
"FG","2026-09-30T19:00:00.000000",19.776876449585
"FG","2026-09-30T20:00:00.000000",19.6552505493164
"FG","2026-09-30T21:00:00.000000",19.499885559082
"FG","2026-09-30T22:00:00.000000",19.6251049041748
"FG","2026-09-30T23:00:00.000000",19.6121940612793
"FG","2026-10-01T00:00:00.000000",19.5890712738037
"FG","2026-10-01T01:00:00.000000",19.5619678497314
"FG","2026-10-01T02:00:00.000000",19.5517864227295
"FG","2026-10-01T03:00:00.000000",19.5806522369385
"FG","2026-10-01T04:00:00.000000",19.6743183135986
"FG","2026-10-01T05:00:00.000000",19.7344989776611
"FG","2026-10-01T06:00:00.000000",19.7738952636719
"FG","2026-10-01T07:00:00.000000",19.7991962432861
"FG","2026-10-01T08:00:00.000000",19.8056964874268
"FG","2026-10-01T09:00:00.000000",19.5837459564209
"FG","2026-10-01T10:00:00.000000",19.622127532959
"FG","2026-10-01T11:00:00.000000",19.6487064361572
"FG","2026-10-01T12:00:00.000000",19.6078319549561
"FG","2026-10-01T13:00:00.000000",19.5480728149414
"FG","2026-10-01T14:00:00.000000",19.5494213104248
"FG","2026-10-01T15:00:00.000000",19.5317001342773
"FG","2026-10-01T16:00:00.000000",19.6145038604736
"FG","2026-10-01T17:00:00.000000",19.6871089935303
"FG","2026-10-01T18:00:00.000000",19.72971534729
"FG","2026-10-01T19:00:00.000000",19.789436340332
"FG","2026-10-01T20:00:00.000000",19.8112316131592
"FG","2026-10-01T21:00:00.000000",19.689624786377
"FG","2026-10-01T22:00:00.000000",19.5754375457764
"FG","2026-10-01T23:00:00.000000",19.7119922637939
"FG","2026-10-02T00:00:00.000000",19.6763496398926
"GI","2026-09-24T00:00:00.000000",20.0241527557373
"GI","2026-09-24T01:00:00.000000",20.0177783966064
"GI","2026-09-24T02:00:00.000000",20.0011978149414
"GI","2026-09-24T03:00:00.000000",19.9870834350586
"GI","2026-09-24T04:00:00.000000",19.972843170166
"GI","2026-09-24T05:00:00.000000",19.960470199585
"GI","2026-09-24T06:00:00.000000",19.9474182128906
"GI","2026-09-24T07:00:00.000000",19.9341373443604
"GI","2026-09-24T08:00:00.000000",19.9211502075195
"GI","2026-09-24T09:00:00.000000",19.9067993164062
"GI","2026-09-24T10:00:00.000000",19.8942966461182
"GI","2026-09-24T11:00:00.000000",19.8852462768555
"GI","2026-09-24T12:00:00.000000",19.8711795806885
"GI","2026-09-24T13:00:00.000000",19.8598556518555
"GI","2026-09-24T14:00:00.000000",19.8507118225098
"GI","2026-09-24T15:00:00.000000",19.8434638977051
"GI","2026-09-24T16:00:00.000000",19.8367519378662
"GI","2026-09-24T17:00:00.000000",19.8302001953125
"GI","2026-09-24T18:00:00.000000",19.8245868682861
"GI","2026-09-24T19:00:00.000000",19.8265495300293
"GI","2026-09-24T20:00:00.000000",19.8313446044922
"GI","2026-09-24T21:00:00.000000",19.8212108612061
"GI","2026-09-24T22:00:00.000000",19.8059196472168
"GI","2026-09-24T23:00:00.000000",19.7899036407471
"GI","2026-09-25T00:00:00.000000",19.7792930603027
"GI","2026-09-25T01:00:00.000000",19.7730026245117
"GI","2026-09-25T02:00:00.000000",19.7579898834229
"GI","2026-09-25T03:00:00.000000",19.7429504394531
"GI","2026-09-25T04:00:00.000000",19.7284832000732
"GI","2026-09-25T05:00:00.000000",19.7157421112061
"GI","2026-09-25T06:00:00.000000",19.7036075592041
"GI","2026-09-25T07:00:00.000000",19.6904106140137
"GI","2026-09-25T08:00:00.000000",19.6741828918457
"GI","2026-09-25T09:00:00.000000",19.6606845855713
"GI","2026-09-25T10:00:00.000000",19.6547985076904
"GI","2026-09-25T11:00:00.000000",19.6446228027344
"GI","2026-09-25T12:00:00.000000",19.6328659057617
"GI","2026-09-25T13:00:00.000000",19.6151332855225
"GI","2026-09-25T14:00:00.000000",19.6047916412354
"GI","2026-09-25T15:00:00.000000",19.5966396331787
"GI","2026-09-25T16:00:00.000000",19.5906734466553
"GI","2026-09-25T17:00:00.000000",19.5851287841797
"GI","2026-09-25T18:00:00.000000",19.5810451507568
"GI","2026-09-25T19:00:00.000000",19.5809764862061
"GI","2026-09-25T20:00:00.000000",19.5803337097168
"GI","2026-09-25T21:00:00.000000",19.5721740722656
"GI","2026-09-25T22:00:00.000000",19.545841217041
"GI","2026-09-25T23:00:00.000000",19.5272159576416
"GI","2026-09-26T00:00:00.000000",19.5118255615234
"GI","2026-09-26T01:00:00.000000",19.5095386505127
"GI","2026-09-26T02:00:00.000000",19.5096130371094
"GI","2026-09-26T03:00:00.000000",19.5034160614014
"GI","2026-09-26T04:00:00.000000",19.4940853118896
"GI","2026-09-26T05:00:00.000000",19.4855766296387
"GI","2026-09-26T06:00:00.000000",19.4754390716553
"GI","2026-09-26T07:00:00.000000",19.4634742736816
"GI","2026-09-26T08:00:00.000000",19.4496936798096
"GI","2026-09-26T09:00:00.000000",19.4324817657471
"GI","2026-09-26T10:00:00.000000",19.415225982666
"GI","2026-09-26T11:00:00.000000",19.4019374847412
"GI","2026-09-26T12:00:00.000000",19.3904190063477
"GI","2026-09-26T13:00:00.000000",19.3841171264648
"GI","2026-09-26T14:00:00.000000",19.3844413757324
"GI","2026-09-26T15:00:00.000000",19.3851680755615
"GI","2026-09-26T16:00:00.000000",19.3856563568115
"GI","2026-09-26T17:00:00.000000",19.3835048675537
"GI","2026-09-26T18:00:00.000000",19.380184173584
"GI","2026-09-26T19:00:00.000000",19.3775291442871
"GI","2026-09-26T20:00:00.000000",19.3749103546143
"GI","2026-09-26T21:00:00.000000",19.3713817596436
"GI","2026-09-26T22:00:00.000000",19.3543300628662
"GI","2026-09-26T23:00:00.000000",19.3463344573975
"GI","2026-09-27T00:00:00.000000",19.3380813598633
"GI","2026-09-27T01:00:00.000000",19.3262214660645
"GI","2026-09-27T02:00:00.000000",19.3109817504883
"GI","2026-09-27T03:00:00.000000",19.2993144989014
"GI","2026-09-27T04:00:00.000000",19.2953624725342
"GI","2026-09-27T05:00:00.000000",19.2894992828369
"GI","2026-09-27T06:00:00.000000",19.2829570770264
"GI","2026-09-27T07:00:00.000000",19.253776550293
"GI","2026-09-27T08:00:00.000000",19.2462062835693
"GI","2026-09-27T09:00:00.000000",19.2520523071289
"GI","2026-09-27T10:00:00.000000",19.2605533599854
"GI","2026-09-27T11:00:00.000000",19.2683258056641
"GI","2026-09-27T12:00:00.000000",19.264554977417
"GI","2026-09-27T13:00:00.000000",19.2626609802246
"GI","2026-09-27T14:00:00.000000",19.2574920654297
"GI","2026-09-27T15:00:00.000000",19.2581825256348
"GI","2026-09-27T16:00:00.000000",19.2629737854004
"GI","2026-09-27T17:00:00.000000",19.2670078277588
"GI","2026-09-27T18:00:00.000000",19.26930809021
"GI","2026-09-27T19:00:00.000000",19.2692604064941
"GI","2026-09-27T20:00:00.000000",19.2582302093506
"GI","2026-09-27T21:00:00.000000",19.2305736541748
"GI","2026-09-27T22:00:00.000000",19.2312717437744
"GI","2026-09-27T23:00:00.000000",19.2245960235596
"GI","2026-09-28T00:00:00.000000",19.2085475921631
"GI","2026-09-28T01:00:00.000000",19.1996459960938
"GI","2026-09-28T02:00:00.000000",19.1887035369873
"GI","2026-09-28T03:00:00.000000",19.1726741790771
"GI","2026-09-28T04:00:00.000000",19.1733417510986
"GI","2026-09-28T05:00:00.000000",19.1678943634033
"GI","2026-09-28T06:00:00.000000",19.1602420806885
"GI","2026-09-28T07:00:00.000000",19.1566066741943
"GI","2026-09-28T08:00:00.000000",19.1553573608398
"GI","2026-09-28T09:00:00.000000",19.1453189849854
"GI","2026-09-28T10:00:00.000000",19.1459846496582
"GI","2026-09-28T11:00:00.000000",19.1476821899414
"GI","2026-09-28T12:00:00.000000",19.1559925079346
"GI","2026-09-28T13:00:00.000000",19.1544933319092
"GI","2026-09-28T14:00:00.000000",19.154333114624
"GI","2026-09-28T15:00:00.000000",19.1374988555908
"GI","2026-09-28T16:00:00.000000",19.139533996582
"GI","2026-09-28T17:00:00.000000",19.14794921875
"GI","2026-09-28T18:00:00.000000",19.150318145752
"GI","2026-09-28T19:00:00.000000",19.1498794555664
"GI","2026-09-28T20:00:00.000000",19.151538848877
"GI","2026-09-28T21:00:00.000000",19.149938583374
"GI","2026-09-28T22:00:00.000000",19.138484954834
"GI","2026-09-28T23:00:00.000000",19.0980529785156
"GI","2026-09-29T00:00:00.000000",19.08376121521
"GI","2026-09-29T01:00:00.000000",19.0779228210449
"GI","2026-09-29T02:00:00.000000",19.068489074707
"GI","2026-09-29T03:00:00.000000",19.0629901885986
"GI","2026-09-29T04:00:00.000000",19.068187713623
"GI","2026-09-29T05:00:00.000000",19.0763301849365
"GI","2026-09-29T06:00:00.000000",19.0720596313477
"GI","2026-09-29T07:00:00.000000",19.0630931854248
"GI","2026-09-29T08:00:00.000000",19.0580043792725
"GI","2026-09-29T09:00:00.000000",19.0576267242432
"GI","2026-09-29T10:00:00.000000",19.0604724884033
"GI","2026-09-29T11:00:00.000000",19.0672225952148
"GI","2026-09-29T12:00:00.000000",19.0562267303467
"GI","2026-09-29T13:00:00.000000",19.0418720245361
"GI","2026-09-29T14:00:00.000000",19.0364112854004
"GI","2026-09-29T15:00:00.000000",19.0451164245605
"GI","2026-09-29T16:00:00.000000",19.068567276001
"GI","2026-09-29T17:00:00.000000",19.084114074707
"GI","2026-09-29T18:00:00.000000",19.0917682647705
"GI","2026-09-29T19:00:00.000000",19.094762802124
"GI","2026-09-29T20:00:00.000000",19.096586227417
"GI","2026-09-29T21:00:00.000000",19.0959129333496
"GI","2026-09-29T22:00:00.000000",19.0988578796387
"GI","2026-09-29T23:00:00.000000",19.0975074768066
"GI","2026-09-30T00:00:00.000000",19.0686874389648
"GI","2026-09-30T01:00:00.000000",19.0421333312988
"GI","2026-09-30T02:00:00.000000",19.0370540618896
"GI","2026-09-30T03:00:00.000000",19.0366649627686
"GI","2026-09-30T04:00:00.000000",19.056245803833
"GI","2026-09-30T05:00:00.000000",19.0797348022461
"GI","2026-09-30T06:00:00.000000",19.0888557434082
"GI","2026-09-30T07:00:00.000000",19.0926952362061
"GI","2026-09-30T08:00:00.000000",19.0934295654297
"GI","2026-09-30T09:00:00.000000",19.100492477417
"GI","2026-09-30T10:00:00.000000",19.0919513702393
"GI","2026-09-30T11:00:00.000000",19.085334777832
"GI","2026-09-30T12:00:00.000000",19.0338859558105
"GI","2026-09-30T13:00:00.000000",19.021411895752
"GI","2026-09-30T14:00:00.000000",19.0273761749268
"GI","2026-09-30T15:00:00.000000",19.0329170227051
"GI","2026-09-30T16:00:00.000000",19.0349197387695
"GI","2026-09-30T17:00:00.000000",19.0410213470459
"GI","2026-09-30T18:00:00.000000",19.0631561279297
"GI","2026-09-30T19:00:00.000000",19.0767631530762
"GI","2026-09-30T20:00:00.000000",19.0827465057373
"GI","2026-09-30T21:00:00.000000",19.0868034362793
"GI","2026-09-30T22:00:00.000000",19.090461730957
"GI","2026-09-30T23:00:00.000000",19.0874652862549
"GI","2026-10-01T00:00:00.000000",19.0851287841797
"GI","2026-10-01T01:00:00.000000",19.1270847320557
"GI","2026-10-01T02:00:00.000000",19.1757831573486
"GI","2026-10-01T03:00:00.000000",19.1912803649902
"GI","2026-10-01T04:00:00.000000",19.1878528594971
"GI","2026-10-01T05:00:00.000000",19.141393661499
"GI","2026-10-01T06:00:00.000000",19.10205078125
"GI","2026-10-01T07:00:00.000000",19.0962162017822
"GI","2026-10-01T08:00:00.000000",19.0964736938477
"GI","2026-10-01T09:00:00.000000",19.0975074768066
"GI","2026-10-01T10:00:00.000000",19.0982913970947
"GI","2026-10-01T11:00:00.000000",19.0998878479004
"GI","2026-10-01T12:00:00.000000",19.1019229888916
"GI","2026-10-01T13:00:00.000000",19.179615020752
"GI","2026-10-01T14:00:00.000000",19.2059879302979
"GI","2026-10-01T15:00:00.000000",19.2105331420898
"GI","2026-10-01T16:00:00.000000",19.2150688171387
"GI","2026-10-01T17:00:00.000000",19.2189178466797
"GI","2026-10-01T18:00:00.000000",19.2138061523438
"GI","2026-10-01T19:00:00.000000",19.1912879943848
"GI","2026-10-01T20:00:00.000000",19.1756191253662
"GI","2026-10-01T21:00:00.000000",19.167760848999
"GI","2026-10-01T22:00:00.000000",19.1584548950195
"GI","2026-10-01T23:00:00.000000",19.1523303985596
"GI","2026-10-02T00:00:00.000000",19.1611366271973
"JB","2026-09-24T00:00:00.000000",20.5953254699707
"JB","2026-09-24T01:00:00.000000",20.5834045410156
"JB","2026-09-24T02:00:00.000000",20.5655097961426
"JB","2026-09-24T03:00:00.000000",20.5415000915527
"JB","2026-09-24T04:00:00.000000",20.5179233551025
"JB","2026-09-24T05:00:00.000000",20.5009956359863
"JB","2026-09-24T06:00:00.000000",20.4969749450684
"JB","2026-09-24T07:00:00.000000",20.4874439239502
"JB","2026-09-24T08:00:00.000000",20.47043800354
"JB","2026-09-24T09:00:00.000000",20.4016437530518
"JB","2026-09-24T10:00:00.000000",20.3498687744141
"JB","2026-09-24T11:00:00.000000",20.3415107727051
"JB","2026-09-24T12:00:00.000000",20.3968524932861
"JB","2026-09-24T13:00:00.000000",20.3903636932373
"JB","2026-09-24T14:00:00.000000",20.400463104248
"JB","2026-09-24T15:00:00.000000",20.3874111175537
"JB","2026-09-24T16:00:00.000000",20.3646640777588
"JB","2026-09-24T17:00:00.000000",20.3537082672119
"JB","2026-09-24T18:00:00.000000",20.3488502502441
"JB","2026-09-24T19:00:00.000000",20.3451709747314
"JB","2026-09-24T20:00:00.000000",20.3321743011475
"JB","2026-09-24T21:00:00.000000",20.3031921386719
"JB","2026-09-24T22:00:00.000000",20.2549095153809
"JB","2026-09-24T23:00:00.000000",20.1903839111328
"JB","2026-09-25T00:00:00.000000",20.2630996704102
"JB","2026-09-25T01:00:00.000000",20.2501163482666
"JB","2026-09-25T02:00:00.000000",20.2344093322754
"JB","2026-09-25T03:00:00.000000",20.2150764465332
"JB","2026-09-25T04:00:00.000000",20.1780872344971
"JB","2026-09-25T05:00:00.000000",20.1539421081543
"JB","2026-09-25T06:00:00.000000",20.1396770477295
"JB","2026-09-25T07:00:00.000000",20.1692771911621
"JB","2026-09-25T08:00:00.000000",20.153902053833
"JB","2026-09-25T09:00:00.000000",20.1342372894287
"JB","2026-09-25T10:00:00.000000",20.0922889709473
"JB","2026-09-25T11:00:00.000000",20.0292110443115
"JB","2026-09-25T12:00:00.000000",20.0147838592529
"JB","2026-09-25T13:00:00.000000",20.0716114044189
"JB","2026-09-25T14:00:00.000000",20.0601024627686
"JB","2026-09-25T15:00:00.000000",20.046760559082
"JB","2026-09-25T16:00:00.000000",20.0272197723389
"JB","2026-09-25T17:00:00.000000",20.0149784088135
"JB","2026-09-25T18:00:00.000000",20.0093955993652
"JB","2026-09-25T19:00:00.000000",20.0186901092529
"JB","2026-09-25T20:00:00.000000",19.999002456665
"JB","2026-09-25T21:00:00.000000",19.9860973358154
"JB","2026-09-25T22:00:00.000000",19.9425735473633
"JB","2026-09-25T23:00:00.000000",19.8725299835205
"JB","2026-09-26T00:00:00.000000",19.8013496398926
"JB","2026-09-26T01:00:00.000000",19.901050567627
"JB","2026-09-26T02:00:00.000000",19.8884429931641
"JB","2026-09-26T03:00:00.000000",19.8743114471436
"JB","2026-09-26T04:00:00.000000",19.8597812652588
"JB","2026-09-26T05:00:00.000000",19.8252105712891
"JB","2026-09-26T06:00:00.000000",19.809196472168
"JB","2026-09-26T07:00:00.000000",19.8113994598389
"JB","2026-09-26T08:00:00.000000",19.8185119628906
"JB","2026-09-26T09:00:00.000000",19.8075122833252
"JB","2026-09-26T10:00:00.000000",19.7837524414062
"JB","2026-09-26T11:00:00.000000",19.7351627349854
"JB","2026-09-26T12:00:00.000000",19.6921997070312
"JB","2026-09-26T13:00:00.000000",19.7392501831055
"JB","2026-09-26T14:00:00.000000",19.7523097991943
"JB","2026-09-26T15:00:00.000000",19.7455062866211
"JB","2026-09-26T16:00:00.000000",19.7389125823975
"JB","2026-09-26T17:00:00.000000",19.734203338623
"JB","2026-09-26T18:00:00.000000",19.7339878082275
"JB","2026-09-26T19:00:00.000000",19.7297878265381
"JB","2026-09-26T20:00:00.000000",19.7223663330078
"JB","2026-09-26T21:00:00.000000",19.7190704345703
"JB","2026-09-26T22:00:00.000000",19.7132205963135
"JB","2026-09-26T23:00:00.000000",19.6480941772461
"JB","2026-09-27T00:00:00.000000",19.5505714416504
"JB","2026-09-27T01:00:00.000000",19.5969944000244
"JB","2026-09-27T02:00:00.000000",19.6625328063965
"JB","2026-09-27T03:00:00.000000",19.643383026123
"JB","2026-09-27T04:00:00.000000",19.62868309021
"JB","2026-09-27T05:00:00.000000",19.6419563293457
"JB","2026-09-27T06:00:00.000000",19.6377735137939
"JB","2026-09-27T07:00:00.000000",19.5976142883301
"JB","2026-09-27T08:00:00.000000",19.5833568572998
"JB","2026-09-27T09:00:00.000000",19.57790184021
"JB","2026-09-27T10:00:00.000000",19.5742034912109
"JB","2026-09-27T11:00:00.000000",19.5606918334961
"JB","2026-09-27T12:00:00.000000",19.5437564849854
"JB","2026-09-27T13:00:00.000000",19.6219444274902
"JB","2026-09-27T14:00:00.000000",19.6243801116943
"JB","2026-09-27T15:00:00.000000",19.6258850097656
"JB","2026-09-27T16:00:00.000000",19.6254692077637
"JB","2026-09-27T17:00:00.000000",19.5519886016846
"JB","2026-09-27T18:00:00.000000",19.5246410369873
"JB","2026-09-27T19:00:00.000000",19.5278224945068
"JB","2026-09-27T20:00:00.000000",19.5705108642578
"JB","2026-09-27T21:00:00.000000",19.6006965637207
"JB","2026-09-27T22:00:00.000000",19.6270599365234
"JB","2026-09-27T23:00:00.000000",19.6196537017822
"JB","2026-09-28T00:00:00.000000",19.5431060791016
"JB","2026-09-28T01:00:00.000000",19.4814224243164
"JB","2026-09-28T02:00:00.000000",19.5972099304199
"JB","2026-09-28T03:00:00.000000",19.5921401977539
"JB","2026-09-28T04:00:00.000000",19.5985126495361
"JB","2026-09-28T05:00:00.000000",19.5686836242676
"JB","2026-09-28T06:00:00.000000",19.5479164123535
"JB","2026-09-28T07:00:00.000000",19.5707473754883
"JB","2026-09-28T08:00:00.000000",19.5809993743896
"JB","2026-09-28T09:00:00.000000",19.5750160217285
"JB","2026-09-28T10:00:00.000000",19.5733833312988
"JB","2026-09-28T11:00:00.000000",19.57839012146
"JB","2026-09-28T12:00:00.000000",19.5499725341797
"JB","2026-09-28T13:00:00.000000",19.4703769683838
"JB","2026-09-28T14:00:00.000000",19.5336380004883
"JB","2026-09-28T15:00:00.000000",19.6073112487793
"JB","2026-09-28T16:00:00.000000",19.6162872314453
"JB","2026-09-28T17:00:00.000000",19.5994968414307
"JB","2026-09-28T18:00:00.000000",19.539680480957
"JB","2026-09-28T19:00:00.000000",19.5510330200195
"JB","2026-09-28T20:00:00.000000",19.647705078125
"JB","2026-09-28T21:00:00.000000",19.6213417053223
"JB","2026-09-28T22:00:00.000000",19.6354675292969
"JB","2026-09-28T23:00:00.000000",19.6652870178223
"JB","2026-09-29T00:00:00.000000",19.6343212127686
"JB","2026-09-29T01:00:00.000000",19.5249462127686
"JB","2026-09-29T02:00:00.000000",19.5071868896484
"JB","2026-09-29T03:00:00.000000",19.6610374450684
"JB","2026-09-29T04:00:00.000000",19.6978797912598
"JB","2026-09-29T05:00:00.000000",19.6883125305176
"JB","2026-09-29T06:00:00.000000",19.6168880462646
"JB","2026-09-29T07:00:00.000000",19.6153564453125
"JB","2026-09-29T08:00:00.000000",19.7282562255859
"JB","2026-09-29T09:00:00.000000",19.7264652252197
"JB","2026-09-29T10:00:00.000000",19.6730937957764
"JB","2026-09-29T11:00:00.000000",19.7182807922363
"JB","2026-09-29T12:00:00.000000",19.6787033081055
"JB","2026-09-29T13:00:00.000000",19.5849227905273
"JB","2026-09-29T14:00:00.000000",19.4961452484131
"JB","2026-09-29T15:00:00.000000",19.6397247314453
"JB","2026-09-29T16:00:00.000000",19.7408657073975
"JB","2026-09-29T17:00:00.000000",19.7166309356689
"JB","2026-09-29T18:00:00.000000",19.6228084564209
"JB","2026-09-29T19:00:00.000000",19.5927810668945
"JB","2026-09-29T20:00:00.000000",19.6417751312256
"JB","2026-09-29T21:00:00.000000",19.7479705810547
"JB","2026-09-29T22:00:00.000000",19.7022495269775
"JB","2026-09-29T23:00:00.000000",19.8059406280518
"JB","2026-09-30T00:00:00.000000",19.9126014709473
"JB","2026-09-30T01:00:00.000000",19.6818370819092
"JB","2026-09-30T02:00:00.000000",19.5796775817871
"JB","2026-09-30T03:00:00.000000",19.6621131896973
"JB","2026-09-30T04:00:00.000000",19.7864265441895
"JB","2026-09-30T05:00:00.000000",19.7881259918213
"JB","2026-09-30T06:00:00.000000",19.6935024261475
"JB","2026-09-30T07:00:00.000000",19.6482238769531
"JB","2026-09-30T08:00:00.000000",19.7338886260986
"JB","2026-09-30T09:00:00.000000",19.8531837463379
"JB","2026-09-30T10:00:00.000000",19.7429733276367
"JB","2026-09-30T11:00:00.000000",19.6991081237793
"JB","2026-09-30T12:00:00.000000",19.6935081481934
"JB","2026-09-30T13:00:00.000000",19.6377906799316
"JB","2026-09-30T14:00:00.000000",19.5780506134033
"JB","2026-09-30T15:00:00.000000",19.5279846191406
"JB","2026-09-30T16:00:00.000000",19.7321376800537
"JB","2026-09-30T17:00:00.000000",19.8050708770752
"JB","2026-09-30T18:00:00.000000",19.7403240203857
"JB","2026-09-30T19:00:00.000000",19.6267566680908
"JB","2026-09-30T20:00:00.000000",19.6075477600098
"JB","2026-09-30T21:00:00.000000",19.6817150115967
"JB","2026-09-30T22:00:00.000000",19.6903133392334
"JB","2026-09-30T23:00:00.000000",19.6949920654297
"JB","2026-10-01T00:00:00.000000",19.7518558502197
"JB","2026-10-01T01:00:00.000000",19.7758522033691
"JB","2026-10-01T02:00:00.000000",19.6844692230225
"JB","2026-10-01T03:00:00.000000",19.5969581604004
"JB","2026-10-01T04:00:00.000000",19.7618980407715
"JB","2026-10-01T05:00:00.000000",19.7873935699463
"JB","2026-10-01T06:00:00.000000",19.7856731414795
"JB","2026-10-01T07:00:00.000000",19.7113494873047
"JB","2026-10-01T08:00:00.000000",19.7075901031494
"JB","2026-10-01T09:00:00.000000",19.7781772613525
"JB","2026-10-01T10:00:00.000000",19.8079566955566
"JB","2026-10-01T11:00:00.000000",19.8088989257812
"JB","2026-10-01T12:00:00.000000",19.7711334228516
"JB","2026-10-01T13:00:00.000000",19.765209197998
"JB","2026-10-01T14:00:00.000000",19.6895446777344
"JB","2026-10-01T15:00:00.000000",19.6240901947021
"JB","2026-10-01T16:00:00.000000",19.5780429840088
"JB","2026-10-01T17:00:00.000000",19.7601947784424
"JB","2026-10-01T18:00:00.000000",19.8137226104736
"JB","2026-10-01T19:00:00.000000",19.7933959960938
"JB","2026-10-01T20:00:00.000000",19.6987361907959
"JB","2026-10-01T21:00:00.000000",19.6811981201172
"JB","2026-10-01T22:00:00.000000",19.7130184173584
"JB","2026-10-01T23:00:00.000000",19.7354488372803
"JB","2026-10-02T00:00:00.000000",19.7949676513672
NA,"2026-09-24T00:00:00.000000",20.1181888580322
NA,"2026-09-24T01:00:00.000000",20.1166553497314
NA,"2026-09-24T02:00:00.000000",20.1077880859375
NA,"2026-09-24T03:00:00.000000",20.0981101989746
NA,"2026-09-24T04:00:00.000000",20.0872821807861
NA,"2026-09-24T05:00:00.000000",20.0748310089111
NA,"2026-09-24T06:00:00.000000",20.0613536834717
NA,"2026-09-24T07:00:00.000000",20.0480937957764
NA,"2026-09-24T08:00:00.000000",20.0376491546631
NA,"2026-09-24T09:00:00.000000",20.0317325592041
NA,"2026-09-24T10:00:00.000000",20.0236778259277
NA,"2026-09-24T11:00:00.000000",20.0112075805664
NA,"2026-09-24T12:00:00.000000",20.002347946167
NA,"2026-09-24T13:00:00.000000",19.9959506988525
NA,"2026-09-24T14:00:00.000000",19.9910926818848
NA,"2026-09-24T15:00:00.000000",19.9869918823242
NA,"2026-09-24T16:00:00.000000",19.982593536377
NA,"2026-09-24T17:00:00.000000",19.9777164459229
NA,"2026-09-24T18:00:00.000000",19.9722957611084
NA,"2026-09-24T19:00:00.000000",19.9656753540039
NA,"2026-09-24T20:00:00.000000",19.958122253418
NA,"2026-09-24T21:00:00.000000",19.9446277618408
NA,"2026-09-24T22:00:00.000000",19.9222373962402
NA,"2026-09-24T23:00:00.000000",19.9197731018066
NA,"2026-09-25T00:00:00.000000",19.9130764007568
NA,"2026-09-25T01:00:00.000000",19.9042892456055
NA,"2026-09-25T02:00:00.000000",19.8924522399902
NA,"2026-09-25T03:00:00.000000",19.8809833526611
NA,"2026-09-25T04:00:00.000000",19.8688354492188
NA,"2026-09-25T05:00:00.000000",19.8555889129639
NA,"2026-09-25T06:00:00.000000",19.8419570922852
NA,"2026-09-25T07:00:00.000000",19.8280067443848
NA,"2026-09-25T08:00:00.000000",19.8143196105957
NA,"2026-09-25T09:00:00.000000",19.8015670776367
NA,"2026-09-25T10:00:00.000000",19.7877902984619
NA,"2026-09-25T11:00:00.000000",19.77858543396
NA,"2026-09-25T12:00:00.000000",19.7686519622803
NA,"2026-09-25T13:00:00.000000",19.7641925811768
NA,"2026-09-25T14:00:00.000000",19.7582931518555
NA,"2026-09-25T15:00:00.000000",19.7517642974854
NA,"2026-09-25T16:00:00.000000",19.7451877593994
NA,"2026-09-25T17:00:00.000000",19.7389297485352
NA,"2026-09-25T18:00:00.000000",19.7327995300293
NA,"2026-09-25T19:00:00.000000",19.7236022949219
NA,"2026-09-25T20:00:00.000000",19.7168712615967
NA,"2026-09-25T21:00:00.000000",19.710111618042
NA,"2026-09-25T22:00:00.000000",19.7021560668945
NA,"2026-09-25T23:00:00.000000",19.6894302368164
NA,"2026-09-26T00:00:00.000000",19.6963958740234
NA,"2026-09-26T01:00:00.000000",19.6920566558838
NA,"2026-09-26T02:00:00.000000",19.6759014129639
NA,"2026-09-26T03:00:00.000000",19.6622276306152
NA,"2026-09-26T04:00:00.000000",19.6521186828613
NA,"2026-09-26T05:00:00.000000",19.6421241760254
NA,"2026-09-26T06:00:00.000000",19.6318836212158
NA,"2026-09-26T07:00:00.000000",19.620288848877
NA,"2026-09-26T08:00:00.000000",19.6090698242188
NA,"2026-09-26T09:00:00.000000",19.5977993011475
NA,"2026-09-26T10:00:00.000000",19.5832996368408
NA,"2026-09-26T11:00:00.000000",19.5733909606934
NA,"2026-09-26T12:00:00.000000",19.5679874420166
NA,"2026-09-26T13:00:00.000000",19.5781784057617
NA,"2026-09-26T14:00:00.000000",19.581111907959
NA,"2026-09-26T15:00:00.000000",19.5789737701416
NA,"2026-09-26T16:00:00.000000",19.5753231048584
NA,"2026-09-26T17:00:00.000000",19.5687389373779
NA,"2026-09-26T18:00:00.000000",19.5608959197998
NA,"2026-09-26T19:00:00.000000",19.5534267425537
NA,"2026-09-26T20:00:00.000000",19.5454235076904
NA,"2026-09-26T21:00:00.000000",19.5369071960449
NA,"2026-09-26T22:00:00.000000",19.5319862365723
NA,"2026-09-26T23:00:00.000000",19.5367183685303
NA,"2026-09-27T00:00:00.000000",19.5332450866699
NA,"2026-09-27T01:00:00.000000",19.5509834289551
NA,"2026-09-27T02:00:00.000000",19.5488510131836
NA,"2026-09-27T03:00:00.000000",19.5205192565918
NA,"2026-09-27T04:00:00.000000",19.5040054321289
NA,"2026-09-27T05:00:00.000000",19.494119644165
NA,"2026-09-27T06:00:00.000000",19.4807720184326
NA,"2026-09-27T07:00:00.000000",19.4525947570801
NA,"2026-09-27T08:00:00.000000",19.4373836517334
NA,"2026-09-27T09:00:00.000000",19.4322204589844
NA,"2026-09-27T10:00:00.000000",19.4357376098633
NA,"2026-09-27T11:00:00.000000",19.4043979644775
NA,"2026-09-27T12:00:00.000000",19.4275703430176
NA,"2026-09-27T13:00:00.000000",19.4540901184082
NA,"2026-09-27T14:00:00.000000",19.4649410247803
NA,"2026-09-27T15:00:00.000000",19.4727573394775
NA,"2026-09-27T16:00:00.000000",19.4782428741455
NA,"2026-09-27T17:00:00.000000",19.4759559631348
NA,"2026-09-27T18:00:00.000000",19.4664001464844
NA,"2026-09-27T19:00:00.000000",19.4542789459229
NA,"2026-09-27T20:00:00.000000",19.4317245483398
NA,"2026-09-27T21:00:00.000000",19.4002799987793
NA,"2026-09-27T22:00:00.000000",19.4158840179443
NA,"2026-09-27T23:00:00.000000",19.4301242828369
NA,"2026-09-28T00:00:00.000000",19.3864860534668
NA,"2026-09-28T01:00:00.000000",19.3592910766602
NA,"2026-09-28T02:00:00.000000",19.363452911377
NA,"2026-09-28T03:00:00.000000",19.3725261688232
NA,"2026-09-28T04:00:00.000000",19.3752517700195
NA,"2026-09-28T05:00:00.000000",19.3750915527344
NA,"2026-09-28T06:00:00.000000",19.3695640563965
NA,"2026-09-28T07:00:00.000000",19.3617630004883
NA,"2026-09-28T08:00:00.000000",19.3531169891357
NA,"2026-09-28T09:00:00.000000",19.345193862915
NA,"2026-09-28T10:00:00.000000",19.3402004241943
NA,"2026-09-28T11:00:00.000000",19.3414859771729
NA,"2026-09-28T12:00:00.000000",19.3388366699219
NA,"2026-09-28T13:00:00.000000",19.3520011901855
NA,"2026-09-28T14:00:00.000000",19.3819980621338
NA,"2026-09-28T15:00:00.000000",19.3802623748779
NA,"2026-09-28T16:00:00.000000",19.3784694671631
NA,"2026-09-28T17:00:00.000000",19.3813037872314
NA,"2026-09-28T18:00:00.000000",19.381778717041
NA,"2026-09-28T19:00:00.000000",19.3795509338379
NA,"2026-09-28T20:00:00.000000",19.3766994476318
NA,"2026-09-28T21:00:00.000000",19.3737983703613
NA,"2026-09-28T22:00:00.000000",19.3728218078613
NA,"2026-09-28T23:00:00.000000",19.3741607666016
NA,"2026-09-29T00:00:00.000000",19.3795051574707
NA,"2026-09-29T01:00:00.000000",19.3712520599365
NA,"2026-09-29T02:00:00.000000",19.3634700775146
NA,"2026-09-29T03:00:00.000000",19.3686027526855
NA,"2026-09-29T04:00:00.000000",19.3719120025635
NA,"2026-09-29T05:00:00.000000",19.3722553253174
NA,"2026-09-29T06:00:00.000000",19.3690052032471
NA,"2026-09-29T07:00:00.000000",19.3632488250732
NA,"2026-09-29T08:00:00.000000",19.3581886291504
NA,"2026-09-29T09:00:00.000000",19.3549022674561
NA,"2026-09-29T10:00:00.000000",19.3534984588623
NA,"2026-09-29T11:00:00.000000",19.3533210754395
NA,"2026-09-29T12:00:00.000000",19.3550243377686
NA,"2026-09-29T13:00:00.000000",19.3630714416504
NA,"2026-09-29T14:00:00.000000",19.3672618865967
NA,"2026-09-29T15:00:00.000000",19.3659191131592
NA,"2026-09-29T16:00:00.000000",19.3607883453369
NA,"2026-09-29T17:00:00.000000",19.3611812591553
NA,"2026-09-29T18:00:00.000000",19.3667488098145
NA,"2026-09-29T19:00:00.000000",19.3730354309082
NA,"2026-09-29T20:00:00.000000",19.3765850067139
NA,"2026-09-29T21:00:00.000000",19.3780612945557
NA,"2026-09-29T22:00:00.000000",19.3785858154297
NA,"2026-09-29T23:00:00.000000",19.3787078857422
NA,"2026-09-30T00:00:00.000000",19.3788185119629
NA,"2026-09-30T01:00:00.000000",19.3783168792725
NA,"2026-09-30T02:00:00.000000",19.376974105835
NA,"2026-09-30T03:00:00.000000",19.3764667510986
NA,"2026-09-30T04:00:00.000000",19.3733444213867
NA,"2026-09-30T05:00:00.000000",19.3682041168213
NA,"2026-09-30T06:00:00.000000",19.3693752288818
NA,"2026-09-30T07:00:00.000000",19.3725910186768
NA,"2026-09-30T08:00:00.000000",19.3741569519043
NA,"2026-09-30T09:00:00.000000",19.3741035461426
NA,"2026-09-30T10:00:00.000000",19.3730735778809
NA,"2026-09-30T11:00:00.000000",19.3723373413086
NA,"2026-09-30T12:00:00.000000",19.3713912963867
NA,"2026-09-30T13:00:00.000000",19.3664627075195
NA,"2026-09-30T14:00:00.000000",19.3623085021973
NA,"2026-09-30T15:00:00.000000",19.3407440185547
NA,"2026-09-30T16:00:00.000000",19.3093242645264
NA,"2026-09-30T17:00:00.000000",19.2955780029297
NA,"2026-09-30T18:00:00.000000",19.2945156097412
NA,"2026-09-30T19:00:00.000000",19.301851272583
NA,"2026-09-30T20:00:00.000000",19.3168487548828
NA,"2026-09-30T21:00:00.000000",19.3317489624023
NA,"2026-09-30T22:00:00.000000",19.3436222076416
NA,"2026-09-30T23:00:00.000000",19.349630355835
NA,"2026-10-01T00:00:00.000000",19.3503437042236
NA,"2026-10-01T01:00:00.000000",19.3481788635254
NA,"2026-10-01T02:00:00.000000",19.3360500335693
NA,"2026-10-01T03:00:00.000000",19.3080520629883
NA,"2026-10-01T04:00:00.000000",19.3042068481445
NA,"2026-10-01T05:00:00.000000",19.3003959655762
NA,"2026-10-01T06:00:00.000000",19.2964878082275
NA,"2026-10-01T07:00:00.000000",19.3022689819336
NA,"2026-10-01T08:00:00.000000",19.3122577667236
NA,"2026-10-01T09:00:00.000000",19.3220863342285
NA,"2026-10-01T10:00:00.000000",19.3289451599121
NA,"2026-10-01T11:00:00.000000",19.3316516876221
NA,"2026-10-01T12:00:00.000000",19.3328533172607
NA,"2026-10-01T13:00:00.000000",19.3313808441162
NA,"2026-10-01T14:00:00.000000",19.3173713684082
NA,"2026-10-01T15:00:00.000000",19.3057403564453
NA,"2026-10-01T16:00:00.000000",19.2788734436035
NA,"2026-10-01T17:00:00.000000",19.2412185668945
NA,"2026-10-01T18:00:00.000000",19.2231426239014
NA,"2026-10-01T19:00:00.000000",19.219841003418
NA,"2026-10-01T20:00:00.000000",19.2275257110596
NA,"2026-10-01T21:00:00.000000",19.2489280700684
NA,"2026-10-01T22:00:00.000000",19.2669258117676
NA,"2026-10-01T23:00:00.000000",19.2821159362793
NA,"2026-10-02T00:00:00.000000",19.2904968261719
"NK","2026-09-24T00:00:00.000000",20.123161315918
"NK","2026-09-24T01:00:00.000000",20.1252422332764
"NK","2026-09-24T02:00:00.000000",20.1140747070312
"NK","2026-09-24T03:00:00.000000",20.096700668335
"NK","2026-09-24T04:00:00.000000",20.075813293457
"NK","2026-09-24T05:00:00.000000",20.0494537353516
"NK","2026-09-24T06:00:00.000000",20.0203113555908
"NK","2026-09-24T07:00:00.000000",19.9927997589111
"NK","2026-09-24T08:00:00.000000",19.970287322998
"NK","2026-09-24T09:00:00.000000",19.9706687927246
"NK","2026-09-24T10:00:00.000000",19.9744091033936
"NK","2026-09-24T11:00:00.000000",19.9828472137451
"NK","2026-09-24T12:00:00.000000",19.9856243133545
"NK","2026-09-24T13:00:00.000000",19.9778461456299
"NK","2026-09-24T14:00:00.000000",19.9568710327148
"NK","2026-09-24T15:00:00.000000",19.9348812103271
"NK","2026-09-24T16:00:00.000000",19.9140949249268
"NK","2026-09-24T17:00:00.000000",19.8932838439941
"NK","2026-09-24T18:00:00.000000",19.8735618591309
"NK","2026-09-24T19:00:00.000000",19.8553142547607
"NK","2026-09-24T20:00:00.000000",19.8432731628418
"NK","2026-09-24T21:00:00.000000",19.8443756103516
"NK","2026-09-24T22:00:00.000000",19.8611106872559
"NK","2026-09-24T23:00:00.000000",19.9016132354736
"NK","2026-09-25T00:00:00.000000",19.9137802124023
"NK","2026-09-25T01:00:00.000000",19.9062881469727
"NK","2026-09-25T02:00:00.000000",19.8934440612793
"NK","2026-09-25T03:00:00.000000",19.8818893432617
"NK","2026-09-25T04:00:00.000000",19.8668842315674
"NK","2026-09-25T05:00:00.000000",19.8459911346436
"NK","2026-09-25T06:00:00.000000",19.8151931762695
"NK","2026-09-25T07:00:00.000000",19.7832221984863
"NK","2026-09-25T08:00:00.000000",19.7538261413574
"NK","2026-09-25T09:00:00.000000",19.732759475708
"NK","2026-09-25T10:00:00.000000",19.7331047058105
"NK","2026-09-25T11:00:00.000000",19.740514755249
"NK","2026-09-25T12:00:00.000000",19.7488231658936
"NK","2026-09-25T13:00:00.000000",19.7531471252441
"NK","2026-09-25T14:00:00.000000",19.742712020874
"NK","2026-09-25T15:00:00.000000",19.7209205627441
"NK","2026-09-25T16:00:00.000000",19.6968231201172
"NK","2026-09-25T17:00:00.000000",19.6757335662842
"NK","2026-09-25T18:00:00.000000",19.6563549041748
"NK","2026-09-25T19:00:00.000000",19.6386795043945
"NK","2026-09-25T20:00:00.000000",19.6225700378418
"NK","2026-09-25T21:00:00.000000",19.6116962432861
"NK","2026-09-25T22:00:00.000000",19.6141052246094
"NK","2026-09-25T23:00:00.000000",19.639518737793
"NK","2026-09-26T00:00:00.000000",19.6904067993164
"NK","2026-09-26T01:00:00.000000",19.6986961364746
"NK","2026-09-26T02:00:00.000000",19.6853694915771
"NK","2026-09-26T03:00:00.000000",19.6731262207031
"NK","2026-09-26T04:00:00.000000",19.6638469696045
"NK","2026-09-26T05:00:00.000000",19.6528205871582
"NK","2026-09-26T06:00:00.000000",19.6338520050049
"NK","2026-09-26T07:00:00.000000",19.6025333404541
"NK","2026-09-26T08:00:00.000000",19.5701751708984
"NK","2026-09-26T09:00:00.000000",19.5426235198975
"NK","2026-09-26T10:00:00.000000",19.5412712097168
"NK","2026-09-26T11:00:00.000000",19.5515613555908
"NK","2026-09-26T12:00:00.000000",19.5579433441162
"NK","2026-09-26T13:00:00.000000",19.5738048553467
"NK","2026-09-26T14:00:00.000000",19.585054397583
"NK","2026-09-26T15:00:00.000000",19.5782337188721
"NK","2026-09-26T16:00:00.000000",19.5641193389893
"NK","2026-09-26T17:00:00.000000",19.5455131530762
"NK","2026-09-26T18:00:00.000000",19.5255260467529
"NK","2026-09-26T19:00:00.000000",19.5038414001465
"NK","2026-09-26T20:00:00.000000",19.4822902679443
"NK","2026-09-26T21:00:00.000000",19.4643077850342
"NK","2026-09-26T22:00:00.000000",19.4523677825928
"NK","2026-09-26T23:00:00.000000",19.4568786621094
"NK","2026-09-27T00:00:00.000000",19.4760894775391
"NK","2026-09-27T01:00:00.000000",19.5363273620605
"NK","2026-09-27T02:00:00.000000",19.5436725616455
"NK","2026-09-27T03:00:00.000000",19.5237216949463
"NK","2026-09-27T04:00:00.000000",19.5075702667236
"NK","2026-09-27T05:00:00.000000",19.4903831481934
"NK","2026-09-27T06:00:00.000000",19.4469470977783
"NK","2026-09-27T07:00:00.000000",19.3866882324219
"NK","2026-09-27T08:00:00.000000",19.3402061462402
"NK","2026-09-27T09:00:00.000000",19.321138381958
"NK","2026-09-27T10:00:00.000000",19.316011428833
"NK","2026-09-27T11:00:00.000000",19.341796875
"NK","2026-09-27T12:00:00.000000",19.4173984527588
"NK","2026-09-27T13:00:00.000000",19.4685935974121
"NK","2026-09-27T14:00:00.000000",19.4859676361084
"NK","2026-09-27T15:00:00.000000",19.491418838501
"NK","2026-09-27T16:00:00.000000",19.4839878082275
"NK","2026-09-27T17:00:00.000000",19.463191986084
"NK","2026-09-27T18:00:00.000000",19.4265956878662
"NK","2026-09-27T19:00:00.000000",19.3873329162598
"NK","2026-09-27T20:00:00.000000",19.3525924682617
"NK","2026-09-27T21:00:00.000000",19.3415489196777
"NK","2026-09-27T22:00:00.000000",19.3372020721436
"NK","2026-09-27T23:00:00.000000",19.3354473114014
"NK","2026-09-28T00:00:00.000000",19.333948135376
"NK","2026-09-28T01:00:00.000000",19.3341197967529
"NK","2026-09-28T02:00:00.000000",19.3350162506104
"NK","2026-09-28T03:00:00.000000",19.3366928100586
"NK","2026-09-28T04:00:00.000000",19.3349609375
"NK","2026-09-28T05:00:00.000000",19.3340854644775
"NK","2026-09-28T06:00:00.000000",19.3338680267334
"NK","2026-09-28T07:00:00.000000",19.333854675293
"NK","2026-09-28T08:00:00.000000",19.3338413238525
"NK","2026-09-28T09:00:00.000000",19.3337821960449
"NK","2026-09-28T10:00:00.000000",19.3337574005127
"NK","2026-09-28T11:00:00.000000",19.3337364196777
"NK","2026-09-28T12:00:00.000000",19.3338432312012
"NK","2026-09-28T13:00:00.000000",19.3373107910156
"NK","2026-09-28T14:00:00.000000",19.3753890991211
"NK","2026-09-28T15:00:00.000000",19.3717727661133
"NK","2026-09-28T16:00:00.000000",19.3763275146484
"NK","2026-09-28T17:00:00.000000",19.3762435913086
"NK","2026-09-28T18:00:00.000000",19.3717384338379
"NK","2026-09-28T19:00:00.000000",19.3637676239014
"NK","2026-09-28T20:00:00.000000",19.358283996582
"NK","2026-09-28T21:00:00.000000",19.3550853729248
"NK","2026-09-28T22:00:00.000000",19.3536548614502
"NK","2026-09-28T23:00:00.000000",19.3532524108887
"NK","2026-09-29T00:00:00.000000",19.3510856628418
"NK","2026-09-29T01:00:00.000000",19.3507289886475
"NK","2026-09-29T02:00:00.000000",19.3504753112793
"NK","2026-09-29T03:00:00.000000",19.3653163909912
"NK","2026-09-29T04:00:00.000000",19.3725452423096
"NK","2026-09-29T05:00:00.000000",19.3653430938721
"NK","2026-09-29T06:00:00.000000",19.3554611206055
"NK","2026-09-29T07:00:00.000000",19.3470687866211
"NK","2026-09-29T08:00:00.000000",19.342098236084
"NK","2026-09-29T09:00:00.000000",19.3398666381836
"NK","2026-09-29T10:00:00.000000",19.3390159606934
"NK","2026-09-29T11:00:00.000000",19.3384037017822
"NK","2026-09-29T12:00:00.000000",19.3386402130127
"NK","2026-09-29T13:00:00.000000",19.3411083221436
"NK","2026-09-29T14:00:00.000000",19.3599796295166
"NK","2026-09-29T15:00:00.000000",19.3690929412842
"NK","2026-09-29T16:00:00.000000",19.3631458282471
"NK","2026-09-29T17:00:00.000000",19.3656692504883
"NK","2026-09-29T18:00:00.000000",19.3752269744873
"NK","2026-09-29T19:00:00.000000",19.3796653747559
"NK","2026-09-29T20:00:00.000000",19.3816547393799
"NK","2026-09-29T21:00:00.000000",19.3794631958008
"NK","2026-09-29T22:00:00.000000",19.3749008178711
"NK","2026-09-29T23:00:00.000000",19.3714771270752
"NK","2026-09-30T00:00:00.000000",19.3700313568115
"NK","2026-09-30T01:00:00.000000",19.3705806732178
"NK","2026-09-30T02:00:00.000000",19.3738880157471
"NK","2026-09-30T03:00:00.000000",19.3811874389648
"NK","2026-09-30T04:00:00.000000",19.3821125030518
"NK","2026-09-30T05:00:00.000000",19.3806610107422
"NK","2026-09-30T06:00:00.000000",19.3791408538818
"NK","2026-09-30T07:00:00.000000",19.3760681152344
"NK","2026-09-30T08:00:00.000000",19.3725528717041
"NK","2026-09-30T09:00:00.000000",19.3704833984375
"NK","2026-09-30T10:00:00.000000",19.3694610595703
"NK","2026-09-30T11:00:00.000000",19.3690948486328
"NK","2026-09-30T12:00:00.000000",19.3690204620361
"NK","2026-09-30T13:00:00.000000",19.3697643280029
"NK","2026-09-30T14:00:00.000000",19.3755702972412
"NK","2026-09-30T15:00:00.000000",19.3505764007568
"NK","2026-09-30T16:00:00.000000",19.3008995056152
"NK","2026-09-30T17:00:00.000000",19.2815227508545
"NK","2026-09-30T18:00:00.000000",19.2829284667969
"NK","2026-09-30T19:00:00.000000",19.296407699585
"NK","2026-09-30T20:00:00.000000",19.3124904632568
"NK","2026-09-30T21:00:00.000000",19.3332042694092
"NK","2026-09-30T22:00:00.000000",19.3530006408691
"NK","2026-09-30T23:00:00.000000",19.3678455352783
"NK","2026-10-01T00:00:00.000000",19.3750610351562
"NK","2026-10-01T01:00:00.000000",19.376766204834
"NK","2026-10-01T02:00:00.000000",19.3733463287354
"NK","2026-10-01T03:00:00.000000",19.3573455810547
"NK","2026-10-01T04:00:00.000000",19.3385105133057
"NK","2026-10-01T05:00:00.000000",19.3220462799072
"NK","2026-10-01T06:00:00.000000",19.3231296539307
"NK","2026-10-01T07:00:00.000000",19.3355369567871
"NK","2026-10-01T08:00:00.000000",19.3490314483643
"NK","2026-10-01T09:00:00.000000",19.3608436584473
"NK","2026-10-01T10:00:00.000000",19.3693428039551
"NK","2026-10-01T11:00:00.000000",19.3749313354492
"NK","2026-10-01T12:00:00.000000",19.3783740997314
"NK","2026-10-01T13:00:00.000000",19.380069732666
"NK","2026-10-01T14:00:00.000000",19.3794345855713
"NK","2026-10-01T15:00:00.000000",19.3714962005615
"NK","2026-10-01T16:00:00.000000",19.3106822967529
"NK","2026-10-01T17:00:00.000000",19.2326164245605
"NK","2026-10-01T18:00:00.000000",19.2051067352295
"NK","2026-10-01T19:00:00.000000",19.2023792266846
"NK","2026-10-01T20:00:00.000000",19.2173652648926
"NK","2026-10-01T21:00:00.000000",19.2378749847412
"NK","2026-10-01T22:00:00.000000",19.265697479248
"NK","2026-10-01T23:00:00.000000",19.3006114959717
"NK","2026-10-02T00:00:00.000000",19.3310413360596
"PI","2026-09-24T00:00:00.000000",20.7500381469727
"PI","2026-09-24T01:00:00.000000",20.7060031890869
"PI","2026-09-24T02:00:00.000000",20.6548461914062
"PI","2026-09-24T03:00:00.000000",20.6198310852051
"PI","2026-09-24T04:00:00.000000",20.6499576568604
"PI","2026-09-24T05:00:00.000000",20.6852111816406
"PI","2026-09-24T06:00:00.000000",20.672737121582
"PI","2026-09-24T07:00:00.000000",20.7248077392578
"PI","2026-09-24T08:00:00.000000",20.6752891540527
"PI","2026-09-24T09:00:00.000000",20.6271667480469
"PI","2026-09-24T10:00:00.000000",20.6288280487061
"PI","2026-09-24T11:00:00.000000",20.6677131652832
"PI","2026-09-24T12:00:00.000000",20.6318492889404
"PI","2026-09-24T13:00:00.000000",20.5160713195801
"PI","2026-09-24T14:00:00.000000",20.3184070587158
"PI","2026-09-24T15:00:00.000000",20.3008136749268
"PI","2026-09-24T16:00:00.000000",20.3268337249756
"PI","2026-09-24T17:00:00.000000",20.388427734375
"PI","2026-09-24T18:00:00.000000",20.4058361053467
"PI","2026-09-24T19:00:00.000000",20.4042091369629
"PI","2026-09-24T20:00:00.000000",20.4191951751709
"PI","2026-09-24T21:00:00.000000",20.4133586883545
"PI","2026-09-24T22:00:00.000000",20.4440460205078
"PI","2026-09-24T23:00:00.000000",20.4642658233643
"PI","2026-09-25T00:00:00.000000",20.4828720092773
"PI","2026-09-25T01:00:00.000000",20.4521636962891
"PI","2026-09-25T02:00:00.000000",20.3805847167969
"PI","2026-09-25T03:00:00.000000",20.2458171844482
"PI","2026-09-25T04:00:00.000000",20.1889381408691
"PI","2026-09-25T05:00:00.000000",20.1871891021729
"PI","2026-09-25T06:00:00.000000",20.138162612915
"PI","2026-09-25T07:00:00.000000",20.067943572998
"PI","2026-09-25T08:00:00.000000",20.3574771881104
"PI","2026-09-25T09:00:00.000000",20.3107929229736
"PI","2026-09-25T10:00:00.000000",20.2911720275879
"PI","2026-09-25T11:00:00.000000",20.3114643096924
"PI","2026-09-25T12:00:00.000000",20.3562545776367
"PI","2026-09-25T13:00:00.000000",20.2735919952393
"PI","2026-09-25T14:00:00.000000",20.1093311309814
"PI","2026-09-25T15:00:00.000000",19.9761753082275
"PI","2026-09-25T16:00:00.000000",19.9766101837158
"PI","2026-09-25T17:00:00.000000",20.011344909668
"PI","2026-09-25T18:00:00.000000",20.0712280273438
"PI","2026-09-25T19:00:00.000000",20.0817050933838
"PI","2026-09-25T20:00:00.000000",20.08913230896
"PI","2026-09-25T21:00:00.000000",20.1046028137207
"PI","2026-09-25T22:00:00.000000",20.1563205718994
"PI","2026-09-25T23:00:00.000000",20.1699028015137
"PI","2026-09-26T00:00:00.000000",20.1851825714111
"PI","2026-09-26T01:00:00.000000",20.1944961547852
"PI","2026-09-26T02:00:00.000000",20.1467876434326
"PI","2026-09-26T03:00:00.000000",20.0470333099365
"PI","2026-09-26T04:00:00.000000",19.9025707244873
"PI","2026-09-26T05:00:00.000000",19.8134880065918
"PI","2026-09-26T06:00:00.000000",19.8489665985107
"PI","2026-09-26T07:00:00.000000",19.8791198730469
"PI","2026-09-26T08:00:00.000000",20.0766716003418
"PI","2026-09-26T09:00:00.000000",20.0232181549072
"PI","2026-09-26T10:00:00.000000",20.01123046875
"PI","2026-09-26T11:00:00.000000",20.0073680877686
"PI","2026-09-26T12:00:00.000000",20.0289936065674
"PI","2026-09-26T13:00:00.000000",20.065113067627
"PI","2026-09-26T14:00:00.000000",19.971700668335
"PI","2026-09-26T15:00:00.000000",19.7825946807861
"PI","2026-09-26T16:00:00.000000",19.70432472229
"PI","2026-09-26T17:00:00.000000",19.7231864929199
"PI","2026-09-26T18:00:00.000000",19.789945602417
"PI","2026-09-26T19:00:00.000000",19.7978496551514
"PI","2026-09-26T20:00:00.000000",19.8146305084229
"PI","2026-09-26T21:00:00.000000",19.8343982696533
"PI","2026-09-26T22:00:00.000000",19.8902606964111
"PI","2026-09-26T23:00:00.000000",19.9141063690186
"PI","2026-09-27T00:00:00.000000",19.910758972168
"PI","2026-09-27T01:00:00.000000",19.899974822998
"PI","2026-09-27T02:00:00.000000",19.8496913909912
"PI","2026-09-27T03:00:00.000000",19.8094444274902
"PI","2026-09-27T04:00:00.000000",19.8811378479004
"PI","2026-09-27T05:00:00.000000",19.7720756530762
"PI","2026-09-27T06:00:00.000000",19.7038230895996
"PI","2026-09-27T07:00:00.000000",19.7315979003906
"PI","2026-09-27T08:00:00.000000",19.842658996582
"PI","2026-09-27T09:00:00.000000",19.8677673339844
"PI","2026-09-27T10:00:00.000000",19.8573207855225
"PI","2026-09-27T11:00:00.000000",19.8402938842773
"PI","2026-09-27T12:00:00.000000",19.8250942230225
"PI","2026-09-27T13:00:00.000000",19.7836971282959
"PI","2026-09-27T14:00:00.000000",19.7793464660645
"PI","2026-09-27T15:00:00.000000",19.810718536377
"PI","2026-09-27T16:00:00.000000",19.8078460693359
"PI","2026-09-27T17:00:00.000000",19.823709487915
"PI","2026-09-27T18:00:00.000000",19.828519821167
"PI","2026-09-27T19:00:00.000000",19.8404407501221
"PI","2026-09-27T20:00:00.000000",19.8657035827637
"PI","2026-09-27T21:00:00.000000",19.8607597351074
"PI","2026-09-27T22:00:00.000000",19.8792419433594
"PI","2026-09-27T23:00:00.000000",19.8828144073486
"PI","2026-09-28T00:00:00.000000",19.8817520141602
"PI","2026-09-28T01:00:00.000000",19.81298828125
"PI","2026-09-28T02:00:00.000000",19.7936592102051
"PI","2026-09-28T03:00:00.000000",19.8090343475342
"PI","2026-09-28T04:00:00.000000",19.7992744445801
"PI","2026-09-28T05:00:00.000000",19.8116054534912
"PI","2026-09-28T06:00:00.000000",19.838098526001
"PI","2026-09-28T07:00:00.000000",19.8471412658691
"PI","2026-09-28T08:00:00.000000",19.8511199951172
"PI","2026-09-28T09:00:00.000000",19.8350696563721
"PI","2026-09-28T10:00:00.000000",19.8261699676514
"PI","2026-09-28T11:00:00.000000",19.8523635864258
"PI","2026-09-28T12:00:00.000000",19.8634243011475
"PI","2026-09-28T13:00:00.000000",19.8687763214111
"PI","2026-09-28T14:00:00.000000",19.7968406677246
"PI","2026-09-28T15:00:00.000000",19.8184299468994
"PI","2026-09-28T16:00:00.000000",19.8141632080078
"PI","2026-09-28T17:00:00.000000",19.8119945526123
"PI","2026-09-28T18:00:00.000000",19.839204788208
"PI","2026-09-28T19:00:00.000000",19.875846862793
"PI","2026-09-28T20:00:00.000000",19.8740215301514
"PI","2026-09-28T21:00:00.000000",19.8938751220703
"PI","2026-09-28T22:00:00.000000",19.8557548522949
"PI","2026-09-28T23:00:00.000000",19.8689804077148
"PI","2026-09-29T00:00:00.000000",19.8817691802979
"PI","2026-09-29T01:00:00.000000",19.8907623291016
"PI","2026-09-29T02:00:00.000000",19.8222770690918
"PI","2026-09-29T03:00:00.000000",19.8260650634766
"PI","2026-09-29T04:00:00.000000",19.8406314849854
"PI","2026-09-29T05:00:00.000000",19.8571720123291
"PI","2026-09-29T06:00:00.000000",19.8513984680176
"PI","2026-09-29T07:00:00.000000",19.867374420166
"PI","2026-09-29T08:00:00.000000",19.8778915405273
"PI","2026-09-29T09:00:00.000000",19.8768444061279
"PI","2026-09-29T10:00:00.000000",19.8267135620117
"PI","2026-09-29T11:00:00.000000",19.8556671142578
"PI","2026-09-29T12:00:00.000000",19.8771781921387
"PI","2026-09-29T13:00:00.000000",19.8852863311768
"PI","2026-09-29T14:00:00.000000",19.8514518737793
"PI","2026-09-29T15:00:00.000000",19.8246421813965
"PI","2026-09-29T16:00:00.000000",19.8464508056641
"PI","2026-09-29T17:00:00.000000",19.8640422821045
"PI","2026-09-29T18:00:00.000000",19.8710823059082
"PI","2026-09-29T19:00:00.000000",19.8840942382812
"PI","2026-09-29T20:00:00.000000",19.8939323425293
"PI","2026-09-29T21:00:00.000000",19.9007701873779
"PI","2026-09-29T22:00:00.000000",19.8820991516113
"PI","2026-09-29T23:00:00.000000",19.8794918060303
"PI","2026-09-30T00:00:00.000000",19.9123916625977
"PI","2026-09-30T01:00:00.000000",19.9436779022217
"PI","2026-09-30T02:00:00.000000",19.915699005127
"PI","2026-09-30T03:00:00.000000",19.8593482971191
"PI","2026-09-30T04:00:00.000000",19.8655681610107
"PI","2026-09-30T05:00:00.000000",19.8951282501221
"PI","2026-09-30T06:00:00.000000",19.8673477172852
"PI","2026-09-30T07:00:00.000000",19.8660182952881
"PI","2026-09-30T08:00:00.000000",19.8847236633301
"PI","2026-09-30T09:00:00.000000",19.9259796142578
"PI","2026-09-30T10:00:00.000000",19.864107131958
"PI","2026-09-30T11:00:00.000000",19.8573913574219
"PI","2026-09-30T12:00:00.000000",19.9125194549561
"PI","2026-09-30T13:00:00.000000",19.9364681243896
"PI","2026-09-30T14:00:00.000000",19.9524898529053
"PI","2026-09-30T15:00:00.000000",19.8893699645996
"PI","2026-09-30T16:00:00.000000",19.8709926605225
"PI","2026-09-30T17:00:00.000000",19.9007015228271
"PI","2026-09-30T18:00:00.000000",19.8938999176025
"PI","2026-09-30T19:00:00.000000",19.8973484039307
"PI","2026-09-30T20:00:00.000000",19.9611930847168
"PI","2026-09-30T21:00:00.000000",19.9685020446777
"PI","2026-09-30T22:00:00.000000",19.9669551849365
"PI","2026-09-30T23:00:00.000000",19.9369201660156
"PI","2026-10-01T00:00:00.000000",19.932746887207
"PI","2026-10-01T01:00:00.000000",19.9623641967773
"PI","2026-10-01T02:00:00.000000",19.9876804351807
"PI","2026-10-01T03:00:00.000000",19.9479827880859
"PI","2026-10-01T04:00:00.000000",19.9024753570557
"PI","2026-10-01T05:00:00.000000",19.912540435791
"PI","2026-10-01T06:00:00.000000",19.9349460601807
"PI","2026-10-01T07:00:00.000000",19.9097309112549
"PI","2026-10-01T08:00:00.000000",19.9287338256836
"PI","2026-10-01T09:00:00.000000",19.9399299621582
"PI","2026-10-01T10:00:00.000000",19.9619274139404
"PI","2026-10-01T11:00:00.000000",19.9086112976074
"PI","2026-10-01T12:00:00.000000",19.8933620452881
"PI","2026-10-01T13:00:00.000000",19.9445953369141
"PI","2026-10-01T14:00:00.000000",19.9807224273682
"PI","2026-10-01T15:00:00.000000",20.0108947753906
"PI","2026-10-01T16:00:00.000000",19.9433517456055
"PI","2026-10-01T17:00:00.000000",19.9312229156494
"PI","2026-10-01T18:00:00.000000",19.9556560516357
"PI","2026-10-01T19:00:00.000000",19.9809112548828
"PI","2026-10-01T20:00:00.000000",19.9879150390625
"PI","2026-10-01T21:00:00.000000",20.0044841766357
"PI","2026-10-01T22:00:00.000000",19.9966468811035
"PI","2026-10-01T23:00:00.000000",20.0273838043213
"PI","2026-10-02T00:00:00.000000",20.044677734375
"QU","2026-09-24T00:00:00.000000",19.9866466522217
"QU","2026-09-24T01:00:00.000000",19.980993270874
"QU","2026-09-24T02:00:00.000000",19.9698657989502
"QU","2026-09-24T03:00:00.000000",19.958402633667
"QU","2026-09-24T04:00:00.000000",19.9476318359375
"QU","2026-09-24T05:00:00.000000",19.9371089935303
"QU","2026-09-24T06:00:00.000000",19.9273338317871
"QU","2026-09-24T07:00:00.000000",19.9233360290527
"QU","2026-09-24T08:00:00.000000",19.9251823425293
"QU","2026-09-24T09:00:00.000000",19.9312973022461
"QU","2026-09-24T10:00:00.000000",19.9329109191895
"QU","2026-09-24T11:00:00.000000",19.9293041229248
"QU","2026-09-24T12:00:00.000000",19.9223556518555
"QU","2026-09-24T13:00:00.000000",19.9128570556641
"QU","2026-09-24T14:00:00.000000",19.9043159484863
"QU","2026-09-24T15:00:00.000000",19.8981876373291
"QU","2026-09-24T16:00:00.000000",19.8941783905029
"QU","2026-09-24T17:00:00.000000",19.8904933929443
"QU","2026-09-24T18:00:00.000000",19.8892288208008
"QU","2026-09-24T19:00:00.000000",19.8945693969727
"QU","2026-09-24T20:00:00.000000",19.9015789031982
"QU","2026-09-24T21:00:00.000000",19.8985328674316
"QU","2026-09-24T22:00:00.000000",19.8882808685303
"QU","2026-09-24T23:00:00.000000",19.8775100708008
"QU","2026-09-25T00:00:00.000000",19.8697738647461
"QU","2026-09-25T01:00:00.000000",19.8646411895752
"QU","2026-09-25T02:00:00.000000",19.8537578582764
"QU","2026-09-25T03:00:00.000000",19.8388137817383
"QU","2026-09-25T04:00:00.000000",19.8251419067383
"QU","2026-09-25T05:00:00.000000",19.8114929199219
"QU","2026-09-25T06:00:00.000000",19.7966136932373
"QU","2026-09-25T07:00:00.000000",19.7833118438721
"QU","2026-09-25T08:00:00.000000",19.7749309539795
"QU","2026-09-25T09:00:00.000000",19.7657089233398
"QU","2026-09-25T10:00:00.000000",19.7565975189209
"QU","2026-09-25T11:00:00.000000",19.7478561401367
"QU","2026-09-25T12:00:00.000000",19.7407398223877
"QU","2026-09-25T13:00:00.000000",19.7336177825928
"QU","2026-09-25T14:00:00.000000",19.7265625
"QU","2026-09-25T15:00:00.000000",19.7204513549805
"QU","2026-09-25T16:00:00.000000",19.7155456542969
"QU","2026-09-25T17:00:00.000000",19.7132930755615
"QU","2026-09-25T18:00:00.000000",19.7115364074707
"QU","2026-09-25T19:00:00.000000",19.7101268768311
"QU","2026-09-25T20:00:00.000000",19.7127513885498
"QU","2026-09-25T21:00:00.000000",19.7151832580566
"QU","2026-09-25T22:00:00.000000",19.7096939086914
"QU","2026-09-25T23:00:00.000000",19.7012538909912
"QU","2026-09-26T00:00:00.000000",19.6962471008301
"QU","2026-09-26T01:00:00.000000",19.6973457336426
"QU","2026-09-26T02:00:00.000000",19.6984176635742
"QU","2026-09-26T03:00:00.000000",19.6949977874756
"QU","2026-09-26T04:00:00.000000",19.6882781982422
"QU","2026-09-26T05:00:00.000000",19.6770992279053
"QU","2026-09-26T06:00:00.000000",19.662576675415
"QU","2026-09-26T07:00:00.000000",19.645809173584
"QU","2026-09-26T08:00:00.000000",19.6339912414551
"QU","2026-09-26T09:00:00.000000",19.6289672851562
"QU","2026-09-26T10:00:00.000000",19.6179809570312
"QU","2026-09-26T11:00:00.000000",19.6059150695801
"QU","2026-09-26T12:00:00.000000",19.5984115600586
"QU","2026-09-26T13:00:00.000000",19.5973148345947
"QU","2026-09-26T14:00:00.000000",19.5959529876709
"QU","2026-09-26T15:00:00.000000",19.5891437530518
"QU","2026-09-26T16:00:00.000000",19.5838298797607
"QU","2026-09-26T17:00:00.000000",19.5798168182373
"QU","2026-09-26T18:00:00.000000",19.5776691436768
"QU","2026-09-26T19:00:00.000000",19.5747413635254
"QU","2026-09-26T20:00:00.000000",19.5714550018311
"QU","2026-09-26T21:00:00.000000",19.571533203125
"QU","2026-09-26T22:00:00.000000",19.5776691436768
"QU","2026-09-26T23:00:00.000000",19.5807857513428
"QU","2026-09-27T00:00:00.000000",19.5804443359375
"QU","2026-09-27T01:00:00.000000",19.5785522460938
"QU","2026-09-27T02:00:00.000000",19.5752468109131
"QU","2026-09-27T03:00:00.000000",19.5752353668213
"QU","2026-09-27T04:00:00.000000",19.5710468292236
"QU","2026-09-27T05:00:00.000000",19.5614128112793
"QU","2026-09-27T06:00:00.000000",19.5507431030273
"QU","2026-09-27T07:00:00.000000",19.5426902770996
"QU","2026-09-27T08:00:00.000000",19.5404834747314
"QU","2026-09-27T09:00:00.000000",19.5347633361816
"QU","2026-09-27T10:00:00.000000",19.5317821502686
"QU","2026-09-27T11:00:00.000000",19.5123157501221
"QU","2026-09-27T12:00:00.000000",19.5044326782227
"QU","2026-09-27T13:00:00.000000",19.5026721954346
"QU","2026-09-27T14:00:00.000000",19.5024452209473
"QU","2026-09-27T15:00:00.000000",19.500696182251
"QU","2026-09-27T16:00:00.000000",19.4973983764648
"QU","2026-09-27T17:00:00.000000",19.4942855834961
"QU","2026-09-27T18:00:00.000000",19.4897975921631
"QU","2026-09-27T19:00:00.000000",19.4875164031982
"QU","2026-09-27T20:00:00.000000",19.4839286804199
"QU","2026-09-27T21:00:00.000000",19.4845199584961
"QU","2026-09-27T22:00:00.000000",19.4721565246582
"QU","2026-09-27T23:00:00.000000",19.4749011993408
"QU","2026-09-28T00:00:00.000000",19.4910755157471
"QU","2026-09-28T01:00:00.000000",19.4958400726318
"QU","2026-09-28T02:00:00.000000",19.4948844909668
"QU","2026-09-28T03:00:00.000000",19.4919910430908
"QU","2026-09-28T04:00:00.000000",19.4776992797852
"QU","2026-09-28T05:00:00.000000",19.453462600708
"QU","2026-09-28T06:00:00.000000",19.4135074615479
"QU","2026-09-28T07:00:00.000000",19.3841609954834
"QU","2026-09-28T08:00:00.000000",19.3762874603271
"QU","2026-09-28T09:00:00.000000",19.3689956665039
"QU","2026-09-28T10:00:00.000000",19.3735942840576
"QU","2026-09-28T11:00:00.000000",19.380443572998
"QU","2026-09-28T12:00:00.000000",19.3844413757324
"QU","2026-09-28T13:00:00.000000",19.3964900970459
"QU","2026-09-28T14:00:00.000000",19.4173145294189
"QU","2026-09-28T15:00:00.000000",19.4250354766846
"QU","2026-09-28T16:00:00.000000",19.4259376525879
"QU","2026-09-28T17:00:00.000000",19.4080410003662
"QU","2026-09-28T18:00:00.000000",19.4030265808105
"QU","2026-09-28T19:00:00.000000",19.4029655456543
"QU","2026-09-28T20:00:00.000000",19.4013862609863
"QU","2026-09-28T21:00:00.000000",19.4002590179443
"QU","2026-09-28T22:00:00.000000",19.4037704467773
"QU","2026-09-28T23:00:00.000000",19.4109439849854
"QU","2026-09-29T00:00:00.000000",19.4295616149902
"QU","2026-09-29T01:00:00.000000",19.4471969604492
"QU","2026-09-29T02:00:00.000000",19.4591674804688
"QU","2026-09-29T03:00:00.000000",19.4679565429688
"QU","2026-09-29T04:00:00.000000",19.4731178283691
"QU","2026-09-29T05:00:00.000000",19.4738998413086
"QU","2026-09-29T06:00:00.000000",19.4651756286621
"QU","2026-09-29T07:00:00.000000",19.4462184906006
"QU","2026-09-29T08:00:00.000000",19.4357299804688
"QU","2026-09-29T09:00:00.000000",19.4306964874268
"QU","2026-09-29T10:00:00.000000",19.4316749572754
"QU","2026-09-29T11:00:00.000000",19.4453353881836
"QU","2026-09-29T12:00:00.000000",19.457836151123
"QU","2026-09-29T13:00:00.000000",19.4634380340576
"QU","2026-09-29T14:00:00.000000",19.4756851196289
"QU","2026-09-29T15:00:00.000000",19.4900703430176
"QU","2026-09-29T16:00:00.000000",19.4956130981445
"QU","2026-09-29T17:00:00.000000",19.4957103729248
"QU","2026-09-29T18:00:00.000000",19.4913425445557
"QU","2026-09-29T19:00:00.000000",19.4837474822998
"QU","2026-09-29T20:00:00.000000",19.4745349884033
"QU","2026-09-29T21:00:00.000000",19.4639186859131
"QU","2026-09-29T22:00:00.000000",19.4579067230225
"QU","2026-09-29T23:00:00.000000",19.4609088897705
"QU","2026-09-30T00:00:00.000000",19.4752101898193
"QU","2026-09-30T01:00:00.000000",19.4965362548828
"QU","2026-09-30T02:00:00.000000",19.5131855010986
"QU","2026-09-30T03:00:00.000000",19.5245456695557
"QU","2026-09-30T04:00:00.000000",19.5279235839844
"QU","2026-09-30T05:00:00.000000",19.5270137786865
"QU","2026-09-30T06:00:00.000000",19.5238494873047
"QU","2026-09-30T07:00:00.000000",19.5192794799805
"QU","2026-09-30T08:00:00.000000",19.5158786773682
"QU","2026-09-30T09:00:00.000000",19.5142669677734
"QU","2026-09-30T10:00:00.000000",19.5147247314453
"QU","2026-09-30T11:00:00.000000",19.5187206268311
"QU","2026-09-30T12:00:00.000000",19.5293579101562
"QU","2026-09-30T13:00:00.000000",19.5343017578125
"QU","2026-09-30T14:00:00.000000",19.5339393615723
"QU","2026-09-30T15:00:00.000000",19.5351867675781
"QU","2026-09-30T16:00:00.000000",19.5375576019287
"QU","2026-09-30T17:00:00.000000",19.5405464172363
"QU","2026-09-30T18:00:00.000000",19.5436763763428
"QU","2026-09-30T19:00:00.000000",19.5458984375
"QU","2026-09-30T20:00:00.000000",19.5453338623047
"QU","2026-09-30T21:00:00.000000",19.5407886505127
"QU","2026-09-30T22:00:00.000000",19.5330390930176
"QU","2026-09-30T23:00:00.000000",19.5271701812744
"QU","2026-10-01T00:00:00.000000",19.5258274078369
"QU","2026-10-01T01:00:00.000000",19.532154083252
"QU","2026-10-01T02:00:00.000000",19.5431156158447
"QU","2026-10-01T03:00:00.000000",19.551305770874
"QU","2026-10-01T04:00:00.000000",19.5566005706787
"QU","2026-10-01T05:00:00.000000",19.5566844940186
"QU","2026-10-01T06:00:00.000000",19.55051612854
"QU","2026-10-01T07:00:00.000000",19.5399532318115
"QU","2026-10-01T08:00:00.000000",19.5294189453125
"QU","2026-10-01T09:00:00.000000",19.5207767486572
"QU","2026-10-01T10:00:00.000000",19.5139560699463
"QU","2026-10-01T11:00:00.000000",19.5095291137695
"QU","2026-10-01T12:00:00.000000",19.5108203887939
"QU","2026-10-01T13:00:00.000000",19.5202484130859
"QU","2026-10-01T14:00:00.000000",19.5352535247803
"QU","2026-10-01T15:00:00.000000",19.5462989807129
"QU","2026-10-01T16:00:00.000000",19.5490322113037
"QU","2026-10-01T17:00:00.000000",19.5487022399902
"QU","2026-10-01T18:00:00.000000",19.5538845062256
"QU","2026-10-01T19:00:00.000000",19.5595245361328
"QU","2026-10-01T20:00:00.000000",19.5637836456299
"QU","2026-10-01T21:00:00.000000",19.5652198791504
"QU","2026-10-01T22:00:00.000000",19.5612869262695
"QU","2026-10-01T23:00:00.000000",19.5544757843018
"QU","2026-10-02T00:00:00.000000",19.5493412017822
"CC","2026-09-24T00:00:00.000000",20.8955745697021
"CC","2026-09-24T01:00:00.000000",20.8904781341553
"CC","2026-09-24T02:00:00.000000",20.8846473693848
"CC","2026-09-24T03:00:00.000000",20.8757762908936
"CC","2026-09-24T04:00:00.000000",20.8645668029785
"CC","2026-09-24T05:00:00.000000",20.8516139984131
"CC","2026-09-24T06:00:00.000000",20.8349418640137
"CC","2026-09-24T07:00:00.000000",20.8164520263672
"CC","2026-09-24T08:00:00.000000",20.7960186004639
"CC","2026-09-24T09:00:00.000000",20.7790584564209
"CC","2026-09-24T10:00:00.000000",20.7622509002686
"CC","2026-09-24T11:00:00.000000",20.7459506988525
"CC","2026-09-24T12:00:00.000000",20.7294902801514
"CC","2026-09-24T13:00:00.000000",20.7136211395264
"CC","2026-09-24T14:00:00.000000",20.6964282989502
"CC","2026-09-24T15:00:00.000000",20.6842975616455
"CC","2026-09-24T16:00:00.000000",20.6754856109619
"CC","2026-09-24T17:00:00.000000",20.66845703125
"CC","2026-09-24T18:00:00.000000",20.6627254486084
"CC","2026-09-24T19:00:00.000000",20.6568012237549
"CC","2026-09-24T20:00:00.000000",20.6494522094727
"CC","2026-09-24T21:00:00.000000",20.6394062042236
"CC","2026-09-24T22:00:00.000000",20.6267795562744
"CC","2026-09-24T23:00:00.000000",20.6141204833984
"CC","2026-09-25T00:00:00.000000",20.6020240783691
"CC","2026-09-25T01:00:00.000000",20.591796875
"CC","2026-09-25T02:00:00.000000",20.5831260681152
"CC","2026-09-25T03:00:00.000000",20.5735988616943
"CC","2026-09-25T04:00:00.000000",20.5618801116943
"CC","2026-09-25T05:00:00.000000",20.5469245910645
"CC","2026-09-25T06:00:00.000000",20.5181980133057
"CC","2026-09-25T07:00:00.000000",20.4956073760986
"CC","2026-09-25T08:00:00.000000",20.4730987548828
"CC","2026-09-25T09:00:00.000000",20.4518013000488
"CC","2026-09-25T10:00:00.000000",20.433666229248
"CC","2026-09-25T11:00:00.000000",20.4110507965088
"CC","2026-09-25T12:00:00.000000",20.3950080871582
"CC","2026-09-25T13:00:00.000000",20.3781681060791
"CC","2026-09-25T14:00:00.000000",20.3611679077148
"CC","2026-09-25T15:00:00.000000",20.3454246520996
"CC","2026-09-25T16:00:00.000000",20.3339500427246
"CC","2026-09-25T17:00:00.000000",20.3252124786377
"CC","2026-09-25T18:00:00.000000",20.3179779052734
"CC","2026-09-25T19:00:00.000000",20.3112945556641
"CC","2026-09-25T20:00:00.000000",20.303524017334
"CC","2026-09-25T21:00:00.000000",20.292573928833
"CC","2026-09-25T22:00:00.000000",20.2800006866455
"CC","2026-09-25T23:00:00.000000",20.266565322876
"CC","2026-09-26T00:00:00.000000",20.251672744751
"CC","2026-09-26T01:00:00.000000",20.2381362915039
"CC","2026-09-26T02:00:00.000000",20.227710723877
"CC","2026-09-26T03:00:00.000000",20.2181797027588
"CC","2026-09-26T04:00:00.000000",20.2090320587158
"CC","2026-09-26T05:00:00.000000",20.1912727355957
"CC","2026-09-26T06:00:00.000000",20.1834049224854
"CC","2026-09-26T07:00:00.000000",20.1627788543701
"CC","2026-09-26T08:00:00.000000",20.1453189849854
"CC","2026-09-26T09:00:00.000000",20.1271591186523
"CC","2026-09-26T10:00:00.000000",20.1127910614014
"CC","2026-09-26T11:00:00.000000",20.0977745056152
"CC","2026-09-26T12:00:00.000000",20.0804958343506
"CC","2026-09-26T13:00:00.000000",20.0667037963867
"CC","2026-09-26T14:00:00.000000",20.0541381835938
"CC","2026-09-26T15:00:00.000000",20.0419864654541
"CC","2026-09-26T16:00:00.000000",20.0330295562744
"CC","2026-09-26T17:00:00.000000",20.0269527435303
"CC","2026-09-26T18:00:00.000000",20.023136138916
"CC","2026-09-26T19:00:00.000000",20.0199813842773
"CC","2026-09-26T20:00:00.000000",20.0157527923584
"CC","2026-09-26T21:00:00.000000",20.0094985961914
"CC","2026-09-26T22:00:00.000000",20.001392364502
"CC","2026-09-26T23:00:00.000000",19.9929428100586
"CC","2026-09-27T00:00:00.000000",19.9845294952393
"CC","2026-09-27T01:00:00.000000",19.9682941436768
"CC","2026-09-27T02:00:00.000000",19.9523029327393
"CC","2026-09-27T03:00:00.000000",19.9356880187988
"CC","2026-09-27T04:00:00.000000",19.929630279541
"CC","2026-09-27T05:00:00.000000",19.9221668243408
"CC","2026-09-27T06:00:00.000000",19.9203586578369
"CC","2026-09-27T07:00:00.000000",19.9151515960693
"CC","2026-09-27T08:00:00.000000",19.9105625152588
"CC","2026-09-27T09:00:00.000000",19.905517578125
"CC","2026-09-27T10:00:00.000000",19.9043159484863
"CC","2026-09-27T11:00:00.000000",19.902172088623
"CC","2026-09-27T12:00:00.000000",19.9024028778076
"CC","2026-09-27T13:00:00.000000",19.9015254974365
"CC","2026-09-27T14:00:00.000000",19.9026737213135
"CC","2026-09-27T15:00:00.000000",19.9057312011719
"CC","2026-09-27T16:00:00.000000",19.910306930542
"CC","2026-09-27T17:00:00.000000",19.9142799377441
"CC","2026-09-27T18:00:00.000000",19.91845703125
"CC","2026-09-27T19:00:00.000000",19.9219970703125
"CC","2026-09-27T20:00:00.000000",19.9255142211914
"CC","2026-09-27T21:00:00.000000",19.9255466461182
"CC","2026-09-27T22:00:00.000000",19.9232559204102
"CC","2026-09-27T23:00:00.000000",19.9215660095215
"CC","2026-09-28T00:00:00.000000",19.9209213256836
"CC","2026-09-28T01:00:00.000000",19.9210166931152
"CC","2026-09-28T02:00:00.000000",19.9217262268066
"CC","2026-09-28T03:00:00.000000",19.9242076873779
"CC","2026-09-28T04:00:00.000000",19.9274654388428
"CC","2026-09-28T05:00:00.000000",19.9299373626709
"CC","2026-09-28T06:00:00.000000",19.9305801391602
"CC","2026-09-28T07:00:00.000000",19.9302558898926
"CC","2026-09-28T08:00:00.000000",19.9299640655518
"CC","2026-09-28T09:00:00.000000",19.9290771484375
"CC","2026-09-28T10:00:00.000000",19.9264583587646
"CC","2026-09-28T11:00:00.000000",19.9227962493896
"CC","2026-09-28T12:00:00.000000",19.9200897216797
"CC","2026-09-28T13:00:00.000000",19.9180030822754
"CC","2026-09-28T14:00:00.000000",19.9165477752686
"CC","2026-09-28T15:00:00.000000",19.9163951873779
"CC","2026-09-28T16:00:00.000000",19.9187240600586
"CC","2026-09-28T17:00:00.000000",19.9223880767822
"CC","2026-09-28T18:00:00.000000",19.9247016906738
"CC","2026-09-28T19:00:00.000000",19.9255752563477
"CC","2026-09-28T20:00:00.000000",19.9259662628174
"CC","2026-09-28T21:00:00.000000",19.9259548187256
"CC","2026-09-28T22:00:00.000000",19.9227981567383
"CC","2026-09-28T23:00:00.000000",19.9167442321777
"CC","2026-09-29T00:00:00.000000",19.9089641571045
"CC","2026-09-29T01:00:00.000000",19.9020614624023
"CC","2026-09-29T02:00:00.000000",19.896240234375
"CC","2026-09-29T03:00:00.000000",19.8918056488037
"CC","2026-09-29T04:00:00.000000",19.8887710571289
"CC","2026-09-29T05:00:00.000000",19.8862476348877
"CC","2026-09-29T06:00:00.000000",19.8841133117676
"CC","2026-09-29T07:00:00.000000",19.8806438446045
"CC","2026-09-29T08:00:00.000000",19.8762187957764
"CC","2026-09-29T09:00:00.000000",19.8725433349609
"CC","2026-09-29T10:00:00.000000",19.8673820495605
"CC","2026-09-29T11:00:00.000000",19.8606376647949
"CC","2026-09-29T12:00:00.000000",19.8548316955566
"CC","2026-09-29T13:00:00.000000",19.8510761260986
"CC","2026-09-29T14:00:00.000000",19.8492088317871
"CC","2026-09-29T15:00:00.000000",19.8482913970947
"CC","2026-09-29T16:00:00.000000",19.8486576080322
"CC","2026-09-29T17:00:00.000000",19.8492279052734
"CC","2026-09-29T18:00:00.000000",19.8493976593018
"CC","2026-09-29T19:00:00.000000",19.8488254547119
"CC","2026-09-29T20:00:00.000000",19.847505569458
"CC","2026-09-29T21:00:00.000000",19.8457546234131
"CC","2026-09-29T22:00:00.000000",19.8430309295654
"CC","2026-09-29T23:00:00.000000",19.8396129608154
"CC","2026-09-30T00:00:00.000000",19.8368453979492
"CC","2026-09-30T01:00:00.000000",19.8351459503174
"CC","2026-09-30T02:00:00.000000",19.8339900970459
"CC","2026-09-30T03:00:00.000000",19.8332653045654
"CC","2026-09-30T04:00:00.000000",19.8327903747559
"CC","2026-09-30T05:00:00.000000",19.8324298858643
"CC","2026-09-30T06:00:00.000000",19.8319721221924
"CC","2026-09-30T07:00:00.000000",19.8307094573975
"CC","2026-09-30T08:00:00.000000",19.8292961120605
"CC","2026-09-30T09:00:00.000000",19.8280906677246
"CC","2026-09-30T10:00:00.000000",19.8271942138672
"CC","2026-09-30T11:00:00.000000",19.8257083892822
"CC","2026-09-30T12:00:00.000000",19.8244247436523
"CC","2026-09-30T13:00:00.000000",19.8241405487061
"CC","2026-09-30T14:00:00.000000",19.8250370025635
"CC","2026-09-30T15:00:00.000000",19.8266563415527
"CC","2026-09-30T16:00:00.000000",19.8282566070557
"CC","2026-09-30T17:00:00.000000",19.8305072784424
"CC","2026-09-30T18:00:00.000000",19.8324851989746
"CC","2026-09-30T19:00:00.000000",19.8342971801758
"CC","2026-09-30T20:00:00.000000",19.8360157012939
"CC","2026-09-30T21:00:00.000000",19.8378562927246
"CC","2026-09-30T22:00:00.000000",19.8398971557617
"CC","2026-09-30T23:00:00.000000",19.8416061401367
"CC","2026-10-01T00:00:00.000000",19.8432750701904
"CC","2026-10-01T01:00:00.000000",19.8466968536377
"CC","2026-10-01T02:00:00.000000",19.8511028289795
"CC","2026-10-01T03:00:00.000000",19.8562355041504
"CC","2026-10-01T04:00:00.000000",19.8625583648682
"CC","2026-10-01T05:00:00.000000",19.8701725006104
"CC","2026-10-01T06:00:00.000000",19.8787136077881
"CC","2026-10-01T07:00:00.000000",19.8853816986084
"CC","2026-10-01T08:00:00.000000",19.888111114502
"CC","2026-10-01T09:00:00.000000",19.8899021148682
"CC","2026-10-01T10:00:00.000000",19.8916568756104
"CC","2026-10-01T11:00:00.000000",19.8937015533447
"CC","2026-10-01T12:00:00.000000",19.8954677581787
"CC","2026-10-01T13:00:00.000000",19.8966331481934
"CC","2026-10-01T14:00:00.000000",19.8963871002197
"CC","2026-10-01T15:00:00.000000",19.8958778381348
"CC","2026-10-01T16:00:00.000000",19.8962669372559
"CC","2026-10-01T17:00:00.000000",19.8974304199219
"CC","2026-10-01T18:00:00.000000",19.8998851776123
"CC","2026-10-01T19:00:00.000000",19.903636932373
"CC","2026-10-01T20:00:00.000000",19.9069042205811
"CC","2026-10-01T21:00:00.000000",19.9094104766846
"CC","2026-10-01T22:00:00.000000",19.9112205505371
"CC","2026-10-01T23:00:00.000000",19.9129104614258
"CC","2026-10-02T00:00:00.000000",19.9144992828369
"DL","2026-09-24T00:00:00.000000",20.3689384460449
"DL","2026-09-24T01:00:00.000000",20.3555889129639
"DL","2026-09-24T02:00:00.000000",20.3400020599365
"DL","2026-09-24T03:00:00.000000",20.325231552124
"DL","2026-09-24T04:00:00.000000",20.3155059814453
"DL","2026-09-24T05:00:00.000000",20.3059177398682
"DL","2026-09-24T06:00:00.000000",20.3023071289062
"DL","2026-09-24T07:00:00.000000",20.304349899292
"DL","2026-09-24T08:00:00.000000",20.3066577911377
"DL","2026-09-24T09:00:00.000000",20.294584274292
"DL","2026-09-24T10:00:00.000000",20.2883720397949
"DL","2026-09-24T11:00:00.000000",20.2800540924072
"DL","2026-09-24T12:00:00.000000",20.2657661437988
"DL","2026-09-24T13:00:00.000000",20.2408065795898
"DL","2026-09-24T14:00:00.000000",20.2206211090088
"DL","2026-09-24T15:00:00.000000",20.2423782348633
"DL","2026-09-24T16:00:00.000000",20.2480125427246
"DL","2026-09-24T17:00:00.000000",20.245979309082
"DL","2026-09-24T18:00:00.000000",20.2282695770264
"DL","2026-09-24T19:00:00.000000",20.2135124206543
"DL","2026-09-24T20:00:00.000000",20.206392288208
"DL","2026-09-24T21:00:00.000000",20.1992893218994
"DL","2026-09-24T22:00:00.000000",20.1937828063965
"DL","2026-09-24T23:00:00.000000",20.1853466033936
"DL","2026-09-25T00:00:00.000000",20.1707401275635
"DL","2026-09-25T01:00:00.000000",20.1483345031738
"DL","2026-09-25T02:00:00.000000",20.1270065307617
"DL","2026-09-25T03:00:00.000000",20.1051788330078
"DL","2026-09-25T04:00:00.000000",20.0934524536133
"DL","2026-09-25T05:00:00.000000",20.102445602417
"DL","2026-09-25T06:00:00.000000",20.0917682647705
"DL","2026-09-25T07:00:00.000000",20.0829830169678
"DL","2026-09-25T08:00:00.000000",20.0555210113525
"DL","2026-09-25T09:00:00.000000",20.0455856323242
"DL","2026-09-25T10:00:00.000000",20.0366191864014
"DL","2026-09-25T11:00:00.000000",20.0250949859619
"DL","2026-09-25T12:00:00.000000",20.0128040313721
"DL","2026-09-25T13:00:00.000000",19.9910430908203
"DL","2026-09-25T14:00:00.000000",19.9723148345947
"DL","2026-09-25T15:00:00.000000",19.9378967285156
"DL","2026-09-25T16:00:00.000000",19.9468250274658
"DL","2026-09-25T17:00:00.000000",19.9489212036133
"DL","2026-09-25T18:00:00.000000",19.945198059082
"DL","2026-09-25T19:00:00.000000",19.9615955352783
"DL","2026-09-25T20:00:00.000000",19.9594573974609
"DL","2026-09-25T21:00:00.000000",19.9518032073975
"DL","2026-09-25T22:00:00.000000",19.9444885253906
"DL","2026-09-25T23:00:00.000000",19.9348449707031
"DL","2026-09-26T00:00:00.000000",19.9221115112305
"DL","2026-09-26T01:00:00.000000",19.9073371887207
"DL","2026-09-26T02:00:00.000000",19.8884010314941
"DL","2026-09-26T03:00:00.000000",19.848108291626
"DL","2026-09-26T04:00:00.000000",19.83251953125
"DL","2026-09-26T05:00:00.000000",19.8369293212891
"DL","2026-09-26T06:00:00.000000",19.7985019683838
"DL","2026-09-26T07:00:00.000000",19.8170833587646
"DL","2026-09-26T08:00:00.000000",19.8229942321777
"DL","2026-09-26T09:00:00.000000",19.8064842224121
"DL","2026-09-26T10:00:00.000000",19.7948436737061
"DL","2026-09-26T11:00:00.000000",19.7673435211182
"DL","2026-09-26T12:00:00.000000",19.7510528564453
"DL","2026-09-26T13:00:00.000000",19.751594543457
"DL","2026-09-26T14:00:00.000000",19.7416667938232
"DL","2026-09-26T15:00:00.000000",19.717306137085
"DL","2026-09-26T16:00:00.000000",19.6745204925537
"DL","2026-09-26T17:00:00.000000",19.687385559082
"DL","2026-09-26T18:00:00.000000",19.6935367584229
"DL","2026-09-26T19:00:00.000000",19.6925258636475
"DL","2026-09-26T20:00:00.000000",19.6923389434814
"DL","2026-09-26T21:00:00.000000",19.6824378967285
"DL","2026-09-26T22:00:00.000000",19.6676654815674
"DL","2026-09-26T23:00:00.000000",19.646183013916
"DL","2026-09-27T00:00:00.000000",19.6257228851318
"DL","2026-09-27T01:00:00.000000",19.6133823394775
"DL","2026-09-27T02:00:00.000000",19.6004829406738
"DL","2026-09-27T03:00:00.000000",19.5602378845215
"DL","2026-09-27T04:00:00.000000",19.5637054443359
"DL","2026-09-27T05:00:00.000000",19.5368194580078
"DL","2026-09-27T06:00:00.000000",19.5354537963867
"DL","2026-09-27T07:00:00.000000",19.5023651123047
"DL","2026-09-27T08:00:00.000000",19.4744071960449
"DL","2026-09-27T09:00:00.000000",19.47047996521
"DL","2026-09-27T10:00:00.000000",19.4720993041992
"DL","2026-09-27T11:00:00.000000",19.4734344482422
"DL","2026-09-27T12:00:00.000000",19.4773769378662
"DL","2026-09-27T13:00:00.000000",19.4795837402344
"DL","2026-09-27T14:00:00.000000",19.4800605773926
"DL","2026-09-27T15:00:00.000000",19.4788761138916
"DL","2026-09-27T16:00:00.000000",19.4932518005371
"DL","2026-09-27T17:00:00.000000",19.5140743255615
"DL","2026-09-27T18:00:00.000000",19.5127983093262
"DL","2026-09-27T19:00:00.000000",19.505744934082
"DL","2026-09-27T20:00:00.000000",19.5132541656494
"DL","2026-09-27T21:00:00.000000",19.4945030212402
"DL","2026-09-27T22:00:00.000000",19.4898948669434
"DL","2026-09-27T23:00:00.000000",19.487419128418
"DL","2026-09-28T00:00:00.000000",19.4855136871338
"DL","2026-09-28T01:00:00.000000",19.486156463623
"DL","2026-09-28T02:00:00.000000",19.4862937927246
"DL","2026-09-28T03:00:00.000000",19.4849014282227
"DL","2026-09-28T04:00:00.000000",19.4729251861572
"DL","2026-09-28T05:00:00.000000",19.4699859619141
"DL","2026-09-28T06:00:00.000000",19.4694309234619
"DL","2026-09-28T07:00:00.000000",19.4720573425293
"DL","2026-09-28T08:00:00.000000",19.4700984954834
"DL","2026-09-28T09:00:00.000000",19.4587383270264
"DL","2026-09-28T10:00:00.000000",19.4585666656494
"DL","2026-09-28T11:00:00.000000",19.4571495056152
"DL","2026-09-28T12:00:00.000000",19.4579772949219
"DL","2026-09-28T13:00:00.000000",19.4625110626221
"DL","2026-09-28T14:00:00.000000",19.4682464599609
"DL","2026-09-28T15:00:00.000000",19.4680843353271
"DL","2026-09-28T16:00:00.000000",19.4715728759766
"DL","2026-09-28T17:00:00.000000",19.4615802764893
"DL","2026-09-28T18:00:00.000000",19.4544830322266
"DL","2026-09-28T19:00:00.000000",19.4709091186523
"DL","2026-09-28T20:00:00.000000",19.4683837890625
"DL","2026-09-28T21:00:00.000000",19.4680709838867
"DL","2026-09-28T22:00:00.000000",19.4679679870605
"DL","2026-09-28T23:00:00.000000",19.4728488922119
"DL","2026-09-29T00:00:00.000000",19.4816608428955
"DL","2026-09-29T01:00:00.000000",19.4897079467773
"DL","2026-09-29T02:00:00.000000",19.4828548431396
"DL","2026-09-29T03:00:00.000000",19.4864234924316
"DL","2026-09-29T04:00:00.000000",19.4416999816895
"DL","2026-09-29T05:00:00.000000",19.4284172058105
"DL","2026-09-29T06:00:00.000000",19.4211826324463
"DL","2026-09-29T07:00:00.000000",19.416467666626
"DL","2026-09-29T08:00:00.000000",19.4458484649658
"DL","2026-09-29T09:00:00.000000",19.459114074707
"DL","2026-09-29T10:00:00.000000",19.4933319091797
"DL","2026-09-29T11:00:00.000000",19.5039291381836
"DL","2026-09-29T12:00:00.000000",19.5162181854248
"DL","2026-09-29T13:00:00.000000",19.5258541107178
"DL","2026-09-29T14:00:00.000000",19.5332336425781
"DL","2026-09-29T15:00:00.000000",19.538948059082
"DL","2026-09-29T16:00:00.000000",19.5275535583496
"DL","2026-09-29T17:00:00.000000",19.4752559661865
"DL","2026-09-29T18:00:00.000000",19.46803855896
"DL","2026-09-29T19:00:00.000000",19.4679584503174
"DL","2026-09-29T20:00:00.000000",19.4675388336182
"DL","2026-09-29T21:00:00.000000",19.4677352905273
"DL","2026-09-29T22:00:00.000000",19.5050830841064
"DL","2026-09-29T23:00:00.000000",19.5330352783203
"DL","2026-09-30T00:00:00.000000",19.5511341094971
"DL","2026-09-30T01:00:00.000000",19.564998626709
"DL","2026-09-30T02:00:00.000000",19.5722732543945
"DL","2026-09-30T03:00:00.000000",19.5747032165527
"DL","2026-09-30T04:00:00.000000",19.5651054382324
"DL","2026-09-30T05:00:00.000000",19.5158271789551
"DL","2026-09-30T06:00:00.000000",19.501184463501
"DL","2026-09-30T07:00:00.000000",19.4897861480713
"DL","2026-09-30T08:00:00.000000",19.4825992584229
"DL","2026-09-30T09:00:00.000000",19.5164489746094
"DL","2026-09-30T10:00:00.000000",19.5391139984131
"DL","2026-09-30T11:00:00.000000",19.5690364837646
"DL","2026-09-30T12:00:00.000000",19.5862922668457
"DL","2026-09-30T13:00:00.000000",19.5980567932129
"DL","2026-09-30T14:00:00.000000",19.6091461181641
"DL","2026-09-30T15:00:00.000000",19.6179676055908
"DL","2026-09-30T16:00:00.000000",19.6215305328369
"DL","2026-09-30T17:00:00.000000",19.6226539611816
"DL","2026-09-30T18:00:00.000000",19.5517749786377
"DL","2026-09-30T19:00:00.000000",19.5358543395996
"DL","2026-09-30T20:00:00.000000",19.5431060791016
"DL","2026-09-30T21:00:00.000000",19.5503425598145
"DL","2026-09-30T22:00:00.000000",19.5549488067627
"DL","2026-09-30T23:00:00.000000",19.6074295043945
"DL","2026-10-01T00:00:00.000000",19.660062789917
"DL","2026-10-01T01:00:00.000000",19.6796569824219
"DL","2026-10-01T02:00:00.000000",19.6808319091797
"DL","2026-10-01T03:00:00.000000",19.6792640686035
"DL","2026-10-01T04:00:00.000000",19.6670169830322
"DL","2026-10-01T05:00:00.000000",19.6571636199951
"DL","2026-10-01T06:00:00.000000",19.569278717041
"DL","2026-10-01T07:00:00.000000",19.5429134368896
"DL","2026-10-01T08:00:00.000000",19.5258731842041
"DL","2026-10-01T09:00:00.000000",19.5327129364014
"DL","2026-10-01T10:00:00.000000",19.6045989990234
"DL","2026-10-01T11:00:00.000000",19.6302604675293
"DL","2026-10-01T12:00:00.000000",19.681224822998
"DL","2026-10-01T13:00:00.000000",19.7047710418701
"DL","2026-10-01T14:00:00.000000",19.7145118713379
"DL","2026-10-01T15:00:00.000000",19.720121383667
"DL","2026-10-01T16:00:00.000000",19.72487449646
"DL","2026-10-01T17:00:00.000000",19.7165966033936
"DL","2026-10-01T18:00:00.000000",19.7201137542725
"DL","2026-10-01T19:00:00.000000",19.6807765960693
"DL","2026-10-01T20:00:00.000000",19.6099147796631
"DL","2026-10-01T21:00:00.000000",19.6147899627686
"DL","2026-10-01T22:00:00.000000",19.6215591430664
"DL","2026-10-01T23:00:00.000000",19.6356925964355
"DL","2026-10-02T00:00:00.000000",19.8035106658936
"GB","2026-09-24T00:00:00.000000",20.745044708252
"GB","2026-09-24T01:00:00.000000",20.6710929870605
"GB","2026-09-24T02:00:00.000000",20.5916347503662
"GB","2026-09-24T03:00:00.000000",20.6387939453125
"GB","2026-09-24T04:00:00.000000",20.7358417510986
"GB","2026-09-24T05:00:00.000000",20.7572231292725
"GB","2026-09-24T06:00:00.000000",20.7571392059326
"GB","2026-09-24T07:00:00.000000",20.7541656494141
"GB","2026-09-24T08:00:00.000000",20.7209529876709
"GB","2026-09-24T09:00:00.000000",20.7194805145264
"GB","2026-09-24T10:00:00.000000",20.6885242462158
"GB","2026-09-24T11:00:00.000000",20.6195697784424
"GB","2026-09-24T12:00:00.000000",20.5562324523926
"GB","2026-09-24T13:00:00.000000",20.5065727233887
"GB","2026-09-24T14:00:00.000000",20.4196281433105
"GB","2026-09-24T15:00:00.000000",20.4633808135986
"GB","2026-09-24T16:00:00.000000",20.5675354003906
"GB","2026-09-24T17:00:00.000000",20.6249122619629
"GB","2026-09-24T18:00:00.000000",20.6449127197266
"GB","2026-09-24T19:00:00.000000",20.6503238677979
"GB","2026-09-24T20:00:00.000000",20.6411075592041
"GB","2026-09-24T21:00:00.000000",20.6207160949707
"GB","2026-09-24T22:00:00.000000",20.6293830871582
"GB","2026-09-24T23:00:00.000000",20.5617179870605
"GB","2026-09-25T00:00:00.000000",20.4816818237305
"GB","2026-09-25T01:00:00.000000",20.4167194366455
"GB","2026-09-25T02:00:00.000000",20.3460884094238
"GB","2026-09-25T03:00:00.000000",20.2732563018799
"GB","2026-09-25T04:00:00.000000",20.3609218597412
"GB","2026-09-25T05:00:00.000000",20.4094123840332
"GB","2026-09-25T06:00:00.000000",20.4149360656738
"GB","2026-09-25T07:00:00.000000",20.4196014404297
"GB","2026-09-25T08:00:00.000000",20.4171314239502
"GB","2026-09-25T09:00:00.000000",20.3679256439209
"GB","2026-09-25T10:00:00.000000",20.3575077056885
"GB","2026-09-25T11:00:00.000000",20.2770347595215
"GB","2026-09-25T12:00:00.000000",20.2144451141357
"GB","2026-09-25T13:00:00.000000",20.1742992401123
"GB","2026-09-25T14:00:00.000000",20.1192970275879
"GB","2026-09-25T15:00:00.000000",20.0528907775879
"GB","2026-09-25T16:00:00.000000",20.1585559844971
"GB","2026-09-25T17:00:00.000000",20.2090225219727
"GB","2026-09-25T18:00:00.000000",20.2530651092529
"GB","2026-09-25T19:00:00.000000",20.2758693695068
"GB","2026-09-25T20:00:00.000000",20.2872543334961
"GB","2026-09-25T21:00:00.000000",20.2628440856934
"GB","2026-09-25T22:00:00.000000",20.2454319000244
"GB","2026-09-25T23:00:00.000000",20.202730178833
"GB","2026-09-26T00:00:00.000000",20.1235466003418
"GB","2026-09-26T01:00:00.000000",20.0749664306641
"GB","2026-09-26T02:00:00.000000",20.0312271118164
"GB","2026-09-26T03:00:00.000000",19.9534683227539
"GB","2026-09-26T04:00:00.000000",19.9254913330078
"GB","2026-09-26T05:00:00.000000",20.0152282714844
"GB","2026-09-26T06:00:00.000000",20.0274543762207
"GB","2026-09-26T07:00:00.000000",20.0329761505127
"GB","2026-09-26T08:00:00.000000",20.0344467163086
"GB","2026-09-26T09:00:00.000000",20.0060348510742
"GB","2026-09-26T10:00:00.000000",19.9901371002197
"GB","2026-09-26T11:00:00.000000",19.9261016845703
"GB","2026-09-26T12:00:00.000000",19.8453102111816
"GB","2026-09-26T13:00:00.000000",19.8058948516846
"GB","2026-09-26T14:00:00.000000",19.7747039794922
"GB","2026-09-26T15:00:00.000000",19.7233390808105
"GB","2026-09-26T16:00:00.000000",19.6893329620361
"GB","2026-09-26T17:00:00.000000",19.7799110412598
"GB","2026-09-26T18:00:00.000000",19.8079700469971
"GB","2026-09-26T19:00:00.000000",19.8381595611572
"GB","2026-09-26T20:00:00.000000",19.8568572998047
"GB","2026-09-26T21:00:00.000000",19.8615417480469
"GB","2026-09-26T22:00:00.000000",19.8298854827881
"GB","2026-09-26T23:00:00.000000",19.8161144256592
"GB","2026-09-27T00:00:00.000000",19.7484683990479
"GB","2026-09-27T01:00:00.000000",19.6997699737549
"GB","2026-09-27T02:00:00.000000",19.6717166900635
"GB","2026-09-27T03:00:00.000000",19.5971298217773
"GB","2026-09-27T04:00:00.000000",19.6677494049072
"GB","2026-09-27T05:00:00.000000",19.6682739257812
"GB","2026-09-27T06:00:00.000000",19.6658382415771
"GB","2026-09-27T07:00:00.000000",19.6841125488281
"GB","2026-09-27T08:00:00.000000",19.6900424957275
"GB","2026-09-27T09:00:00.000000",19.6920127868652
"GB","2026-09-27T10:00:00.000000",19.690357208252
"GB","2026-09-27T11:00:00.000000",19.6856918334961
"GB","2026-09-27T12:00:00.000000",19.6606025695801
"GB","2026-09-27T13:00:00.000000",19.644660949707
"GB","2026-09-27T14:00:00.000000",19.6228523254395
"GB","2026-09-27T15:00:00.000000",19.6154613494873
"GB","2026-09-27T16:00:00.000000",19.5963745117188
"GB","2026-09-27T17:00:00.000000",19.6403770446777
"GB","2026-09-27T18:00:00.000000",19.6611080169678
"GB","2026-09-27T19:00:00.000000",19.6857128143311
"GB","2026-09-27T20:00:00.000000",19.6985416412354
"GB","2026-09-27T21:00:00.000000",19.7060241699219
"GB","2026-09-27T22:00:00.000000",19.7080402374268
"GB","2026-09-27T23:00:00.000000",19.7082862854004
"GB","2026-09-28T00:00:00.000000",19.6869697570801
"GB","2026-09-28T01:00:00.000000",19.6602916717529
"GB","2026-09-28T02:00:00.000000",19.6472473144531
"GB","2026-09-28T03:00:00.000000",19.6389293670654
"GB","2026-09-28T04:00:00.000000",19.6248245239258
"GB","2026-09-28T05:00:00.000000",19.6292572021484
"GB","2026-09-28T06:00:00.000000",19.652717590332
"GB","2026-09-28T07:00:00.000000",19.6527233123779
"GB","2026-09-28T08:00:00.000000",19.6527690887451
"GB","2026-09-28T09:00:00.000000",19.652759552002
"GB","2026-09-28T10:00:00.000000",19.6527805328369
"GB","2026-09-28T11:00:00.000000",19.6527786254883
"GB","2026-09-28T12:00:00.000000",19.6365928649902
"GB","2026-09-28T13:00:00.000000",19.6235847473145
"GB","2026-09-28T14:00:00.000000",19.6232376098633
"GB","2026-09-28T15:00:00.000000",19.6247825622559
"GB","2026-09-28T16:00:00.000000",19.6306629180908
"GB","2026-09-28T17:00:00.000000",19.6445369720459
"GB","2026-09-28T18:00:00.000000",19.6597270965576
"GB","2026-09-28T19:00:00.000000",19.6578254699707
"GB","2026-09-28T20:00:00.000000",19.6640815734863
"GB","2026-09-28T21:00:00.000000",19.6683158874512
"GB","2026-09-28T22:00:00.000000",19.6614837646484
"GB","2026-09-28T23:00:00.000000",19.679370880127
"GB","2026-09-29T00:00:00.000000",19.631196975708
"GB","2026-09-29T01:00:00.000000",19.6246814727783
"GB","2026-09-29T02:00:00.000000",19.6387119293213
"GB","2026-09-29T03:00:00.000000",19.638671875
"GB","2026-09-29T04:00:00.000000",19.6388778686523
"GB","2026-09-29T05:00:00.000000",19.6420764923096
"GB","2026-09-29T06:00:00.000000",19.6450786590576
"GB","2026-09-29T07:00:00.000000",19.631233215332
"GB","2026-09-29T08:00:00.000000",19.6371536254883
"GB","2026-09-29T09:00:00.000000",19.6373710632324
"GB","2026-09-29T10:00:00.000000",19.6320762634277
"GB","2026-09-29T11:00:00.000000",19.6358089447021
"GB","2026-09-29T12:00:00.000000",19.6302642822266
"GB","2026-09-29T13:00:00.000000",19.5937480926514
"GB","2026-09-29T14:00:00.000000",19.6097049713135
"GB","2026-09-29T15:00:00.000000",19.6107234954834
"GB","2026-09-29T16:00:00.000000",19.6176815032959
"GB","2026-09-29T17:00:00.000000",19.6239738464355
"GB","2026-09-29T18:00:00.000000",19.6418476104736
"GB","2026-09-29T19:00:00.000000",19.6207885742188
"GB","2026-09-29T20:00:00.000000",19.6236000061035
"GB","2026-09-29T21:00:00.000000",19.6294002532959
"GB","2026-09-29T22:00:00.000000",19.6192092895508
"GB","2026-09-29T23:00:00.000000",19.613317489624
"GB","2026-09-30T00:00:00.000000",19.6518173217773
"GB","2026-09-30T01:00:00.000000",19.5854339599609
"GB","2026-09-30T02:00:00.000000",19.5962009429932
"GB","2026-09-30T03:00:00.000000",19.608154296875
"GB","2026-09-30T04:00:00.000000",19.6161155700684
"GB","2026-09-30T05:00:00.000000",19.6268062591553
"GB","2026-09-30T06:00:00.000000",19.6325397491455
"GB","2026-09-30T07:00:00.000000",19.6225776672363
"GB","2026-09-30T08:00:00.000000",19.6048469543457
"GB","2026-09-30T09:00:00.000000",19.6079120635986
"GB","2026-09-30T10:00:00.000000",19.6053733825684
"GB","2026-09-30T11:00:00.000000",19.5990867614746
"GB","2026-09-30T12:00:00.000000",19.6195983886719
"GB","2026-09-30T13:00:00.000000",19.588623046875
"GB","2026-09-30T14:00:00.000000",19.5762901306152
"GB","2026-09-30T15:00:00.000000",19.5984783172607
"GB","2026-09-30T16:00:00.000000",19.6180782318115
"GB","2026-09-30T17:00:00.000000",19.6324367523193
"GB","2026-09-30T18:00:00.000000",19.6431312561035
"GB","2026-09-30T19:00:00.000000",19.68235206604
"GB","2026-09-30T20:00:00.000000",19.6282062530518
"GB","2026-09-30T21:00:00.000000",19.6325950622559
"GB","2026-09-30T22:00:00.000000",19.6392192840576
"GB","2026-09-30T23:00:00.000000",19.6383609771729
"GB","2026-10-01T00:00:00.000000",19.6674213409424
"GB","2026-10-01T01:00:00.000000",19.6476898193359
"GB","2026-10-01T02:00:00.000000",19.5977592468262
"GB","2026-10-01T03:00:00.000000",19.636022567749
"GB","2026-10-01T04:00:00.000000",19.6795082092285
"GB","2026-10-01T05:00:00.000000",19.7154998779297
"GB","2026-10-01T06:00:00.000000",19.7475433349609
"GB","2026-10-01T07:00:00.000000",19.7852001190186
"GB","2026-10-01T08:00:00.000000",19.7267971038818
"GB","2026-10-01T09:00:00.000000",19.6862125396729
"GB","2026-10-01T10:00:00.000000",19.6929569244385
"GB","2026-10-01T11:00:00.000000",19.7013301849365
"GB","2026-10-01T12:00:00.000000",19.7184066772461
"GB","2026-10-01T13:00:00.000000",19.7340888977051
"GB","2026-10-01T14:00:00.000000",19.6895790100098
"GB","2026-10-01T15:00:00.000000",19.7308197021484
"GB","2026-10-01T16:00:00.000000",19.7917861938477
"GB","2026-10-01T17:00:00.000000",19.8354358673096
"GB","2026-10-01T18:00:00.000000",19.8725261688232
"GB","2026-10-01T19:00:00.000000",19.9333095550537
"GB","2026-10-01T20:00:00.000000",19.9210815429688
"GB","2026-10-01T21:00:00.000000",19.8094940185547
"GB","2026-10-01T22:00:00.000000",19.8189029693604
"GB","2026-10-01T23:00:00.000000",19.8316326141357
"GB","2026-10-02T00:00:00.000000",19.8461265563965
"LI","2026-09-24T00:00:00.000000",20.8583240509033
"LI","2026-09-24T01:00:00.000000",20.8569889068604
"LI","2026-09-24T02:00:00.000000",20.8452777862549
"LI","2026-09-24T03:00:00.000000",20.8280124664307
"LI","2026-09-24T04:00:00.000000",20.8084449768066
"LI","2026-09-24T05:00:00.000000",20.78928565979
"LI","2026-09-24T06:00:00.000000",20.7705097198486
"LI","2026-09-24T07:00:00.000000",20.7476177215576
"LI","2026-09-24T08:00:00.000000",20.6510353088379
"LI","2026-09-24T09:00:00.000000",20.6237869262695
"LI","2026-09-24T10:00:00.000000",20.6320781707764
"LI","2026-09-24T11:00:00.000000",20.639762878418
"LI","2026-09-24T12:00:00.000000",20.6443271636963
"LI","2026-09-24T13:00:00.000000",20.653190612793
"LI","2026-09-24T14:00:00.000000",20.646598815918
"LI","2026-09-24T15:00:00.000000",20.6244716644287
"LI","2026-09-24T16:00:00.000000",20.5926647186279
"LI","2026-09-24T17:00:00.000000",20.5740127563477
"LI","2026-09-24T18:00:00.000000",20.5571460723877
"LI","2026-09-24T19:00:00.000000",20.5398578643799
"LI","2026-09-24T20:00:00.000000",20.5209102630615
"LI","2026-09-24T21:00:00.000000",20.4809455871582
"LI","2026-09-24T22:00:00.000000",20.463171005249
"LI","2026-09-24T23:00:00.000000",20.4553337097168
"LI","2026-09-25T00:00:00.000000",20.4457988739014
"LI","2026-09-25T01:00:00.000000",20.4394512176514
"LI","2026-09-25T02:00:00.000000",20.4262523651123
"LI","2026-09-25T03:00:00.000000",20.4065284729004
"LI","2026-09-25T04:00:00.000000",20.3831081390381
"LI","2026-09-25T05:00:00.000000",20.3599395751953
"LI","2026-09-25T06:00:00.000000",20.338191986084
"LI","2026-09-25T07:00:00.000000",20.3180809020996
"LI","2026-09-25T08:00:00.000000",20.284107208252
"LI","2026-09-25T09:00:00.000000",20.2395057678223
"LI","2026-09-25T10:00:00.000000",20.2022686004639
"LI","2026-09-25T11:00:00.000000",20.1931934356689
"LI","2026-09-25T12:00:00.000000",20.1911163330078
"LI","2026-09-25T13:00:00.000000",20.1949424743652
"LI","2026-09-25T14:00:00.000000",20.1965751647949
"LI","2026-09-25T15:00:00.000000",20.1908912658691
"LI","2026-09-25T16:00:00.000000",20.1689128875732
"LI","2026-09-25T17:00:00.000000",20.1370544433594
"LI","2026-09-25T18:00:00.000000",20.1173400878906
"LI","2026-09-25T19:00:00.000000",20.0987548828125
"LI","2026-09-25T20:00:00.000000",20.0839099884033
"LI","2026-09-25T21:00:00.000000",20.0718173980713
"LI","2026-09-25T22:00:00.000000",20.0525913238525
"LI","2026-09-25T23:00:00.000000",20.0355129241943
"LI","2026-09-26T00:00:00.000000",20.022928237915
"LI","2026-09-26T01:00:00.000000",20.0202255249023
"LI","2026-09-26T02:00:00.000000",20.0038642883301
"LI","2026-09-26T03:00:00.000000",19.9850845336914
"LI","2026-09-26T04:00:00.000000",19.96262550354
"LI","2026-09-26T05:00:00.000000",19.9405517578125
"LI","2026-09-26T06:00:00.000000",19.9213790893555
"LI","2026-09-26T07:00:00.000000",19.9024486541748
"LI","2026-09-26T08:00:00.000000",19.8886890411377
"LI","2026-09-26T09:00:00.000000",19.8822460174561
"LI","2026-09-26T10:00:00.000000",19.8677463531494
"LI","2026-09-26T11:00:00.000000",19.8517646789551
"LI","2026-09-26T12:00:00.000000",19.8320350646973
"LI","2026-09-26T13:00:00.000000",19.8191967010498
"LI","2026-09-26T14:00:00.000000",19.8075160980225
"LI","2026-09-26T15:00:00.000000",19.7980422973633
"LI","2026-09-26T16:00:00.000000",19.7961959838867
"LI","2026-09-26T17:00:00.000000",19.793586730957
"LI","2026-09-26T18:00:00.000000",19.787784576416
"LI","2026-09-26T19:00:00.000000",19.7819976806641
"LI","2026-09-26T20:00:00.000000",19.7714691162109
"LI","2026-09-26T21:00:00.000000",19.755931854248
"LI","2026-09-26T22:00:00.000000",19.7333526611328
"LI","2026-09-26T23:00:00.000000",19.7124061584473
"LI","2026-09-27T00:00:00.000000",19.7020111083984
"LI","2026-09-27T01:00:00.000000",19.685733795166
"LI","2026-09-27T02:00:00.000000",19.6820621490479
"LI","2026-09-27T03:00:00.000000",19.6811847686768
"LI","2026-09-27T04:00:00.000000",19.6314792633057
"LI","2026-09-27T05:00:00.000000",19.6372509002686
"LI","2026-09-27T06:00:00.000000",19.6029949188232
"LI","2026-09-27T07:00:00.000000",19.5971775054932
"LI","2026-09-27T08:00:00.000000",19.5982246398926
"LI","2026-09-27T09:00:00.000000",19.6123466491699
"LI","2026-09-27T10:00:00.000000",19.6413154602051
"LI","2026-09-27T11:00:00.000000",19.6304607391357
"LI","2026-09-27T12:00:00.000000",19.6391162872314
"LI","2026-09-27T13:00:00.000000",19.6372146606445
"LI","2026-09-27T14:00:00.000000",19.638277053833
"LI","2026-09-27T15:00:00.000000",19.6408596038818
"LI","2026-09-27T16:00:00.000000",19.6580085754395
"LI","2026-09-27T17:00:00.000000",19.6642150878906
"LI","2026-09-27T18:00:00.000000",19.6677169799805
"LI","2026-09-27T19:00:00.000000",19.6713886260986
"LI","2026-09-27T20:00:00.000000",19.6654815673828
"LI","2026-09-27T21:00:00.000000",19.6539325714111
"LI","2026-09-27T22:00:00.000000",19.6508274078369
"LI","2026-09-27T23:00:00.000000",19.6482810974121
"LI","2026-09-28T00:00:00.000000",19.6426410675049
"LI","2026-09-28T01:00:00.000000",19.6354923248291
"LI","2026-09-28T02:00:00.000000",19.6382217407227
"LI","2026-09-28T03:00:00.000000",19.6456413269043
"LI","2026-09-28T04:00:00.000000",19.6544761657715
"LI","2026-09-28T05:00:00.000000",19.656530380249
"LI","2026-09-28T06:00:00.000000",19.6550769805908
"LI","2026-09-28T07:00:00.000000",19.655403137207
"LI","2026-09-28T08:00:00.000000",19.6514644622803
"LI","2026-09-28T09:00:00.000000",19.6469821929932
"LI","2026-09-28T10:00:00.000000",19.6531105041504
"LI","2026-09-28T11:00:00.000000",19.6730556488037
"LI","2026-09-28T12:00:00.000000",19.6745128631592
"LI","2026-09-28T13:00:00.000000",19.6738395690918
"LI","2026-09-28T14:00:00.000000",19.6734523773193
"LI","2026-09-28T15:00:00.000000",19.6764049530029
"LI","2026-09-28T16:00:00.000000",19.6798419952393
"LI","2026-09-28T17:00:00.000000",19.6836853027344
"LI","2026-09-28T18:00:00.000000",19.6891937255859
"LI","2026-09-28T19:00:00.000000",19.6859912872314
"LI","2026-09-28T20:00:00.000000",19.6842193603516
"LI","2026-09-28T21:00:00.000000",19.6813678741455
"LI","2026-09-28T22:00:00.000000",19.6827182769775
"LI","2026-09-28T23:00:00.000000",19.7120552062988
"LI","2026-09-29T00:00:00.000000",19.7278938293457
"LI","2026-09-29T01:00:00.000000",19.7292671203613
"LI","2026-09-29T02:00:00.000000",19.7206649780273
"LI","2026-09-29T03:00:00.000000",19.7090282440186
"LI","2026-09-29T04:00:00.000000",19.6877899169922
"LI","2026-09-29T05:00:00.000000",19.6878623962402
"LI","2026-09-29T06:00:00.000000",19.6967258453369
"LI","2026-09-29T07:00:00.000000",19.6989631652832
"LI","2026-09-29T08:00:00.000000",19.6921882629395
"LI","2026-09-29T09:00:00.000000",19.6937656402588
"LI","2026-09-29T10:00:00.000000",19.6955890655518
"LI","2026-09-29T11:00:00.000000",19.6916084289551
"LI","2026-09-29T12:00:00.000000",19.6910800933838
"LI","2026-09-29T13:00:00.000000",19.6928977966309
"LI","2026-09-29T14:00:00.000000",19.6954441070557
"LI","2026-09-29T15:00:00.000000",19.695520401001
"LI","2026-09-29T16:00:00.000000",19.699520111084
"LI","2026-09-29T17:00:00.000000",19.7245216369629
"LI","2026-09-29T18:00:00.000000",19.7436618804932
"LI","2026-09-29T19:00:00.000000",19.7515907287598
"LI","2026-09-29T20:00:00.000000",19.7545986175537
"LI","2026-09-29T21:00:00.000000",19.7582473754883
"LI","2026-09-29T22:00:00.000000",19.7530784606934
"LI","2026-09-29T23:00:00.000000",19.7071857452393
"LI","2026-09-30T00:00:00.000000",19.7013778686523
"LI","2026-09-30T01:00:00.000000",19.7008571624756
"LI","2026-09-30T02:00:00.000000",19.7000293731689
"LI","2026-09-30T03:00:00.000000",19.6985301971436
"LI","2026-09-30T04:00:00.000000",19.7157516479492
"LI","2026-09-30T05:00:00.000000",19.7472801208496
"LI","2026-09-30T06:00:00.000000",19.760856628418
"LI","2026-09-30T07:00:00.000000",19.7626724243164
"LI","2026-09-30T08:00:00.000000",19.7490749359131
"LI","2026-09-30T09:00:00.000000",19.734842300415
"LI","2026-09-30T10:00:00.000000",19.7384853363037
"LI","2026-09-30T11:00:00.000000",19.7009353637695
"LI","2026-09-30T12:00:00.000000",19.6770210266113
"LI","2026-09-30T13:00:00.000000",19.6768093109131
"LI","2026-09-30T14:00:00.000000",19.6825180053711
"LI","2026-09-30T15:00:00.000000",19.6882762908936
"LI","2026-09-30T16:00:00.000000",19.6973705291748
"LI","2026-09-30T17:00:00.000000",19.7306079864502
"LI","2026-09-30T18:00:00.000000",19.7704296112061
"LI","2026-09-30T19:00:00.000000",19.777853012085
"LI","2026-09-30T20:00:00.000000",19.7768707275391
"LI","2026-09-30T21:00:00.000000",19.7695560455322
"LI","2026-09-30T22:00:00.000000",19.7696170806885
"LI","2026-09-30T23:00:00.000000",19.7398700714111
"LI","2026-10-01T00:00:00.000000",19.7471714019775
"LI","2026-10-01T01:00:00.000000",19.8109874725342
"LI","2026-10-01T02:00:00.000000",19.8438339233398
"LI","2026-10-01T03:00:00.000000",19.8439064025879
"LI","2026-10-01T04:00:00.000000",19.8243827819824
"LI","2026-10-01T05:00:00.000000",19.7902679443359
"LI","2026-10-01T06:00:00.000000",19.7796535491943
"LI","2026-10-01T07:00:00.000000",19.7788009643555
"LI","2026-10-01T08:00:00.000000",19.7788143157959
"LI","2026-10-01T09:00:00.000000",19.7791938781738
"LI","2026-10-01T10:00:00.000000",19.8226852416992
"LI","2026-10-01T11:00:00.000000",19.9065895080566
"LI","2026-10-01T12:00:00.000000",19.9671363830566
"LI","2026-10-01T13:00:00.000000",20.0015277862549
"LI","2026-10-01T14:00:00.000000",20.0089683532715
"LI","2026-10-01T15:00:00.000000",20.0121154785156
"LI","2026-10-01T16:00:00.000000",20.0171775817871
"LI","2026-10-01T17:00:00.000000",20.0204277038574
"LI","2026-10-01T18:00:00.000000",20.0118160247803
"LI","2026-10-01T19:00:00.000000",20.0000495910645
"LI","2026-10-01T20:00:00.000000",20.0008544921875
"LI","2026-10-01T21:00:00.000000",20.0059032440186
"LI","2026-10-01T22:00:00.000000",20.0061855316162
"LI","2026-10-01T23:00:00.000000",20.0064353942871
"LI","2026-10-02T00:00:00.000000",20.0052547454834
"OB","2026-09-24T00:00:00.000000",19.6423377990723
"OB","2026-09-24T01:00:00.000000",19.6401672363281
"OB","2026-09-24T02:00:00.000000",19.6464309692383
"OB","2026-09-24T03:00:00.000000",19.6569957733154
"OB","2026-09-24T04:00:00.000000",19.6600875854492
"OB","2026-09-24T05:00:00.000000",19.6584377288818
"OB","2026-09-24T06:00:00.000000",19.6565990447998
"OB","2026-09-24T07:00:00.000000",19.6347217559814
"OB","2026-09-24T08:00:00.000000",19.5784225463867
"OB","2026-09-24T09:00:00.000000",19.5128402709961
"OB","2026-09-24T10:00:00.000000",19.4742431640625
"OB","2026-09-24T11:00:00.000000",19.4440479278564
"OB","2026-09-24T12:00:00.000000",19.4229202270508
"OB","2026-09-24T13:00:00.000000",19.4175930023193
"OB","2026-09-24T14:00:00.000000",19.4795780181885
"OB","2026-09-24T15:00:00.000000",19.5033702850342
"OB","2026-09-24T16:00:00.000000",19.5133533477783
"OB","2026-09-24T17:00:00.000000",19.5140838623047
"OB","2026-09-24T18:00:00.000000",19.5102920532227
"OB","2026-09-24T19:00:00.000000",19.506965637207
"OB","2026-09-24T20:00:00.000000",19.4968414306641
"OB","2026-09-24T21:00:00.000000",19.4681396484375
"OB","2026-09-24T22:00:00.000000",19.4145908355713
"OB","2026-09-24T23:00:00.000000",19.3745422363281
"OB","2026-09-25T00:00:00.000000",19.3461437225342
"OB","2026-09-25T01:00:00.000000",19.3295021057129
"OB","2026-09-25T02:00:00.000000",19.3109645843506
"OB","2026-09-25T03:00:00.000000",19.3032932281494
"OB","2026-09-25T04:00:00.000000",19.2944755554199
"OB","2026-09-25T05:00:00.000000",19.2625637054443
"OB","2026-09-25T06:00:00.000000",19.2370376586914
"OB","2026-09-25T07:00:00.000000",19.2104377746582
"OB","2026-09-25T08:00:00.000000",19.1719837188721
"OB","2026-09-25T09:00:00.000000",19.1123962402344
"OB","2026-09-25T10:00:00.000000",19.0480537414551
"OB","2026-09-25T11:00:00.000000",19.0153160095215
"OB","2026-09-25T12:00:00.000000",18.994607925415
"OB","2026-09-25T13:00:00.000000",18.9808559417725
"OB","2026-09-25T14:00:00.000000",19.0086441040039
"OB","2026-09-25T15:00:00.000000",19.0611343383789
"OB","2026-09-25T16:00:00.000000",19.0974864959717
"OB","2026-09-25T17:00:00.000000",19.1214942932129
"OB","2026-09-25T18:00:00.000000",19.1347808837891
"OB","2026-09-25T19:00:00.000000",19.1456203460693
"OB","2026-09-25T20:00:00.000000",19.1483573913574
"OB","2026-09-25T21:00:00.000000",19.1226749420166
"OB","2026-09-25T22:00:00.000000",19.0415878295898
"OB","2026-09-25T23:00:00.000000",18.9622764587402
"OB","2026-09-26T00:00:00.000000",18.9102077484131
"OB","2026-09-26T01:00:00.000000",18.863805770874
"OB","2026-09-26T02:00:00.000000",18.8194751739502
"OB","2026-09-26T03:00:00.000000",18.7975730895996
"OB","2026-09-26T04:00:00.000000",18.7842082977295
"OB","2026-09-26T05:00:00.000000",18.7605648040771
"OB","2026-09-26T06:00:00.000000",18.7140274047852
"OB","2026-09-26T07:00:00.000000",18.6703910827637
"OB","2026-09-26T08:00:00.000000",18.624849319458
"OB","2026-09-26T09:00:00.000000",18.5867290496826
"OB","2026-09-26T10:00:00.000000",18.5409240722656
"OB","2026-09-26T11:00:00.000000",18.5312881469727
"OB","2026-09-26T12:00:00.000000",18.5445289611816
"OB","2026-09-26T13:00:00.000000",18.5290203094482
"OB","2026-09-26T14:00:00.000000",18.5063629150391
"OB","2026-09-26T15:00:00.000000",18.48974609375
"OB","2026-09-26T16:00:00.000000",18.5238647460938
"OB","2026-09-26T17:00:00.000000",18.5928497314453
"OB","2026-09-26T18:00:00.000000",18.6465244293213
"OB","2026-09-26T19:00:00.000000",18.6827964782715
"OB","2026-09-26T20:00:00.000000",18.7158546447754
"OB","2026-09-26T21:00:00.000000",18.7208347320557
"OB","2026-09-26T22:00:00.000000",18.6785888671875
"OB","2026-09-26T23:00:00.000000",18.6145305633545
"OB","2026-09-27T00:00:00.000000",18.5758113861084
"OB","2026-09-27T01:00:00.000000",18.5510559082031
"OB","2026-09-27T02:00:00.000000",18.538459777832
"OB","2026-09-27T03:00:00.000000",18.5605888366699
"OB","2026-09-27T04:00:00.000000",18.498950958252
"OB","2026-09-27T05:00:00.000000",18.5291347503662
"OB","2026-09-27T06:00:00.000000",18.601095199585
"OB","2026-09-27T07:00:00.000000",18.602991104126
"OB","2026-09-27T08:00:00.000000",18.6156425476074
"OB","2026-09-27T09:00:00.000000",18.5552387237549
"OB","2026-09-27T10:00:00.000000",18.5381565093994
"OB","2026-09-27T11:00:00.000000",18.4709014892578
"OB","2026-09-27T12:00:00.000000",18.4150257110596
"OB","2026-09-27T13:00:00.000000",18.3658790588379
"OB","2026-09-27T14:00:00.000000",18.3841934204102
"OB","2026-09-27T15:00:00.000000",18.3819389343262
"OB","2026-09-27T16:00:00.000000",18.4148616790771
"OB","2026-09-27T17:00:00.000000",18.438346862793
"OB","2026-09-27T18:00:00.000000",18.4438877105713
"OB","2026-09-27T19:00:00.000000",18.4537353515625
"OB","2026-09-27T20:00:00.000000",18.4653587341309
"OB","2026-09-27T21:00:00.000000",18.4674835205078
"OB","2026-09-27T22:00:00.000000",18.4665279388428
"OB","2026-09-27T23:00:00.000000",18.4440994262695
"OB","2026-09-28T00:00:00.000000",18.3845272064209
"OB","2026-09-28T01:00:00.000000",18.2789688110352
"OB","2026-09-28T02:00:00.000000",18.2424030303955
"OB","2026-09-28T03:00:00.000000",18.226131439209
"OB","2026-09-28T04:00:00.000000",18.2214241027832
"OB","2026-09-28T05:00:00.000000",18.2347030639648
"OB","2026-09-28T06:00:00.000000",18.2362251281738
"OB","2026-09-28T07:00:00.000000",18.236837387085
"OB","2026-09-28T08:00:00.000000",18.2292461395264
"OB","2026-09-28T09:00:00.000000",18.216682434082
"OB","2026-09-28T10:00:00.000000",18.1969318389893
"OB","2026-09-28T11:00:00.000000",18.175443649292
"OB","2026-09-28T12:00:00.000000",18.1683769226074
"OB","2026-09-28T13:00:00.000000",18.1746692657471
"OB","2026-09-28T14:00:00.000000",18.1275539398193
"OB","2026-09-28T15:00:00.000000",18.0815620422363
"OB","2026-09-28T16:00:00.000000",18.0479869842529
"OB","2026-09-28T17:00:00.000000",18.039400100708
"OB","2026-09-28T18:00:00.000000",18.0414714813232
"OB","2026-09-28T19:00:00.000000",18.045618057251
"OB","2026-09-28T20:00:00.000000",18.0451526641846
"OB","2026-09-28T21:00:00.000000",18.0347957611084
"OB","2026-09-28T22:00:00.000000",18.0158729553223
"OB","2026-09-28T23:00:00.000000",17.9992122650146
"OB","2026-09-29T00:00:00.000000",18.0053100585938
"OB","2026-09-29T01:00:00.000000",18.0255146026611
"OB","2026-09-29T02:00:00.000000",18.0504302978516
"OB","2026-09-29T03:00:00.000000",18.0521945953369
"OB","2026-09-29T04:00:00.000000",18.0334453582764
"OB","2026-09-29T05:00:00.000000",18.0163345336914
"OB","2026-09-29T06:00:00.000000",18.0102596282959
"OB","2026-09-29T07:00:00.000000",18.0014820098877
"OB","2026-09-29T08:00:00.000000",17.9985179901123
"OB","2026-09-29T09:00:00.000000",17.9869384765625
"OB","2026-09-29T10:00:00.000000",17.9728584289551
"OB","2026-09-29T11:00:00.000000",17.9458408355713
"OB","2026-09-29T12:00:00.000000",17.92893409729
"OB","2026-09-29T13:00:00.000000",17.9372634887695
"OB","2026-09-29T14:00:00.000000",17.9582481384277
"OB","2026-09-29T15:00:00.000000",17.9656448364258
"OB","2026-09-29T16:00:00.000000",17.9490356445312
"OB","2026-09-29T17:00:00.000000",17.9436416625977
"OB","2026-09-29T18:00:00.000000",17.9427909851074
"OB","2026-09-29T19:00:00.000000",17.9402961730957
"OB","2026-09-29T20:00:00.000000",17.934009552002
"OB","2026-09-29T21:00:00.000000",17.9220924377441
"OB","2026-09-29T22:00:00.000000",17.9083213806152
"OB","2026-09-29T23:00:00.000000",17.8924942016602
"OB","2026-09-30T00:00:00.000000",17.8771533966064
"OB","2026-09-30T01:00:00.000000",17.87477684021
"OB","2026-09-30T02:00:00.000000",17.895658493042
"OB","2026-09-30T03:00:00.000000",17.9512577056885
"OB","2026-09-30T04:00:00.000000",17.9727382659912
"OB","2026-09-30T05:00:00.000000",17.972095489502
"OB","2026-09-30T06:00:00.000000",17.9648056030273
"OB","2026-09-30T07:00:00.000000",17.9592704772949
"OB","2026-09-30T08:00:00.000000",17.9529151916504
"OB","2026-09-30T09:00:00.000000",17.9535903930664
"OB","2026-09-30T10:00:00.000000",17.9482841491699
"OB","2026-09-30T11:00:00.000000",17.9405059814453
"OB","2026-09-30T12:00:00.000000",17.9343395233154
"OB","2026-09-30T13:00:00.000000",17.925313949585
"OB","2026-09-30T14:00:00.000000",17.9187641143799
"OB","2026-09-30T15:00:00.000000",17.9192581176758
"OB","2026-09-30T16:00:00.000000",17.9060802459717
"OB","2026-09-30T17:00:00.000000",17.9036674499512
"OB","2026-09-30T18:00:00.000000",17.9138793945312
"OB","2026-09-30T19:00:00.000000",17.924825668335
"OB","2026-09-30T20:00:00.000000",17.9318313598633
"OB","2026-09-30T21:00:00.000000",17.9366645812988
"OB","2026-09-30T22:00:00.000000",17.9474773406982
"OB","2026-09-30T23:00:00.000000",17.9617176055908
"OB","2026-10-01T00:00:00.000000",17.9842700958252
"OB","2026-10-01T01:00:00.000000",18.0177631378174
"OB","2026-10-01T02:00:00.000000",18.049919128418
"OB","2026-10-01T03:00:00.000000",18.1101741790771
"OB","2026-10-01T04:00:00.000000",18.0796928405762
"OB","2026-10-01T05:00:00.000000",18.0637874603271
"OB","2026-10-01T06:00:00.000000",18.0475425720215
"OB","2026-10-01T07:00:00.000000",18.0352058410645
"OB","2026-10-01T08:00:00.000000",18.0319232940674
"OB","2026-10-01T09:00:00.000000",18.0260105133057
"OB","2026-10-01T10:00:00.000000",18.0231151580811
"OB","2026-10-01T11:00:00.000000",18.0182723999023
"OB","2026-10-01T12:00:00.000000",18.0121841430664
"OB","2026-10-01T13:00:00.000000",18.0046710968018
"OB","2026-10-01T14:00:00.000000",17.9919586181641
"OB","2026-10-01T15:00:00.000000",17.9948616027832
"OB","2026-10-01T16:00:00.000000",17.9940738677979
"OB","2026-10-01T17:00:00.000000",17.9922561645508
"OB","2026-10-01T18:00:00.000000",18.0186233520508
"OB","2026-10-01T19:00:00.000000",18.1270809173584
"OB","2026-10-01T20:00:00.000000",18.1433544158936
"OB","2026-10-01T21:00:00.000000",18.1450996398926
"OB","2026-10-01T22:00:00.000000",18.1436672210693
"OB","2026-10-01T23:00:00.000000",18.139835357666
"OB","2026-10-02T00:00:00.000000",18.1408958435059
"WC","2026-09-24T00:00:00.000000",20.7415962219238
"WC","2026-09-24T01:00:00.000000",20.7365684509277
"WC","2026-09-24T02:00:00.000000",20.652530670166
"WC","2026-09-24T03:00:00.000000",20.4636878967285
"WC","2026-09-24T04:00:00.000000",20.3107891082764
"WC","2026-09-24T05:00:00.000000",20.1806526184082
"WC","2026-09-24T06:00:00.000000",20.0739574432373
"WC","2026-09-24T07:00:00.000000",20.0818614959717
"WC","2026-09-24T08:00:00.000000",20.3660507202148
"WC","2026-09-24T09:00:00.000000",20.4959716796875
"WC","2026-09-24T10:00:00.000000",20.5098247528076
"WC","2026-09-24T11:00:00.000000",20.5100841522217
"WC","2026-09-24T12:00:00.000000",20.5080661773682
"WC","2026-09-24T13:00:00.000000",20.4840641021729
"WC","2026-09-24T14:00:00.000000",20.3968353271484
"WC","2026-09-24T15:00:00.000000",20.2834510803223
"WC","2026-09-24T16:00:00.000000",20.1808891296387
"WC","2026-09-24T17:00:00.000000",20.0530891418457
"WC","2026-09-24T18:00:00.000000",19.9354343414307
"WC","2026-09-24T19:00:00.000000",19.8355083465576
"WC","2026-09-24T20:00:00.000000",19.9308452606201
"WC","2026-09-24T21:00:00.000000",20.3723125457764
"WC","2026-09-24T22:00:00.000000",20.4076652526855
"WC","2026-09-24T23:00:00.000000",20.4047183990479
"WC","2026-09-25T00:00:00.000000",20.3971347808838
"WC","2026-09-25T01:00:00.000000",20.3949909210205
"WC","2026-09-25T02:00:00.000000",20.3612041473389
"WC","2026-09-25T03:00:00.000000",20.2204551696777
"WC","2026-09-25T04:00:00.000000",20.0610618591309
"WC","2026-09-25T05:00:00.000000",19.9295921325684
"WC","2026-09-25T06:00:00.000000",19.792293548584
"WC","2026-09-25T07:00:00.000000",19.6933860778809
"WC","2026-09-25T08:00:00.000000",19.7375297546387
"WC","2026-09-25T09:00:00.000000",20.0921573638916
"WC","2026-09-25T10:00:00.000000",20.1576728820801
"WC","2026-09-25T11:00:00.000000",20.1438407897949
"WC","2026-09-25T12:00:00.000000",20.1376628875732
"WC","2026-09-25T13:00:00.000000",20.1311016082764
"WC","2026-09-25T14:00:00.000000",20.0651416778564
"WC","2026-09-25T15:00:00.000000",19.9554424285889
"WC","2026-09-25T16:00:00.000000",19.8378524780273
"WC","2026-09-25T17:00:00.000000",19.704174041748
"WC","2026-09-25T18:00:00.000000",19.5370540618896
"WC","2026-09-25T19:00:00.000000",19.3582057952881
"WC","2026-09-25T20:00:00.000000",19.2419815063477
"WC","2026-09-25T21:00:00.000000",19.5932769775391
"WC","2026-09-25T22:00:00.000000",19.9947452545166
"WC","2026-09-25T23:00:00.000000",19.9929466247559
"WC","2026-09-26T00:00:00.000000",19.9889602661133
"WC","2026-09-26T01:00:00.000000",19.9928169250488
"WC","2026-09-26T02:00:00.000000",19.9791412353516
"WC","2026-09-26T03:00:00.000000",19.8873691558838
"WC","2026-09-26T04:00:00.000000",19.7059211730957
"WC","2026-09-26T05:00:00.000000",19.5602245330811
"WC","2026-09-26T06:00:00.000000",19.3924293518066
"WC","2026-09-26T07:00:00.000000",19.1970272064209
"WC","2026-09-26T08:00:00.000000",19.095817565918
"WC","2026-09-26T09:00:00.000000",19.4812431335449
"WC","2026-09-26T10:00:00.000000",19.7879676818848
"WC","2026-09-26T11:00:00.000000",19.793514251709
"WC","2026-09-26T12:00:00.000000",19.7874240875244
"WC","2026-09-26T13:00:00.000000",19.7908592224121
"WC","2026-09-26T14:00:00.000000",19.7742195129395
"WC","2026-09-26T15:00:00.000000",19.700475692749
"WC","2026-09-26T16:00:00.000000",19.5733470916748
"WC","2026-09-26T17:00:00.000000",19.4429798126221
"WC","2026-09-26T18:00:00.000000",19.2666606903076
"WC","2026-09-26T19:00:00.000000",19.0730323791504
"WC","2026-09-26T20:00:00.000000",18.9205627441406
"WC","2026-09-26T21:00:00.000000",18.965950012207
"WC","2026-09-26T22:00:00.000000",19.6135387420654
"WC","2026-09-26T23:00:00.000000",19.6806449890137
"WC","2026-09-27T00:00:00.000000",19.6706352233887
"WC","2026-09-27T01:00:00.000000",19.672399520874
"WC","2026-09-27T02:00:00.000000",19.663236618042
"WC","2026-09-27T03:00:00.000000",19.5837173461914
"WC","2026-09-27T04:00:00.000000",19.5246906280518
"WC","2026-09-27T05:00:00.000000",19.3125648498535
"WC","2026-09-27T06:00:00.000000",19.043643951416
"WC","2026-09-27T07:00:00.000000",18.6439571380615
"WC","2026-09-27T08:00:00.000000",18.4234275817871
"WC","2026-09-27T09:00:00.000000",18.5914077758789
"WC","2026-09-27T10:00:00.000000",19.3932361602783
"WC","2026-09-27T11:00:00.000000",19.5322589874268
"WC","2026-09-27T12:00:00.000000",19.5324287414551
"WC","2026-09-27T13:00:00.000000",19.5547161102295
"WC","2026-09-27T14:00:00.000000",19.5546760559082
"WC","2026-09-27T15:00:00.000000",19.5322265625
"WC","2026-09-27T16:00:00.000000",19.3170490264893
"WC","2026-09-27T17:00:00.000000",19.1365776062012
"WC","2026-09-27T18:00:00.000000",18.9929637908936
"WC","2026-09-27T19:00:00.000000",18.7729568481445
"WC","2026-09-27T20:00:00.000000",18.5932426452637
"WC","2026-09-27T21:00:00.000000",18.4047145843506
"WC","2026-09-27T22:00:00.000000",18.7275009155273
"WC","2026-09-27T23:00:00.000000",19.4859924316406
"WC","2026-09-28T00:00:00.000000",19.4962387084961
"WC","2026-09-28T01:00:00.000000",19.49827003479
"WC","2026-09-28T02:00:00.000000",19.5096397399902
"WC","2026-09-28T03:00:00.000000",19.4862804412842
"WC","2026-09-28T04:00:00.000000",19.3971424102783
"WC","2026-09-28T05:00:00.000000",19.1531639099121
"WC","2026-09-28T06:00:00.000000",19.0424518585205
"WC","2026-09-28T07:00:00.000000",18.8717708587646
"WC","2026-09-28T08:00:00.000000",18.6800136566162
"WC","2026-09-28T09:00:00.000000",18.5239715576172
"WC","2026-09-28T10:00:00.000000",18.5719470977783
"WC","2026-09-28T11:00:00.000000",19.3800163269043
"WC","2026-09-28T12:00:00.000000",19.4939193725586
"WC","2026-09-28T13:00:00.000000",19.4998416900635
"WC","2026-09-28T14:00:00.000000",19.5081882476807
"WC","2026-09-28T15:00:00.000000",19.496166229248
"WC","2026-09-28T16:00:00.000000",19.4456901550293
"WC","2026-09-28T17:00:00.000000",19.2357788085938
"WC","2026-09-28T18:00:00.000000",19.1138343811035
"WC","2026-09-28T19:00:00.000000",18.9209384918213
"WC","2026-09-28T20:00:00.000000",18.6765937805176
"WC","2026-09-28T21:00:00.000000",18.5073566436768
"WC","2026-09-28T22:00:00.000000",18.4621963500977
"WC","2026-09-28T23:00:00.000000",19.2697277069092
"WC","2026-09-29T00:00:00.000000",19.5405311584473
"WC","2026-09-29T01:00:00.000000",19.532018661499
"WC","2026-09-29T02:00:00.000000",19.5245170593262
"WC","2026-09-29T03:00:00.000000",19.5228958129883
"WC","2026-09-29T04:00:00.000000",19.4748115539551
"WC","2026-09-29T05:00:00.000000",19.3870124816895
"WC","2026-09-29T06:00:00.000000",19.1955108642578
"WC","2026-09-29T07:00:00.000000",19.0670700073242
"WC","2026-09-29T08:00:00.000000",18.8691253662109
"WC","2026-09-29T09:00:00.000000",18.6789703369141
"WC","2026-09-29T10:00:00.000000",18.5532169342041
"WC","2026-09-29T11:00:00.000000",19.0097942352295
"WC","2026-09-29T12:00:00.000000",19.5236930847168
"WC","2026-09-29T13:00:00.000000",19.5204296112061
"WC","2026-09-29T14:00:00.000000",19.5166664123535
"WC","2026-09-29T15:00:00.000000",19.5221881866455
"WC","2026-09-29T16:00:00.000000",19.4974632263184
"WC","2026-09-29T17:00:00.000000",19.4442882537842
"WC","2026-09-29T18:00:00.000000",19.2883224487305
"WC","2026-09-29T19:00:00.000000",19.1623973846436
"WC","2026-09-29T20:00:00.000000",18.9598846435547
"WC","2026-09-29T21:00:00.000000",18.7392635345459
"WC","2026-09-29T22:00:00.000000",18.6025447845459
"WC","2026-09-29T23:00:00.000000",18.6876735687256
"WC","2026-09-30T00:00:00.000000",19.4733848571777
"WC","2026-09-30T01:00:00.000000",19.5555877685547
"WC","2026-09-30T02:00:00.000000",19.5369338989258
"WC","2026-09-30T03:00:00.000000",19.5351524353027
"WC","2026-09-30T04:00:00.000000",19.5344848632812
"WC","2026-09-30T05:00:00.000000",19.4698619842529
"WC","2026-09-30T06:00:00.000000",19.3625984191895
"WC","2026-09-30T07:00:00.000000",19.1907196044922
"WC","2026-09-30T08:00:00.000000",19.0214805603027
"WC","2026-09-30T09:00:00.000000",18.7861576080322
"WC","2026-09-30T10:00:00.000000",18.6234149932861
"WC","2026-09-30T11:00:00.000000",18.553352355957
"WC","2026-09-30T12:00:00.000000",19.2351551055908
"WC","2026-09-30T13:00:00.000000",19.5512218475342
"WC","2026-09-30T14:00:00.000000",19.5475940704346
"WC","2026-09-30T15:00:00.000000",19.5609455108643
"WC","2026-09-30T16:00:00.000000",19.5723152160645
"WC","2026-09-30T17:00:00.000000",19.5276622772217
"WC","2026-09-30T18:00:00.000000",19.4672374725342
"WC","2026-09-30T19:00:00.000000",19.3047828674316
"WC","2026-09-30T20:00:00.000000",19.1565818786621
"WC","2026-09-30T21:00:00.000000",18.9356079101562
"WC","2026-09-30T22:00:00.000000",18.7479667663574
"WC","2026-09-30T23:00:00.000000",18.6301746368408
"WC","2026-10-01T00:00:00.000000",18.9815921783447
"WC","2026-10-01T01:00:00.000000",19.5520915985107
"WC","2026-10-01T02:00:00.000000",19.5866966247559
"WC","2026-10-01T03:00:00.000000",19.6099071502686
"WC","2026-10-01T04:00:00.000000",19.6369171142578
"WC","2026-10-01T05:00:00.000000",19.6315498352051
"WC","2026-10-01T06:00:00.000000",19.5419845581055
"WC","2026-10-01T07:00:00.000000",19.4322643280029
"WC","2026-10-01T08:00:00.000000",19.2763595581055
"WC","2026-10-01T09:00:00.000000",19.1435356140137
"WC","2026-10-01T10:00:00.000000",18.982006072998
"WC","2026-10-01T11:00:00.000000",18.8529205322266
"WC","2026-10-01T12:00:00.000000",18.872917175293
"WC","2026-10-01T13:00:00.000000",19.5022506713867
"WC","2026-10-01T14:00:00.000000",19.6740970611572
"WC","2026-10-01T15:00:00.000000",19.6717510223389
"WC","2026-10-01T16:00:00.000000",19.6719799041748
"WC","2026-10-01T17:00:00.000000",19.6722106933594
"WC","2026-10-01T18:00:00.000000",19.6204433441162
"WC","2026-10-01T19:00:00.000000",19.5591926574707
"WC","2026-10-01T20:00:00.000000",19.442289352417
"WC","2026-10-01T21:00:00.000000",19.3162879943848
"WC","2026-10-01T22:00:00.000000",19.1129570007324
"WC","2026-10-01T23:00:00.000000",18.9360637664795
"WC","2026-10-02T00:00:00.000000",18.8541736602783
"WI","2026-09-24T00:00:00.000000",20.8286399841309
"WI","2026-09-24T01:00:00.000000",20.7909374237061
"WI","2026-09-24T02:00:00.000000",20.7516822814941
"WI","2026-09-24T03:00:00.000000",20.7206764221191
"WI","2026-09-24T04:00:00.000000",20.6955585479736
"WI","2026-09-24T05:00:00.000000",20.6697731018066
"WI","2026-09-24T06:00:00.000000",20.6464252471924
"WI","2026-09-24T07:00:00.000000",20.637731552124
"WI","2026-09-24T08:00:00.000000",20.7031135559082
"WI","2026-09-24T09:00:00.000000",20.6899280548096
"WI","2026-09-24T10:00:00.000000",20.6264457702637
"WI","2026-09-24T11:00:00.000000",20.5680770874023
"WI","2026-09-24T12:00:00.000000",20.5274353027344
"WI","2026-09-24T13:00:00.000000",20.4963493347168
"WI","2026-09-24T14:00:00.000000",20.4903163909912
"WI","2026-09-24T15:00:00.000000",20.4936962127686
"WI","2026-09-24T16:00:00.000000",20.4972705841064
"WI","2026-09-24T17:00:00.000000",20.5028762817383
"WI","2026-09-24T18:00:00.000000",20.5068187713623
"WI","2026-09-24T19:00:00.000000",20.5028553009033
"WI","2026-09-24T20:00:00.000000",20.4922962188721
"WI","2026-09-24T21:00:00.000000",20.4854125976562
"WI","2026-09-24T22:00:00.000000",20.4739322662354
"WI","2026-09-24T23:00:00.000000",20.4650955200195
"WI","2026-09-25T00:00:00.000000",20.43967628479
"WI","2026-09-25T01:00:00.000000",20.3970890045166
"WI","2026-09-25T02:00:00.000000",20.3639106750488
"WI","2026-09-25T03:00:00.000000",20.3341007232666
"WI","2026-09-25T04:00:00.000000",20.3440647125244
"WI","2026-09-25T05:00:00.000000",20.2855529785156
"WI","2026-09-25T06:00:00.000000",20.2602424621582
"WI","2026-09-25T07:00:00.000000",20.2474193572998
"WI","2026-09-25T08:00:00.000000",20.3505992889404
"WI","2026-09-25T09:00:00.000000",20.3333301544189
"WI","2026-09-25T10:00:00.000000",20.296667098999
"WI","2026-09-25T11:00:00.000000",20.2806015014648
"WI","2026-09-25T12:00:00.000000",20.1997413635254
"WI","2026-09-25T13:00:00.000000",20.1166095733643
"WI","2026-09-25T14:00:00.000000",20.096097946167
"WI","2026-09-25T15:00:00.000000",20.0895404815674
"WI","2026-09-25T16:00:00.000000",20.0848274230957
"WI","2026-09-25T17:00:00.000000",20.079568862915
"WI","2026-09-25T18:00:00.000000",20.0792350769043
"WI","2026-09-25T19:00:00.000000",20.0754947662354
"WI","2026-09-25T20:00:00.000000",20.0866374969482
"WI","2026-09-25T21:00:00.000000",20.136589050293
"WI","2026-09-25T22:00:00.000000",20.1444206237793
"WI","2026-09-25T23:00:00.000000",20.1273403167725
"WI","2026-09-26T00:00:00.000000",20.0468463897705
"WI","2026-09-26T01:00:00.000000",20.0041732788086
"WI","2026-09-26T02:00:00.000000",19.9784736633301
"WI","2026-09-26T03:00:00.000000",19.9562454223633
"WI","2026-09-26T04:00:00.000000",19.9397563934326
"WI","2026-09-26T05:00:00.000000",19.9243431091309
"WI","2026-09-26T06:00:00.000000",19.9789943695068
"WI","2026-09-26T07:00:00.000000",19.8934631347656
"WI","2026-09-26T08:00:00.000000",19.9753513336182
"WI","2026-09-26T09:00:00.000000",19.9686679840088
"WI","2026-09-26T10:00:00.000000",19.9478378295898
"WI","2026-09-26T11:00:00.000000",19.9466724395752
"WI","2026-09-26T12:00:00.000000",19.9125728607178
"WI","2026-09-26T13:00:00.000000",19.8399066925049
"WI","2026-09-26T14:00:00.000000",19.7765140533447
"WI","2026-09-26T15:00:00.000000",19.7640495300293
"WI","2026-09-26T16:00:00.000000",19.76291847229
"WI","2026-09-26T17:00:00.000000",19.7711296081543
"WI","2026-09-26T18:00:00.000000",19.7662086486816
"WI","2026-09-26T19:00:00.000000",19.7566623687744
"WI","2026-09-26T20:00:00.000000",19.7517070770264
"WI","2026-09-26T21:00:00.000000",19.8180522918701
"WI","2026-09-26T22:00:00.000000",19.8346996307373
"WI","2026-09-26T23:00:00.000000",19.8361015319824
"WI","2026-09-27T00:00:00.000000",19.7928848266602
"WI","2026-09-27T01:00:00.000000",19.7149105072021
"WI","2026-09-27T02:00:00.000000",19.6854362487793
"WI","2026-09-27T03:00:00.000000",19.6755294799805
"WI","2026-09-27T04:00:00.000000",19.6741409301758
"WI","2026-09-27T05:00:00.000000",19.642915725708
"WI","2026-09-27T06:00:00.000000",19.6363677978516
"WI","2026-09-27T07:00:00.000000",19.6152667999268
"WI","2026-09-27T08:00:00.000000",19.6519298553467
"WI","2026-09-27T09:00:00.000000",19.6572208404541
"WI","2026-09-27T10:00:00.000000",19.6955318450928
"WI","2026-09-27T11:00:00.000000",19.6692733764648
"WI","2026-09-27T12:00:00.000000",19.73948097229
"WI","2026-09-27T13:00:00.000000",19.6607494354248
"WI","2026-09-27T14:00:00.000000",19.6538848876953
"WI","2026-09-27T15:00:00.000000",19.6437931060791
"WI","2026-09-27T16:00:00.000000",19.6531314849854
"WI","2026-09-27T17:00:00.000000",19.6660652160645
"WI","2026-09-27T18:00:00.000000",19.6691741943359
"WI","2026-09-27T19:00:00.000000",19.6762676239014
"WI","2026-09-27T20:00:00.000000",19.6847629547119
"WI","2026-09-27T21:00:00.000000",19.6867008209229
"WI","2026-09-27T22:00:00.000000",19.7263431549072
"WI","2026-09-27T23:00:00.000000",19.7439346313477
"WI","2026-09-28T00:00:00.000000",19.7383251190186
"WI","2026-09-28T01:00:00.000000",19.7195320129395
"WI","2026-09-28T02:00:00.000000",19.6969509124756
"WI","2026-09-28T03:00:00.000000",19.6877403259277
"WI","2026-09-28T04:00:00.000000",19.6779670715332
"WI","2026-09-28T05:00:00.000000",19.6745700836182
"WI","2026-09-28T06:00:00.000000",19.6882076263428
"WI","2026-09-28T07:00:00.000000",19.6846714019775
"WI","2026-09-28T08:00:00.000000",19.680606842041
"WI","2026-09-28T09:00:00.000000",19.6772499084473
"WI","2026-09-28T10:00:00.000000",19.69748878479
"WI","2026-09-28T11:00:00.000000",19.7221641540527
"WI","2026-09-28T12:00:00.000000",19.7353801727295
"WI","2026-09-28T13:00:00.000000",19.7305908203125
"WI","2026-09-28T14:00:00.000000",19.7041721343994
"WI","2026-09-28T15:00:00.000000",19.6949234008789
"WI","2026-09-28T16:00:00.000000",19.6955127716064
"WI","2026-09-28T17:00:00.000000",19.7010879516602
"WI","2026-09-28T18:00:00.000000",19.70823097229
"WI","2026-09-28T19:00:00.000000",19.6971302032471
"WI","2026-09-28T20:00:00.000000",19.6922359466553
"WI","2026-09-28T21:00:00.000000",19.7264976501465
"WI","2026-09-28T22:00:00.000000",19.6986846923828
"WI","2026-09-28T23:00:00.000000",19.7420539855957
"WI","2026-09-29T00:00:00.000000",19.7673835754395
"WI","2026-09-29T01:00:00.000000",19.7539215087891
"WI","2026-09-29T02:00:00.000000",19.7377643585205
"WI","2026-09-29T03:00:00.000000",19.7365112304688
"WI","2026-09-29T04:00:00.000000",19.7463817596436
"WI","2026-09-29T05:00:00.000000",19.7482070922852
"WI","2026-09-29T06:00:00.000000",19.7374954223633
"WI","2026-09-29T07:00:00.000000",19.678581237793
"WI","2026-09-29T08:00:00.000000",19.6691837310791
"WI","2026-09-29T09:00:00.000000",19.7086067199707
"WI","2026-09-29T10:00:00.000000",19.6817398071289
"WI","2026-09-29T11:00:00.000000",19.7161254882812
"WI","2026-09-29T12:00:00.000000",19.7591648101807
"WI","2026-09-29T13:00:00.000000",19.7728710174561
"WI","2026-09-29T14:00:00.000000",19.7401180267334
"WI","2026-09-29T15:00:00.000000",19.7349948883057
"WI","2026-09-29T16:00:00.000000",19.7422332763672
"WI","2026-09-29T17:00:00.000000",19.7501754760742
"WI","2026-09-29T18:00:00.000000",19.758939743042
"WI","2026-09-29T19:00:00.000000",19.7492218017578
"WI","2026-09-29T20:00:00.000000",19.7164039611816
"WI","2026-09-29T21:00:00.000000",19.7818851470947
"WI","2026-09-29T22:00:00.000000",19.7317848205566
"WI","2026-09-29T23:00:00.000000",19.7486228942871
"WI","2026-09-30T00:00:00.000000",19.7944355010986
"WI","2026-09-30T01:00:00.000000",19.8298015594482
"WI","2026-09-30T02:00:00.000000",19.8033123016357
"WI","2026-09-30T03:00:00.000000",19.7899761199951
"WI","2026-09-30T04:00:00.000000",19.7935619354248
"WI","2026-09-30T05:00:00.000000",19.8008270263672
"WI","2026-09-30T06:00:00.000000",19.7907733917236
"WI","2026-09-30T07:00:00.000000",19.7781810760498
"WI","2026-09-30T08:00:00.000000",19.7444038391113
"WI","2026-09-30T09:00:00.000000",19.7470664978027
"WI","2026-09-30T10:00:00.000000",19.7596569061279
"WI","2026-09-30T11:00:00.000000",19.7513313293457
"WI","2026-09-30T12:00:00.000000",19.7877674102783
"WI","2026-09-30T13:00:00.000000",19.8289909362793
"WI","2026-09-30T14:00:00.000000",19.8409423828125
"WI","2026-09-30T15:00:00.000000",19.8190517425537
"WI","2026-09-30T16:00:00.000000",19.8165225982666
"WI","2026-09-30T17:00:00.000000",19.8209590911865
"WI","2026-09-30T18:00:00.000000",19.8223094940186
"WI","2026-09-30T19:00:00.000000",19.8271808624268
"WI","2026-09-30T20:00:00.000000",19.8318061828613
"WI","2026-09-30T21:00:00.000000",19.8098087310791
"WI","2026-09-30T22:00:00.000000",19.8358535766602
"WI","2026-09-30T23:00:00.000000",19.8020477294922
"WI","2026-10-01T00:00:00.000000",19.8421192169189
"WI","2026-10-01T01:00:00.000000",19.8670139312744
"WI","2026-10-01T02:00:00.000000",19.8794326782227
"WI","2026-10-01T03:00:00.000000",19.8698234558105
"WI","2026-10-01T04:00:00.000000",19.8549327850342
"WI","2026-10-01T05:00:00.000000",19.8485622406006
"WI","2026-10-01T06:00:00.000000",19.8403263092041
"WI","2026-10-01T07:00:00.000000",19.8333435058594
"WI","2026-10-01T08:00:00.000000",19.8532447814941
"WI","2026-10-01T09:00:00.000000",19.842170715332
"WI","2026-10-01T10:00:00.000000",19.8352470397949
"WI","2026-10-01T11:00:00.000000",19.8319892883301
"WI","2026-10-01T12:00:00.000000",19.8553352355957
"WI","2026-10-01T13:00:00.000000",19.8833789825439
"WI","2026-10-01T14:00:00.000000",19.9080142974854
"WI","2026-10-01T15:00:00.000000",19.9127197265625
"WI","2026-10-01T16:00:00.000000",19.8947086334229
"WI","2026-10-01T17:00:00.000000",19.8855533599854
"WI","2026-10-01T18:00:00.000000",19.8823699951172
"WI","2026-10-01T19:00:00.000000",19.89035987854
"WI","2026-10-01T20:00:00.000000",19.9002552032471
"WI","2026-10-01T21:00:00.000000",19.9209671020508
"WI","2026-10-01T22:00:00.000000",19.9114170074463
"WI","2026-10-01T23:00:00.000000",19.900218963623
"WI","2026-10-02T00:00:00.000000",19.9337711334229
