"site_id","time","temp"
"AQ","2026-09-08T00:00:00.000000",18.0995769500732
"AQ","2026-09-08T01:00:00.000000",18.0742282867432
"AQ","2026-09-08T02:00:00.000000",18.0587100982666
"AQ","2026-09-08T03:00:00.000000",18.0599594116211
"AQ","2026-09-08T04:00:00.000000",18.0749130249023
"AQ","2026-09-08T05:00:00.000000",18.0995941162109
"AQ","2026-09-08T06:00:00.000000",18.1268901824951
"AQ","2026-09-08T07:00:00.000000",18.1510238647461
"AQ","2026-09-08T08:00:00.000000",18.1709251403809
"AQ","2026-09-08T09:00:00.000000",18.1339302062988
"AQ","2026-09-08T10:00:00.000000",18.0708236694336
"AQ","2026-09-08T11:00:00.000000",18.02512550354
"AQ","2026-09-08T12:00:00.000000",18.0074501037598
"AQ","2026-09-08T13:00:00.000000",18.002534866333
"AQ","2026-09-08T14:00:00.000000",18.0017108917236
"AQ","2026-09-08T15:00:00.000000",18.0114269256592
"AQ","2026-09-08T16:00:00.000000",18.0374355316162
"AQ","2026-09-08T17:00:00.000000",18.0754661560059
"AQ","2026-09-08T18:00:00.000000",18.1126937866211
"AQ","2026-09-08T19:00:00.000000",18.1288719177246
"AQ","2026-09-08T20:00:00.000000",18.1259517669678
"AQ","2026-09-08T21:00:00.000000",18.113842010498
"AQ","2026-09-08T22:00:00.000000",18.1020183563232
"AQ","2026-09-08T23:00:00.000000",18.0752773284912
"AQ","2026-09-09T00:00:00.000000",18.0436992645264
"AQ","2026-09-09T01:00:00.000000",18.0226898193359
"AQ","2026-09-09T02:00:00.000000",18.015344619751
"AQ","2026-09-09T03:00:00.000000",18.0215244293213
"AQ","2026-09-09T04:00:00.000000",18.0405311584473
"AQ","2026-09-09T05:00:00.000000",18.0700950622559
"AQ","2026-09-09T06:00:00.000000",18.1026916503906
"AQ","2026-09-09T07:00:00.000000",18.1182422637939
"AQ","2026-09-09T08:00:00.000000",18.1232509613037
"AQ","2026-09-09T09:00:00.000000",18.1331348419189
"AQ","2026-09-09T10:00:00.000000",18.1437797546387
"AQ","2026-09-09T11:00:00.000000",18.1377391815186
"AQ","2026-09-09T12:00:00.000000",18.1295166015625
"AQ","2026-09-09T13:00:00.000000",18.1262855529785
"AQ","2026-09-09T14:00:00.000000",18.1318454742432
"AQ","2026-09-09T15:00:00.000000",18.1481456756592
"AQ","2026-09-09T16:00:00.000000",18.1820278167725
"AQ","2026-09-09T17:00:00.000000",18.2237071990967
"AQ","2026-09-09T18:00:00.000000",18.2740383148193
"AQ","2026-09-09T19:00:00.000000",18.3109226226807
"AQ","2026-09-09T20:00:00.000000",18.3281707763672
"AQ","2026-09-09T21:00:00.000000",18.317850112915
"AQ","2026-09-09T22:00:00.000000",18.3169174194336
"AQ","2026-09-09T23:00:00.000000",18.3155155181885
"AQ","2026-09-10T00:00:00.000000",18.3121757507324
"AQ","2026-09-10T01:00:00.000000",18.307933807373
"AQ","2026-09-10T02:00:00.000000",18.3054141998291
"AQ","2026-09-10T03:00:00.000000",18.3057975769043
"AQ","2026-09-10T04:00:00.000000",18.3082294464111
"AQ","2026-09-10T05:00:00.000000",18.3124294281006
"AQ","2026-09-10T06:00:00.000000",18.3173999786377
"AQ","2026-09-10T07:00:00.000000",18.3203983306885
"AQ","2026-09-10T08:00:00.000000",18.3242588043213
"AQ","2026-09-10T09:00:00.000000",18.3357696533203
"AQ","2026-09-10T10:00:00.000000",18.3636207580566
"AQ","2026-09-10T11:00:00.000000",18.3822174072266
"AQ","2026-09-10T12:00:00.000000",18.2917919158936
"AQ","2026-09-10T13:00:00.000000",18.1711750030518
"AQ","2026-09-10T14:00:00.000000",18.0759143829346
"AQ","2026-09-10T15:00:00.000000",18.0298156738281
"AQ","2026-09-10T16:00:00.000000",18.0171794891357
"AQ","2026-09-10T17:00:00.000000",18.0356712341309
"AQ","2026-09-10T18:00:00.000000",18.0722579956055
"AQ","2026-09-10T19:00:00.000000",18.1004180908203
"AQ","2026-09-10T20:00:00.000000",18.1345729827881
"AQ","2026-09-10T21:00:00.000000",18.1208038330078
"AQ","2026-09-10T22:00:00.000000",18.0725593566895
"AQ","2026-09-10T23:00:00.000000",17.9288196563721
"AQ","2026-09-11T00:00:00.000000",17.7158374786377
"AQ","2026-09-11T01:00:00.000000",17.5272941589355
"AQ","2026-09-11T02:00:00.000000",17.3754692077637
"AQ","2026-09-11T03:00:00.000000",17.2734909057617
"AQ","2026-09-11T04:00:00.000000",17.2101554870605
"AQ","2026-09-11T05:00:00.000000",17.2113971710205
"AQ","2026-09-11T06:00:00.000000",17.2406387329102
"AQ","2026-09-11T07:00:00.000000",17.2642402648926
"AQ","2026-09-11T08:00:00.000000",17.274995803833
"AQ","2026-09-11T09:00:00.000000",17.3176231384277
"AQ","2026-09-11T10:00:00.000000",17.3583889007568
"AQ","2026-09-11T11:00:00.000000",17.333215713501
"AQ","2026-09-11T12:00:00.000000",17.2056941986084
"AQ","2026-09-11T13:00:00.000000",17.0570735931396
"AQ","2026-09-11T14:00:00.000000",16.8982906341553
"AQ","2026-09-11T15:00:00.000000",16.7961101531982
"AQ","2026-09-11T16:00:00.000000",16.7181835174561
"AQ","2026-09-11T17:00:00.000000",16.6947841644287
"AQ","2026-09-11T18:00:00.000000",16.7036972045898
"AQ","2026-09-11T19:00:00.000000",16.7154998779297
"AQ","2026-09-11T20:00:00.000000",16.7325706481934
"AQ","2026-09-11T21:00:00.000000",16.7774333953857
"AQ","2026-09-11T22:00:00.000000",16.861307144165
"AQ","2026-09-11T23:00:00.000000",17.0115299224854
"AQ","2026-09-12T00:00:00.000000",16.9804039001465
"AQ","2026-09-12T01:00:00.000000",16.7708740234375
"AQ","2026-09-12T02:00:00.000000",16.5571708679199
"AQ","2026-09-12T03:00:00.000000",16.406322479248
"AQ","2026-09-12T04:00:00.000000",16.3326568603516
"AQ","2026-09-12T05:00:00.000000",16.3045654296875
"AQ","2026-09-12T06:00:00.000000",16.340763092041
"AQ","2026-09-12T07:00:00.000000",16.38893699646
"AQ","2026-09-12T08:00:00.000000",16.4172649383545
"AQ","2026-09-12T09:00:00.000000",16.4426422119141
"AQ","2026-09-12T10:00:00.000000",16.4970741271973
"AQ","2026-09-12T11:00:00.000000",16.6365604400635
"AQ","2026-09-12T12:00:00.000000",16.7135047912598
"AQ","2026-09-12T13:00:00.000000",16.5741920471191
"AQ","2026-09-12T14:00:00.000000",16.4354763031006
"AQ","2026-09-12T15:00:00.000000",16.3378028869629
"AQ","2026-09-12T16:00:00.000000",16.3006591796875
"AQ","2026-09-12T17:00:00.000000",16.3114376068115
"AQ","2026-09-12T18:00:00.000000",16.381814956665
"AQ","2026-09-12T19:00:00.000000",16.5227565765381
"AQ","2026-09-12T20:00:00.000000",16.6645965576172
"AQ","2026-09-12T21:00:00.000000",16.765380859375
"AQ","2026-09-12T22:00:00.000000",16.7875022888184
"AQ","2026-09-12T23:00:00.000000",16.801212310791
"AQ","2026-09-13T00:00:00.000000",16.8534526824951
"AQ","2026-09-13T01:00:00.000000",16.8993091583252
"AQ","2026-09-13T02:00:00.000000",16.7963790893555
"AQ","2026-09-13T03:00:00.000000",16.7062873840332
"AQ","2026-09-13T04:00:00.000000",16.6619281768799
"AQ","2026-09-13T05:00:00.000000",16.647928237915
"AQ","2026-09-13T06:00:00.000000",16.6481914520264
"AQ","2026-09-13T07:00:00.000000",16.6644058227539
"AQ","2026-09-13T08:00:00.000000",16.6957454681396
"AQ","2026-09-13T09:00:00.000000",16.7242946624756
"AQ","2026-09-13T10:00:00.000000",16.7368183135986
"AQ","2026-09-13T11:00:00.000000",16.7556934356689
"AQ","2026-09-13T12:00:00.000000",16.8006458282471
"AQ","2026-09-13T13:00:00.000000",16.8922805786133
"AQ","2026-09-13T14:00:00.000000",16.8514842987061
"AQ","2026-09-13T15:00:00.000000",16.7661952972412
"AQ","2026-09-13T16:00:00.000000",16.7018928527832
"AQ","2026-09-13T17:00:00.000000",16.6825885772705
"AQ","2026-09-13T18:00:00.000000",16.6847629547119
"AQ","2026-09-13T19:00:00.000000",16.7071342468262
"AQ","2026-09-13T20:00:00.000000",16.7328090667725
"AQ","2026-09-13T21:00:00.000000",16.7777538299561
"AQ","2026-09-13T22:00:00.000000",16.8553256988525
"AQ","2026-09-13T23:00:00.000000",16.8876457214355
"AQ","2026-09-14T00:00:00.000000",16.897388458252
"AQ","2026-09-14T01:00:00.000000",16.8849258422852
"AQ","2026-09-14T02:00:00.000000",16.7967205047607
"AQ","2026-09-14T03:00:00.000000",16.7063121795654
"AQ","2026-09-14T04:00:00.000000",16.6200389862061
"AQ","2026-09-14T05:00:00.000000",16.59033203125
"AQ","2026-09-14T06:00:00.000000",16.5924987792969
"AQ","2026-09-14T07:00:00.000000",16.604305267334
"AQ","2026-09-14T08:00:00.000000",16.646598815918
"AQ","2026-09-14T09:00:00.000000",16.6774730682373
"AQ","2026-09-14T10:00:00.000000",16.7111377716064
"AQ","2026-09-14T11:00:00.000000",16.7678356170654
"AQ","2026-09-14T12:00:00.000000",16.7683486938477
"AQ","2026-09-14T13:00:00.000000",16.741174697876
"AQ","2026-09-14T14:00:00.000000",16.675609588623
"AQ","2026-09-14T15:00:00.000000",16.5918712615967
"AQ","2026-09-14T16:00:00.000000",16.499002456665
"AQ","2026-09-14T17:00:00.000000",16.4267864227295
"AQ","2026-09-14T18:00:00.000000",16.3782291412354
"AQ","2026-09-14T19:00:00.000000",16.3478965759277
"AQ","2026-09-14T20:00:00.000000",16.3340663909912
"AQ","2026-09-14T21:00:00.000000",16.3293952941895
"AQ","2026-09-14T22:00:00.000000",16.3486366271973
"AQ","2026-09-14T23:00:00.000000",16.3970050811768
"AQ","2026-09-15T00:00:00.000000",16.4280605316162
"AQ","2026-09-15T01:00:00.000000",16.5429039001465
"AQ","2026-09-15T02:00:00.000000",16.6136493682861
"AQ","2026-09-15T03:00:00.000000",16.5463714599609
"AQ","2026-09-15T04:00:00.000000",16.4252166748047
"AQ","2026-09-15T05:00:00.000000",16.2834644317627
"AQ","2026-09-15T06:00:00.000000",16.1910877227783
"AQ","2026-09-15T07:00:00.000000",16.1470127105713
"AQ","2026-09-15T08:00:00.000000",16.1529293060303
"AQ","2026-09-15T09:00:00.000000",16.1617164611816
"AQ","2026-09-15T10:00:00.000000",16.1650218963623
"AQ","2026-09-15T11:00:00.000000",16.1752510070801
"AQ","2026-09-15T12:00:00.000000",16.2058124542236
"AQ","2026-09-15T13:00:00.000000",16.2685527801514
"AQ","2026-09-15T14:00:00.000000",16.3218517303467
"AQ","2026-09-15T15:00:00.000000",16.3155956268311
"AQ","2026-09-15T16:00:00.000000",16.2477226257324
"AQ","2026-09-15T17:00:00.000000",16.1254081726074
"AQ","2026-09-15T18:00:00.000000",16.0735397338867
"AQ","2026-09-15T19:00:00.000000",16.0524749755859
"AQ","2026-09-15T20:00:00.000000",16.0697555541992
"AQ","2026-09-15T21:00:00.000000",16.1201114654541
"AQ","2026-09-15T22:00:00.000000",16.1910591125488
"AQ","2026-09-15T23:00:00.000000",16.263162612915
"AQ","2026-09-16T00:00:00.000000",16.2982597351074
"CB","2026-09-08T00:00:00.000000",18.0404987335205
"CB","2026-09-08T01:00:00.000000",18.0746631622314
"CB","2026-09-08T02:00:00.000000",18.073413848877
"CB","2026-09-08T03:00:00.000000",18.0624237060547
"CB","2026-09-08T04:00:00.000000",18.0533866882324
"CB","2026-09-08T05:00:00.000000",18.0622615814209
"CB","2026-09-08T06:00:00.000000",18.0795669555664
"CB","2026-09-08T07:00:00.000000",18.0841159820557
"CB","2026-09-08T08:00:00.000000",18.112548828125
"CB","2026-09-08T09:00:00.000000",18.217170715332
"CB","2026-09-08T10:00:00.000000",18.2984580993652
"CB","2026-09-08T11:00:00.000000",18.315824508667
"CB","2026-09-08T12:00:00.000000",18.3171463012695
"CB","2026-09-08T13:00:00.000000",18.3007259368896
"CB","2026-09-08T14:00:00.000000",18.281400680542
"CB","2026-09-08T15:00:00.000000",18.2648181915283
"CB","2026-09-08T16:00:00.000000",18.2535648345947
"CB","2026-09-08T17:00:00.000000",18.2514133453369
"CB","2026-09-08T18:00:00.000000",18.2602100372314
"CB","2026-09-08T19:00:00.000000",18.265007019043
"CB","2026-09-08T20:00:00.000000",18.2901172637939
"CB","2026-09-08T21:00:00.000000",18.3818759918213
"CB","2026-09-08T22:00:00.000000",18.4474487304688
"CB","2026-09-08T23:00:00.000000",18.4682674407959
"CB","2026-09-09T00:00:00.000000",18.3906917572021
"CB","2026-09-09T01:00:00.000000",18.3108367919922
"CB","2026-09-09T02:00:00.000000",18.2994499206543
"CB","2026-09-09T03:00:00.000000",18.3076419830322
"CB","2026-09-09T04:00:00.000000",18.3485469818115
"CB","2026-09-09T05:00:00.000000",18.3950252532959
"CB","2026-09-09T06:00:00.000000",18.4073886871338
"CB","2026-09-09T07:00:00.000000",18.4062004089355
"CB","2026-09-09T08:00:00.000000",18.4053173065186
"CB","2026-09-09T09:00:00.000000",18.4079456329346
"CB","2026-09-09T10:00:00.000000",18.2101173400879
"CB","2026-09-09T11:00:00.000000",17.8891067504883
"CB","2026-09-09T12:00:00.000000",17.6654815673828
"CB","2026-09-09T13:00:00.000000",17.5786247253418
"CB","2026-09-09T14:00:00.000000",17.5266094207764
"CB","2026-09-09T15:00:00.000000",17.4907264709473
"CB","2026-09-09T16:00:00.000000",17.4670143127441
"CB","2026-09-09T17:00:00.000000",17.4565181732178
"CB","2026-09-09T18:00:00.000000",17.4923267364502
"CB","2026-09-09T19:00:00.000000",17.6910915374756
"CB","2026-09-09T20:00:00.000000",17.7914714813232
"CB","2026-09-09T21:00:00.000000",17.6419811248779
"CB","2026-09-09T22:00:00.000000",17.3223114013672
"CB","2026-09-09T23:00:00.000000",16.9696617126465
"CB","2026-09-10T00:00:00.000000",16.7432708740234
"CB","2026-09-10T01:00:00.000000",16.6171836853027
"CB","2026-09-10T02:00:00.000000",16.5278453826904
"CB","2026-09-10T03:00:00.000000",16.4884376525879
"CB","2026-09-10T04:00:00.000000",16.4842090606689
"CB","2026-09-10T05:00:00.000000",16.4923210144043
"CB","2026-09-10T06:00:00.000000",16.4990291595459
"CB","2026-09-10T07:00:00.000000",16.5835380554199
"CB","2026-09-10T08:00:00.000000",16.715539932251
"CB","2026-09-10T09:00:00.000000",16.9995098114014
"CB","2026-09-10T10:00:00.000000",17.1300964355469
"CB","2026-09-10T11:00:00.000000",17.1558589935303
"CB","2026-09-10T12:00:00.000000",17.1485004425049
"CB","2026-09-10T13:00:00.000000",17.1274890899658
"CB","2026-09-10T14:00:00.000000",17.1463642120361
"CB","2026-09-10T15:00:00.000000",17.1758441925049
"CB","2026-09-10T16:00:00.000000",17.2111129760742
"CB","2026-09-10T17:00:00.000000",17.3179759979248
"CB","2026-09-10T18:00:00.000000",17.3524074554443
"CB","2026-09-10T19:00:00.000000",17.3576679229736
"CB","2026-09-10T20:00:00.000000",17.421817779541
"CB","2026-09-10T21:00:00.000000",17.4752197265625
"CB","2026-09-10T22:00:00.000000",17.455265045166
"CB","2026-09-10T23:00:00.000000",17.4794731140137
"CB","2026-09-11T00:00:00.000000",17.5643367767334
"CB","2026-09-11T01:00:00.000000",17.5889549255371
"CB","2026-09-11T02:00:00.000000",17.5930233001709
"CB","2026-09-11T03:00:00.000000",17.5949363708496
"CB","2026-09-11T04:00:00.000000",17.6009693145752
"CB","2026-09-11T05:00:00.000000",17.6075782775879
"CB","2026-09-11T06:00:00.000000",17.601167678833
"CB","2026-09-11T07:00:00.000000",17.5891304016113
"CB","2026-09-11T08:00:00.000000",17.6096382141113
"CB","2026-09-11T09:00:00.000000",17.7002296447754
"CB","2026-09-11T10:00:00.000000",17.7180862426758
"CB","2026-09-11T11:00:00.000000",17.6436252593994
"CB","2026-09-11T12:00:00.000000",17.6138401031494
"CB","2026-09-11T13:00:00.000000",17.6221790313721
"CB","2026-09-11T14:00:00.000000",17.6479797363281
"CB","2026-09-11T15:00:00.000000",17.6565532684326
"CB","2026-09-11T16:00:00.000000",17.651309967041
"CB","2026-09-11T17:00:00.000000",17.6450042724609
"CB","2026-09-11T18:00:00.000000",17.6488552093506
"CB","2026-09-11T19:00:00.000000",17.6638011932373
"CB","2026-09-11T20:00:00.000000",17.699426651001
"CB","2026-09-11T21:00:00.000000",17.7424221038818
"CB","2026-09-11T22:00:00.000000",17.756196975708
"CB","2026-09-11T23:00:00.000000",17.7321453094482
"CB","2026-09-12T00:00:00.000000",17.7054386138916
"CB","2026-09-12T01:00:00.000000",17.7028846740723
"CB","2026-09-12T02:00:00.000000",17.7123947143555
"CB","2026-09-12T03:00:00.000000",17.7203617095947
"CB","2026-09-12T04:00:00.000000",17.7220687866211
"CB","2026-09-12T05:00:00.000000",17.7213401794434
"CB","2026-09-12T06:00:00.000000",17.7078151702881
"CB","2026-09-12T07:00:00.000000",17.7039928436279
"CB","2026-09-12T08:00:00.000000",17.7019710540771
"CB","2026-09-12T09:00:00.000000",17.71826171875
"CB","2026-09-12T10:00:00.000000",17.7359161376953
"CB","2026-09-12T11:00:00.000000",17.7256031036377
"CB","2026-09-12T12:00:00.000000",17.6998081207275
"CB","2026-09-12T13:00:00.000000",17.6995811462402
"CB","2026-09-12T14:00:00.000000",17.7088813781738
"CB","2026-09-12T15:00:00.000000",17.7173557281494
"CB","2026-09-12T16:00:00.000000",17.7215328216553
"CB","2026-09-12T17:00:00.000000",17.7237930297852
"CB","2026-09-12T18:00:00.000000",17.7259311676025
"CB","2026-09-12T19:00:00.000000",17.7286930084229
"CB","2026-09-12T20:00:00.000000",17.7417755126953
"CB","2026-09-12T21:00:00.000000",17.7674102783203
"CB","2026-09-12T22:00:00.000000",17.8001270294189
"CB","2026-09-12T23:00:00.000000",17.8117160797119
"CB","2026-09-13T00:00:00.000000",17.7299919128418
"CB","2026-09-13T01:00:00.000000",17.3214797973633
"CB","2026-09-13T02:00:00.000000",16.9447021484375
"CB","2026-09-13T03:00:00.000000",16.727331161499
"CB","2026-09-13T04:00:00.000000",16.6207485198975
"CB","2026-09-13T05:00:00.000000",16.5658683776855
"CB","2026-09-13T06:00:00.000000",16.5605735778809
"CB","2026-09-13T07:00:00.000000",16.5725269317627
"CB","2026-09-13T08:00:00.000000",16.580358505249
"CB","2026-09-13T09:00:00.000000",16.5928764343262
"CB","2026-09-13T10:00:00.000000",16.6453247070312
"CB","2026-09-13T11:00:00.000000",16.689510345459
"CB","2026-09-13T12:00:00.000000",16.7503681182861
"CB","2026-09-13T13:00:00.000000",16.832483291626
"CB","2026-09-13T14:00:00.000000",16.7437763214111
"CB","2026-09-13T15:00:00.000000",16.6084804534912
"CB","2026-09-13T16:00:00.000000",16.5054130554199
"CB","2026-09-13T17:00:00.000000",16.4499626159668
"CB","2026-09-13T18:00:00.000000",16.4400024414062
"CB","2026-09-13T19:00:00.000000",16.4443645477295
"CB","2026-09-13T20:00:00.000000",16.4491577148438
"CB","2026-09-13T21:00:00.000000",16.4749221801758
"CB","2026-09-13T22:00:00.000000",16.6163558959961
"CB","2026-09-13T23:00:00.000000",16.7169189453125
"CB","2026-09-14T00:00:00.000000",16.6725978851318
"CB","2026-09-14T01:00:00.000000",16.6620979309082
"CB","2026-09-14T02:00:00.000000",16.6363010406494
"CB","2026-09-14T03:00:00.000000",16.5744457244873
"CB","2026-09-14T04:00:00.000000",16.5284442901611
"CB","2026-09-14T05:00:00.000000",16.5321273803711
"CB","2026-09-14T06:00:00.000000",16.5503902435303
"CB","2026-09-14T07:00:00.000000",16.5954284667969
"CB","2026-09-14T08:00:00.000000",16.7204341888428
"CB","2026-09-14T09:00:00.000000",16.7650661468506
"CB","2026-09-14T10:00:00.000000",16.8152465820312
"CB","2026-09-14T11:00:00.000000",16.8839817047119
"CB","2026-09-14T12:00:00.000000",16.896728515625
"CB","2026-09-14T13:00:00.000000",16.9051303863525
"CB","2026-09-14T14:00:00.000000",16.9723682403564
"CB","2026-09-14T15:00:00.000000",16.9900722503662
"CB","2026-09-14T16:00:00.000000",16.9916839599609
"CB","2026-09-14T17:00:00.000000",16.9983825683594
"CB","2026-09-14T18:00:00.000000",17.0070743560791
"CB","2026-09-14T19:00:00.000000",17.0185794830322
"CB","2026-09-14T20:00:00.000000",17.0365886688232
"CB","2026-09-14T21:00:00.000000",17.0764656066895
"CB","2026-09-14T22:00:00.000000",17.1316757202148
"CB","2026-09-14T23:00:00.000000",17.1789798736572
"CB","2026-09-15T00:00:00.000000",17.2051296234131
"CB","2026-09-15T01:00:00.000000",17.209285736084
"CB","2026-09-15T02:00:00.000000",17.153772354126
"CB","2026-09-15T03:00:00.000000",17.0891151428223
"CB","2026-09-15T04:00:00.000000",17.0553817749023
"CB","2026-09-15T05:00:00.000000",17.0428524017334
"CB","2026-09-15T06:00:00.000000",17.0292415618896
"CB","2026-09-15T07:00:00.000000",17.0240325927734
"CB","2026-09-15T08:00:00.000000",17.0424499511719
"CB","2026-09-15T09:00:00.000000",17.0737705230713
"CB","2026-09-15T10:00:00.000000",17.107702255249
"CB","2026-09-15T11:00:00.000000",17.139612197876
"CB","2026-09-15T12:00:00.000000",17.1511707305908
"CB","2026-09-15T13:00:00.000000",17.1354484558105
"CB","2026-09-15T14:00:00.000000",17.07688331604
"CB","2026-09-15T15:00:00.000000",17.0253257751465
"CB","2026-09-15T16:00:00.000000",16.9967422485352
"CB","2026-09-15T17:00:00.000000",16.9745178222656
"CB","2026-09-15T18:00:00.000000",16.9617233276367
"CB","2026-09-15T19:00:00.000000",16.9516410827637
"CB","2026-09-15T20:00:00.000000",16.9449882507324
"CB","2026-09-15T21:00:00.000000",16.9425048828125
"CB","2026-09-15T22:00:00.000000",17.0156078338623
"CB","2026-09-15T23:00:00.000000",17.11545753479
"CB","2026-09-16T00:00:00.000000",17.1883735656738
"CI","2026-09-08T00:00:00.000000",18.4179859161377
"CI","2026-09-08T01:00:00.000000",18.3968334197998
"CI","2026-09-08T02:00:00.000000",18.1853313446045
"CI","2026-09-08T03:00:00.000000",18.0763263702393
"CI","2026-09-08T04:00:00.000000",18.0370750427246
"CI","2026-09-08T05:00:00.000000",18.0398349761963
"CI","2026-09-08T06:00:00.000000",18.0528373718262
"CI","2026-09-08T07:00:00.000000",18.0656452178955
"CI","2026-09-08T08:00:00.000000",18.0600433349609
"CI","2026-09-08T09:00:00.000000",18.0788249969482
"CI","2026-09-08T10:00:00.000000",18.1535911560059
"CI","2026-09-08T11:00:00.000000",18.2253379821777
"CI","2026-09-08T12:00:00.000000",18.2454280853271
"CI","2026-09-08T13:00:00.000000",18.2497634887695
"CI","2026-09-08T14:00:00.000000",18.2562980651855
"CI","2026-09-08T15:00:00.000000",18.2298374176025
"CI","2026-09-08T16:00:00.000000",18.194787979126
"CI","2026-09-08T17:00:00.000000",18.1926670074463
"CI","2026-09-08T18:00:00.000000",18.2022323608398
"CI","2026-09-08T19:00:00.000000",18.2131271362305
"CI","2026-09-08T20:00:00.000000",18.2199821472168
"CI","2026-09-08T21:00:00.000000",18.2537994384766
"CI","2026-09-08T22:00:00.000000",18.3065090179443
"CI","2026-09-08T23:00:00.000000",18.3999156951904
"CI","2026-09-09T00:00:00.000000",18.446626663208
"CI","2026-09-09T01:00:00.000000",18.4587936401367
"CI","2026-09-09T02:00:00.000000",18.4599342346191
"CI","2026-09-09T03:00:00.000000",18.4069194793701
"CI","2026-09-09T04:00:00.000000",18.3547706604004
"CI","2026-09-09T05:00:00.000000",18.3201446533203
"CI","2026-09-09T06:00:00.000000",18.3115463256836
"CI","2026-09-09T07:00:00.000000",18.3104820251465
"CI","2026-09-09T08:00:00.000000",18.3090915679932
"CI","2026-09-09T09:00:00.000000",18.3198986053467
"CI","2026-09-09T10:00:00.000000",18.3542747497559
"CI","2026-09-09T11:00:00.000000",18.378547668457
"CI","2026-09-09T12:00:00.000000",18.3192539215088
"CI","2026-09-09T13:00:00.000000",18.177131652832
"CI","2026-09-09T14:00:00.000000",18.1358108520508
"CI","2026-09-09T15:00:00.000000",18.2290306091309
"CI","2026-09-09T16:00:00.000000",18.362211227417
"CI","2026-09-09T17:00:00.000000",18.4227771759033
"CI","2026-09-09T18:00:00.000000",18.4465656280518
"CI","2026-09-09T19:00:00.000000",18.4576110839844
"CI","2026-09-09T20:00:00.000000",18.4640865325928
"CI","2026-09-09T21:00:00.000000",18.4663219451904
"CI","2026-09-09T22:00:00.000000",18.4985523223877
"CI","2026-09-09T23:00:00.000000",18.4712600708008
"CI","2026-09-10T00:00:00.000000",18.0239849090576
"CI","2026-09-10T01:00:00.000000",17.5382671356201
"CI","2026-09-10T02:00:00.000000",17.3795337677002
"CI","2026-09-10T03:00:00.000000",17.4669876098633
"CI","2026-09-10T04:00:00.000000",17.947437286377
"CI","2026-09-10T05:00:00.000000",18.2909107208252
"CI","2026-09-10T06:00:00.000000",18.4317302703857
"CI","2026-09-10T07:00:00.000000",18.4811553955078
"CI","2026-09-10T08:00:00.000000",18.4961128234863
"CI","2026-09-10T09:00:00.000000",18.4906063079834
"CI","2026-09-10T10:00:00.000000",18.4985752105713
"CI","2026-09-10T11:00:00.000000",18.4568157196045
"CI","2026-09-10T12:00:00.000000",18.0289878845215
"CI","2026-09-10T13:00:00.000000",17.01735496521
"CI","2026-09-10T14:00:00.000000",16.4574871063232
"CI","2026-09-10T15:00:00.000000",16.413215637207
"CI","2026-09-10T16:00:00.000000",16.8115329742432
"CI","2026-09-10T17:00:00.000000",17.5942192077637
"CI","2026-09-10T18:00:00.000000",18.1676845550537
"CI","2026-09-10T19:00:00.000000",18.3955974578857
"CI","2026-09-10T20:00:00.000000",18.4894371032715
"CI","2026-09-10T21:00:00.000000",18.5157852172852
"CI","2026-09-10T22:00:00.000000",18.5187740325928
"CI","2026-09-10T23:00:00.000000",18.360782623291
"CI","2026-09-11T00:00:00.000000",18.0091896057129
"CI","2026-09-11T01:00:00.000000",17.3947715759277
"CI","2026-09-11T02:00:00.000000",17.1382808685303
"CI","2026-09-11T03:00:00.000000",17.0880584716797
"CI","2026-09-11T04:00:00.000000",17.1417579650879
"CI","2026-09-11T05:00:00.000000",17.5323085784912
"CI","2026-09-11T06:00:00.000000",17.9690189361572
"CI","2026-09-11T07:00:00.000000",18.2059917449951
"CI","2026-09-11T08:00:00.000000",18.3281803131104
"CI","2026-09-11T09:00:00.000000",18.3880348205566
"CI","2026-09-11T10:00:00.000000",18.4174766540527
"CI","2026-09-11T11:00:00.000000",18.3079967498779
"CI","2026-09-11T12:00:00.000000",18.0615520477295
"CI","2026-09-11T13:00:00.000000",17.47385597229
"CI","2026-09-11T14:00:00.000000",17.148645401001
"CI","2026-09-11T15:00:00.000000",17.0594081878662
"CI","2026-09-11T16:00:00.000000",17.0614280700684
"CI","2026-09-11T17:00:00.000000",17.1522483825684
"CI","2026-09-11T18:00:00.000000",17.6012268066406
"CI","2026-09-11T19:00:00.000000",17.8989524841309
"CI","2026-09-11T20:00:00.000000",18.0941410064697
"CI","2026-09-11T21:00:00.000000",18.2067317962646
"CI","2026-09-11T22:00:00.000000",18.2518520355225
"CI","2026-09-11T23:00:00.000000",18.2094268798828
"CI","2026-09-12T00:00:00.000000",18.0068550109863
"CI","2026-09-12T01:00:00.000000",17.7069606781006
"CI","2026-09-12T02:00:00.000000",17.4595222473145
"CI","2026-09-12T03:00:00.000000",17.3712520599365
"CI","2026-09-12T04:00:00.000000",17.3421745300293
"CI","2026-09-12T05:00:00.000000",17.3815841674805
"CI","2026-09-12T06:00:00.000000",17.5995845794678
"CI","2026-09-12T07:00:00.000000",17.7822456359863
"CI","2026-09-12T08:00:00.000000",17.9633121490479
"CI","2026-09-12T09:00:00.000000",18.0608882904053
"CI","2026-09-12T10:00:00.000000",18.1067695617676
"CI","2026-09-12T11:00:00.000000",18.1499843597412
"CI","2026-09-12T12:00:00.000000",18.0063667297363
"CI","2026-09-12T13:00:00.000000",17.8004722595215
"CI","2026-09-12T14:00:00.000000",17.4119853973389
"CI","2026-09-12T15:00:00.000000",17.2344665527344
"CI","2026-09-12T16:00:00.000000",17.1851100921631
"CI","2026-09-12T17:00:00.000000",17.2101135253906
"CI","2026-09-12T18:00:00.000000",17.3503551483154
"CI","2026-09-12T19:00:00.000000",17.6544303894043
"CI","2026-09-12T20:00:00.000000",17.8550319671631
"CI","2026-09-12T21:00:00.000000",17.9794445037842
"CI","2026-09-12T22:00:00.000000",18.0397548675537
"CI","2026-09-12T23:00:00.000000",18.0559387207031
"CI","2026-09-13T00:00:00.000000",18.0201168060303
"CI","2026-09-13T01:00:00.000000",17.8629283905029
"CI","2026-09-13T02:00:00.000000",17.4956607818604
"CI","2026-09-13T03:00:00.000000",17.0798511505127
"CI","2026-09-13T04:00:00.000000",16.8866138458252
"CI","2026-09-13T05:00:00.000000",16.8727588653564
"CI","2026-09-13T06:00:00.000000",16.9859294891357
"CI","2026-09-13T07:00:00.000000",17.3541889190674
"CI","2026-09-13T08:00:00.000000",17.6579551696777
"CI","2026-09-13T09:00:00.000000",17.8329277038574
"CI","2026-09-13T10:00:00.000000",17.8889408111572
"CI","2026-09-13T11:00:00.000000",17.9273109436035
"CI","2026-09-13T12:00:00.000000",17.8570098876953
"CI","2026-09-13T13:00:00.000000",17.7102298736572
"CI","2026-09-13T14:00:00.000000",17.3947238922119
"CI","2026-09-13T15:00:00.000000",16.7354030609131
"CI","2026-09-13T16:00:00.000000",16.4013004302979
"CI","2026-09-13T17:00:00.000000",16.3354511260986
"CI","2026-09-13T18:00:00.000000",16.3976230621338
"CI","2026-09-13T19:00:00.000000",16.8222579956055
"CI","2026-09-13T20:00:00.000000",17.2406177520752
"CI","2026-09-13T21:00:00.000000",17.5326595306396
"CI","2026-09-13T22:00:00.000000",17.6774234771729
"CI","2026-09-13T23:00:00.000000",17.7557334899902
"CI","2026-09-14T00:00:00.000000",17.7284889221191
"CI","2026-09-14T01:00:00.000000",17.6893730163574
"CI","2026-09-14T02:00:00.000000",17.5307807922363
"CI","2026-09-14T03:00:00.000000",16.7526226043701
"CI","2026-09-14T04:00:00.000000",16.1062164306641
"CI","2026-09-14T05:00:00.000000",15.7964115142822
"CI","2026-09-14T06:00:00.000000",15.8102626800537
"CI","2026-09-14T07:00:00.000000",16.2432842254639
"CI","2026-09-14T08:00:00.000000",16.9611778259277
"CI","2026-09-14T09:00:00.000000",17.3647441864014
"CI","2026-09-14T10:00:00.000000",17.5459518432617
"CI","2026-09-14T11:00:00.000000",17.6526432037354
"CI","2026-09-14T12:00:00.000000",17.7009773254395
"CI","2026-09-14T13:00:00.000000",17.594820022583
"CI","2026-09-14T14:00:00.000000",17.3411464691162
"CI","2026-09-14T15:00:00.000000",16.6064052581787
"CI","2026-09-14T16:00:00.000000",16.0187664031982
"CI","2026-09-14T17:00:00.000000",15.8039512634277
"CI","2026-09-14T18:00:00.000000",15.7950668334961
"CI","2026-09-14T19:00:00.000000",15.8851518630981
"CI","2026-09-14T20:00:00.000000",16.6611442565918
"CI","2026-09-14T21:00:00.000000",17.1585159301758
"CI","2026-09-14T22:00:00.000000",17.3902835845947
"CI","2026-09-14T23:00:00.000000",17.5280704498291
"CI","2026-09-15T00:00:00.000000",17.5988655090332
"CI","2026-09-15T01:00:00.000000",17.6245536804199
"CI","2026-09-15T02:00:00.000000",17.3819274902344
"CI","2026-09-15T03:00:00.000000",17.0179538726807
"CI","2026-09-15T04:00:00.000000",16.6169166564941
"CI","2026-09-15T05:00:00.000000",16.4702224731445
"CI","2026-09-15T06:00:00.000000",16.420991897583
"CI","2026-09-15T07:00:00.000000",16.4233531951904
"CI","2026-09-15T08:00:00.000000",16.6084384918213
"CI","2026-09-15T09:00:00.000000",16.9913501739502
"CI","2026-09-15T10:00:00.000000",17.2164039611816
"CI","2026-09-15T11:00:00.000000",17.3374938964844
"CI","2026-09-15T12:00:00.000000",17.4075202941895
"CI","2026-09-15T13:00:00.000000",17.3733978271484
"CI","2026-09-15T14:00:00.000000",17.1588459014893
"CI","2026-09-15T15:00:00.000000",16.9414691925049
"CI","2026-09-15T16:00:00.000000",16.8838405609131
"CI","2026-09-15T17:00:00.000000",16.9409599304199
"CI","2026-09-15T18:00:00.000000",16.9972152709961
"CI","2026-09-15T19:00:00.000000",16.997766494751
"CI","2026-09-15T20:00:00.000000",16.9825401306152
"CI","2026-09-15T21:00:00.000000",17.052074432373
"CI","2026-09-15T22:00:00.000000",17.1381969451904
"CI","2026-09-15T23:00:00.000000",17.252857208252
"CI","2026-09-16T00:00:00.000000",17.3328304290771
"DC","2026-09-08T00:00:00.000000",18.661979675293
"DC","2026-09-08T01:00:00.000000",18.6708126068115
"DC","2026-09-08T02:00:00.000000",18.652738571167
"DC","2026-09-08T03:00:00.000000",18.5984916687012
"DC","2026-09-08T04:00:00.000000",18.5218181610107
"DC","2026-09-08T05:00:00.000000",18.455587387085
"DC","2026-09-08T06:00:00.000000",18.4321212768555
"DC","2026-09-08T07:00:00.000000",18.4135551452637
"DC","2026-09-08T08:00:00.000000",18.4619693756104
"DC","2026-09-08T09:00:00.000000",18.5249652862549
"DC","2026-09-08T10:00:00.000000",18.5501651763916
"DC","2026-09-08T11:00:00.000000",18.5706996917725
"DC","2026-09-08T12:00:00.000000",18.5975379943848
"DC","2026-09-08T13:00:00.000000",18.6159591674805
"DC","2026-09-08T14:00:00.000000",18.6156673431396
"DC","2026-09-08T15:00:00.000000",18.6038284301758
"DC","2026-09-08T16:00:00.000000",18.5915718078613
"DC","2026-09-08T17:00:00.000000",18.5463790893555
"DC","2026-09-08T18:00:00.000000",18.5027980804443
"DC","2026-09-08T19:00:00.000000",18.4928951263428
"DC","2026-09-08T20:00:00.000000",18.5247173309326
"DC","2026-09-08T21:00:00.000000",18.4344444274902
"DC","2026-09-08T22:00:00.000000",18.1779403686523
"DC","2026-09-08T23:00:00.000000",17.9564952850342
"DC","2026-09-09T00:00:00.000000",17.7970218658447
"DC","2026-09-09T01:00:00.000000",17.7013130187988
"DC","2026-09-09T02:00:00.000000",17.7205142974854
"DC","2026-09-09T03:00:00.000000",17.7602272033691
"DC","2026-09-09T04:00:00.000000",17.831413269043
"DC","2026-09-09T05:00:00.000000",17.9924335479736
"DC","2026-09-09T06:00:00.000000",18.2830486297607
"DC","2026-09-09T07:00:00.000000",18.2758026123047
"DC","2026-09-09T08:00:00.000000",17.8849010467529
"DC","2026-09-09T09:00:00.000000",17.4074554443359
"DC","2026-09-09T10:00:00.000000",17.2592296600342
"DC","2026-09-09T11:00:00.000000",17.1773529052734
"DC","2026-09-09T12:00:00.000000",17.0913124084473
"DC","2026-09-09T13:00:00.000000",17.0763168334961
"DC","2026-09-09T14:00:00.000000",17.0725536346436
"DC","2026-09-09T15:00:00.000000",17.0833587646484
"DC","2026-09-09T16:00:00.000000",17.1069030761719
"DC","2026-09-09T17:00:00.000000",17.0970478057861
"DC","2026-09-09T18:00:00.000000",17.1321220397949
"DC","2026-09-09T19:00:00.000000",17.3475685119629
"DC","2026-09-09T20:00:00.000000",17.1544227600098
"DC","2026-09-09T21:00:00.000000",16.8292102813721
"DC","2026-09-09T22:00:00.000000",16.5604209899902
"DC","2026-09-09T23:00:00.000000",16.3565368652344
"DC","2026-09-10T00:00:00.000000",16.1999759674072
"DC","2026-09-10T01:00:00.000000",16.1189403533936
"DC","2026-09-10T02:00:00.000000",16.1148777008057
"DC","2026-09-10T03:00:00.000000",16.1731491088867
"DC","2026-09-10T04:00:00.000000",16.4111919403076
"DC","2026-09-10T05:00:00.000000",16.5523681640625
"DC","2026-09-10T06:00:00.000000",16.7440872192383
"DC","2026-09-10T07:00:00.000000",17.2941780090332
"DC","2026-09-10T08:00:00.000000",17.4081077575684
"DC","2026-09-10T09:00:00.000000",17.4767475128174
"DC","2026-09-10T10:00:00.000000",17.4332695007324
"DC","2026-09-10T11:00:00.000000",17.1777095794678
"DC","2026-09-10T12:00:00.000000",16.9800148010254
"DC","2026-09-10T13:00:00.000000",16.8808917999268
"DC","2026-09-10T14:00:00.000000",16.8595905303955
"DC","2026-09-10T15:00:00.000000",16.8689231872559
"DC","2026-09-10T16:00:00.000000",16.8970508575439
"DC","2026-09-10T17:00:00.000000",17.133171081543
"DC","2026-09-10T18:00:00.000000",17.3168315887451
"DC","2026-09-10T19:00:00.000000",17.4725437164307
"DC","2026-09-10T20:00:00.000000",17.5138034820557
"DC","2026-09-10T21:00:00.000000",17.5150718688965
"DC","2026-09-10T22:00:00.000000",17.4223117828369
"DC","2026-09-10T23:00:00.000000",17.2777080535889
"DC","2026-09-11T00:00:00.000000",17.1637020111084
"DC","2026-09-11T01:00:00.000000",16.9768943786621
"DC","2026-09-11T02:00:00.000000",16.8634738922119
"DC","2026-09-11T03:00:00.000000",16.8417472839355
"DC","2026-09-11T04:00:00.000000",16.882833480835
"DC","2026-09-11T05:00:00.000000",17.0405330657959
"DC","2026-09-11T06:00:00.000000",17.5507640838623
"DC","2026-09-11T07:00:00.000000",17.6425628662109
"DC","2026-09-11T08:00:00.000000",17.6233673095703
"DC","2026-09-11T09:00:00.000000",17.6126155853271
"DC","2026-09-11T10:00:00.000000",17.5776023864746
"DC","2026-09-11T11:00:00.000000",17.5044574737549
"DC","2026-09-11T12:00:00.000000",17.674690246582
"DC","2026-09-11T13:00:00.000000",17.7572650909424
"DC","2026-09-11T14:00:00.000000",17.8484516143799
"DC","2026-09-11T15:00:00.000000",17.9347724914551
"DC","2026-09-11T16:00:00.000000",17.9888248443604
"DC","2026-09-11T17:00:00.000000",17.9585781097412
"DC","2026-09-11T18:00:00.000000",17.8675842285156
"DC","2026-09-11T19:00:00.000000",17.7657852172852
"DC","2026-09-11T20:00:00.000000",17.6998634338379
"DC","2026-09-11T21:00:00.000000",17.692533493042
"DC","2026-09-11T22:00:00.000000",17.6939716339111
"DC","2026-09-11T23:00:00.000000",17.6610450744629
"DC","2026-09-12T00:00:00.000000",17.5489273071289
"DC","2026-09-12T01:00:00.000000",17.4224796295166
"DC","2026-09-12T02:00:00.000000",17.3433322906494
"DC","2026-09-12T03:00:00.000000",17.3359508514404
"DC","2026-09-12T04:00:00.000000",17.5257759094238
"DC","2026-09-12T05:00:00.000000",17.8697471618652
"DC","2026-09-12T06:00:00.000000",17.8616962432861
"DC","2026-09-12T07:00:00.000000",17.8200569152832
"DC","2026-09-12T08:00:00.000000",17.7456855773926
"DC","2026-09-12T09:00:00.000000",17.6997222900391
"DC","2026-09-12T10:00:00.000000",17.6902904510498
"DC","2026-09-12T11:00:00.000000",17.68092918396
"DC","2026-09-12T12:00:00.000000",17.6448554992676
"DC","2026-09-12T13:00:00.000000",17.544017791748
"DC","2026-09-12T14:00:00.000000",17.3986530303955
"DC","2026-09-12T15:00:00.000000",17.2967662811279
"DC","2026-09-12T16:00:00.000000",17.2699241638184
"DC","2026-09-12T17:00:00.000000",17.286096572876
"DC","2026-09-12T18:00:00.000000",17.3317470550537
"DC","2026-09-12T19:00:00.000000",17.3726749420166
"DC","2026-09-12T20:00:00.000000",17.3203430175781
"DC","2026-09-12T21:00:00.000000",17.6216239929199
"DC","2026-09-12T22:00:00.000000",17.497407913208
"DC","2026-09-12T23:00:00.000000",17.0652732849121
"DC","2026-09-13T00:00:00.000000",16.6519203186035
"DC","2026-09-13T01:00:00.000000",16.3127040863037
"DC","2026-09-13T02:00:00.000000",16.1088485717773
"DC","2026-09-13T03:00:00.000000",15.9872026443481
"DC","2026-09-13T04:00:00.000000",15.9854221343994
"DC","2026-09-13T05:00:00.000000",16.0547847747803
"DC","2026-09-13T06:00:00.000000",16.1953182220459
"DC","2026-09-13T07:00:00.000000",16.4566917419434
"DC","2026-09-13T08:00:00.000000",16.6698627471924
"DC","2026-09-13T09:00:00.000000",16.7953414916992
"DC","2026-09-13T10:00:00.000000",17.1414985656738
"DC","2026-09-13T11:00:00.000000",17.0868549346924
"DC","2026-09-13T12:00:00.000000",16.7120132446289
"DC","2026-09-13T13:00:00.000000",16.3611488342285
"DC","2026-09-13T14:00:00.000000",16.0937232971191
"DC","2026-09-13T15:00:00.000000",15.9255657196045
"DC","2026-09-13T16:00:00.000000",15.8872013092041
"DC","2026-09-13T17:00:00.000000",15.9145069122314
"DC","2026-09-13T18:00:00.000000",16.0110168457031
"DC","2026-09-13T19:00:00.000000",16.2599220275879
"DC","2026-09-13T20:00:00.000000",16.4472332000732
"DC","2026-09-13T21:00:00.000000",16.579963684082
"DC","2026-09-13T22:00:00.000000",16.7126579284668
"DC","2026-09-13T23:00:00.000000",16.7147998809814
"DC","2026-09-14T00:00:00.000000",16.5352878570557
"DC","2026-09-14T01:00:00.000000",16.2054595947266
"DC","2026-09-14T02:00:00.000000",16.0435695648193
"DC","2026-09-14T03:00:00.000000",15.944673538208
"DC","2026-09-14T04:00:00.000000",15.9313478469849
"DC","2026-09-14T05:00:00.000000",16.0021877288818
"DC","2026-09-14T06:00:00.000000",16.129264831543
"DC","2026-09-14T07:00:00.000000",16.4188785552979
"DC","2026-09-14T08:00:00.000000",16.6685943603516
"DC","2026-09-14T09:00:00.000000",16.8375473022461
"DC","2026-09-14T10:00:00.000000",16.9523792266846
"DC","2026-09-14T11:00:00.000000",17.0060482025146
"DC","2026-09-14T12:00:00.000000",17.0084819793701
"DC","2026-09-14T13:00:00.000000",17.0048007965088
"DC","2026-09-14T14:00:00.000000",17.0241584777832
"DC","2026-09-14T15:00:00.000000",17.0260276794434
"DC","2026-09-14T16:00:00.000000",17.0368633270264
"DC","2026-09-14T17:00:00.000000",17.0484294891357
"DC","2026-09-14T18:00:00.000000",17.0565967559814
"DC","2026-09-14T19:00:00.000000",17.0626049041748
"DC","2026-09-14T20:00:00.000000",17.0751152038574
"DC","2026-09-14T21:00:00.000000",17.0801296234131
"DC","2026-09-14T22:00:00.000000",17.0858554840088
"DC","2026-09-14T23:00:00.000000",17.1054935455322
"DC","2026-09-15T00:00:00.000000",17.1213722229004
"DC","2026-09-15T01:00:00.000000",17.1172847747803
"DC","2026-09-15T02:00:00.000000",17.0736808776855
"DC","2026-09-15T03:00:00.000000",17.0180644989014
"DC","2026-09-15T04:00:00.000000",16.9783458709717
"DC","2026-09-15T05:00:00.000000",16.9598236083984
"DC","2026-09-15T06:00:00.000000",16.9561614990234
"DC","2026-09-15T07:00:00.000000",16.957893371582
"DC","2026-09-15T08:00:00.000000",16.9547481536865
"DC","2026-09-15T09:00:00.000000",16.9535369873047
"DC","2026-09-15T10:00:00.000000",16.9686851501465
"DC","2026-09-15T11:00:00.000000",16.9929122924805
"DC","2026-09-15T12:00:00.000000",17.0125885009766
"DC","2026-09-15T13:00:00.000000",16.9999084472656
"DC","2026-09-15T14:00:00.000000",16.9485931396484
"DC","2026-09-15T15:00:00.000000",16.8761005401611
"DC","2026-09-15T16:00:00.000000",16.8055934906006
"DC","2026-09-15T17:00:00.000000",16.7296390533447
"DC","2026-09-15T18:00:00.000000",16.6714153289795
"DC","2026-09-15T19:00:00.000000",16.6233673095703
"DC","2026-09-15T20:00:00.000000",16.6034317016602
"DC","2026-09-15T21:00:00.000000",16.5350189208984
"DC","2026-09-15T22:00:00.000000",16.4402809143066
"DC","2026-09-15T23:00:00.000000",16.3880424499512
"DC","2026-09-16T00:00:00.000000",16.4875545501709
"LH","2026-09-08T00:00:00.000000",18.1639442443848
"LH","2026-09-08T01:00:00.000000",18.165641784668
"LH","2026-09-08T02:00:00.000000",18.1649017333984
"LH","2026-09-08T03:00:00.000000",18.1571598052979
"LH","2026-09-08T04:00:00.000000",18.1322612762451
"LH","2026-09-08T05:00:00.000000",18.1446876525879
"LH","2026-09-08T06:00:00.000000",18.2399063110352
"LH","2026-09-08T07:00:00.000000",18.2583198547363
"LH","2026-09-08T08:00:00.000000",18.1908130645752
"LH","2026-09-08T09:00:00.000000",18.1466388702393
"LH","2026-09-08T10:00:00.000000",18.1382999420166
"LH","2026-09-08T11:00:00.000000",18.1445064544678
"LH","2026-09-08T12:00:00.000000",18.157356262207
"LH","2026-09-08T13:00:00.000000",18.1648464202881
"LH","2026-09-08T14:00:00.000000",18.1681842803955
"LH","2026-09-08T15:00:00.000000",18.1654071807861
"LH","2026-09-08T16:00:00.000000",18.1566486358643
"LH","2026-09-08T17:00:00.000000",18.1458778381348
"LH","2026-09-08T18:00:00.000000",18.163064956665
"LH","2026-09-08T19:00:00.000000",18.1948719024658
"LH","2026-09-08T20:00:00.000000",18.1973609924316
"LH","2026-09-08T21:00:00.000000",18.1787738800049
"LH","2026-09-08T22:00:00.000000",18.1767826080322
"LH","2026-09-08T23:00:00.000000",18.191499710083
"LH","2026-09-09T00:00:00.000000",18.2109661102295
"LH","2026-09-09T01:00:00.000000",18.2231521606445
"LH","2026-09-09T02:00:00.000000",18.2247905731201
"LH","2026-09-09T03:00:00.000000",18.220947265625
"LH","2026-09-09T04:00:00.000000",18.2024993896484
"LH","2026-09-09T05:00:00.000000",18.1757125854492
"LH","2026-09-09T06:00:00.000000",18.1745014190674
"LH","2026-09-09T07:00:00.000000",18.208028793335
"LH","2026-09-09T08:00:00.000000",18.2445068359375
"LH","2026-09-09T09:00:00.000000",18.2126750946045
"LH","2026-09-09T10:00:00.000000",18.1942291259766
"LH","2026-09-09T11:00:00.000000",18.2010345458984
"LH","2026-09-09T12:00:00.000000",18.2221374511719
"LH","2026-09-09T13:00:00.000000",18.2416839599609
"LH","2026-09-09T14:00:00.000000",18.2545146942139
"LH","2026-09-09T15:00:00.000000",18.2596397399902
"LH","2026-09-09T16:00:00.000000",18.254711151123
"LH","2026-09-09T17:00:00.000000",18.2476844787598
"LH","2026-09-09T18:00:00.000000",18.2501811981201
"LH","2026-09-09T19:00:00.000000",18.2651462554932
"LH","2026-09-09T20:00:00.000000",18.2787685394287
"LH","2026-09-09T21:00:00.000000",18.2768135070801
"LH","2026-09-09T22:00:00.000000",18.2657871246338
"LH","2026-09-09T23:00:00.000000",18.2807712554932
"LH","2026-09-10T00:00:00.000000",18.3170471191406
"LH","2026-09-10T01:00:00.000000",18.3520030975342
"LH","2026-09-10T02:00:00.000000",18.367208480835
"LH","2026-09-10T03:00:00.000000",18.3705101013184
"LH","2026-09-10T04:00:00.000000",18.3651580810547
"LH","2026-09-10T05:00:00.000000",18.3382244110107
"LH","2026-09-10T06:00:00.000000",18.2901134490967
"LH","2026-09-10T07:00:00.000000",18.2608184814453
"LH","2026-09-10T08:00:00.000000",18.2605056762695
"LH","2026-09-10T09:00:00.000000",18.2583045959473
"LH","2026-09-10T10:00:00.000000",18.2503547668457
"LH","2026-09-10T11:00:00.000000",18.2011375427246
"LH","2026-09-10T12:00:00.000000",18.2264537811279
"LH","2026-09-10T13:00:00.000000",18.2460689544678
"LH","2026-09-10T14:00:00.000000",18.2555599212646
"LH","2026-09-10T15:00:00.000000",18.2579803466797
"LH","2026-09-10T16:00:00.000000",18.2596473693848
"LH","2026-09-10T17:00:00.000000",18.2597465515137
"LH","2026-09-10T18:00:00.000000",18.2558555603027
"LH","2026-09-10T19:00:00.000000",18.2318267822266
"LH","2026-09-10T20:00:00.000000",18.1412391662598
"LH","2026-09-10T21:00:00.000000",18.1315383911133
"LH","2026-09-10T22:00:00.000000",18.1520919799805
"LH","2026-09-10T23:00:00.000000",18.1909408569336
"LH","2026-09-11T00:00:00.000000",18.1954040527344
"LH","2026-09-11T01:00:00.000000",18.1838989257812
"LH","2026-09-11T02:00:00.000000",18.143798828125
"LH","2026-09-11T03:00:00.000000",18.105541229248
"LH","2026-09-11T04:00:00.000000",18.0825805664062
"LH","2026-09-11T05:00:00.000000",18.0824432373047
"LH","2026-09-11T06:00:00.000000",18.1128463745117
"LH","2026-09-11T07:00:00.000000",18.1490993499756
"LH","2026-09-11T08:00:00.000000",18.1624984741211
"LH","2026-09-11T09:00:00.000000",18.1691360473633
"LH","2026-09-11T10:00:00.000000",18.169376373291
"LH","2026-09-11T11:00:00.000000",18.1600017547607
"LH","2026-09-11T12:00:00.000000",18.1017189025879
"LH","2026-09-11T13:00:00.000000",18.0006408691406
"LH","2026-09-11T14:00:00.000000",17.9369564056396
"LH","2026-09-11T15:00:00.000000",17.9081859588623
"LH","2026-09-11T16:00:00.000000",17.8842315673828
"LH","2026-09-11T17:00:00.000000",17.8657779693604
"LH","2026-09-11T18:00:00.000000",17.8731231689453
"LH","2026-09-11T19:00:00.000000",17.9166011810303
"LH","2026-09-11T20:00:00.000000",18.0239887237549
"LH","2026-09-11T21:00:00.000000",18.1525897979736
"LH","2026-09-11T22:00:00.000000",18.1685276031494
"LH","2026-09-11T23:00:00.000000",18.0947895050049
"LH","2026-09-12T00:00:00.000000",18.0429134368896
"LH","2026-09-12T01:00:00.000000",17.9357986450195
"LH","2026-09-12T02:00:00.000000",17.8754138946533
"LH","2026-09-12T03:00:00.000000",17.8576831817627
"LH","2026-09-12T04:00:00.000000",17.8556232452393
"LH","2026-09-12T05:00:00.000000",17.8473014831543
"LH","2026-09-12T06:00:00.000000",17.8454513549805
"LH","2026-09-12T07:00:00.000000",17.8711223602295
"LH","2026-09-12T08:00:00.000000",17.9399375915527
"LH","2026-09-12T09:00:00.000000",18.0596561431885
"LH","2026-09-12T10:00:00.000000",18.1136722564697
"LH","2026-09-12T11:00:00.000000",18.0767498016357
"LH","2026-09-12T12:00:00.000000",18.0289211273193
"LH","2026-09-12T13:00:00.000000",17.9424819946289
"LH","2026-09-12T14:00:00.000000",17.8308181762695
"LH","2026-09-12T15:00:00.000000",17.7707958221436
"LH","2026-09-12T16:00:00.000000",17.7555637359619
"LH","2026-09-12T17:00:00.000000",17.7580547332764
"LH","2026-09-12T18:00:00.000000",17.7725219726562
"LH","2026-09-12T19:00:00.000000",17.8361492156982
"LH","2026-09-12T20:00:00.000000",17.9603729248047
"LH","2026-09-12T21:00:00.000000",18.0792274475098
"LH","2026-09-12T22:00:00.000000",18.1392993927002
"LH","2026-09-12T23:00:00.000000",18.1497898101807
"LH","2026-09-13T00:00:00.000000",18.1267528533936
"LH","2026-09-13T01:00:00.000000",18.0031909942627
"LH","2026-09-13T02:00:00.000000",17.8999176025391
"LH","2026-09-13T03:00:00.000000",17.8757934570312
"LH","2026-09-13T04:00:00.000000",17.8788776397705
"LH","2026-09-13T05:00:00.000000",17.8825798034668
"LH","2026-09-13T06:00:00.000000",17.8839740753174
"LH","2026-09-13T07:00:00.000000",17.8893241882324
"LH","2026-09-13T08:00:00.000000",17.91237449646
"LH","2026-09-13T09:00:00.000000",17.9781894683838
"LH","2026-09-13T10:00:00.000000",18.0533428192139
"LH","2026-09-13T11:00:00.000000",18.0701007843018
"LH","2026-09-13T12:00:00.000000",18.0398654937744
"LH","2026-09-13T13:00:00.000000",17.975076675415
"LH","2026-09-13T14:00:00.000000",17.9076442718506
"LH","2026-09-13T15:00:00.000000",17.8699760437012
"LH","2026-09-13T16:00:00.000000",17.8490428924561
"LH","2026-09-13T17:00:00.000000",17.8419532775879
"LH","2026-09-13T18:00:00.000000",17.838451385498
"LH","2026-09-13T19:00:00.000000",17.839017868042
"LH","2026-09-13T20:00:00.000000",17.853385925293
"LH","2026-09-13T21:00:00.000000",17.8788719177246
"LH","2026-09-13T22:00:00.000000",17.9099998474121
"LH","2026-09-13T23:00:00.000000",17.9177265167236
"LH","2026-09-14T00:00:00.000000",17.9068603515625
"LH","2026-09-14T01:00:00.000000",17.8964767456055
"LH","2026-09-14T02:00:00.000000",17.8669013977051
"LH","2026-09-14T03:00:00.000000",17.7284107208252
"LH","2026-09-14T04:00:00.000000",17.6391048431396
"LH","2026-09-14T05:00:00.000000",17.5974102020264
"LH","2026-09-14T06:00:00.000000",17.5632915496826
"LH","2026-09-14T07:00:00.000000",17.538236618042
"LH","2026-09-14T08:00:00.000000",17.553768157959
"LH","2026-09-14T09:00:00.000000",17.6109371185303
"LH","2026-09-14T10:00:00.000000",17.695426940918
"LH","2026-09-14T11:00:00.000000",17.7985801696777
"LH","2026-09-14T12:00:00.000000",17.7674121856689
"LH","2026-09-14T13:00:00.000000",17.692512512207
"LH","2026-09-14T14:00:00.000000",17.6439208984375
"LH","2026-09-14T15:00:00.000000",17.481819152832
"LH","2026-09-14T16:00:00.000000",17.3388500213623
"LH","2026-09-14T17:00:00.000000",17.2394599914551
"LH","2026-09-14T18:00:00.000000",17.1664562225342
"LH","2026-09-14T19:00:00.000000",17.1150779724121
"LH","2026-09-14T20:00:00.000000",17.1119003295898
"LH","2026-09-14T21:00:00.000000",17.1549072265625
"LH","2026-09-14T22:00:00.000000",17.291187286377
"LH","2026-09-14T23:00:00.000000",17.6646041870117
"LH","2026-09-15T00:00:00.000000",17.7326145172119
"LH","2026-09-15T01:00:00.000000",17.6252555847168
"LH","2026-09-15T02:00:00.000000",17.501070022583
"LH","2026-09-15T03:00:00.000000",17.3279228210449
"LH","2026-09-15T04:00:00.000000",17.1916770935059
"LH","2026-09-15T05:00:00.000000",17.0996322631836
"LH","2026-09-15T06:00:00.000000",17.0551795959473
"LH","2026-09-15T07:00:00.000000",17.0284366607666
"LH","2026-09-15T08:00:00.000000",17.0222434997559
"LH","2026-09-15T09:00:00.000000",17.0481433868408
"LH","2026-09-15T10:00:00.000000",17.0796508789062
"LH","2026-09-15T11:00:00.000000",17.1802749633789
"LH","2026-09-15T12:00:00.000000",17.2210464477539
"LH","2026-09-15T13:00:00.000000",17.1907196044922
"LH","2026-09-15T14:00:00.000000",17.2053413391113
"LH","2026-09-15T15:00:00.000000",17.2114639282227
"LH","2026-09-15T16:00:00.000000",17.1312885284424
"LH","2026-09-15T17:00:00.000000",17.0634784698486
"LH","2026-09-15T18:00:00.000000",17.0414066314697
"LH","2026-09-15T19:00:00.000000",17.0547981262207
"LH","2026-09-15T20:00:00.000000",17.0886936187744
"LH","2026-09-15T21:00:00.000000",17.167818069458
"LH","2026-09-15T22:00:00.000000",17.2726078033447
"LH","2026-09-15T23:00:00.000000",17.4085159301758
"LH","2026-09-16T00:00:00.000000",17.5453853607178
"NB","2026-09-08T00:00:00.000000",16.2059440612793
"NB","2026-09-08T01:00:00.000000",16.2431392669678
"NB","2026-09-08T02:00:00.000000",16.2872409820557
"NB","2026-09-08T03:00:00.000000",16.3452224731445
"NB","2026-09-08T04:00:00.000000",16.400749206543
"NB","2026-09-08T05:00:00.000000",16.4407062530518
"NB","2026-09-08T06:00:00.000000",16.4593353271484
"NB","2026-09-08T07:00:00.000000",16.4705924987793
"NB","2026-09-08T08:00:00.000000",16.5018100738525
"NB","2026-09-08T09:00:00.000000",16.5424766540527
"NB","2026-09-08T10:00:00.000000",16.5993213653564
"NB","2026-09-08T11:00:00.000000",16.6704387664795
"NB","2026-09-08T12:00:00.000000",16.7387180328369
"NB","2026-09-08T13:00:00.000000",16.7761898040771
"NB","2026-09-08T14:00:00.000000",16.789134979248
"NB","2026-09-08T15:00:00.000000",16.7954864501953
"NB","2026-09-08T16:00:00.000000",16.7832927703857
"NB","2026-09-08T17:00:00.000000",16.7605972290039
"NB","2026-09-08T18:00:00.000000",16.7341384887695
"NB","2026-09-08T19:00:00.000000",16.6982936859131
"NB","2026-09-08T20:00:00.000000",16.6552772521973
"NB","2026-09-08T21:00:00.000000",16.623743057251
"NB","2026-09-08T22:00:00.000000",16.6130123138428
"NB","2026-09-08T23:00:00.000000",16.6280651092529
"NB","2026-09-09T00:00:00.000000",16.672435760498
"NB","2026-09-09T01:00:00.000000",16.7579135894775
"NB","2026-09-09T02:00:00.000000",16.9251575469971
"NB","2026-09-09T03:00:00.000000",17.131368637085
"NB","2026-09-09T04:00:00.000000",17.27659034729
"NB","2026-09-09T05:00:00.000000",17.3245010375977
"NB","2026-09-09T06:00:00.000000",17.3250293731689
"NB","2026-09-09T07:00:00.000000",17.2971096038818
"NB","2026-09-09T08:00:00.000000",17.248176574707
"NB","2026-09-09T09:00:00.000000",17.1995639801025
"NB","2026-09-09T10:00:00.000000",17.169807434082
"NB","2026-09-09T11:00:00.000000",17.1602439880371
"NB","2026-09-09T12:00:00.000000",17.1670475006104
"NB","2026-09-09T13:00:00.000000",17.1905326843262
"NB","2026-09-09T14:00:00.000000",17.2135467529297
"NB","2026-09-09T15:00:00.000000",17.2441596984863
"NB","2026-09-09T16:00:00.000000",17.2996406555176
"NB","2026-09-09T17:00:00.000000",17.3856792449951
"NB","2026-09-09T18:00:00.000000",17.5379409790039
"NB","2026-09-09T19:00:00.000000",17.7735347747803
"NB","2026-09-09T20:00:00.000000",17.853967666626
"NB","2026-09-09T21:00:00.000000",17.9026374816895
"NB","2026-09-09T22:00:00.000000",17.9268932342529
"NB","2026-09-09T23:00:00.000000",17.9775714874268
"NB","2026-09-10T00:00:00.000000",18.0804805755615
"NB","2026-09-10T01:00:00.000000",18.2181167602539
"NB","2026-09-10T02:00:00.000000",18.2858180999756
"NB","2026-09-10T03:00:00.000000",18.3292694091797
"NB","2026-09-10T04:00:00.000000",18.3613529205322
"NB","2026-09-10T05:00:00.000000",18.3788967132568
"NB","2026-09-10T06:00:00.000000",18.3792743682861
"NB","2026-09-10T07:00:00.000000",18.373556137085
"NB","2026-09-10T08:00:00.000000",18.3703117370605
"NB","2026-09-10T09:00:00.000000",18.3729820251465
"NB","2026-09-10T10:00:00.000000",18.3863258361816
"NB","2026-09-10T11:00:00.000000",18.3990097045898
"NB","2026-09-10T12:00:00.000000",18.4070110321045
"NB","2026-09-10T13:00:00.000000",18.4088478088379
"NB","2026-09-10T14:00:00.000000",18.4066257476807
"NB","2026-09-10T15:00:00.000000",18.400936126709
"NB","2026-09-10T16:00:00.000000",18.3710784912109
"NB","2026-09-10T17:00:00.000000",18.2724571228027
"NB","2026-09-10T18:00:00.000000",18.1578063964844
"NB","2026-09-10T19:00:00.000000",18.046688079834
"NB","2026-09-10T20:00:00.000000",17.9411125183105
"NB","2026-09-10T21:00:00.000000",17.7274475097656
"NB","2026-09-10T22:00:00.000000",17.3554496765137
"NB","2026-09-10T23:00:00.000000",16.8695430755615
"NB","2026-09-11T00:00:00.000000",16.4500408172607
"NB","2026-09-11T01:00:00.000000",16.1636848449707
"NB","2026-09-11T02:00:00.000000",15.912055015564
"NB","2026-09-11T03:00:00.000000",15.6735191345215
"NB","2026-09-11T04:00:00.000000",15.4883985519409
"NB","2026-09-11T05:00:00.000000",15.3981523513794
"NB","2026-09-11T06:00:00.000000",15.3483943939209
"NB","2026-09-11T07:00:00.000000",15.3093452453613
"NB","2026-09-11T08:00:00.000000",15.2787313461304
"NB","2026-09-11T09:00:00.000000",15.2457513809204
"NB","2026-09-11T10:00:00.000000",15.1741676330566
"NB","2026-09-11T11:00:00.000000",15.1017503738403
"NB","2026-09-11T12:00:00.000000",15.0686779022217
"NB","2026-09-11T13:00:00.000000",15.0707654953003
"NB","2026-09-11T14:00:00.000000",15.0836181640625
"NB","2026-09-11T15:00:00.000000",15.0951433181763
"NB","2026-09-11T16:00:00.000000",15.0891094207764
"NB","2026-09-11T17:00:00.000000",15.0801305770874
"NB","2026-09-11T18:00:00.000000",15.0650844573975
"NB","2026-09-11T19:00:00.000000",15.0601234436035
"NB","2026-09-11T20:00:00.000000",15.0611371994019
"NB","2026-09-11T21:00:00.000000",15.0666007995605
"NB","2026-09-11T22:00:00.000000",15.0565843582153
"NB","2026-09-11T23:00:00.000000",15.0350475311279
"NB","2026-09-12T00:00:00.000000",15.0214128494263
"NB","2026-09-12T01:00:00.000000",15.0251245498657
"NB","2026-09-12T02:00:00.000000",15.0412826538086
"NB","2026-09-12T03:00:00.000000",15.0632276535034
"NB","2026-09-12T04:00:00.000000",15.0898866653442
"NB","2026-09-12T05:00:00.000000",15.1236591339111
"NB","2026-09-12T06:00:00.000000",15.1597213745117
"NB","2026-09-12T07:00:00.000000",15.2047367095947
"NB","2026-09-12T08:00:00.000000",15.2511920928955
"NB","2026-09-12T09:00:00.000000",15.303071975708
"NB","2026-09-12T10:00:00.000000",15.3402366638184
"NB","2026-09-12T11:00:00.000000",15.3510446548462
"NB","2026-09-12T12:00:00.000000",15.3632383346558
"NB","2026-09-12T13:00:00.000000",15.3733720779419
"NB","2026-09-12T14:00:00.000000",15.3800067901611
"NB","2026-09-12T15:00:00.000000",15.3949527740479
"NB","2026-09-12T16:00:00.000000",15.4107704162598
"NB","2026-09-12T17:00:00.000000",15.427864074707
"NB","2026-09-12T18:00:00.000000",15.4612197875977
"NB","2026-09-12T19:00:00.000000",15.7717361450195
"NB","2026-09-12T20:00:00.000000",15.914381980896
"NB","2026-09-12T21:00:00.000000",15.9926538467407
"NB","2026-09-12T22:00:00.000000",16.0334987640381
"NB","2026-09-12T23:00:00.000000",16.0405197143555
"NB","2026-09-13T00:00:00.000000",16.039083480835
"NB","2026-09-13T01:00:00.000000",16.0559234619141
"NB","2026-09-13T02:00:00.000000",16.09157371521
"NB","2026-09-13T03:00:00.000000",16.1332950592041
"NB","2026-09-13T04:00:00.000000",16.2543792724609
"NB","2026-09-13T05:00:00.000000",16.3784103393555
"NB","2026-09-13T06:00:00.000000",16.4781303405762
"NB","2026-09-13T07:00:00.000000",16.5392398834229
"NB","2026-09-13T08:00:00.000000",16.5873012542725
"NB","2026-09-13T09:00:00.000000",16.6085834503174
"NB","2026-09-13T10:00:00.000000",16.6121711730957
"NB","2026-09-13T11:00:00.000000",16.602876663208
"NB","2026-09-13T12:00:00.000000",16.5861053466797
"NB","2026-09-13T13:00:00.000000",16.5657596588135
"NB","2026-09-13T14:00:00.000000",16.5575199127197
"NB","2026-09-13T15:00:00.000000",16.5612163543701
"NB","2026-09-13T16:00:00.000000",16.5642948150635
"NB","2026-09-13T17:00:00.000000",16.5632343292236
"NB","2026-09-13T18:00:00.000000",16.548807144165
"NB","2026-09-13T19:00:00.000000",16.5113258361816
"NB","2026-09-13T20:00:00.000000",16.45920753479
"NB","2026-09-13T21:00:00.000000",16.4116458892822
"NB","2026-09-13T22:00:00.000000",16.3854217529297
"NB","2026-09-13T23:00:00.000000",16.3468742370605
"NB","2026-09-14T00:00:00.000000",16.2713928222656
"NB","2026-09-14T01:00:00.000000",16.1391410827637
"NB","2026-09-14T02:00:00.000000",15.9824962615967
"NB","2026-09-14T03:00:00.000000",15.8095655441284
"NB","2026-09-14T04:00:00.000000",15.5929985046387
"NB","2026-09-14T05:00:00.000000",15.3581018447876
"NB","2026-09-14T06:00:00.000000",15.1572465896606
"NB","2026-09-14T07:00:00.000000",15.0034255981445
"NB","2026-09-14T08:00:00.000000",14.8709487915039
"NB","2026-09-14T09:00:00.000000",14.7655639648438
"NB","2026-09-14T10:00:00.000000",14.6908226013184
"NB","2026-09-14T11:00:00.000000",14.6123447418213
"NB","2026-09-14T12:00:00.000000",14.4866218566895
"NB","2026-09-14T13:00:00.000000",14.326268196106
"NB","2026-09-14T14:00:00.000000",14.2053308486938
"NB","2026-09-14T15:00:00.000000",14.1400632858276
"NB","2026-09-14T16:00:00.000000",14.106541633606
"NB","2026-09-14T17:00:00.000000",14.0998783111572
"NB","2026-09-14T18:00:00.000000",14.1018295288086
"NB","2026-09-14T19:00:00.000000",14.1042528152466
"NB","2026-09-14T20:00:00.000000",14.1755199432373
"NB","2026-09-14T21:00:00.000000",14.1779088973999
"NB","2026-09-14T22:00:00.000000",14.1640367507935
"NB","2026-09-14T23:00:00.000000",14.1497211456299
"NB","2026-09-15T00:00:00.000000",14.1313304901123
"NB","2026-09-15T01:00:00.000000",14.1206026077271
"NB","2026-09-15T02:00:00.000000",14.1342506408691
"NB","2026-09-15T03:00:00.000000",14.1621227264404
"NB","2026-09-15T04:00:00.000000",14.1769332885742
"NB","2026-09-15T05:00:00.000000",14.1850242614746
"NB","2026-09-15T06:00:00.000000",14.1938152313232
"NB","2026-09-15T07:00:00.000000",14.2150707244873
"NB","2026-09-15T08:00:00.000000",14.2432527542114
"NB","2026-09-15T09:00:00.000000",14.2693099975586
"NB","2026-09-15T10:00:00.000000",14.2889804840088
"NB","2026-09-15T11:00:00.000000",14.320255279541
"NB","2026-09-15T12:00:00.000000",14.3344535827637
"NB","2026-09-15T13:00:00.000000",14.3366355895996
"NB","2026-09-15T14:00:00.000000",14.3366851806641
"NB","2026-09-15T15:00:00.000000",14.3405332565308
"NB","2026-09-15T16:00:00.000000",14.3578901290894
"NB","2026-09-15T17:00:00.000000",14.4235382080078
"NB","2026-09-15T18:00:00.000000",14.5542154312134
"NB","2026-09-15T19:00:00.000000",14.6666536331177
"NB","2026-09-15T20:00:00.000000",14.7576999664307
"NB","2026-09-15T21:00:00.000000",14.8149375915527
"NB","2026-09-15T22:00:00.000000",14.822660446167
"NB","2026-09-15T23:00:00.000000",14.8158521652222
"NB","2026-09-16T00:00:00.000000",14.8075618743896
"PC","2026-09-08T00:00:00.000000",18.0477981567383
"PC","2026-09-08T01:00:00.000000",18.044017791748
"PC","2026-09-08T02:00:00.000000",18.0465488433838
"PC","2026-09-08T03:00:00.000000",18.0522212982178
"PC","2026-09-08T04:00:00.000000",18.0609092712402
"PC","2026-09-08T05:00:00.000000",18.0753173828125
"PC","2026-09-08T06:00:00.000000",18.0979480743408
"PC","2026-09-08T07:00:00.000000",18.1100273132324
"PC","2026-09-08T08:00:00.000000",18.1227588653564
"PC","2026-09-08T09:00:00.000000",18.1427726745605
"PC","2026-09-08T10:00:00.000000",18.1454696655273
"PC","2026-09-08T11:00:00.000000",18.1306209564209
"PC","2026-09-08T12:00:00.000000",18.1245365142822
"PC","2026-09-08T13:00:00.000000",18.1264743804932
"PC","2026-09-08T14:00:00.000000",18.1289367675781
"PC","2026-09-08T15:00:00.000000",18.1327590942383
"PC","2026-09-08T16:00:00.000000",18.1381492614746
"PC","2026-09-08T17:00:00.000000",18.1484775543213
"PC","2026-09-08T18:00:00.000000",18.1650695800781
"PC","2026-09-08T19:00:00.000000",18.1865406036377
"PC","2026-09-08T20:00:00.000000",18.198263168335
"PC","2026-09-08T21:00:00.000000",18.2202987670898
"PC","2026-09-08T22:00:00.000000",18.2777042388916
"PC","2026-09-08T23:00:00.000000",18.2910861968994
"PC","2026-09-09T00:00:00.000000",18.2937507629395
"PC","2026-09-09T01:00:00.000000",18.2954502105713
"PC","2026-09-09T02:00:00.000000",18.2969093322754
"PC","2026-09-09T03:00:00.000000",18.2976875305176
"PC","2026-09-09T04:00:00.000000",18.2980728149414
"PC","2026-09-09T05:00:00.000000",18.2991065979004
"PC","2026-09-09T06:00:00.000000",18.3013858795166
"PC","2026-09-09T07:00:00.000000",18.3063564300537
"PC","2026-09-09T08:00:00.000000",18.3113994598389
"PC","2026-09-09T09:00:00.000000",18.3143615722656
"PC","2026-09-09T10:00:00.000000",18.3290367126465
"PC","2026-09-09T11:00:00.000000",18.34987449646
"PC","2026-09-09T12:00:00.000000",18.3585624694824
"PC","2026-09-09T13:00:00.000000",18.3667278289795
"PC","2026-09-09T14:00:00.000000",18.3752136230469
"PC","2026-09-09T15:00:00.000000",18.3811798095703
"PC","2026-09-09T16:00:00.000000",18.3859329223633
"PC","2026-09-09T17:00:00.000000",18.3921394348145
"PC","2026-09-09T18:00:00.000000",18.4001960754395
"PC","2026-09-09T19:00:00.000000",18.4101085662842
"PC","2026-09-09T20:00:00.000000",18.4214687347412
"PC","2026-09-09T21:00:00.000000",18.4293918609619
"PC","2026-09-09T22:00:00.000000",18.4495964050293
"PC","2026-09-09T23:00:00.000000",18.4787120819092
"PC","2026-09-10T00:00:00.000000",18.4986953735352
"PC","2026-09-10T01:00:00.000000",18.5053844451904
"PC","2026-09-10T02:00:00.000000",18.5074043273926
"PC","2026-09-10T03:00:00.000000",18.5072250366211
"PC","2026-09-10T04:00:00.000000",18.5061340332031
"PC","2026-09-10T05:00:00.000000",18.5045032501221
"PC","2026-09-10T06:00:00.000000",18.5023632049561
"PC","2026-09-10T07:00:00.000000",18.5004138946533
"PC","2026-09-10T08:00:00.000000",18.4984436035156
"PC","2026-09-10T09:00:00.000000",18.4964427947998
"PC","2026-09-10T10:00:00.000000",18.4952850341797
"PC","2026-09-10T11:00:00.000000",18.4930210113525
"PC","2026-09-10T12:00:00.000000",18.4891834259033
"PC","2026-09-10T13:00:00.000000",18.4885025024414
"PC","2026-09-10T14:00:00.000000",18.4903697967529
"PC","2026-09-10T15:00:00.000000",18.4922180175781
"PC","2026-09-10T16:00:00.000000",18.4946365356445
"PC","2026-09-10T17:00:00.000000",18.4973983764648
"PC","2026-09-10T18:00:00.000000",18.5029754638672
"PC","2026-09-10T19:00:00.000000",18.510871887207
"PC","2026-09-10T20:00:00.000000",18.5203685760498
"PC","2026-09-10T21:00:00.000000",18.5251579284668
"PC","2026-09-10T22:00:00.000000",18.526876449585
"PC","2026-09-10T23:00:00.000000",18.5267429351807
"PC","2026-09-11T00:00:00.000000",18.5133533477783
"PC","2026-09-11T01:00:00.000000",18.5004940032959
"PC","2026-09-11T02:00:00.000000",18.4823551177979
"PC","2026-09-11T03:00:00.000000",18.4322776794434
"PC","2026-09-11T04:00:00.000000",18.4036922454834
"PC","2026-09-11T05:00:00.000000",18.4030494689941
"PC","2026-09-11T06:00:00.000000",18.4198417663574
"PC","2026-09-11T07:00:00.000000",18.4434776306152
"PC","2026-09-11T08:00:00.000000",18.4634838104248
"PC","2026-09-11T09:00:00.000000",18.4733066558838
"PC","2026-09-11T10:00:00.000000",18.4675636291504
"PC","2026-09-11T11:00:00.000000",18.4686756134033
"PC","2026-09-11T12:00:00.000000",18.461217880249
"PC","2026-09-11T13:00:00.000000",18.4114646911621
"PC","2026-09-11T14:00:00.000000",18.3706188201904
"PC","2026-09-11T15:00:00.000000",18.3010139465332
"PC","2026-09-11T16:00:00.000000",18.252233505249
"PC","2026-09-11T17:00:00.000000",18.2469806671143
"PC","2026-09-11T18:00:00.000000",18.2766761779785
"PC","2026-09-11T19:00:00.000000",18.3263092041016
"PC","2026-09-11T20:00:00.000000",18.380163192749
"PC","2026-09-11T21:00:00.000000",18.4201259613037
"PC","2026-09-11T22:00:00.000000",18.4356918334961
"PC","2026-09-11T23:00:00.000000",18.4355659484863
"PC","2026-09-12T00:00:00.000000",18.4425449371338
"PC","2026-09-12T01:00:00.000000",18.3947048187256
"PC","2026-09-12T02:00:00.000000",18.2967300415039
"PC","2026-09-12T03:00:00.000000",18.2145576477051
"PC","2026-09-12T04:00:00.000000",18.1579093933105
"PC","2026-09-12T05:00:00.000000",18.1454887390137
"PC","2026-09-12T06:00:00.000000",18.1615695953369
"PC","2026-09-12T07:00:00.000000",18.1997699737549
"PC","2026-09-12T08:00:00.000000",18.2488193511963
"PC","2026-09-12T09:00:00.000000",18.2984828948975
"PC","2026-09-12T10:00:00.000000",18.3305377960205
"PC","2026-09-12T11:00:00.000000",18.3322200775146
"PC","2026-09-12T12:00:00.000000",18.3411712646484
"PC","2026-09-12T13:00:00.000000",18.3282203674316
"PC","2026-09-12T14:00:00.000000",18.2327079772949
"PC","2026-09-12T15:00:00.000000",18.1589813232422
"PC","2026-09-12T16:00:00.000000",18.1056098937988
"PC","2026-09-12T17:00:00.000000",18.0885314941406
"PC","2026-09-12T18:00:00.000000",18.1035614013672
"PC","2026-09-12T19:00:00.000000",18.1522102355957
"PC","2026-09-12T20:00:00.000000",18.2094097137451
"PC","2026-09-12T21:00:00.000000",18.2569885253906
"PC","2026-09-12T22:00:00.000000",18.2955131530762
"PC","2026-09-12T23:00:00.000000",18.3113498687744
"PC","2026-09-13T00:00:00.000000",18.3145370483398
"PC","2026-09-13T01:00:00.000000",18.308801651001
"PC","2026-09-13T02:00:00.000000",18.2237071990967
"PC","2026-09-13T03:00:00.000000",18.1406211853027
"PC","2026-09-13T04:00:00.000000",18.0796585083008
"PC","2026-09-13T05:00:00.000000",18.046314239502
"PC","2026-09-13T06:00:00.000000",18.0389060974121
"PC","2026-09-13T07:00:00.000000",18.0555248260498
"PC","2026-09-13T08:00:00.000000",18.0881519317627
"PC","2026-09-13T09:00:00.000000",18.1222248077393
"PC","2026-09-13T10:00:00.000000",18.1568183898926
"PC","2026-09-13T11:00:00.000000",18.1847610473633
"PC","2026-09-13T12:00:00.000000",18.1903057098389
"PC","2026-09-13T13:00:00.000000",18.1900100708008
"PC","2026-09-13T14:00:00.000000",18.154239654541
"PC","2026-09-13T15:00:00.000000",18.0744171142578
"PC","2026-09-13T16:00:00.000000",18.0181884765625
"PC","2026-09-13T17:00:00.000000",17.9810543060303
"PC","2026-09-13T18:00:00.000000",17.9715576171875
"PC","2026-09-13T19:00:00.000000",17.9888401031494
"PC","2026-09-13T20:00:00.000000",18.0279235839844
"PC","2026-09-13T21:00:00.000000",18.06494140625
"PC","2026-09-13T22:00:00.000000",18.0918769836426
"PC","2026-09-13T23:00:00.000000",18.1137638092041
"PC","2026-09-14T00:00:00.000000",18.1202869415283
"PC","2026-09-14T01:00:00.000000",18.1254100799561
"PC","2026-09-14T02:00:00.000000",18.1217937469482
"PC","2026-09-14T03:00:00.000000",18.060754776001
"PC","2026-09-14T04:00:00.000000",18.0012969970703
"PC","2026-09-14T05:00:00.000000",17.9517955780029
"PC","2026-09-14T06:00:00.000000",17.919469833374
"PC","2026-09-14T07:00:00.000000",17.9136791229248
"PC","2026-09-14T08:00:00.000000",17.9320907592773
"PC","2026-09-14T09:00:00.000000",17.956995010376
"PC","2026-09-14T10:00:00.000000",17.9846210479736
"PC","2026-09-14T11:00:00.000000",18.0118961334229
"PC","2026-09-14T12:00:00.000000",18.0282669067383
"PC","2026-09-14T13:00:00.000000",18.0426349639893
"PC","2026-09-14T14:00:00.000000",18.0584621429443
"PC","2026-09-14T15:00:00.000000",18.0162105560303
"PC","2026-09-14T16:00:00.000000",17.9487762451172
"PC","2026-09-14T17:00:00.000000",17.8621978759766
"PC","2026-09-14T18:00:00.000000",17.8085803985596
"PC","2026-09-14T19:00:00.000000",17.793327331543
"PC","2026-09-14T20:00:00.000000",17.8188819885254
"PC","2026-09-14T21:00:00.000000",17.8705825805664
"PC","2026-09-14T22:00:00.000000",17.928014755249
"PC","2026-09-14T23:00:00.000000",17.9696884155273
"PC","2026-09-15T00:00:00.000000",17.9950752258301
"PC","2026-09-15T01:00:00.000000",18.0056095123291
"PC","2026-09-15T02:00:00.000000",18.0206718444824
"PC","2026-09-15T03:00:00.000000",17.9998264312744
"PC","2026-09-15T04:00:00.000000",17.8701171875
"PC","2026-09-15T05:00:00.000000",17.7603378295898
"PC","2026-09-15T06:00:00.000000",17.6539535522461
"PC","2026-09-15T07:00:00.000000",17.6054058074951
"PC","2026-09-15T08:00:00.000000",17.6035766601562
"PC","2026-09-15T09:00:00.000000",17.6252994537354
"PC","2026-09-15T10:00:00.000000",17.6571769714355
"PC","2026-09-15T11:00:00.000000",17.6978378295898
"PC","2026-09-15T12:00:00.000000",17.734676361084
"PC","2026-09-15T13:00:00.000000",17.7587699890137
"PC","2026-09-15T14:00:00.000000",17.7845802307129
"PC","2026-09-15T15:00:00.000000",17.7928562164307
"PC","2026-09-15T16:00:00.000000",17.7380809783936
"PC","2026-09-15T17:00:00.000000",17.5956726074219
"PC","2026-09-15T18:00:00.000000",17.4898147583008
"PC","2026-09-15T19:00:00.000000",17.4556064605713
"PC","2026-09-15T20:00:00.000000",17.4535598754883
"PC","2026-09-15T21:00:00.000000",17.4817199707031
"PC","2026-09-15T22:00:00.000000",17.5094738006592
"PC","2026-09-15T23:00:00.000000",17.5330066680908
"PC","2026-09-16T00:00:00.000000",17.5676002502441
"PV","2026-09-08T00:00:00.000000",18.1381225585938
"PV","2026-09-08T01:00:00.000000",18.2242774963379
"PV","2026-09-08T02:00:00.000000",18.3244323730469
"PV","2026-09-08T03:00:00.000000",18.3613681793213
"PV","2026-09-08T04:00:00.000000",18.3480472564697
"PV","2026-09-08T05:00:00.000000",18.3257751464844
"PV","2026-09-08T06:00:00.000000",18.3075313568115
"PV","2026-09-08T07:00:00.000000",18.1046009063721
"PV","2026-09-08T08:00:00.000000",17.7508220672607
"PV","2026-09-08T09:00:00.000000",17.7193298339844
"PV","2026-09-08T10:00:00.000000",17.6836280822754
"PV","2026-09-08T11:00:00.000000",17.6331081390381
"PV","2026-09-08T12:00:00.000000",17.5833225250244
"PV","2026-09-08T13:00:00.000000",17.6350688934326
"PV","2026-09-08T14:00:00.000000",17.7779579162598
"PV","2026-09-08T15:00:00.000000",18.0044898986816
"PV","2026-09-08T16:00:00.000000",18.1324481964111
"PV","2026-09-08T17:00:00.000000",18.172477722168
"PV","2026-09-08T18:00:00.000000",18.1756324768066
"PV","2026-09-08T19:00:00.000000",18.1518669128418
"PV","2026-09-08T20:00:00.000000",18.1043148040771
"PV","2026-09-08T21:00:00.000000",18.084774017334
"PV","2026-09-08T22:00:00.000000",18.1274394989014
"PV","2026-09-08T23:00:00.000000",18.1224822998047
"PV","2026-09-09T00:00:00.000000",18.1350708007812
"PV","2026-09-09T01:00:00.000000",18.1622562408447
"PV","2026-09-09T02:00:00.000000",18.2114849090576
"PV","2026-09-09T03:00:00.000000",18.2661533355713
"PV","2026-09-09T04:00:00.000000",18.2993946075439
"PV","2026-09-09T05:00:00.000000",18.3070240020752
"PV","2026-09-09T06:00:00.000000",18.3075656890869
"PV","2026-09-09T07:00:00.000000",18.3051280975342
"PV","2026-09-09T08:00:00.000000",18.0071849822998
"PV","2026-09-09T09:00:00.000000",17.7208862304688
"PV","2026-09-09T10:00:00.000000",17.7302703857422
"PV","2026-09-09T11:00:00.000000",17.7935810089111
"PV","2026-09-09T12:00:00.000000",17.7658500671387
"PV","2026-09-09T13:00:00.000000",17.7904891967773
"PV","2026-09-09T14:00:00.000000",17.9100894927979
"PV","2026-09-09T15:00:00.000000",18.0885372161865
"PV","2026-09-09T16:00:00.000000",18.1899070739746
"PV","2026-09-09T17:00:00.000000",18.2630958557129
"PV","2026-09-09T18:00:00.000000",18.3106937408447
"PV","2026-09-09T19:00:00.000000",18.3372573852539
"PV","2026-09-09T20:00:00.000000",18.3413200378418
"PV","2026-09-09T21:00:00.000000",17.9320373535156
"PV","2026-09-09T22:00:00.000000",17.6534900665283
"PV","2026-09-09T23:00:00.000000",17.6925735473633
"PV","2026-09-10T00:00:00.000000",17.7653312683105
"PV","2026-09-10T01:00:00.000000",17.773307800293
"PV","2026-09-10T02:00:00.000000",17.7974662780762
"PV","2026-09-10T03:00:00.000000",17.8545207977295
"PV","2026-09-10T04:00:00.000000",18.0474395751953
"PV","2026-09-10T05:00:00.000000",18.1497764587402
"PV","2026-09-10T06:00:00.000000",18.1360645294189
"PV","2026-09-10T07:00:00.000000",18.1217937469482
"PV","2026-09-10T08:00:00.000000",18.0902233123779
"PV","2026-09-10T09:00:00.000000",17.4972972869873
"PV","2026-09-10T10:00:00.000000",17.0641059875488
"PV","2026-09-10T11:00:00.000000",17.0003871917725
"PV","2026-09-10T12:00:00.000000",16.9976177215576
"PV","2026-09-10T13:00:00.000000",17.0831089019775
"PV","2026-09-10T14:00:00.000000",17.0856475830078
"PV","2026-09-10T15:00:00.000000",17.1428833007812
"PV","2026-09-10T16:00:00.000000",17.2526702880859
"PV","2026-09-10T17:00:00.000000",17.4696598052979
"PV","2026-09-10T18:00:00.000000",17.5824909210205
"PV","2026-09-10T19:00:00.000000",17.6440925598145
"PV","2026-09-10T20:00:00.000000",17.6453266143799
"PV","2026-09-10T21:00:00.000000",17.577938079834
"PV","2026-09-10T22:00:00.000000",16.734504699707
"PV","2026-09-10T23:00:00.000000",16.5027713775635
"PV","2026-09-11T00:00:00.000000",16.4633197784424
"PV","2026-09-11T01:00:00.000000",16.5479488372803
"PV","2026-09-11T02:00:00.000000",16.6412677764893
"PV","2026-09-11T03:00:00.000000",16.7368087768555
"PV","2026-09-11T04:00:00.000000",16.9550857543945
"PV","2026-09-11T05:00:00.000000",17.1634979248047
"PV","2026-09-11T06:00:00.000000",17.328742980957
"PV","2026-09-11T07:00:00.000000",17.3856811523438
"PV","2026-09-11T08:00:00.000000",17.363733291626
"PV","2026-09-11T09:00:00.000000",17.2587223052979
"PV","2026-09-11T10:00:00.000000",16.4385871887207
"PV","2026-09-11T11:00:00.000000",16.0515632629395
"PV","2026-09-11T12:00:00.000000",15.9391298294067
"PV","2026-09-11T13:00:00.000000",15.9406042098999
"PV","2026-09-11T14:00:00.000000",15.9897413253784
"PV","2026-09-11T15:00:00.000000",16.0907688140869
"PV","2026-09-11T16:00:00.000000",16.2912654876709
"PV","2026-09-11T17:00:00.000000",16.5815525054932
"PV","2026-09-11T18:00:00.000000",16.9520225524902
"PV","2026-09-11T19:00:00.000000",17.1402397155762
"PV","2026-09-11T20:00:00.000000",17.1844959259033
"PV","2026-09-11T21:00:00.000000",17.187084197998
"PV","2026-09-11T22:00:00.000000",17.0684585571289
"PV","2026-09-11T23:00:00.000000",16.2522964477539
"PV","2026-09-12T00:00:00.000000",16.0487632751465
"PV","2026-09-12T01:00:00.000000",16.0840435028076
"PV","2026-09-12T02:00:00.000000",16.1903896331787
"PV","2026-09-12T03:00:00.000000",16.3146133422852
"PV","2026-09-12T04:00:00.000000",16.4504165649414
"PV","2026-09-12T05:00:00.000000",16.6590213775635
"PV","2026-09-12T06:00:00.000000",16.8719387054443
"PV","2026-09-12T07:00:00.000000",17.0473728179932
"PV","2026-09-12T08:00:00.000000",17.0518112182617
"PV","2026-09-12T09:00:00.000000",17.0533065795898
"PV","2026-09-12T10:00:00.000000",16.9053630828857
"PV","2026-09-12T11:00:00.000000",16.2212944030762
"PV","2026-09-12T12:00:00.000000",16.0285682678223
"PV","2026-09-12T13:00:00.000000",16.0363025665283
"PV","2026-09-12T14:00:00.000000",16.1306743621826
"PV","2026-09-12T15:00:00.000000",16.3096523284912
"PV","2026-09-12T16:00:00.000000",16.457426071167
"PV","2026-09-12T17:00:00.000000",16.7309951782227
"PV","2026-09-12T18:00:00.000000",17.0399398803711
"PV","2026-09-12T19:00:00.000000",17.3351631164551
"PV","2026-09-12T20:00:00.000000",17.455659866333
"PV","2026-09-12T21:00:00.000000",17.4768581390381
"PV","2026-09-12T22:00:00.000000",17.4977169036865
"PV","2026-09-12T23:00:00.000000",17.7239761352539
"PV","2026-09-13T00:00:00.000000",16.8320178985596
"PV","2026-09-13T01:00:00.000000",16.556957244873
"PV","2026-09-13T02:00:00.000000",16.5542182922363
"PV","2026-09-13T03:00:00.000000",16.6751079559326
"PV","2026-09-13T04:00:00.000000",16.7355842590332
"PV","2026-09-13T05:00:00.000000",16.9002437591553
"PV","2026-09-13T06:00:00.000000",17.135950088501
"PV","2026-09-13T07:00:00.000000",17.3290882110596
"PV","2026-09-13T08:00:00.000000",17.3688659667969
"PV","2026-09-13T09:00:00.000000",17.3034706115723
"PV","2026-09-13T10:00:00.000000",17.2724514007568
"PV","2026-09-13T11:00:00.000000",17.0822658538818
"PV","2026-09-13T12:00:00.000000",16.4143028259277
"PV","2026-09-13T13:00:00.000000",16.2985134124756
"PV","2026-09-13T14:00:00.000000",16.2161178588867
"PV","2026-09-13T15:00:00.000000",16.3553619384766
"PV","2026-09-13T16:00:00.000000",16.4223823547363
"PV","2026-09-13T17:00:00.000000",16.5619010925293
"PV","2026-09-13T18:00:00.000000",16.8195400238037
"PV","2026-09-13T19:00:00.000000",17.0186367034912
"PV","2026-09-13T20:00:00.000000",17.1164131164551
"PV","2026-09-13T21:00:00.000000",17.0672302246094
"PV","2026-09-13T22:00:00.000000",16.9363136291504
"PV","2026-09-13T23:00:00.000000",16.7410469055176
"PV","2026-09-14T00:00:00.000000",15.916166305542
"PV","2026-09-14T01:00:00.000000",15.5823974609375
"PV","2026-09-14T02:00:00.000000",15.6385488510132
"PV","2026-09-14T03:00:00.000000",15.6952409744263
"PV","2026-09-14T04:00:00.000000",15.7873611450195
"PV","2026-09-14T05:00:00.000000",15.8996782302856
"PV","2026-09-14T06:00:00.000000",16.0973243713379
"PV","2026-09-14T07:00:00.000000",16.3086109161377
"PV","2026-09-14T08:00:00.000000",16.5197563171387
"PV","2026-09-14T09:00:00.000000",16.564001083374
"PV","2026-09-14T10:00:00.000000",16.5084762573242
"PV","2026-09-14T11:00:00.000000",16.4434852600098
"PV","2026-09-14T12:00:00.000000",16.0069465637207
"PV","2026-09-14T13:00:00.000000",15.4712972640991
"PV","2026-09-14T14:00:00.000000",15.2969808578491
"PV","2026-09-14T15:00:00.000000",15.2248668670654
"PV","2026-09-14T16:00:00.000000",15.3203353881836
"PV","2026-09-14T17:00:00.000000",15.4097099304199
"PV","2026-09-14T18:00:00.000000",15.6096992492676
"PV","2026-09-14T19:00:00.000000",15.8706188201904
"PV","2026-09-14T20:00:00.000000",16.1764736175537
"PV","2026-09-14T21:00:00.000000",16.3160934448242
"PV","2026-09-14T22:00:00.000000",16.3737716674805
"PV","2026-09-14T23:00:00.000000",16.373685836792
"PV","2026-09-15T00:00:00.000000",16.2900676727295
"PV","2026-09-15T01:00:00.000000",15.6862373352051
"PV","2026-09-15T02:00:00.000000",15.4991121292114
"PV","2026-09-15T03:00:00.000000",15.4372177124023
"PV","2026-09-15T04:00:00.000000",15.4756174087524
"PV","2026-09-15T05:00:00.000000",15.5586376190186
"PV","2026-09-15T06:00:00.000000",15.6526870727539
"PV","2026-09-15T07:00:00.000000",15.8092060089111
"PV","2026-09-15T08:00:00.000000",16.0512199401855
"PV","2026-09-15T09:00:00.000000",16.234899520874
"PV","2026-09-15T10:00:00.000000",16.2620124816895
"PV","2026-09-15T11:00:00.000000",16.2755546569824
"PV","2026-09-15T12:00:00.000000",16.2874870300293
"PV","2026-09-15T13:00:00.000000",16.2120342254639
"PV","2026-09-15T14:00:00.000000",15.9039220809937
"PV","2026-09-15T15:00:00.000000",16.0134105682373
"PV","2026-09-15T16:00:00.000000",16.1994495391846
"PV","2026-09-15T17:00:00.000000",16.3015251159668
"PV","2026-09-15T18:00:00.000000",16.4162635803223
"PV","2026-09-15T19:00:00.000000",16.5568828582764
"PV","2026-09-15T20:00:00.000000",16.7313709259033
"PV","2026-09-15T21:00:00.000000",16.8581504821777
"PV","2026-09-15T22:00:00.000000",16.8806552886963
"PV","2026-09-15T23:00:00.000000",16.8665332794189
"PV","2026-09-16T00:00:00.000000",16.8432025909424
"SH","2026-09-08T00:00:00.000000",18.5852241516113
"SH","2026-09-08T01:00:00.000000",18.5937652587891
"SH","2026-09-08T02:00:00.000000",18.6170196533203
"SH","2026-09-08T03:00:00.000000",18.5792617797852
"SH","2026-09-08T04:00:00.000000",18.4301319122314
"SH","2026-09-08T05:00:00.000000",18.3055667877197
"SH","2026-09-08T06:00:00.000000",18.1900119781494
"SH","2026-09-08T07:00:00.000000",18.1473903656006
"SH","2026-09-08T08:00:00.000000",18.1797962188721
"SH","2026-09-08T09:00:00.000000",18.2481708526611
"SH","2026-09-08T10:00:00.000000",18.0990619659424
"SH","2026-09-08T11:00:00.000000",17.9082813262939
"SH","2026-09-08T12:00:00.000000",17.7962818145752
"SH","2026-09-08T13:00:00.000000",17.7845001220703
"SH","2026-09-08T14:00:00.000000",17.8458290100098
"SH","2026-09-08T15:00:00.000000",18.0616283416748
"SH","2026-09-08T16:00:00.000000",18.2180843353271
"SH","2026-09-08T17:00:00.000000",18.2618751525879
"SH","2026-09-08T18:00:00.000000",18.2813625335693
"SH","2026-09-08T19:00:00.000000",18.2757167816162
"SH","2026-09-08T20:00:00.000000",18.2855224609375
"SH","2026-09-08T21:00:00.000000",18.3641147613525
"SH","2026-09-08T22:00:00.000000",18.4348945617676
"SH","2026-09-08T23:00:00.000000",18.3696994781494
"SH","2026-09-09T00:00:00.000000",18.2509880065918
"SH","2026-09-09T01:00:00.000000",18.2100219726562
"SH","2026-09-09T02:00:00.000000",18.2698211669922
"SH","2026-09-09T03:00:00.000000",18.4605941772461
"SH","2026-09-09T04:00:00.000000",18.5072536468506
"SH","2026-09-09T05:00:00.000000",18.4834156036377
"SH","2026-09-09T06:00:00.000000",18.4555530548096
"SH","2026-09-09T07:00:00.000000",18.4017944335938
"SH","2026-09-09T08:00:00.000000",18.373872756958
"SH","2026-09-09T09:00:00.000000",18.3963775634766
"SH","2026-09-09T10:00:00.000000",18.3207817077637
"SH","2026-09-09T11:00:00.000000",17.9045009613037
"SH","2026-09-09T12:00:00.000000",17.6722106933594
"SH","2026-09-09T13:00:00.000000",17.5177326202393
"SH","2026-09-09T14:00:00.000000",17.4794254302979
"SH","2026-09-09T15:00:00.000000",17.6361541748047
"SH","2026-09-09T16:00:00.000000",17.9878616333008
"SH","2026-09-09T17:00:00.000000",18.1523265838623
"SH","2026-09-09T18:00:00.000000",18.2773838043213
"SH","2026-09-09T19:00:00.000000",18.3942756652832
"SH","2026-09-09T20:00:00.000000",18.4423885345459
"SH","2026-09-09T21:00:00.000000",18.457592010498
"SH","2026-09-09T22:00:00.000000",18.1730880737305
"SH","2026-09-09T23:00:00.000000",17.0949077606201
"SH","2026-09-10T00:00:00.000000",16.6619110107422
"SH","2026-09-10T01:00:00.000000",16.4955310821533
"SH","2026-09-10T02:00:00.000000",16.4292697906494
"SH","2026-09-10T03:00:00.000000",16.4697341918945
"SH","2026-09-10T04:00:00.000000",16.7953224182129
"SH","2026-09-10T05:00:00.000000",17.2302913665771
"SH","2026-09-10T06:00:00.000000",17.6134052276611
"SH","2026-09-10T07:00:00.000000",17.9640884399414
"SH","2026-09-10T08:00:00.000000",18.2349948883057
"SH","2026-09-10T09:00:00.000000",18.3456058502197
"SH","2026-09-10T10:00:00.000000",18.322811126709
"SH","2026-09-10T11:00:00.000000",17.2286472320557
"SH","2026-09-10T12:00:00.000000",15.9590826034546
"SH","2026-09-10T13:00:00.000000",15.7480773925781
"SH","2026-09-10T14:00:00.000000",15.6761789321899
"SH","2026-09-10T15:00:00.000000",15.6588144302368
"SH","2026-09-10T16:00:00.000000",15.710732460022
"SH","2026-09-10T17:00:00.000000",15.9876804351807
"SH","2026-09-10T18:00:00.000000",16.447135925293
"SH","2026-09-10T19:00:00.000000",17.055700302124
"SH","2026-09-10T20:00:00.000000",17.6237373352051
"SH","2026-09-10T21:00:00.000000",18.0079536437988
"SH","2026-09-10T22:00:00.000000",18.0059642791748
"SH","2026-09-10T23:00:00.000000",17.4613132476807
"SH","2026-09-11T00:00:00.000000",16.8601570129395
"SH","2026-09-11T01:00:00.000000",16.7625522613525
"SH","2026-09-11T02:00:00.000000",16.6930809020996
"SH","2026-09-11T03:00:00.000000",16.6625881195068
"SH","2026-09-11T04:00:00.000000",16.7155685424805
"SH","2026-09-11T05:00:00.000000",16.9307823181152
"SH","2026-09-11T06:00:00.000000",17.1681213378906
"SH","2026-09-11T07:00:00.000000",17.3630962371826
"SH","2026-09-11T08:00:00.000000",17.6410026550293
"SH","2026-09-11T09:00:00.000000",17.9271259307861
"SH","2026-09-11T10:00:00.000000",18.0207462310791
"SH","2026-09-11T11:00:00.000000",17.8925971984863
"SH","2026-09-11T12:00:00.000000",17.0867500305176
"SH","2026-09-11T13:00:00.000000",16.8864078521729
"SH","2026-09-11T14:00:00.000000",16.9126129150391
"SH","2026-09-11T15:00:00.000000",16.9531383514404
"SH","2026-09-11T16:00:00.000000",16.9806575775146
"SH","2026-09-11T17:00:00.000000",17.0405025482178
"SH","2026-09-11T18:00:00.000000",17.1423873901367
"SH","2026-09-11T19:00:00.000000",17.2071075439453
"SH","2026-09-11T20:00:00.000000",17.4229373931885
"SH","2026-09-11T21:00:00.000000",17.6434993743896
"SH","2026-09-11T22:00:00.000000",17.8149070739746
"SH","2026-09-11T23:00:00.000000",17.7789440155029
"SH","2026-09-12T00:00:00.000000",17.4776573181152
"SH","2026-09-12T01:00:00.000000",17.3791599273682
"SH","2026-09-12T02:00:00.000000",17.3281803131104
"SH","2026-09-12T03:00:00.000000",17.2338180541992
"SH","2026-09-12T04:00:00.000000",17.162109375
"SH","2026-09-12T05:00:00.000000",17.1585254669189
"SH","2026-09-12T06:00:00.000000",17.1984539031982
"SH","2026-09-12T07:00:00.000000",17.2788925170898
"SH","2026-09-12T08:00:00.000000",17.4528198242188
"SH","2026-09-12T09:00:00.000000",17.610071182251
"SH","2026-09-12T10:00:00.000000",17.7539329528809
"SH","2026-09-12T11:00:00.000000",17.7855644226074
"SH","2026-09-12T12:00:00.000000",17.6340980529785
"SH","2026-09-12T13:00:00.000000",17.1677188873291
"SH","2026-09-12T14:00:00.000000",17.0199222564697
"SH","2026-09-12T15:00:00.000000",16.9772071838379
"SH","2026-09-12T16:00:00.000000",16.9385108947754
"SH","2026-09-12T17:00:00.000000",16.9852561950684
"SH","2026-09-12T18:00:00.000000",17.1237545013428
"SH","2026-09-12T19:00:00.000000",17.2577972412109
"SH","2026-09-12T20:00:00.000000",17.3326835632324
"SH","2026-09-12T21:00:00.000000",17.5012302398682
"SH","2026-09-12T22:00:00.000000",17.6609382629395
"SH","2026-09-12T23:00:00.000000",17.762659072876
"SH","2026-09-13T00:00:00.000000",17.7207794189453
"SH","2026-09-13T01:00:00.000000",17.1552429199219
"SH","2026-09-13T02:00:00.000000",16.6478404998779
"SH","2026-09-13T03:00:00.000000",16.5167922973633
"SH","2026-09-13T04:00:00.000000",16.450984954834
"SH","2026-09-13T05:00:00.000000",16.4530296325684
"SH","2026-09-13T06:00:00.000000",16.5402526855469
"SH","2026-09-13T07:00:00.000000",16.7513961791992
"SH","2026-09-13T08:00:00.000000",16.8802242279053
"SH","2026-09-13T09:00:00.000000",17.1413383483887
"SH","2026-09-13T10:00:00.000000",17.3378658294678
"SH","2026-09-13T11:00:00.000000",17.4796524047852
"SH","2026-09-13T12:00:00.000000",17.2687473297119
"SH","2026-09-13T13:00:00.000000",16.7138824462891
"SH","2026-09-13T14:00:00.000000",16.0573062896729
"SH","2026-09-13T15:00:00.000000",15.8420839309692
"SH","2026-09-13T16:00:00.000000",15.7701511383057
"SH","2026-09-13T17:00:00.000000",15.7571353912354
"SH","2026-09-13T18:00:00.000000",15.8265790939331
"SH","2026-09-13T19:00:00.000000",16.0380935668945
"SH","2026-09-13T20:00:00.000000",16.3376598358154
"SH","2026-09-13T21:00:00.000000",16.630199432373
"SH","2026-09-13T22:00:00.000000",16.9363307952881
"SH","2026-09-13T23:00:00.000000",17.2417278289795
"SH","2026-09-14T00:00:00.000000",17.3424758911133
"SH","2026-09-14T01:00:00.000000",17.1340084075928
"SH","2026-09-14T02:00:00.000000",15.8744316101074
"SH","2026-09-14T03:00:00.000000",15.2132253646851
"SH","2026-09-14T04:00:00.000000",15.0720176696777
"SH","2026-09-14T05:00:00.000000",14.990795135498
"SH","2026-09-14T06:00:00.000000",14.973180770874
"SH","2026-09-14T07:00:00.000000",15.0367851257324
"SH","2026-09-14T08:00:00.000000",15.4459705352783
"SH","2026-09-14T09:00:00.000000",15.9074239730835
"SH","2026-09-14T10:00:00.000000",16.3359928131104
"SH","2026-09-14T11:00:00.000000",16.7029304504395
"SH","2026-09-14T12:00:00.000000",16.9579849243164
"SH","2026-09-14T13:00:00.000000",16.7967662811279
"SH","2026-09-14T14:00:00.000000",15.8972682952881
"SH","2026-09-14T15:00:00.000000",15.4926652908325
"SH","2026-09-14T16:00:00.000000",15.4619798660278
"SH","2026-09-14T17:00:00.000000",15.448073387146
"SH","2026-09-14T18:00:00.000000",15.456958770752
"SH","2026-09-14T19:00:00.000000",15.491641998291
"SH","2026-09-14T20:00:00.000000",15.6073226928711
"SH","2026-09-14T21:00:00.000000",15.8462686538696
"SH","2026-09-14T22:00:00.000000",16.2802181243896
"SH","2026-09-14T23:00:00.000000",16.6425304412842
"SH","2026-09-15T00:00:00.000000",16.9622535705566
"SH","2026-09-15T01:00:00.000000",16.9767971038818
"SH","2026-09-15T02:00:00.000000",16.5886573791504
"SH","2026-09-15T03:00:00.000000",16.34299659729
"SH","2026-09-15T04:00:00.000000",16.3296566009521
"SH","2026-09-15T05:00:00.000000",16.3360271453857
"SH","2026-09-15T06:00:00.000000",16.3400554656982
"SH","2026-09-15T07:00:00.000000",16.3703956604004
"SH","2026-09-15T08:00:00.000000",16.4290676116943
"SH","2026-09-15T09:00:00.000000",16.4602832794189
"SH","2026-09-15T10:00:00.000000",16.5094623565674
"SH","2026-09-15T11:00:00.000000",16.6219806671143
"SH","2026-09-15T12:00:00.000000",16.7254772186279
"SH","2026-09-15T13:00:00.000000",16.7350406646729
"SH","2026-09-15T14:00:00.000000",16.7176151275635
"SH","2026-09-15T15:00:00.000000",16.9810180664062
"SH","2026-09-15T16:00:00.000000",17.1457748413086
"SH","2026-09-15T17:00:00.000000",17.1376190185547
"SH","2026-09-15T18:00:00.000000",17.1114101409912
"SH","2026-09-15T19:00:00.000000",17.1621227264404
"SH","2026-09-15T20:00:00.000000",17.3223133087158
"SH","2026-09-15T21:00:00.000000",17.3453712463379
"SH","2026-09-15T22:00:00.000000",17.1852989196777
"SH","2026-09-15T23:00:00.000000",17.1017112731934
"SH","2026-09-16T00:00:00.000000",17.1119995117188
"WB","2026-09-08T00:00:00.000000",17.7849502563477
"WB","2026-09-08T01:00:00.000000",17.7930946350098
"WB","2026-09-08T02:00:00.000000",17.8286819458008
"WB","2026-09-08T03:00:00.000000",17.8731746673584
"WB","2026-09-08T04:00:00.000000",17.8860130310059
"WB","2026-09-08T05:00:00.000000",17.8869762420654
"WB","2026-09-08T06:00:00.000000",17.8765869140625
"WB","2026-09-08T07:00:00.000000",17.8585033416748
"WB","2026-09-08T08:00:00.000000",17.8376979827881
"WB","2026-09-08T09:00:00.000000",17.8079643249512
"WB","2026-09-08T10:00:00.000000",17.7629470825195
"WB","2026-09-08T11:00:00.000000",17.7208709716797
"WB","2026-09-08T12:00:00.000000",17.6863956451416
"WB","2026-09-08T13:00:00.000000",17.6716079711914
"WB","2026-09-08T14:00:00.000000",17.6890830993652
"WB","2026-09-08T15:00:00.000000",17.7482147216797
"WB","2026-09-08T16:00:00.000000",17.808012008667
"WB","2026-09-08T17:00:00.000000",17.8789672851562
"WB","2026-09-08T18:00:00.000000",17.9370403289795
"WB","2026-09-08T19:00:00.000000",17.9725036621094
"WB","2026-09-08T20:00:00.000000",17.9810371398926
"WB","2026-09-08T21:00:00.000000",17.971607208252
"WB","2026-09-08T22:00:00.000000",17.9601974487305
"WB","2026-09-08T23:00:00.000000",17.9933738708496
"WB","2026-09-09T00:00:00.000000",18.0511417388916
"WB","2026-09-09T01:00:00.000000",18.1026000976562
"WB","2026-09-09T02:00:00.000000",18.1388702392578
"WB","2026-09-09T03:00:00.000000",18.1593227386475
"WB","2026-09-09T04:00:00.000000",18.1715507507324
"WB","2026-09-09T05:00:00.000000",18.1830501556396
"WB","2026-09-09T06:00:00.000000",18.1919689178467
"WB","2026-09-09T07:00:00.000000",18.1977977752686
"WB","2026-09-09T08:00:00.000000",18.1831912994385
"WB","2026-09-09T09:00:00.000000",18.1862545013428
"WB","2026-09-09T10:00:00.000000",18.1863021850586
"WB","2026-09-09T11:00:00.000000",18.1901359558105
"WB","2026-09-09T12:00:00.000000",18.2120609283447
"WB","2026-09-09T13:00:00.000000",18.2537937164307
"WB","2026-09-09T14:00:00.000000",18.3080062866211
"WB","2026-09-09T15:00:00.000000",18.3422813415527
"WB","2026-09-09T16:00:00.000000",18.3527698516846
"WB","2026-09-09T17:00:00.000000",18.3462238311768
"WB","2026-09-09T18:00:00.000000",18.3465118408203
"WB","2026-09-09T19:00:00.000000",18.3522300720215
"WB","2026-09-09T20:00:00.000000",18.3513221740723
"WB","2026-09-09T21:00:00.000000",18.3473129272461
"WB","2026-09-09T22:00:00.000000",18.3789482116699
"WB","2026-09-09T23:00:00.000000",18.4057292938232
"WB","2026-09-10T00:00:00.000000",18.4163379669189
"WB","2026-09-10T01:00:00.000000",18.4185333251953
"WB","2026-09-10T02:00:00.000000",18.4215869903564
"WB","2026-09-10T03:00:00.000000",18.4238395690918
"WB","2026-09-10T04:00:00.000000",18.4287967681885
"WB","2026-09-10T05:00:00.000000",18.4344673156738
"WB","2026-09-10T06:00:00.000000",18.4382972717285
"WB","2026-09-10T07:00:00.000000",18.4424076080322
"WB","2026-09-10T08:00:00.000000",18.4431571960449
"WB","2026-09-10T09:00:00.000000",18.4362926483154
"WB","2026-09-10T10:00:00.000000",18.4206390380859
"WB","2026-09-10T11:00:00.000000",18.4040012359619
"WB","2026-09-10T12:00:00.000000",18.3675212860107
"WB","2026-09-10T13:00:00.000000",18.2743854522705
"WB","2026-09-10T14:00:00.000000",18.1821975708008
"WB","2026-09-10T15:00:00.000000",18.1512317657471
"WB","2026-09-10T16:00:00.000000",18.1831302642822
"WB","2026-09-10T17:00:00.000000",18.3098087310791
"WB","2026-09-10T18:00:00.000000",18.4195041656494
"WB","2026-09-10T19:00:00.000000",18.4509258270264
"WB","2026-09-10T20:00:00.000000",18.4613437652588
"WB","2026-09-10T21:00:00.000000",18.4563274383545
"WB","2026-09-10T22:00:00.000000",18.3916873931885
"WB","2026-09-10T23:00:00.000000",18.2214660644531
"WB","2026-09-11T00:00:00.000000",17.9948139190674
"WB","2026-09-11T01:00:00.000000",17.8073120117188
"WB","2026-09-11T02:00:00.000000",17.6894969940186
"WB","2026-09-11T03:00:00.000000",17.6545104980469
"WB","2026-09-11T04:00:00.000000",17.6868438720703
"WB","2026-09-11T05:00:00.000000",17.7651615142822
"WB","2026-09-11T06:00:00.000000",17.7811794281006
"WB","2026-09-11T07:00:00.000000",17.7362422943115
"WB","2026-09-11T08:00:00.000000",17.7147922515869
"WB","2026-09-11T09:00:00.000000",17.6910629272461
"WB","2026-09-11T10:00:00.000000",17.6517066955566
"WB","2026-09-11T11:00:00.000000",17.5661640167236
"WB","2026-09-11T12:00:00.000000",17.3092460632324
"WB","2026-09-11T13:00:00.000000",16.977933883667
"WB","2026-09-11T14:00:00.000000",16.715892791748
"WB","2026-09-11T15:00:00.000000",16.5961666107178
"WB","2026-09-11T16:00:00.000000",16.5767078399658
"WB","2026-09-11T17:00:00.000000",16.6637840270996
"WB","2026-09-11T18:00:00.000000",16.7702159881592
"WB","2026-09-11T19:00:00.000000",16.7886848449707
"WB","2026-09-11T20:00:00.000000",16.7557048797607
"WB","2026-09-11T21:00:00.000000",16.7294960021973
"WB","2026-09-11T22:00:00.000000",16.6807098388672
"WB","2026-09-11T23:00:00.000000",16.5401344299316
"WB","2026-09-12T00:00:00.000000",16.4029941558838
"WB","2026-09-12T01:00:00.000000",16.2934684753418
"WB","2026-09-12T02:00:00.000000",16.2224407196045
"WB","2026-09-12T03:00:00.000000",16.1835422515869
"WB","2026-09-12T04:00:00.000000",16.1739635467529
"WB","2026-09-12T05:00:00.000000",16.2086963653564
"WB","2026-09-12T06:00:00.000000",16.2817211151123
"WB","2026-09-12T07:00:00.000000",16.3844261169434
"WB","2026-09-12T08:00:00.000000",16.4574756622314
"WB","2026-09-12T09:00:00.000000",16.4974346160889
"WB","2026-09-12T10:00:00.000000",16.4901256561279
"WB","2026-09-12T11:00:00.000000",16.4023342132568
"WB","2026-09-12T12:00:00.000000",16.3258628845215
"WB","2026-09-12T13:00:00.000000",16.1940441131592
"WB","2026-09-12T14:00:00.000000",16.1222095489502
"WB","2026-09-12T15:00:00.000000",16.0893650054932
"WB","2026-09-12T16:00:00.000000",16.0835475921631
"WB","2026-09-12T17:00:00.000000",16.0942211151123
"WB","2026-09-12T18:00:00.000000",16.1600151062012
"WB","2026-09-12T19:00:00.000000",16.2318248748779
"WB","2026-09-12T20:00:00.000000",16.2806262969971
"WB","2026-09-12T21:00:00.000000",16.3292751312256
"WB","2026-09-12T22:00:00.000000",16.3857288360596
"WB","2026-09-12T23:00:00.000000",16.3986568450928
"WB","2026-09-13T00:00:00.000000",16.3433570861816
"WB","2026-09-13T01:00:00.000000",16.3183917999268
"WB","2026-09-13T02:00:00.000000",16.3632717132568
"WB","2026-09-13T03:00:00.000000",16.4218368530273
"WB","2026-09-13T04:00:00.000000",16.4821662902832
"WB","2026-09-13T05:00:00.000000",16.5378856658936
"WB","2026-09-13T06:00:00.000000",16.5866527557373
"WB","2026-09-13T07:00:00.000000",16.6484279632568
"WB","2026-09-13T08:00:00.000000",16.7625255584717
"WB","2026-09-13T09:00:00.000000",16.8765316009521
"WB","2026-09-13T10:00:00.000000",16.9760513305664
"WB","2026-09-13T11:00:00.000000",17.0247955322266
"WB","2026-09-13T12:00:00.000000",17.012565612793
"WB","2026-09-13T13:00:00.000000",16.9405498504639
"WB","2026-09-13T14:00:00.000000",16.8722877502441
"WB","2026-09-13T15:00:00.000000",16.8359069824219
"WB","2026-09-13T16:00:00.000000",16.8128509521484
"WB","2026-09-13T17:00:00.000000",16.8163909912109
"WB","2026-09-13T18:00:00.000000",16.8428916931152
"WB","2026-09-13T19:00:00.000000",16.8936805725098
"WB","2026-09-13T20:00:00.000000",16.9555320739746
"WB","2026-09-13T21:00:00.000000",16.9950828552246
"WB","2026-09-13T22:00:00.000000",17.0250663757324
"WB","2026-09-13T23:00:00.000000",17.0309715270996
"WB","2026-09-14T00:00:00.000000",17.0220546722412
"WB","2026-09-14T01:00:00.000000",17.0039939880371
"WB","2026-09-14T02:00:00.000000",16.9543838500977
"WB","2026-09-14T03:00:00.000000",16.8644199371338
"WB","2026-09-14T04:00:00.000000",16.7663707733154
"WB","2026-09-14T05:00:00.000000",16.7186050415039
"WB","2026-09-14T06:00:00.000000",16.723560333252
"WB","2026-09-14T07:00:00.000000",16.7617015838623
"WB","2026-09-14T08:00:00.000000",16.7926502227783
"WB","2026-09-14T09:00:00.000000",16.7929019927979
"WB","2026-09-14T10:00:00.000000",16.7675800323486
"WB","2026-09-14T11:00:00.000000",16.7502670288086
"WB","2026-09-14T12:00:00.000000",16.7233734130859
"WB","2026-09-14T13:00:00.000000",16.6693439483643
"WB","2026-09-14T14:00:00.000000",16.5420837402344
"WB","2026-09-14T15:00:00.000000",16.3183097839355
"WB","2026-09-14T16:00:00.000000",16.1631908416748
"WB","2026-09-14T17:00:00.000000",16.0980758666992
"WB","2026-09-14T18:00:00.000000",16.1224346160889
"WB","2026-09-14T19:00:00.000000",16.2049789428711
"WB","2026-09-14T20:00:00.000000",16.2902736663818
"WB","2026-09-14T21:00:00.000000",16.3059101104736
"WB","2026-09-14T22:00:00.000000",16.2854194641113
"WB","2026-09-14T23:00:00.000000",16.2595081329346
"WB","2026-09-15T00:00:00.000000",16.2330722808838
"WB","2026-09-15T01:00:00.000000",16.185001373291
"WB","2026-09-15T02:00:00.000000",16.105432510376
"WB","2026-09-15T03:00:00.000000",15.972017288208
"WB","2026-09-15T04:00:00.000000",15.8402080535889
"WB","2026-09-15T05:00:00.000000",15.7373495101929
"WB","2026-09-15T06:00:00.000000",15.7005128860474
"WB","2026-09-15T07:00:00.000000",15.7092456817627
"WB","2026-09-15T08:00:00.000000",15.7698812484741
"WB","2026-09-15T09:00:00.000000",15.8186473846436
"WB","2026-09-15T10:00:00.000000",15.8422689437866
"WB","2026-09-15T11:00:00.000000",15.8489055633545
"WB","2026-09-15T12:00:00.000000",15.8444900512695
"WB","2026-09-15T13:00:00.000000",15.8167858123779
"WB","2026-09-15T14:00:00.000000",15.7830638885498
"WB","2026-09-15T15:00:00.000000",15.6161909103394
"WB","2026-09-15T16:00:00.000000",15.5222129821777
"WB","2026-09-15T17:00:00.000000",15.4969043731689
"WB","2026-09-15T18:00:00.000000",15.5173654556274
"WB","2026-09-15T19:00:00.000000",15.5641441345215
"WB","2026-09-15T20:00:00.000000",15.6064624786377
"WB","2026-09-15T21:00:00.000000",15.6429262161255
"WB","2026-09-15T22:00:00.000000",15.6801223754883
"WB","2026-09-15T23:00:00.000000",15.7177743911743
"WB","2026-09-16T00:00:00.000000",15.7652215957642
"CL","2026-09-08T00:00:00.000000",21.0075931549072
"CL","2026-09-08T01:00:00.000000",21.0113201141357
"CL","2026-09-08T02:00:00.000000",21.0052852630615
"CL","2026-09-08T03:00:00.000000",20.971061706543
"CL","2026-09-08T04:00:00.000000",20.9353561401367
"CL","2026-09-08T05:00:00.000000",20.9088153839111
"CL","2026-09-08T06:00:00.000000",20.9262428283691
"CL","2026-09-08T07:00:00.000000",20.9553604125977
"CL","2026-09-08T08:00:00.000000",20.9346389770508
"CL","2026-09-08T09:00:00.000000",20.9200706481934
"CL","2026-09-08T10:00:00.000000",20.9171733856201
"CL","2026-09-08T11:00:00.000000",20.9155654907227
"CL","2026-09-08T12:00:00.000000",20.9143238067627
"CL","2026-09-08T13:00:00.000000",20.9254493713379
"CL","2026-09-08T14:00:00.000000",20.9183654785156
"CL","2026-09-08T15:00:00.000000",20.9036769866943
"CL","2026-09-08T16:00:00.000000",20.9025783538818
"CL","2026-09-08T17:00:00.000000",20.9076099395752
"CL","2026-09-08T18:00:00.000000",20.9199771881104
"CL","2026-09-08T19:00:00.000000",20.9054393768311
"CL","2026-09-08T20:00:00.000000",20.9098873138428
"CL","2026-09-08T21:00:00.000000",20.9191379547119
"CL","2026-09-08T22:00:00.000000",20.9328918457031
"CL","2026-09-08T23:00:00.000000",20.9390773773193
"CL","2026-09-09T00:00:00.000000",20.9316463470459
"CL","2026-09-09T01:00:00.000000",20.9147167205811
"CL","2026-09-09T02:00:00.000000",20.9064521789551
"CL","2026-09-09T03:00:00.000000",20.9027557373047
"CL","2026-09-09T04:00:00.000000",20.8981380462646
"CL","2026-09-09T05:00:00.000000",20.8909568786621
"CL","2026-09-09T06:00:00.000000",20.8841876983643
"CL","2026-09-09T07:00:00.000000",20.8975124359131
"CL","2026-09-09T08:00:00.000000",20.8956565856934
"CL","2026-09-09T09:00:00.000000",20.8873348236084
"CL","2026-09-09T10:00:00.000000",20.8858337402344
"CL","2026-09-09T11:00:00.000000",20.8890609741211
"CL","2026-09-09T12:00:00.000000",20.885082244873
"CL","2026-09-09T13:00:00.000000",20.8853302001953
"CL","2026-09-09T14:00:00.000000",20.8937225341797
"CL","2026-09-09T15:00:00.000000",20.89963722229
"CL","2026-09-09T16:00:00.000000",20.901065826416
"CL","2026-09-09T17:00:00.000000",20.9045219421387
"CL","2026-09-09T18:00:00.000000",20.9074153900146
"CL","2026-09-09T19:00:00.000000",20.8992919921875
"CL","2026-09-09T20:00:00.000000",20.8867111206055
"CL","2026-09-09T21:00:00.000000",20.8902149200439
"CL","2026-09-09T22:00:00.000000",20.8976974487305
"CL","2026-09-09T23:00:00.000000",20.8997993469238
"CL","2026-09-10T00:00:00.000000",20.8998031616211
"CL","2026-09-10T01:00:00.000000",20.8963012695312
"CL","2026-09-10T02:00:00.000000",20.8916625976562
"CL","2026-09-10T03:00:00.000000",20.8898601531982
"CL","2026-09-10T04:00:00.000000",20.8971061706543
"CL","2026-09-10T05:00:00.000000",20.9012203216553
"CL","2026-09-10T06:00:00.000000",20.9018173217773
"CL","2026-09-10T07:00:00.000000",20.9014873504639
"CL","2026-09-10T08:00:00.000000",20.8974876403809
"CL","2026-09-10T09:00:00.000000",20.8881397247314
"CL","2026-09-10T10:00:00.000000",20.8747425079346
"CL","2026-09-10T11:00:00.000000",20.8731689453125
"CL","2026-09-10T12:00:00.000000",20.8783760070801
"CL","2026-09-10T13:00:00.000000",20.8752670288086
"CL","2026-09-10T14:00:00.000000",20.882381439209
"CL","2026-09-10T15:00:00.000000",20.9038848876953
"CL","2026-09-10T16:00:00.000000",20.9170894622803
"CL","2026-09-10T17:00:00.000000",20.9195747375488
"CL","2026-09-10T18:00:00.000000",20.9238014221191
"CL","2026-09-10T19:00:00.000000",20.9282474517822
"CL","2026-09-10T20:00:00.000000",20.9248523712158
"CL","2026-09-10T21:00:00.000000",20.8767948150635
"CL","2026-09-10T22:00:00.000000",20.8445110321045
"CL","2026-09-10T23:00:00.000000",20.8782138824463
"CL","2026-09-11T00:00:00.000000",20.9147930145264
"CL","2026-09-11T01:00:00.000000",20.9170742034912
"CL","2026-09-11T02:00:00.000000",20.8913707733154
"CL","2026-09-11T03:00:00.000000",20.8547916412354
"CL","2026-09-11T04:00:00.000000",20.8773136138916
"CL","2026-09-11T05:00:00.000000",20.9052295684814
"CL","2026-09-11T06:00:00.000000",20.9072341918945
"CL","2026-09-11T07:00:00.000000",20.9057636260986
"CL","2026-09-11T08:00:00.000000",20.9049415588379
"CL","2026-09-11T09:00:00.000000",20.4265480041504
"CL","2026-09-11T10:00:00.000000",20.2533683776855
"CL","2026-09-11T11:00:00.000000",20.1907482147217
"CL","2026-09-11T12:00:00.000000",20.1440696716309
"CL","2026-09-11T13:00:00.000000",20.1434764862061
"CL","2026-09-11T14:00:00.000000",20.2131462097168
"CL","2026-09-11T15:00:00.000000",20.2642993927002
"CL","2026-09-11T16:00:00.000000",20.4628372192383
"CL","2026-09-11T17:00:00.000000",20.722297668457
"CL","2026-09-11T18:00:00.000000",20.7461547851562
"CL","2026-09-11T19:00:00.000000",20.7591533660889
"CL","2026-09-11T20:00:00.000000",20.7311134338379
"CL","2026-09-11T21:00:00.000000",20.5161590576172
"CL","2026-09-11T22:00:00.000000",20.4068069458008
"CL","2026-09-11T23:00:00.000000",20.4313907623291
"CL","2026-09-12T00:00:00.000000",20.4204063415527
"CL","2026-09-12T01:00:00.000000",20.4060077667236
"CL","2026-09-12T02:00:00.000000",20.4095039367676
"CL","2026-09-12T03:00:00.000000",20.4160785675049
"CL","2026-09-12T04:00:00.000000",20.414867401123
"CL","2026-09-12T05:00:00.000000",20.4373111724854
"CL","2026-09-12T06:00:00.000000",20.5341987609863
"CL","2026-09-12T07:00:00.000000",20.580005645752
"CL","2026-09-12T08:00:00.000000",20.6102867126465
"CL","2026-09-12T09:00:00.000000",20.5300064086914
"CL","2026-09-12T10:00:00.000000",20.4866771697998
"CL","2026-09-12T11:00:00.000000",20.4736862182617
"CL","2026-09-12T12:00:00.000000",20.4699535369873
"CL","2026-09-12T13:00:00.000000",20.4754619598389
"CL","2026-09-12T14:00:00.000000",20.4810256958008
"CL","2026-09-12T15:00:00.000000",20.4893894195557
"CL","2026-09-12T16:00:00.000000",20.4992122650146
"CL","2026-09-12T17:00:00.000000",20.5193462371826
"CL","2026-09-12T18:00:00.000000",20.5773983001709
"CL","2026-09-12T19:00:00.000000",20.6097717285156
"CL","2026-09-12T20:00:00.000000",20.6400032043457
"CL","2026-09-12T21:00:00.000000",20.6350440979004
"CL","2026-09-12T22:00:00.000000",20.5419750213623
"CL","2026-09-12T23:00:00.000000",20.5564155578613
"CL","2026-09-13T00:00:00.000000",20.5614490509033
"CL","2026-09-13T01:00:00.000000",20.5569229125977
"CL","2026-09-13T02:00:00.000000",20.5529937744141
"CL","2026-09-13T03:00:00.000000",20.5542659759521
"CL","2026-09-13T04:00:00.000000",20.5551567077637
"CL","2026-09-13T05:00:00.000000",20.5509262084961
"CL","2026-09-13T06:00:00.000000",20.5557060241699
"CL","2026-09-13T07:00:00.000000",20.5684432983398
"CL","2026-09-13T08:00:00.000000",20.5703048706055
"CL","2026-09-13T09:00:00.000000",20.5791301727295
"CL","2026-09-13T10:00:00.000000",20.557165145874
"CL","2026-09-13T11:00:00.000000",20.5515575408936
"CL","2026-09-13T12:00:00.000000",20.5429191589355
"CL","2026-09-13T13:00:00.000000",20.5198154449463
"CL","2026-09-13T14:00:00.000000",20.5076999664307
"CL","2026-09-13T15:00:00.000000",20.4729042053223
"CL","2026-09-13T16:00:00.000000",20.4365711212158
"CL","2026-09-13T17:00:00.000000",20.4450817108154
"CL","2026-09-13T18:00:00.000000",20.4333724975586
"CL","2026-09-13T19:00:00.000000",20.4299430847168
"CL","2026-09-13T20:00:00.000000",20.4380798339844
"CL","2026-09-13T21:00:00.000000",20.4547958374023
"CL","2026-09-13T22:00:00.000000",20.4406394958496
"CL","2026-09-13T23:00:00.000000",20.4557456970215
"CL","2026-09-14T00:00:00.000000",20.4639320373535
"CL","2026-09-14T01:00:00.000000",20.4690456390381
"CL","2026-09-14T02:00:00.000000",20.472375869751
"CL","2026-09-14T03:00:00.000000",20.4711837768555
"CL","2026-09-14T04:00:00.000000",20.4662284851074
"CL","2026-09-14T05:00:00.000000",20.460355758667
"CL","2026-09-14T06:00:00.000000",20.4524745941162
"CL","2026-09-14T07:00:00.000000",20.4575977325439
"CL","2026-09-14T08:00:00.000000",20.4646987915039
"CL","2026-09-14T09:00:00.000000",20.4696674346924
"CL","2026-09-14T10:00:00.000000",20.4649105072021
"CL","2026-09-14T11:00:00.000000",20.4873561859131
"CL","2026-09-14T12:00:00.000000",20.4918384552002
"CL","2026-09-14T13:00:00.000000",20.4982070922852
"CL","2026-09-14T14:00:00.000000",20.5081539154053
"CL","2026-09-14T15:00:00.000000",20.5164127349854
"CL","2026-09-14T16:00:00.000000",20.518138885498
"CL","2026-09-14T17:00:00.000000",20.5246677398682
"CL","2026-09-14T18:00:00.000000",20.5211200714111
"CL","2026-09-14T19:00:00.000000",20.5158061981201
"CL","2026-09-14T20:00:00.000000",20.515344619751
"CL","2026-09-14T21:00:00.000000",20.515417098999
"CL","2026-09-14T22:00:00.000000",20.5148868560791
"CL","2026-09-14T23:00:00.000000",20.5520839691162
"CL","2026-09-15T00:00:00.000000",20.5752124786377
"CL","2026-09-15T01:00:00.000000",20.5916595458984
"CL","2026-09-15T02:00:00.000000",20.5975875854492
"CL","2026-09-15T03:00:00.000000",20.6029720306396
"CL","2026-09-15T04:00:00.000000",20.5958213806152
"CL","2026-09-15T05:00:00.000000",20.5737075805664
"CL","2026-09-15T06:00:00.000000",20.5542984008789
"CL","2026-09-15T07:00:00.000000",20.5111312866211
"CL","2026-09-15T08:00:00.000000",20.4968776702881
"CL","2026-09-15T09:00:00.000000",20.4940090179443
"CL","2026-09-15T10:00:00.000000",20.4884052276611
"CL","2026-09-15T11:00:00.000000",20.5868988037109
"CL","2026-09-15T12:00:00.000000",20.6394557952881
"CL","2026-09-15T13:00:00.000000",20.6427841186523
"CL","2026-09-15T14:00:00.000000",20.6427841186523
"CL","2026-09-15T15:00:00.000000",20.6477298736572
"CL","2026-09-15T16:00:00.000000",20.6545352935791
"CL","2026-09-15T17:00:00.000000",20.660083770752
"CL","2026-09-15T18:00:00.000000",20.6757793426514
"CL","2026-09-15T19:00:00.000000",20.6724700927734
"CL","2026-09-15T20:00:00.000000",20.6605205535889
"CL","2026-09-15T21:00:00.000000",20.6646842956543
"CL","2026-09-15T22:00:00.000000",20.6429462432861
"CL","2026-09-15T23:00:00.000000",20.6479969024658
"CL","2026-09-16T00:00:00.000000",20.7760753631592
"FG","2026-09-08T00:00:00.000000",21.7276420593262
"FG","2026-09-08T01:00:00.000000",21.7868843078613
"FG","2026-09-08T02:00:00.000000",21.8229675292969
"FG","2026-09-08T03:00:00.000000",21.7529239654541
"FG","2026-09-08T04:00:00.000000",21.7250747680664
"FG","2026-09-08T05:00:00.000000",21.6405448913574
"FG","2026-09-08T06:00:00.000000",21.5745944976807
"FG","2026-09-08T07:00:00.000000",21.4274711608887
"FG","2026-09-08T08:00:00.000000",21.3359813690186
"FG","2026-09-08T09:00:00.000000",21.3581867218018
"FG","2026-09-08T10:00:00.000000",21.5030040740967
"FG","2026-09-08T11:00:00.000000",21.6330699920654
"FG","2026-09-08T12:00:00.000000",21.6187553405762
"FG","2026-09-08T13:00:00.000000",21.6871871948242
"FG","2026-09-08T14:00:00.000000",21.740421295166
"FG","2026-09-08T15:00:00.000000",21.5217819213867
"FG","2026-09-08T16:00:00.000000",21.4602584838867
"FG","2026-09-08T17:00:00.000000",21.5673599243164
"FG","2026-09-08T18:00:00.000000",21.5297908782959
"FG","2026-09-08T19:00:00.000000",21.5124416351318
"FG","2026-09-08T20:00:00.000000",21.3282260894775
"FG","2026-09-08T21:00:00.000000",21.3551120758057
"FG","2026-09-08T22:00:00.000000",21.3282012939453
"FG","2026-09-08T23:00:00.000000",21.5338802337646
"FG","2026-09-09T00:00:00.000000",21.6020965576172
"FG","2026-09-09T01:00:00.000000",21.6546306610107
"FG","2026-09-09T02:00:00.000000",21.6981544494629
"FG","2026-09-09T03:00:00.000000",21.7313327789307
"FG","2026-09-09T04:00:00.000000",21.7216930389404
"FG","2026-09-09T05:00:00.000000",21.5485820770264
"FG","2026-09-09T06:00:00.000000",21.653003692627
"FG","2026-09-09T07:00:00.000000",21.4463119506836
"FG","2026-09-09T08:00:00.000000",21.3302135467529
"FG","2026-09-09T09:00:00.000000",21.2359714508057
"FG","2026-09-09T10:00:00.000000",21.2893486022949
"FG","2026-09-09T11:00:00.000000",21.4375190734863
"FG","2026-09-09T12:00:00.000000",21.5484504699707
"FG","2026-09-09T13:00:00.000000",21.5596771240234
"FG","2026-09-09T14:00:00.000000",21.6241588592529
"FG","2026-09-09T15:00:00.000000",21.6679496765137
"FG","2026-09-09T16:00:00.000000",21.6507530212402
"FG","2026-09-09T17:00:00.000000",21.4503688812256
"FG","2026-09-09T18:00:00.000000",21.5030632019043
"FG","2026-09-09T19:00:00.000000",21.5727100372314
"FG","2026-09-09T20:00:00.000000",21.594259262085
"FG","2026-09-09T21:00:00.000000",21.5076236724854
"FG","2026-09-09T22:00:00.000000",21.4781017303467
"FG","2026-09-09T23:00:00.000000",21.4806079864502
"FG","2026-09-10T00:00:00.000000",21.6074333190918
"FG","2026-09-10T01:00:00.000000",21.6307773590088
"FG","2026-09-10T02:00:00.000000",21.6513576507568
"FG","2026-09-10T03:00:00.000000",21.6816120147705
"FG","2026-09-10T04:00:00.000000",21.7059230804443
"FG","2026-09-10T05:00:00.000000",21.5921459197998
"FG","2026-09-10T06:00:00.000000",21.4976139068604
"FG","2026-09-10T07:00:00.000000",21.5912418365479
"FG","2026-09-10T08:00:00.000000",21.5147094726562
"FG","2026-09-10T09:00:00.000000",21.5116214752197
"FG","2026-09-10T10:00:00.000000",21.4195594787598
"FG","2026-09-10T11:00:00.000000",21.4725475311279
"FG","2026-09-10T12:00:00.000000",21.5463008880615
"FG","2026-09-10T13:00:00.000000",21.5938930511475
"FG","2026-09-10T14:00:00.000000",21.5988845825195
"FG","2026-09-10T15:00:00.000000",21.6504459381104
"FG","2026-09-10T16:00:00.000000",21.7203426361084
"FG","2026-09-10T17:00:00.000000",21.6863098144531
"FG","2026-09-10T18:00:00.000000",21.568567276001
"FG","2026-09-10T19:00:00.000000",21.64035987854
"FG","2026-09-10T20:00:00.000000",21.6821842193604
"FG","2026-09-10T21:00:00.000000",21.6147308349609
"FG","2026-09-10T22:00:00.000000",21.4583492279053
"FG","2026-09-10T23:00:00.000000",21.4311084747314
"FG","2026-09-11T00:00:00.000000",21.4193458557129
"FG","2026-09-11T01:00:00.000000",21.6067981719971
"FG","2026-09-11T02:00:00.000000",21.683708190918
"FG","2026-09-11T03:00:00.000000",21.744535446167
"FG","2026-09-11T04:00:00.000000",21.7900047302246
"FG","2026-09-11T05:00:00.000000",21.784704208374
"FG","2026-09-11T06:00:00.000000",21.5779647827148
"FG","2026-09-11T07:00:00.000000",21.5289115905762
"FG","2026-09-11T08:00:00.000000",21.5935955047607
"FG","2026-09-11T09:00:00.000000",21.4584102630615
"FG","2026-09-11T10:00:00.000000",21.1489086151123
"FG","2026-09-11T11:00:00.000000",21.1488590240479
"FG","2026-09-11T12:00:00.000000",21.2152366638184
"FG","2026-09-11T13:00:00.000000",21.4925155639648
"FG","2026-09-11T14:00:00.000000",21.6047878265381
"FG","2026-09-11T15:00:00.000000",21.7211513519287
"FG","2026-09-11T16:00:00.000000",21.7851009368896
"FG","2026-09-11T17:00:00.000000",21.8615493774414
"FG","2026-09-11T18:00:00.000000",21.5578689575195
"FG","2026-09-11T19:00:00.000000",21.4990005493164
"FG","2026-09-11T20:00:00.000000",21.5414257049561
"FG","2026-09-11T21:00:00.000000",21.4990730285645
"FG","2026-09-11T22:00:00.000000",21.2990531921387
"FG","2026-09-11T23:00:00.000000",21.2858905792236
"FG","2026-09-12T00:00:00.000000",21.3066234588623
"FG","2026-09-12T01:00:00.000000",21.3898162841797
"FG","2026-09-12T02:00:00.000000",21.5777912139893
"FG","2026-09-12T03:00:00.000000",21.5997619628906
"FG","2026-09-12T04:00:00.000000",21.699462890625
"FG","2026-09-12T05:00:00.000000",21.7738018035889
"FG","2026-09-12T06:00:00.000000",21.702657699585
"FG","2026-09-12T07:00:00.000000",21.3382244110107
"FG","2026-09-12T08:00:00.000000",21.4547519683838
"FG","2026-09-12T09:00:00.000000",21.4319953918457
"FG","2026-09-12T10:00:00.000000",21.275671005249
"FG","2026-09-12T11:00:00.000000",20.9419002532959
"FG","2026-09-12T12:00:00.000000",21.0456600189209
"FG","2026-09-12T13:00:00.000000",21.0587253570557
"FG","2026-09-12T14:00:00.000000",21.3880748748779
"FG","2026-09-12T15:00:00.000000",21.4585056304932
"FG","2026-09-12T16:00:00.000000",21.609546661377
"FG","2026-09-12T17:00:00.000000",21.7167873382568
"FG","2026-09-12T18:00:00.000000",21.7817268371582
"FG","2026-09-12T19:00:00.000000",21.3234252929688
"FG","2026-09-12T20:00:00.000000",21.4192352294922
"FG","2026-09-12T21:00:00.000000",21.5106754302979
"FG","2026-09-12T22:00:00.000000",21.4601078033447
"FG","2026-09-12T23:00:00.000000",21.2845306396484
"FG","2026-09-13T00:00:00.000000",21.1134738922119
"FG","2026-09-13T01:00:00.000000",21.2704200744629
"FG","2026-09-13T02:00:00.000000",21.4607124328613
"FG","2026-09-13T03:00:00.000000",21.5017890930176
"FG","2026-09-13T04:00:00.000000",21.5348281860352
"FG","2026-09-13T05:00:00.000000",21.6398811340332
"FG","2026-09-13T06:00:00.000000",21.720157623291
"FG","2026-09-13T07:00:00.000000",21.4332466125488
"FG","2026-09-13T08:00:00.000000",21.3037281036377
"FG","2026-09-13T09:00:00.000000",21.4562549591064
"FG","2026-09-13T10:00:00.000000",21.4250946044922
"FG","2026-09-13T11:00:00.000000",21.1987991333008
"FG","2026-09-13T12:00:00.000000",20.9953022003174
"FG","2026-09-13T13:00:00.000000",21.2001686096191
"FG","2026-09-13T14:00:00.000000",21.2384815216064
"FG","2026-09-13T15:00:00.000000",21.3242778778076
"FG","2026-09-13T16:00:00.000000",21.3375377655029
"FG","2026-09-13T17:00:00.000000",21.4400424957275
"FG","2026-09-13T18:00:00.000000",21.5286560058594
"FG","2026-09-13T19:00:00.000000",21.5317344665527
"FG","2026-09-13T20:00:00.000000",21.2965049743652
"FG","2026-09-13T21:00:00.000000",21.3821086883545
"FG","2026-09-13T22:00:00.000000",21.3947772979736
"FG","2026-09-13T23:00:00.000000",21.3031806945801
"FG","2026-09-14T00:00:00.000000",21.2425956726074
"FG","2026-09-14T01:00:00.000000",21.2100429534912
"FG","2026-09-14T02:00:00.000000",21.3073711395264
"FG","2026-09-14T03:00:00.000000",21.4564914703369
"FG","2026-09-14T04:00:00.000000",21.4117774963379
"FG","2026-09-14T05:00:00.000000",21.4869232177734
"FG","2026-09-14T06:00:00.000000",21.5580577850342
"FG","2026-09-14T07:00:00.000000",21.6593246459961
"FG","2026-09-14T08:00:00.000000",21.3265438079834
"FG","2026-09-14T09:00:00.000000",21.3107852935791
"FG","2026-09-14T10:00:00.000000",21.4348640441895
"FG","2026-09-14T11:00:00.000000",21.2900409698486
"FG","2026-09-14T12:00:00.000000",21.2107543945312
"FG","2026-09-14T13:00:00.000000",21.1771907806396
"FG","2026-09-14T14:00:00.000000",21.2534847259521
"FG","2026-09-14T15:00:00.000000",21.4617958068848
"FG","2026-09-14T16:00:00.000000",21.4956836700439
"FG","2026-09-14T17:00:00.000000",21.5790462493896
"FG","2026-09-14T18:00:00.000000",21.6723289489746
"FG","2026-09-14T19:00:00.000000",21.7476596832275
"FG","2026-09-14T20:00:00.000000",21.4415092468262
"FG","2026-09-14T21:00:00.000000",21.3177604675293
"FG","2026-09-14T22:00:00.000000",21.5684280395508
"FG","2026-09-14T23:00:00.000000",21.3761157989502
"FG","2026-09-15T00:00:00.000000",21.2649593353271
"FG","2026-09-15T01:00:00.000000",21.1820526123047
"FG","2026-09-15T02:00:00.000000",21.2627086639404
"FG","2026-09-15T03:00:00.000000",21.4495010375977
"FG","2026-09-15T04:00:00.000000",21.5966987609863
"FG","2026-09-15T05:00:00.000000",21.658275604248
"FG","2026-09-15T06:00:00.000000",21.7390460968018
"FG","2026-09-15T07:00:00.000000",21.7904319763184
"FG","2026-09-15T08:00:00.000000",21.6658821105957
"FG","2026-09-15T09:00:00.000000",21.3832759857178
"FG","2026-09-15T10:00:00.000000",21.5440349578857
"FG","2026-09-15T11:00:00.000000",21.5450096130371
"FG","2026-09-15T12:00:00.000000",21.3290233612061
"FG","2026-09-15T13:00:00.000000",21.1808681488037
"FG","2026-09-15T14:00:00.000000",21.2147350311279
"FG","2026-09-15T15:00:00.000000",21.3037643432617
"FG","2026-09-15T16:00:00.000000",21.5451068878174
"FG","2026-09-15T17:00:00.000000",21.5744705200195
"FG","2026-09-15T18:00:00.000000",21.6460342407227
"FG","2026-09-15T19:00:00.000000",21.7149276733398
"FG","2026-09-15T20:00:00.000000",21.6828327178955
"FG","2026-09-15T21:00:00.000000",21.3244972229004
"FG","2026-09-15T22:00:00.000000",21.3685092926025
"FG","2026-09-15T23:00:00.000000",21.542444229126
"FG","2026-09-16T00:00:00.000000",21.4614200592041
"GI","2026-09-08T00:00:00.000000",20.9866619110107
"GI","2026-09-08T01:00:00.000000",20.9503402709961
"GI","2026-09-08T02:00:00.000000",20.9177112579346
"GI","2026-09-08T03:00:00.000000",20.8938064575195
"GI","2026-09-08T04:00:00.000000",20.9317836761475
"GI","2026-09-08T05:00:00.000000",20.8840866088867
"GI","2026-09-08T06:00:00.000000",20.8564968109131
"GI","2026-09-08T07:00:00.000000",20.8764171600342
"GI","2026-09-08T08:00:00.000000",20.9082336425781
"GI","2026-09-08T09:00:00.000000",20.9338779449463
"GI","2026-09-08T10:00:00.000000",20.9291439056396
"GI","2026-09-08T11:00:00.000000",20.9263210296631
"GI","2026-09-08T12:00:00.000000",20.9131507873535
"GI","2026-09-08T13:00:00.000000",20.8669147491455
"GI","2026-09-08T14:00:00.000000",20.8466873168945
"GI","2026-09-08T15:00:00.000000",20.873649597168
"GI","2026-09-08T16:00:00.000000",20.8532066345215
"GI","2026-09-08T17:00:00.000000",20.8453598022461
"GI","2026-09-08T18:00:00.000000",20.8260040283203
"GI","2026-09-08T19:00:00.000000",20.9025821685791
"GI","2026-09-08T20:00:00.000000",20.9156455993652
"GI","2026-09-08T21:00:00.000000",20.9140586853027
"GI","2026-09-08T22:00:00.000000",20.9153079986572
"GI","2026-09-08T23:00:00.000000",20.9146785736084
"GI","2026-09-09T00:00:00.000000",20.9105815887451
"GI","2026-09-09T01:00:00.000000",20.9049396514893
"GI","2026-09-09T02:00:00.000000",20.8970470428467
"GI","2026-09-09T03:00:00.000000",20.8898067474365
"GI","2026-09-09T04:00:00.000000",20.8832492828369
"GI","2026-09-09T05:00:00.000000",20.8730487823486
"GI","2026-09-09T06:00:00.000000",20.8843364715576
"GI","2026-09-09T07:00:00.000000",20.8641834259033
"GI","2026-09-09T08:00:00.000000",20.8694648742676
"GI","2026-09-09T09:00:00.000000",20.8904361724854
"GI","2026-09-09T10:00:00.000000",20.889741897583
"GI","2026-09-09T11:00:00.000000",20.8867454528809
"GI","2026-09-09T12:00:00.000000",20.8872222900391
"GI","2026-09-09T13:00:00.000000",20.8853988647461
"GI","2026-09-09T14:00:00.000000",20.8777503967285
"GI","2026-09-09T15:00:00.000000",20.8752422332764
"GI","2026-09-09T16:00:00.000000",20.8749122619629
"GI","2026-09-09T17:00:00.000000",20.8788394927979
"GI","2026-09-09T18:00:00.000000",20.8797073364258
"GI","2026-09-09T19:00:00.000000",20.8865394592285
"GI","2026-09-09T20:00:00.000000",20.9106159210205
"GI","2026-09-09T21:00:00.000000",20.8956413269043
"GI","2026-09-09T22:00:00.000000",20.8917770385742
"GI","2026-09-09T23:00:00.000000",20.8937473297119
"GI","2026-09-10T00:00:00.000000",20.8926601409912
"GI","2026-09-10T01:00:00.000000",20.8890686035156
"GI","2026-09-10T02:00:00.000000",20.8909969329834
"GI","2026-09-10T03:00:00.000000",20.8961219787598
"GI","2026-09-10T04:00:00.000000",20.8983383178711
"GI","2026-09-10T05:00:00.000000",20.8993186950684
"GI","2026-09-10T06:00:00.000000",20.8972854614258
"GI","2026-09-10T07:00:00.000000",20.8903141021729
"GI","2026-09-10T08:00:00.000000",20.8972873687744
"GI","2026-09-10T09:00:00.000000",20.8990039825439
"GI","2026-09-10T10:00:00.000000",20.8947944641113
"GI","2026-09-10T11:00:00.000000",20.8878307342529
"GI","2026-09-10T12:00:00.000000",20.8803806304932
"GI","2026-09-10T13:00:00.000000",20.8826541900635
"GI","2026-09-10T14:00:00.000000",20.8938598632812
"GI","2026-09-10T15:00:00.000000",20.9043235778809
"GI","2026-09-10T16:00:00.000000",20.9084091186523
"GI","2026-09-10T17:00:00.000000",20.9076976776123
"GI","2026-09-10T18:00:00.000000",20.9048042297363
"GI","2026-09-10T19:00:00.000000",20.9021053314209
"GI","2026-09-10T20:00:00.000000",20.9027729034424
"GI","2026-09-10T21:00:00.000000",20.938835144043
"GI","2026-09-10T22:00:00.000000",20.9001960754395
"GI","2026-09-10T23:00:00.000000",20.8746032714844
"GI","2026-09-11T00:00:00.000000",20.867790222168
"GI","2026-09-11T01:00:00.000000",20.8650169372559
"GI","2026-09-11T02:00:00.000000",20.8768119812012
"GI","2026-09-11T03:00:00.000000",20.9040985107422
"GI","2026-09-11T04:00:00.000000",20.9110412597656
"GI","2026-09-11T05:00:00.000000",20.9097957611084
"GI","2026-09-11T06:00:00.000000",20.905387878418
"GI","2026-09-11T07:00:00.000000",20.904260635376
"GI","2026-09-11T08:00:00.000000",20.9052562713623
"GI","2026-09-11T09:00:00.000000",20.895679473877
"GI","2026-09-11T10:00:00.000000",20.7911624908447
"GI","2026-09-11T11:00:00.000000",20.4012184143066
"GI","2026-09-11T12:00:00.000000",20.322509765625
"GI","2026-09-11T13:00:00.000000",20.305046081543
"GI","2026-09-11T14:00:00.000000",20.4811305999756
"GI","2026-09-11T15:00:00.000000",20.6977100372314
"GI","2026-09-11T16:00:00.000000",20.7381973266602
"GI","2026-09-11T17:00:00.000000",20.8268909454346
"GI","2026-09-11T18:00:00.000000",20.8341522216797
"GI","2026-09-11T19:00:00.000000",20.8348789215088
"GI","2026-09-11T20:00:00.000000",20.8348789215088
"GI","2026-09-11T21:00:00.000000",20.83544921875
"GI","2026-09-11T22:00:00.000000",20.6961879730225
"GI","2026-09-11T23:00:00.000000",20.4223670959473
"GI","2026-09-12T00:00:00.000000",20.4236736297607
"GI","2026-09-12T01:00:00.000000",20.421703338623
"GI","2026-09-12T02:00:00.000000",20.4193058013916
"GI","2026-09-12T03:00:00.000000",20.4435081481934
"GI","2026-09-12T04:00:00.000000",20.5280914306641
"GI","2026-09-12T05:00:00.000000",20.6064071655273
"GI","2026-09-12T06:00:00.000000",20.6579265594482
"GI","2026-09-12T07:00:00.000000",20.7394008636475
"GI","2026-09-12T08:00:00.000000",20.7176132202148
"GI","2026-09-12T09:00:00.000000",20.6724815368652
"GI","2026-09-12T10:00:00.000000",20.5930252075195
"GI","2026-09-12T11:00:00.000000",20.503246307373
"GI","2026-09-12T12:00:00.000000",20.4874706268311
"GI","2026-09-12T13:00:00.000000",20.4843292236328
"GI","2026-09-12T14:00:00.000000",20.4864368438721
"GI","2026-09-12T15:00:00.000000",20.5187816619873
"GI","2026-09-12T16:00:00.000000",20.5534133911133
"GI","2026-09-12T17:00:00.000000",20.5699005126953
"GI","2026-09-12T18:00:00.000000",20.5926628112793
"GI","2026-09-12T19:00:00.000000",20.5924053192139
"GI","2026-09-12T20:00:00.000000",20.5967483520508
"GI","2026-09-12T21:00:00.000000",20.613452911377
"GI","2026-09-12T22:00:00.000000",20.6637287139893
"GI","2026-09-12T23:00:00.000000",20.5782127380371
"GI","2026-09-13T00:00:00.000000",20.5564785003662
"GI","2026-09-13T01:00:00.000000",20.5578670501709
"GI","2026-09-13T02:00:00.000000",20.5569934844971
"GI","2026-09-13T03:00:00.000000",20.5552253723145
"GI","2026-09-13T04:00:00.000000",20.5652637481689
"GI","2026-09-13T05:00:00.000000",20.5828227996826
"GI","2026-09-13T06:00:00.000000",20.5986175537109
"GI","2026-09-13T07:00:00.000000",20.6019496917725
"GI","2026-09-13T08:00:00.000000",20.6000881195068
"GI","2026-09-13T09:00:00.000000",20.6021099090576
"GI","2026-09-13T10:00:00.000000",20.5878028869629
"GI","2026-09-13T11:00:00.000000",20.5544986724854
"GI","2026-09-13T12:00:00.000000",20.5434284210205
"GI","2026-09-13T13:00:00.000000",20.5146884918213
"GI","2026-09-13T14:00:00.000000",20.4817028045654
"GI","2026-09-13T15:00:00.000000",20.4532508850098
"GI","2026-09-13T16:00:00.000000",20.4528999328613
"GI","2026-09-13T17:00:00.000000",20.4825973510742
"GI","2026-09-13T18:00:00.000000",20.4860057830811
"GI","2026-09-13T19:00:00.000000",20.484058380127
"GI","2026-09-13T20:00:00.000000",20.487699508667
"GI","2026-09-13T21:00:00.000000",20.4955635070801
"GI","2026-09-13T22:00:00.000000",20.470630645752
"GI","2026-09-13T23:00:00.000000",20.4539165496826
"GI","2026-09-14T00:00:00.000000",20.4475173950195
"GI","2026-09-14T01:00:00.000000",20.4542388916016
"GI","2026-09-14T02:00:00.000000",20.4581108093262
"GI","2026-09-14T03:00:00.000000",20.4568099975586
"GI","2026-09-14T04:00:00.000000",20.4534606933594
"GI","2026-09-14T05:00:00.000000",20.4593372344971
"GI","2026-09-14T06:00:00.000000",20.4673328399658
"GI","2026-09-14T07:00:00.000000",20.4748191833496
"GI","2026-09-14T08:00:00.000000",20.4784069061279
"GI","2026-09-14T09:00:00.000000",20.4840984344482
"GI","2026-09-14T10:00:00.000000",20.4860515594482
"GI","2026-09-14T11:00:00.000000",20.4615173339844
"GI","2026-09-14T12:00:00.000000",20.4647674560547
"GI","2026-09-14T13:00:00.000000",20.4856910705566
"GI","2026-09-14T14:00:00.000000",20.49294090271
"GI","2026-09-14T15:00:00.000000",20.497953414917
"GI","2026-09-14T16:00:00.000000",20.4964828491211
"GI","2026-09-14T17:00:00.000000",20.4937934875488
"GI","2026-09-14T18:00:00.000000",20.4995956420898
"GI","2026-09-14T19:00:00.000000",20.5022563934326
"GI","2026-09-14T20:00:00.000000",20.5017604827881
"GI","2026-09-14T21:00:00.000000",20.5020999908447
"GI","2026-09-14T22:00:00.000000",20.503698348999
"GI","2026-09-14T23:00:00.000000",20.5033760070801
"GI","2026-09-15T00:00:00.000000",20.4976482391357
"GI","2026-09-15T01:00:00.000000",20.5331077575684
"GI","2026-09-15T02:00:00.000000",20.5554618835449
"GI","2026-09-15T03:00:00.000000",20.560396194458
"GI","2026-09-15T04:00:00.000000",20.5444755554199
"GI","2026-09-15T05:00:00.000000",20.5044574737549
"GI","2026-09-15T06:00:00.000000",20.4913349151611
"GI","2026-09-15T07:00:00.000000",20.4884452819824
"GI","2026-09-15T08:00:00.000000",20.5015697479248
"GI","2026-09-15T09:00:00.000000",20.4830436706543
"GI","2026-09-15T10:00:00.000000",20.4820289611816
"GI","2026-09-15T11:00:00.000000",20.4828433990479
"GI","2026-09-15T12:00:00.000000",20.4855461120605
"GI","2026-09-15T13:00:00.000000",20.5923728942871
"GI","2026-09-15T14:00:00.000000",20.6330108642578
"GI","2026-09-15T15:00:00.000000",20.6426162719727
"GI","2026-09-15T16:00:00.000000",20.6483039855957
"GI","2026-09-15T17:00:00.000000",20.6322479248047
"GI","2026-09-15T18:00:00.000000",20.5906791687012
"GI","2026-09-15T19:00:00.000000",20.5805988311768
"GI","2026-09-15T20:00:00.000000",20.5714492797852
"GI","2026-09-15T21:00:00.000000",20.5838108062744
"GI","2026-09-15T22:00:00.000000",20.5698871612549
"GI","2026-09-15T23:00:00.000000",20.5776615142822
"GI","2026-09-16T00:00:00.000000",20.5833358764648
"JB","2026-09-08T00:00:00.000000",21.4807357788086
"JB","2026-09-08T01:00:00.000000",21.4128665924072
"JB","2026-09-08T02:00:00.000000",21.3131275177002
"JB","2026-09-08T03:00:00.000000",21.322452545166
"JB","2026-09-08T04:00:00.000000",21.4144172668457
"JB","2026-09-08T05:00:00.000000",21.4091339111328
"JB","2026-09-08T06:00:00.000000",21.4438095092773
"JB","2026-09-08T07:00:00.000000",21.4826965332031
"JB","2026-09-08T08:00:00.000000",21.456787109375
"JB","2026-09-08T09:00:00.000000",21.3035793304443
"JB","2026-09-08T10:00:00.000000",21.2618713378906
"JB","2026-09-08T11:00:00.000000",21.3815307617188
"JB","2026-09-08T12:00:00.000000",21.4513931274414
"JB","2026-09-08T13:00:00.000000",21.4430656433105
"JB","2026-09-08T14:00:00.000000",21.3225078582764
"JB","2026-09-08T15:00:00.000000",21.3614082336426
"JB","2026-09-08T16:00:00.000000",21.4381675720215
"JB","2026-09-08T17:00:00.000000",21.4169864654541
"JB","2026-09-08T18:00:00.000000",21.3466644287109
"JB","2026-09-08T19:00:00.000000",21.2957572937012
"JB","2026-09-08T20:00:00.000000",21.2725257873535
"JB","2026-09-08T21:00:00.000000",21.197696685791
"JB","2026-09-08T22:00:00.000000",21.1402626037598
"JB","2026-09-08T23:00:00.000000",21.099781036377
"JB","2026-09-09T00:00:00.000000",21.3357391357422
"JB","2026-09-09T01:00:00.000000",21.3545799255371
"JB","2026-09-09T02:00:00.000000",21.2862987518311
"JB","2026-09-09T03:00:00.000000",21.2063941955566
"JB","2026-09-09T04:00:00.000000",21.1922874450684
"JB","2026-09-09T05:00:00.000000",21.2864799499512
"JB","2026-09-09T06:00:00.000000",21.3245239257812
"JB","2026-09-09T07:00:00.000000",21.3501071929932
"JB","2026-09-09T08:00:00.000000",21.3669147491455
"JB","2026-09-09T09:00:00.000000",21.3345108032227
"JB","2026-09-09T10:00:00.000000",21.2346687316895
"JB","2026-09-09T11:00:00.000000",21.1320552825928
"JB","2026-09-09T12:00:00.000000",21.2768154144287
"JB","2026-09-09T13:00:00.000000",21.3820858001709
"JB","2026-09-09T14:00:00.000000",21.3219127655029
"JB","2026-09-09T15:00:00.000000",21.1963329315186
"JB","2026-09-09T16:00:00.000000",21.2003707885742
"JB","2026-09-09T17:00:00.000000",21.306037902832
"JB","2026-09-09T18:00:00.000000",21.308572769165
"JB","2026-09-09T19:00:00.000000",21.3039436340332
"JB","2026-09-09T20:00:00.000000",21.2875709533691
"JB","2026-09-09T21:00:00.000000",21.154914855957
"JB","2026-09-09T22:00:00.000000",21.112642288208
"JB","2026-09-09T23:00:00.000000",21.077974319458
"JB","2026-09-10T00:00:00.000000",21.1388759613037
"JB","2026-09-10T01:00:00.000000",21.2371807098389
"JB","2026-09-10T02:00:00.000000",21.237606048584
"JB","2026-09-10T03:00:00.000000",21.1972007751465
"JB","2026-09-10T04:00:00.000000",21.1914730072021
"JB","2026-09-10T05:00:00.000000",21.2112140655518
"JB","2026-09-10T06:00:00.000000",21.2231388092041
"JB","2026-09-10T07:00:00.000000",21.2581443786621
"JB","2026-09-10T08:00:00.000000",21.2827625274658
"JB","2026-09-10T09:00:00.000000",21.3106479644775
"JB","2026-09-10T10:00:00.000000",21.3310222625732
"JB","2026-09-10T11:00:00.000000",21.2517509460449
"JB","2026-09-10T12:00:00.000000",21.1689338684082
"JB","2026-09-10T13:00:00.000000",21.3549842834473
"JB","2026-09-10T14:00:00.000000",21.3871917724609
"JB","2026-09-10T15:00:00.000000",21.3712692260742
"JB","2026-09-10T16:00:00.000000",21.3335971832275
"JB","2026-09-10T17:00:00.000000",21.378381729126
"JB","2026-09-10T18:00:00.000000",21.3795146942139
"JB","2026-09-10T19:00:00.000000",21.3887844085693
"JB","2026-09-10T20:00:00.000000",21.4166278839111
"JB","2026-09-10T21:00:00.000000",21.3506660461426
"JB","2026-09-10T22:00:00.000000",21.2505874633789
"JB","2026-09-10T23:00:00.000000",21.2050457000732
"JB","2026-09-11T00:00:00.000000",21.1579475402832
"JB","2026-09-11T01:00:00.000000",21.1156921386719
"JB","2026-09-11T02:00:00.000000",21.3870372772217
"JB","2026-09-11T03:00:00.000000",21.4693946838379
"JB","2026-09-11T04:00:00.000000",21.3455715179443
"JB","2026-09-11T05:00:00.000000",21.4456176757812
"JB","2026-09-11T06:00:00.000000",21.4904727935791
"JB","2026-09-11T07:00:00.000000",21.4904727935791
"JB","2026-09-11T08:00:00.000000",21.528377532959
"JB","2026-09-11T09:00:00.000000",21.5168056488037
"JB","2026-09-11T10:00:00.000000",21.3724155426025
"JB","2026-09-11T11:00:00.000000",21.3010005950928
"JB","2026-09-11T12:00:00.000000",21.2692050933838
"JB","2026-09-11T13:00:00.000000",21.1942939758301
"JB","2026-09-11T14:00:00.000000",21.4826259613037
"JB","2026-09-11T15:00:00.000000",21.49338722229
"JB","2026-09-11T16:00:00.000000",21.3577175140381
"JB","2026-09-11T17:00:00.000000",21.3235607147217
"JB","2026-09-11T18:00:00.000000",21.3235607147217
"JB","2026-09-11T19:00:00.000000",21.3235607147217
"JB","2026-09-11T20:00:00.000000",21.3235607147217
"JB","2026-09-11T21:00:00.000000",21.2743453979492
"JB","2026-09-11T22:00:00.000000",21.1921920776367
"JB","2026-09-11T23:00:00.000000",21.1778392791748
"JB","2026-09-12T00:00:00.000000",21.1406154632568
"JB","2026-09-12T01:00:00.000000",21.0213527679443
"JB","2026-09-12T02:00:00.000000",21.0868949890137
"JB","2026-09-12T03:00:00.000000",21.3229885101318
"JB","2026-09-12T04:00:00.000000",21.2723617553711
"JB","2026-09-12T05:00:00.000000",21.1224822998047
"JB","2026-09-12T06:00:00.000000",21.1684741973877
"JB","2026-09-12T07:00:00.000000",21.2974662780762
"JB","2026-09-12T08:00:00.000000",21.3282794952393
"JB","2026-09-12T09:00:00.000000",21.3060855865479
"JB","2026-09-12T10:00:00.000000",21.2935543060303
"JB","2026-09-12T11:00:00.000000",21.1826477050781
"JB","2026-09-12T12:00:00.000000",21.1060409545898
"JB","2026-09-12T13:00:00.000000",21.0133209228516
"JB","2026-09-12T14:00:00.000000",20.8629398345947
"JB","2026-09-12T15:00:00.000000",21.3271331787109
"JB","2026-09-12T16:00:00.000000",21.3646392822266
"JB","2026-09-12T17:00:00.000000",21.1607074737549
"JB","2026-09-12T18:00:00.000000",21.1680870056152
"JB","2026-09-12T19:00:00.000000",21.3218269348145
"JB","2026-09-12T20:00:00.000000",21.3353137969971
"JB","2026-09-12T21:00:00.000000",21.2637844085693
"JB","2026-09-12T22:00:00.000000",21.2200965881348
"JB","2026-09-12T23:00:00.000000",21.0831985473633
"JB","2026-09-13T00:00:00.000000",21.008243560791
"JB","2026-09-13T01:00:00.000000",20.9899044036865
"JB","2026-09-13T02:00:00.000000",20.9515800476074
"JB","2026-09-13T03:00:00.000000",21.1695499420166
"JB","2026-09-13T04:00:00.000000",21.2240982055664
"JB","2026-09-13T05:00:00.000000",21.1868190765381
"JB","2026-09-13T06:00:00.000000",21.0971984863281
"JB","2026-09-13T07:00:00.000000",21.1194400787354
"JB","2026-09-13T08:00:00.000000",21.1399459838867
"JB","2026-09-13T09:00:00.000000",21.1910171508789
"JB","2026-09-13T10:00:00.000000",21.2005138397217
"JB","2026-09-13T11:00:00.000000",21.1664276123047
"JB","2026-09-13T12:00:00.000000",21.0166130065918
"JB","2026-09-13T13:00:00.000000",20.9919052124023
"JB","2026-09-13T14:00:00.000000",20.9813785552979
"JB","2026-09-13T15:00:00.000000",21.1528015136719
"JB","2026-09-13T16:00:00.000000",21.1752529144287
"JB","2026-09-13T17:00:00.000000",21.2018375396729
"JB","2026-09-13T18:00:00.000000",21.1289863586426
"JB","2026-09-13T19:00:00.000000",21.118049621582
"JB","2026-09-13T20:00:00.000000",21.1354084014893
"JB","2026-09-13T21:00:00.000000",21.1728115081787
"JB","2026-09-13T22:00:00.000000",21.2043762207031
"JB","2026-09-13T23:00:00.000000",21.2088356018066
"JB","2026-09-14T00:00:00.000000",21.2275276184082
"JB","2026-09-14T01:00:00.000000",21.0833892822266
"JB","2026-09-14T02:00:00.000000",21.0457878112793
"JB","2026-09-14T03:00:00.000000",21.2310428619385
"JB","2026-09-14T04:00:00.000000",21.3040904998779
"JB","2026-09-14T05:00:00.000000",21.2920570373535
"JB","2026-09-14T06:00:00.000000",21.1769199371338
"JB","2026-09-14T07:00:00.000000",21.1671543121338
"JB","2026-09-14T08:00:00.000000",21.2387733459473
"JB","2026-09-14T09:00:00.000000",21.2665882110596
"JB","2026-09-14T10:00:00.000000",21.2640953063965
"JB","2026-09-14T11:00:00.000000",21.2411155700684
"JB","2026-09-14T12:00:00.000000",21.2403373718262
"JB","2026-09-14T13:00:00.000000",21.1790885925293
"JB","2026-09-14T14:00:00.000000",21.1146411895752
"JB","2026-09-14T15:00:00.000000",21.0701484680176
"JB","2026-09-14T16:00:00.000000",21.4186382293701
"JB","2026-09-14T17:00:00.000000",21.4411449432373
"JB","2026-09-14T18:00:00.000000",21.3066329956055
"JB","2026-09-14T19:00:00.000000",21.2030754089355
"JB","2026-09-14T20:00:00.000000",21.312952041626
"JB","2026-09-14T21:00:00.000000",21.5270347595215
"JB","2026-09-14T22:00:00.000000",21.3232746124268
"JB","2026-09-14T23:00:00.000000",21.2244510650635
"JB","2026-09-15T00:00:00.000000",21.5694789886475
"JB","2026-09-15T01:00:00.000000",21.4341201782227
"JB","2026-09-15T02:00:00.000000",21.236177444458
"JB","2026-09-15T03:00:00.000000",21.186429977417
"JB","2026-09-15T04:00:00.000000",21.4557342529297
"JB","2026-09-15T05:00:00.000000",21.452709197998
"JB","2026-09-15T06:00:00.000000",21.3973598480225
"JB","2026-09-15T07:00:00.000000",21.2929706573486
"JB","2026-09-15T08:00:00.000000",21.2791728973389
"JB","2026-09-15T09:00:00.000000",21.5689888000488
"JB","2026-09-15T10:00:00.000000",21.4644260406494
"JB","2026-09-15T11:00:00.000000",21.2631034851074
"JB","2026-09-15T12:00:00.000000",21.2270278930664
"JB","2026-09-15T13:00:00.000000",21.2801284790039
"JB","2026-09-15T14:00:00.000000",21.2297649383545
"JB","2026-09-15T15:00:00.000000",21.1612415313721
"JB","2026-09-15T16:00:00.000000",21.1657238006592
"JB","2026-09-15T17:00:00.000000",21.4039402008057
"JB","2026-09-15T18:00:00.000000",21.3821315765381
"JB","2026-09-15T19:00:00.000000",21.2404766082764
"JB","2026-09-15T20:00:00.000000",21.1780090332031
"JB","2026-09-15T21:00:00.000000",21.2189140319824
"JB","2026-09-15T22:00:00.000000",21.2944812774658
"JB","2026-09-15T23:00:00.000000",21.2597141265869
"JB","2026-09-16T00:00:00.000000",21.3038368225098
NA,"2026-09-08T00:00:00.000000",20.697114944458
NA,"2026-09-08T01:00:00.000000",20.6932468414307
NA,"2026-09-08T02:00:00.000000",20.6918830871582
NA,"2026-09-08T03:00:00.000000",20.6939907073975
NA,"2026-09-08T04:00:00.000000",20.700475692749
NA,"2026-09-08T05:00:00.000000",20.7074127197266
NA,"2026-09-08T06:00:00.000000",20.7109336853027
NA,"2026-09-08T07:00:00.000000",20.7111701965332
NA,"2026-09-08T08:00:00.000000",20.7087554931641
NA,"2026-09-08T09:00:00.000000",20.7008094787598
NA,"2026-09-08T10:00:00.000000",20.6844387054443
NA,"2026-09-08T11:00:00.000000",20.6758613586426
NA,"2026-09-08T12:00:00.000000",20.6740036010742
NA,"2026-09-08T13:00:00.000000",20.6753406524658
NA,"2026-09-08T14:00:00.000000",20.676929473877
NA,"2026-09-08T15:00:00.000000",20.6797409057617
NA,"2026-09-08T16:00:00.000000",20.6830959320068
NA,"2026-09-08T17:00:00.000000",20.6843814849854
NA,"2026-09-08T18:00:00.000000",20.6858444213867
NA,"2026-09-08T19:00:00.000000",20.6865978240967
NA,"2026-09-08T20:00:00.000000",20.6857891082764
NA,"2026-09-08T21:00:00.000000",20.6874008178711
NA,"2026-09-08T22:00:00.000000",20.6858310699463
NA,"2026-09-08T23:00:00.000000",20.6521587371826
NA,"2026-09-09T00:00:00.000000",20.6191291809082
NA,"2026-09-09T01:00:00.000000",20.6108818054199
NA,"2026-09-09T02:00:00.000000",20.6096954345703
NA,"2026-09-09T03:00:00.000000",20.6100387573242
NA,"2026-09-09T04:00:00.000000",20.6135272979736
NA,"2026-09-09T05:00:00.000000",20.6219215393066
NA,"2026-09-09T06:00:00.000000",20.6297092437744
NA,"2026-09-09T07:00:00.000000",20.6348209381104
NA,"2026-09-09T08:00:00.000000",20.6371917724609
NA,"2026-09-09T09:00:00.000000",20.6331081390381
NA,"2026-09-09T10:00:00.000000",20.6188488006592
NA,"2026-09-09T11:00:00.000000",20.6077709197998
NA,"2026-09-09T12:00:00.000000",20.5823574066162
NA,"2026-09-09T13:00:00.000000",20.5555076599121
NA,"2026-09-09T14:00:00.000000",20.5476512908936
NA,"2026-09-09T15:00:00.000000",20.5604724884033
NA,"2026-09-09T16:00:00.000000",20.5850067138672
NA,"2026-09-09T17:00:00.000000",20.6049690246582
NA,"2026-09-09T18:00:00.000000",20.617015838623
NA,"2026-09-09T19:00:00.000000",20.6187686920166
NA,"2026-09-09T20:00:00.000000",20.6137256622314
NA,"2026-09-09T21:00:00.000000",20.6032772064209
NA,"2026-09-09T22:00:00.000000",20.5766048431396
NA,"2026-09-09T23:00:00.000000",20.5698394775391
NA,"2026-09-10T00:00:00.000000",20.5591335296631
NA,"2026-09-10T01:00:00.000000",20.5352153778076
NA,"2026-09-10T02:00:00.000000",20.5363597869873
NA,"2026-09-10T03:00:00.000000",20.5431461334229
NA,"2026-09-10T04:00:00.000000",20.5563049316406
NA,"2026-09-10T05:00:00.000000",20.5759830474854
NA,"2026-09-10T06:00:00.000000",20.5888252258301
NA,"2026-09-10T07:00:00.000000",20.5947151184082
NA,"2026-09-10T08:00:00.000000",20.5985469818115
NA,"2026-09-10T09:00:00.000000",20.6007423400879
NA,"2026-09-10T10:00:00.000000",20.6014461517334
NA,"2026-09-10T11:00:00.000000",20.6010284423828
NA,"2026-09-10T12:00:00.000000",20.590576171875
NA,"2026-09-10T13:00:00.000000",20.5709667205811
NA,"2026-09-10T14:00:00.000000",20.5615062713623
NA,"2026-09-10T15:00:00.000000",20.5770645141602
NA,"2026-09-10T16:00:00.000000",20.5968971252441
NA,"2026-09-10T17:00:00.000000",20.6038341522217
NA,"2026-09-10T18:00:00.000000",20.6070537567139
NA,"2026-09-10T19:00:00.000000",20.6067771911621
NA,"2026-09-10T20:00:00.000000",20.6035652160645
NA,"2026-09-10T21:00:00.000000",20.6010818481445
NA,"2026-09-10T22:00:00.000000",20.5988216400146
NA,"2026-09-10T23:00:00.000000",20.5987339019775
NA,"2026-09-11T00:00:00.000000",20.5727348327637
NA,"2026-09-11T01:00:00.000000",20.3461360931396
NA,"2026-09-11T02:00:00.000000",20.1340885162354
NA,"2026-09-11T03:00:00.000000",20.0716114044189
NA,"2026-09-11T04:00:00.000000",20.0804462432861
NA,"2026-09-11T05:00:00.000000",20.1650466918945
NA,"2026-09-11T06:00:00.000000",20.2535228729248
NA,"2026-09-11T07:00:00.000000",20.3288078308105
NA,"2026-09-11T08:00:00.000000",20.3933773040771
NA,"2026-09-11T09:00:00.000000",20.4346675872803
NA,"2026-09-11T10:00:00.000000",20.4357757568359
NA,"2026-09-11T11:00:00.000000",20.4046421051025
NA,"2026-09-11T12:00:00.000000",20.3028926849365
NA,"2026-09-11T13:00:00.000000",20.1930465698242
NA,"2026-09-11T14:00:00.000000",20.1431312561035
NA,"2026-09-11T15:00:00.000000",20.1018753051758
NA,"2026-09-11T16:00:00.000000",20.0972423553467
NA,"2026-09-11T17:00:00.000000",20.1395473480225
NA,"2026-09-11T18:00:00.000000",20.2122688293457
NA,"2026-09-11T19:00:00.000000",20.2750682830811
NA,"2026-09-11T20:00:00.000000",20.3217906951904
NA,"2026-09-11T21:00:00.000000",20.3419742584229
NA,"2026-09-11T22:00:00.000000",20.3396511077881
NA,"2026-09-11T23:00:00.000000",20.2873134613037
NA,"2026-09-12T00:00:00.000000",20.1724414825439
NA,"2026-09-12T01:00:00.000000",20.10866355896
NA,"2026-09-12T02:00:00.000000",19.9625682830811
NA,"2026-09-12T03:00:00.000000",19.9062538146973
NA,"2026-09-12T04:00:00.000000",19.9004516601562
NA,"2026-09-12T05:00:00.000000",19.9031543731689
NA,"2026-09-12T06:00:00.000000",19.9180774688721
NA,"2026-09-12T07:00:00.000000",19.9478740692139
NA,"2026-09-12T08:00:00.000000",19.978343963623
NA,"2026-09-12T09:00:00.000000",19.9977359771729
NA,"2026-09-12T10:00:00.000000",20.0060863494873
NA,"2026-09-12T11:00:00.000000",19.9801864624023
NA,"2026-09-12T12:00:00.000000",19.9351673126221
NA,"2026-09-12T13:00:00.000000",19.9437103271484
NA,"2026-09-12T14:00:00.000000",19.9160385131836
NA,"2026-09-12T15:00:00.000000",19.8877906799316
NA,"2026-09-12T16:00:00.000000",19.8849391937256
NA,"2026-09-12T17:00:00.000000",19.8861656188965
NA,"2026-09-12T18:00:00.000000",19.8933353424072
NA,"2026-09-12T19:00:00.000000",19.9139938354492
NA,"2026-09-12T20:00:00.000000",19.9431762695312
NA,"2026-09-12T21:00:00.000000",19.9729042053223
NA,"2026-09-12T22:00:00.000000",19.9961433410645
NA,"2026-09-12T23:00:00.000000",20.0035037994385
NA,"2026-09-13T00:00:00.000000",19.9535827636719
NA,"2026-09-13T01:00:00.000000",19.926513671875
NA,"2026-09-13T02:00:00.000000",19.979024887085
NA,"2026-09-13T03:00:00.000000",20.0421772003174
NA,"2026-09-13T04:00:00.000000",20.0790596008301
NA,"2026-09-13T05:00:00.000000",20.0927543640137
NA,"2026-09-13T06:00:00.000000",20.0769863128662
NA,"2026-09-13T07:00:00.000000",20.0559482574463
NA,"2026-09-13T08:00:00.000000",20.0471782684326
NA,"2026-09-13T09:00:00.000000",20.0457344055176
NA,"2026-09-13T10:00:00.000000",20.039644241333
NA,"2026-09-13T11:00:00.000000",20.0400810241699
NA,"2026-09-13T12:00:00.000000",20.0682792663574
NA,"2026-09-13T13:00:00.000000",20.0648345947266
NA,"2026-09-13T14:00:00.000000",20.0430297851562
NA,"2026-09-13T15:00:00.000000",20.0411682128906
NA,"2026-09-13T16:00:00.000000",20.0780467987061
NA,"2026-09-13T17:00:00.000000",20.1019325256348
NA,"2026-09-13T18:00:00.000000",20.0990734100342
NA,"2026-09-13T19:00:00.000000",20.0687389373779
NA,"2026-09-13T20:00:00.000000",20.0508670806885
NA,"2026-09-13T21:00:00.000000",20.0481281280518
NA,"2026-09-13T22:00:00.000000",20.0481986999512
NA,"2026-09-13T23:00:00.000000",20.0484657287598
NA,"2026-09-14T00:00:00.000000",20.0507621765137
NA,"2026-09-14T01:00:00.000000",20.0801410675049
NA,"2026-09-14T02:00:00.000000",20.1072025299072
NA,"2026-09-14T03:00:00.000000",20.1505184173584
NA,"2026-09-14T04:00:00.000000",20.1872653961182
NA,"2026-09-14T05:00:00.000000",20.1991024017334
NA,"2026-09-14T06:00:00.000000",20.1891098022461
NA,"2026-09-14T07:00:00.000000",20.1583938598633
NA,"2026-09-14T08:00:00.000000",20.1311435699463
NA,"2026-09-14T09:00:00.000000",20.1103229522705
NA,"2026-09-14T10:00:00.000000",20.0980377197266
NA,"2026-09-14T11:00:00.000000",20.0920238494873
NA,"2026-09-14T12:00:00.000000",20.0919494628906
NA,"2026-09-14T13:00:00.000000",20.1197452545166
NA,"2026-09-14T14:00:00.000000",20.1749458312988
NA,"2026-09-14T15:00:00.000000",20.195405960083
NA,"2026-09-14T16:00:00.000000",20.2180824279785
NA,"2026-09-14T17:00:00.000000",20.2281684875488
NA,"2026-09-14T18:00:00.000000",20.2309627532959
NA,"2026-09-14T19:00:00.000000",20.2233905792236
NA,"2026-09-14T20:00:00.000000",20.2035541534424
NA,"2026-09-14T21:00:00.000000",20.1842250823975
NA,"2026-09-14T22:00:00.000000",20.1682090759277
NA,"2026-09-14T23:00:00.000000",20.1535835266113
NA,"2026-09-15T00:00:00.000000",20.1419448852539
NA,"2026-09-15T01:00:00.000000",20.1394443511963
NA,"2026-09-15T02:00:00.000000",20.1656265258789
NA,"2026-09-15T03:00:00.000000",20.1892871856689
NA,"2026-09-15T04:00:00.000000",20.1922016143799
NA,"2026-09-15T05:00:00.000000",20.1967620849609
NA,"2026-09-15T06:00:00.000000",20.1993389129639
NA,"2026-09-15T07:00:00.000000",20.1964778900146
NA,"2026-09-15T08:00:00.000000",20.1906242370605
NA,"2026-09-15T09:00:00.000000",20.1836795806885
NA,"2026-09-15T10:00:00.000000",20.1758728027344
NA,"2026-09-15T11:00:00.000000",20.169548034668
NA,"2026-09-15T12:00:00.000000",20.1658363342285
NA,"2026-09-15T13:00:00.000000",20.1745338439941
NA,"2026-09-15T14:00:00.000000",20.1957168579102
NA,"2026-09-15T15:00:00.000000",20.1969871520996
NA,"2026-09-15T16:00:00.000000",20.2371978759766
NA,"2026-09-15T17:00:00.000000",20.290506362915
NA,"2026-09-15T18:00:00.000000",20.3209381103516
NA,"2026-09-15T19:00:00.000000",20.3325157165527
NA,"2026-09-15T20:00:00.000000",20.320240020752
NA,"2026-09-15T21:00:00.000000",20.2938022613525
NA,"2026-09-15T22:00:00.000000",20.2685813903809
NA,"2026-09-15T23:00:00.000000",20.2457103729248
NA,"2026-09-16T00:00:00.000000",20.2260818481445
"NK","2026-09-08T00:00:00.000000",20.6762599945068
"NK","2026-09-08T01:00:00.000000",20.6738471984863
"NK","2026-09-08T02:00:00.000000",20.671070098877
"NK","2026-09-08T03:00:00.000000",20.6742057800293
"NK","2026-09-08T04:00:00.000000",20.6785411834717
"NK","2026-09-08T05:00:00.000000",20.6783103942871
"NK","2026-09-08T06:00:00.000000",20.6744842529297
"NK","2026-09-08T07:00:00.000000",20.6670055389404
"NK","2026-09-08T08:00:00.000000",20.656909942627
"NK","2026-09-08T09:00:00.000000",20.6535205841064
"NK","2026-09-08T10:00:00.000000",20.6579914093018
"NK","2026-09-08T11:00:00.000000",20.6607894897461
"NK","2026-09-08T12:00:00.000000",20.6626300811768
"NK","2026-09-08T13:00:00.000000",20.6601886749268
"NK","2026-09-08T14:00:00.000000",20.6554641723633
"NK","2026-09-08T15:00:00.000000",20.6513633728027
"NK","2026-09-08T16:00:00.000000",20.6469440460205
"NK","2026-09-08T17:00:00.000000",20.6408081054688
"NK","2026-09-08T18:00:00.000000",20.6358203887939
"NK","2026-09-08T19:00:00.000000",20.6316318511963
"NK","2026-09-08T20:00:00.000000",20.6293087005615
"NK","2026-09-08T21:00:00.000000",20.6371402740479
"NK","2026-09-08T22:00:00.000000",20.6668186187744
"NK","2026-09-08T23:00:00.000000",20.6418075561523
"NK","2026-09-09T00:00:00.000000",20.6014976501465
"NK","2026-09-09T01:00:00.000000",20.5948505401611
"NK","2026-09-09T02:00:00.000000",20.5938091278076
"NK","2026-09-09T03:00:00.000000",20.591178894043
"NK","2026-09-09T04:00:00.000000",20.5908126831055
"NK","2026-09-09T05:00:00.000000",20.5978412628174
"NK","2026-09-09T06:00:00.000000",20.6071147918701
"NK","2026-09-09T07:00:00.000000",20.6147956848145
"NK","2026-09-09T08:00:00.000000",20.6182079315186
"NK","2026-09-09T09:00:00.000000",20.6171855926514
"NK","2026-09-09T10:00:00.000000",20.6117115020752
"NK","2026-09-09T11:00:00.000000",20.607141494751
"NK","2026-09-09T12:00:00.000000",20.5873107910156
"NK","2026-09-09T13:00:00.000000",20.5508422851562
"NK","2026-09-09T14:00:00.000000",20.5510597229004
"NK","2026-09-09T15:00:00.000000",20.5768280029297
"NK","2026-09-09T16:00:00.000000",20.5994129180908
"NK","2026-09-09T17:00:00.000000",20.615062713623
"NK","2026-09-09T18:00:00.000000",20.6241035461426
"NK","2026-09-09T19:00:00.000000",20.6270656585693
"NK","2026-09-09T20:00:00.000000",20.6267852783203
"NK","2026-09-09T21:00:00.000000",20.6256923675537
"NK","2026-09-09T22:00:00.000000",20.6204586029053
"NK","2026-09-09T23:00:00.000000",20.5980625152588
"NK","2026-09-10T00:00:00.000000",20.566930770874
"NK","2026-09-10T01:00:00.000000",20.5252170562744
"NK","2026-09-10T02:00:00.000000",20.5250778198242
"NK","2026-09-10T03:00:00.000000",20.5282001495361
"NK","2026-09-10T04:00:00.000000",20.5318489074707
"NK","2026-09-10T05:00:00.000000",20.54079246521
"NK","2026-09-10T06:00:00.000000",20.5564746856689
"NK","2026-09-10T07:00:00.000000",20.5742053985596
"NK","2026-09-10T08:00:00.000000",20.5906467437744
"NK","2026-09-10T09:00:00.000000",20.6025981903076
"NK","2026-09-10T10:00:00.000000",20.6072406768799
"NK","2026-09-10T11:00:00.000000",20.6016712188721
"NK","2026-09-10T12:00:00.000000",20.586254119873
"NK","2026-09-10T13:00:00.000000",20.5705966949463
"NK","2026-09-10T14:00:00.000000",20.5505084991455
"NK","2026-09-10T15:00:00.000000",20.5658683776855
"NK","2026-09-10T16:00:00.000000",20.5870609283447
"NK","2026-09-10T17:00:00.000000",20.6058502197266
"NK","2026-09-10T18:00:00.000000",20.6233215332031
"NK","2026-09-10T19:00:00.000000",20.6371898651123
"NK","2026-09-10T20:00:00.000000",20.6453018188477
"NK","2026-09-10T21:00:00.000000",20.6500930786133
"NK","2026-09-10T22:00:00.000000",20.6510181427002
"NK","2026-09-10T23:00:00.000000",20.6481494903564
"NK","2026-09-11T00:00:00.000000",20.6397647857666
"NK","2026-09-11T01:00:00.000000",20.3570537567139
"NK","2026-09-11T02:00:00.000000",20.0450401306152
"NK","2026-09-11T03:00:00.000000",19.9850845336914
"NK","2026-09-11T04:00:00.000000",20.0775756835938
"NK","2026-09-11T05:00:00.000000",20.1922473907471
"NK","2026-09-11T06:00:00.000000",20.3294658660889
"NK","2026-09-11T07:00:00.000000",20.4617519378662
"NK","2026-09-11T08:00:00.000000",20.5550384521484
"NK","2026-09-11T09:00:00.000000",20.6029453277588
"NK","2026-09-11T10:00:00.000000",20.6209564208984
"NK","2026-09-11T11:00:00.000000",20.6228866577148
"NK","2026-09-11T12:00:00.000000",20.6089763641357
"NK","2026-09-11T13:00:00.000000",20.5665626525879
"NK","2026-09-11T14:00:00.000000",20.4656867980957
"NK","2026-09-11T15:00:00.000000",20.4081077575684
"NK","2026-09-11T16:00:00.000000",20.5159320831299
"NK","2026-09-11T17:00:00.000000",20.5817718505859
"NK","2026-09-11T18:00:00.000000",20.6164474487305
"NK","2026-09-11T19:00:00.000000",20.6338577270508
"NK","2026-09-11T20:00:00.000000",20.6424789428711
"NK","2026-09-11T21:00:00.000000",20.6460952758789
"NK","2026-09-11T22:00:00.000000",20.6460132598877
"NK","2026-09-11T23:00:00.000000",20.6404418945312
"NK","2026-09-12T00:00:00.000000",20.6188812255859
"NK","2026-09-12T01:00:00.000000",20.4212131500244
"NK","2026-09-12T02:00:00.000000",19.9767303466797
"NK","2026-09-12T03:00:00.000000",19.8615264892578
"NK","2026-09-12T04:00:00.000000",19.8549156188965
"NK","2026-09-12T05:00:00.000000",19.8669147491455
"NK","2026-09-12T06:00:00.000000",19.9283847808838
"NK","2026-09-12T07:00:00.000000",20.0446758270264
"NK","2026-09-12T08:00:00.000000",20.1809139251709
"NK","2026-09-12T09:00:00.000000",20.3170871734619
"NK","2026-09-12T10:00:00.000000",20.4183158874512
"NK","2026-09-12T11:00:00.000000",20.434383392334
"NK","2026-09-12T12:00:00.000000",20.3092384338379
"NK","2026-09-12T13:00:00.000000",20.1054611206055
"NK","2026-09-12T14:00:00.000000",19.944507598877
"NK","2026-09-12T15:00:00.000000",19.8731174468994
"NK","2026-09-12T16:00:00.000000",19.8643207550049
"NK","2026-09-12T17:00:00.000000",19.8808841705322
"NK","2026-09-12T18:00:00.000000",19.9217643737793
"NK","2026-09-12T19:00:00.000000",19.9887084960938
"NK","2026-09-12T20:00:00.000000",20.0777931213379
"NK","2026-09-12T21:00:00.000000",20.1788959503174
"NK","2026-09-12T22:00:00.000000",20.2703666687012
"NK","2026-09-12T23:00:00.000000",20.3194198608398
"NK","2026-09-13T00:00:00.000000",20.2533302307129
"NK","2026-09-13T01:00:00.000000",20.0963096618652
"NK","2026-09-13T02:00:00.000000",20.0322036743164
"NK","2026-09-13T03:00:00.000000",20.0686283111572
"NK","2026-09-13T04:00:00.000000",20.1100883483887
"NK","2026-09-13T05:00:00.000000",20.1095485687256
"NK","2026-09-13T06:00:00.000000",20.0852737426758
"NK","2026-09-13T07:00:00.000000",20.0755996704102
"NK","2026-09-13T08:00:00.000000",20.0752048492432
"NK","2026-09-13T09:00:00.000000",20.0832080841064
"NK","2026-09-13T10:00:00.000000",20.115327835083
"NK","2026-09-13T11:00:00.000000",20.1204776763916
"NK","2026-09-13T12:00:00.000000",20.0707225799561
"NK","2026-09-13T13:00:00.000000",20.0517864227295
"NK","2026-09-13T14:00:00.000000",20.0494365692139
"NK","2026-09-13T15:00:00.000000",20.0485649108887
"NK","2026-09-13T16:00:00.000000",20.0880355834961
"NK","2026-09-13T17:00:00.000000",20.1009311676025
"NK","2026-09-13T18:00:00.000000",20.0747241973877
"NK","2026-09-13T19:00:00.000000",20.0593147277832
"NK","2026-09-13T20:00:00.000000",20.052188873291
"NK","2026-09-13T21:00:00.000000",20.0520286560059
"NK","2026-09-13T22:00:00.000000",20.0530776977539
"NK","2026-09-13T23:00:00.000000",20.0530662536621
"NK","2026-09-14T00:00:00.000000",20.0527610778809
"NK","2026-09-14T01:00:00.000000",20.0521373748779
"NK","2026-09-14T02:00:00.000000",20.0571956634521
"NK","2026-09-14T03:00:00.000000",20.1188049316406
"NK","2026-09-14T04:00:00.000000",20.190544128418
"NK","2026-09-14T05:00:00.000000",20.2010326385498
"NK","2026-09-14T06:00:00.000000",20.1657638549805
"NK","2026-09-14T07:00:00.000000",20.1206970214844
"NK","2026-09-14T08:00:00.000000",20.0829677581787
"NK","2026-09-14T09:00:00.000000",20.0632743835449
"NK","2026-09-14T10:00:00.000000",20.0554580688477
"NK","2026-09-14T11:00:00.000000",20.0535221099854
"NK","2026-09-14T12:00:00.000000",20.0532684326172
"NK","2026-09-14T13:00:00.000000",20.0538272857666
"NK","2026-09-14T14:00:00.000000",20.0621299743652
"NK","2026-09-14T15:00:00.000000",20.1285552978516
"NK","2026-09-14T16:00:00.000000",20.2056922912598
"NK","2026-09-14T17:00:00.000000",20.2304286956787
"NK","2026-09-14T18:00:00.000000",20.2156963348389
"NK","2026-09-14T19:00:00.000000",20.1860122680664
"NK","2026-09-14T20:00:00.000000",20.1435699462891
"NK","2026-09-14T21:00:00.000000",20.1066627502441
"NK","2026-09-14T22:00:00.000000",20.0831756591797
"NK","2026-09-14T23:00:00.000000",20.0713768005371
"NK","2026-09-15T00:00:00.000000",20.0631713867188
"NK","2026-09-15T01:00:00.000000",20.0587787628174
"NK","2026-09-15T02:00:00.000000",20.0561237335205
"NK","2026-09-15T03:00:00.000000",20.0576114654541
"NK","2026-09-15T04:00:00.000000",20.0888843536377
"NK","2026-09-15T05:00:00.000000",20.1236209869385
"NK","2026-09-15T06:00:00.000000",20.0954418182373
"NK","2026-09-15T07:00:00.000000",20.0643672943115
"NK","2026-09-15T08:00:00.000000",20.0489921569824
"NK","2026-09-15T09:00:00.000000",20.0416145324707
"NK","2026-09-15T10:00:00.000000",20.0380687713623
"NK","2026-09-15T11:00:00.000000",20.0361785888672
"NK","2026-09-15T12:00:00.000000",20.0394058227539
"NK","2026-09-15T13:00:00.000000",20.0381755828857
"NK","2026-09-15T14:00:00.000000",20.0378913879395
"NK","2026-09-15T15:00:00.000000",20.0599727630615
"NK","2026-09-15T16:00:00.000000",20.1971092224121
"NK","2026-09-15T17:00:00.000000",20.3070487976074
"NK","2026-09-15T18:00:00.000000",20.3490028381348
"NK","2026-09-15T19:00:00.000000",20.3451328277588
"NK","2026-09-15T20:00:00.000000",20.3193283081055
"NK","2026-09-15T21:00:00.000000",20.2801647186279
"NK","2026-09-15T22:00:00.000000",20.2317962646484
"NK","2026-09-15T23:00:00.000000",20.18381690979
"NK","2026-09-16T00:00:00.000000",20.1448459625244
"PI","2026-09-08T00:00:00.000000",21.8983058929443
"PI","2026-09-08T01:00:00.000000",21.9785060882568
"PI","2026-09-08T02:00:00.000000",22.0481643676758
"PI","2026-09-08T03:00:00.000000",22.0788650512695
"PI","2026-09-08T04:00:00.000000",22.0543441772461
"PI","2026-09-08T05:00:00.000000",22.1079902648926
"PI","2026-09-08T06:00:00.000000",22.0757904052734
"PI","2026-09-08T07:00:00.000000",21.9843978881836
"PI","2026-09-08T08:00:00.000000",21.9527912139893
"PI","2026-09-08T09:00:00.000000",21.9209384918213
"PI","2026-09-08T10:00:00.000000",21.8650760650635
"PI","2026-09-08T11:00:00.000000",21.8154640197754
"PI","2026-09-08T12:00:00.000000",21.858434677124
"PI","2026-09-08T13:00:00.000000",21.8897151947021
"PI","2026-09-08T14:00:00.000000",21.9480514526367
"PI","2026-09-08T15:00:00.000000",22.0010356903076
"PI","2026-09-08T16:00:00.000000",21.9842700958252
"PI","2026-09-08T17:00:00.000000",21.9383316040039
"PI","2026-09-08T18:00:00.000000",21.8508758544922
"PI","2026-09-08T19:00:00.000000",21.8523693084717
"PI","2026-09-08T20:00:00.000000",21.8889217376709
"PI","2026-09-08T21:00:00.000000",21.8955421447754
"PI","2026-09-08T22:00:00.000000",21.8636112213135
"PI","2026-09-08T23:00:00.000000",21.7401924133301
"PI","2026-09-09T00:00:00.000000",21.7391815185547
"PI","2026-09-09T01:00:00.000000",21.7833232879639
"PI","2026-09-09T02:00:00.000000",21.8423957824707
"PI","2026-09-09T03:00:00.000000",21.9195804595947
"PI","2026-09-09T04:00:00.000000",21.9401512145996
"PI","2026-09-09T05:00:00.000000",21.9765872955322
"PI","2026-09-09T06:00:00.000000",22.0190887451172
"PI","2026-09-09T07:00:00.000000",21.9576015472412
"PI","2026-09-09T08:00:00.000000",21.8943881988525
"PI","2026-09-09T09:00:00.000000",21.8426456451416
"PI","2026-09-09T10:00:00.000000",21.7812023162842
"PI","2026-09-09T11:00:00.000000",21.7362575531006
"PI","2026-09-09T12:00:00.000000",21.7328968048096
"PI","2026-09-09T13:00:00.000000",21.7666912078857
"PI","2026-09-09T14:00:00.000000",21.8029747009277
"PI","2026-09-09T15:00:00.000000",21.8743667602539
"PI","2026-09-09T16:00:00.000000",21.9535217285156
"PI","2026-09-09T17:00:00.000000",21.911283493042
"PI","2026-09-09T18:00:00.000000",21.9025363922119
"PI","2026-09-09T19:00:00.000000",21.8695888519287
"PI","2026-09-09T20:00:00.000000",21.8239555358887
"PI","2026-09-09T21:00:00.000000",21.8753395080566
"PI","2026-09-09T22:00:00.000000",21.9292316436768
"PI","2026-09-09T23:00:00.000000",21.8803787231445
"PI","2026-09-10T00:00:00.000000",21.7589206695557
"PI","2026-09-10T01:00:00.000000",21.7729072570801
"PI","2026-09-10T02:00:00.000000",21.8151817321777
"PI","2026-09-10T03:00:00.000000",21.8543853759766
"PI","2026-09-10T04:00:00.000000",21.9025554656982
"PI","2026-09-10T05:00:00.000000",21.9397163391113
"PI","2026-09-10T06:00:00.000000",21.961483001709
"PI","2026-09-10T07:00:00.000000",21.9892501831055
"PI","2026-09-10T08:00:00.000000",21.9803352355957
"PI","2026-09-10T09:00:00.000000",21.9332904815674
"PI","2026-09-10T10:00:00.000000",21.921314239502
"PI","2026-09-10T11:00:00.000000",21.8910636901855
"PI","2026-09-10T12:00:00.000000",21.8422889709473
"PI","2026-09-10T13:00:00.000000",21.8186187744141
"PI","2026-09-10T14:00:00.000000",21.8558444976807
"PI","2026-09-10T15:00:00.000000",21.9280586242676
"PI","2026-09-10T16:00:00.000000",22.0649547576904
"PI","2026-09-10T17:00:00.000000",22.1268253326416
"PI","2026-09-10T18:00:00.000000",22.0782642364502
"PI","2026-09-10T19:00:00.000000",22.0342922210693
"PI","2026-09-10T20:00:00.000000",21.9525814056396
"PI","2026-09-10T21:00:00.000000",21.9426174163818
"PI","2026-09-10T22:00:00.000000",21.9725952148438
"PI","2026-09-10T23:00:00.000000",21.9497222900391
"PI","2026-09-11T00:00:00.000000",21.9065685272217
"PI","2026-09-11T01:00:00.000000",21.8465366363525
"PI","2026-09-11T02:00:00.000000",21.8434944152832
"PI","2026-09-11T03:00:00.000000",21.9146537780762
"PI","2026-09-11T04:00:00.000000",22.0168972015381
"PI","2026-09-11T05:00:00.000000",22.2056198120117
"PI","2026-09-11T06:00:00.000000",22.1921157836914
"PI","2026-09-11T07:00:00.000000",22.0682163238525
"PI","2026-09-11T08:00:00.000000",22.0298175811768
"PI","2026-09-11T09:00:00.000000",21.9321422576904
"PI","2026-09-11T10:00:00.000000",21.9321727752686
"PI","2026-09-11T11:00:00.000000",21.913236618042
"PI","2026-09-11T12:00:00.000000",21.8939399719238
"PI","2026-09-11T13:00:00.000000",21.8003845214844
"PI","2026-09-11T14:00:00.000000",21.847484588623
"PI","2026-09-11T15:00:00.000000",21.9744548797607
"PI","2026-09-11T16:00:00.000000",22.0718364715576
"PI","2026-09-11T17:00:00.000000",22.2007884979248
"PI","2026-09-11T18:00:00.000000",22.2899856567383
"PI","2026-09-11T19:00:00.000000",22.057746887207
"PI","2026-09-11T20:00:00.000000",21.9998512268066
"PI","2026-09-11T21:00:00.000000",21.9366302490234
"PI","2026-09-11T22:00:00.000000",21.931037902832
"PI","2026-09-11T23:00:00.000000",21.963342666626
"PI","2026-09-12T00:00:00.000000",21.9879188537598
"PI","2026-09-12T01:00:00.000000",21.869909286499
"PI","2026-09-12T02:00:00.000000",21.7896690368652
"PI","2026-09-12T03:00:00.000000",21.8536548614502
"PI","2026-09-12T04:00:00.000000",21.903133392334
"PI","2026-09-12T05:00:00.000000",22.0108184814453
"PI","2026-09-12T06:00:00.000000",22.1364192962646
"PI","2026-09-12T07:00:00.000000",22.0049571990967
"PI","2026-09-12T08:00:00.000000",21.9972476959229
"PI","2026-09-12T09:00:00.000000",21.9251174926758
"PI","2026-09-12T10:00:00.000000",21.8987369537354
"PI","2026-09-12T11:00:00.000000",21.9077243804932
"PI","2026-09-12T12:00:00.000000",21.9045333862305
"PI","2026-09-12T13:00:00.000000",21.8798923492432
"PI","2026-09-12T14:00:00.000000",21.780445098877
"PI","2026-09-12T15:00:00.000000",21.8439865112305
"PI","2026-09-12T16:00:00.000000",21.9119853973389
"PI","2026-09-12T17:00:00.000000",22.0318603515625
"PI","2026-09-12T18:00:00.000000",22.1652050018311
"PI","2026-09-12T19:00:00.000000",22.0667362213135
"PI","2026-09-12T20:00:00.000000",22.0561466217041
"PI","2026-09-12T21:00:00.000000",21.9930267333984
"PI","2026-09-12T22:00:00.000000",21.9312286376953
"PI","2026-09-12T23:00:00.000000",21.9488754272461
"PI","2026-09-13T00:00:00.000000",21.9955139160156
"PI","2026-09-13T01:00:00.000000",21.9981632232666
"PI","2026-09-13T02:00:00.000000",21.8220806121826
"PI","2026-09-13T03:00:00.000000",21.8478336334229
"PI","2026-09-13T04:00:00.000000",21.8961811065674
"PI","2026-09-13T05:00:00.000000",21.9547672271729
"PI","2026-09-13T06:00:00.000000",22.0207462310791
"PI","2026-09-13T07:00:00.000000",22.0536308288574
"PI","2026-09-13T08:00:00.000000",22.033540725708
"PI","2026-09-13T09:00:00.000000",21.9943218231201
"PI","2026-09-13T10:00:00.000000",21.9026260375977
"PI","2026-09-13T11:00:00.000000",21.9079780578613
"PI","2026-09-13T12:00:00.000000",21.9377880096436
"PI","2026-09-13T13:00:00.000000",21.9386978149414
"PI","2026-09-13T14:00:00.000000",21.8656997680664
"PI","2026-09-13T15:00:00.000000",21.843204498291
"PI","2026-09-13T16:00:00.000000",21.8676204681396
"PI","2026-09-13T17:00:00.000000",21.91042137146
"PI","2026-09-13T18:00:00.000000",21.9669857025146
"PI","2026-09-13T19:00:00.000000",22.0004234313965
"PI","2026-09-13T20:00:00.000000",21.9732532501221
"PI","2026-09-13T21:00:00.000000",21.9836292266846
"PI","2026-09-13T22:00:00.000000",21.9482040405273
"PI","2026-09-13T23:00:00.000000",21.8990020751953
"PI","2026-09-14T00:00:00.000000",21.9242820739746
"PI","2026-09-14T01:00:00.000000",21.921968460083
"PI","2026-09-14T02:00:00.000000",21.8891563415527
"PI","2026-09-14T03:00:00.000000",21.8263854980469
"PI","2026-09-14T04:00:00.000000",21.8597450256348
"PI","2026-09-14T05:00:00.000000",21.8987369537354
"PI","2026-09-14T06:00:00.000000",21.9549827575684
"PI","2026-09-14T07:00:00.000000",22.0203914642334
"PI","2026-09-14T08:00:00.000000",21.9863262176514
"PI","2026-09-14T09:00:00.000000",21.9709949493408
"PI","2026-09-14T10:00:00.000000",21.9248332977295
"PI","2026-09-14T11:00:00.000000",21.8717708587646
"PI","2026-09-14T12:00:00.000000",21.8951396942139
"PI","2026-09-14T13:00:00.000000",21.9062747955322
"PI","2026-09-14T14:00:00.000000",21.8963375091553
"PI","2026-09-14T15:00:00.000000",21.8031959533691
"PI","2026-09-14T16:00:00.000000",21.8357524871826
"PI","2026-09-14T17:00:00.000000",21.9497165679932
"PI","2026-09-14T18:00:00.000000",22.0297012329102
"PI","2026-09-14T19:00:00.000000",22.0976600646973
"PI","2026-09-14T20:00:00.000000",22.1716213226318
"PI","2026-09-14T21:00:00.000000",22.0497436523438
"PI","2026-09-14T22:00:00.000000",22.1042785644531
"PI","2026-09-14T23:00:00.000000",21.9838333129883
"PI","2026-09-15T00:00:00.000000",21.9381675720215
"PI","2026-09-15T01:00:00.000000",21.9414081573486
"PI","2026-09-15T02:00:00.000000",21.9463405609131
"PI","2026-09-15T03:00:00.000000",21.8298530578613
"PI","2026-09-15T04:00:00.000000",21.8357486724854
"PI","2026-09-15T05:00:00.000000",22.0154342651367
"PI","2026-09-15T06:00:00.000000",22.0336208343506
"PI","2026-09-15T07:00:00.000000",22.0640659332275
"PI","2026-09-15T08:00:00.000000",22.0971984863281
"PI","2026-09-15T09:00:00.000000",22.0137882232666
"PI","2026-09-15T10:00:00.000000",21.9785747528076
"PI","2026-09-15T11:00:00.000000",21.8792304992676
"PI","2026-09-15T12:00:00.000000",21.842716217041
"PI","2026-09-15T13:00:00.000000",21.8981647491455
"PI","2026-09-15T14:00:00.000000",21.9074878692627
"PI","2026-09-15T15:00:00.000000",21.8700485229492
"PI","2026-09-15T16:00:00.000000",21.7388782501221
"PI","2026-09-15T17:00:00.000000",21.8168640136719
"PI","2026-09-15T18:00:00.000000",21.9398155212402
"PI","2026-09-15T19:00:00.000000",21.9987316131592
"PI","2026-09-15T20:00:00.000000",22.0344429016113
"PI","2026-09-15T21:00:00.000000",21.9857349395752
"PI","2026-09-15T22:00:00.000000",21.9796180725098
"PI","2026-09-15T23:00:00.000000",21.9429454803467
"PI","2026-09-16T00:00:00.000000",21.9474315643311
"QU","2026-09-08T00:00:00.000000",20.509859085083
"QU","2026-09-08T01:00:00.000000",20.5029964447021
"QU","2026-09-08T02:00:00.000000",20.5009746551514
"QU","2026-09-08T03:00:00.000000",20.5053081512451
"QU","2026-09-08T04:00:00.000000",20.513765335083
"QU","2026-09-08T05:00:00.000000",20.5231895446777
"QU","2026-09-08T06:00:00.000000",20.5276966094971
"QU","2026-09-08T07:00:00.000000",20.5106601715088
"QU","2026-09-08T08:00:00.000000",20.4695320129395
"QU","2026-09-08T09:00:00.000000",20.4258880615234
"QU","2026-09-08T10:00:00.000000",20.4103851318359
"QU","2026-09-08T11:00:00.000000",20.4092102050781
"QU","2026-09-08T12:00:00.000000",20.4130458831787
"QU","2026-09-08T13:00:00.000000",20.4197998046875
"QU","2026-09-08T14:00:00.000000",20.4292945861816
"QU","2026-09-08T15:00:00.000000",20.441104888916
"QU","2026-09-08T16:00:00.000000",20.4551906585693
"QU","2026-09-08T17:00:00.000000",20.4704303741455
"QU","2026-09-08T18:00:00.000000",20.4953384399414
"QU","2026-09-08T19:00:00.000000",20.5208282470703
"QU","2026-09-08T20:00:00.000000",20.52854347229
"QU","2026-09-08T21:00:00.000000",20.513334274292
"QU","2026-09-08T22:00:00.000000",20.4970626831055
"QU","2026-09-08T23:00:00.000000",20.4864540100098
"QU","2026-09-09T00:00:00.000000",20.4837207794189
"QU","2026-09-09T01:00:00.000000",20.4764633178711
"QU","2026-09-09T02:00:00.000000",20.4857692718506
"QU","2026-09-09T03:00:00.000000",20.5043697357178
"QU","2026-09-09T04:00:00.000000",20.5191268920898
"QU","2026-09-09T05:00:00.000000",20.5273952484131
"QU","2026-09-09T06:00:00.000000",20.5313034057617
"QU","2026-09-09T07:00:00.000000",20.5323047637939
"QU","2026-09-09T08:00:00.000000",20.5274600982666
"QU","2026-09-09T09:00:00.000000",20.5140857696533
"QU","2026-09-09T10:00:00.000000",20.5002307891846
"QU","2026-09-09T11:00:00.000000",20.4789180755615
"QU","2026-09-09T12:00:00.000000",20.4574432373047
"QU","2026-09-09T13:00:00.000000",20.4579677581787
"QU","2026-09-09T14:00:00.000000",20.4666309356689
"QU","2026-09-09T15:00:00.000000",20.4850311279297
"QU","2026-09-09T16:00:00.000000",20.5151100158691
"QU","2026-09-09T17:00:00.000000",20.5484237670898
"QU","2026-09-09T18:00:00.000000",20.5569553375244
"QU","2026-09-09T19:00:00.000000",20.5608348846436
"QU","2026-09-09T20:00:00.000000",20.5612945556641
"QU","2026-09-09T21:00:00.000000",20.5539054870605
"QU","2026-09-09T22:00:00.000000",20.5275726318359
"QU","2026-09-09T23:00:00.000000",20.5001678466797
"QU","2026-09-10T00:00:00.000000",20.4889678955078
"QU","2026-09-10T01:00:00.000000",20.4892272949219
"QU","2026-09-10T02:00:00.000000",20.5007305145264
"QU","2026-09-10T03:00:00.000000",20.5212230682373
"QU","2026-09-10T04:00:00.000000",20.5404777526855
"QU","2026-09-10T05:00:00.000000",20.5515098571777
"QU","2026-09-10T06:00:00.000000",20.5576858520508
"QU","2026-09-10T07:00:00.000000",20.5610752105713
"QU","2026-09-10T08:00:00.000000",20.5622749328613
"QU","2026-09-10T09:00:00.000000",20.5609302520752
"QU","2026-09-10T10:00:00.000000",20.5590114593506
"QU","2026-09-10T11:00:00.000000",20.5565624237061
"QU","2026-09-10T12:00:00.000000",20.5465221405029
"QU","2026-09-10T13:00:00.000000",20.5363864898682
"QU","2026-09-10T14:00:00.000000",20.549711227417
"QU","2026-09-10T15:00:00.000000",20.5668182373047
"QU","2026-09-10T16:00:00.000000",20.5808963775635
"QU","2026-09-10T17:00:00.000000",20.5922203063965
"QU","2026-09-10T18:00:00.000000",20.6022472381592
"QU","2026-09-10T19:00:00.000000",20.6099758148193
"QU","2026-09-10T20:00:00.000000",20.6140384674072
"QU","2026-09-10T21:00:00.000000",20.6166362762451
"QU","2026-09-10T22:00:00.000000",20.6167144775391
"QU","2026-09-10T23:00:00.000000",20.6059989929199
"QU","2026-09-11T00:00:00.000000",20.5359668731689
"QU","2026-09-11T01:00:00.000000",20.4251194000244
"QU","2026-09-11T02:00:00.000000",20.3614406585693
"QU","2026-09-11T03:00:00.000000",20.3330783843994
"QU","2026-09-11T04:00:00.000000",20.3150253295898
"QU","2026-09-11T05:00:00.000000",20.3094329833984
"QU","2026-09-11T06:00:00.000000",20.3152961730957
"QU","2026-09-11T07:00:00.000000",20.3338508605957
"QU","2026-09-11T08:00:00.000000",20.3594608306885
"QU","2026-09-11T09:00:00.000000",20.3687572479248
"QU","2026-09-11T10:00:00.000000",20.3175945281982
"QU","2026-09-11T11:00:00.000000",20.2350616455078
"QU","2026-09-11T12:00:00.000000",20.2001514434814
"QU","2026-09-11T13:00:00.000000",20.1895599365234
"QU","2026-09-11T14:00:00.000000",20.1836318969727
"QU","2026-09-11T15:00:00.000000",20.1816253662109
"QU","2026-09-11T16:00:00.000000",20.1855697631836
"QU","2026-09-11T17:00:00.000000",20.199821472168
"QU","2026-09-11T18:00:00.000000",20.2337856292725
"QU","2026-09-11T19:00:00.000000",20.2881450653076
"QU","2026-09-11T20:00:00.000000",20.351448059082
"QU","2026-09-11T21:00:00.000000",20.4226818084717
"QU","2026-09-11T22:00:00.000000",20.4817447662354
"QU","2026-09-11T23:00:00.000000",20.435697555542
"QU","2026-09-12T00:00:00.000000",20.3267498016357
"QU","2026-09-12T01:00:00.000000",20.2400035858154
"QU","2026-09-12T02:00:00.000000",20.2054786682129
"QU","2026-09-12T03:00:00.000000",20.1974544525146
"QU","2026-09-12T04:00:00.000000",20.2227172851562
"QU","2026-09-12T05:00:00.000000",20.241283416748
"QU","2026-09-12T06:00:00.000000",20.2517013549805
"QU","2026-09-12T07:00:00.000000",20.2537860870361
"QU","2026-09-12T08:00:00.000000",20.2508697509766
"QU","2026-09-12T09:00:00.000000",20.2478675842285
"QU","2026-09-12T10:00:00.000000",20.2330188751221
"QU","2026-09-12T11:00:00.000000",20.2014636993408
"QU","2026-09-12T12:00:00.000000",20.189582824707
"QU","2026-09-12T13:00:00.000000",20.1696376800537
"QU","2026-09-12T14:00:00.000000",20.13205909729
"QU","2026-09-12T15:00:00.000000",20.1184043884277
"QU","2026-09-12T16:00:00.000000",20.1245956420898
"QU","2026-09-12T17:00:00.000000",20.1722621917725
"QU","2026-09-12T18:00:00.000000",20.2832565307617
"QU","2026-09-12T19:00:00.000000",20.4215240478516
"QU","2026-09-12T20:00:00.000000",20.4371013641357
"QU","2026-09-12T21:00:00.000000",20.4351215362549
"QU","2026-09-12T22:00:00.000000",20.4247360229492
"QU","2026-09-12T23:00:00.000000",20.397970199585
"QU","2026-09-13T00:00:00.000000",20.3435096740723
"QU","2026-09-13T01:00:00.000000",20.2514190673828
"QU","2026-09-13T02:00:00.000000",20.161527633667
"QU","2026-09-13T03:00:00.000000",20.1082096099854
"QU","2026-09-13T04:00:00.000000",20.1085109710693
"QU","2026-09-13T05:00:00.000000",20.1584720611572
"QU","2026-09-13T06:00:00.000000",20.2291126251221
"QU","2026-09-13T07:00:00.000000",20.2797737121582
"QU","2026-09-13T08:00:00.000000",20.3059616088867
"QU","2026-09-13T09:00:00.000000",20.3206806182861
"QU","2026-09-13T10:00:00.000000",20.3137397766113
"QU","2026-09-13T11:00:00.000000",20.2682132720947
"QU","2026-09-13T12:00:00.000000",20.1856994628906
"QU","2026-09-13T13:00:00.000000",20.0876274108887
"QU","2026-09-13T14:00:00.000000",20.0304851531982
"QU","2026-09-13T15:00:00.000000",19.9988956451416
"QU","2026-09-13T16:00:00.000000",19.9893188476562
"QU","2026-09-13T17:00:00.000000",19.9772167205811
"QU","2026-09-13T18:00:00.000000",19.97629737854
"QU","2026-09-13T19:00:00.000000",19.9862194061279
"QU","2026-09-13T20:00:00.000000",19.9954376220703
"QU","2026-09-13T21:00:00.000000",20.0046234130859
"QU","2026-09-13T22:00:00.000000",20.0135898590088
"QU","2026-09-13T23:00:00.000000",20.0164051055908
"QU","2026-09-14T00:00:00.000000",20.0047702789307
"QU","2026-09-14T01:00:00.000000",19.993673324585
"QU","2026-09-14T02:00:00.000000",19.9871807098389
"QU","2026-09-14T03:00:00.000000",19.985502243042
"QU","2026-09-14T04:00:00.000000",19.9919662475586
"QU","2026-09-14T05:00:00.000000",20.0021896362305
"QU","2026-09-14T06:00:00.000000",20.0158443450928
"QU","2026-09-14T07:00:00.000000",20.0322303771973
"QU","2026-09-14T08:00:00.000000",20.0473003387451
"QU","2026-09-14T09:00:00.000000",20.0547866821289
"QU","2026-09-14T10:00:00.000000",20.0557594299316
"QU","2026-09-14T11:00:00.000000",20.0515556335449
"QU","2026-09-14T12:00:00.000000",20.0331153869629
"QU","2026-09-14T13:00:00.000000",20.010835647583
"QU","2026-09-14T14:00:00.000000",19.996976852417
"QU","2026-09-14T15:00:00.000000",19.981071472168
"QU","2026-09-14T16:00:00.000000",19.9727592468262
"QU","2026-09-14T17:00:00.000000",19.977481842041
"QU","2026-09-14T18:00:00.000000",19.9874496459961
"QU","2026-09-14T19:00:00.000000",20.0046291351318
"QU","2026-09-14T20:00:00.000000",20.020486831665
"QU","2026-09-14T21:00:00.000000",20.0366821289062
"QU","2026-09-14T22:00:00.000000",20.0512294769287
"QU","2026-09-14T23:00:00.000000",20.0576839447021
"QU","2026-09-15T00:00:00.000000",20.037561416626
"QU","2026-09-15T01:00:00.000000",20.0011768341064
"QU","2026-09-15T02:00:00.000000",19.9656829833984
"QU","2026-09-15T03:00:00.000000",19.942138671875
"QU","2026-09-15T04:00:00.000000",19.9267845153809
"QU","2026-09-15T05:00:00.000000",19.9194507598877
"QU","2026-09-15T06:00:00.000000",19.9176197052002
"QU","2026-09-15T07:00:00.000000",19.9235572814941
"QU","2026-09-15T08:00:00.000000",19.9389457702637
"QU","2026-09-15T09:00:00.000000",19.9534568786621
"QU","2026-09-15T10:00:00.000000",19.9577922821045
"QU","2026-09-15T11:00:00.000000",19.9563770294189
"QU","2026-09-15T12:00:00.000000",19.9427318572998
"QU","2026-09-15T13:00:00.000000",19.9209671020508
"QU","2026-09-15T14:00:00.000000",19.896520614624
"QU","2026-09-15T15:00:00.000000",19.88547706604
"QU","2026-09-15T16:00:00.000000",19.8863735198975
"QU","2026-09-15T17:00:00.000000",19.8918285369873
"QU","2026-09-15T18:00:00.000000",19.9211311340332
"QU","2026-09-15T19:00:00.000000",19.9551334381104
"QU","2026-09-15T20:00:00.000000",19.9849319458008
"QU","2026-09-15T21:00:00.000000",20.0056610107422
"QU","2026-09-15T22:00:00.000000",20.0202713012695
"QU","2026-09-15T23:00:00.000000",20.0268421173096
"QU","2026-09-16T00:00:00.000000",20.0213928222656
"CC","2026-09-08T00:00:00.000000",22.8705081939697
"CC","2026-09-08T01:00:00.000000",22.8687419891357
"CC","2026-09-08T02:00:00.000000",22.8658256530762
"CC","2026-09-08T03:00:00.000000",22.8619499206543
"CC","2026-09-08T04:00:00.000000",22.855167388916
"CC","2026-09-08T05:00:00.000000",22.8460712432861
"CC","2026-09-08T06:00:00.000000",22.8351764678955
"CC","2026-09-08T07:00:00.000000",22.8215293884277
"CC","2026-09-08T08:00:00.000000",22.8070468902588
"CC","2026-09-08T09:00:00.000000",22.7957744598389
"CC","2026-09-08T10:00:00.000000",22.7835597991943
"CC","2026-09-08T11:00:00.000000",22.7721118927002
"CC","2026-09-08T12:00:00.000000",22.7608261108398
"CC","2026-09-08T13:00:00.000000",22.7544937133789
"CC","2026-09-08T14:00:00.000000",22.7435531616211
"CC","2026-09-08T15:00:00.000000",22.7340393066406
"CC","2026-09-08T16:00:00.000000",22.7240104675293
"CC","2026-09-08T17:00:00.000000",22.7142791748047
"CC","2026-09-08T18:00:00.000000",22.7050647735596
"CC","2026-09-08T19:00:00.000000",22.693790435791
"CC","2026-09-08T20:00:00.000000",22.6838645935059
"CC","2026-09-08T21:00:00.000000",22.6774654388428
"CC","2026-09-08T22:00:00.000000",22.672815322876
"CC","2026-09-08T23:00:00.000000",22.6703395843506
"CC","2026-09-09T00:00:00.000000",22.6702766418457
"CC","2026-09-09T01:00:00.000000",22.6721172332764
"CC","2026-09-09T02:00:00.000000",22.6745510101318
"CC","2026-09-09T03:00:00.000000",22.6775512695312
"CC","2026-09-09T04:00:00.000000",22.6803379058838
"CC","2026-09-09T05:00:00.000000",22.6834983825684
"CC","2026-09-09T06:00:00.000000",22.6909236907959
"CC","2026-09-09T07:00:00.000000",22.6970195770264
"CC","2026-09-09T08:00:00.000000",22.7015113830566
"CC","2026-09-09T09:00:00.000000",22.699649810791
"CC","2026-09-09T10:00:00.000000",22.6954212188721
"CC","2026-09-09T11:00:00.000000",22.6883544921875
"CC","2026-09-09T12:00:00.000000",22.6787376403809
"CC","2026-09-09T13:00:00.000000",22.6647243499756
"CC","2026-09-09T14:00:00.000000",22.652042388916
"CC","2026-09-09T15:00:00.000000",22.641487121582
"CC","2026-09-09T16:00:00.000000",22.6357860565186
"CC","2026-09-09T17:00:00.000000",22.6310043334961
"CC","2026-09-09T18:00:00.000000",22.6260166168213
"CC","2026-09-09T19:00:00.000000",22.6226634979248
"CC","2026-09-09T20:00:00.000000",22.6207542419434
"CC","2026-09-09T21:00:00.000000",22.6192302703857
"CC","2026-09-09T22:00:00.000000",22.6163673400879
"CC","2026-09-09T23:00:00.000000",22.6125411987305
"CC","2026-09-10T00:00:00.000000",22.6086368560791
"CC","2026-09-10T01:00:00.000000",22.6042957305908
"CC","2026-09-10T02:00:00.000000",22.5968265533447
"CC","2026-09-10T03:00:00.000000",22.5854263305664
"CC","2026-09-10T04:00:00.000000",22.5785751342773
"CC","2026-09-10T05:00:00.000000",22.573802947998
"CC","2026-09-10T06:00:00.000000",22.5698261260986
"CC","2026-09-10T07:00:00.000000",22.5657272338867
"CC","2026-09-10T08:00:00.000000",22.5629653930664
"CC","2026-09-10T09:00:00.000000",22.5594902038574
"CC","2026-09-10T10:00:00.000000",22.5553913116455
"CC","2026-09-10T11:00:00.000000",22.5517044067383
"CC","2026-09-10T12:00:00.000000",22.5493927001953
"CC","2026-09-10T13:00:00.000000",22.5481357574463
"CC","2026-09-10T14:00:00.000000",22.5475597381592
"CC","2026-09-10T15:00:00.000000",22.5479068756104
"CC","2026-09-10T16:00:00.000000",22.5484809875488
"CC","2026-09-10T17:00:00.000000",22.5502910614014
"CC","2026-09-10T18:00:00.000000",22.5524559020996
"CC","2026-09-10T19:00:00.000000",22.5567150115967
"CC","2026-09-10T20:00:00.000000",22.5655097961426
"CC","2026-09-10T21:00:00.000000",22.5739212036133
"CC","2026-09-10T22:00:00.000000",22.5825176239014
"CC","2026-09-10T23:00:00.000000",22.594165802002
"CC","2026-09-11T00:00:00.000000",22.6051216125488
"CC","2026-09-11T01:00:00.000000",22.6105270385742
"CC","2026-09-11T02:00:00.000000",22.6145095825195
"CC","2026-09-11T03:00:00.000000",22.6184711456299
"CC","2026-09-11T04:00:00.000000",22.6214332580566
"CC","2026-09-11T05:00:00.000000",22.6195468902588
"CC","2026-09-11T06:00:00.000000",22.6160659790039
"CC","2026-09-11T07:00:00.000000",22.6086502075195
"CC","2026-09-11T08:00:00.000000",22.6009674072266
"CC","2026-09-11T09:00:00.000000",22.5863437652588
"CC","2026-09-11T10:00:00.000000",22.5679798126221
"CC","2026-09-11T11:00:00.000000",22.5530891418457
"CC","2026-09-11T12:00:00.000000",22.5416202545166
"CC","2026-09-11T13:00:00.000000",22.5320053100586
"CC","2026-09-11T14:00:00.000000",22.5251064300537
"CC","2026-09-11T15:00:00.000000",22.5233383178711
"CC","2026-09-11T16:00:00.000000",22.5254325866699
"CC","2026-09-11T17:00:00.000000",22.528341293335
"CC","2026-09-11T18:00:00.000000",22.5317211151123
"CC","2026-09-11T19:00:00.000000",22.5347995758057
"CC","2026-09-11T20:00:00.000000",22.5372924804688
"CC","2026-09-11T21:00:00.000000",22.539514541626
"CC","2026-09-11T22:00:00.000000",22.5420074462891
"CC","2026-09-11T23:00:00.000000",22.5460796356201
"CC","2026-09-12T00:00:00.000000",22.5544090270996
"CC","2026-09-12T01:00:00.000000",22.5611095428467
"CC","2026-09-12T02:00:00.000000",22.564245223999
"CC","2026-09-12T03:00:00.000000",22.5664558410645
"CC","2026-09-12T04:00:00.000000",22.5691719055176
"CC","2026-09-12T05:00:00.000000",22.5717792510986
"CC","2026-09-12T06:00:00.000000",22.5733737945557
"CC","2026-09-12T07:00:00.000000",22.5731792449951
"CC","2026-09-12T08:00:00.000000",22.5708675384521
"CC","2026-09-12T09:00:00.000000",22.5679893493652
"CC","2026-09-12T10:00:00.000000",22.5635089874268
"CC","2026-09-12T11:00:00.000000",22.5587005615234
"CC","2026-09-12T12:00:00.000000",22.5549392700195
"CC","2026-09-12T13:00:00.000000",22.5525341033936
"CC","2026-09-12T14:00:00.000000",22.5525360107422
"CC","2026-09-12T15:00:00.000000",22.5542316436768
"CC","2026-09-12T16:00:00.000000",22.5587882995605
"CC","2026-09-12T17:00:00.000000",22.566987991333
"CC","2026-09-12T18:00:00.000000",22.5763969421387
"CC","2026-09-12T19:00:00.000000",22.5849857330322
"CC","2026-09-12T20:00:00.000000",22.5956268310547
"CC","2026-09-12T21:00:00.000000",22.6050891876221
"CC","2026-09-12T22:00:00.000000",22.6108856201172
"CC","2026-09-12T23:00:00.000000",22.6142902374268
"CC","2026-09-13T00:00:00.000000",22.6239433288574
"CC","2026-09-13T01:00:00.000000",22.6381435394287
"CC","2026-09-13T02:00:00.000000",22.6507091522217
"CC","2026-09-13T03:00:00.000000",22.6601257324219
"CC","2026-09-13T04:00:00.000000",22.6663513183594
"CC","2026-09-13T05:00:00.000000",22.6659355163574
"CC","2026-09-13T06:00:00.000000",22.6636161804199
"CC","2026-09-13T07:00:00.000000",22.6622085571289
"CC","2026-09-13T08:00:00.000000",22.6608600616455
"CC","2026-09-13T09:00:00.000000",22.6583404541016
"CC","2026-09-13T10:00:00.000000",22.6564102172852
"CC","2026-09-13T11:00:00.000000",22.6555728912354
"CC","2026-09-13T12:00:00.000000",22.6548976898193
"CC","2026-09-13T13:00:00.000000",22.6535320281982
"CC","2026-09-13T14:00:00.000000",22.6513957977295
"CC","2026-09-13T15:00:00.000000",22.6499938964844
"CC","2026-09-13T16:00:00.000000",22.6503314971924
"CC","2026-09-13T17:00:00.000000",22.652795791626
"CC","2026-09-13T18:00:00.000000",22.6556491851807
"CC","2026-09-13T19:00:00.000000",22.6576461791992
"CC","2026-09-13T20:00:00.000000",22.6595802307129
"CC","2026-09-13T21:00:00.000000",22.6608600616455
"CC","2026-09-13T22:00:00.000000",22.660737991333
"CC","2026-09-13T23:00:00.000000",22.6599102020264
"CC","2026-09-14T00:00:00.000000",22.6577682495117
"CC","2026-09-14T01:00:00.000000",22.6548271179199
"CC","2026-09-14T02:00:00.000000",22.6514511108398
"CC","2026-09-14T03:00:00.000000",22.6478443145752
"CC","2026-09-14T04:00:00.000000",22.6420116424561
"CC","2026-09-14T05:00:00.000000",22.6351451873779
"CC","2026-09-14T06:00:00.000000",22.62841796875
"CC","2026-09-14T07:00:00.000000",22.625789642334
"CC","2026-09-14T08:00:00.000000",22.6236820220947
"CC","2026-09-14T09:00:00.000000",22.6203212738037
"CC","2026-09-14T10:00:00.000000",22.6158275604248
"CC","2026-09-14T11:00:00.000000",22.605598449707
"CC","2026-09-14T12:00:00.000000",22.5902252197266
"CC","2026-09-14T13:00:00.000000",22.5708694458008
"CC","2026-09-14T14:00:00.000000",22.5523128509521
"CC","2026-09-14T15:00:00.000000",22.5358085632324
"CC","2026-09-14T16:00:00.000000",22.5238971710205
"CC","2026-09-14T17:00:00.000000",22.5153408050537
"CC","2026-09-14T18:00:00.000000",22.5075511932373
"CC","2026-09-14T19:00:00.000000",22.4965209960938
"CC","2026-09-14T20:00:00.000000",22.4824199676514
"CC","2026-09-14T21:00:00.000000",22.47047996521
"CC","2026-09-14T22:00:00.000000",22.4603977203369
"CC","2026-09-14T23:00:00.000000",22.4495277404785
"CC","2026-09-15T00:00:00.000000",22.4375114440918
"CC","2026-09-15T01:00:00.000000",22.425609588623
"CC","2026-09-15T02:00:00.000000",22.4165306091309
"CC","2026-09-15T03:00:00.000000",22.4088592529297
"CC","2026-09-15T04:00:00.000000",22.4030685424805
"CC","2026-09-15T05:00:00.000000",22.398136138916
"CC","2026-09-15T06:00:00.000000",22.3938522338867
"CC","2026-09-15T07:00:00.000000",22.3871803283691
"CC","2026-09-15T08:00:00.000000",22.3793430328369
"CC","2026-09-15T09:00:00.000000",22.3722877502441
"CC","2026-09-15T10:00:00.000000",22.3669624328613
"CC","2026-09-15T11:00:00.000000",22.3625926971436
"CC","2026-09-15T12:00:00.000000",22.3585624694824
"CC","2026-09-15T13:00:00.000000",22.355541229248
"CC","2026-09-15T14:00:00.000000",22.3552951812744
"CC","2026-09-15T15:00:00.000000",22.3566379547119
"CC","2026-09-15T16:00:00.000000",22.3587799072266
"CC","2026-09-15T17:00:00.000000",22.3616046905518
"CC","2026-09-15T18:00:00.000000",22.3657627105713
"CC","2026-09-15T19:00:00.000000",22.3706512451172
"CC","2026-09-15T20:00:00.000000",22.3749332427979
"CC","2026-09-15T21:00:00.000000",22.3781623840332
"CC","2026-09-15T22:00:00.000000",22.3823871612549
"CC","2026-09-15T23:00:00.000000",22.3882102966309
"CC","2026-09-16T00:00:00.000000",22.3922443389893
"DL","2026-09-08T00:00:00.000000",21.9879112243652
"DL","2026-09-08T01:00:00.000000",21.9787063598633
"DL","2026-09-08T02:00:00.000000",21.9871139526367
"DL","2026-09-08T03:00:00.000000",21.9874725341797
"DL","2026-09-08T04:00:00.000000",21.9774703979492
"DL","2026-09-08T05:00:00.000000",21.9844627380371
"DL","2026-09-08T06:00:00.000000",21.980806350708
"DL","2026-09-08T07:00:00.000000",21.976634979248
"DL","2026-09-08T08:00:00.000000",21.9318103790283
"DL","2026-09-08T09:00:00.000000",21.9020004272461
"DL","2026-09-08T10:00:00.000000",21.8849868774414
"DL","2026-09-08T11:00:00.000000",21.8961887359619
"DL","2026-09-08T12:00:00.000000",21.9010829925537
"DL","2026-09-08T13:00:00.000000",21.9181652069092
"DL","2026-09-08T14:00:00.000000",21.9131736755371
"DL","2026-09-08T15:00:00.000000",21.9142971038818
"DL","2026-09-08T16:00:00.000000",21.9097023010254
"DL","2026-09-08T17:00:00.000000",21.9048557281494
"DL","2026-09-08T18:00:00.000000",21.8962440490723
"DL","2026-09-08T19:00:00.000000",21.8310813903809
"DL","2026-09-08T20:00:00.000000",21.775993347168
"DL","2026-09-08T21:00:00.000000",21.7555236816406
"DL","2026-09-08T22:00:00.000000",21.7537822723389
"DL","2026-09-08T23:00:00.000000",21.7720966339111
"DL","2026-09-09T00:00:00.000000",21.7608032226562
"DL","2026-09-09T01:00:00.000000",21.7700290679932
"DL","2026-09-09T02:00:00.000000",21.8136730194092
"DL","2026-09-09T03:00:00.000000",21.8443813323975
"DL","2026-09-09T04:00:00.000000",21.8500232696533
"DL","2026-09-09T05:00:00.000000",21.8560485839844
"DL","2026-09-09T06:00:00.000000",21.8615531921387
"DL","2026-09-09T07:00:00.000000",21.839111328125
"DL","2026-09-09T08:00:00.000000",21.7777881622314
"DL","2026-09-09T09:00:00.000000",21.7452754974365
"DL","2026-09-09T10:00:00.000000",21.7261829376221
"DL","2026-09-09T11:00:00.000000",21.7378444671631
"DL","2026-09-09T12:00:00.000000",21.7472057342529
"DL","2026-09-09T13:00:00.000000",21.7630214691162
"DL","2026-09-09T14:00:00.000000",21.7866230010986
"DL","2026-09-09T15:00:00.000000",21.8218250274658
"DL","2026-09-09T16:00:00.000000",21.8207721710205
"DL","2026-09-09T17:00:00.000000",21.79248046875
"DL","2026-09-09T18:00:00.000000",21.7336387634277
"DL","2026-09-09T19:00:00.000000",21.7351226806641
"DL","2026-09-09T20:00:00.000000",21.7539863586426
"DL","2026-09-09T21:00:00.000000",21.7725105285645
"DL","2026-09-09T22:00:00.000000",21.7844352722168
"DL","2026-09-09T23:00:00.000000",21.788610458374
"DL","2026-09-10T00:00:00.000000",21.7804279327393
"DL","2026-09-10T01:00:00.000000",21.7691917419434
"DL","2026-09-10T02:00:00.000000",21.7575492858887
"DL","2026-09-10T03:00:00.000000",21.7551288604736
"DL","2026-09-10T04:00:00.000000",21.7767314910889
"DL","2026-09-10T05:00:00.000000",21.8190364837646
"DL","2026-09-10T06:00:00.000000",21.8234043121338
"DL","2026-09-10T07:00:00.000000",21.8248958587646
"DL","2026-09-10T08:00:00.000000",21.8140258789062
"DL","2026-09-10T09:00:00.000000",21.7964515686035
"DL","2026-09-10T10:00:00.000000",21.7952709197998
"DL","2026-09-10T11:00:00.000000",21.8004188537598
"DL","2026-09-10T12:00:00.000000",21.8064212799072
"DL","2026-09-10T13:00:00.000000",21.8114013671875
"DL","2026-09-10T14:00:00.000000",21.8214988708496
"DL","2026-09-10T15:00:00.000000",21.8407325744629
"DL","2026-09-10T16:00:00.000000",21.8735103607178
"DL","2026-09-10T17:00:00.000000",21.8292579650879
"DL","2026-09-10T18:00:00.000000",21.8163185119629
"DL","2026-09-10T19:00:00.000000",21.7662258148193
"DL","2026-09-10T20:00:00.000000",21.7454948425293
"DL","2026-09-10T21:00:00.000000",21.7501430511475
"DL","2026-09-10T22:00:00.000000",21.7654418945312
"DL","2026-09-10T23:00:00.000000",21.7855472564697
"DL","2026-09-11T00:00:00.000000",21.8018207550049
"DL","2026-09-11T01:00:00.000000",21.8200016021729
"DL","2026-09-11T02:00:00.000000",21.810188293457
"DL","2026-09-11T03:00:00.000000",21.8009796142578
"DL","2026-09-11T04:00:00.000000",21.8577613830566
"DL","2026-09-11T05:00:00.000000",21.8729648590088
"DL","2026-09-11T06:00:00.000000",21.8584842681885
"DL","2026-09-11T07:00:00.000000",21.8685302734375
"DL","2026-09-11T08:00:00.000000",21.8344955444336
"DL","2026-09-11T09:00:00.000000",21.8276329040527
"DL","2026-09-11T10:00:00.000000",21.8260803222656
"DL","2026-09-11T11:00:00.000000",21.8239917755127
"DL","2026-09-11T12:00:00.000000",21.8208961486816
"DL","2026-09-11T13:00:00.000000",21.8228015899658
"DL","2026-09-11T14:00:00.000000",21.8243923187256
"DL","2026-09-11T15:00:00.000000",21.8304824829102
"DL","2026-09-11T16:00:00.000000",21.8571281433105
"DL","2026-09-11T17:00:00.000000",21.8922138214111
"DL","2026-09-11T18:00:00.000000",21.8922138214111
"DL","2026-09-11T19:00:00.000000",21.8922138214111
"DL","2026-09-11T20:00:00.000000",21.8922138214111
"DL","2026-09-11T21:00:00.000000",21.8530235290527
"DL","2026-09-11T22:00:00.000000",21.855770111084
"DL","2026-09-11T23:00:00.000000",21.8668041229248
"DL","2026-09-12T00:00:00.000000",21.8783950805664
"DL","2026-09-12T01:00:00.000000",21.8848114013672
"DL","2026-09-12T02:00:00.000000",21.8750133514404
"DL","2026-09-12T03:00:00.000000",21.8608722686768
"DL","2026-09-12T04:00:00.000000",21.8541774749756
"DL","2026-09-12T05:00:00.000000",21.8708038330078
"DL","2026-09-12T06:00:00.000000",21.8725852966309
"DL","2026-09-12T07:00:00.000000",21.872371673584
"DL","2026-09-12T08:00:00.000000",21.8623504638672
"DL","2026-09-12T09:00:00.000000",21.860107421875
"DL","2026-09-12T10:00:00.000000",21.8682193756104
"DL","2026-09-12T11:00:00.000000",21.8688812255859
"DL","2026-09-12T12:00:00.000000",21.8681621551514
"DL","2026-09-12T13:00:00.000000",21.8700561523438
"DL","2026-09-12T14:00:00.000000",21.8779029846191
"DL","2026-09-12T15:00:00.000000",21.8866481781006
"DL","2026-09-12T16:00:00.000000",21.8892574310303
"DL","2026-09-12T17:00:00.000000",21.8929233551025
"DL","2026-09-12T18:00:00.000000",21.9003124237061
"DL","2026-09-12T19:00:00.000000",21.903076171875
"DL","2026-09-12T20:00:00.000000",21.9055156707764
"DL","2026-09-12T21:00:00.000000",21.917724609375
"DL","2026-09-12T22:00:00.000000",21.9342498779297
"DL","2026-09-12T23:00:00.000000",21.9560661315918
"DL","2026-09-13T00:00:00.000000",21.9721813201904
"DL","2026-09-13T01:00:00.000000",21.9702205657959
"DL","2026-09-13T02:00:00.000000",21.9537811279297
"DL","2026-09-13T03:00:00.000000",21.9461669921875
"DL","2026-09-13T04:00:00.000000",21.9291725158691
"DL","2026-09-13T05:00:00.000000",21.9057102203369
"DL","2026-09-13T06:00:00.000000",21.8986129760742
"DL","2026-09-13T07:00:00.000000",21.9035701751709
"DL","2026-09-13T08:00:00.000000",21.9525508880615
"DL","2026-09-13T09:00:00.000000",21.9686546325684
"DL","2026-09-13T10:00:00.000000",21.9782390594482
"DL","2026-09-13T11:00:00.000000",21.9895973205566
"DL","2026-09-13T12:00:00.000000",21.9876365661621
"DL","2026-09-13T13:00:00.000000",21.9585590362549
"DL","2026-09-13T14:00:00.000000",21.8942241668701
"DL","2026-09-13T15:00:00.000000",21.7995948791504
"DL","2026-09-13T16:00:00.000000",21.5877475738525
"DL","2026-09-13T17:00:00.000000",21.5651988983154
"DL","2026-09-13T18:00:00.000000",21.6393280029297
"DL","2026-09-13T19:00:00.000000",21.6433410644531
"DL","2026-09-13T20:00:00.000000",21.6569976806641
"DL","2026-09-13T21:00:00.000000",21.6463069915771
"DL","2026-09-13T22:00:00.000000",21.6167221069336
"DL","2026-09-13T23:00:00.000000",21.5592594146729
"DL","2026-09-14T00:00:00.000000",21.5675525665283
"DL","2026-09-14T01:00:00.000000",21.6052017211914
"DL","2026-09-14T02:00:00.000000",21.6433048248291
"DL","2026-09-14T03:00:00.000000",21.6382026672363
"DL","2026-09-14T04:00:00.000000",21.584379196167
"DL","2026-09-14T05:00:00.000000",21.5823135375977
"DL","2026-09-14T06:00:00.000000",21.5752029418945
"DL","2026-09-14T07:00:00.000000",21.5326118469238
"DL","2026-09-14T08:00:00.000000",21.5342178344727
"DL","2026-09-14T09:00:00.000000",21.5514907836914
"DL","2026-09-14T10:00:00.000000",21.5734558105469
"DL","2026-09-14T11:00:00.000000",21.6787548065186
"DL","2026-09-14T12:00:00.000000",21.7468566894531
"DL","2026-09-14T13:00:00.000000",21.8113994598389
"DL","2026-09-14T14:00:00.000000",21.8463459014893
"DL","2026-09-14T15:00:00.000000",21.8733253479004
"DL","2026-09-14T16:00:00.000000",21.8596305847168
"DL","2026-09-14T17:00:00.000000",21.816707611084
"DL","2026-09-14T18:00:00.000000",21.6340007781982
"DL","2026-09-14T19:00:00.000000",21.5689487457275
"DL","2026-09-14T20:00:00.000000",21.560510635376
"DL","2026-09-14T21:00:00.000000",21.5481147766113
"DL","2026-09-14T22:00:00.000000",21.5805187225342
"DL","2026-09-14T23:00:00.000000",21.738208770752
"DL","2026-09-15T00:00:00.000000",21.8242244720459
"DL","2026-09-15T01:00:00.000000",21.8872318267822
"DL","2026-09-15T02:00:00.000000",21.9168586730957
"DL","2026-09-15T03:00:00.000000",21.9334697723389
"DL","2026-09-15T04:00:00.000000",21.9250869750977
"DL","2026-09-15T05:00:00.000000",21.8904399871826
"DL","2026-09-15T06:00:00.000000",21.6647548675537
"DL","2026-09-15T07:00:00.000000",21.5903759002686
"DL","2026-09-15T08:00:00.000000",21.5782337188721
"DL","2026-09-15T09:00:00.000000",21.6735534667969
"DL","2026-09-15T10:00:00.000000",21.7528209686279
"DL","2026-09-15T11:00:00.000000",21.7875747680664
"DL","2026-09-15T12:00:00.000000",21.8045196533203
"DL","2026-09-15T13:00:00.000000",21.8418827056885
"DL","2026-09-15T14:00:00.000000",21.8635807037354
"DL","2026-09-15T15:00:00.000000",21.8813571929932
"DL","2026-09-15T16:00:00.000000",21.9009437561035
"DL","2026-09-15T17:00:00.000000",21.9014186859131
"DL","2026-09-15T18:00:00.000000",21.9050121307373
"DL","2026-09-15T19:00:00.000000",21.8654918670654
"DL","2026-09-15T20:00:00.000000",21.7824325561523
"DL","2026-09-15T21:00:00.000000",21.8579158782959
"DL","2026-09-15T22:00:00.000000",21.8897094726562
"DL","2026-09-15T23:00:00.000000",21.8963775634766
"DL","2026-09-16T00:00:00.000000",21.9017162322998
"GB","2026-09-08T00:00:00.000000",22.2496566772461
"GB","2026-09-08T01:00:00.000000",22.1734600067139
"GB","2026-09-08T02:00:00.000000",22.2197685241699
"GB","2026-09-08T03:00:00.000000",22.2951908111572
"GB","2026-09-08T04:00:00.000000",22.346040725708
"GB","2026-09-08T05:00:00.000000",22.3580799102783
"GB","2026-09-08T06:00:00.000000",22.3649730682373
"GB","2026-09-08T07:00:00.000000",22.3192844390869
"GB","2026-09-08T08:00:00.000000",22.3775463104248
"GB","2026-09-08T09:00:00.000000",22.3557815551758
"GB","2026-09-08T10:00:00.000000",22.2855072021484
"GB","2026-09-08T11:00:00.000000",22.2374420166016
"GB","2026-09-08T12:00:00.000000",22.1973495483398
"GB","2026-09-08T13:00:00.000000",22.1391429901123
"GB","2026-09-08T14:00:00.000000",22.1466121673584
"GB","2026-09-08T15:00:00.000000",22.1940612792969
"GB","2026-09-08T16:00:00.000000",22.2881603240967
"GB","2026-09-08T17:00:00.000000",22.3463954925537
"GB","2026-09-08T18:00:00.000000",22.3670330047607
"GB","2026-09-08T19:00:00.000000",22.3609771728516
"GB","2026-09-08T20:00:00.000000",22.3955783843994
"GB","2026-09-08T21:00:00.000000",22.4674835205078
"GB","2026-09-08T22:00:00.000000",22.407413482666
"GB","2026-09-08T23:00:00.000000",22.336986541748
"GB","2026-09-09T00:00:00.000000",22.2942161560059
"GB","2026-09-09T01:00:00.000000",22.2679977416992
"GB","2026-09-09T02:00:00.000000",22.2180366516113
"GB","2026-09-09T03:00:00.000000",22.2390174865723
"GB","2026-09-09T04:00:00.000000",22.3027229309082
"GB","2026-09-09T05:00:00.000000",22.3388767242432
"GB","2026-09-09T06:00:00.000000",22.3770732879639
"GB","2026-09-09T07:00:00.000000",22.3952713012695
"GB","2026-09-09T08:00:00.000000",22.3662300109863
"GB","2026-09-09T09:00:00.000000",22.4596633911133
"GB","2026-09-09T10:00:00.000000",22.452844619751
"GB","2026-09-09T11:00:00.000000",22.351583480835
"GB","2026-09-09T12:00:00.000000",22.2884883880615
"GB","2026-09-09T13:00:00.000000",22.2505283355713
"GB","2026-09-09T14:00:00.000000",22.1757869720459
"GB","2026-09-09T15:00:00.000000",22.1786270141602
"GB","2026-09-09T16:00:00.000000",22.2615375518799
"GB","2026-09-09T17:00:00.000000",22.3305912017822
"GB","2026-09-09T18:00:00.000000",22.3830070495605
"GB","2026-09-09T19:00:00.000000",22.4140510559082
"GB","2026-09-09T20:00:00.000000",22.434850692749
"GB","2026-09-09T21:00:00.000000",22.4882335662842
"GB","2026-09-09T22:00:00.000000",22.5415000915527
"GB","2026-09-09T23:00:00.000000",22.4306507110596
"GB","2026-09-10T00:00:00.000000",22.3706321716309
"GB","2026-09-10T01:00:00.000000",22.3329753875732
"GB","2026-09-10T02:00:00.000000",22.2993335723877
"GB","2026-09-10T03:00:00.000000",22.2080192565918
"GB","2026-09-10T04:00:00.000000",22.2073974609375
"GB","2026-09-10T05:00:00.000000",22.2836894989014
"GB","2026-09-10T06:00:00.000000",22.3297004699707
"GB","2026-09-10T07:00:00.000000",22.3542156219482
"GB","2026-09-10T08:00:00.000000",22.3719997406006
"GB","2026-09-10T09:00:00.000000",22.3441028594971
"GB","2026-09-10T10:00:00.000000",22.3568229675293
"GB","2026-09-10T11:00:00.000000",22.2801074981689
"GB","2026-09-10T12:00:00.000000",22.2382888793945
"GB","2026-09-10T13:00:00.000000",22.216251373291
"GB","2026-09-10T14:00:00.000000",22.1981105804443
"GB","2026-09-10T15:00:00.000000",22.1740646362305
"GB","2026-09-10T16:00:00.000000",22.1027793884277
"GB","2026-09-10T17:00:00.000000",22.0895843505859
"GB","2026-09-10T18:00:00.000000",22.1889419555664
"GB","2026-09-10T19:00:00.000000",22.2477169036865
"GB","2026-09-10T20:00:00.000000",22.2729740142822
"GB","2026-09-10T21:00:00.000000",22.2591495513916
"GB","2026-09-10T22:00:00.000000",22.282678604126
"GB","2026-09-10T23:00:00.000000",22.2110137939453
"GB","2026-09-11T00:00:00.000000",22.1496505737305
"GB","2026-09-11T01:00:00.000000",22.1152820587158
"GB","2026-09-11T02:00:00.000000",22.0926284790039
"GB","2026-09-11T03:00:00.000000",22.0843849182129
"GB","2026-09-11T04:00:00.000000",22.0505390167236
"GB","2026-09-11T05:00:00.000000",21.925968170166
"GB","2026-09-11T06:00:00.000000",21.9553337097168
"GB","2026-09-11T07:00:00.000000",22.0433368682861
"GB","2026-09-11T08:00:00.000000",22.0633182525635
"GB","2026-09-11T09:00:00.000000",22.063404083252
"GB","2026-09-11T10:00:00.000000",22.0275363922119
"GB","2026-09-11T11:00:00.000000",22.0744113922119
"GB","2026-09-11T12:00:00.000000",22.041841506958
"GB","2026-09-11T13:00:00.000000",22.0148029327393
"GB","2026-09-11T14:00:00.000000",22.0030155181885
"GB","2026-09-11T15:00:00.000000",21.9952487945557
"GB","2026-09-11T16:00:00.000000",21.9740657806396
"GB","2026-09-11T17:00:00.000000",21.8637142181396
"GB","2026-09-11T18:00:00.000000",21.9008808135986
"GB","2026-09-11T19:00:00.000000",22.0742359161377
"GB","2026-09-11T20:00:00.000000",22.1393775939941
"GB","2026-09-11T21:00:00.000000",22.1440238952637
"GB","2026-09-11T22:00:00.000000",22.1251449584961
"GB","2026-09-11T23:00:00.000000",22.2116146087646
"GB","2026-09-12T00:00:00.000000",22.1834850311279
"GB","2026-09-12T01:00:00.000000",22.0577068328857
"GB","2026-09-12T02:00:00.000000",21.9947471618652
"GB","2026-09-12T03:00:00.000000",21.9588565826416
"GB","2026-09-12T04:00:00.000000",21.9190502166748
"GB","2026-09-12T05:00:00.000000",21.8521480560303
"GB","2026-09-12T06:00:00.000000",21.8973541259766
"GB","2026-09-12T07:00:00.000000",21.9752426147461
"GB","2026-09-12T08:00:00.000000",22.016902923584
"GB","2026-09-12T09:00:00.000000",22.0332317352295
"GB","2026-09-12T10:00:00.000000",22.0156402587891
"GB","2026-09-12T11:00:00.000000",22.0203056335449
"GB","2026-09-12T12:00:00.000000",22.0930786132812
"GB","2026-09-12T13:00:00.000000",21.994535446167
"GB","2026-09-12T14:00:00.000000",21.9291496276855
"GB","2026-09-12T15:00:00.000000",21.8966598510742
"GB","2026-09-12T16:00:00.000000",21.8632946014404
"GB","2026-09-12T17:00:00.000000",21.799072265625
"GB","2026-09-12T18:00:00.000000",21.8530197143555
"GB","2026-09-12T19:00:00.000000",21.9652614593506
"GB","2026-09-12T20:00:00.000000",22.0301914215088
"GB","2026-09-12T21:00:00.000000",22.0599460601807
"GB","2026-09-12T22:00:00.000000",22.0883731842041
"GB","2026-09-12T23:00:00.000000",22.0972690582275
"GB","2026-09-13T00:00:00.000000",22.2309341430664
"GB","2026-09-13T01:00:00.000000",22.1693878173828
"GB","2026-09-13T02:00:00.000000",22.0441246032715
"GB","2026-09-13T03:00:00.000000",21.9847183227539
"GB","2026-09-13T04:00:00.000000",21.9466915130615
"GB","2026-09-13T05:00:00.000000",21.8770484924316
"GB","2026-09-13T06:00:00.000000",21.845235824585
"GB","2026-09-13T07:00:00.000000",21.9472427368164
"GB","2026-09-13T08:00:00.000000",21.9959163665771
"GB","2026-09-13T09:00:00.000000",22.0127296447754
"GB","2026-09-13T10:00:00.000000",22.010555267334
"GB","2026-09-13T11:00:00.000000",22.0176658630371
"GB","2026-09-13T12:00:00.000000",22.09739112854
"GB","2026-09-13T13:00:00.000000",22.1276206970215
"GB","2026-09-13T14:00:00.000000",22.0218982696533
"GB","2026-09-13T15:00:00.000000",21.9681739807129
"GB","2026-09-13T16:00:00.000000",21.9286003112793
"GB","2026-09-13T17:00:00.000000",21.8682537078857
"GB","2026-09-13T18:00:00.000000",21.8047847747803
"GB","2026-09-13T19:00:00.000000",21.8957347869873
"GB","2026-09-13T20:00:00.000000",21.9496841430664
"GB","2026-09-13T21:00:00.000000",21.9874877929688
"GB","2026-09-13T22:00:00.000000",22.0146541595459
"GB","2026-09-13T23:00:00.000000",22.0254173278809
"GB","2026-09-14T00:00:00.000000",22.058256149292
"GB","2026-09-14T01:00:00.000000",22.1592445373535
"GB","2026-09-14T02:00:00.000000",22.074670791626
"GB","2026-09-14T03:00:00.000000",22.0198078155518
"GB","2026-09-14T04:00:00.000000",21.9887390136719
"GB","2026-09-14T05:00:00.000000",21.9572982788086
"GB","2026-09-14T06:00:00.000000",21.8815536499023
"GB","2026-09-14T07:00:00.000000",21.9296703338623
"GB","2026-09-14T08:00:00.000000",21.9972248077393
"GB","2026-09-14T09:00:00.000000",22.0301342010498
"GB","2026-09-14T10:00:00.000000",22.0513305664062
"GB","2026-09-14T11:00:00.000000",22.0619373321533
"GB","2026-09-14T12:00:00.000000",22.031099319458
"GB","2026-09-14T13:00:00.000000",22.085376739502
"GB","2026-09-14T14:00:00.000000",22.0596237182617
"GB","2026-09-14T15:00:00.000000",21.9933261871338
"GB","2026-09-14T16:00:00.000000",21.9707450866699
"GB","2026-09-14T17:00:00.000000",21.9558525085449
"GB","2026-09-14T18:00:00.000000",21.9087905883789
"GB","2026-09-14T19:00:00.000000",21.9582958221436
"GB","2026-09-14T20:00:00.000000",21.9959030151367
"GB","2026-09-14T21:00:00.000000",22.0546970367432
"GB","2026-09-14T22:00:00.000000",22.0922679901123
"GB","2026-09-14T23:00:00.000000",22.1166229248047
"GB","2026-09-15T00:00:00.000000",22.1001453399658
"GB","2026-09-15T01:00:00.000000",22.1303882598877
"GB","2026-09-15T02:00:00.000000",22.1491241455078
"GB","2026-09-15T03:00:00.000000",22.0268058776855
"GB","2026-09-15T04:00:00.000000",21.9491806030273
"GB","2026-09-15T05:00:00.000000",21.8975601196289
"GB","2026-09-15T06:00:00.000000",21.8311100006104
"GB","2026-09-15T07:00:00.000000",21.7697887420654
"GB","2026-09-15T08:00:00.000000",21.9078140258789
"GB","2026-09-15T09:00:00.000000",21.9621410369873
"GB","2026-09-15T10:00:00.000000",21.987476348877
"GB","2026-09-15T11:00:00.000000",21.9824371337891
"GB","2026-09-15T12:00:00.000000",21.96946144104
"GB","2026-09-15T13:00:00.000000",21.95334815979
"GB","2026-09-15T14:00:00.000000",22.0279350280762
"GB","2026-09-15T15:00:00.000000",21.9513072967529
"GB","2026-09-15T16:00:00.000000",21.7889575958252
"GB","2026-09-15T17:00:00.000000",21.6821784973145
"GB","2026-09-15T18:00:00.000000",21.5828819274902
"GB","2026-09-15T19:00:00.000000",21.5271053314209
"GB","2026-09-15T20:00:00.000000",21.8261032104492
"GB","2026-09-15T21:00:00.000000",21.9170913696289
"GB","2026-09-15T22:00:00.000000",21.9655628204346
"GB","2026-09-15T23:00:00.000000",21.9592971801758
"GB","2026-09-16T00:00:00.000000",21.9637050628662
"LI","2026-09-08T00:00:00.000000",22.6408195495605
"LI","2026-09-08T01:00:00.000000",22.7855968475342
"LI","2026-09-08T02:00:00.000000",22.795841217041
"LI","2026-09-08T03:00:00.000000",22.7895851135254
"LI","2026-09-08T04:00:00.000000",22.7873592376709
"LI","2026-09-08T05:00:00.000000",22.7825298309326
"LI","2026-09-08T06:00:00.000000",22.7287673950195
"LI","2026-09-08T07:00:00.000000",22.5696792602539
"LI","2026-09-08T08:00:00.000000",22.490364074707
"LI","2026-09-08T09:00:00.000000",22.4688034057617
"LI","2026-09-08T10:00:00.000000",22.463794708252
"LI","2026-09-08T11:00:00.000000",22.5094680786133
"LI","2026-09-08T12:00:00.000000",22.6052684783936
"LI","2026-09-08T13:00:00.000000",22.6299476623535
"LI","2026-09-08T14:00:00.000000",22.662748336792
"LI","2026-09-08T15:00:00.000000",22.658145904541
"LI","2026-09-08T16:00:00.000000",22.6293697357178
"LI","2026-09-08T17:00:00.000000",22.5984153747559
"LI","2026-09-08T18:00:00.000000",22.5196208953857
"LI","2026-09-08T19:00:00.000000",22.4635467529297
"LI","2026-09-08T20:00:00.000000",22.459358215332
"LI","2026-09-08T21:00:00.000000",22.4646759033203
"LI","2026-09-08T22:00:00.000000",22.4674491882324
"LI","2026-09-08T23:00:00.000000",22.4680843353271
"LI","2026-09-09T00:00:00.000000",22.4670295715332
"LI","2026-09-09T01:00:00.000000",22.47021484375
"LI","2026-09-09T02:00:00.000000",22.5294380187988
"LI","2026-09-09T03:00:00.000000",22.5623111724854
"LI","2026-09-09T04:00:00.000000",22.5509204864502
"LI","2026-09-09T05:00:00.000000",22.55246925354
"LI","2026-09-09T06:00:00.000000",22.5375652313232
"LI","2026-09-09T07:00:00.000000",22.4937210083008
"LI","2026-09-09T08:00:00.000000",22.4989204406738
"LI","2026-09-09T09:00:00.000000",22.4947872161865
"LI","2026-09-09T10:00:00.000000",22.4888706207275
"LI","2026-09-09T11:00:00.000000",22.4836273193359
"LI","2026-09-09T12:00:00.000000",22.4814071655273
"LI","2026-09-09T13:00:00.000000",22.5060291290283
"LI","2026-09-09T14:00:00.000000",22.5401458740234
"LI","2026-09-09T15:00:00.000000",22.5577030181885
"LI","2026-09-09T16:00:00.000000",22.5653076171875
"LI","2026-09-09T17:00:00.000000",22.5174827575684
"LI","2026-09-09T18:00:00.000000",22.5014533996582
"LI","2026-09-09T19:00:00.000000",22.5005893707275
"LI","2026-09-09T20:00:00.000000",22.497673034668
"LI","2026-09-09T21:00:00.000000",22.4949588775635
"LI","2026-09-09T22:00:00.000000",22.4953441619873
"LI","2026-09-09T23:00:00.000000",22.4939422607422
"LI","2026-09-10T00:00:00.000000",22.4903793334961
"LI","2026-09-10T01:00:00.000000",22.4830684661865
"LI","2026-09-10T02:00:00.000000",22.4816112518311
"LI","2026-09-10T03:00:00.000000",22.4804821014404
"LI","2026-09-10T04:00:00.000000",22.4847660064697
"LI","2026-09-10T05:00:00.000000",22.4847793579102
"LI","2026-09-10T06:00:00.000000",22.4840202331543
"LI","2026-09-10T07:00:00.000000",22.4829082489014
"LI","2026-09-10T08:00:00.000000",22.4824199676514
"LI","2026-09-10T09:00:00.000000",22.4846534729004
"LI","2026-09-10T10:00:00.000000",22.4844131469727
"LI","2026-09-10T11:00:00.000000",22.483772277832
"LI","2026-09-10T12:00:00.000000",22.4830684661865
"LI","2026-09-10T13:00:00.000000",22.483549118042
"LI","2026-09-10T14:00:00.000000",22.4876365661621
"LI","2026-09-10T15:00:00.000000",22.4935894012451
"LI","2026-09-10T16:00:00.000000",22.5006141662598
"LI","2026-09-10T17:00:00.000000",22.5101261138916
"LI","2026-09-10T18:00:00.000000",22.5164089202881
"LI","2026-09-10T19:00:00.000000",22.5209655761719
"LI","2026-09-10T20:00:00.000000",22.5205307006836
"LI","2026-09-10T21:00:00.000000",22.5208377838135
"LI","2026-09-10T22:00:00.000000",22.5232677459717
"LI","2026-09-10T23:00:00.000000",22.5228099822998
"LI","2026-09-11T00:00:00.000000",22.5192642211914
"LI","2026-09-11T01:00:00.000000",22.5161952972412
"LI","2026-09-11T02:00:00.000000",22.5102024078369
"LI","2026-09-11T03:00:00.000000",22.5068244934082
"LI","2026-09-11T04:00:00.000000",22.5116882324219
"LI","2026-09-11T05:00:00.000000",22.5175800323486
"LI","2026-09-11T06:00:00.000000",22.5146980285645
"LI","2026-09-11T07:00:00.000000",22.5143260955811
"LI","2026-09-11T08:00:00.000000",22.517406463623
"LI","2026-09-11T09:00:00.000000",22.5123405456543
"LI","2026-09-11T10:00:00.000000",22.5466690063477
"LI","2026-09-11T11:00:00.000000",22.5651912689209
"LI","2026-09-11T12:00:00.000000",22.5614261627197
"LI","2026-09-11T13:00:00.000000",22.5393104553223
"LI","2026-09-11T14:00:00.000000",22.5343494415283
"LI","2026-09-11T15:00:00.000000",22.5348587036133
"LI","2026-09-11T16:00:00.000000",22.5351600646973
"LI","2026-09-11T17:00:00.000000",22.5596122741699
"LI","2026-09-11T18:00:00.000000",22.5586128234863
"LI","2026-09-11T19:00:00.000000",22.5583877563477
"LI","2026-09-11T20:00:00.000000",22.5819053649902
"LI","2026-09-11T21:00:00.000000",22.6120491027832
"LI","2026-09-11T22:00:00.000000",22.6316776275635
"LI","2026-09-11T23:00:00.000000",22.6380004882812
"LI","2026-09-12T00:00:00.000000",22.6334533691406
"LI","2026-09-12T01:00:00.000000",22.6295280456543
"LI","2026-09-12T02:00:00.000000",22.6294937133789
"LI","2026-09-12T03:00:00.000000",22.6242122650146
"LI","2026-09-12T04:00:00.000000",22.6074504852295
"LI","2026-09-12T05:00:00.000000",22.5980072021484
"LI","2026-09-12T06:00:00.000000",22.5950031280518
"LI","2026-09-12T07:00:00.000000",22.5916290283203
"LI","2026-09-12T08:00:00.000000",22.5897331237793
"LI","2026-09-12T09:00:00.000000",22.5913925170898
"LI","2026-09-12T10:00:00.000000",22.6518898010254
"LI","2026-09-12T11:00:00.000000",22.6648941040039
"LI","2026-09-12T12:00:00.000000",22.6592655181885
"LI","2026-09-12T13:00:00.000000",22.6594142913818
"LI","2026-09-12T14:00:00.000000",22.6648273468018
"LI","2026-09-12T15:00:00.000000",22.6635818481445
"LI","2026-09-12T16:00:00.000000",22.6611881256104
"LI","2026-09-12T17:00:00.000000",22.6610469818115
"LI","2026-09-12T18:00:00.000000",22.6612644195557
"LI","2026-09-12T19:00:00.000000",22.6615695953369
"LI","2026-09-12T20:00:00.000000",22.66575050354
"LI","2026-09-12T21:00:00.000000",22.6681385040283
"LI","2026-09-12T22:00:00.000000",22.7123413085938
"LI","2026-09-12T23:00:00.000000",22.7647972106934
"LI","2026-09-13T00:00:00.000000",22.7557201385498
"LI","2026-09-13T01:00:00.000000",22.7453098297119
"LI","2026-09-13T02:00:00.000000",22.7489604949951
"LI","2026-09-13T03:00:00.000000",22.7506198883057
"LI","2026-09-13T04:00:00.000000",22.7294673919678
"LI","2026-09-13T05:00:00.000000",22.7036018371582
"LI","2026-09-13T06:00:00.000000",22.698356628418
"LI","2026-09-13T07:00:00.000000",22.6966705322266
"LI","2026-09-13T08:00:00.000000",22.6928215026855
"LI","2026-09-13T09:00:00.000000",22.695011138916
"LI","2026-09-13T10:00:00.000000",22.6964778900146
"LI","2026-09-13T11:00:00.000000",22.6718215942383
"LI","2026-09-13T12:00:00.000000",22.6545009613037
"LI","2026-09-13T13:00:00.000000",22.6351699829102
"LI","2026-09-13T14:00:00.000000",22.5872135162354
"LI","2026-09-13T15:00:00.000000",22.5752048492432
"LI","2026-09-13T16:00:00.000000",22.5453147888184
"LI","2026-09-13T17:00:00.000000",22.5927677154541
"LI","2026-09-13T18:00:00.000000",22.6696434020996
"LI","2026-09-13T19:00:00.000000",22.6829891204834
"LI","2026-09-13T20:00:00.000000",22.6336860656738
"LI","2026-09-13T21:00:00.000000",22.6358680725098
"LI","2026-09-13T22:00:00.000000",22.6526985168457
"LI","2026-09-13T23:00:00.000000",22.6461658477783
"LI","2026-09-14T00:00:00.000000",22.6677856445312
"LI","2026-09-14T01:00:00.000000",22.6577892303467
"LI","2026-09-14T02:00:00.000000",22.6468315124512
"LI","2026-09-14T03:00:00.000000",22.6455135345459
"LI","2026-09-14T04:00:00.000000",22.6517333984375
"LI","2026-09-14T05:00:00.000000",22.6805858612061
"LI","2026-09-14T06:00:00.000000",22.6720333099365
"LI","2026-09-14T07:00:00.000000",22.6476345062256
"LI","2026-09-14T08:00:00.000000",22.6303024291992
"LI","2026-09-14T09:00:00.000000",22.6195201873779
"LI","2026-09-14T10:00:00.000000",22.615177154541
"LI","2026-09-14T11:00:00.000000",22.6094532012939
"LI","2026-09-14T12:00:00.000000",22.6196556091309
"LI","2026-09-14T13:00:00.000000",22.628381729126
"LI","2026-09-14T14:00:00.000000",22.628849029541
"LI","2026-09-14T15:00:00.000000",22.6323051452637
"LI","2026-09-14T16:00:00.000000",22.6335010528564
"LI","2026-09-14T17:00:00.000000",22.6294689178467
"LI","2026-09-14T18:00:00.000000",22.6303730010986
"LI","2026-09-14T19:00:00.000000",22.6302890777588
"LI","2026-09-14T20:00:00.000000",22.6285228729248
"LI","2026-09-14T21:00:00.000000",22.6283206939697
"LI","2026-09-14T22:00:00.000000",22.6242027282715
"LI","2026-09-14T23:00:00.000000",22.6230087280273
"LI","2026-09-15T00:00:00.000000",22.6085720062256
"LI","2026-09-15T01:00:00.000000",22.5709819793701
"LI","2026-09-15T02:00:00.000000",22.5555877685547
"LI","2026-09-15T03:00:00.000000",22.5665397644043
"LI","2026-09-15T04:00:00.000000",22.5863246917725
"LI","2026-09-15T05:00:00.000000",22.6167945861816
"LI","2026-09-15T06:00:00.000000",22.6328792572021
"LI","2026-09-15T07:00:00.000000",22.6383113861084
"LI","2026-09-15T08:00:00.000000",22.6356544494629
"LI","2026-09-15T09:00:00.000000",22.610200881958
"LI","2026-09-15T10:00:00.000000",22.5907077789307
"LI","2026-09-15T11:00:00.000000",22.5938987731934
"LI","2026-09-15T12:00:00.000000",22.4819927215576
"LI","2026-09-15T13:00:00.000000",22.3092918395996
"LI","2026-09-15T14:00:00.000000",22.2570896148682
"LI","2026-09-15T15:00:00.000000",22.2758274078369
"LI","2026-09-15T16:00:00.000000",22.390266418457
"LI","2026-09-15T17:00:00.000000",22.5169296264648
"LI","2026-09-15T18:00:00.000000",22.5853672027588
"LI","2026-09-15T19:00:00.000000",22.6112079620361
"LI","2026-09-15T20:00:00.000000",22.6322002410889
"LI","2026-09-15T21:00:00.000000",22.5981006622314
"LI","2026-09-15T22:00:00.000000",22.5191230773926
"LI","2026-09-15T23:00:00.000000",22.5513801574707
"LI","2026-09-16T00:00:00.000000",22.4187259674072
"OB","2026-09-08T00:00:00.000000",20.4373168945312
"OB","2026-09-08T01:00:00.000000",20.4269981384277
"OB","2026-09-08T02:00:00.000000",20.4190292358398
"OB","2026-09-08T03:00:00.000000",20.4139232635498
"OB","2026-09-08T04:00:00.000000",20.4108104705811
"OB","2026-09-08T05:00:00.000000",20.4100112915039
"OB","2026-09-08T06:00:00.000000",20.4155311584473
"OB","2026-09-08T07:00:00.000000",20.4290332794189
"OB","2026-09-08T08:00:00.000000",20.4284591674805
"OB","2026-09-08T09:00:00.000000",20.4252700805664
"OB","2026-09-08T10:00:00.000000",20.4266891479492
"OB","2026-09-08T11:00:00.000000",20.4212036132812
"OB","2026-09-08T12:00:00.000000",20.4218006134033
"OB","2026-09-08T13:00:00.000000",20.420726776123
"OB","2026-09-08T14:00:00.000000",20.4227714538574
"OB","2026-09-08T15:00:00.000000",20.4253845214844
"OB","2026-09-08T16:00:00.000000",20.4294757843018
"OB","2026-09-08T17:00:00.000000",20.4318675994873
"OB","2026-09-08T18:00:00.000000",20.4303970336914
"OB","2026-09-08T19:00:00.000000",20.4272308349609
"OB","2026-09-08T20:00:00.000000",20.4287052154541
"OB","2026-09-08T21:00:00.000000",20.4430351257324
"OB","2026-09-08T22:00:00.000000",20.4955978393555
"OB","2026-09-08T23:00:00.000000",20.5515403747559
"OB","2026-09-09T00:00:00.000000",20.5629615783691
"OB","2026-09-09T01:00:00.000000",20.5619258880615
"OB","2026-09-09T02:00:00.000000",20.5495090484619
"OB","2026-09-09T03:00:00.000000",20.536922454834
"OB","2026-09-09T04:00:00.000000",20.5311813354492
"OB","2026-09-09T05:00:00.000000",20.5278415679932
"OB","2026-09-09T06:00:00.000000",20.5385131835938
"OB","2026-09-09T07:00:00.000000",20.5409374237061
"OB","2026-09-09T08:00:00.000000",20.5432300567627
"OB","2026-09-09T09:00:00.000000",20.5567378997803
"OB","2026-09-09T10:00:00.000000",20.6262283325195
"OB","2026-09-09T11:00:00.000000",20.6269798278809
"OB","2026-09-09T12:00:00.000000",20.6076679229736
"OB","2026-09-09T13:00:00.000000",20.5995178222656
"OB","2026-09-09T14:00:00.000000",20.6046867370605
"OB","2026-09-09T15:00:00.000000",20.6105346679688
"OB","2026-09-09T16:00:00.000000",20.6313591003418
"OB","2026-09-09T17:00:00.000000",20.717191696167
"OB","2026-09-09T18:00:00.000000",20.7252426147461
"OB","2026-09-09T19:00:00.000000",20.7230854034424
"OB","2026-09-09T20:00:00.000000",20.7119770050049
"OB","2026-09-09T21:00:00.000000",20.7088794708252
"OB","2026-09-09T22:00:00.000000",20.7013511657715
"OB","2026-09-09T23:00:00.000000",20.6864967346191
"OB","2026-09-10T00:00:00.000000",20.6499423980713
"OB","2026-09-10T01:00:00.000000",20.6319236755371
"OB","2026-09-10T02:00:00.000000",20.650016784668
"OB","2026-09-10T03:00:00.000000",20.7033042907715
"OB","2026-09-10T04:00:00.000000",20.7371978759766
"OB","2026-09-10T05:00:00.000000",20.7508716583252
"OB","2026-09-10T06:00:00.000000",20.7586116790771
"OB","2026-09-10T07:00:00.000000",20.7649593353271
"OB","2026-09-10T08:00:00.000000",20.7711772918701
"OB","2026-09-10T09:00:00.000000",20.7754497528076
"OB","2026-09-10T10:00:00.000000",20.7743263244629
"OB","2026-09-10T11:00:00.000000",20.7518177032471
"OB","2026-09-10T12:00:00.000000",20.7308311462402
"OB","2026-09-10T13:00:00.000000",20.6985931396484
"OB","2026-09-10T14:00:00.000000",20.735803604126
"OB","2026-09-10T15:00:00.000000",20.7784996032715
"OB","2026-09-10T16:00:00.000000",20.8021411895752
"OB","2026-09-10T17:00:00.000000",20.8134613037109
"OB","2026-09-10T18:00:00.000000",20.825984954834
"OB","2026-09-10T19:00:00.000000",20.8356475830078
"OB","2026-09-10T20:00:00.000000",20.8393039703369
"OB","2026-09-10T21:00:00.000000",20.8412609100342
"OB","2026-09-10T22:00:00.000000",20.8370151519775
"OB","2026-09-10T23:00:00.000000",20.8042869567871
"OB","2026-09-11T00:00:00.000000",20.7719974517822
"OB","2026-09-11T01:00:00.000000",20.7279205322266
"OB","2026-09-11T02:00:00.000000",20.6770076751709
"OB","2026-09-11T03:00:00.000000",20.6528167724609
"OB","2026-09-11T04:00:00.000000",20.6588726043701
"OB","2026-09-11T05:00:00.000000",20.6666946411133
"OB","2026-09-11T06:00:00.000000",20.6689167022705
"OB","2026-09-11T07:00:00.000000",20.6705017089844
"OB","2026-09-11T08:00:00.000000",20.6540546417236
"OB","2026-09-11T09:00:00.000000",20.6213970184326
"OB","2026-09-11T10:00:00.000000",20.5770931243896
"OB","2026-09-11T11:00:00.000000",20.5534572601318
"OB","2026-09-11T12:00:00.000000",20.5554599761963
"OB","2026-09-11T13:00:00.000000",20.5463886260986
"OB","2026-09-11T14:00:00.000000",20.531831741333
"OB","2026-09-11T15:00:00.000000",20.5198192596436
"OB","2026-09-11T16:00:00.000000",20.5336170196533
"OB","2026-09-11T17:00:00.000000",20.553035736084
"OB","2026-09-11T18:00:00.000000",20.571346282959
"OB","2026-09-11T19:00:00.000000",20.5986766815186
"OB","2026-09-11T20:00:00.000000",20.6138935089111
"OB","2026-09-11T21:00:00.000000",20.6098594665527
"OB","2026-09-11T22:00:00.000000",20.6185131072998
"OB","2026-09-11T23:00:00.000000",20.6247692108154
"OB","2026-09-12T00:00:00.000000",20.6364135742188
"OB","2026-09-12T01:00:00.000000",20.6225032806396
"OB","2026-09-12T02:00:00.000000",20.5881767272949
"OB","2026-09-12T03:00:00.000000",20.5530853271484
"OB","2026-09-12T04:00:00.000000",20.5261306762695
"OB","2026-09-12T05:00:00.000000",20.5227832794189
"OB","2026-09-12T06:00:00.000000",20.5243301391602
"OB","2026-09-12T07:00:00.000000",20.502950668335
"OB","2026-09-12T08:00:00.000000",20.4710102081299
"OB","2026-09-12T09:00:00.000000",20.4394664764404
"OB","2026-09-12T10:00:00.000000",20.4028873443604
"OB","2026-09-12T11:00:00.000000",20.3758068084717
"OB","2026-09-12T12:00:00.000000",20.3931217193604
"OB","2026-09-12T13:00:00.000000",20.4380321502686
"OB","2026-09-12T14:00:00.000000",20.4616737365723
"OB","2026-09-12T15:00:00.000000",20.4327602386475
"OB","2026-09-12T16:00:00.000000",20.4055824279785
"OB","2026-09-12T17:00:00.000000",20.392520904541
"OB","2026-09-12T18:00:00.000000",20.399486541748
"OB","2026-09-12T19:00:00.000000",20.4353847503662
"OB","2026-09-12T20:00:00.000000",20.6019420623779
"OB","2026-09-12T21:00:00.000000",20.6574306488037
"OB","2026-09-12T22:00:00.000000",20.6619720458984
"OB","2026-09-12T23:00:00.000000",20.6559219360352
"OB","2026-09-13T00:00:00.000000",20.601957321167
"OB","2026-09-13T01:00:00.000000",20.5284042358398
"OB","2026-09-13T02:00:00.000000",20.4744720458984
"OB","2026-09-13T03:00:00.000000",20.4164848327637
"OB","2026-09-13T04:00:00.000000",20.3540897369385
"OB","2026-09-13T05:00:00.000000",20.3396148681641
"OB","2026-09-13T06:00:00.000000",20.3377246856689
"OB","2026-09-13T07:00:00.000000",20.3480892181396
"OB","2026-09-13T08:00:00.000000",20.3663120269775
"OB","2026-09-13T09:00:00.000000",20.3905639648438
"OB","2026-09-13T10:00:00.000000",20.4182872772217
"OB","2026-09-13T11:00:00.000000",20.40478515625
"OB","2026-09-13T12:00:00.000000",20.4124412536621
"OB","2026-09-13T13:00:00.000000",20.451639175415
"OB","2026-09-13T14:00:00.000000",20.3853206634521
"OB","2026-09-13T15:00:00.000000",20.3214797973633
"OB","2026-09-13T16:00:00.000000",20.2763805389404
"OB","2026-09-13T17:00:00.000000",20.2713317871094
"OB","2026-09-13T18:00:00.000000",20.2901802062988
"OB","2026-09-13T19:00:00.000000",20.3022842407227
"OB","2026-09-13T20:00:00.000000",20.3270034790039
"OB","2026-09-13T21:00:00.000000",20.3452968597412
"OB","2026-09-13T22:00:00.000000",20.3500690460205
"OB","2026-09-13T23:00:00.000000",20.3453578948975
"OB","2026-09-14T00:00:00.000000",20.3376789093018
"OB","2026-09-14T01:00:00.000000",20.317211151123
"OB","2026-09-14T02:00:00.000000",20.2699375152588
"OB","2026-09-14T03:00:00.000000",20.2277030944824
"OB","2026-09-14T04:00:00.000000",20.189977645874
"OB","2026-09-14T05:00:00.000000",20.1655330657959
"OB","2026-09-14T06:00:00.000000",20.1608371734619
"OB","2026-09-14T07:00:00.000000",20.1512603759766
"OB","2026-09-14T08:00:00.000000",20.1377983093262
"OB","2026-09-14T09:00:00.000000",20.1186275482178
"OB","2026-09-14T10:00:00.000000",20.1020698547363
"OB","2026-09-14T11:00:00.000000",20.0814094543457
"OB","2026-09-14T12:00:00.000000",20.0408020019531
"OB","2026-09-14T13:00:00.000000",20.0037021636963
"OB","2026-09-14T14:00:00.000000",19.9880313873291
"OB","2026-09-14T15:00:00.000000",19.957462310791
"OB","2026-09-14T16:00:00.000000",19.8918685913086
"OB","2026-09-14T17:00:00.000000",19.8269691467285
"OB","2026-09-14T18:00:00.000000",19.7981243133545
"OB","2026-09-14T19:00:00.000000",19.771936416626
"OB","2026-09-14T20:00:00.000000",19.7328186035156
"OB","2026-09-14T21:00:00.000000",19.7008743286133
"OB","2026-09-14T22:00:00.000000",19.6854019165039
"OB","2026-09-14T23:00:00.000000",19.6862373352051
"OB","2026-09-15T00:00:00.000000",19.7174510955811
"OB","2026-09-15T01:00:00.000000",19.7821273803711
"OB","2026-09-15T02:00:00.000000",19.8320503234863
"OB","2026-09-15T03:00:00.000000",19.8816337585449
"OB","2026-09-15T04:00:00.000000",19.8964538574219
"OB","2026-09-15T05:00:00.000000",19.899974822998
"OB","2026-09-15T06:00:00.000000",19.8815078735352
"OB","2026-09-15T07:00:00.000000",19.860107421875
"OB","2026-09-15T08:00:00.000000",19.8476715087891
"OB","2026-09-15T09:00:00.000000",19.8348617553711
"OB","2026-09-15T10:00:00.000000",19.8083820343018
"OB","2026-09-15T11:00:00.000000",19.784574508667
"OB","2026-09-15T12:00:00.000000",19.7674217224121
"OB","2026-09-15T13:00:00.000000",19.7523097991943
"OB","2026-09-15T14:00:00.000000",19.761646270752
"OB","2026-09-15T15:00:00.000000",19.8110866546631
"OB","2026-09-15T16:00:00.000000",19.8768768310547
"OB","2026-09-15T17:00:00.000000",19.8994121551514
"OB","2026-09-15T18:00:00.000000",19.9119319915771
"OB","2026-09-15T19:00:00.000000",19.9301776885986
"OB","2026-09-15T20:00:00.000000",20.0003662109375
"OB","2026-09-15T21:00:00.000000",20.0712928771973
"OB","2026-09-15T22:00:00.000000",20.0924396514893
"OB","2026-09-15T23:00:00.000000",20.06764793396
"OB","2026-09-16T00:00:00.000000",20.0338478088379
"WC","2026-09-08T00:00:00.000000",22.5345516204834
"WC","2026-09-08T01:00:00.000000",22.3598079681396
"WC","2026-09-08T02:00:00.000000",22.1750469207764
"WC","2026-09-08T03:00:00.000000",22.0200214385986
"WC","2026-09-08T04:00:00.000000",21.8654117584229
"WC","2026-09-08T05:00:00.000000",21.7275218963623
"WC","2026-09-08T06:00:00.000000",21.6653823852539
"WC","2026-09-08T07:00:00.000000",22.2361736297607
"WC","2026-09-08T08:00:00.000000",22.5048294067383
"WC","2026-09-08T09:00:00.000000",22.5109462738037
"WC","2026-09-08T10:00:00.000000",22.5003433227539
"WC","2026-09-08T11:00:00.000000",22.5030269622803
"WC","2026-09-08T12:00:00.000000",22.4723472595215
"WC","2026-09-08T13:00:00.000000",22.3994770050049
"WC","2026-09-08T14:00:00.000000",22.1932182312012
"WC","2026-09-08T15:00:00.000000",22.0444660186768
"WC","2026-09-08T16:00:00.000000",21.8773593902588
"WC","2026-09-08T17:00:00.000000",21.68772315979
"WC","2026-09-08T18:00:00.000000",21.5697002410889
"WC","2026-09-08T19:00:00.000000",21.8169918060303
"WC","2026-09-08T20:00:00.000000",22.448356628418
"WC","2026-09-08T21:00:00.000000",22.5058765411377
"WC","2026-09-08T22:00:00.000000",22.5185985565186
"WC","2026-09-08T23:00:00.000000",22.520076751709
"WC","2026-09-09T00:00:00.000000",22.513277053833
"WC","2026-09-09T01:00:00.000000",22.4893569946289
"WC","2026-09-09T02:00:00.000000",22.3350200653076
"WC","2026-09-09T03:00:00.000000",22.1434879302979
"WC","2026-09-09T04:00:00.000000",21.9767036437988
"WC","2026-09-09T05:00:00.000000",21.7826557159424
"WC","2026-09-09T06:00:00.000000",21.5828247070312
"WC","2026-09-09T07:00:00.000000",21.5276775360107
"WC","2026-09-09T08:00:00.000000",21.9917640686035
"WC","2026-09-09T09:00:00.000000",22.348560333252
"WC","2026-09-09T10:00:00.000000",22.3764419555664
"WC","2026-09-09T11:00:00.000000",22.3947315216064
"WC","2026-09-09T12:00:00.000000",22.3946571350098
"WC","2026-09-09T13:00:00.000000",22.377311706543
"WC","2026-09-09T14:00:00.000000",22.3133754730225
"WC","2026-09-09T15:00:00.000000",22.109935760498
"WC","2026-09-09T16:00:00.000000",21.9893932342529
"WC","2026-09-09T17:00:00.000000",21.8338775634766
"WC","2026-09-09T18:00:00.000000",21.6631298065186
"WC","2026-09-09T19:00:00.000000",21.5262241363525
"WC","2026-09-09T20:00:00.000000",21.8717842102051
"WC","2026-09-09T21:00:00.000000",22.3811321258545
"WC","2026-09-09T22:00:00.000000",22.4497470855713
"WC","2026-09-09T23:00:00.000000",22.459041595459
"WC","2026-09-10T00:00:00.000000",22.4596519470215
"WC","2026-09-10T01:00:00.000000",22.4547290802002
"WC","2026-09-10T02:00:00.000000",22.4378776550293
"WC","2026-09-10T03:00:00.000000",22.3083763122559
"WC","2026-09-10T04:00:00.000000",22.1190280914307
"WC","2026-09-10T05:00:00.000000",21.9966468811035
"WC","2026-09-10T06:00:00.000000",21.8656635284424
"WC","2026-09-10T07:00:00.000000",21.7592487335205
"WC","2026-09-10T08:00:00.000000",21.8007965087891
"WC","2026-09-10T09:00:00.000000",22.2311916351318
"WC","2026-09-10T10:00:00.000000",22.3936519622803
"WC","2026-09-10T11:00:00.000000",22.4152679443359
"WC","2026-09-10T12:00:00.000000",22.4145641326904
"WC","2026-09-10T13:00:00.000000",22.4017715454102
"WC","2026-09-10T14:00:00.000000",22.3885898590088
"WC","2026-09-10T15:00:00.000000",22.3844165802002
"WC","2026-09-10T16:00:00.000000",22.2498874664307
"WC","2026-09-10T17:00:00.000000",22.13600730896
"WC","2026-09-10T18:00:00.000000",22.04372215271
"WC","2026-09-10T19:00:00.000000",21.9281558990479
"WC","2026-09-10T20:00:00.000000",21.878833770752
"WC","2026-09-10T21:00:00.000000",22.14674949646
"WC","2026-09-10T22:00:00.000000",22.4353256225586
"WC","2026-09-10T23:00:00.000000",22.4920215606689
"WC","2026-09-11T00:00:00.000000",22.5012760162354
"WC","2026-09-11T01:00:00.000000",22.4924259185791
"WC","2026-09-11T02:00:00.000000",22.4860458374023
"WC","2026-09-11T03:00:00.000000",22.4771766662598
"WC","2026-09-11T04:00:00.000000",22.3838634490967
"WC","2026-09-11T05:00:00.000000",22.2395114898682
"WC","2026-09-11T06:00:00.000000",22.1126518249512
"WC","2026-09-11T07:00:00.000000",22.0047492980957
"WC","2026-09-11T08:00:00.000000",21.9299240112305
"WC","2026-09-11T09:00:00.000000",22.0017948150635
"WC","2026-09-11T10:00:00.000000",22.3875045776367
"WC","2026-09-11T11:00:00.000000",22.4620151519775
"WC","2026-09-11T12:00:00.000000",22.4698581695557
"WC","2026-09-11T13:00:00.000000",22.4728088378906
"WC","2026-09-11T14:00:00.000000",22.4724674224854
"WC","2026-09-11T15:00:00.000000",22.4698677062988
"WC","2026-09-11T16:00:00.000000",22.4261322021484
"WC","2026-09-11T17:00:00.000000",22.2924747467041
"WC","2026-09-11T18:00:00.000000",22.1565322875977
"WC","2026-09-11T19:00:00.000000",21.9040775299072
"WC","2026-09-11T20:00:00.000000",21.6554698944092
"WC","2026-09-11T21:00:00.000000",21.5912380218506
"WC","2026-09-11T22:00:00.000000",22.2166557312012
"WC","2026-09-11T23:00:00.000000",22.544361114502
"WC","2026-09-12T00:00:00.000000",22.5564498901367
"WC","2026-09-12T01:00:00.000000",22.5629253387451
"WC","2026-09-12T02:00:00.000000",22.5639610290527
"WC","2026-09-12T03:00:00.000000",22.5591888427734
"WC","2026-09-12T04:00:00.000000",22.5140361785889
"WC","2026-09-12T05:00:00.000000",22.2882537841797
"WC","2026-09-12T06:00:00.000000",22.13254737854
"WC","2026-09-12T07:00:00.000000",21.9413032531738
"WC","2026-09-12T08:00:00.000000",21.7078456878662
"WC","2026-09-12T09:00:00.000000",21.565372467041
"WC","2026-09-12T10:00:00.000000",21.8626003265381
"WC","2026-09-12T11:00:00.000000",22.4320373535156
"WC","2026-09-12T12:00:00.000000",22.5014266967773
"WC","2026-09-12T13:00:00.000000",22.501880645752
"WC","2026-09-12T14:00:00.000000",22.5086574554443
"WC","2026-09-12T15:00:00.000000",22.5082912445068
"WC","2026-09-12T16:00:00.000000",22.5143241882324
"WC","2026-09-12T17:00:00.000000",22.3445739746094
"WC","2026-09-12T18:00:00.000000",22.1932334899902
"WC","2026-09-12T19:00:00.000000",22.0209522247314
"WC","2026-09-12T20:00:00.000000",21.7973937988281
"WC","2026-09-12T21:00:00.000000",21.5226440429688
"WC","2026-09-12T22:00:00.000000",21.5301551818848
"WC","2026-09-12T23:00:00.000000",22.3563270568848
"WC","2026-09-13T00:00:00.000000",22.5922565460205
"WC","2026-09-13T01:00:00.000000",22.6168441772461
"WC","2026-09-13T02:00:00.000000",22.6204223632812
"WC","2026-09-13T03:00:00.000000",22.6172180175781
"WC","2026-09-13T04:00:00.000000",22.5973453521729
"WC","2026-09-13T05:00:00.000000",22.484582901001
"WC","2026-09-13T06:00:00.000000",22.2093696594238
"WC","2026-09-13T07:00:00.000000",22.0584869384766
"WC","2026-09-13T08:00:00.000000",21.8722515106201
"WC","2026-09-13T09:00:00.000000",21.6470031738281
"WC","2026-09-13T10:00:00.000000",21.5675849914551
"WC","2026-09-13T11:00:00.000000",22.12131690979
"WC","2026-09-13T12:00:00.000000",22.5536861419678
"WC","2026-09-13T13:00:00.000000",22.564790725708
"WC","2026-09-13T14:00:00.000000",22.5451335906982
"WC","2026-09-13T15:00:00.000000",22.5192699432373
"WC","2026-09-13T16:00:00.000000",22.5127773284912
"WC","2026-09-13T17:00:00.000000",22.4361209869385
"WC","2026-09-13T18:00:00.000000",22.1426525115967
"WC","2026-09-13T19:00:00.000000",22.0297679901123
"WC","2026-09-13T20:00:00.000000",21.8339042663574
"WC","2026-09-13T21:00:00.000000",21.5815963745117
"WC","2026-09-13T22:00:00.000000",21.376220703125
"WC","2026-09-13T23:00:00.000000",21.7138729095459
"WC","2026-09-14T00:00:00.000000",22.3455066680908
"WC","2026-09-14T01:00:00.000000",22.462272644043
"WC","2026-09-14T02:00:00.000000",22.4657039642334
"WC","2026-09-14T03:00:00.000000",22.4657573699951
"WC","2026-09-14T04:00:00.000000",22.458948135376
"WC","2026-09-14T05:00:00.000000",22.4278240203857
"WC","2026-09-14T06:00:00.000000",22.2301959991455
"WC","2026-09-14T07:00:00.000000",22.043737411499
"WC","2026-09-14T08:00:00.000000",21.9092693328857
"WC","2026-09-14T09:00:00.000000",21.7208843231201
"WC","2026-09-14T10:00:00.000000",21.5111598968506
"WC","2026-09-14T11:00:00.000000",21.5406246185303
"WC","2026-09-14T12:00:00.000000",22.2241268157959
"WC","2026-09-14T13:00:00.000000",22.4637699127197
"WC","2026-09-14T14:00:00.000000",22.4778861999512
"WC","2026-09-14T15:00:00.000000",22.4954929351807
"WC","2026-09-14T16:00:00.000000",22.5004138946533
"WC","2026-09-14T17:00:00.000000",22.4876194000244
"WC","2026-09-14T18:00:00.000000",22.3716869354248
"WC","2026-09-14T19:00:00.000000",22.1227493286133
"WC","2026-09-14T20:00:00.000000",21.9535884857178
"WC","2026-09-14T21:00:00.000000",21.6892642974854
"WC","2026-09-14T22:00:00.000000",21.3660755157471
"WC","2026-09-14T23:00:00.000000",21.2475814819336
"WC","2026-09-15T00:00:00.000000",21.8045711517334
"WC","2026-09-15T01:00:00.000000",22.408878326416
"WC","2026-09-15T02:00:00.000000",22.4468116760254
"WC","2026-09-15T03:00:00.000000",22.4559803009033
"WC","2026-09-15T04:00:00.000000",22.4615650177002
"WC","2026-09-15T05:00:00.000000",22.450704574585
"WC","2026-09-15T06:00:00.000000",22.3740558624268
"WC","2026-09-15T07:00:00.000000",22.08447265625
"WC","2026-09-15T08:00:00.000000",21.9220275878906
"WC","2026-09-15T09:00:00.000000",21.769983291626
"WC","2026-09-15T10:00:00.000000",21.5509986877441
"WC","2026-09-15T11:00:00.000000",21.3653621673584
"WC","2026-09-15T12:00:00.000000",21.5270328521729
"WC","2026-09-15T13:00:00.000000",22.2157077789307
"WC","2026-09-15T14:00:00.000000",22.3681907653809
"WC","2026-09-15T15:00:00.000000",22.3807125091553
"WC","2026-09-15T16:00:00.000000",22.3922653198242
"WC","2026-09-15T17:00:00.000000",22.3846549987793
"WC","2026-09-15T18:00:00.000000",22.3393135070801
"WC","2026-09-15T19:00:00.000000",22.0904865264893
"WC","2026-09-15T20:00:00.000000",21.9561595916748
"WC","2026-09-15T21:00:00.000000",21.7881698608398
"WC","2026-09-15T22:00:00.000000",21.496618270874
"WC","2026-09-15T23:00:00.000000",21.2158851623535
"WC","2026-09-16T00:00:00.000000",21.1703987121582
"WI","2026-09-08T00:00:00.000000",22.8038234710693
"WI","2026-09-08T01:00:00.000000",22.9056129455566
"WI","2026-09-08T02:00:00.000000",22.9314918518066
"WI","2026-09-08T03:00:00.000000",22.9469184875488
"WI","2026-09-08T04:00:00.000000",22.8859100341797
"WI","2026-09-08T05:00:00.000000",22.9601154327393
"WI","2026-09-08T06:00:00.000000",22.763973236084
"WI","2026-09-08T07:00:00.000000",22.6594066619873
"WI","2026-09-08T08:00:00.000000",22.6150779724121
"WI","2026-09-08T09:00:00.000000",22.6194477081299
"WI","2026-09-08T10:00:00.000000",22.6154537200928
"WI","2026-09-08T11:00:00.000000",22.6717071533203
"WI","2026-09-08T12:00:00.000000",22.6845207214355
"WI","2026-09-08T13:00:00.000000",22.7212429046631
"WI","2026-09-08T14:00:00.000000",22.7563972473145
"WI","2026-09-08T15:00:00.000000",22.7142925262451
"WI","2026-09-08T16:00:00.000000",22.7407550811768
"WI","2026-09-08T17:00:00.000000",22.7241344451904
"WI","2026-09-08T18:00:00.000000",22.6557350158691
"WI","2026-09-08T19:00:00.000000",22.6404609680176
"WI","2026-09-08T20:00:00.000000",22.6116142272949
"WI","2026-09-08T21:00:00.000000",22.5844211578369
"WI","2026-09-08T22:00:00.000000",22.5881118774414
"WI","2026-09-08T23:00:00.000000",22.6069393157959
"WI","2026-09-09T00:00:00.000000",22.6176013946533
"WI","2026-09-09T01:00:00.000000",22.6347541809082
"WI","2026-09-09T02:00:00.000000",22.6985702514648
"WI","2026-09-09T03:00:00.000000",22.7506408691406
"WI","2026-09-09T04:00:00.000000",22.6585235595703
"WI","2026-09-09T05:00:00.000000",22.7746181488037
"WI","2026-09-09T06:00:00.000000",22.7779293060303
"WI","2026-09-09T07:00:00.000000",22.6734199523926
"WI","2026-09-09T08:00:00.000000",22.6041259765625
"WI","2026-09-09T09:00:00.000000",22.5478477478027
"WI","2026-09-09T10:00:00.000000",22.5214443206787
"WI","2026-09-09T11:00:00.000000",22.6103134155273
"WI","2026-09-09T12:00:00.000000",22.6635894775391
"WI","2026-09-09T13:00:00.000000",22.6965999603271
"WI","2026-09-09T14:00:00.000000",22.7308235168457
"WI","2026-09-09T15:00:00.000000",22.7481327056885
"WI","2026-09-09T16:00:00.000000",22.7047023773193
"WI","2026-09-09T17:00:00.000000",22.6726722717285
"WI","2026-09-09T18:00:00.000000",22.6815414428711
"WI","2026-09-09T19:00:00.000000",22.6975631713867
"WI","2026-09-09T20:00:00.000000",22.6749877929688
"WI","2026-09-09T21:00:00.000000",22.6100788116455
"WI","2026-09-09T22:00:00.000000",22.5555381774902
"WI","2026-09-09T23:00:00.000000",22.5595111846924
"WI","2026-09-10T00:00:00.000000",22.6408195495605
"WI","2026-09-10T01:00:00.000000",22.6782398223877
"WI","2026-09-10T02:00:00.000000",22.6808376312256
"WI","2026-09-10T03:00:00.000000",22.6900081634521
"WI","2026-09-10T04:00:00.000000",22.6569156646729
"WI","2026-09-10T05:00:00.000000",22.5918521881104
"WI","2026-09-10T06:00:00.000000",22.5747375488281
"WI","2026-09-10T07:00:00.000000",22.5620231628418
"WI","2026-09-10T08:00:00.000000",22.5444622039795
"WI","2026-09-10T09:00:00.000000",22.5231266021729
"WI","2026-09-10T10:00:00.000000",22.4902248382568
"WI","2026-09-10T11:00:00.000000",22.4676609039307
"WI","2026-09-10T12:00:00.000000",22.4471492767334
"WI","2026-09-10T13:00:00.000000",22.503791809082
"WI","2026-09-10T14:00:00.000000",22.5664367675781
"WI","2026-09-10T15:00:00.000000",22.582633972168
"WI","2026-09-10T16:00:00.000000",22.5906009674072
"WI","2026-09-10T17:00:00.000000",22.5402088165283
"WI","2026-09-10T18:00:00.000000",22.5645179748535
"WI","2026-09-10T19:00:00.000000",22.57053565979
"WI","2026-09-10T20:00:00.000000",22.5480155944824
"WI","2026-09-10T21:00:00.000000",22.5209217071533
"WI","2026-09-10T22:00:00.000000",22.4970664978027
"WI","2026-09-10T23:00:00.000000",22.4810028076172
"WI","2026-09-11T00:00:00.000000",22.4903812408447
"WI","2026-09-11T01:00:00.000000",22.5286273956299
"WI","2026-09-11T02:00:00.000000",22.534496307373
"WI","2026-09-11T03:00:00.000000",22.5432929992676
"WI","2026-09-11T04:00:00.000000",22.5596218109131
"WI","2026-09-11T05:00:00.000000",22.5894775390625
"WI","2026-09-11T06:00:00.000000",22.6002311706543
"WI","2026-09-11T07:00:00.000000",22.5856628417969
"WI","2026-09-11T08:00:00.000000",22.6015567779541
"WI","2026-09-11T09:00:00.000000",22.5352725982666
"WI","2026-09-11T10:00:00.000000",22.4825973510742
"WI","2026-09-11T11:00:00.000000",22.4634227752686
"WI","2026-09-11T12:00:00.000000",22.4867916107178
"WI","2026-09-11T13:00:00.000000",22.5320167541504
"WI","2026-09-11T14:00:00.000000",22.543041229248
"WI","2026-09-11T15:00:00.000000",22.5632629394531
"WI","2026-09-11T16:00:00.000000",22.5875263214111
"WI","2026-09-11T17:00:00.000000",22.5980052947998
"WI","2026-09-11T18:00:00.000000",22.5974254608154
"WI","2026-09-11T19:00:00.000000",22.5974254608154
"WI","2026-09-11T20:00:00.000000",22.5966281890869
"WI","2026-09-11T21:00:00.000000",22.6112270355225
"WI","2026-09-11T22:00:00.000000",22.5560302734375
"WI","2026-09-11T23:00:00.000000",22.534854888916
"WI","2026-09-12T00:00:00.000000",22.5305709838867
"WI","2026-09-12T01:00:00.000000",22.5653591156006
"WI","2026-09-12T02:00:00.000000",22.6061363220215
"WI","2026-09-12T03:00:00.000000",22.6357040405273
"WI","2026-09-12T04:00:00.000000",22.6553707122803
"WI","2026-09-12T05:00:00.000000",22.6612701416016
"WI","2026-09-12T06:00:00.000000",22.6253719329834
"WI","2026-09-12T07:00:00.000000",22.6205291748047
"WI","2026-09-12T08:00:00.000000",22.6377048492432
"WI","2026-09-12T09:00:00.000000",22.6211585998535
"WI","2026-09-12T10:00:00.000000",22.5685901641846
"WI","2026-09-12T11:00:00.000000",22.5150718688965
"WI","2026-09-12T12:00:00.000000",22.5026588439941
"WI","2026-09-12T13:00:00.000000",22.5362510681152
"WI","2026-09-12T14:00:00.000000",22.6068992614746
"WI","2026-09-12T15:00:00.000000",22.6521148681641
"WI","2026-09-12T16:00:00.000000",22.686487197876
"WI","2026-09-12T17:00:00.000000",22.7053470611572
"WI","2026-09-12T18:00:00.000000",22.6665172576904
"WI","2026-09-12T19:00:00.000000",22.6553287506104
"WI","2026-09-12T20:00:00.000000",22.6664257049561
"WI","2026-09-12T21:00:00.000000",22.6895217895508
"WI","2026-09-12T22:00:00.000000",22.652759552002
"WI","2026-09-12T23:00:00.000000",22.6007690429688
"WI","2026-09-13T00:00:00.000000",22.5685291290283
"WI","2026-09-13T01:00:00.000000",22.5740795135498
"WI","2026-09-13T02:00:00.000000",22.6321601867676
"WI","2026-09-13T03:00:00.000000",22.695255279541
"WI","2026-09-13T04:00:00.000000",22.7270126342773
"WI","2026-09-13T05:00:00.000000",22.7391815185547
"WI","2026-09-13T06:00:00.000000",22.7423667907715
"WI","2026-09-13T07:00:00.000000",22.6793880462646
"WI","2026-09-13T08:00:00.000000",22.6466407775879
"WI","2026-09-13T09:00:00.000000",22.6478862762451
"WI","2026-09-13T10:00:00.000000",22.6360015869141
"WI","2026-09-13T11:00:00.000000",22.6010398864746
"WI","2026-09-13T12:00:00.000000",22.5567970275879
"WI","2026-09-13T13:00:00.000000",22.4975776672363
"WI","2026-09-13T14:00:00.000000",22.4884948730469
"WI","2026-09-13T15:00:00.000000",22.5328502655029
"WI","2026-09-13T16:00:00.000000",22.5736713409424
"WI","2026-09-13T17:00:00.000000",22.587064743042
"WI","2026-09-13T18:00:00.000000",22.5646057128906
"WI","2026-09-13T19:00:00.000000",22.4546546936035
"WI","2026-09-13T20:00:00.000000",22.4489650726318
"WI","2026-09-13T21:00:00.000000",22.4912757873535
"WI","2026-09-13T22:00:00.000000",22.4948196411133
"WI","2026-09-13T23:00:00.000000",22.4860744476318
"WI","2026-09-14T00:00:00.000000",22.4886207580566
"WI","2026-09-14T01:00:00.000000",22.4877243041992
"WI","2026-09-14T02:00:00.000000",22.5090942382812
"WI","2026-09-14T03:00:00.000000",22.5538177490234
"WI","2026-09-14T04:00:00.000000",22.5992450714111
"WI","2026-09-14T05:00:00.000000",22.6331615447998
"WI","2026-09-14T06:00:00.000000",22.6451377868652
"WI","2026-09-14T07:00:00.000000",22.592170715332
"WI","2026-09-14T08:00:00.000000",22.5296649932861
"WI","2026-09-14T09:00:00.000000",22.5362205505371
"WI","2026-09-14T10:00:00.000000",22.5789012908936
"WI","2026-09-14T11:00:00.000000",22.4446983337402
"WI","2026-09-14T12:00:00.000000",22.4531059265137
"WI","2026-09-14T13:00:00.000000",22.4492816925049
"WI","2026-09-14T14:00:00.000000",22.4466304779053
"WI","2026-09-14T15:00:00.000000",22.5220966339111
"WI","2026-09-14T16:00:00.000000",22.5469989776611
"WI","2026-09-14T17:00:00.000000",22.5577907562256
"WI","2026-09-14T18:00:00.000000",22.5856342315674
"WI","2026-09-14T19:00:00.000000",22.5822315216064
"WI","2026-09-14T20:00:00.000000",22.4869213104248
"WI","2026-09-14T21:00:00.000000",22.5053539276123
"WI","2026-09-14T22:00:00.000000",22.598014831543
"WI","2026-09-14T23:00:00.000000",22.4296169281006
"WI","2026-09-15T00:00:00.000000",22.3857269287109
"WI","2026-09-15T01:00:00.000000",22.4169979095459
"WI","2026-09-15T02:00:00.000000",22.4156799316406
"WI","2026-09-15T03:00:00.000000",22.4181880950928
"WI","2026-09-15T04:00:00.000000",22.487247467041
"WI","2026-09-15T05:00:00.000000",22.5446510314941
"WI","2026-09-15T06:00:00.000000",22.5795211791992
"WI","2026-09-15T07:00:00.000000",22.5844058990479
"WI","2026-09-15T08:00:00.000000",22.4463329315186
"WI","2026-09-15T09:00:00.000000",22.3803730010986
"WI","2026-09-15T10:00:00.000000",22.4730396270752
"WI","2026-09-15T11:00:00.000000",22.5231857299805
"WI","2026-09-15T12:00:00.000000",22.2859630584717
"WI","2026-09-15T13:00:00.000000",22.279369354248
"WI","2026-09-15T14:00:00.000000",22.2991924285889
"WI","2026-09-15T15:00:00.000000",22.2958374023438
"WI","2026-09-15T16:00:00.000000",22.4126243591309
"WI","2026-09-15T17:00:00.000000",22.5274753570557
"WI","2026-09-15T18:00:00.000000",22.5736026763916
"WI","2026-09-15T19:00:00.000000",22.5897350311279
"WI","2026-09-15T20:00:00.000000",22.5835189819336
"WI","2026-09-15T21:00:00.000000",22.4899654388428
"WI","2026-09-15T22:00:00.000000",22.4905986785889
"WI","2026-09-15T23:00:00.000000",22.5701789855957
"WI","2026-09-16T00:00:00.000000",22.4606685638428
