"site_id","time","temp"
"AQ","2026-09-27T00:00:00.000000",16.0090007781982
"AQ","2026-09-27T01:00:00.000000",15.9226894378662
"AQ","2026-09-27T02:00:00.000000",15.853832244873
"AQ","2026-09-27T03:00:00.000000",15.8295793533325
"AQ","2026-09-27T04:00:00.000000",15.8505516052246
"AQ","2026-09-27T05:00:00.000000",15.9022235870361
"AQ","2026-09-27T06:00:00.000000",15.9486856460571
"AQ","2026-09-27T07:00:00.000000",15.9685182571411
"AQ","2026-09-27T08:00:00.000000",15.9797220230103
"AQ","2026-09-27T09:00:00.000000",15.9910840988159
"AQ","2026-09-27T10:00:00.000000",16.0015602111816
"AQ","2026-09-27T11:00:00.000000",16.0022468566895
"AQ","2026-09-27T12:00:00.000000",15.8666353225708
"AQ","2026-09-27T13:00:00.000000",15.791651725769
"AQ","2026-09-27T14:00:00.000000",15.7686281204224
"AQ","2026-09-27T15:00:00.000000",15.7635164260864
"AQ","2026-09-27T16:00:00.000000",15.7843561172485
"AQ","2026-09-27T17:00:00.000000",15.8099918365479
"AQ","2026-09-27T18:00:00.000000",15.8360576629639
"AQ","2026-09-27T19:00:00.000000",15.852391242981
"AQ","2026-09-27T20:00:00.000000",15.8637924194336
"AQ","2026-09-27T21:00:00.000000",15.8730821609497
"AQ","2026-09-27T22:00:00.000000",15.8832807540894
"AQ","2026-09-27T23:00:00.000000",15.8917770385742
"AQ","2026-09-28T00:00:00.000000",15.8720026016235
"AQ","2026-09-28T01:00:00.000000",15.7752799987793
"AQ","2026-09-28T02:00:00.000000",15.7168912887573
"AQ","2026-09-28T03:00:00.000000",15.6955146789551
"AQ","2026-09-28T04:00:00.000000",15.6977691650391
"AQ","2026-09-28T05:00:00.000000",15.7155437469482
"AQ","2026-09-28T06:00:00.000000",15.7391490936279
"AQ","2026-09-28T07:00:00.000000",15.7527465820312
"AQ","2026-09-28T08:00:00.000000",15.7612457275391
"AQ","2026-09-28T09:00:00.000000",15.7723760604858
"AQ","2026-09-28T10:00:00.000000",15.7922105789185
"AQ","2026-09-28T11:00:00.000000",15.8038158416748
"AQ","2026-09-28T12:00:00.000000",15.7964611053467
"AQ","2026-09-28T13:00:00.000000",15.7534265518188
"AQ","2026-09-28T14:00:00.000000",15.6779146194458
"AQ","2026-09-28T15:00:00.000000",15.6342697143555
"AQ","2026-09-28T16:00:00.000000",15.6387376785278
"AQ","2026-09-28T17:00:00.000000",15.658670425415
"AQ","2026-09-28T18:00:00.000000",15.6730499267578
"AQ","2026-09-28T19:00:00.000000",15.6851558685303
"AQ","2026-09-28T20:00:00.000000",15.6953945159912
"AQ","2026-09-28T21:00:00.000000",15.7012901306152
"AQ","2026-09-28T22:00:00.000000",15.7020740509033
"AQ","2026-09-28T23:00:00.000000",15.7072944641113
"AQ","2026-09-29T00:00:00.000000",15.7069482803345
"AQ","2026-09-29T01:00:00.000000",15.6679744720459
"AQ","2026-09-29T02:00:00.000000",15.6415138244629
"AQ","2026-09-29T03:00:00.000000",15.6206712722778
"AQ","2026-09-29T04:00:00.000000",15.6032114028931
"AQ","2026-09-29T05:00:00.000000",15.5912752151489
"AQ","2026-09-29T06:00:00.000000",15.594672203064
"AQ","2026-09-29T07:00:00.000000",15.6218109130859
"AQ","2026-09-29T08:00:00.000000",15.6427736282349
"AQ","2026-09-29T09:00:00.000000",15.6551647186279
"AQ","2026-09-29T10:00:00.000000",15.6628742218018
"AQ","2026-09-29T11:00:00.000000",15.6666955947876
"AQ","2026-09-29T12:00:00.000000",15.6666507720947
"AQ","2026-09-29T13:00:00.000000",15.6405868530273
"AQ","2026-09-29T14:00:00.000000",15.5931177139282
"AQ","2026-09-29T15:00:00.000000",15.5699796676636
"AQ","2026-09-29T16:00:00.000000",15.5481252670288
"AQ","2026-09-29T17:00:00.000000",15.5350360870361
"AQ","2026-09-29T18:00:00.000000",15.5339298248291
"AQ","2026-09-29T19:00:00.000000",15.5601186752319
"AQ","2026-09-29T20:00:00.000000",15.5921297073364
"AQ","2026-09-29T21:00:00.000000",15.6100788116455
"AQ","2026-09-29T22:00:00.000000",15.619086265564
"AQ","2026-09-29T23:00:00.000000",15.6212272644043
"AQ","2026-09-30T00:00:00.000000",15.621301651001
"AQ","2026-09-30T01:00:00.000000",15.6181659698486
"AQ","2026-09-30T02:00:00.000000",15.5974655151367
"AQ","2026-09-30T03:00:00.000000",15.5711669921875
"AQ","2026-09-30T04:00:00.000000",15.5510597229004
"AQ","2026-09-30T05:00:00.000000",15.5439023971558
"AQ","2026-09-30T06:00:00.000000",15.5477590560913
"AQ","2026-09-30T07:00:00.000000",15.5595893859863
"AQ","2026-09-30T08:00:00.000000",15.5754823684692
"AQ","2026-09-30T09:00:00.000000",15.5874671936035
"AQ","2026-09-30T10:00:00.000000",15.5955991744995
"AQ","2026-09-30T11:00:00.000000",15.5986604690552
"AQ","2026-09-30T12:00:00.000000",15.5989017486572
"AQ","2026-09-30T13:00:00.000000",15.5981998443604
"AQ","2026-09-30T14:00:00.000000",15.5865249633789
"AQ","2026-09-30T15:00:00.000000",15.5742206573486
"AQ","2026-09-30T16:00:00.000000",15.5693588256836
"AQ","2026-09-30T17:00:00.000000",15.5732479095459
"AQ","2026-09-30T18:00:00.000000",15.5839414596558
"AQ","2026-09-30T19:00:00.000000",15.5948944091797
"AQ","2026-09-30T20:00:00.000000",15.6091146469116
"AQ","2026-09-30T21:00:00.000000",15.6223449707031
"AQ","2026-09-30T22:00:00.000000",15.6334409713745
"AQ","2026-09-30T23:00:00.000000",15.6428709030151
"AQ","2026-10-01T00:00:00.000000",15.6444406509399
"AQ","2026-10-01T01:00:00.000000",15.6445941925049
"AQ","2026-10-01T02:00:00.000000",15.645956993103
"AQ","2026-10-01T03:00:00.000000",15.6427736282349
"AQ","2026-10-01T04:00:00.000000",15.6347808837891
"AQ","2026-10-01T05:00:00.000000",15.6288156509399
"AQ","2026-10-01T06:00:00.000000",15.625602722168
"AQ","2026-10-01T07:00:00.000000",15.6250591278076
"AQ","2026-10-01T08:00:00.000000",15.6277093887329
"AQ","2026-10-01T09:00:00.000000",15.6329221725464
"AQ","2026-10-01T10:00:00.000000",15.6381034851074
"AQ","2026-10-01T11:00:00.000000",15.6417255401611
"AQ","2026-10-01T12:00:00.000000",15.6427307128906
"AQ","2026-10-01T13:00:00.000000",15.6432981491089
"AQ","2026-10-01T14:00:00.000000",15.6449394226074
"AQ","2026-10-01T15:00:00.000000",15.6378316879272
"AQ","2026-10-01T16:00:00.000000",15.6274862289429
"AQ","2026-10-01T17:00:00.000000",15.6206951141357
"AQ","2026-10-01T18:00:00.000000",15.6195135116577
"AQ","2026-10-01T19:00:00.000000",15.6224403381348
"AQ","2026-10-01T20:00:00.000000",15.6294946670532
"AQ","2026-10-01T21:00:00.000000",15.6416254043579
"AQ","2026-10-01T22:00:00.000000",15.6523160934448
"AQ","2026-10-01T23:00:00.000000",15.6603860855103
"AQ","2026-10-02T00:00:00.000000",15.6652412414551
"AQ","2026-10-02T01:00:00.000000",15.6655673980713
"AQ","2026-10-02T02:00:00.000000",15.6668119430542
"AQ","2026-10-02T03:00:00.000000",15.6613683700562
"AQ","2026-10-02T04:00:00.000000",15.6404132843018
"AQ","2026-10-02T05:00:00.000000",15.6086511611938
"AQ","2026-10-02T06:00:00.000000",15.5847043991089
"AQ","2026-10-02T07:00:00.000000",15.5694208145142
"AQ","2026-10-02T08:00:00.000000",15.5658044815063
"AQ","2026-10-02T09:00:00.000000",15.5689239501953
"AQ","2026-10-02T10:00:00.000000",15.5741424560547
"AQ","2026-10-02T11:00:00.000000",15.5764989852905
"AQ","2026-10-02T12:00:00.000000",15.5812549591064
"AQ","2026-10-02T13:00:00.000000",15.5813360214233
"AQ","2026-10-02T14:00:00.000000",15.5814638137817
"AQ","2026-10-02T15:00:00.000000",15.5738515853882
"AQ","2026-10-02T16:00:00.000000",15.5558404922485
"AQ","2026-10-02T17:00:00.000000",15.5206871032715
"AQ","2026-10-02T18:00:00.000000",15.4857873916626
"AQ","2026-10-02T19:00:00.000000",15.464129447937
"AQ","2026-10-02T20:00:00.000000",15.449782371521
"AQ","2026-10-02T21:00:00.000000",15.4451732635498
"AQ","2026-10-02T22:00:00.000000",15.4433536529541
"AQ","2026-10-02T23:00:00.000000",15.4417791366577
"AQ","2026-10-03T00:00:00.000000",15.4419937133789
"AQ","2026-10-03T01:00:00.000000",15.4435377120972
"AQ","2026-10-03T02:00:00.000000",15.4491386413574
"AQ","2026-10-03T03:00:00.000000",15.4680528640747
"AQ","2026-10-03T04:00:00.000000",15.4808673858643
"AQ","2026-10-03T05:00:00.000000",15.4687471389771
"AQ","2026-10-03T06:00:00.000000",15.4452247619629
"AQ","2026-10-03T07:00:00.000000",15.4249334335327
"AQ","2026-10-03T08:00:00.000000",15.4121856689453
"AQ","2026-10-03T09:00:00.000000",15.4095697402954
"AQ","2026-10-03T10:00:00.000000",15.4126882553101
"AQ","2026-10-03T11:00:00.000000",15.4160575866699
"AQ","2026-10-03T12:00:00.000000",15.4196615219116
"AQ","2026-10-03T13:00:00.000000",15.4230422973633
"AQ","2026-10-03T14:00:00.000000",15.4311208724976
"AQ","2026-10-03T15:00:00.000000",15.4495344161987
"AQ","2026-10-03T16:00:00.000000",15.4664239883423
"AQ","2026-10-03T17:00:00.000000",15.4647636413574
"AQ","2026-10-03T18:00:00.000000",15.4528045654297
"AQ","2026-10-03T19:00:00.000000",15.4423446655273
"AQ","2026-10-03T20:00:00.000000",15.4358491897583
"AQ","2026-10-03T21:00:00.000000",15.4335699081421
"AQ","2026-10-03T22:00:00.000000",15.4402160644531
"AQ","2026-10-03T23:00:00.000000",15.4525690078735
"AQ","2026-10-04T00:00:00.000000",15.4670085906982
"AQ","2026-10-04T01:00:00.000000",15.4866676330566
"AQ","2026-10-04T02:00:00.000000",15.4913597106934
"AQ","2026-10-04T03:00:00.000000",15.4968070983887
"AQ","2026-10-04T04:00:00.000000",15.5087661743164
"AQ","2026-10-04T05:00:00.000000",15.5143346786499
"AQ","2026-10-04T06:00:00.000000",15.4989500045776
"AQ","2026-10-04T07:00:00.000000",15.4822130203247
"AQ","2026-10-04T08:00:00.000000",15.4729518890381
"AQ","2026-10-04T09:00:00.000000",15.4683389663696
"AQ","2026-10-04T10:00:00.000000",15.4682397842407
"AQ","2026-10-04T11:00:00.000000",15.4718465805054
"AQ","2026-10-04T12:00:00.000000",15.4773578643799
"AQ","2026-10-04T13:00:00.000000",15.4813690185547
"AQ","2026-10-04T14:00:00.000000",15.4847507476807
"AQ","2026-10-04T15:00:00.000000",15.4885683059692
"AQ","2026-10-04T16:00:00.000000",15.4976749420166
"AQ","2026-10-04T17:00:00.000000",15.5134534835815
"AQ","2026-10-04T18:00:00.000000",15.5261716842651
"AQ","2026-10-04T19:00:00.000000",15.5248641967773
"AQ","2026-10-04T20:00:00.000000",15.5204000473022
"AQ","2026-10-04T21:00:00.000000",15.5176563262939
"AQ","2026-10-04T22:00:00.000000",15.5168447494507
"AQ","2026-10-04T23:00:00.000000",15.5219888687134
"AQ","2026-10-05T00:00:00.000000",15.5347576141357
"CB","2026-09-27T00:00:00.000000",16.2199192047119
"CB","2026-09-27T01:00:00.000000",16.2077293395996
"CB","2026-09-27T02:00:00.000000",16.1967582702637
"CB","2026-09-27T03:00:00.000000",16.1867218017578
"CB","2026-09-27T04:00:00.000000",16.1785697937012
"CB","2026-09-27T05:00:00.000000",16.1693592071533
"CB","2026-09-27T06:00:00.000000",16.1567726135254
"CB","2026-09-27T07:00:00.000000",16.1395511627197
"CB","2026-09-27T08:00:00.000000",16.1349430084229
"CB","2026-09-27T09:00:00.000000",16.1376247406006
"CB","2026-09-27T10:00:00.000000",16.1321220397949
"CB","2026-09-27T11:00:00.000000",16.1197471618652
"CB","2026-09-27T12:00:00.000000",16.1004600524902
"CB","2026-09-27T13:00:00.000000",16.0607357025146
"CB","2026-09-27T14:00:00.000000",16.0131225585938
"CB","2026-09-27T15:00:00.000000",16.0008773803711
"CB","2026-09-27T16:00:00.000000",16.0020790100098
"CB","2026-09-27T17:00:00.000000",16.0030307769775
"CB","2026-09-27T18:00:00.000000",16.012113571167
"CB","2026-09-27T19:00:00.000000",16.0190448760986
"CB","2026-09-27T20:00:00.000000",16.0238227844238
"CB","2026-09-27T21:00:00.000000",16.0239734649658
"CB","2026-09-27T22:00:00.000000",16.0071716308594
"CB","2026-09-27T23:00:00.000000",15.984203338623
"CB","2026-09-28T00:00:00.000000",15.9474000930786
"CB","2026-09-28T01:00:00.000000",15.8726568222046
"CB","2026-09-28T02:00:00.000000",15.8168163299561
"CB","2026-09-28T03:00:00.000000",15.8014268875122
"CB","2026-09-28T04:00:00.000000",15.8020944595337
"CB","2026-09-28T05:00:00.000000",15.8022127151489
"CB","2026-09-28T06:00:00.000000",15.8048973083496
"CB","2026-09-28T07:00:00.000000",15.8109073638916
"CB","2026-09-28T08:00:00.000000",15.8253974914551
"CB","2026-09-28T09:00:00.000000",15.8403415679932
"CB","2026-09-28T10:00:00.000000",15.8423357009888
"CB","2026-09-28T11:00:00.000000",15.8345861434937
"CB","2026-09-28T12:00:00.000000",15.787239074707
"CB","2026-09-28T13:00:00.000000",15.754075050354
"CB","2026-09-28T14:00:00.000000",15.7427234649658
"CB","2026-09-28T15:00:00.000000",15.7381057739258
"CB","2026-09-28T16:00:00.000000",15.7400379180908
"CB","2026-09-28T17:00:00.000000",15.7447805404663
"CB","2026-09-28T18:00:00.000000",15.7486820220947
"CB","2026-09-28T19:00:00.000000",15.7537403106689
"CB","2026-09-28T20:00:00.000000",15.7644691467285
"CB","2026-09-28T21:00:00.000000",15.776312828064
"CB","2026-09-28T22:00:00.000000",15.7801971435547
"CB","2026-09-28T23:00:00.000000",15.7715606689453
"CB","2026-09-29T00:00:00.000000",15.7634630203247
"CB","2026-09-29T01:00:00.000000",15.7481060028076
"CB","2026-09-29T02:00:00.000000",15.7363958358765
"CB","2026-09-29T03:00:00.000000",15.7281475067139
"CB","2026-09-29T04:00:00.000000",15.724175453186
"CB","2026-09-29T05:00:00.000000",15.7207002639771
"CB","2026-09-29T06:00:00.000000",15.7177209854126
"CB","2026-09-29T07:00:00.000000",15.7163066864014
"CB","2026-09-29T08:00:00.000000",15.7161226272583
"CB","2026-09-29T09:00:00.000000",15.714916229248
"CB","2026-09-29T10:00:00.000000",15.7079563140869
"CB","2026-09-29T11:00:00.000000",15.6984233856201
"CB","2026-09-29T12:00:00.000000",15.6960544586182
"CB","2026-09-29T13:00:00.000000",15.6834030151367
"CB","2026-09-29T14:00:00.000000",15.6705417633057
"CB","2026-09-29T15:00:00.000000",15.66224193573
"CB","2026-09-29T16:00:00.000000",15.6530952453613
"CB","2026-09-29T17:00:00.000000",15.6459121704102
"CB","2026-09-29T18:00:00.000000",15.6367235183716
"CB","2026-09-29T19:00:00.000000",15.6290941238403
"CB","2026-09-29T20:00:00.000000",15.6246767044067
"CB","2026-09-29T21:00:00.000000",15.6208219528198
"CB","2026-09-29T22:00:00.000000",15.6109504699707
"CB","2026-09-29T23:00:00.000000",15.5917158126831
"CB","2026-09-30T00:00:00.000000",15.5871620178223
"CB","2026-09-30T01:00:00.000000",15.6008815765381
"CB","2026-09-30T02:00:00.000000",15.6024713516235
"CB","2026-09-30T03:00:00.000000",15.6001796722412
"CB","2026-09-30T04:00:00.000000",15.5986413955688
"CB","2026-09-30T05:00:00.000000",15.5975904464722
"CB","2026-09-30T06:00:00.000000",15.5967836380005
"CB","2026-09-30T07:00:00.000000",15.5948839187622
"CB","2026-09-30T08:00:00.000000",15.5925769805908
"CB","2026-09-30T09:00:00.000000",15.5900659561157
"CB","2026-09-30T10:00:00.000000",15.5856618881226
"CB","2026-09-30T11:00:00.000000",15.5797424316406
"CB","2026-09-30T12:00:00.000000",15.5792598724365
"CB","2026-09-30T13:00:00.000000",15.5828227996826
"CB","2026-09-30T14:00:00.000000",15.5834350585938
"CB","2026-09-30T15:00:00.000000",15.5839290618896
"CB","2026-09-30T16:00:00.000000",15.5828666687012
"CB","2026-09-30T17:00:00.000000",15.5797824859619
"CB","2026-09-30T18:00:00.000000",15.5797424316406
"CB","2026-09-30T19:00:00.000000",15.5810470581055
"CB","2026-09-30T20:00:00.000000",15.5829076766968
"CB","2026-09-30T21:00:00.000000",15.5867671966553
"CB","2026-09-30T22:00:00.000000",15.590763092041
"CB","2026-09-30T23:00:00.000000",15.5927782058716
"CB","2026-10-01T00:00:00.000000",15.5939464569092
"CB","2026-10-01T01:00:00.000000",15.5782880783081
"CB","2026-10-01T02:00:00.000000",15.5652923583984
"CB","2026-10-01T03:00:00.000000",15.5502948760986
"CB","2026-10-01T04:00:00.000000",15.5316982269287
"CB","2026-10-01T05:00:00.000000",15.5135812759399
"CB","2026-10-01T06:00:00.000000",15.4969253540039
"CB","2026-10-01T07:00:00.000000",15.4802484512329
"CB","2026-10-01T08:00:00.000000",15.463357925415
"CB","2026-10-01T09:00:00.000000",15.4478530883789
"CB","2026-10-01T10:00:00.000000",15.4358072280884
"CB","2026-10-01T11:00:00.000000",15.4354991912842
"CB","2026-10-01T12:00:00.000000",15.4338245391846
"CB","2026-10-01T13:00:00.000000",15.4025077819824
"CB","2026-10-01T14:00:00.000000",15.3946075439453
"CB","2026-10-01T15:00:00.000000",15.3957004547119
"CB","2026-10-01T16:00:00.000000",15.3903121948242
"CB","2026-10-01T17:00:00.000000",15.3797979354858
"CB","2026-10-01T18:00:00.000000",15.3637113571167
"CB","2026-10-01T19:00:00.000000",15.3479490280151
"CB","2026-10-01T20:00:00.000000",15.3339977264404
"CB","2026-10-01T21:00:00.000000",15.3249034881592
"CB","2026-10-01T22:00:00.000000",15.3195247650146
"CB","2026-10-01T23:00:00.000000",15.3223714828491
"CB","2026-10-02T00:00:00.000000",15.3534898757935
"CB","2026-10-02T01:00:00.000000",15.3618974685669
"CB","2026-10-02T02:00:00.000000",15.368616104126
"CB","2026-10-02T03:00:00.000000",15.3924989700317
"CB","2026-10-02T04:00:00.000000",15.4169664382935
"CB","2026-10-02T05:00:00.000000",15.4165725708008
"CB","2026-10-02T06:00:00.000000",15.4190759658813
"CB","2026-10-02T07:00:00.000000",15.4246768951416
"CB","2026-10-02T08:00:00.000000",15.4272947311401
"CB","2026-10-02T09:00:00.000000",15.4239616394043
"CB","2026-10-02T10:00:00.000000",15.4183034896851
"CB","2026-10-02T11:00:00.000000",15.4105939865112
"CB","2026-10-02T12:00:00.000000",15.4091148376465
"CB","2026-10-02T13:00:00.000000",15.3858814239502
"CB","2026-10-02T14:00:00.000000",15.3526191711426
"CB","2026-10-02T15:00:00.000000",15.3370866775513
"CB","2026-10-02T16:00:00.000000",15.3149261474609
"CB","2026-10-02T17:00:00.000000",15.2778978347778
"CB","2026-10-02T18:00:00.000000",15.2399082183838
"CB","2026-10-02T19:00:00.000000",15.202751159668
"CB","2026-10-02T20:00:00.000000",15.1647777557373
"CB","2026-10-02T21:00:00.000000",15.1344003677368
"CB","2026-10-02T22:00:00.000000",15.1159009933472
"CB","2026-10-02T23:00:00.000000",15.10560131073
"CB","2026-10-03T00:00:00.000000",15.1028871536255
"CB","2026-10-03T01:00:00.000000",15.1705160140991
"CB","2026-10-03T02:00:00.000000",15.3052425384521
"CB","2026-10-03T03:00:00.000000",15.2215147018433
"CB","2026-10-03T04:00:00.000000",15.1727437973022
"CB","2026-10-03T05:00:00.000000",15.1615219116211
"CB","2026-10-03T06:00:00.000000",15.1600589752197
"CB","2026-10-03T07:00:00.000000",15.1644124984741
"CB","2026-10-03T08:00:00.000000",15.1734409332275
"CB","2026-10-03T09:00:00.000000",15.1854486465454
"CB","2026-10-03T10:00:00.000000",15.2018747329712
"CB","2026-10-03T11:00:00.000000",15.2170610427856
"CB","2026-10-03T12:00:00.000000",15.2339096069336
"CB","2026-10-03T13:00:00.000000",15.2486057281494
"CB","2026-10-03T14:00:00.000000",15.2633285522461
"CB","2026-10-03T15:00:00.000000",15.2659864425659
"CB","2026-10-03T16:00:00.000000",15.2554235458374
"CB","2026-10-03T17:00:00.000000",15.2106151580811
"CB","2026-10-03T18:00:00.000000",15.1819562911987
"CB","2026-10-03T19:00:00.000000",15.1619005203247
"CB","2026-10-03T20:00:00.000000",15.148567199707
"CB","2026-10-03T21:00:00.000000",15.1417570114136
"CB","2026-10-03T22:00:00.000000",15.1406917572021
"CB","2026-10-03T23:00:00.000000",15.1407670974731
"CB","2026-10-04T00:00:00.000000",15.1409397125244
"CB","2026-10-04T01:00:00.000000",15.1434669494629
"CB","2026-10-04T02:00:00.000000",15.1541385650635
"CB","2026-10-04T03:00:00.000000",15.1533441543579
"CB","2026-10-04T04:00:00.000000",15.1316986083984
"CB","2026-10-04T05:00:00.000000",15.1185083389282
"CB","2026-10-04T06:00:00.000000",15.1080856323242
"CB","2026-10-04T07:00:00.000000",15.1033306121826
"CB","2026-10-04T08:00:00.000000",15.1042928695679
"CB","2026-10-04T09:00:00.000000",15.1064739227295
"CB","2026-10-04T10:00:00.000000",15.1096906661987
"CB","2026-10-04T11:00:00.000000",15.1126413345337
"CB","2026-10-04T12:00:00.000000",15.113317489624
"CB","2026-10-04T13:00:00.000000",15.1187353134155
"CB","2026-10-04T14:00:00.000000",15.1292676925659
"CB","2026-10-04T15:00:00.000000",15.1336755752563
"CB","2026-10-04T16:00:00.000000",15.1289052963257
"CB","2026-10-04T17:00:00.000000",15.1090717315674
"CB","2026-10-04T18:00:00.000000",15.0892820358276
"CB","2026-10-04T19:00:00.000000",15.0761756896973
"CB","2026-10-04T20:00:00.000000",15.0669116973877
"CB","2026-10-04T21:00:00.000000",15.0574703216553
"CB","2026-10-04T22:00:00.000000",15.0482959747314
"CB","2026-10-04T23:00:00.000000",15.0404386520386
"CB","2026-10-05T00:00:00.000000",15.0319442749023
"CI","2026-09-27T00:00:00.000000",16.5606918334961
"CI","2026-09-27T01:00:00.000000",16.5308265686035
"CI","2026-09-27T02:00:00.000000",16.5166568756104
"CI","2026-09-27T03:00:00.000000",16.512882232666
"CI","2026-09-27T04:00:00.000000",16.5120124816895
"CI","2026-09-27T05:00:00.000000",16.5072841644287
"CI","2026-09-27T06:00:00.000000",16.5089550018311
"CI","2026-09-27T07:00:00.000000",16.5325469970703
"CI","2026-09-27T08:00:00.000000",16.538179397583
"CI","2026-09-27T09:00:00.000000",16.5324287414551
"CI","2026-09-27T10:00:00.000000",16.5221767425537
"CI","2026-09-27T11:00:00.000000",16.5239849090576
"CI","2026-09-27T12:00:00.000000",16.5273818969727
"CI","2026-09-27T13:00:00.000000",16.5119190216064
"CI","2026-09-27T14:00:00.000000",16.5112628936768
"CI","2026-09-27T15:00:00.000000",16.5115718841553
"CI","2026-09-27T16:00:00.000000",16.5125732421875
"CI","2026-09-27T17:00:00.000000",16.5152397155762
"CI","2026-09-27T18:00:00.000000",16.5087585449219
"CI","2026-09-27T19:00:00.000000",16.5106048583984
"CI","2026-09-27T20:00:00.000000",16.5030765533447
"CI","2026-09-27T21:00:00.000000",16.477689743042
"CI","2026-09-27T22:00:00.000000",16.4504337310791
"CI","2026-09-27T23:00:00.000000",16.405252456665
"CI","2026-09-28T00:00:00.000000",16.4836940765381
"CI","2026-09-28T01:00:00.000000",16.4950618743896
"CI","2026-09-28T02:00:00.000000",16.5098857879639
"CI","2026-09-28T03:00:00.000000",16.5154590606689
"CI","2026-09-28T04:00:00.000000",16.51149559021
"CI","2026-09-28T05:00:00.000000",16.5083789825439
"CI","2026-09-28T06:00:00.000000",16.4586448669434
"CI","2026-09-28T07:00:00.000000",16.4352359771729
"CI","2026-09-28T08:00:00.000000",16.4237403869629
"CI","2026-09-28T09:00:00.000000",16.4136409759521
"CI","2026-09-28T10:00:00.000000",16.3892974853516
"CI","2026-09-28T11:00:00.000000",16.3753681182861
"CI","2026-09-28T12:00:00.000000",16.41650390625
"CI","2026-09-28T13:00:00.000000",16.4371643066406
"CI","2026-09-28T14:00:00.000000",16.4614734649658
"CI","2026-09-28T15:00:00.000000",16.4760112762451
"CI","2026-09-28T16:00:00.000000",16.4774131774902
"CI","2026-09-28T17:00:00.000000",16.4776763916016
"CI","2026-09-28T18:00:00.000000",16.453161239624
"CI","2026-09-28T19:00:00.000000",16.4127922058105
"CI","2026-09-28T20:00:00.000000",16.3927230834961
"CI","2026-09-28T21:00:00.000000",16.3749237060547
"CI","2026-09-28T22:00:00.000000",16.3456573486328
"CI","2026-09-28T23:00:00.000000",16.3198890686035
"CI","2026-09-29T00:00:00.000000",16.3462371826172
"CI","2026-09-29T01:00:00.000000",16.3813991546631
"CI","2026-09-29T02:00:00.000000",16.415864944458
"CI","2026-09-29T03:00:00.000000",16.4366436004639
"CI","2026-09-29T04:00:00.000000",16.4333896636963
"CI","2026-09-29T05:00:00.000000",16.4253559112549
"CI","2026-09-29T06:00:00.000000",16.415002822876
"CI","2026-09-29T07:00:00.000000",16.3488521575928
"CI","2026-09-29T08:00:00.000000",16.3179016113281
"CI","2026-09-29T09:00:00.000000",16.2882442474365
"CI","2026-09-29T10:00:00.000000",16.2618141174316
"CI","2026-09-29T11:00:00.000000",16.2350959777832
"CI","2026-09-29T12:00:00.000000",16.2608871459961
"CI","2026-09-29T13:00:00.000000",16.2912006378174
"CI","2026-09-29T14:00:00.000000",16.3336925506592
"CI","2026-09-29T15:00:00.000000",16.3757343292236
"CI","2026-09-29T16:00:00.000000",16.387903213501
"CI","2026-09-29T17:00:00.000000",16.3879108428955
"CI","2026-09-29T18:00:00.000000",16.3854026794434
"CI","2026-09-29T19:00:00.000000",16.321252822876
"CI","2026-09-29T20:00:00.000000",16.2911949157715
"CI","2026-09-29T21:00:00.000000",16.2584686279297
"CI","2026-09-29T22:00:00.000000",16.2282390594482
"CI","2026-09-29T23:00:00.000000",16.1876678466797
"CI","2026-09-30T00:00:00.000000",16.14084815979
"CI","2026-09-30T01:00:00.000000",16.2156429290771
"CI","2026-09-30T02:00:00.000000",16.2595043182373
"CI","2026-09-30T03:00:00.000000",16.2632827758789
"CI","2026-09-30T04:00:00.000000",16.2431354522705
"CI","2026-09-30T05:00:00.000000",16.2237911224365
"CI","2026-09-30T06:00:00.000000",16.2196464538574
"CI","2026-09-30T07:00:00.000000",16.2298259735107
"CI","2026-09-30T08:00:00.000000",16.236291885376
"CI","2026-09-30T09:00:00.000000",16.221492767334
"CI","2026-09-30T10:00:00.000000",16.2021408081055
"CI","2026-09-30T11:00:00.000000",16.1806812286377
"CI","2026-09-30T12:00:00.000000",16.1653461456299
"CI","2026-09-30T13:00:00.000000",16.2004375457764
"CI","2026-09-30T14:00:00.000000",16.2334461212158
"CI","2026-09-30T15:00:00.000000",16.2352352142334
"CI","2026-09-30T16:00:00.000000",16.2118148803711
"CI","2026-09-30T17:00:00.000000",16.2025203704834
"CI","2026-09-30T18:00:00.000000",16.2110843658447
"CI","2026-09-30T19:00:00.000000",16.2297458648682
"CI","2026-09-30T20:00:00.000000",16.2528133392334
"CI","2026-09-30T21:00:00.000000",16.2733154296875
"CI","2026-09-30T22:00:00.000000",16.2605934143066
"CI","2026-09-30T23:00:00.000000",16.2454395294189
"CI","2026-10-01T00:00:00.000000",16.2211074829102
"CI","2026-10-01T01:00:00.000000",16.2158794403076
"CI","2026-10-01T02:00:00.000000",16.2457637786865
"CI","2026-10-01T03:00:00.000000",16.2707061767578
"CI","2026-10-01T04:00:00.000000",16.2411861419678
"CI","2026-10-01T05:00:00.000000",16.1986770629883
"CI","2026-10-01T06:00:00.000000",16.1739482879639
"CI","2026-10-01T07:00:00.000000",16.1753044128418
"CI","2026-10-01T08:00:00.000000",16.2126197814941
"CI","2026-10-01T09:00:00.000000",16.238109588623
"CI","2026-10-01T10:00:00.000000",16.2487258911133
"CI","2026-10-01T11:00:00.000000",16.2366199493408
"CI","2026-10-01T12:00:00.000000",16.2253723144531
"CI","2026-10-01T13:00:00.000000",16.2142696380615
"CI","2026-10-01T14:00:00.000000",16.2467384338379
"CI","2026-10-01T15:00:00.000000",16.2625389099121
"CI","2026-10-01T16:00:00.000000",16.2470512390137
"CI","2026-10-01T17:00:00.000000",16.2281169891357
"CI","2026-10-01T18:00:00.000000",16.23073387146
"CI","2026-10-01T19:00:00.000000",16.2449569702148
"CI","2026-10-01T20:00:00.000000",16.2676334381104
"CI","2026-10-01T21:00:00.000000",16.2858982086182
"CI","2026-10-01T22:00:00.000000",16.3043212890625
"CI","2026-10-01T23:00:00.000000",16.296724319458
"CI","2026-10-02T00:00:00.000000",16.2849197387695
"CI","2026-10-02T01:00:00.000000",16.2600746154785
"CI","2026-10-02T02:00:00.000000",16.261697769165
"CI","2026-10-02T03:00:00.000000",16.2881050109863
"CI","2026-10-02T04:00:00.000000",16.2979507446289
"CI","2026-10-02T05:00:00.000000",16.2775230407715
"CI","2026-10-02T06:00:00.000000",16.2518081665039
"CI","2026-10-02T07:00:00.000000",16.238353729248
"CI","2026-10-02T08:00:00.000000",16.2418060302734
"CI","2026-10-02T09:00:00.000000",16.2642135620117
"CI","2026-10-02T10:00:00.000000",16.2778835296631
"CI","2026-10-02T11:00:00.000000",16.2820014953613
"CI","2026-10-02T12:00:00.000000",16.2732639312744
"CI","2026-10-02T13:00:00.000000",16.2620105743408
"CI","2026-10-02T14:00:00.000000",16.2595596313477
"CI","2026-10-02T15:00:00.000000",16.2939624786377
"CI","2026-10-02T16:00:00.000000",16.3102931976318
"CI","2026-10-02T17:00:00.000000",16.3049926757812
"CI","2026-10-02T18:00:00.000000",16.3008041381836
"CI","2026-10-02T19:00:00.000000",16.3047504425049
"CI","2026-10-02T20:00:00.000000",16.314245223999
"CI","2026-10-02T21:00:00.000000",16.3243789672852
"CI","2026-10-02T22:00:00.000000",16.3365631103516
"CI","2026-10-02T23:00:00.000000",16.3458881378174
"CI","2026-10-03T00:00:00.000000",16.3334197998047
"CI","2026-10-03T01:00:00.000000",16.3181591033936
"CI","2026-10-03T02:00:00.000000",16.2442626953125
"CI","2026-10-03T03:00:00.000000",16.1729545593262
"CI","2026-10-03T04:00:00.000000",16.2545776367188
"CI","2026-10-03T05:00:00.000000",16.2919483184814
"CI","2026-10-03T06:00:00.000000",16.2548923492432
"CI","2026-10-03T07:00:00.000000",16.2411003112793
"CI","2026-10-03T08:00:00.000000",16.2354564666748
"CI","2026-10-03T09:00:00.000000",16.2360687255859
"CI","2026-10-03T10:00:00.000000",16.2154579162598
"CI","2026-10-03T11:00:00.000000",16.2091464996338
"CI","2026-10-03T12:00:00.000000",16.2064762115479
"CI","2026-10-03T13:00:00.000000",16.193510055542
"CI","2026-10-03T14:00:00.000000",16.1784896850586
"CI","2026-10-03T15:00:00.000000",16.1745262145996
"CI","2026-10-03T16:00:00.000000",16.2457046508789
"CI","2026-10-03T17:00:00.000000",16.276668548584
"CI","2026-10-03T18:00:00.000000",16.3075675964355
"CI","2026-10-03T19:00:00.000000",16.3464832305908
"CI","2026-10-03T20:00:00.000000",16.3757610321045
"CI","2026-10-03T21:00:00.000000",16.3802585601807
"CI","2026-10-03T22:00:00.000000",16.3557548522949
"CI","2026-10-03T23:00:00.000000",16.3139705657959
"CI","2026-10-04T00:00:00.000000",16.2854862213135
"CI","2026-10-04T01:00:00.000000",16.2627830505371
"CI","2026-10-04T02:00:00.000000",16.2477912902832
"CI","2026-10-04T03:00:00.000000",16.2248077392578
"CI","2026-10-04T04:00:00.000000",16.2414054870605
"CI","2026-10-04T05:00:00.000000",16.2803077697754
"CI","2026-10-04T06:00:00.000000",16.3064918518066
"CI","2026-10-04T07:00:00.000000",16.3352508544922
"CI","2026-10-04T08:00:00.000000",16.3595218658447
"CI","2026-10-04T09:00:00.000000",16.3683967590332
"CI","2026-10-04T10:00:00.000000",16.3658447265625
"CI","2026-10-04T11:00:00.000000",16.340425491333
"CI","2026-10-04T12:00:00.000000",16.3042373657227
"CI","2026-10-04T13:00:00.000000",16.2741317749023
"CI","2026-10-04T14:00:00.000000",16.2587757110596
"CI","2026-10-04T15:00:00.000000",16.2536334991455
"CI","2026-10-04T16:00:00.000000",16.2597103118896
"CI","2026-10-04T17:00:00.000000",16.3045921325684
"CI","2026-10-04T18:00:00.000000",16.3529510498047
"CI","2026-10-04T19:00:00.000000",16.3969211578369
"CI","2026-10-04T20:00:00.000000",16.422061920166
"CI","2026-10-04T21:00:00.000000",16.4320297241211
"CI","2026-10-04T22:00:00.000000",16.4334011077881
"CI","2026-10-04T23:00:00.000000",16.4159049987793
"CI","2026-10-05T00:00:00.000000",16.3800296783447
"DC","2026-09-27T00:00:00.000000",16.1674289703369
"DC","2026-09-27T01:00:00.000000",16.1502437591553
"DC","2026-09-27T02:00:00.000000",16.1293392181396
"DC","2026-09-27T03:00:00.000000",16.1080741882324
"DC","2026-09-27T04:00:00.000000",16.0945358276367
"DC","2026-09-27T05:00:00.000000",16.0852737426758
"DC","2026-09-27T06:00:00.000000",16.0857334136963
"DC","2026-09-27T07:00:00.000000",16.0921611785889
"DC","2026-09-27T08:00:00.000000",16.0955200195312
"DC","2026-09-27T09:00:00.000000",16.0777740478516
"DC","2026-09-27T10:00:00.000000",16.0521125793457
"DC","2026-09-27T11:00:00.000000",16.0267066955566
"DC","2026-09-27T12:00:00.000000",15.9933967590332
"DC","2026-09-27T13:00:00.000000",15.9511766433716
"DC","2026-09-27T14:00:00.000000",15.9114274978638
"DC","2026-09-27T15:00:00.000000",15.887303352356
"DC","2026-09-27T16:00:00.000000",15.8743867874146
"DC","2026-09-27T17:00:00.000000",15.8697700500488
"DC","2026-09-27T18:00:00.000000",15.8684701919556
"DC","2026-09-27T19:00:00.000000",15.861927986145
"DC","2026-09-27T20:00:00.000000",15.852801322937
"DC","2026-09-27T21:00:00.000000",15.8370361328125
"DC","2026-09-27T22:00:00.000000",15.8183937072754
"DC","2026-09-27T23:00:00.000000",15.7986755371094
"DC","2026-09-28T00:00:00.000000",15.7793064117432
"DC","2026-09-28T01:00:00.000000",15.7706966400146
"DC","2026-09-28T02:00:00.000000",15.7687702178955
"DC","2026-09-28T03:00:00.000000",15.7617874145508
"DC","2026-09-28T04:00:00.000000",15.7554616928101
"DC","2026-09-28T05:00:00.000000",15.751446723938
"DC","2026-09-28T06:00:00.000000",15.749927520752
"DC","2026-09-28T07:00:00.000000",15.748215675354
"DC","2026-09-28T08:00:00.000000",15.7461843490601
"DC","2026-09-28T09:00:00.000000",15.743824005127
"DC","2026-09-28T10:00:00.000000",15.7473621368408
"DC","2026-09-28T11:00:00.000000",15.7488117218018
"DC","2026-09-28T12:00:00.000000",15.7426948547363
"DC","2026-09-28T13:00:00.000000",15.7285594940186
"DC","2026-09-28T14:00:00.000000",15.710506439209
"DC","2026-09-28T15:00:00.000000",15.6951990127563
"DC","2026-09-28T16:00:00.000000",15.6861705780029
"DC","2026-09-28T17:00:00.000000",15.6862373352051
"DC","2026-09-28T18:00:00.000000",15.6946659088135
"DC","2026-09-28T19:00:00.000000",15.7072954177856
"DC","2026-09-28T20:00:00.000000",15.7213926315308
"DC","2026-09-28T21:00:00.000000",15.7320690155029
"DC","2026-09-28T22:00:00.000000",15.7438335418701
"DC","2026-09-28T23:00:00.000000",15.7320318222046
"DC","2026-09-29T00:00:00.000000",15.7185916900635
"DC","2026-09-29T01:00:00.000000",15.7057657241821
"DC","2026-09-29T02:00:00.000000",15.6898632049561
"DC","2026-09-29T03:00:00.000000",15.6734523773193
"DC","2026-09-29T04:00:00.000000",15.6589498519897
"DC","2026-09-29T05:00:00.000000",15.6503686904907
"DC","2026-09-29T06:00:00.000000",15.6512460708618
"DC","2026-09-29T07:00:00.000000",15.661581993103
"DC","2026-09-29T08:00:00.000000",15.6745052337646
"DC","2026-09-29T09:00:00.000000",15.6771039962769
"DC","2026-09-29T10:00:00.000000",15.6738586425781
"DC","2026-09-29T11:00:00.000000",15.6750812530518
"DC","2026-09-29T12:00:00.000000",15.6790866851807
"DC","2026-09-29T13:00:00.000000",15.6108531951904
"DC","2026-09-29T14:00:00.000000",15.5960674285889
"DC","2026-09-29T15:00:00.000000",15.5824117660522
"DC","2026-09-29T16:00:00.000000",15.5631628036499
"DC","2026-09-29T17:00:00.000000",15.5547819137573
"DC","2026-09-29T18:00:00.000000",15.5616655349731
"DC","2026-09-29T19:00:00.000000",15.5793180465698
"DC","2026-09-29T20:00:00.000000",15.5951042175293
"DC","2026-09-29T21:00:00.000000",15.606593132019
"DC","2026-09-29T22:00:00.000000",15.6090106964111
"DC","2026-09-29T23:00:00.000000",15.6089944839478
"DC","2026-09-30T00:00:00.000000",15.604588508606
"DC","2026-09-30T01:00:00.000000",15.5882892608643
"DC","2026-09-30T02:00:00.000000",15.5720796585083
"DC","2026-09-30T03:00:00.000000",15.5601100921631
"DC","2026-09-30T04:00:00.000000",15.5523376464844
"DC","2026-09-30T05:00:00.000000",15.5335216522217
"DC","2026-09-30T06:00:00.000000",15.5220165252686
"DC","2026-09-30T07:00:00.000000",15.5231075286865
"DC","2026-09-30T08:00:00.000000",15.5323572158813
"DC","2026-09-30T09:00:00.000000",15.5458221435547
"DC","2026-09-30T10:00:00.000000",15.5835037231445
"DC","2026-09-30T11:00:00.000000",15.5778875350952
"DC","2026-09-30T12:00:00.000000",15.5644025802612
"DC","2026-09-30T13:00:00.000000",15.5348691940308
"DC","2026-09-30T14:00:00.000000",15.5004415512085
"DC","2026-09-30T15:00:00.000000",15.4672441482544
"DC","2026-09-30T16:00:00.000000",15.4354410171509
"DC","2026-09-30T17:00:00.000000",15.4190464019775
"DC","2026-09-30T18:00:00.000000",15.4127044677734
"DC","2026-09-30T19:00:00.000000",15.4144611358643
"DC","2026-09-30T20:00:00.000000",15.4238805770874
"DC","2026-09-30T21:00:00.000000",15.4389963150024
"DC","2026-09-30T22:00:00.000000",15.4820079803467
"DC","2026-09-30T23:00:00.000000",15.5656929016113
"DC","2026-10-01T00:00:00.000000",15.5719423294067
"DC","2026-10-01T01:00:00.000000",15.527458190918
"DC","2026-10-01T02:00:00.000000",15.4575567245483
"DC","2026-10-01T03:00:00.000000",15.4184846878052
"DC","2026-10-01T04:00:00.000000",15.3719816207886
"DC","2026-10-01T05:00:00.000000",15.3279962539673
"DC","2026-10-01T06:00:00.000000",15.2869367599487
"DC","2026-10-01T07:00:00.000000",15.2574100494385
"DC","2026-10-01T08:00:00.000000",15.2501611709595
"DC","2026-10-01T09:00:00.000000",15.2492694854736
"DC","2026-10-01T10:00:00.000000",15.2572612762451
"DC","2026-10-01T11:00:00.000000",15.3007841110229
"DC","2026-10-01T12:00:00.000000",15.3866920471191
"DC","2026-10-01T13:00:00.000000",15.4244499206543
"DC","2026-10-01T14:00:00.000000",15.409348487854
"DC","2026-10-01T15:00:00.000000",15.3492612838745
"DC","2026-10-01T16:00:00.000000",15.2907629013062
"DC","2026-10-01T17:00:00.000000",15.2526063919067
"DC","2026-10-01T18:00:00.000000",15.2320756912231
"DC","2026-10-01T19:00:00.000000",15.2249479293823
"DC","2026-10-01T20:00:00.000000",15.2214164733887
"DC","2026-10-01T21:00:00.000000",15.2360458374023
"DC","2026-10-01T22:00:00.000000",15.2691650390625
"DC","2026-10-01T23:00:00.000000",15.3575849533081
"DC","2026-10-02T00:00:00.000000",15.4303359985352
"DC","2026-10-02T01:00:00.000000",15.549126625061
"DC","2026-10-02T02:00:00.000000",15.4920606613159
"DC","2026-10-02T03:00:00.000000",15.4911327362061
"DC","2026-10-02T04:00:00.000000",15.4976673126221
"DC","2026-10-02T05:00:00.000000",15.4171800613403
"DC","2026-10-02T06:00:00.000000",15.3446407318115
"DC","2026-10-02T07:00:00.000000",15.2838439941406
"DC","2026-10-02T08:00:00.000000",15.2463045120239
"DC","2026-10-02T09:00:00.000000",15.2287588119507
"DC","2026-10-02T10:00:00.000000",15.222038269043
"DC","2026-10-02T11:00:00.000000",15.22043800354
"DC","2026-10-02T12:00:00.000000",15.2476673126221
"DC","2026-10-02T13:00:00.000000",15.404016494751
"DC","2026-10-02T14:00:00.000000",15.3403692245483
"DC","2026-10-02T15:00:00.000000",15.2132921218872
"DC","2026-10-02T16:00:00.000000",15.1275987625122
"DC","2026-10-02T17:00:00.000000",15.0840139389038
"DC","2026-10-02T18:00:00.000000",15.0547046661377
"DC","2026-10-02T19:00:00.000000",15.0318336486816
"DC","2026-10-02T20:00:00.000000",15.0114803314209
"DC","2026-10-02T21:00:00.000000",15.0036754608154
"DC","2026-10-02T22:00:00.000000",15.0043821334839
"DC","2026-10-02T23:00:00.000000",15.0121831893921
"DC","2026-10-03T00:00:00.000000",15.0403890609741
"DC","2026-10-03T01:00:00.000000",15.0574922561646
"DC","2026-10-03T02:00:00.000000",15.1319141387939
"DC","2026-10-03T03:00:00.000000",15.233118057251
"DC","2026-10-03T04:00:00.000000",15.2994108200073
"DC","2026-10-03T05:00:00.000000",15.2602205276489
"DC","2026-10-03T06:00:00.000000",15.1723871231079
"DC","2026-10-03T07:00:00.000000",15.1287994384766
"DC","2026-10-03T08:00:00.000000",15.1136751174927
"DC","2026-10-03T09:00:00.000000",15.1141834259033
"DC","2026-10-03T10:00:00.000000",15.1272239685059
"DC","2026-10-03T11:00:00.000000",15.161717414856
"DC","2026-10-03T12:00:00.000000",15.1946125030518
"DC","2026-10-03T13:00:00.000000",15.1865692138672
"DC","2026-10-03T14:00:00.000000",15.1767587661743
"DC","2026-10-03T15:00:00.000000",15.1877393722534
"DC","2026-10-03T16:00:00.000000",15.172119140625
"DC","2026-10-03T17:00:00.000000",15.1263399124146
"DC","2026-10-03T18:00:00.000000",15.0838441848755
"DC","2026-10-03T19:00:00.000000",15.0568208694458
"DC","2026-10-03T20:00:00.000000",15.0498647689819
"DC","2026-10-03T21:00:00.000000",15.0486240386963
"DC","2026-10-03T22:00:00.000000",15.0542488098145
"DC","2026-10-03T23:00:00.000000",15.0599908828735
"DC","2026-10-04T00:00:00.000000",15.0652637481689
"DC","2026-10-04T01:00:00.000000",15.0726079940796
"DC","2026-10-04T02:00:00.000000",15.0767383575439
"DC","2026-10-04T03:00:00.000000",15.0784120559692
"DC","2026-10-04T04:00:00.000000",15.0606164932251
"DC","2026-10-04T05:00:00.000000",15.0542135238647
"DC","2026-10-04T06:00:00.000000",15.060341835022
"DC","2026-10-04T07:00:00.000000",15.0695371627808
"DC","2026-10-04T08:00:00.000000",15.0533132553101
"DC","2026-10-04T09:00:00.000000",15.0380773544312
"DC","2026-10-04T10:00:00.000000",15.0353231430054
"DC","2026-10-04T11:00:00.000000",15.0416851043701
"DC","2026-10-04T12:00:00.000000",15.0513591766357
"DC","2026-10-04T13:00:00.000000",15.0581169128418
"DC","2026-10-04T14:00:00.000000",15.04905128479
"DC","2026-10-04T15:00:00.000000",15.0429277420044
"DC","2026-10-04T16:00:00.000000",15.0282688140869
"DC","2026-10-04T17:00:00.000000",15.001070022583
"DC","2026-10-04T18:00:00.000000",14.9859752655029
"DC","2026-10-04T19:00:00.000000",14.9736804962158
"DC","2026-10-04T20:00:00.000000",14.9633827209473
"DC","2026-10-04T21:00:00.000000",14.9523448944092
"DC","2026-10-04T22:00:00.000000",14.9432830810547
"DC","2026-10-04T23:00:00.000000",14.9392023086548
"DC","2026-10-05T00:00:00.000000",14.9339332580566
"LH","2026-09-27T00:00:00.000000",16.4043598175049
"LH","2026-09-27T01:00:00.000000",16.4067077636719
"LH","2026-09-27T02:00:00.000000",16.4018802642822
"LH","2026-09-27T03:00:00.000000",16.3952465057373
"LH","2026-09-27T04:00:00.000000",16.3880004882812
"LH","2026-09-27T05:00:00.000000",16.3830585479736
"LH","2026-09-27T06:00:00.000000",16.3716468811035
"LH","2026-09-27T07:00:00.000000",16.3657531738281
"LH","2026-09-27T08:00:00.000000",16.3646430969238
"LH","2026-09-27T09:00:00.000000",16.342830657959
"LH","2026-09-27T10:00:00.000000",16.3297920227051
"LH","2026-09-27T11:00:00.000000",16.2981986999512
"LH","2026-09-27T12:00:00.000000",16.2712745666504
"LH","2026-09-27T13:00:00.000000",16.2808437347412
"LH","2026-09-27T14:00:00.000000",16.2917098999023
"LH","2026-09-27T15:00:00.000000",16.2973766326904
"LH","2026-09-27T16:00:00.000000",16.2976512908936
"LH","2026-09-27T17:00:00.000000",16.290189743042
"LH","2026-09-27T18:00:00.000000",16.2751522064209
"LH","2026-09-27T19:00:00.000000",16.2454605102539
"LH","2026-09-27T20:00:00.000000",16.2175216674805
"LH","2026-09-27T21:00:00.000000",16.1624183654785
"LH","2026-09-27T22:00:00.000000",16.1430492401123
"LH","2026-09-27T23:00:00.000000",16.1539058685303
"LH","2026-09-28T00:00:00.000000",16.1434020996094
"LH","2026-09-28T01:00:00.000000",16.1719722747803
"LH","2026-09-28T02:00:00.000000",16.1953105926514
"LH","2026-09-28T03:00:00.000000",16.2088623046875
"LH","2026-09-28T04:00:00.000000",16.2093334197998
"LH","2026-09-28T05:00:00.000000",16.2040824890137
"LH","2026-09-28T06:00:00.000000",16.192533493042
"LH","2026-09-28T07:00:00.000000",16.1747379302979
"LH","2026-09-28T08:00:00.000000",16.1558322906494
"LH","2026-09-28T09:00:00.000000",16.1240177154541
"LH","2026-09-28T10:00:00.000000",16.1085052490234
"LH","2026-09-28T11:00:00.000000",16.10813331604
"LH","2026-09-28T12:00:00.000000",16.0844058990479
"LH","2026-09-28T13:00:00.000000",16.0888137817383
"LH","2026-09-28T14:00:00.000000",16.1152381896973
"LH","2026-09-28T15:00:00.000000",16.1324901580811
"LH","2026-09-28T16:00:00.000000",16.1351165771484
"LH","2026-09-28T17:00:00.000000",16.1330890655518
"LH","2026-09-28T18:00:00.000000",16.1301097869873
"LH","2026-09-28T19:00:00.000000",16.1150455474854
"LH","2026-09-28T20:00:00.000000",16.0804653167725
"LH","2026-09-28T21:00:00.000000",16.0240592956543
"LH","2026-09-28T22:00:00.000000",15.9607887268066
"LH","2026-09-28T23:00:00.000000",15.9682283401489
"LH","2026-09-29T00:00:00.000000",15.9979496002197
"LH","2026-09-29T01:00:00.000000",16.0321712493896
"LH","2026-09-29T02:00:00.000000",16.0639953613281
"LH","2026-09-29T03:00:00.000000",16.0727043151855
"LH","2026-09-29T04:00:00.000000",16.0745277404785
"LH","2026-09-29T05:00:00.000000",16.0765991210938
"LH","2026-09-29T06:00:00.000000",16.0770797729492
"LH","2026-09-29T07:00:00.000000",16.0753154754639
"LH","2026-09-29T08:00:00.000000",16.069486618042
"LH","2026-09-29T09:00:00.000000",16.0517997741699
"LH","2026-09-29T10:00:00.000000",16.0169048309326
"LH","2026-09-29T11:00:00.000000",16.0192794799805
"LH","2026-09-29T12:00:00.000000",16.0352058410645
"LH","2026-09-29T13:00:00.000000",16.0376586914062
"LH","2026-09-29T14:00:00.000000",16.0386333465576
"LH","2026-09-29T15:00:00.000000",16.0340518951416
"LH","2026-09-29T16:00:00.000000",16.0263557434082
"LH","2026-09-29T17:00:00.000000",16.0251770019531
"LH","2026-09-29T18:00:00.000000",16.0257034301758
"LH","2026-09-29T19:00:00.000000",16.0255889892578
"LH","2026-09-29T20:00:00.000000",16.0255813598633
"LH","2026-09-29T21:00:00.000000",16.0240268707275
"LH","2026-09-29T22:00:00.000000",16.0005435943604
"LH","2026-09-29T23:00:00.000000",15.981333732605
"LH","2026-09-30T00:00:00.000000",15.988733291626
"LH","2026-09-30T01:00:00.000000",16.0030269622803
"LH","2026-09-30T02:00:00.000000",15.9952449798584
"LH","2026-09-30T03:00:00.000000",15.9905033111572
"LH","2026-09-30T04:00:00.000000",15.9881362915039
"LH","2026-09-30T05:00:00.000000",15.9864406585693
"LH","2026-09-30T06:00:00.000000",15.9860363006592
"LH","2026-09-30T07:00:00.000000",15.9863557815552
"LH","2026-09-30T08:00:00.000000",15.9873905181885
"LH","2026-09-30T09:00:00.000000",15.9931392669678
"LH","2026-09-30T10:00:00.000000",15.9980382919312
"LH","2026-09-30T11:00:00.000000",15.9951362609863
"LH","2026-09-30T12:00:00.000000",15.9949703216553
"LH","2026-09-30T13:00:00.000000",15.9977159500122
"LH","2026-09-30T14:00:00.000000",15.9980802536011
"LH","2026-09-30T15:00:00.000000",15.999683380127
"LH","2026-09-30T16:00:00.000000",16.0066146850586
"LH","2026-09-30T17:00:00.000000",16.0121078491211
"LH","2026-09-30T18:00:00.000000",16.0149211883545
"LH","2026-09-30T19:00:00.000000",16.0168647766113
"LH","2026-09-30T20:00:00.000000",16.0198192596436
"LH","2026-09-30T21:00:00.000000",16.0297470092773
"LH","2026-09-30T22:00:00.000000",16.0389194488525
"LH","2026-09-30T23:00:00.000000",16.0319690704346
"LH","2026-10-01T00:00:00.000000",15.9986991882324
"LH","2026-10-01T01:00:00.000000",16.0014266967773
"LH","2026-10-01T02:00:00.000000",16.0156536102295
"LH","2026-10-01T03:00:00.000000",16.0215110778809
"LH","2026-10-01T04:00:00.000000",16.0225086212158
"LH","2026-10-01T05:00:00.000000",16.0208225250244
"LH","2026-10-01T06:00:00.000000",16.0192337036133
"LH","2026-10-01T07:00:00.000000",16.0189151763916
"LH","2026-10-01T08:00:00.000000",16.0188274383545
"LH","2026-10-01T09:00:00.000000",16.019458770752
"LH","2026-10-01T10:00:00.000000",16.0197200775146
"LH","2026-10-01T11:00:00.000000",16.0140399932861
"LH","2026-10-01T12:00:00.000000",15.9981489181519
"LH","2026-10-01T13:00:00.000000",16.0011596679688
"LH","2026-10-01T14:00:00.000000",16.0110607147217
"LH","2026-10-01T15:00:00.000000",16.01828956604
"LH","2026-10-01T16:00:00.000000",16.0251140594482
"LH","2026-10-01T17:00:00.000000",16.0351123809814
"LH","2026-10-01T18:00:00.000000",16.0435638427734
"LH","2026-10-01T19:00:00.000000",16.046443939209
"LH","2026-10-01T20:00:00.000000",16.047477722168
"LH","2026-10-01T21:00:00.000000",16.049783706665
"LH","2026-10-01T22:00:00.000000",16.0512561798096
"LH","2026-10-01T23:00:00.000000",16.0448627471924
"LH","2026-10-02T00:00:00.000000",15.9884090423584
"LH","2026-10-02T01:00:00.000000",15.9379835128784
"LH","2026-10-02T02:00:00.000000",15.9602193832397
"LH","2026-10-02T03:00:00.000000",15.9995594024658
"LH","2026-10-02T04:00:00.000000",16.0182704925537
"LH","2026-10-02T05:00:00.000000",16.0257015228271
"LH","2026-10-02T06:00:00.000000",16.0279769897461
"LH","2026-10-02T07:00:00.000000",16.029275894165
"LH","2026-10-02T08:00:00.000000",16.0293388366699
"LH","2026-10-02T09:00:00.000000",16.0273723602295
"LH","2026-10-02T10:00:00.000000",16.0234260559082
"LH","2026-10-02T11:00:00.000000",16.0182991027832
"LH","2026-10-02T12:00:00.000000",16.0036430358887
"LH","2026-10-02T13:00:00.000000",15.98912525177
"LH","2026-10-02T14:00:00.000000",15.9952030181885
"LH","2026-10-02T15:00:00.000000",16.0109519958496
"LH","2026-10-02T16:00:00.000000",16.0273990631104
"LH","2026-10-02T17:00:00.000000",16.0402374267578
"LH","2026-10-02T18:00:00.000000",16.051305770874
"LH","2026-10-02T19:00:00.000000",16.0572624206543
"LH","2026-10-02T20:00:00.000000",16.0583572387695
"LH","2026-10-02T21:00:00.000000",16.0592823028564
"LH","2026-10-02T22:00:00.000000",16.0589694976807
"LH","2026-10-02T23:00:00.000000",16.0530700683594
"LH","2026-10-03T00:00:00.000000",16.034912109375
"LH","2026-10-03T01:00:00.000000",15.9499368667603
"LH","2026-10-03T02:00:00.000000",15.8036403656006
"LH","2026-10-03T03:00:00.000000",15.8412017822266
"LH","2026-10-03T04:00:00.000000",15.900203704834
"LH","2026-10-03T05:00:00.000000",15.93408203125
"LH","2026-10-03T06:00:00.000000",15.9451856613159
"LH","2026-10-03T07:00:00.000000",15.9507446289062
"LH","2026-10-03T08:00:00.000000",15.9551010131836
"LH","2026-10-03T09:00:00.000000",15.9569854736328
"LH","2026-10-03T10:00:00.000000",15.9564542770386
"LH","2026-10-03T11:00:00.000000",15.9544868469238
"LH","2026-10-03T12:00:00.000000",15.9530715942383
"LH","2026-10-03T13:00:00.000000",15.9491109848022
"LH","2026-10-03T14:00:00.000000",15.9435005187988
"LH","2026-10-03T15:00:00.000000",15.9399547576904
"LH","2026-10-03T16:00:00.000000",15.9450664520264
"LH","2026-10-03T17:00:00.000000",15.9499940872192
"LH","2026-10-03T18:00:00.000000",15.9481086730957
"LH","2026-10-03T19:00:00.000000",15.9358491897583
"LH","2026-10-03T20:00:00.000000",15.9387626647949
"LH","2026-10-03T21:00:00.000000",15.9413118362427
"LH","2026-10-03T22:00:00.000000",15.9413681030273
"LH","2026-10-03T23:00:00.000000",15.9408674240112
"LH","2026-10-04T00:00:00.000000",15.939549446106
"LH","2026-10-04T01:00:00.000000",15.9324808120728
"LH","2026-10-04T02:00:00.000000",15.8986740112305
"LH","2026-10-04T03:00:00.000000",15.8857870101929
"LH","2026-10-04T04:00:00.000000",15.8923902511597
"LH","2026-10-04T05:00:00.000000",15.9164180755615
"LH","2026-10-04T06:00:00.000000",15.9224195480347
"LH","2026-10-04T07:00:00.000000",15.9299459457397
"LH","2026-10-04T08:00:00.000000",15.9424915313721
"LH","2026-10-04T09:00:00.000000",15.9525985717773
"LH","2026-10-04T10:00:00.000000",15.9568204879761
"LH","2026-10-04T11:00:00.000000",15.9566612243652
"LH","2026-10-04T12:00:00.000000",15.9540948867798
"LH","2026-10-04T13:00:00.000000",15.9526033401489
"LH","2026-10-04T14:00:00.000000",15.9496479034424
"LH","2026-10-04T15:00:00.000000",15.9471502304077
"LH","2026-10-04T16:00:00.000000",15.9500961303711
"LH","2026-10-04T17:00:00.000000",15.9611215591431
"LH","2026-10-04T18:00:00.000000",15.9744729995728
"LH","2026-10-04T19:00:00.000000",15.9834976196289
"LH","2026-10-04T20:00:00.000000",15.9988765716553
"LH","2026-10-04T21:00:00.000000",16.0338115692139
"LH","2026-10-04T22:00:00.000000",16.0446491241455
"LH","2026-10-04T23:00:00.000000",16.0460052490234
"LH","2026-10-05T00:00:00.000000",16.0441665649414
"NB","2026-09-27T00:00:00.000000",15.730938911438
"NB","2026-09-27T01:00:00.000000",15.7284650802612
"NB","2026-09-27T02:00:00.000000",15.7262964248657
"NB","2026-09-27T03:00:00.000000",15.7255096435547
"NB","2026-09-27T04:00:00.000000",15.7260828018188
"NB","2026-09-27T05:00:00.000000",15.7272062301636
"NB","2026-09-27T06:00:00.000000",15.7270412445068
"NB","2026-09-27T07:00:00.000000",15.7133016586304
"NB","2026-09-27T08:00:00.000000",15.7054271697998
"NB","2026-09-27T09:00:00.000000",15.7009105682373
"NB","2026-09-27T10:00:00.000000",15.6975345611572
"NB","2026-09-27T11:00:00.000000",15.6956748962402
"NB","2026-09-27T12:00:00.000000",15.6951303482056
"NB","2026-09-27T13:00:00.000000",15.6954984664917
"NB","2026-09-27T14:00:00.000000",15.6969108581543
"NB","2026-09-27T15:00:00.000000",15.6993751525879
"NB","2026-09-27T16:00:00.000000",15.7022047042847
"NB","2026-09-27T17:00:00.000000",15.7053251266479
"NB","2026-09-27T18:00:00.000000",15.7074995040894
"NB","2026-09-27T19:00:00.000000",15.7091436386108
"NB","2026-09-27T20:00:00.000000",15.7099542617798
"NB","2026-09-27T21:00:00.000000",15.708683013916
"NB","2026-09-27T22:00:00.000000",15.7039289474487
"NB","2026-09-27T23:00:00.000000",15.7016706466675
"NB","2026-09-28T00:00:00.000000",15.7036724090576
"NB","2026-09-28T01:00:00.000000",15.708833694458
"NB","2026-09-28T02:00:00.000000",15.7147283554077
"NB","2026-09-28T03:00:00.000000",15.7184047698975
"NB","2026-09-28T04:00:00.000000",15.7187471389771
"NB","2026-09-28T05:00:00.000000",15.7165956497192
"NB","2026-09-28T06:00:00.000000",15.7119178771973
"NB","2026-09-28T07:00:00.000000",15.7069730758667
"NB","2026-09-28T08:00:00.000000",15.7041616439819
"NB","2026-09-28T09:00:00.000000",15.7020397186279
"NB","2026-09-28T10:00:00.000000",15.6989088058472
"NB","2026-09-28T11:00:00.000000",15.6987113952637
"NB","2026-09-28T12:00:00.000000",15.7023077011108
"NB","2026-09-28T13:00:00.000000",15.7074966430664
"NB","2026-09-28T14:00:00.000000",15.7118482589722
"NB","2026-09-28T15:00:00.000000",15.7147388458252
"NB","2026-09-28T16:00:00.000000",15.7149620056152
"NB","2026-09-28T17:00:00.000000",15.7138118743896
"NB","2026-09-28T18:00:00.000000",15.7111930847168
"NB","2026-09-28T19:00:00.000000",15.7067174911499
"NB","2026-09-28T20:00:00.000000",15.7008285522461
"NB","2026-09-28T21:00:00.000000",15.7008457183838
"NB","2026-09-28T22:00:00.000000",15.6942110061646
"NB","2026-09-28T23:00:00.000000",15.6884841918945
"NB","2026-09-29T00:00:00.000000",15.6867876052856
"NB","2026-09-29T01:00:00.000000",15.6888542175293
"NB","2026-09-29T02:00:00.000000",15.690993309021
"NB","2026-09-29T03:00:00.000000",15.6933393478394
"NB","2026-09-29T04:00:00.000000",15.6951885223389
"NB","2026-09-29T05:00:00.000000",15.6960639953613
"NB","2026-09-29T06:00:00.000000",15.6830177307129
"NB","2026-09-29T07:00:00.000000",15.6715812683105
"NB","2026-09-29T08:00:00.000000",15.660924911499
"NB","2026-09-29T09:00:00.000000",15.6501321792603
"NB","2026-09-29T10:00:00.000000",15.6421327590942
"NB","2026-09-29T11:00:00.000000",15.6353130340576
"NB","2026-09-29T12:00:00.000000",15.6242609024048
"NB","2026-09-29T13:00:00.000000",15.6209955215454
"NB","2026-09-29T14:00:00.000000",15.6225099563599
"NB","2026-09-29T15:00:00.000000",15.6258001327515
"NB","2026-09-29T16:00:00.000000",15.6292095184326
"NB","2026-09-29T17:00:00.000000",15.6311388015747
"NB","2026-09-29T18:00:00.000000",15.6313247680664
"NB","2026-09-29T19:00:00.000000",15.6277227401733
"NB","2026-09-29T20:00:00.000000",15.6219053268433
"NB","2026-09-29T21:00:00.000000",15.6171674728394
"NB","2026-09-29T22:00:00.000000",15.6131925582886
"NB","2026-09-29T23:00:00.000000",15.6105909347534
"NB","2026-09-30T00:00:00.000000",15.6086750030518
"NB","2026-09-30T01:00:00.000000",15.6095991134644
"NB","2026-09-30T02:00:00.000000",15.6109170913696
"NB","2026-09-30T03:00:00.000000",15.6116304397583
"NB","2026-09-30T04:00:00.000000",15.6123352050781
"NB","2026-09-30T05:00:00.000000",15.6128387451172
"NB","2026-09-30T06:00:00.000000",15.6126890182495
"NB","2026-09-30T07:00:00.000000",15.6123018264771
"NB","2026-09-30T08:00:00.000000",15.6120319366455
"NB","2026-09-30T09:00:00.000000",15.6122350692749
"NB","2026-09-30T10:00:00.000000",15.6124696731567
"NB","2026-09-30T11:00:00.000000",15.6130933761597
"NB","2026-09-30T12:00:00.000000",15.6138191223145
"NB","2026-09-30T13:00:00.000000",15.6150159835815
"NB","2026-09-30T14:00:00.000000",15.6163244247437
"NB","2026-09-30T15:00:00.000000",15.6174974441528
"NB","2026-09-30T16:00:00.000000",15.6190786361694
"NB","2026-09-30T17:00:00.000000",15.6208524703979
"NB","2026-09-30T18:00:00.000000",15.6232795715332
"NB","2026-09-30T19:00:00.000000",15.6257982254028
"NB","2026-09-30T20:00:00.000000",15.6289043426514
"NB","2026-09-30T21:00:00.000000",15.6357231140137
"NB","2026-09-30T22:00:00.000000",15.6402111053467
"NB","2026-09-30T23:00:00.000000",15.6427001953125
"NB","2026-10-01T00:00:00.000000",15.6423540115356
"NB","2026-10-01T01:00:00.000000",15.640832901001
"NB","2026-10-01T02:00:00.000000",15.6394701004028
"NB","2026-10-01T03:00:00.000000",15.6388864517212
"NB","2026-10-01T04:00:00.000000",15.6399059295654
"NB","2026-10-01T05:00:00.000000",15.6407175064087
"NB","2026-10-01T06:00:00.000000",15.6413335800171
"NB","2026-10-01T07:00:00.000000",15.6419668197632
"NB","2026-10-01T08:00:00.000000",15.6431188583374
"NB","2026-10-01T09:00:00.000000",15.6448602676392
"NB","2026-10-01T10:00:00.000000",15.6475191116333
"NB","2026-10-01T11:00:00.000000",15.6509771347046
"NB","2026-10-01T12:00:00.000000",15.6529769897461
"NB","2026-10-01T13:00:00.000000",15.6523218154907
"NB","2026-10-01T14:00:00.000000",15.6505317687988
"NB","2026-10-01T15:00:00.000000",15.6491794586182
"NB","2026-10-01T16:00:00.000000",15.6477680206299
"NB","2026-10-01T17:00:00.000000",15.6423664093018
"NB","2026-10-01T18:00:00.000000",15.6299486160278
"NB","2026-10-01T19:00:00.000000",15.6148624420166
"NB","2026-10-01T20:00:00.000000",15.6019582748413
"NB","2026-10-01T21:00:00.000000",15.5967569351196
"NB","2026-10-01T22:00:00.000000",15.5954990386963
"NB","2026-10-01T23:00:00.000000",15.6014928817749
"NB","2026-10-02T00:00:00.000000",15.6155233383179
"NB","2026-10-02T01:00:00.000000",15.6207189559937
"NB","2026-10-02T02:00:00.000000",15.6164388656616
"NB","2026-10-02T03:00:00.000000",15.6094999313354
"NB","2026-10-02T04:00:00.000000",15.6076517105103
"NB","2026-10-02T05:00:00.000000",15.6062698364258
"NB","2026-10-02T06:00:00.000000",15.6043949127197
"NB","2026-10-02T07:00:00.000000",15.6001825332642
"NB","2026-10-02T08:00:00.000000",15.5935935974121
"NB","2026-10-02T09:00:00.000000",15.5878124237061
"NB","2026-10-02T10:00:00.000000",15.5834274291992
"NB","2026-10-02T11:00:00.000000",15.5816583633423
"NB","2026-10-02T12:00:00.000000",15.5887680053711
"NB","2026-10-02T13:00:00.000000",15.6005163192749
"NB","2026-10-02T14:00:00.000000",15.6110849380493
"NB","2026-10-02T15:00:00.000000",15.6220149993896
"NB","2026-10-02T16:00:00.000000",15.6321134567261
"NB","2026-10-02T17:00:00.000000",15.6432180404663
"NB","2026-10-02T18:00:00.000000",15.6552095413208
"NB","2026-10-02T19:00:00.000000",15.6797075271606
"NB","2026-10-02T20:00:00.000000",15.7586488723755
"NB","2026-10-02T21:00:00.000000",15.7737741470337
"NB","2026-10-02T22:00:00.000000",15.7941923141479
"NB","2026-10-02T23:00:00.000000",15.8169775009155
"NB","2026-10-03T00:00:00.000000",15.8395509719849
"NB","2026-10-03T01:00:00.000000",15.8463916778564
"NB","2026-10-03T02:00:00.000000",15.832293510437
"NB","2026-10-03T03:00:00.000000",15.8036060333252
"NB","2026-10-03T04:00:00.000000",15.7616291046143
"NB","2026-10-03T05:00:00.000000",15.7106218338013
"NB","2026-10-03T06:00:00.000000",15.6344604492188
"NB","2026-10-03T07:00:00.000000",15.5363969802856
"NB","2026-10-03T08:00:00.000000",15.4235181808472
"NB","2026-10-03T09:00:00.000000",15.3376035690308
"NB","2026-10-03T10:00:00.000000",15.2839908599854
"NB","2026-10-03T11:00:00.000000",15.2573699951172
"NB","2026-10-03T12:00:00.000000",15.2405967712402
"NB","2026-10-03T13:00:00.000000",15.2288684844971
"NB","2026-10-03T14:00:00.000000",15.216344833374
"NB","2026-10-03T15:00:00.000000",15.2037677764893
"NB","2026-10-03T16:00:00.000000",15.1866540908813
"NB","2026-10-03T17:00:00.000000",15.1721048355103
"NB","2026-10-03T18:00:00.000000",15.1706047058105
"NB","2026-10-03T19:00:00.000000",15.1720371246338
"NB","2026-10-03T20:00:00.000000",15.1735925674438
"NB","2026-10-03T21:00:00.000000",15.1750411987305
"NB","2026-10-03T22:00:00.000000",15.1769218444824
"NB","2026-10-03T23:00:00.000000",15.1786117553711
"NB","2026-10-04T00:00:00.000000",15.1798038482666
"NB","2026-10-04T01:00:00.000000",15.1810684204102
"NB","2026-10-04T02:00:00.000000",15.1826848983765
"NB","2026-10-04T03:00:00.000000",15.1844625473022
"NB","2026-10-04T04:00:00.000000",15.1877374649048
"NB","2026-10-04T05:00:00.000000",15.1902875900269
"NB","2026-10-04T06:00:00.000000",15.1917390823364
"NB","2026-10-04T07:00:00.000000",15.1936206817627
"NB","2026-10-04T08:00:00.000000",15.1975145339966
"NB","2026-10-04T09:00:00.000000",15.2038726806641
"NB","2026-10-04T10:00:00.000000",15.2113208770752
"NB","2026-10-04T11:00:00.000000",15.2168302536011
"NB","2026-10-04T12:00:00.000000",15.222020149231
"NB","2026-10-04T13:00:00.000000",15.2282066345215
"NB","2026-10-04T14:00:00.000000",15.2346534729004
"NB","2026-10-04T15:00:00.000000",15.2441711425781
"NB","2026-10-04T16:00:00.000000",15.2512760162354
"NB","2026-10-04T17:00:00.000000",15.2584276199341
"NB","2026-10-04T18:00:00.000000",15.2639141082764
"NB","2026-10-04T19:00:00.000000",15.2669773101807
"NB","2026-10-04T20:00:00.000000",15.2709684371948
"NB","2026-10-04T21:00:00.000000",15.2760362625122
"NB","2026-10-04T22:00:00.000000",15.2803783416748
"NB","2026-10-04T23:00:00.000000",15.2864322662354
"NB","2026-10-05T00:00:00.000000",15.2959203720093
"PC","2026-09-27T00:00:00.000000",16.6680164337158
"PC","2026-09-27T01:00:00.000000",16.6684322357178
"PC","2026-09-27T02:00:00.000000",16.6608982086182
"PC","2026-09-27T03:00:00.000000",16.6516666412354
"PC","2026-09-27T04:00:00.000000",16.646183013916
"PC","2026-09-27T05:00:00.000000",16.6419486999512
"PC","2026-09-27T06:00:00.000000",16.6375541687012
"PC","2026-09-27T07:00:00.000000",16.6335792541504
"PC","2026-09-27T08:00:00.000000",16.6288719177246
"PC","2026-09-27T09:00:00.000000",16.6223106384277
"PC","2026-09-27T10:00:00.000000",16.6161651611328
"PC","2026-09-27T11:00:00.000000",16.608865737915
"PC","2026-09-27T12:00:00.000000",16.6048374176025
"PC","2026-09-27T13:00:00.000000",16.5971355438232
"PC","2026-09-27T14:00:00.000000",16.5818061828613
"PC","2026-09-27T15:00:00.000000",16.5760364532471
"PC","2026-09-27T16:00:00.000000",16.5733413696289
"PC","2026-09-27T17:00:00.000000",16.5739994049072
"PC","2026-09-27T18:00:00.000000",16.5743827819824
"PC","2026-09-27T19:00:00.000000",16.5740528106689
"PC","2026-09-27T20:00:00.000000",16.5730457305908
"PC","2026-09-27T21:00:00.000000",16.5711231231689
"PC","2026-09-27T22:00:00.000000",16.5683193206787
"PC","2026-09-27T23:00:00.000000",16.564172744751
"PC","2026-09-28T00:00:00.000000",16.5595531463623
"PC","2026-09-28T01:00:00.000000",16.5489082336426
"PC","2026-09-28T02:00:00.000000",16.5246715545654
"PC","2026-09-28T03:00:00.000000",16.5156116485596
"PC","2026-09-28T04:00:00.000000",16.5057048797607
"PC","2026-09-28T05:00:00.000000",16.4999141693115
"PC","2026-09-28T06:00:00.000000",16.4997253417969
"PC","2026-09-28T07:00:00.000000",16.5000228881836
"PC","2026-09-28T08:00:00.000000",16.5000381469727
"PC","2026-09-28T09:00:00.000000",16.4995040893555
"PC","2026-09-28T10:00:00.000000",16.4979915618896
"PC","2026-09-28T11:00:00.000000",16.4947299957275
"PC","2026-09-28T12:00:00.000000",16.4874324798584
"PC","2026-09-28T13:00:00.000000",16.4746551513672
"PC","2026-09-28T14:00:00.000000",16.4441089630127
"PC","2026-09-28T15:00:00.000000",16.4395198822021
"PC","2026-09-28T16:00:00.000000",16.4375057220459
"PC","2026-09-28T17:00:00.000000",16.4386825561523
"PC","2026-09-28T18:00:00.000000",16.4390602111816
"PC","2026-09-28T19:00:00.000000",16.4392032623291
"PC","2026-09-28T20:00:00.000000",16.4392242431641
"PC","2026-09-28T21:00:00.000000",16.4387397766113
"PC","2026-09-28T22:00:00.000000",16.437915802002
"PC","2026-09-28T23:00:00.000000",16.4381694793701
"PC","2026-09-29T00:00:00.000000",16.4411811828613
"PC","2026-09-29T01:00:00.000000",16.4416351318359
"PC","2026-09-29T02:00:00.000000",16.4279308319092
"PC","2026-09-29T03:00:00.000000",16.3984203338623
"PC","2026-09-29T04:00:00.000000",16.3880977630615
"PC","2026-09-29T05:00:00.000000",16.3871116638184
"PC","2026-09-29T06:00:00.000000",16.3865070343018
"PC","2026-09-29T07:00:00.000000",16.3868236541748
"PC","2026-09-29T08:00:00.000000",16.3867950439453
"PC","2026-09-29T09:00:00.000000",16.3869686126709
"PC","2026-09-29T10:00:00.000000",16.3871669769287
"PC","2026-09-29T11:00:00.000000",16.3874912261963
"PC","2026-09-29T12:00:00.000000",16.3884658813477
"PC","2026-09-29T13:00:00.000000",16.3896236419678
"PC","2026-09-29T14:00:00.000000",16.3842754364014
"PC","2026-09-29T15:00:00.000000",16.363676071167
"PC","2026-09-29T16:00:00.000000",16.347583770752
"PC","2026-09-29T17:00:00.000000",16.3379554748535
"PC","2026-09-29T18:00:00.000000",16.3351593017578
"PC","2026-09-29T19:00:00.000000",16.33522605896
"PC","2026-09-29T20:00:00.000000",16.3359966278076
"PC","2026-09-29T21:00:00.000000",16.3379878997803
"PC","2026-09-29T22:00:00.000000",16.3429088592529
"PC","2026-09-29T23:00:00.000000",16.3549613952637
"PC","2026-09-30T00:00:00.000000",16.3614654541016
"PC","2026-09-30T01:00:00.000000",16.3682975769043
"PC","2026-09-30T02:00:00.000000",16.3665943145752
"PC","2026-09-30T03:00:00.000000",16.3400115966797
"PC","2026-09-30T04:00:00.000000",16.3066844940186
"PC","2026-09-30T05:00:00.000000",16.297233581543
"PC","2026-09-30T06:00:00.000000",16.2940807342529
"PC","2026-09-30T07:00:00.000000",16.2926712036133
"PC","2026-09-30T08:00:00.000000",16.2936000823975
"PC","2026-09-30T09:00:00.000000",16.2952289581299
"PC","2026-09-30T10:00:00.000000",16.2969551086426
"PC","2026-09-30T11:00:00.000000",16.3000392913818
"PC","2026-09-30T12:00:00.000000",16.3041458129883
"PC","2026-09-30T13:00:00.000000",16.3113708496094
"PC","2026-09-30T14:00:00.000000",16.318452835083
"PC","2026-09-30T15:00:00.000000",16.3212413787842
"PC","2026-09-30T16:00:00.000000",16.3208312988281
"PC","2026-09-30T17:00:00.000000",16.3264961242676
"PC","2026-09-30T18:00:00.000000",16.3311405181885
"PC","2026-09-30T19:00:00.000000",16.3328666687012
"PC","2026-09-30T20:00:00.000000",16.3354301452637
"PC","2026-09-30T21:00:00.000000",16.3388290405273
"PC","2026-09-30T22:00:00.000000",16.3427486419678
"PC","2026-09-30T23:00:00.000000",16.3449192047119
"PC","2026-10-01T00:00:00.000000",16.3410987854004
"PC","2026-10-01T01:00:00.000000",16.3411045074463
"PC","2026-10-01T02:00:00.000000",16.3443565368652
"PC","2026-10-01T03:00:00.000000",16.3464889526367
"PC","2026-10-01T04:00:00.000000",16.3401412963867
"PC","2026-10-01T05:00:00.000000",16.3316211700439
"PC","2026-10-01T06:00:00.000000",16.3275852203369
"PC","2026-10-01T07:00:00.000000",16.3257522583008
"PC","2026-10-01T08:00:00.000000",16.3248462677002
"PC","2026-10-01T09:00:00.000000",16.3251266479492
"PC","2026-10-01T10:00:00.000000",16.3259391784668
"PC","2026-10-01T11:00:00.000000",16.3268737792969
"PC","2026-10-01T12:00:00.000000",16.3281650543213
"PC","2026-10-01T13:00:00.000000",16.3291397094727
"PC","2026-10-01T14:00:00.000000",16.328369140625
"PC","2026-10-01T15:00:00.000000",16.3270435333252
"PC","2026-10-01T16:00:00.000000",16.3279666900635
"PC","2026-10-01T17:00:00.000000",16.3319225311279
"PC","2026-10-01T18:00:00.000000",16.3377780914307
"PC","2026-10-01T19:00:00.000000",16.3418140411377
"PC","2026-10-01T20:00:00.000000",16.3442783355713
"PC","2026-10-01T21:00:00.000000",16.345308303833
"PC","2026-10-01T22:00:00.000000",16.3457164764404
"PC","2026-10-01T23:00:00.000000",16.345609664917
"PC","2026-10-02T00:00:00.000000",16.3453159332275
"PC","2026-10-02T01:00:00.000000",16.3435707092285
"PC","2026-10-02T02:00:00.000000",16.3424949645996
"PC","2026-10-02T03:00:00.000000",16.3406944274902
"PC","2026-10-02T04:00:00.000000",16.3346328735352
"PC","2026-10-02T05:00:00.000000",16.3290596008301
"PC","2026-10-02T06:00:00.000000",16.3281059265137
"PC","2026-10-02T07:00:00.000000",16.3278160095215
"PC","2026-10-02T08:00:00.000000",16.327564239502
"PC","2026-10-02T09:00:00.000000",16.3268737792969
"PC","2026-10-02T10:00:00.000000",16.3262577056885
"PC","2026-10-02T11:00:00.000000",16.3260726928711
"PC","2026-10-02T12:00:00.000000",16.3260746002197
"PC","2026-10-02T13:00:00.000000",16.3267211914062
"PC","2026-10-02T14:00:00.000000",16.328577041626
"PC","2026-10-02T15:00:00.000000",16.3320903778076
"PC","2026-10-02T16:00:00.000000",16.3371868133545
"PC","2026-10-02T17:00:00.000000",16.345630645752
"PC","2026-10-02T18:00:00.000000",16.3549213409424
"PC","2026-10-02T19:00:00.000000",16.3633079528809
"PC","2026-10-02T20:00:00.000000",16.3680725097656
"PC","2026-10-02T21:00:00.000000",16.370361328125
"PC","2026-10-02T22:00:00.000000",16.3706436157227
"PC","2026-10-02T23:00:00.000000",16.3699607849121
"PC","2026-10-03T00:00:00.000000",16.3689880371094
"PC","2026-10-03T01:00:00.000000",16.3667335510254
"PC","2026-10-03T02:00:00.000000",16.3646011352539
"PC","2026-10-03T03:00:00.000000",16.3631134033203
"PC","2026-10-03T04:00:00.000000",16.3588962554932
"PC","2026-10-03T05:00:00.000000",16.3512325286865
"PC","2026-10-03T06:00:00.000000",16.3475570678711
"PC","2026-10-03T07:00:00.000000",16.3474216461182
"PC","2026-10-03T08:00:00.000000",16.348030090332
"PC","2026-10-03T09:00:00.000000",16.3483467102051
"PC","2026-10-03T10:00:00.000000",16.3477954864502
"PC","2026-10-03T11:00:00.000000",16.3468322753906
"PC","2026-10-03T12:00:00.000000",16.3459644317627
"PC","2026-10-03T13:00:00.000000",16.3449687957764
"PC","2026-10-03T14:00:00.000000",16.3424873352051
"PC","2026-10-03T15:00:00.000000",16.3407859802246
"PC","2026-10-03T16:00:00.000000",16.3389110565186
"PC","2026-10-03T17:00:00.000000",16.3374423980713
"PC","2026-10-03T18:00:00.000000",16.3400497436523
"PC","2026-10-03T19:00:00.000000",16.35280418396
"PC","2026-10-03T20:00:00.000000",16.3605270385742
"PC","2026-10-03T21:00:00.000000",16.3625335693359
"PC","2026-10-03T22:00:00.000000",16.3622055053711
"PC","2026-10-03T23:00:00.000000",16.3606472015381
"PC","2026-10-04T00:00:00.000000",16.3590393066406
"PC","2026-10-04T01:00:00.000000",16.3571643829346
"PC","2026-10-04T02:00:00.000000",16.3530788421631
"PC","2026-10-04T03:00:00.000000",16.3466663360596
"PC","2026-10-04T04:00:00.000000",16.341516494751
"PC","2026-10-04T05:00:00.000000",16.3352661132812
"PC","2026-10-04T06:00:00.000000",16.3291339874268
"PC","2026-10-04T07:00:00.000000",16.3198394775391
"PC","2026-10-04T08:00:00.000000",16.3159999847412
"PC","2026-10-04T09:00:00.000000",16.3178691864014
"PC","2026-10-04T10:00:00.000000",16.3186206817627
"PC","2026-10-04T11:00:00.000000",16.3179187774658
"PC","2026-10-04T12:00:00.000000",16.3176193237305
"PC","2026-10-04T13:00:00.000000",16.3180656433105
"PC","2026-10-04T14:00:00.000000",16.3190994262695
"PC","2026-10-04T15:00:00.000000",16.3204383850098
"PC","2026-10-04T16:00:00.000000",16.3222103118896
"PC","2026-10-04T17:00:00.000000",16.323694229126
"PC","2026-10-04T18:00:00.000000",16.3275413513184
"PC","2026-10-04T19:00:00.000000",16.3374843597412
"PC","2026-10-04T20:00:00.000000",16.356575012207
"PC","2026-10-04T21:00:00.000000",16.364387512207
"PC","2026-10-04T22:00:00.000000",16.367582321167
"PC","2026-10-04T23:00:00.000000",16.3686962127686
"PC","2026-10-05T00:00:00.000000",16.3668117523193
"PV","2026-09-27T00:00:00.000000",16.2934093475342
"PV","2026-09-27T01:00:00.000000",16.3106861114502
"PV","2026-09-27T02:00:00.000000",16.3330535888672
"PV","2026-09-27T03:00:00.000000",16.3582954406738
"PV","2026-09-27T04:00:00.000000",16.3673820495605
"PV","2026-09-27T05:00:00.000000",16.3695888519287
"PV","2026-09-27T06:00:00.000000",16.3811626434326
"PV","2026-09-27T07:00:00.000000",16.3815174102783
"PV","2026-09-27T08:00:00.000000",16.3815174102783
"PV","2026-09-27T09:00:00.000000",16.3752117156982
"PV","2026-09-27T10:00:00.000000",16.3811130523682
"PV","2026-09-27T11:00:00.000000",16.3463706970215
"PV","2026-09-27T12:00:00.000000",16.2239589691162
"PV","2026-09-27T13:00:00.000000",16.1649227142334
"PV","2026-09-27T14:00:00.000000",16.1525974273682
"PV","2026-09-27T15:00:00.000000",16.2140598297119
"PV","2026-09-27T16:00:00.000000",16.2774047851562
"PV","2026-09-27T17:00:00.000000",16.3010482788086
"PV","2026-09-27T18:00:00.000000",16.3088493347168
"PV","2026-09-27T19:00:00.000000",16.3165493011475
"PV","2026-09-27T20:00:00.000000",16.3229522705078
"PV","2026-09-27T21:00:00.000000",16.3229522705078
"PV","2026-09-27T22:00:00.000000",16.3207855224609
"PV","2026-09-27T23:00:00.000000",16.2102317810059
"PV","2026-09-28T00:00:00.000000",16.0454006195068
"PV","2026-09-28T01:00:00.000000",15.9903259277344
"PV","2026-09-28T02:00:00.000000",15.9847803115845
"PV","2026-09-28T03:00:00.000000",16.0191822052002
"PV","2026-09-28T04:00:00.000000",16.1023731231689
"PV","2026-09-28T05:00:00.000000",16.1523551940918
"PV","2026-09-28T06:00:00.000000",16.184814453125
"PV","2026-09-28T07:00:00.000000",16.2094097137451
"PV","2026-09-28T08:00:00.000000",16.2136859893799
"PV","2026-09-28T09:00:00.000000",16.217716217041
"PV","2026-09-28T10:00:00.000000",16.2225894927979
"PV","2026-09-28T11:00:00.000000",16.2017097473145
"PV","2026-09-28T12:00:00.000000",16.0139274597168
"PV","2026-09-28T13:00:00.000000",15.9248085021973
"PV","2026-09-28T14:00:00.000000",15.9076671600342
"PV","2026-09-28T15:00:00.000000",15.917516708374
"PV","2026-09-28T16:00:00.000000",15.9840078353882
"PV","2026-09-28T17:00:00.000000",16.0471363067627
"PV","2026-09-28T18:00:00.000000",16.0885753631592
"PV","2026-09-28T19:00:00.000000",16.1261577606201
"PV","2026-09-28T20:00:00.000000",16.1436214447021
"PV","2026-09-28T21:00:00.000000",16.1525726318359
"PV","2026-09-28T22:00:00.000000",16.1553802490234
"PV","2026-09-28T23:00:00.000000",16.1125793457031
"PV","2026-09-29T00:00:00.000000",15.9474534988403
"PV","2026-09-29T01:00:00.000000",15.8824005126953
"PV","2026-09-29T02:00:00.000000",15.8568382263184
"PV","2026-09-29T03:00:00.000000",15.8666362762451
"PV","2026-09-29T04:00:00.000000",15.9035291671753
"PV","2026-09-29T05:00:00.000000",15.9402942657471
"PV","2026-09-29T06:00:00.000000",15.9532690048218
"PV","2026-09-29T07:00:00.000000",15.9740018844604
"PV","2026-09-29T08:00:00.000000",15.9984741210938
"PV","2026-09-29T09:00:00.000000",16.017297744751
"PV","2026-09-29T10:00:00.000000",16.0289421081543
"PV","2026-09-29T11:00:00.000000",16.0349311828613
"PV","2026-09-29T12:00:00.000000",15.9788122177124
"PV","2026-09-29T13:00:00.000000",15.8702268600464
"PV","2026-09-29T14:00:00.000000",15.8425703048706
"PV","2026-09-29T15:00:00.000000",15.8590145111084
"PV","2026-09-29T16:00:00.000000",15.888279914856
"PV","2026-09-29T17:00:00.000000",15.9014539718628
"PV","2026-09-29T18:00:00.000000",15.925684928894
"PV","2026-09-29T19:00:00.000000",15.9427061080933
"PV","2026-09-29T20:00:00.000000",15.9703044891357
"PV","2026-09-29T21:00:00.000000",15.989426612854
"PV","2026-09-29T22:00:00.000000",16.0011081695557
"PV","2026-09-29T23:00:00.000000",16.0049991607666
"PV","2026-09-30T00:00:00.000000",15.9777946472168
"PV","2026-09-30T01:00:00.000000",15.8295230865479
"PV","2026-09-30T02:00:00.000000",15.7563753128052
"PV","2026-09-30T03:00:00.000000",15.754524230957
"PV","2026-09-30T04:00:00.000000",15.7852258682251
"PV","2026-09-30T05:00:00.000000",15.8119983673096
"PV","2026-09-30T06:00:00.000000",15.820161819458
"PV","2026-09-30T07:00:00.000000",15.8180198669434
"PV","2026-09-30T08:00:00.000000",15.8354539871216
"PV","2026-09-30T09:00:00.000000",15.8679599761963
"PV","2026-09-30T10:00:00.000000",15.8973484039307
"PV","2026-09-30T11:00:00.000000",15.913761138916
"PV","2026-09-30T12:00:00.000000",15.8967933654785
"PV","2026-09-30T13:00:00.000000",15.7231893539429
"PV","2026-09-30T14:00:00.000000",15.6641721725464
"PV","2026-09-30T15:00:00.000000",15.6881504058838
"PV","2026-09-30T16:00:00.000000",15.7343616485596
"PV","2026-09-30T17:00:00.000000",15.7486352920532
"PV","2026-09-30T18:00:00.000000",15.7768850326538
"PV","2026-09-30T19:00:00.000000",15.823431968689
"PV","2026-09-30T20:00:00.000000",15.8829040527344
"PV","2026-09-30T21:00:00.000000",15.9446258544922
"PV","2026-09-30T22:00:00.000000",15.978964805603
"PV","2026-09-30T23:00:00.000000",15.9924774169922
"PV","2026-10-01T00:00:00.000000",15.9866952896118
"PV","2026-10-01T01:00:00.000000",15.8005857467651
"PV","2026-10-01T02:00:00.000000",15.6955366134644
"PV","2026-10-01T03:00:00.000000",15.6851568222046
"PV","2026-10-01T04:00:00.000000",15.7214603424072
"PV","2026-10-01T05:00:00.000000",15.7397594451904
"PV","2026-10-01T06:00:00.000000",15.7458992004395
"PV","2026-10-01T07:00:00.000000",15.7631502151489
"PV","2026-10-01T08:00:00.000000",15.8099365234375
"PV","2026-10-01T09:00:00.000000",15.8588285446167
"PV","2026-10-01T10:00:00.000000",15.8792734146118
"PV","2026-10-01T11:00:00.000000",15.8892545700073
"PV","2026-10-01T12:00:00.000000",15.8924312591553
"PV","2026-10-01T13:00:00.000000",15.795202255249
"PV","2026-10-01T14:00:00.000000",15.6713380813599
"PV","2026-10-01T15:00:00.000000",15.6437768936157
"PV","2026-10-01T16:00:00.000000",15.6854848861694
"PV","2026-10-01T17:00:00.000000",15.7365674972534
"PV","2026-10-01T18:00:00.000000",15.7592725753784
"PV","2026-10-01T19:00:00.000000",15.8063716888428
"PV","2026-10-01T20:00:00.000000",15.893256187439
"PV","2026-10-01T21:00:00.000000",16.026834487915
"PV","2026-10-01T22:00:00.000000",16.0693092346191
"PV","2026-10-01T23:00:00.000000",16.0581665039062
"PV","2026-10-02T00:00:00.000000",16.0185661315918
"PV","2026-10-02T01:00:00.000000",15.9219007492065
"PV","2026-10-02T02:00:00.000000",15.6355895996094
"PV","2026-10-02T03:00:00.000000",15.5822591781616
"PV","2026-10-02T04:00:00.000000",15.6049938201904
"PV","2026-10-02T05:00:00.000000",15.6690988540649
"PV","2026-10-02T06:00:00.000000",15.6901340484619
"PV","2026-10-02T07:00:00.000000",15.7100477218628
"PV","2026-10-02T08:00:00.000000",15.7732105255127
"PV","2026-10-02T09:00:00.000000",15.8863096237183
"PV","2026-10-02T10:00:00.000000",15.9105358123779
"PV","2026-10-02T11:00:00.000000",15.9031915664673
"PV","2026-10-02T12:00:00.000000",15.8847017288208
"PV","2026-10-02T13:00:00.000000",15.8713235855103
"PV","2026-10-02T14:00:00.000000",15.6935834884644
"PV","2026-10-02T15:00:00.000000",15.5308017730713
"PV","2026-10-02T16:00:00.000000",15.5710144042969
"PV","2026-10-02T17:00:00.000000",15.646125793457
"PV","2026-10-02T18:00:00.000000",15.6663036346436
"PV","2026-10-02T19:00:00.000000",15.7293949127197
"PV","2026-10-02T20:00:00.000000",15.8641223907471
"PV","2026-10-02T21:00:00.000000",15.9844741821289
"PV","2026-10-02T22:00:00.000000",16.0095691680908
"PV","2026-10-02T23:00:00.000000",15.9715347290039
"PV","2026-10-03T00:00:00.000000",15.9223480224609
"PV","2026-10-03T01:00:00.000000",15.8702459335327
"PV","2026-10-03T02:00:00.000000",15.7265586853027
"PV","2026-10-03T03:00:00.000000",15.4431657791138
"PV","2026-10-03T04:00:00.000000",15.3693552017212
"PV","2026-10-03T05:00:00.000000",15.4068059921265
"PV","2026-10-03T06:00:00.000000",15.4537515640259
"PV","2026-10-03T07:00:00.000000",15.4729480743408
"PV","2026-10-03T08:00:00.000000",15.4947233200073
"PV","2026-10-03T09:00:00.000000",15.5552911758423
"PV","2026-10-03T10:00:00.000000",15.6485624313354
"PV","2026-10-03T11:00:00.000000",15.7022647857666
"PV","2026-10-03T12:00:00.000000",15.6833772659302
"PV","2026-10-03T13:00:00.000000",15.6548252105713
"PV","2026-10-03T14:00:00.000000",15.6274309158325
"PV","2026-10-03T15:00:00.000000",15.5808544158936
"PV","2026-10-03T16:00:00.000000",15.4413280487061
"PV","2026-10-03T17:00:00.000000",15.5003185272217
"PV","2026-10-03T18:00:00.000000",15.5817241668701
"PV","2026-10-03T19:00:00.000000",15.6598863601685
"PV","2026-10-03T20:00:00.000000",15.7382202148438
"PV","2026-10-03T21:00:00.000000",15.8281364440918
"PV","2026-10-03T22:00:00.000000",15.9287204742432
"PV","2026-10-03T23:00:00.000000",16.0081634521484
"PV","2026-10-04T00:00:00.000000",16.0322742462158
"PV","2026-10-04T01:00:00.000000",16.0219116210938
"PV","2026-10-04T02:00:00.000000",15.999077796936
"PV","2026-10-04T03:00:00.000000",15.9761028289795
"PV","2026-10-04T04:00:00.000000",15.6098031997681
"PV","2026-10-04T05:00:00.000000",15.533314704895
"PV","2026-10-04T06:00:00.000000",15.5208902359009
"PV","2026-10-04T07:00:00.000000",15.5544509887695
"PV","2026-10-04T08:00:00.000000",15.5740375518799
"PV","2026-10-04T09:00:00.000000",15.5827150344849
"PV","2026-10-04T10:00:00.000000",15.6050777435303
"PV","2026-10-04T11:00:00.000000",15.6391048431396
"PV","2026-10-04T12:00:00.000000",15.7113304138184
"PV","2026-10-04T13:00:00.000000",15.7422037124634
"PV","2026-10-04T14:00:00.000000",15.7426166534424
"PV","2026-10-04T15:00:00.000000",15.7505035400391
"PV","2026-10-04T16:00:00.000000",15.8043899536133
"PV","2026-10-04T17:00:00.000000",15.7493190765381
"PV","2026-10-04T18:00:00.000000",15.7860269546509
"PV","2026-10-04T19:00:00.000000",15.8621625900269
"PV","2026-10-04T20:00:00.000000",15.917031288147
"PV","2026-10-04T21:00:00.000000",15.9717807769775
"PV","2026-10-04T22:00:00.000000",15.9907178878784
"PV","2026-10-04T23:00:00.000000",16.0465278625488
"PV","2026-10-05T00:00:00.000000",16.0736656188965
"SH","2026-09-27T00:00:00.000000",16.5039882659912
"SH","2026-09-27T01:00:00.000000",16.4983158111572
"SH","2026-09-27T02:00:00.000000",16.4920768737793
"SH","2026-09-27T03:00:00.000000",16.4895858764648
"SH","2026-09-27T04:00:00.000000",16.4877700805664
"SH","2026-09-27T05:00:00.000000",16.4883842468262
"SH","2026-09-27T06:00:00.000000",16.4952659606934
"SH","2026-09-27T07:00:00.000000",16.4989376068115
"SH","2026-09-27T08:00:00.000000",16.5008430480957
"SH","2026-09-27T09:00:00.000000",16.5145797729492
"SH","2026-09-27T10:00:00.000000",16.5106658935547
"SH","2026-09-27T11:00:00.000000",16.4824924468994
"SH","2026-09-27T12:00:00.000000",16.5039176940918
"SH","2026-09-27T13:00:00.000000",16.5282974243164
"SH","2026-09-27T14:00:00.000000",16.5317535400391
"SH","2026-09-27T15:00:00.000000",16.5316467285156
"SH","2026-09-27T16:00:00.000000",16.5325126647949
"SH","2026-09-27T17:00:00.000000",16.5350475311279
"SH","2026-09-27T18:00:00.000000",16.5316524505615
"SH","2026-09-27T19:00:00.000000",16.5214748382568
"SH","2026-09-27T20:00:00.000000",16.5141544342041
"SH","2026-09-27T21:00:00.000000",16.4920597076416
"SH","2026-09-27T22:00:00.000000",16.477029800415
"SH","2026-09-27T23:00:00.000000",16.4595050811768
"SH","2026-09-28T00:00:00.000000",16.48122215271
"SH","2026-09-28T01:00:00.000000",16.533109664917
"SH","2026-09-28T02:00:00.000000",16.5356712341309
"SH","2026-09-28T03:00:00.000000",16.5282516479492
"SH","2026-09-28T04:00:00.000000",16.5202045440674
"SH","2026-09-28T05:00:00.000000",16.5137729644775
"SH","2026-09-28T06:00:00.000000",16.5111408233643
"SH","2026-09-28T07:00:00.000000",16.5050067901611
"SH","2026-09-28T08:00:00.000000",16.489221572876
"SH","2026-09-28T09:00:00.000000",16.4733924865723
"SH","2026-09-28T10:00:00.000000",16.4662418365479
"SH","2026-09-28T11:00:00.000000",16.4212303161621
"SH","2026-09-28T12:00:00.000000",16.4246883392334
"SH","2026-09-28T13:00:00.000000",16.4898223876953
"SH","2026-09-28T14:00:00.000000",16.4968891143799
"SH","2026-09-28T15:00:00.000000",16.4927349090576
"SH","2026-09-28T16:00:00.000000",16.4906520843506
"SH","2026-09-28T17:00:00.000000",16.4904041290283
"SH","2026-09-28T18:00:00.000000",16.4859066009521
"SH","2026-09-28T19:00:00.000000",16.4816608428955
"SH","2026-09-28T20:00:00.000000",16.4660568237305
"SH","2026-09-28T21:00:00.000000",16.4436645507812
"SH","2026-09-28T22:00:00.000000",16.4252014160156
"SH","2026-09-28T23:00:00.000000",16.374584197998
"SH","2026-09-29T00:00:00.000000",16.375244140625
"SH","2026-09-29T01:00:00.000000",16.4286003112793
"SH","2026-09-29T02:00:00.000000",16.4556446075439
"SH","2026-09-29T03:00:00.000000",16.4491348266602
"SH","2026-09-29T04:00:00.000000",16.4460067749023
"SH","2026-09-29T05:00:00.000000",16.444652557373
"SH","2026-09-29T06:00:00.000000",16.4339389801025
"SH","2026-09-29T07:00:00.000000",16.4165802001953
"SH","2026-09-29T08:00:00.000000",16.4018630981445
"SH","2026-09-29T09:00:00.000000",16.38694190979
"SH","2026-09-29T10:00:00.000000",16.3720607757568
"SH","2026-09-29T11:00:00.000000",16.3523788452148
"SH","2026-09-29T12:00:00.000000",16.3505249023438
"SH","2026-09-29T13:00:00.000000",16.3831176757812
"SH","2026-09-29T14:00:00.000000",16.4008083343506
"SH","2026-09-29T15:00:00.000000",16.3839721679688
"SH","2026-09-29T16:00:00.000000",16.3644599914551
"SH","2026-09-29T17:00:00.000000",16.3626518249512
"SH","2026-09-29T18:00:00.000000",16.3637676239014
"SH","2026-09-29T19:00:00.000000",16.3620452880859
"SH","2026-09-29T20:00:00.000000",16.3668556213379
"SH","2026-09-29T21:00:00.000000",16.3560543060303
"SH","2026-09-29T22:00:00.000000",16.3408756256104
"SH","2026-09-29T23:00:00.000000",16.2928123474121
"SH","2026-09-30T00:00:00.000000",16.2578163146973
"SH","2026-09-30T01:00:00.000000",16.2647247314453
"SH","2026-09-30T02:00:00.000000",16.2491893768311
"SH","2026-09-30T03:00:00.000000",16.2256183624268
"SH","2026-09-30T04:00:00.000000",16.2046775817871
"SH","2026-09-30T05:00:00.000000",16.1920337677002
"SH","2026-09-30T06:00:00.000000",16.1873779296875
"SH","2026-09-30T07:00:00.000000",16.1836528778076
"SH","2026-09-30T08:00:00.000000",16.1820201873779
"SH","2026-09-30T09:00:00.000000",16.2007217407227
"SH","2026-09-30T10:00:00.000000",16.2324295043945
"SH","2026-09-30T11:00:00.000000",16.2323913574219
"SH","2026-09-30T12:00:00.000000",16.2309761047363
"SH","2026-09-30T13:00:00.000000",16.2323894500732
"SH","2026-09-30T14:00:00.000000",16.1857318878174
"SH","2026-09-30T15:00:00.000000",16.1414737701416
"SH","2026-09-30T16:00:00.000000",16.1345462799072
"SH","2026-09-30T17:00:00.000000",16.1342353820801
"SH","2026-09-30T18:00:00.000000",16.1401214599609
"SH","2026-09-30T19:00:00.000000",16.1622066497803
"SH","2026-09-30T20:00:00.000000",16.2181072235107
"SH","2026-09-30T21:00:00.000000",16.2418537139893
"SH","2026-09-30T22:00:00.000000",16.2545871734619
"SH","2026-09-30T23:00:00.000000",16.2763767242432
"SH","2026-10-01T00:00:00.000000",16.2743835449219
"SH","2026-10-01T01:00:00.000000",16.274393081665
"SH","2026-10-01T02:00:00.000000",16.2620601654053
"SH","2026-10-01T03:00:00.000000",16.1706771850586
"SH","2026-10-01T04:00:00.000000",16.1235046386719
"SH","2026-10-01T05:00:00.000000",16.1110725402832
"SH","2026-10-01T06:00:00.000000",16.1059246063232
"SH","2026-10-01T07:00:00.000000",16.1057643890381
"SH","2026-10-01T08:00:00.000000",16.1089153289795
"SH","2026-10-01T09:00:00.000000",16.1472034454346
"SH","2026-10-01T10:00:00.000000",16.1811637878418
"SH","2026-10-01T11:00:00.000000",16.2204723358154
"SH","2026-10-01T12:00:00.000000",16.2320079803467
"SH","2026-10-01T13:00:00.000000",16.2356338500977
"SH","2026-10-01T14:00:00.000000",16.2235355377197
"SH","2026-10-01T15:00:00.000000",16.1776103973389
"SH","2026-10-01T16:00:00.000000",16.1630916595459
"SH","2026-10-01T17:00:00.000000",16.1692848205566
"SH","2026-10-01T18:00:00.000000",16.174352645874
"SH","2026-10-01T19:00:00.000000",16.1821823120117
"SH","2026-10-01T20:00:00.000000",16.2171325683594
"SH","2026-10-01T21:00:00.000000",16.2763996124268
"SH","2026-10-01T22:00:00.000000",16.2843341827393
"SH","2026-10-01T23:00:00.000000",16.299825668335
"SH","2026-10-02T00:00:00.000000",16.3031177520752
"SH","2026-10-02T01:00:00.000000",16.2986812591553
"SH","2026-10-02T02:00:00.000000",16.2835483551025
"SH","2026-10-02T03:00:00.000000",16.2595043182373
"SH","2026-10-02T04:00:00.000000",16.2157688140869
"SH","2026-10-02T05:00:00.000000",16.1873874664307
"SH","2026-10-02T06:00:00.000000",16.1761074066162
"SH","2026-10-02T07:00:00.000000",16.1728439331055
"SH","2026-10-02T08:00:00.000000",16.1734275817871
"SH","2026-10-02T09:00:00.000000",16.1892280578613
"SH","2026-10-02T10:00:00.000000",16.2279224395752
"SH","2026-10-02T11:00:00.000000",16.2474594116211
"SH","2026-10-02T12:00:00.000000",16.27170753479
"SH","2026-10-02T13:00:00.000000",16.2762603759766
"SH","2026-10-02T14:00:00.000000",16.2670269012451
"SH","2026-10-02T15:00:00.000000",16.2531242370605
"SH","2026-10-02T16:00:00.000000",16.235445022583
"SH","2026-10-02T17:00:00.000000",16.2257537841797
"SH","2026-10-02T18:00:00.000000",16.2322101593018
"SH","2026-10-02T19:00:00.000000",16.2400894165039
"SH","2026-10-02T20:00:00.000000",16.2605686187744
"SH","2026-10-02T21:00:00.000000",16.2983512878418
"SH","2026-10-02T22:00:00.000000",16.3322505950928
"SH","2026-10-02T23:00:00.000000",16.3356971740723
"SH","2026-10-03T00:00:00.000000",16.3432769775391
"SH","2026-10-03T01:00:00.000000",16.3433208465576
"SH","2026-10-03T02:00:00.000000",16.2546691894531
"SH","2026-10-03T03:00:00.000000",16.1582489013672
"SH","2026-10-03T04:00:00.000000",16.1731300354004
"SH","2026-10-03T05:00:00.000000",16.1806812286377
"SH","2026-10-03T06:00:00.000000",16.1805171966553
"SH","2026-10-03T07:00:00.000000",16.1795406341553
"SH","2026-10-03T08:00:00.000000",16.1808185577393
"SH","2026-10-03T09:00:00.000000",16.1829738616943
"SH","2026-10-03T10:00:00.000000",16.195369720459
"SH","2026-10-03T11:00:00.000000",16.2177772521973
"SH","2026-10-03T12:00:00.000000",16.2245044708252
"SH","2026-10-03T13:00:00.000000",16.237907409668
"SH","2026-10-03T14:00:00.000000",16.2425270080566
"SH","2026-10-03T15:00:00.000000",16.2471103668213
"SH","2026-10-03T16:00:00.000000",16.2561874389648
"SH","2026-10-03T17:00:00.000000",16.3167324066162
"SH","2026-10-03T18:00:00.000000",16.3764686584473
"SH","2026-10-03T19:00:00.000000",16.3970489501953
"SH","2026-10-03T20:00:00.000000",16.4080028533936
"SH","2026-10-03T21:00:00.000000",16.4192771911621
"SH","2026-10-03T22:00:00.000000",16.4492645263672
"SH","2026-10-03T23:00:00.000000",16.4536266326904
"SH","2026-10-04T00:00:00.000000",16.4187622070312
"SH","2026-10-04T01:00:00.000000",16.3833408355713
"SH","2026-10-04T02:00:00.000000",16.3461074829102
"SH","2026-10-04T03:00:00.000000",16.3200092315674
"SH","2026-10-04T04:00:00.000000",16.3221454620361
"SH","2026-10-04T05:00:00.000000",16.3362045288086
"SH","2026-10-04T06:00:00.000000",16.3553066253662
"SH","2026-10-04T07:00:00.000000",16.3545436859131
"SH","2026-10-04T08:00:00.000000",16.3437595367432
"SH","2026-10-04T09:00:00.000000",16.3359699249268
"SH","2026-10-04T10:00:00.000000",16.3370971679688
"SH","2026-10-04T11:00:00.000000",16.3534679412842
"SH","2026-10-04T12:00:00.000000",16.3689460754395
"SH","2026-10-04T13:00:00.000000",16.3705291748047
"SH","2026-10-04T14:00:00.000000",16.3660221099854
"SH","2026-10-04T15:00:00.000000",16.3652267456055
"SH","2026-10-04T16:00:00.000000",16.3643608093262
"SH","2026-10-04T17:00:00.000000",16.3740043640137
"SH","2026-10-04T18:00:00.000000",16.4009552001953
"SH","2026-10-04T19:00:00.000000",16.4130172729492
"SH","2026-10-04T20:00:00.000000",16.4080715179443
"SH","2026-10-04T21:00:00.000000",16.4011192321777
"SH","2026-10-04T22:00:00.000000",16.4055633544922
"SH","2026-10-04T23:00:00.000000",16.4312705993652
"SH","2026-10-05T00:00:00.000000",16.4606399536133
"WB","2026-09-27T00:00:00.000000",15.7033443450928
"WB","2026-09-27T01:00:00.000000",15.7087593078613
"WB","2026-09-27T02:00:00.000000",15.7084913253784
"WB","2026-09-27T03:00:00.000000",15.7056493759155
"WB","2026-09-27T04:00:00.000000",15.7018947601318
"WB","2026-09-27T05:00:00.000000",15.6937713623047
"WB","2026-09-27T06:00:00.000000",15.6818704605103
"WB","2026-09-27T07:00:00.000000",15.673547744751
"WB","2026-09-27T08:00:00.000000",15.665997505188
"WB","2026-09-27T09:00:00.000000",15.6551446914673
"WB","2026-09-27T10:00:00.000000",15.6510944366455
"WB","2026-09-27T11:00:00.000000",15.6612300872803
"WB","2026-09-27T12:00:00.000000",15.6623964309692
"WB","2026-09-27T13:00:00.000000",15.6478004455566
"WB","2026-09-27T14:00:00.000000",15.633563041687
"WB","2026-09-27T15:00:00.000000",15.6322917938232
"WB","2026-09-27T16:00:00.000000",15.6328630447388
"WB","2026-09-27T17:00:00.000000",15.6350088119507
"WB","2026-09-27T18:00:00.000000",15.6333036422729
"WB","2026-09-27T19:00:00.000000",15.6297016143799
"WB","2026-09-27T20:00:00.000000",15.6280794143677
"WB","2026-09-27T21:00:00.000000",15.6280326843262
"WB","2026-09-27T22:00:00.000000",15.6254825592041
"WB","2026-09-27T23:00:00.000000",15.6215877532959
"WB","2026-09-28T00:00:00.000000",15.6158723831177
"WB","2026-09-28T01:00:00.000000",15.6199474334717
"WB","2026-09-28T02:00:00.000000",15.6262664794922
"WB","2026-09-28T03:00:00.000000",15.6269578933716
"WB","2026-09-28T04:00:00.000000",15.6248712539673
"WB","2026-09-28T05:00:00.000000",15.6220064163208
"WB","2026-09-28T06:00:00.000000",15.6185255050659
"WB","2026-09-28T07:00:00.000000",15.6156482696533
"WB","2026-09-28T08:00:00.000000",15.614315032959
"WB","2026-09-28T09:00:00.000000",15.6111373901367
"WB","2026-09-28T10:00:00.000000",15.5961313247681
"WB","2026-09-28T11:00:00.000000",15.5875005722046
"WB","2026-09-28T12:00:00.000000",15.5992727279663
"WB","2026-09-28T13:00:00.000000",15.6014270782471
"WB","2026-09-28T14:00:00.000000",15.5995359420776
"WB","2026-09-28T15:00:00.000000",15.5945529937744
"WB","2026-09-28T16:00:00.000000",15.586277961731
"WB","2026-09-28T17:00:00.000000",15.57639503479
"WB","2026-09-28T18:00:00.000000",15.5692405700684
"WB","2026-09-28T19:00:00.000000",15.5661745071411
"WB","2026-09-28T20:00:00.000000",15.5732116699219
"WB","2026-09-28T21:00:00.000000",15.5874357223511
"WB","2026-09-28T22:00:00.000000",15.5954713821411
"WB","2026-09-28T23:00:00.000000",15.5864191055298
"WB","2026-09-29T00:00:00.000000",15.5688400268555
"WB","2026-09-29T01:00:00.000000",15.550368309021
"WB","2026-09-29T02:00:00.000000",15.530424118042
"WB","2026-09-29T03:00:00.000000",15.5151348114014
"WB","2026-09-29T04:00:00.000000",15.50417137146
"WB","2026-09-29T05:00:00.000000",15.4962997436523
"WB","2026-09-29T06:00:00.000000",15.4928493499756
"WB","2026-09-29T07:00:00.000000",15.4971904754639
"WB","2026-09-29T08:00:00.000000",15.5106439590454
"WB","2026-09-29T09:00:00.000000",15.5261650085449
"WB","2026-09-29T10:00:00.000000",15.5396909713745
"WB","2026-09-29T11:00:00.000000",15.528190612793
"WB","2026-09-29T12:00:00.000000",15.5061807632446
"WB","2026-09-29T13:00:00.000000",15.4747953414917
"WB","2026-09-29T14:00:00.000000",15.4653396606445
"WB","2026-09-29T15:00:00.000000",15.4673490524292
"WB","2026-09-29T16:00:00.000000",15.4725751876831
"WB","2026-09-29T17:00:00.000000",15.4772777557373
"WB","2026-09-29T18:00:00.000000",15.4817323684692
"WB","2026-09-29T19:00:00.000000",15.4832601547241
"WB","2026-09-29T20:00:00.000000",15.4825677871704
"WB","2026-09-29T21:00:00.000000",15.4797697067261
"WB","2026-09-29T22:00:00.000000",15.4793577194214
"WB","2026-09-29T23:00:00.000000",15.4832630157471
"WB","2026-09-30T00:00:00.000000",15.4797353744507
"WB","2026-09-30T01:00:00.000000",15.47629737854
"WB","2026-09-30T02:00:00.000000",15.482274055481
"WB","2026-09-30T03:00:00.000000",15.4942750930786
"WB","2026-09-30T04:00:00.000000",15.5050745010376
"WB","2026-09-30T05:00:00.000000",15.5134286880493
"WB","2026-09-30T06:00:00.000000",15.5219993591309
"WB","2026-09-30T07:00:00.000000",15.5332489013672
"WB","2026-09-30T08:00:00.000000",15.5364599227905
"WB","2026-09-30T09:00:00.000000",15.5350875854492
"WB","2026-09-30T10:00:00.000000",15.5307693481445
"WB","2026-09-30T11:00:00.000000",15.5270090103149
"WB","2026-09-30T12:00:00.000000",15.5255374908447
"WB","2026-09-30T13:00:00.000000",15.5305995941162
"WB","2026-09-30T14:00:00.000000",15.5421476364136
"WB","2026-09-30T15:00:00.000000",15.5511999130249
"WB","2026-09-30T16:00:00.000000",15.5611000061035
"WB","2026-09-30T17:00:00.000000",15.5738840103149
"WB","2026-09-30T18:00:00.000000",15.5894460678101
"WB","2026-09-30T19:00:00.000000",15.6380434036255
"WB","2026-09-30T20:00:00.000000",15.7154378890991
"WB","2026-09-30T21:00:00.000000",15.7461824417114
"WB","2026-09-30T22:00:00.000000",15.7481269836426
"WB","2026-09-30T23:00:00.000000",15.7490577697754
"WB","2026-10-01T00:00:00.000000",15.7496471405029
"WB","2026-10-01T01:00:00.000000",15.7455987930298
"WB","2026-10-01T02:00:00.000000",15.7547798156738
"WB","2026-10-01T03:00:00.000000",15.7704133987427
"WB","2026-10-01T04:00:00.000000",15.7687702178955
"WB","2026-10-01T05:00:00.000000",15.7620534896851
"WB","2026-10-01T06:00:00.000000",15.7555074691772
"WB","2026-10-01T07:00:00.000000",15.7495164871216
"WB","2026-10-01T08:00:00.000000",15.7513799667358
"WB","2026-10-01T09:00:00.000000",15.758864402771
"WB","2026-10-01T10:00:00.000000",15.7577524185181
"WB","2026-10-01T11:00:00.000000",15.7543840408325
"WB","2026-10-01T12:00:00.000000",15.7470703125
"WB","2026-10-01T13:00:00.000000",15.7324495315552
"WB","2026-10-01T14:00:00.000000",15.7073593139648
"WB","2026-10-01T15:00:00.000000",15.6960363388062
"WB","2026-10-01T16:00:00.000000",15.675256729126
"WB","2026-10-01T17:00:00.000000",15.6581764221191
"WB","2026-10-01T18:00:00.000000",15.6489276885986
"WB","2026-10-01T19:00:00.000000",15.6481466293335
"WB","2026-10-01T20:00:00.000000",15.6570730209351
"WB","2026-10-01T21:00:00.000000",15.6770973205566
"WB","2026-10-01T22:00:00.000000",15.7515096664429
"WB","2026-10-01T23:00:00.000000",15.7682304382324
"WB","2026-10-02T00:00:00.000000",15.7640409469604
"WB","2026-10-02T01:00:00.000000",15.7438669204712
"WB","2026-10-02T02:00:00.000000",15.6990146636963
"WB","2026-10-02T03:00:00.000000",15.6553068161011
"WB","2026-10-02T04:00:00.000000",15.6192436218262
"WB","2026-10-02T05:00:00.000000",15.5871782302856
"WB","2026-10-02T06:00:00.000000",15.5636863708496
"WB","2026-10-02T07:00:00.000000",15.5484600067139
"WB","2026-10-02T08:00:00.000000",15.5456104278564
"WB","2026-10-02T09:00:00.000000",15.5603466033936
"WB","2026-10-02T10:00:00.000000",15.5783996582031
"WB","2026-10-02T11:00:00.000000",15.5926008224487
"WB","2026-10-02T12:00:00.000000",15.5981273651123
"WB","2026-10-02T13:00:00.000000",15.5985441207886
"WB","2026-10-02T14:00:00.000000",15.5866041183472
"WB","2026-10-02T15:00:00.000000",15.5609531402588
"WB","2026-10-02T16:00:00.000000",15.5396432876587
"WB","2026-10-02T17:00:00.000000",15.5218992233276
"WB","2026-10-02T18:00:00.000000",15.5055084228516
"WB","2026-10-02T19:00:00.000000",15.4972381591797
"WB","2026-10-02T20:00:00.000000",15.4926280975342
"WB","2026-10-02T21:00:00.000000",15.4937944412231
"WB","2026-10-02T22:00:00.000000",15.5100717544556
"WB","2026-10-02T23:00:00.000000",15.5563325881958
"WB","2026-10-03T00:00:00.000000",15.5786457061768
"WB","2026-10-03T01:00:00.000000",15.555495262146
"WB","2026-10-03T02:00:00.000000",15.5263938903809
"WB","2026-10-03T03:00:00.000000",15.4969434738159
"WB","2026-10-03T04:00:00.000000",15.4835157394409
"WB","2026-10-03T05:00:00.000000",15.4699020385742
"WB","2026-10-03T06:00:00.000000",15.4475994110107
"WB","2026-10-03T07:00:00.000000",15.4265985488892
"WB","2026-10-03T08:00:00.000000",15.4141149520874
"WB","2026-10-03T09:00:00.000000",15.4142141342163
"WB","2026-10-03T10:00:00.000000",15.4284582138062
"WB","2026-10-03T11:00:00.000000",15.4367570877075
"WB","2026-10-03T12:00:00.000000",15.437126159668
"WB","2026-10-03T13:00:00.000000",15.4375
"WB","2026-10-03T14:00:00.000000",15.4370670318604
"WB","2026-10-03T15:00:00.000000",15.4316701889038
"WB","2026-10-03T16:00:00.000000",15.4204044342041
"WB","2026-10-03T17:00:00.000000",15.4184007644653
"WB","2026-10-03T18:00:00.000000",15.4221153259277
"WB","2026-10-03T19:00:00.000000",15.4294710159302
"WB","2026-10-03T20:00:00.000000",15.4600591659546
"WB","2026-10-03T21:00:00.000000",15.5351629257202
"WB","2026-10-03T22:00:00.000000",15.6052474975586
"WB","2026-10-03T23:00:00.000000",15.6202964782715
"WB","2026-10-04T00:00:00.000000",15.6236782073975
"WB","2026-10-04T01:00:00.000000",15.6237983703613
"WB","2026-10-04T02:00:00.000000",15.6210250854492
"WB","2026-10-04T03:00:00.000000",15.607349395752
"WB","2026-10-04T04:00:00.000000",15.5804834365845
"WB","2026-10-04T05:00:00.000000",15.5775556564331
"WB","2026-10-04T06:00:00.000000",15.5732126235962
"WB","2026-10-04T07:00:00.000000",15.5588827133179
"WB","2026-10-04T08:00:00.000000",15.5419359207153
"WB","2026-10-04T09:00:00.000000",15.5302352905273
"WB","2026-10-04T10:00:00.000000",15.5323781967163
"WB","2026-10-04T11:00:00.000000",15.5493087768555
"WB","2026-10-04T12:00:00.000000",15.5601854324341
"WB","2026-10-04T13:00:00.000000",15.5629749298096
"WB","2026-10-04T14:00:00.000000",15.5672836303711
"WB","2026-10-04T15:00:00.000000",15.5712938308716
"WB","2026-10-04T16:00:00.000000",15.5651149749756
"WB","2026-10-04T17:00:00.000000",15.5573987960815
"WB","2026-10-04T18:00:00.000000",15.5789413452148
"WB","2026-10-04T19:00:00.000000",15.5961360931396
"WB","2026-10-04T20:00:00.000000",15.6109380722046
"WB","2026-10-04T21:00:00.000000",15.6499671936035
"WB","2026-10-04T22:00:00.000000",15.6974658966064
"WB","2026-10-04T23:00:00.000000",15.7333202362061
"WB","2026-10-05T00:00:00.000000",15.7457227706909
"CL","2026-09-27T00:00:00.000000",19.1114406585693
"CL","2026-09-27T01:00:00.000000",19.1051063537598
"CL","2026-09-27T02:00:00.000000",19.0910816192627
"CL","2026-09-27T03:00:00.000000",19.0780086517334
"CL","2026-09-27T04:00:00.000000",19.036247253418
"CL","2026-09-27T05:00:00.000000",19.0037040710449
"CL","2026-09-27T06:00:00.000000",18.977954864502
"CL","2026-09-27T07:00:00.000000",18.9517116546631
"CL","2026-09-27T08:00:00.000000",18.9234580993652
"CL","2026-09-27T09:00:00.000000",18.9412479400635
"CL","2026-09-27T10:00:00.000000",18.933385848999
"CL","2026-09-27T11:00:00.000000",18.928539276123
"CL","2026-09-27T12:00:00.000000",18.9210929870605
"CL","2026-09-27T13:00:00.000000",18.898624420166
"CL","2026-09-27T14:00:00.000000",18.8903369903564
"CL","2026-09-27T15:00:00.000000",18.8588428497314
"CL","2026-09-27T16:00:00.000000",18.8190975189209
"CL","2026-09-27T17:00:00.000000",18.8020362854004
"CL","2026-09-27T18:00:00.000000",18.7888526916504
"CL","2026-09-27T19:00:00.000000",18.776346206665
"CL","2026-09-27T20:00:00.000000",18.7654438018799
"CL","2026-09-27T21:00:00.000000",18.7867565155029
"CL","2026-09-27T22:00:00.000000",18.7894439697266
"CL","2026-09-27T23:00:00.000000",18.7888507843018
"CL","2026-09-28T00:00:00.000000",18.7862586975098
"CL","2026-09-28T01:00:00.000000",18.7820930480957
"CL","2026-09-28T02:00:00.000000",18.7688770294189
"CL","2026-09-28T03:00:00.000000",18.7555065155029
"CL","2026-09-28T04:00:00.000000",18.7297992706299
"CL","2026-09-28T05:00:00.000000",18.7064685821533
"CL","2026-09-28T06:00:00.000000",18.6846714019775
"CL","2026-09-28T07:00:00.000000",18.6700191497803
"CL","2026-09-28T08:00:00.000000",18.6592655181885
"CL","2026-09-28T09:00:00.000000",18.695613861084
"CL","2026-09-28T10:00:00.000000",18.7006702423096
"CL","2026-09-28T11:00:00.000000",18.6992721557617
"CL","2026-09-28T12:00:00.000000",18.6987991333008
"CL","2026-09-28T13:00:00.000000",18.6975269317627
"CL","2026-09-28T14:00:00.000000",18.6907405853271
"CL","2026-09-28T15:00:00.000000",18.6799297332764
"CL","2026-09-28T16:00:00.000000",18.6724281311035
"CL","2026-09-28T17:00:00.000000",18.667537689209
"CL","2026-09-28T18:00:00.000000",18.6568298339844
"CL","2026-09-28T19:00:00.000000",18.6471176147461
"CL","2026-09-28T20:00:00.000000",18.6363372802734
"CL","2026-09-28T21:00:00.000000",18.6300868988037
"CL","2026-09-28T22:00:00.000000",18.6743011474609
"CL","2026-09-28T23:00:00.000000",18.6630115509033
"CL","2026-09-29T00:00:00.000000",18.6619453430176
"CL","2026-09-29T01:00:00.000000",18.6703205108643
"CL","2026-09-29T02:00:00.000000",18.671854019165
"CL","2026-09-29T03:00:00.000000",18.642240524292
"CL","2026-09-29T04:00:00.000000",18.5755195617676
"CL","2026-09-29T05:00:00.000000",18.5259094238281
"CL","2026-09-29T06:00:00.000000",18.4776287078857
"CL","2026-09-29T07:00:00.000000",18.4449081420898
"CL","2026-09-29T08:00:00.000000",18.4251384735107
"CL","2026-09-29T09:00:00.000000",18.3991451263428
"CL","2026-09-29T10:00:00.000000",18.5366249084473
"CL","2026-09-29T11:00:00.000000",18.5267753601074
"CL","2026-09-29T12:00:00.000000",18.5154342651367
"CL","2026-09-29T13:00:00.000000",18.5081348419189
"CL","2026-09-29T14:00:00.000000",18.5036010742188
"CL","2026-09-29T15:00:00.000000",18.4868412017822
"CL","2026-09-29T16:00:00.000000",18.4727058410645
"CL","2026-09-29T17:00:00.000000",18.4621124267578
"CL","2026-09-29T18:00:00.000000",18.4448356628418
"CL","2026-09-29T19:00:00.000000",18.3979167938232
"CL","2026-09-29T20:00:00.000000",18.3657569885254
"CL","2026-09-29T21:00:00.000000",18.3252773284912
"CL","2026-09-29T22:00:00.000000",18.3296184539795
"CL","2026-09-29T23:00:00.000000",18.4249324798584
"CL","2026-09-30T00:00:00.000000",18.4166526794434
"CL","2026-09-30T01:00:00.000000",18.4129867553711
"CL","2026-09-30T02:00:00.000000",18.4104099273682
"CL","2026-09-30T03:00:00.000000",18.4027500152588
"CL","2026-09-30T04:00:00.000000",18.4003067016602
"CL","2026-09-30T05:00:00.000000",18.406177520752
"CL","2026-09-30T06:00:00.000000",18.3819103240967
"CL","2026-09-30T07:00:00.000000",18.3220691680908
"CL","2026-09-30T08:00:00.000000",18.2947959899902
"CL","2026-09-30T09:00:00.000000",18.279857635498
"CL","2026-09-30T10:00:00.000000",18.355899810791
"CL","2026-09-30T11:00:00.000000",18.3990020751953
"CL","2026-09-30T12:00:00.000000",18.3883438110352
"CL","2026-09-30T13:00:00.000000",18.3787384033203
"CL","2026-09-30T14:00:00.000000",18.3823223114014
"CL","2026-09-30T15:00:00.000000",18.3897247314453
"CL","2026-09-30T16:00:00.000000",18.3946361541748
"CL","2026-09-30T17:00:00.000000",18.4049129486084
"CL","2026-09-30T18:00:00.000000",18.4150562286377
"CL","2026-09-30T19:00:00.000000",18.4206886291504
"CL","2026-09-30T20:00:00.000000",18.4147033691406
"CL","2026-09-30T21:00:00.000000",18.3982524871826
"CL","2026-09-30T22:00:00.000000",18.375301361084
"CL","2026-09-30T23:00:00.000000",18.4394798278809
"CL","2026-10-01T00:00:00.000000",18.5027675628662
"CL","2026-10-01T01:00:00.000000",18.5101165771484
"CL","2026-10-01T02:00:00.000000",18.5065021514893
"CL","2026-10-01T03:00:00.000000",18.4935894012451
"CL","2026-10-01T04:00:00.000000",18.4952430725098
"CL","2026-10-01T05:00:00.000000",18.5065841674805
"CL","2026-10-01T06:00:00.000000",18.5016384124756
"CL","2026-10-01T07:00:00.000000",18.452075958252
"CL","2026-10-01T08:00:00.000000",18.3863506317139
"CL","2026-10-01T09:00:00.000000",18.3678112030029
"CL","2026-10-01T10:00:00.000000",18.3574848175049
"CL","2026-10-01T11:00:00.000000",18.451286315918
"CL","2026-10-01T12:00:00.000000",18.5283660888672
"CL","2026-10-01T13:00:00.000000",18.5289726257324
"CL","2026-10-01T14:00:00.000000",18.5312919616699
"CL","2026-10-01T15:00:00.000000",18.5344867706299
"CL","2026-10-01T16:00:00.000000",18.5411262512207
"CL","2026-10-01T17:00:00.000000",18.5489501953125
"CL","2026-10-01T18:00:00.000000",18.5617942810059
"CL","2026-10-01T19:00:00.000000",18.5668296813965
"CL","2026-10-01T20:00:00.000000",18.5638847351074
"CL","2026-10-01T21:00:00.000000",18.5480194091797
"CL","2026-10-01T22:00:00.000000",18.5157928466797
"CL","2026-10-01T23:00:00.000000",18.4779796600342
"CL","2026-10-02T00:00:00.000000",18.5667972564697
"CL","2026-10-02T01:00:00.000000",18.6543922424316
"CL","2026-10-02T02:00:00.000000",18.6608238220215
"CL","2026-10-02T03:00:00.000000",18.656436920166
"CL","2026-10-02T04:00:00.000000",18.6495571136475
"CL","2026-10-02T05:00:00.000000",18.6501598358154
"CL","2026-10-02T06:00:00.000000",18.6589469909668
"CL","2026-10-02T07:00:00.000000",18.646951675415
"CL","2026-10-02T08:00:00.000000",18.5441455841064
"CL","2026-10-02T09:00:00.000000",18.4662952423096
"CL","2026-10-02T10:00:00.000000",18.4505443572998
"CL","2026-10-02T11:00:00.000000",18.4366817474365
"CL","2026-10-02T12:00:00.000000",18.5469589233398
"CL","2026-10-02T13:00:00.000000",18.6476135253906
"CL","2026-10-02T14:00:00.000000",18.6413307189941
"CL","2026-10-02T15:00:00.000000",18.6501865386963
"CL","2026-10-02T16:00:00.000000",18.6712036132812
"CL","2026-10-02T17:00:00.000000",18.6851100921631
"CL","2026-10-02T18:00:00.000000",18.6868381500244
"CL","2026-10-02T19:00:00.000000",18.6846141815186
"CL","2026-10-02T20:00:00.000000",18.6786785125732
"CL","2026-10-02T21:00:00.000000",18.667652130127
"CL","2026-10-02T22:00:00.000000",18.6420917510986
"CL","2026-10-02T23:00:00.000000",18.5877246856689
"CL","2026-10-03T00:00:00.000000",18.5341835021973
"CL","2026-10-03T01:00:00.000000",18.5753402709961
"CL","2026-10-03T02:00:00.000000",18.6957035064697
"CL","2026-10-03T03:00:00.000000",18.6835231781006
"CL","2026-10-03T04:00:00.000000",18.6633739471436
"CL","2026-10-03T05:00:00.000000",18.6593551635742
"CL","2026-10-03T06:00:00.000000",18.657054901123
"CL","2026-10-03T07:00:00.000000",18.6534996032715
"CL","2026-10-03T08:00:00.000000",18.5900459289551
"CL","2026-10-03T09:00:00.000000",18.4486389160156
"CL","2026-10-03T10:00:00.000000",18.3857002258301
"CL","2026-10-03T11:00:00.000000",18.3719749450684
"CL","2026-10-03T12:00:00.000000",18.3598480224609
"CL","2026-10-03T13:00:00.000000",18.4218139648438
"CL","2026-10-03T14:00:00.000000",18.5764694213867
"CL","2026-10-03T15:00:00.000000",18.5430488586426
"CL","2026-10-03T16:00:00.000000",18.5246315002441
"CL","2026-10-03T17:00:00.000000",18.5143566131592
"CL","2026-10-03T18:00:00.000000",18.5179195404053
"CL","2026-10-03T19:00:00.000000",18.5390930175781
"CL","2026-10-03T20:00:00.000000",18.5549297332764
"CL","2026-10-03T21:00:00.000000",18.5650367736816
"CL","2026-10-03T22:00:00.000000",18.5731925964355
"CL","2026-10-03T23:00:00.000000",18.56955909729
"CL","2026-10-04T00:00:00.000000",18.559232711792
"CL","2026-10-04T01:00:00.000000",18.5412788391113
"CL","2026-10-04T02:00:00.000000",18.5405864715576
"CL","2026-10-04T03:00:00.000000",18.5784358978271
"CL","2026-10-04T04:00:00.000000",18.5769386291504
"CL","2026-10-04T05:00:00.000000",18.5800628662109
"CL","2026-10-04T06:00:00.000000",18.5783920288086
"CL","2026-10-04T07:00:00.000000",18.5734424591064
"CL","2026-10-04T08:00:00.000000",18.5712585449219
"CL","2026-10-04T09:00:00.000000",18.5642108917236
"CL","2026-10-04T10:00:00.000000",18.5441246032715
"CL","2026-10-04T11:00:00.000000",18.520299911499
"CL","2026-10-04T12:00:00.000000",18.5124626159668
"CL","2026-10-04T13:00:00.000000",18.5014038085938
"CL","2026-10-04T14:00:00.000000",18.5422954559326
"CL","2026-10-04T15:00:00.000000",18.6121501922607
"CL","2026-10-04T16:00:00.000000",18.6333713531494
"CL","2026-10-04T17:00:00.000000",18.6442222595215
"CL","2026-10-04T18:00:00.000000",18.6490478515625
"CL","2026-10-04T19:00:00.000000",18.6584625244141
"CL","2026-10-04T20:00:00.000000",18.6613674163818
"CL","2026-10-04T21:00:00.000000",18.658763885498
"CL","2026-10-04T22:00:00.000000",18.6559391021729
"CL","2026-10-04T23:00:00.000000",18.6495475769043
"CL","2026-10-05T00:00:00.000000",18.6421279907227
"FG","2026-09-27T00:00:00.000000",19.4926261901855
"FG","2026-09-27T01:00:00.000000",19.5732498168945
"FG","2026-09-27T02:00:00.000000",19.5184307098389
"FG","2026-09-27T03:00:00.000000",19.5202884674072
"FG","2026-09-27T04:00:00.000000",19.5138053894043
"FG","2026-09-27T05:00:00.000000",19.500207901001
"FG","2026-09-27T06:00:00.000000",19.4476108551025
"FG","2026-09-27T07:00:00.000000",19.3746337890625
"FG","2026-09-27T08:00:00.000000",19.4287147521973
"FG","2026-09-27T09:00:00.000000",19.3394622802734
"FG","2026-09-27T10:00:00.000000",19.2745685577393
"FG","2026-09-27T11:00:00.000000",19.2817459106445
"FG","2026-09-27T12:00:00.000000",19.3328495025635
"FG","2026-09-27T13:00:00.000000",19.3625507354736
"FG","2026-09-27T14:00:00.000000",19.31667137146
"FG","2026-09-27T15:00:00.000000",19.3018817901611
"FG","2026-09-27T16:00:00.000000",19.2986869812012
"FG","2026-09-27T17:00:00.000000",19.2999076843262
"FG","2026-09-27T18:00:00.000000",19.3007736206055
"FG","2026-09-27T19:00:00.000000",19.2605724334717
"FG","2026-09-27T20:00:00.000000",19.2932643890381
"FG","2026-09-27T21:00:00.000000",19.2797756195068
"FG","2026-09-27T22:00:00.000000",19.2145595550537
"FG","2026-09-27T23:00:00.000000",19.1785278320312
"FG","2026-09-28T00:00:00.000000",19.1950454711914
"FG","2026-09-28T01:00:00.000000",19.2093086242676
"FG","2026-09-28T02:00:00.000000",19.2256755828857
"FG","2026-09-28T03:00:00.000000",19.1603622436523
"FG","2026-09-28T04:00:00.000000",19.1688251495361
"FG","2026-09-28T05:00:00.000000",19.1655178070068
"FG","2026-09-28T06:00:00.000000",19.1816024780273
"FG","2026-09-28T07:00:00.000000",19.1340923309326
"FG","2026-09-28T08:00:00.000000",19.1524925231934
"FG","2026-09-28T09:00:00.000000",19.1359634399414
"FG","2026-09-28T10:00:00.000000",19.0676918029785
"FG","2026-09-28T11:00:00.000000",19.0302639007568
"FG","2026-09-28T12:00:00.000000",19.0525283813477
"FG","2026-09-28T13:00:00.000000",19.0663757324219
"FG","2026-09-28T14:00:00.000000",19.0923671722412
"FG","2026-09-28T15:00:00.000000",19.0181121826172
"FG","2026-09-28T16:00:00.000000",19.0217628479004
"FG","2026-09-28T17:00:00.000000",19.0347080230713
"FG","2026-09-28T18:00:00.000000",19.0455684661865
"FG","2026-09-28T19:00:00.000000",19.0101051330566
"FG","2026-09-28T20:00:00.000000",18.9993362426758
"FG","2026-09-28T21:00:00.000000",19.0249290466309
"FG","2026-09-28T22:00:00.000000",18.987154006958
"FG","2026-09-28T23:00:00.000000",18.9525661468506
"FG","2026-09-29T00:00:00.000000",18.9524345397949
"FG","2026-09-29T01:00:00.000000",18.9630661010742
"FG","2026-09-29T02:00:00.000000",18.9659729003906
"FG","2026-09-29T03:00:00.000000",18.8785591125488
"FG","2026-09-29T04:00:00.000000",18.8446159362793
"FG","2026-09-29T05:00:00.000000",18.8773174285889
"FG","2026-09-29T06:00:00.000000",18.941722869873
"FG","2026-09-29T07:00:00.000000",18.9569873809814
"FG","2026-09-29T08:00:00.000000",18.963436126709
"FG","2026-09-29T09:00:00.000000",18.96360206604
"FG","2026-09-29T10:00:00.000000",18.9661254882812
"FG","2026-09-29T11:00:00.000000",18.8720874786377
"FG","2026-09-29T12:00:00.000000",18.8735160827637
"FG","2026-09-29T13:00:00.000000",18.8713455200195
"FG","2026-09-29T14:00:00.000000",18.8872375488281
"FG","2026-09-29T15:00:00.000000",18.8771953582764
"FG","2026-09-29T16:00:00.000000",18.8261070251465
"FG","2026-09-29T17:00:00.000000",18.8360404968262
"FG","2026-09-29T18:00:00.000000",18.844123840332
"FG","2026-09-29T19:00:00.000000",18.8663520812988
"FG","2026-09-29T20:00:00.000000",18.8680038452148
"FG","2026-09-29T21:00:00.000000",18.8669509887695
"FG","2026-09-29T22:00:00.000000",18.867618560791
"FG","2026-09-29T23:00:00.000000",18.8285140991211
"FG","2026-09-30T00:00:00.000000",18.815465927124
"FG","2026-09-30T01:00:00.000000",18.8299312591553
"FG","2026-09-30T02:00:00.000000",18.8410224914551
"FG","2026-09-30T03:00:00.000000",18.8410739898682
"FG","2026-09-30T04:00:00.000000",18.8313159942627
"FG","2026-09-30T05:00:00.000000",18.830982208252
"FG","2026-09-30T06:00:00.000000",18.8521881103516
"FG","2026-09-30T07:00:00.000000",18.8673286437988
"FG","2026-09-30T08:00:00.000000",18.8614406585693
"FG","2026-09-30T09:00:00.000000",18.8662757873535
"FG","2026-09-30T10:00:00.000000",18.8647079467773
"FG","2026-09-30T11:00:00.000000",18.8526496887207
"FG","2026-09-30T12:00:00.000000",18.7863426208496
"FG","2026-09-30T13:00:00.000000",18.7908821105957
"FG","2026-09-30T14:00:00.000000",18.8033313751221
"FG","2026-09-30T15:00:00.000000",18.8267002105713
"FG","2026-09-30T16:00:00.000000",18.8572196960449
"FG","2026-09-30T17:00:00.000000",18.8744697570801
"FG","2026-09-30T18:00:00.000000",18.9015064239502
"FG","2026-09-30T19:00:00.000000",18.9460582733154
"FG","2026-09-30T20:00:00.000000",18.9170455932617
"FG","2026-09-30T21:00:00.000000",18.8384494781494
"FG","2026-09-30T22:00:00.000000",18.8915557861328
"FG","2026-09-30T23:00:00.000000",18.910400390625
"FG","2026-10-01T00:00:00.000000",18.9346828460693
"FG","2026-10-01T01:00:00.000000",18.9048881530762
"FG","2026-10-01T02:00:00.000000",18.8892383575439
"FG","2026-10-01T03:00:00.000000",18.9002361297607
"FG","2026-10-01T04:00:00.000000",18.9398632049561
"FG","2026-10-01T05:00:00.000000",18.9551734924316
"FG","2026-10-01T06:00:00.000000",18.9591026306152
"FG","2026-10-01T07:00:00.000000",18.9613990783691
"FG","2026-10-01T08:00:00.000000",18.9646511077881
"FG","2026-10-01T09:00:00.000000",18.8857803344727
"FG","2026-10-01T10:00:00.000000",18.9031181335449
"FG","2026-10-01T11:00:00.000000",18.9086303710938
"FG","2026-10-01T12:00:00.000000",18.8978118896484
"FG","2026-10-01T13:00:00.000000",18.86696434021
"FG","2026-10-01T14:00:00.000000",18.8514785766602
"FG","2026-10-01T15:00:00.000000",18.8478050231934
"FG","2026-10-01T16:00:00.000000",18.9004344940186
"FG","2026-10-01T17:00:00.000000",18.939661026001
"FG","2026-10-01T18:00:00.000000",18.9771289825439
"FG","2026-10-01T19:00:00.000000",19.003381729126
"FG","2026-10-01T20:00:00.000000",19.0236797332764
"FG","2026-10-01T21:00:00.000000",18.9487037658691
"FG","2026-10-01T22:00:00.000000",18.9119415283203
"FG","2026-10-01T23:00:00.000000",18.9850444793701
"FG","2026-10-02T00:00:00.000000",18.9727649688721
"FG","2026-10-02T01:00:00.000000",18.9491195678711
"FG","2026-10-02T02:00:00.000000",18.9548492431641
"FG","2026-10-02T03:00:00.000000",18.9354209899902
"FG","2026-10-02T04:00:00.000000",18.9725475311279
"FG","2026-10-02T05:00:00.000000",19.0111141204834
"FG","2026-10-02T06:00:00.000000",19.0217399597168
"FG","2026-10-02T07:00:00.000000",19.0281963348389
"FG","2026-10-02T08:00:00.000000",19.0351486206055
"FG","2026-10-02T09:00:00.000000",19.0362815856934
"FG","2026-10-02T10:00:00.000000",18.9447574615479
"FG","2026-10-02T11:00:00.000000",18.9591808319092
"FG","2026-10-02T12:00:00.000000",18.9696941375732
"FG","2026-10-02T13:00:00.000000",18.9662609100342
"FG","2026-10-02T14:00:00.000000",18.9544277191162
"FG","2026-10-02T15:00:00.000000",18.9421043395996
"FG","2026-10-02T16:00:00.000000",18.9214992523193
"FG","2026-10-02T17:00:00.000000",18.9659442901611
"FG","2026-10-02T18:00:00.000000",19.0228519439697
"FG","2026-10-02T19:00:00.000000",19.0554389953613
"FG","2026-10-02T20:00:00.000000",19.0730953216553
"FG","2026-10-02T21:00:00.000000",19.0819892883301
"FG","2026-10-02T22:00:00.000000",19.0502147674561
"FG","2026-10-02T23:00:00.000000",18.9965877532959
"FG","2026-10-03T00:00:00.000000",19.0672225952148
"FG","2026-10-03T01:00:00.000000",19.0634231567383
"FG","2026-10-03T02:00:00.000000",18.9666843414307
"FG","2026-10-03T03:00:00.000000",18.9754543304443
"FG","2026-10-03T04:00:00.000000",18.9849548339844
"FG","2026-10-03T05:00:00.000000",19.0271472930908
"FG","2026-10-03T06:00:00.000000",19.0381736755371
"FG","2026-10-03T07:00:00.000000",19.0103797912598
"FG","2026-10-03T08:00:00.000000",19.0278053283691
"FG","2026-10-03T09:00:00.000000",19.0411262512207
"FG","2026-10-03T10:00:00.000000",19.0461120605469
"FG","2026-10-03T11:00:00.000000",18.9974956512451
"FG","2026-10-03T12:00:00.000000",19.024995803833
"FG","2026-10-03T13:00:00.000000",19.0253353118896
"FG","2026-10-03T14:00:00.000000",18.9852466583252
"FG","2026-10-03T15:00:00.000000",18.9375877380371
"FG","2026-10-03T16:00:00.000000",18.9012641906738
"FG","2026-10-03T17:00:00.000000",18.8945426940918
"FG","2026-10-03T18:00:00.000000",18.9549312591553
"FG","2026-10-03T19:00:00.000000",19.0289268493652
"FG","2026-10-03T20:00:00.000000",19.0617752075195
"FG","2026-10-03T21:00:00.000000",19.0875759124756
"FG","2026-10-03T22:00:00.000000",19.0959911346436
"FG","2026-10-03T23:00:00.000000",19.0165767669678
"FG","2026-10-04T00:00:00.000000",19.0111045837402
"FG","2026-10-04T01:00:00.000000",19.0621318817139
"FG","2026-10-04T02:00:00.000000",19.0531234741211
"FG","2026-10-04T03:00:00.000000",18.9620723724365
"FG","2026-10-04T04:00:00.000000",18.9309787750244
"FG","2026-10-04T05:00:00.000000",18.9498596191406
"FG","2026-10-04T06:00:00.000000",18.9982242584229
"FG","2026-10-04T07:00:00.000000",19.0478649139404
"FG","2026-10-04T08:00:00.000000",19.0320796966553
"FG","2026-10-04T09:00:00.000000",19.0439205169678
"FG","2026-10-04T10:00:00.000000",19.0584030151367
"FG","2026-10-04T11:00:00.000000",19.0497360229492
"FG","2026-10-04T12:00:00.000000",18.96950340271
"FG","2026-10-04T13:00:00.000000",19.0079174041748
"FG","2026-10-04T14:00:00.000000",19.0207710266113
"FG","2026-10-04T15:00:00.000000",18.9973049163818
"FG","2026-10-04T16:00:00.000000",18.9840869903564
"FG","2026-10-04T17:00:00.000000",18.9810352325439
"FG","2026-10-04T18:00:00.000000",18.9740161895752
"FG","2026-10-04T19:00:00.000000",19.0044231414795
"FG","2026-10-04T20:00:00.000000",19.0439834594727
"FG","2026-10-04T21:00:00.000000",19.068229675293
"FG","2026-10-04T22:00:00.000000",19.09303855896
"FG","2026-10-04T23:00:00.000000",19.1117782592773
"FG","2026-10-05T00:00:00.000000",19.0953216552734
"GI","2026-09-27T00:00:00.000000",19.1143226623535
"GI","2026-09-27T01:00:00.000000",19.1077308654785
"GI","2026-09-27T02:00:00.000000",19.0901775360107
"GI","2026-09-27T03:00:00.000000",19.0559120178223
"GI","2026-09-27T04:00:00.000000",18.9993953704834
"GI","2026-09-27T05:00:00.000000",18.9749984741211
"GI","2026-09-27T06:00:00.000000",18.951831817627
"GI","2026-09-27T07:00:00.000000",18.9332389831543
"GI","2026-09-27T08:00:00.000000",18.9151458740234
"GI","2026-09-27T09:00:00.000000",18.894136428833
"GI","2026-09-27T10:00:00.000000",18.9057922363281
"GI","2026-09-27T11:00:00.000000",18.9084587097168
"GI","2026-09-27T12:00:00.000000",18.9026336669922
"GI","2026-09-27T13:00:00.000000",18.892520904541
"GI","2026-09-27T14:00:00.000000",18.8548793792725
"GI","2026-09-27T15:00:00.000000",18.8090114593506
"GI","2026-09-27T16:00:00.000000",18.7942810058594
"GI","2026-09-27T17:00:00.000000",18.7906703948975
"GI","2026-09-27T18:00:00.000000",18.7750511169434
"GI","2026-09-27T19:00:00.000000",18.7644004821777
"GI","2026-09-27T20:00:00.000000",18.7470645904541
"GI","2026-09-27T21:00:00.000000",18.7224922180176
"GI","2026-09-27T22:00:00.000000",18.7352237701416
"GI","2026-09-27T23:00:00.000000",18.7718410491943
"GI","2026-09-28T00:00:00.000000",18.7758827209473
"GI","2026-09-28T01:00:00.000000",18.7691383361816
"GI","2026-09-28T02:00:00.000000",18.7517414093018
"GI","2026-09-28T03:00:00.000000",18.7097339630127
"GI","2026-09-28T04:00:00.000000",18.6955471038818
"GI","2026-09-28T05:00:00.000000",18.6816635131836
"GI","2026-09-28T06:00:00.000000",18.661153793335
"GI","2026-09-28T07:00:00.000000",18.6461791992188
"GI","2026-09-28T08:00:00.000000",18.6380729675293
"GI","2026-09-28T09:00:00.000000",18.6130809783936
"GI","2026-09-28T10:00:00.000000",18.639612197876
"GI","2026-09-28T11:00:00.000000",18.6860618591309
"GI","2026-09-28T12:00:00.000000",18.6904029846191
"GI","2026-09-28T13:00:00.000000",18.6848220825195
"GI","2026-09-28T14:00:00.000000",18.6809062957764
"GI","2026-09-28T15:00:00.000000",18.6533451080322
"GI","2026-09-28T16:00:00.000000",18.63938331604
"GI","2026-09-28T17:00:00.000000",18.6416664123535
"GI","2026-09-28T18:00:00.000000",18.6360759735107
"GI","2026-09-28T19:00:00.000000",18.6300811767578
"GI","2026-09-28T20:00:00.000000",18.6223545074463
"GI","2026-09-28T21:00:00.000000",18.6024570465088
"GI","2026-09-28T22:00:00.000000",18.5533542633057
"GI","2026-09-28T23:00:00.000000",18.5339622497559
"GI","2026-09-29T00:00:00.000000",18.5790138244629
"GI","2026-09-29T01:00:00.000000",18.582540512085
"GI","2026-09-29T02:00:00.000000",18.5655422210693
"GI","2026-09-29T03:00:00.000000",18.5291481018066
"GI","2026-09-29T04:00:00.000000",18.4578514099121
"GI","2026-09-29T05:00:00.000000",18.4490528106689
"GI","2026-09-29T06:00:00.000000",18.4279594421387
"GI","2026-09-29T07:00:00.000000",18.3987598419189
"GI","2026-09-29T08:00:00.000000",18.3755512237549
"GI","2026-09-29T09:00:00.000000",18.3644027709961
"GI","2026-09-29T10:00:00.000000",18.3547687530518
"GI","2026-09-29T11:00:00.000000",18.4069480895996
"GI","2026-09-29T12:00:00.000000",18.4874897003174
"GI","2026-09-29T13:00:00.000000",18.4848346710205
"GI","2026-09-29T14:00:00.000000",18.4738655090332
"GI","2026-09-29T15:00:00.000000",18.4665508270264
"GI","2026-09-29T16:00:00.000000",18.4450454711914
"GI","2026-09-29T17:00:00.000000",18.3834419250488
"GI","2026-09-29T18:00:00.000000",18.3474750518799
"GI","2026-09-29T19:00:00.000000",18.3224601745605
"GI","2026-09-29T20:00:00.000000",18.3043098449707
"GI","2026-09-29T21:00:00.000000",18.2829704284668
"GI","2026-09-29T22:00:00.000000",18.2763061523438
"GI","2026-09-29T23:00:00.000000",18.258695602417
"GI","2026-09-30T00:00:00.000000",18.3409690856934
"GI","2026-09-30T01:00:00.000000",18.3957138061523
"GI","2026-09-30T02:00:00.000000",18.4034290313721
"GI","2026-09-30T03:00:00.000000",18.4034900665283
"GI","2026-09-30T04:00:00.000000",18.3857326507568
"GI","2026-09-30T05:00:00.000000",18.3151168823242
"GI","2026-09-30T06:00:00.000000",18.2778644561768
"GI","2026-09-30T07:00:00.000000",18.2602405548096
"GI","2026-09-30T08:00:00.000000",18.2551231384277
"GI","2026-09-30T09:00:00.000000",18.2404613494873
"GI","2026-09-30T10:00:00.000000",18.2417316436768
"GI","2026-09-30T11:00:00.000000",18.2534103393555
"GI","2026-09-30T12:00:00.000000",18.3487777709961
"GI","2026-09-30T13:00:00.000000",18.3837985992432
"GI","2026-09-30T14:00:00.000000",18.3831653594971
"GI","2026-09-30T15:00:00.000000",18.3874282836914
"GI","2026-09-30T16:00:00.000000",18.3941459655762
"GI","2026-09-30T17:00:00.000000",18.3933620452881
"GI","2026-09-30T18:00:00.000000",18.3700428009033
"GI","2026-09-30T19:00:00.000000",18.3532638549805
"GI","2026-09-30T20:00:00.000000",18.3434047698975
"GI","2026-09-30T21:00:00.000000",18.3339004516602
"GI","2026-09-30T22:00:00.000000",18.3217926025391
"GI","2026-09-30T23:00:00.000000",18.3321800231934
"GI","2026-10-01T00:00:00.000000",18.3421859741211
"GI","2026-10-01T01:00:00.000000",18.4412670135498
"GI","2026-10-01T02:00:00.000000",18.4829444885254
"GI","2026-10-01T03:00:00.000000",18.4922294616699
"GI","2026-10-01T04:00:00.000000",18.4901351928711
"GI","2026-10-01T05:00:00.000000",18.4470291137695
"GI","2026-10-01T06:00:00.000000",18.3736705780029
"GI","2026-10-01T07:00:00.000000",18.3376693725586
"GI","2026-10-01T08:00:00.000000",18.3214015960693
"GI","2026-10-01T09:00:00.000000",18.3207511901855
"GI","2026-10-01T10:00:00.000000",18.3156967163086
"GI","2026-10-01T11:00:00.000000",18.3188896179199
"GI","2026-10-01T12:00:00.000000",18.3484230041504
"GI","2026-10-01T13:00:00.000000",18.4825477600098
"GI","2026-10-01T14:00:00.000000",18.5235614776611
"GI","2026-10-01T15:00:00.000000",18.5312690734863
"GI","2026-10-01T16:00:00.000000",18.5382747650146
"GI","2026-10-01T17:00:00.000000",18.5434436798096
"GI","2026-10-01T18:00:00.000000",18.5298080444336
"GI","2026-10-01T19:00:00.000000",18.4920063018799
"GI","2026-10-01T20:00:00.000000",18.4604625701904
"GI","2026-10-01T21:00:00.000000",18.4475135803223
"GI","2026-10-01T22:00:00.000000",18.4265480041504
"GI","2026-10-01T23:00:00.000000",18.4124355316162
"GI","2026-10-02T00:00:00.000000",18.4325790405273
"GI","2026-10-02T01:00:00.000000",18.4572143554688
"GI","2026-10-02T02:00:00.000000",18.558084487915
"GI","2026-10-02T03:00:00.000000",18.6193981170654
"GI","2026-10-02T04:00:00.000000",18.6335926055908
"GI","2026-10-02T05:00:00.000000",18.6307640075684
"GI","2026-10-02T06:00:00.000000",18.5489311218262
"GI","2026-10-02T07:00:00.000000",18.4661102294922
"GI","2026-10-02T08:00:00.000000",18.4283676147461
"GI","2026-10-02T09:00:00.000000",18.417652130127
"GI","2026-10-02T10:00:00.000000",18.4145832061768
"GI","2026-10-02T11:00:00.000000",18.4069328308105
"GI","2026-10-02T12:00:00.000000",18.4090919494629
"GI","2026-10-02T13:00:00.000000",18.447338104248
"GI","2026-10-02T14:00:00.000000",18.5966968536377
"GI","2026-10-02T15:00:00.000000",18.6426601409912
"GI","2026-10-02T16:00:00.000000",18.6495018005371
"GI","2026-10-02T17:00:00.000000",18.6555519104004
"GI","2026-10-02T18:00:00.000000",18.6607189178467
"GI","2026-10-02T19:00:00.000000",18.6587467193604
"GI","2026-10-02T20:00:00.000000",18.6198673248291
"GI","2026-10-02T21:00:00.000000",18.581579208374
"GI","2026-10-02T22:00:00.000000",18.5669784545898
"GI","2026-10-02T23:00:00.000000",18.533634185791
"GI","2026-10-03T00:00:00.000000",18.5163249969482
"GI","2026-10-03T01:00:00.000000",18.5026359558105
"GI","2026-10-03T02:00:00.000000",18.5334148406982
"GI","2026-10-03T03:00:00.000000",18.5285491943359
"GI","2026-10-03T04:00:00.000000",18.5186405181885
"GI","2026-10-03T05:00:00.000000",18.5131092071533
"GI","2026-10-03T06:00:00.000000",18.4982357025146
"GI","2026-10-03T07:00:00.000000",18.419246673584
"GI","2026-10-03T08:00:00.000000",18.3809261322021
"GI","2026-10-03T09:00:00.000000",18.3579959869385
"GI","2026-10-03T10:00:00.000000",18.3862323760986
"GI","2026-10-03T11:00:00.000000",18.3771667480469
"GI","2026-10-03T12:00:00.000000",18.3585529327393
"GI","2026-10-03T13:00:00.000000",18.3161945343018
"GI","2026-10-03T14:00:00.000000",18.3883609771729
"GI","2026-10-03T15:00:00.000000",18.5201053619385
"GI","2026-10-03T16:00:00.000000",18.5623588562012
"GI","2026-10-03T17:00:00.000000",18.5540370941162
"GI","2026-10-03T18:00:00.000000",18.554651260376
"GI","2026-10-03T19:00:00.000000",18.5622863769531
"GI","2026-10-03T20:00:00.000000",18.5498695373535
"GI","2026-10-03T21:00:00.000000",18.521785736084
"GI","2026-10-03T22:00:00.000000",18.5127334594727
"GI","2026-10-03T23:00:00.000000",18.5063152313232
"GI","2026-10-04T00:00:00.000000",18.4910678863525
"GI","2026-10-04T01:00:00.000000",18.4791622161865
"GI","2026-10-04T02:00:00.000000",18.4860916137695
"GI","2026-10-04T03:00:00.000000",18.4848651885986
"GI","2026-10-04T04:00:00.000000",18.5109443664551
"GI","2026-10-04T05:00:00.000000",18.5482635498047
"GI","2026-10-04T06:00:00.000000",18.5602874755859
"GI","2026-10-04T07:00:00.000000",18.5587539672852
"GI","2026-10-04T08:00:00.000000",18.5165748596191
"GI","2026-10-04T09:00:00.000000",18.4808044433594
"GI","2026-10-04T10:00:00.000000",18.4706153869629
"GI","2026-10-04T11:00:00.000000",18.4635944366455
"GI","2026-10-04T12:00:00.000000",18.4623699188232
"GI","2026-10-04T13:00:00.000000",18.4567852020264
"GI","2026-10-04T14:00:00.000000",18.4641895294189
"GI","2026-10-04T15:00:00.000000",18.4667224884033
"GI","2026-10-04T16:00:00.000000",18.5495204925537
"GI","2026-10-04T17:00:00.000000",18.6133518218994
"GI","2026-10-04T18:00:00.000000",18.6349601745605
"GI","2026-10-04T19:00:00.000000",18.6439685821533
"GI","2026-10-04T20:00:00.000000",18.6460380554199
"GI","2026-10-04T21:00:00.000000",18.6350040435791
"GI","2026-10-04T22:00:00.000000",18.5900478363037
"GI","2026-10-04T23:00:00.000000",18.5719337463379
"GI","2026-10-05T00:00:00.000000",18.5667839050293
"JB","2026-09-27T00:00:00.000000",19.4856929779053
"JB","2026-09-27T01:00:00.000000",19.4704551696777
"JB","2026-09-27T02:00:00.000000",19.5587272644043
"JB","2026-09-27T03:00:00.000000",19.5453701019287
"JB","2026-09-27T04:00:00.000000",19.5135803222656
"JB","2026-09-27T05:00:00.000000",19.4837684631348
"JB","2026-09-27T06:00:00.000000",19.4631748199463
"JB","2026-09-27T07:00:00.000000",19.4480934143066
"JB","2026-09-27T08:00:00.000000",19.4740619659424
"JB","2026-09-27T09:00:00.000000",19.4885292053223
"JB","2026-09-27T10:00:00.000000",19.4843673706055
"JB","2026-09-27T11:00:00.000000",19.4743690490723
"JB","2026-09-27T12:00:00.000000",19.416934967041
"JB","2026-09-27T13:00:00.000000",19.3728790283203
"JB","2026-09-27T14:00:00.000000",19.4069538116455
"JB","2026-09-27T15:00:00.000000",19.3863258361816
"JB","2026-09-27T16:00:00.000000",19.361701965332
"JB","2026-09-27T17:00:00.000000",19.3449020385742
"JB","2026-09-27T18:00:00.000000",19.3325748443604
"JB","2026-09-27T19:00:00.000000",19.3202304840088
"JB","2026-09-27T20:00:00.000000",19.3545742034912
"JB","2026-09-27T21:00:00.000000",19.4014072418213
"JB","2026-09-27T22:00:00.000000",19.3965721130371
"JB","2026-09-27T23:00:00.000000",19.38791847229
"JB","2026-09-28T00:00:00.000000",19.3558158874512
"JB","2026-09-28T01:00:00.000000",19.2756671905518
"JB","2026-09-28T02:00:00.000000",19.3406620025635
"JB","2026-09-28T03:00:00.000000",19.3346996307373
"JB","2026-09-28T04:00:00.000000",19.3225402832031
"JB","2026-09-28T05:00:00.000000",19.3083152770996
"JB","2026-09-28T06:00:00.000000",19.2918739318848
"JB","2026-09-28T07:00:00.000000",19.276273727417
"JB","2026-09-28T08:00:00.000000",19.2724704742432
"JB","2026-09-28T09:00:00.000000",19.3037700653076
"JB","2026-09-28T10:00:00.000000",19.3041877746582
"JB","2026-09-28T11:00:00.000000",19.2833709716797
"JB","2026-09-28T12:00:00.000000",19.2292594909668
"JB","2026-09-28T13:00:00.000000",19.1721343994141
"JB","2026-09-28T14:00:00.000000",19.2027492523193
"JB","2026-09-28T15:00:00.000000",19.2226104736328
"JB","2026-09-28T16:00:00.000000",19.2193508148193
"JB","2026-09-28T17:00:00.000000",19.2135524749756
"JB","2026-09-28T18:00:00.000000",19.1795482635498
"JB","2026-09-28T19:00:00.000000",19.1525821685791
"JB","2026-09-28T20:00:00.000000",19.1433925628662
"JB","2026-09-28T21:00:00.000000",19.1571712493896
"JB","2026-09-28T22:00:00.000000",19.1680202484131
"JB","2026-09-28T23:00:00.000000",19.150842666626
"JB","2026-09-29T00:00:00.000000",19.141881942749
"JB","2026-09-29T01:00:00.000000",19.0868988037109
"JB","2026-09-29T02:00:00.000000",19.0701389312744
"JB","2026-09-29T03:00:00.000000",19.1484088897705
"JB","2026-09-29T04:00:00.000000",19.1402740478516
"JB","2026-09-29T05:00:00.000000",19.1332378387451
"JB","2026-09-29T06:00:00.000000",19.1239280700684
"JB","2026-09-29T07:00:00.000000",19.1011447906494
"JB","2026-09-29T08:00:00.000000",19.0770225524902
"JB","2026-09-29T09:00:00.000000",19.0710887908936
"JB","2026-09-29T10:00:00.000000",19.1346225738525
"JB","2026-09-29T11:00:00.000000",19.0725555419922
"JB","2026-09-29T12:00:00.000000",18.9448280334473
"JB","2026-09-29T13:00:00.000000",18.9624118804932
"JB","2026-09-29T14:00:00.000000",18.9449100494385
"JB","2026-09-29T15:00:00.000000",19.037935256958
"JB","2026-09-29T16:00:00.000000",19.0447998046875
"JB","2026-09-29T17:00:00.000000",19.0412712097168
"JB","2026-09-29T18:00:00.000000",19.0155906677246
"JB","2026-09-29T19:00:00.000000",18.9975147247314
"JB","2026-09-29T20:00:00.000000",18.9824810028076
"JB","2026-09-29T21:00:00.000000",18.9759140014648
"JB","2026-09-29T22:00:00.000000",18.9904861450195
"JB","2026-09-29T23:00:00.000000",19.0003757476807
"JB","2026-09-30T00:00:00.000000",18.9999923706055
"JB","2026-09-30T01:00:00.000000",18.9709434509277
"JB","2026-09-30T02:00:00.000000",18.8977355957031
"JB","2026-09-30T03:00:00.000000",18.9246578216553
"JB","2026-09-30T04:00:00.000000",19.0429649353027
"JB","2026-09-30T05:00:00.000000",19.0423812866211
"JB","2026-09-30T06:00:00.000000",18.9850158691406
"JB","2026-09-30T07:00:00.000000",18.9647159576416
"JB","2026-09-30T08:00:00.000000",18.9633274078369
"JB","2026-09-30T09:00:00.000000",18.9662742614746
"JB","2026-09-30T10:00:00.000000",18.9763851165771
"JB","2026-09-30T11:00:00.000000",18.9623565673828
"JB","2026-09-30T12:00:00.000000",18.9619235992432
"JB","2026-09-30T13:00:00.000000",18.9506816864014
"JB","2026-09-30T14:00:00.000000",18.8900909423828
"JB","2026-09-30T15:00:00.000000",18.8626441955566
"JB","2026-09-30T16:00:00.000000",19.0452156066895
"JB","2026-09-30T17:00:00.000000",19.0751571655273
"JB","2026-09-30T18:00:00.000000",19.0542011260986
"JB","2026-09-30T19:00:00.000000",18.9446964263916
"JB","2026-09-30T20:00:00.000000",18.9225463867188
"JB","2026-09-30T21:00:00.000000",18.9367218017578
"JB","2026-09-30T22:00:00.000000",18.949836730957
"JB","2026-09-30T23:00:00.000000",18.9738922119141
"JB","2026-10-01T00:00:00.000000",18.9879932403564
"JB","2026-10-01T01:00:00.000000",18.9876461029053
"JB","2026-10-01T02:00:00.000000",18.9428977966309
"JB","2026-10-01T03:00:00.000000",18.8915863037109
"JB","2026-10-01T04:00:00.000000",19.0616455078125
"JB","2026-10-01T05:00:00.000000",19.0636005401611
"JB","2026-10-01T06:00:00.000000",19.0554370880127
"JB","2026-10-01T07:00:00.000000",19.0032196044922
"JB","2026-10-01T08:00:00.000000",18.980297088623
"JB","2026-10-01T09:00:00.000000",18.9798889160156
"JB","2026-10-01T10:00:00.000000",18.9955978393555
"JB","2026-10-01T11:00:00.000000",19.047456741333
"JB","2026-10-01T12:00:00.000000",19.02707862854
"JB","2026-10-01T13:00:00.000000",19.0147552490234
"JB","2026-10-01T14:00:00.000000",18.937744140625
"JB","2026-10-01T15:00:00.000000",18.8815803527832
"JB","2026-10-01T16:00:00.000000",18.8621463775635
"JB","2026-10-01T17:00:00.000000",19.0468311309814
"JB","2026-10-01T18:00:00.000000",19.0728740692139
"JB","2026-10-01T19:00:00.000000",19.0189151763916
"JB","2026-10-01T20:00:00.000000",18.9533138275146
"JB","2026-10-01T21:00:00.000000",18.9444408416748
"JB","2026-10-01T22:00:00.000000",18.9653167724609
"JB","2026-10-01T23:00:00.000000",19.0093288421631
"JB","2026-10-02T00:00:00.000000",19.097240447998
"JB","2026-10-02T01:00:00.000000",19.0710487365723
"JB","2026-10-02T02:00:00.000000",19.0706825256348
"JB","2026-10-02T03:00:00.000000",19.0218181610107
"JB","2026-10-02T04:00:00.000000",18.9676685333252
"JB","2026-10-02T05:00:00.000000",19.1223697662354
"JB","2026-10-02T06:00:00.000000",19.1233596801758
"JB","2026-10-02T07:00:00.000000",19.1113929748535
"JB","2026-10-02T08:00:00.000000",19.0785274505615
"JB","2026-10-02T09:00:00.000000",19.0551471710205
"JB","2026-10-02T10:00:00.000000",19.0574073791504
"JB","2026-10-02T11:00:00.000000",19.0760612487793
"JB","2026-10-02T12:00:00.000000",19.1295375823975
"JB","2026-10-02T13:00:00.000000",19.0998935699463
"JB","2026-10-02T14:00:00.000000",19.0753231048584
"JB","2026-10-02T15:00:00.000000",18.9944248199463
"JB","2026-10-02T16:00:00.000000",18.9540748596191
"JB","2026-10-02T17:00:00.000000",18.9228057861328
"JB","2026-10-02T18:00:00.000000",19.0845928192139
"JB","2026-10-02T19:00:00.000000",19.0891017913818
"JB","2026-10-02T20:00:00.000000",19.0489234924316
"JB","2026-10-02T21:00:00.000000",19.0230159759521
"JB","2026-10-02T22:00:00.000000",19.0227317810059
"JB","2026-10-02T23:00:00.000000",19.0210800170898
"JB","2026-10-03T00:00:00.000000",19.0966854095459
"JB","2026-10-03T01:00:00.000000",19.1789131164551
"JB","2026-10-03T02:00:00.000000",19.1435623168945
"JB","2026-10-03T03:00:00.000000",19.1354007720947
"JB","2026-10-03T04:00:00.000000",19.0993537902832
"JB","2026-10-03T05:00:00.000000",19.0552425384521
"JB","2026-10-03T06:00:00.000000",19.1953506469727
"JB","2026-10-03T07:00:00.000000",19.2069034576416
"JB","2026-10-03T08:00:00.000000",19.2209014892578
"JB","2026-10-03T09:00:00.000000",19.2084312438965
"JB","2026-10-03T10:00:00.000000",19.1649780273438
"JB","2026-10-03T11:00:00.000000",19.1829433441162
"JB","2026-10-03T12:00:00.000000",19.1895732879639
"JB","2026-10-03T13:00:00.000000",19.1880950927734
"JB","2026-10-03T14:00:00.000000",19.1928329467773
"JB","2026-10-03T15:00:00.000000",19.2047080993652
"JB","2026-10-03T16:00:00.000000",19.144214630127
"JB","2026-10-03T17:00:00.000000",19.050573348999
"JB","2026-10-03T18:00:00.000000",18.9886932373047
"JB","2026-10-03T19:00:00.000000",19.1749897003174
"JB","2026-10-03T20:00:00.000000",19.2751293182373
"JB","2026-10-03T21:00:00.000000",19.2750682830811
"JB","2026-10-03T22:00:00.000000",19.1393127441406
"JB","2026-10-03T23:00:00.000000",19.2235260009766
"JB","2026-10-04T00:00:00.000000",19.2739715576172
"JB","2026-10-04T01:00:00.000000",19.1948757171631
"JB","2026-10-04T02:00:00.000000",19.1516304016113
"JB","2026-10-04T03:00:00.000000",19.2029151916504
"JB","2026-10-04T04:00:00.000000",19.2582607269287
"JB","2026-10-04T05:00:00.000000",19.1346321105957
"JB","2026-10-04T06:00:00.000000",19.0657978057861
"JB","2026-10-04T07:00:00.000000",19.2110786437988
"JB","2026-10-04T08:00:00.000000",19.2339763641357
"JB","2026-10-04T09:00:00.000000",19.2200164794922
"JB","2026-10-04T10:00:00.000000",19.1826992034912
"JB","2026-10-04T11:00:00.000000",19.1274929046631
"JB","2026-10-04T12:00:00.000000",19.1407718658447
"JB","2026-10-04T13:00:00.000000",19.1439685821533
"JB","2026-10-04T14:00:00.000000",19.0944023132324
"JB","2026-10-04T15:00:00.000000",19.1324806213379
"JB","2026-10-04T16:00:00.000000",19.2134189605713
"JB","2026-10-04T17:00:00.000000",19.1239433288574
"JB","2026-10-04T18:00:00.000000",19.0376377105713
"JB","2026-10-04T19:00:00.000000",18.9918174743652
"JB","2026-10-04T20:00:00.000000",19.1234512329102
"JB","2026-10-04T21:00:00.000000",19.12624168396
"JB","2026-10-04T22:00:00.000000",19.1228084564209
"JB","2026-10-04T23:00:00.000000",19.0636463165283
"JB","2026-10-05T00:00:00.000000",19.0146732330322
NA,"2026-09-27T00:00:00.000000",19.2847518920898
NA,"2026-09-27T01:00:00.000000",19.272855758667
NA,"2026-09-27T02:00:00.000000",19.258508682251
NA,"2026-09-27T03:00:00.000000",19.2488956451416
NA,"2026-09-27T04:00:00.000000",19.2399654388428
NA,"2026-09-27T05:00:00.000000",19.2258987426758
NA,"2026-09-27T06:00:00.000000",19.1919784545898
NA,"2026-09-27T07:00:00.000000",19.1459865570068
NA,"2026-09-27T08:00:00.000000",19.0981578826904
NA,"2026-09-27T09:00:00.000000",19.0648059844971
NA,"2026-09-27T10:00:00.000000",19.0599880218506
NA,"2026-09-27T11:00:00.000000",19.0561714172363
NA,"2026-09-27T12:00:00.000000",18.9831600189209
NA,"2026-09-27T13:00:00.000000",18.9500865936279
NA,"2026-09-27T14:00:00.000000",18.940938949585
NA,"2026-09-27T15:00:00.000000",18.9407501220703
NA,"2026-09-27T16:00:00.000000",18.9372425079346
NA,"2026-09-27T17:00:00.000000",18.919116973877
NA,"2026-09-27T18:00:00.000000",18.8877086639404
NA,"2026-09-27T19:00:00.000000",18.858325958252
NA,"2026-09-27T20:00:00.000000",18.8328399658203
NA,"2026-09-27T21:00:00.000000",18.8210926055908
NA,"2026-09-27T22:00:00.000000",18.8172779083252
NA,"2026-09-27T23:00:00.000000",18.8225631713867
NA,"2026-09-28T00:00:00.000000",18.8166275024414
NA,"2026-09-28T01:00:00.000000",18.7850780487061
NA,"2026-09-28T02:00:00.000000",18.784423828125
NA,"2026-09-28T03:00:00.000000",18.794527053833
NA,"2026-09-28T04:00:00.000000",18.7957859039307
NA,"2026-09-28T05:00:00.000000",18.7918701171875
NA,"2026-09-28T06:00:00.000000",18.770580291748
NA,"2026-09-28T07:00:00.000000",18.7375812530518
NA,"2026-09-28T08:00:00.000000",18.6783561706543
NA,"2026-09-28T09:00:00.000000",18.6399307250977
NA,"2026-09-28T10:00:00.000000",18.6280498504639
NA,"2026-09-28T11:00:00.000000",18.6442852020264
NA,"2026-09-28T12:00:00.000000",18.6217765808105
NA,"2026-09-28T13:00:00.000000",18.6352386474609
NA,"2026-09-28T14:00:00.000000",18.6955184936523
NA,"2026-09-28T15:00:00.000000",18.7038440704346
NA,"2026-09-28T16:00:00.000000",18.7043991088867
NA,"2026-09-28T17:00:00.000000",18.7072830200195
NA,"2026-09-28T18:00:00.000000",18.7049465179443
NA,"2026-09-28T19:00:00.000000",18.6929492950439
NA,"2026-09-28T20:00:00.000000",18.6765975952148
NA,"2026-09-28T21:00:00.000000",18.6611232757568
NA,"2026-09-28T22:00:00.000000",18.6537685394287
NA,"2026-09-28T23:00:00.000000",18.6459331512451
NA,"2026-09-29T00:00:00.000000",18.6422004699707
NA,"2026-09-29T01:00:00.000000",18.5998630523682
NA,"2026-09-29T02:00:00.000000",18.5428981781006
NA,"2026-09-29T03:00:00.000000",18.5710506439209
NA,"2026-09-29T04:00:00.000000",18.5765914916992
NA,"2026-09-29T05:00:00.000000",18.5707225799561
NA,"2026-09-29T06:00:00.000000",18.5407180786133
NA,"2026-09-29T07:00:00.000000",18.5039463043213
NA,"2026-09-29T08:00:00.000000",18.4675598144531
NA,"2026-09-29T09:00:00.000000",18.430591583252
NA,"2026-09-29T10:00:00.000000",18.4021797180176
NA,"2026-09-29T11:00:00.000000",18.3855247497559
NA,"2026-09-29T12:00:00.000000",18.3761405944824
NA,"2026-09-29T13:00:00.000000",18.4163646697998
NA,"2026-09-29T14:00:00.000000",18.4362411499023
NA,"2026-09-29T15:00:00.000000",18.4987163543701
NA,"2026-09-29T16:00:00.000000",18.5155467987061
NA,"2026-09-29T17:00:00.000000",18.511589050293
NA,"2026-09-29T18:00:00.000000",18.5016059875488
NA,"2026-09-29T19:00:00.000000",18.4732437133789
NA,"2026-09-29T20:00:00.000000",18.4440937042236
NA,"2026-09-29T21:00:00.000000",18.4137744903564
NA,"2026-09-29T22:00:00.000000",18.3856182098389
NA,"2026-09-29T23:00:00.000000",18.3599300384521
NA,"2026-09-30T00:00:00.000000",18.3399524688721
NA,"2026-09-30T01:00:00.000000",18.3422317504883
NA,"2026-09-30T02:00:00.000000",18.3779926300049
NA,"2026-09-30T03:00:00.000000",18.4002628326416
NA,"2026-09-30T04:00:00.000000",18.4487056732178
NA,"2026-09-30T05:00:00.000000",18.4698028564453
NA,"2026-09-30T06:00:00.000000",18.459602355957
NA,"2026-09-30T07:00:00.000000",18.4294357299805
NA,"2026-09-30T08:00:00.000000",18.4000587463379
NA,"2026-09-30T09:00:00.000000",18.3779373168945
NA,"2026-09-30T10:00:00.000000",18.3606071472168
NA,"2026-09-30T11:00:00.000000",18.350793838501
NA,"2026-09-30T12:00:00.000000",18.3508644104004
NA,"2026-09-30T13:00:00.000000",18.3821811676025
NA,"2026-09-30T14:00:00.000000",18.4215965270996
NA,"2026-09-30T15:00:00.000000",18.4530925750732
NA,"2026-09-30T16:00:00.000000",18.5003223419189
NA,"2026-09-30T17:00:00.000000",18.5183582305908
NA,"2026-09-30T18:00:00.000000",18.5264167785645
NA,"2026-09-30T19:00:00.000000",18.5214576721191
NA,"2026-09-30T20:00:00.000000",18.4950256347656
NA,"2026-09-30T21:00:00.000000",18.4655704498291
NA,"2026-09-30T22:00:00.000000",18.4432010650635
NA,"2026-09-30T23:00:00.000000",18.4311122894287
NA,"2026-10-01T00:00:00.000000",18.4247589111328
NA,"2026-10-01T01:00:00.000000",18.4246025085449
NA,"2026-10-01T02:00:00.000000",18.4436340332031
NA,"2026-10-01T03:00:00.000000",18.4875087738037
NA,"2026-10-01T04:00:00.000000",18.5115184783936
NA,"2026-10-01T05:00:00.000000",18.5306701660156
NA,"2026-10-01T06:00:00.000000",18.5343322753906
NA,"2026-10-01T07:00:00.000000",18.5224113464355
NA,"2026-10-01T08:00:00.000000",18.4933586120605
NA,"2026-10-01T09:00:00.000000",18.4670963287354
NA,"2026-10-01T10:00:00.000000",18.4481582641602
NA,"2026-10-01T11:00:00.000000",18.4382553100586
NA,"2026-10-01T12:00:00.000000",18.4348106384277
NA,"2026-10-01T13:00:00.000000",18.4413146972656
NA,"2026-10-01T14:00:00.000000",18.4812622070312
NA,"2026-10-01T15:00:00.000000",18.4951210021973
NA,"2026-10-01T16:00:00.000000",18.5042972564697
NA,"2026-10-01T17:00:00.000000",18.5094337463379
NA,"2026-10-01T18:00:00.000000",18.5137977600098
NA,"2026-10-01T19:00:00.000000",18.5177307128906
NA,"2026-10-01T20:00:00.000000",18.5153675079346
NA,"2026-10-01T21:00:00.000000",18.5057563781738
NA,"2026-10-01T22:00:00.000000",18.4955444335938
NA,"2026-10-01T23:00:00.000000",18.4876708984375
NA,"2026-10-02T00:00:00.000000",18.4831523895264
NA,"2026-10-02T01:00:00.000000",18.4804973602295
NA,"2026-10-02T02:00:00.000000",18.4804019927979
NA,"2026-10-02T03:00:00.000000",18.4841136932373
NA,"2026-10-02T04:00:00.000000",18.4956111907959
NA,"2026-10-02T05:00:00.000000",18.5092220306396
NA,"2026-10-02T06:00:00.000000",18.5183715820312
NA,"2026-10-02T07:00:00.000000",18.5182132720947
NA,"2026-10-02T08:00:00.000000",18.5088958740234
NA,"2026-10-02T09:00:00.000000",18.495698928833
NA,"2026-10-02T10:00:00.000000",18.4863014221191
NA,"2026-10-02T11:00:00.000000",18.481201171875
NA,"2026-10-02T12:00:00.000000",18.4790649414062
NA,"2026-10-02T13:00:00.000000",18.4795436859131
NA,"2026-10-02T14:00:00.000000",18.4846706390381
NA,"2026-10-02T15:00:00.000000",18.4953022003174
NA,"2026-10-02T16:00:00.000000",18.5025024414062
NA,"2026-10-02T17:00:00.000000",18.4821853637695
NA,"2026-10-02T18:00:00.000000",18.4673175811768
NA,"2026-10-02T19:00:00.000000",18.4648990631104
NA,"2026-10-02T20:00:00.000000",18.4652061462402
NA,"2026-10-02T21:00:00.000000",18.4650611877441
NA,"2026-10-02T22:00:00.000000",18.4674949645996
NA,"2026-10-02T23:00:00.000000",18.4707870483398
NA,"2026-10-03T00:00:00.000000",18.4722518920898
NA,"2026-10-03T01:00:00.000000",18.4728775024414
NA,"2026-10-03T02:00:00.000000",18.4725646972656
NA,"2026-10-03T03:00:00.000000",18.4608879089355
NA,"2026-10-03T04:00:00.000000",18.4088897705078
NA,"2026-10-03T05:00:00.000000",18.3266143798828
NA,"2026-10-03T06:00:00.000000",18.3212757110596
NA,"2026-10-03T07:00:00.000000",18.3271198272705
NA,"2026-10-03T08:00:00.000000",18.3283004760742
NA,"2026-10-03T09:00:00.000000",18.3228855133057
NA,"2026-10-03T10:00:00.000000",18.3193588256836
NA,"2026-10-03T11:00:00.000000",18.318567276001
NA,"2026-10-03T12:00:00.000000",18.3185634613037
NA,"2026-10-03T13:00:00.000000",18.319751739502
NA,"2026-10-03T14:00:00.000000",18.3230628967285
NA,"2026-10-03T15:00:00.000000",18.3289699554443
NA,"2026-10-03T16:00:00.000000",18.3445529937744
NA,"2026-10-03T17:00:00.000000",18.3540325164795
NA,"2026-10-03T18:00:00.000000",18.3566913604736
NA,"2026-10-03T19:00:00.000000",18.3704071044922
NA,"2026-10-03T20:00:00.000000",18.3869342803955
NA,"2026-10-03T21:00:00.000000",18.4001731872559
NA,"2026-10-03T22:00:00.000000",18.4055519104004
NA,"2026-10-03T23:00:00.000000",18.402795791626
NA,"2026-10-04T00:00:00.000000",18.3945140838623
NA,"2026-10-04T01:00:00.000000",18.3855533599854
NA,"2026-10-04T02:00:00.000000",18.3812294006348
NA,"2026-10-04T03:00:00.000000",18.3796081542969
NA,"2026-10-04T04:00:00.000000",18.3804950714111
NA,"2026-10-04T05:00:00.000000",18.3906421661377
NA,"2026-10-04T06:00:00.000000",18.4110584259033
NA,"2026-10-04T07:00:00.000000",18.4195499420166
NA,"2026-10-04T08:00:00.000000",18.4395008087158
NA,"2026-10-04T09:00:00.000000",18.4610462188721
NA,"2026-10-04T10:00:00.000000",18.4678897857666
NA,"2026-10-04T11:00:00.000000",18.4607543945312
NA,"2026-10-04T12:00:00.000000",18.4488563537598
NA,"2026-10-04T13:00:00.000000",18.4341259002686
NA,"2026-10-04T14:00:00.000000",18.421703338623
NA,"2026-10-04T15:00:00.000000",18.4209270477295
NA,"2026-10-04T16:00:00.000000",18.4512767791748
NA,"2026-10-04T17:00:00.000000",18.5202293395996
NA,"2026-10-04T18:00:00.000000",18.5276660919189
NA,"2026-10-04T19:00:00.000000",18.594669342041
NA,"2026-10-04T20:00:00.000000",18.6454334259033
NA,"2026-10-04T21:00:00.000000",18.6667079925537
NA,"2026-10-04T22:00:00.000000",18.6769523620605
NA,"2026-10-04T23:00:00.000000",18.6801300048828
NA,"2026-10-05T00:00:00.000000",18.6792888641357
"NK","2026-09-27T00:00:00.000000",19.197774887085
"NK","2026-09-27T01:00:00.000000",19.267147064209
"NK","2026-09-27T02:00:00.000000",19.2586975097656
"NK","2026-09-27T03:00:00.000000",19.2199840545654
"NK","2026-09-27T04:00:00.000000",19.1845283508301
"NK","2026-09-27T05:00:00.000000",19.1323184967041
"NK","2026-09-27T06:00:00.000000",19.0744819641113
"NK","2026-09-27T07:00:00.000000",18.9968910217285
"NK","2026-09-27T08:00:00.000000",18.918493270874
"NK","2026-09-27T09:00:00.000000",18.8836326599121
"NK","2026-09-27T10:00:00.000000",18.8640804290771
"NK","2026-09-27T11:00:00.000000",18.8444156646729
"NK","2026-09-27T12:00:00.000000",18.8273849487305
"NK","2026-09-27T13:00:00.000000",18.8506259918213
"NK","2026-09-27T14:00:00.000000",18.8951683044434
"NK","2026-09-27T15:00:00.000000",18.8829650878906
"NK","2026-09-27T16:00:00.000000",18.8157234191895
"NK","2026-09-27T17:00:00.000000",18.75563621521
"NK","2026-09-27T18:00:00.000000",18.7276268005371
"NK","2026-09-27T19:00:00.000000",18.7184753417969
"NK","2026-09-27T20:00:00.000000",18.7123699188232
"NK","2026-09-27T21:00:00.000000",18.7078704833984
"NK","2026-09-27T22:00:00.000000",18.7048301696777
"NK","2026-09-27T23:00:00.000000",18.7003707885742
"NK","2026-09-28T00:00:00.000000",18.6925678253174
"NK","2026-09-28T01:00:00.000000",18.681697845459
"NK","2026-09-28T02:00:00.000000",18.6985683441162
"NK","2026-09-28T03:00:00.000000",18.7105484008789
"NK","2026-09-28T04:00:00.000000",18.6495933532715
"NK","2026-09-28T05:00:00.000000",18.5769634246826
"NK","2026-09-28T06:00:00.000000",18.5526027679443
"NK","2026-09-28T07:00:00.000000",18.5397644042969
"NK","2026-09-28T08:00:00.000000",18.5319328308105
"NK","2026-09-28T09:00:00.000000",18.521240234375
"NK","2026-09-28T10:00:00.000000",18.5141754150391
"NK","2026-09-28T11:00:00.000000",18.5028629302979
"NK","2026-09-28T12:00:00.000000",18.5006561279297
"NK","2026-09-28T13:00:00.000000",18.5660953521729
"NK","2026-09-28T14:00:00.000000",18.6911945343018
"NK","2026-09-28T15:00:00.000000",18.7088680267334
"NK","2026-09-28T16:00:00.000000",18.7187442779541
"NK","2026-09-28T17:00:00.000000",18.7110595703125
"NK","2026-09-28T18:00:00.000000",18.6930351257324
"NK","2026-09-28T19:00:00.000000",18.6528282165527
"NK","2026-09-28T20:00:00.000000",18.5979824066162
"NK","2026-09-28T21:00:00.000000",18.5464191436768
"NK","2026-09-28T22:00:00.000000",18.5002899169922
"NK","2026-09-28T23:00:00.000000",18.4780540466309
"NK","2026-09-29T00:00:00.000000",18.4589328765869
"NK","2026-09-29T01:00:00.000000",18.4473991394043
"NK","2026-09-29T02:00:00.000000",18.4777927398682
"NK","2026-09-29T03:00:00.000000",18.5642204284668
"NK","2026-09-29T04:00:00.000000",18.5849151611328
"NK","2026-09-29T05:00:00.000000",18.5346336364746
"NK","2026-09-29T06:00:00.000000",18.4642372131348
"NK","2026-09-29T07:00:00.000000",18.3953838348389
"NK","2026-09-29T08:00:00.000000",18.3514232635498
"NK","2026-09-29T09:00:00.000000",18.3286457061768
"NK","2026-09-29T10:00:00.000000",18.3127346038818
"NK","2026-09-29T11:00:00.000000",18.2990570068359
"NK","2026-09-29T12:00:00.000000",18.2860813140869
"NK","2026-09-29T13:00:00.000000",18.2780628204346
"NK","2026-09-29T14:00:00.000000",18.3441104888916
"NK","2026-09-29T15:00:00.000000",18.5009365081787
"NK","2026-09-29T16:00:00.000000",18.5436534881592
"NK","2026-09-29T17:00:00.000000",18.538215637207
"NK","2026-09-29T18:00:00.000000",18.5132331848145
"NK","2026-09-29T19:00:00.000000",18.4686107635498
"NK","2026-09-29T20:00:00.000000",18.3928890228271
"NK","2026-09-29T21:00:00.000000",18.3108520507812
"NK","2026-09-29T22:00:00.000000",18.2486343383789
"NK","2026-09-29T23:00:00.000000",18.2073516845703
"NK","2026-09-30T00:00:00.000000",18.1874313354492
"NK","2026-09-30T01:00:00.000000",18.1903953552246
"NK","2026-09-30T02:00:00.000000",18.2078590393066
"NK","2026-09-30T03:00:00.000000",18.2751941680908
"NK","2026-09-30T04:00:00.000000",18.3895988464355
"NK","2026-09-30T05:00:00.000000",18.3958892822266
"NK","2026-09-30T06:00:00.000000",18.3336791992188
"NK","2026-09-30T07:00:00.000000",18.2616691589355
"NK","2026-09-30T08:00:00.000000",18.2147026062012
"NK","2026-09-30T09:00:00.000000",18.1925277709961
"NK","2026-09-30T10:00:00.000000",18.1828994750977
"NK","2026-09-30T11:00:00.000000",18.1783390045166
"NK","2026-09-30T12:00:00.000000",18.1769409179688
"NK","2026-09-30T13:00:00.000000",18.1781597137451
"NK","2026-09-30T14:00:00.000000",18.1972618103027
"NK","2026-09-30T15:00:00.000000",18.369514465332
"NK","2026-09-30T16:00:00.000000",18.5017604827881
"NK","2026-09-30T17:00:00.000000",18.5339756011963
"NK","2026-09-30T18:00:00.000000",18.5423164367676
"NK","2026-09-30T19:00:00.000000",18.5306549072266
"NK","2026-09-30T20:00:00.000000",18.5045604705811
"NK","2026-09-30T21:00:00.000000",18.4570274353027
"NK","2026-09-30T22:00:00.000000",18.3910961151123
"NK","2026-09-30T23:00:00.000000",18.3213367462158
"NK","2026-10-01T00:00:00.000000",18.2720127105713
"NK","2026-10-01T01:00:00.000000",18.2539176940918
"NK","2026-10-01T02:00:00.000000",18.2708129882812
"NK","2026-10-01T03:00:00.000000",18.3398704528809
"NK","2026-10-01T04:00:00.000000",18.4209957122803
"NK","2026-10-01T05:00:00.000000",18.4899635314941
"NK","2026-10-01T06:00:00.000000",18.4812259674072
"NK","2026-10-01T07:00:00.000000",18.4309501647949
"NK","2026-10-01T08:00:00.000000",18.3669052124023
"NK","2026-10-01T09:00:00.000000",18.3088932037354
"NK","2026-10-01T10:00:00.000000",18.2637004852295
"NK","2026-10-01T11:00:00.000000",18.2338371276855
"NK","2026-10-01T12:00:00.000000",18.2174758911133
"NK","2026-10-01T13:00:00.000000",18.2148056030273
"NK","2026-10-01T14:00:00.000000",18.2324848175049
"NK","2026-10-01T15:00:00.000000",18.336742401123
"NK","2026-10-01T16:00:00.000000",18.4710655212402
"NK","2026-10-01T17:00:00.000000",18.5031929016113
"NK","2026-10-01T18:00:00.000000",18.5124378204346
"NK","2026-10-01T19:00:00.000000",18.5173206329346
"NK","2026-10-01T20:00:00.000000",18.5158557891846
"NK","2026-10-01T21:00:00.000000",18.5109367370605
"NK","2026-10-01T22:00:00.000000",18.4943599700928
"NK","2026-10-01T23:00:00.000000",18.4634666442871
"NK","2026-10-02T00:00:00.000000",18.4164772033691
"NK","2026-10-02T01:00:00.000000",18.3693389892578
"NK","2026-10-02T02:00:00.000000",18.3480491638184
"NK","2026-10-02T03:00:00.000000",18.3707256317139
"NK","2026-10-02T04:00:00.000000",18.41819190979
"NK","2026-10-02T05:00:00.000000",18.4576606750488
"NK","2026-10-02T06:00:00.000000",18.490514755249
"NK","2026-10-02T07:00:00.000000",18.4824867248535
"NK","2026-10-02T08:00:00.000000",18.4534149169922
"NK","2026-10-02T09:00:00.000000",18.4110698699951
"NK","2026-10-02T10:00:00.000000",18.3670692443848
"NK","2026-10-02T11:00:00.000000",18.3262786865234
"NK","2026-10-02T12:00:00.000000",18.2916965484619
"NK","2026-10-02T13:00:00.000000",18.2686805725098
"NK","2026-10-02T14:00:00.000000",18.2650871276855
"NK","2026-10-02T15:00:00.000000",18.289587020874
"NK","2026-10-02T16:00:00.000000",18.3826484680176
"NK","2026-10-02T17:00:00.000000",18.44482421875
"NK","2026-10-02T18:00:00.000000",18.4445705413818
"NK","2026-10-02T19:00:00.000000",18.4441432952881
"NK","2026-10-02T20:00:00.000000",18.4454708099365
"NK","2026-10-02T21:00:00.000000",18.4437122344971
"NK","2026-10-02T22:00:00.000000",18.441442489624
"NK","2026-10-02T23:00:00.000000",18.4390811920166
"NK","2026-10-03T00:00:00.000000",18.4324245452881
"NK","2026-10-03T01:00:00.000000",18.4171905517578
"NK","2026-10-03T02:00:00.000000",18.3900833129883
"NK","2026-10-03T03:00:00.000000",18.3527698516846
"NK","2026-10-03T04:00:00.000000",18.3196926116943
"NK","2026-10-03T05:00:00.000000",18.3064460754395
"NK","2026-10-03T06:00:00.000000",18.3163414001465
"NK","2026-10-03T07:00:00.000000",18.3280487060547
"NK","2026-10-03T08:00:00.000000",18.312292098999
"NK","2026-10-03T09:00:00.000000",18.2924957275391
"NK","2026-10-03T10:00:00.000000",18.2719955444336
"NK","2026-10-03T11:00:00.000000",18.2547779083252
"NK","2026-10-03T12:00:00.000000",18.2408580780029
"NK","2026-10-03T13:00:00.000000",18.2326526641846
"NK","2026-10-03T14:00:00.000000",18.2293071746826
"NK","2026-10-03T15:00:00.000000",18.230260848999
"NK","2026-10-03T16:00:00.000000",18.2355346679688
"NK","2026-10-03T17:00:00.000000",18.2668056488037
"NK","2026-10-03T18:00:00.000000",18.3254261016846
"NK","2026-10-03T19:00:00.000000",18.3694381713867
"NK","2026-10-03T20:00:00.000000",18.3931903839111
"NK","2026-10-03T21:00:00.000000",18.4059410095215
"NK","2026-10-03T22:00:00.000000",18.3983898162842
"NK","2026-10-03T23:00:00.000000",18.3879566192627
"NK","2026-10-04T00:00:00.000000",18.3721466064453
"NK","2026-10-04T01:00:00.000000",18.3529834747314
"NK","2026-10-04T02:00:00.000000",18.3362903594971
"NK","2026-10-04T03:00:00.000000",18.3205986022949
"NK","2026-10-04T04:00:00.000000",18.3065242767334
"NK","2026-10-04T05:00:00.000000",18.2975273132324
"NK","2026-10-04T06:00:00.000000",18.3111629486084
"NK","2026-10-04T07:00:00.000000",18.328161239624
"NK","2026-10-04T08:00:00.000000",18.3703918457031
"NK","2026-10-04T09:00:00.000000",18.3790683746338
"NK","2026-10-04T10:00:00.000000",18.3435020446777
"NK","2026-10-04T11:00:00.000000",18.3182907104492
"NK","2026-10-04T12:00:00.000000",18.2981586456299
"NK","2026-10-04T13:00:00.000000",18.2826595306396
"NK","2026-10-04T14:00:00.000000",18.2695217132568
"NK","2026-10-04T15:00:00.000000",18.2612991333008
"NK","2026-10-04T16:00:00.000000",18.2643756866455
"NK","2026-10-04T17:00:00.000000",18.2815685272217
"NK","2026-10-04T18:00:00.000000",18.3607025146484
"NK","2026-10-04T19:00:00.000000",18.5786838531494
"NK","2026-10-04T20:00:00.000000",18.6740074157715
"NK","2026-10-04T21:00:00.000000",18.7011337280273
"NK","2026-10-04T22:00:00.000000",18.7116203308105
"NK","2026-10-04T23:00:00.000000",18.7116432189941
"NK","2026-10-05T00:00:00.000000",18.7052707672119
"PI","2026-09-27T00:00:00.000000",19.7405185699463
"PI","2026-09-27T01:00:00.000000",19.6640071868896
"PI","2026-09-27T02:00:00.000000",19.6705627441406
"PI","2026-09-27T03:00:00.000000",19.6519966125488
"PI","2026-09-27T04:00:00.000000",19.5774116516113
"PI","2026-09-27T05:00:00.000000",19.4792308807373
"PI","2026-09-27T06:00:00.000000",19.4555130004883
"PI","2026-09-27T07:00:00.000000",19.5239295959473
"PI","2026-09-27T08:00:00.000000",19.5878219604492
"PI","2026-09-27T09:00:00.000000",19.6581535339355
"PI","2026-09-27T10:00:00.000000",19.6469058990479
"PI","2026-09-27T11:00:00.000000",19.6432437896729
"PI","2026-09-27T12:00:00.000000",19.6346321105957
"PI","2026-09-27T13:00:00.000000",19.6112632751465
"PI","2026-09-27T14:00:00.000000",19.5841197967529
"PI","2026-09-27T15:00:00.000000",19.5680484771729
"PI","2026-09-27T16:00:00.000000",19.4703044891357
"PI","2026-09-27T17:00:00.000000",19.4237613677979
"PI","2026-09-27T18:00:00.000000",19.3473110198975
"PI","2026-09-27T19:00:00.000000",19.4386234283447
"PI","2026-09-27T20:00:00.000000",19.4023571014404
"PI","2026-09-27T21:00:00.000000",19.4932346343994
"PI","2026-09-27T22:00:00.000000",19.5312328338623
"PI","2026-09-27T23:00:00.000000",19.5348224639893
"PI","2026-09-28T00:00:00.000000",19.5549697875977
"PI","2026-09-28T01:00:00.000000",19.5380115509033
"PI","2026-09-28T02:00:00.000000",19.5342426300049
"PI","2026-09-28T03:00:00.000000",19.4890766143799
"PI","2026-09-28T04:00:00.000000",19.4828968048096
"PI","2026-09-28T05:00:00.000000",19.3688201904297
"PI","2026-09-28T06:00:00.000000",19.2322597503662
"PI","2026-09-28T07:00:00.000000",19.3049697875977
"PI","2026-09-28T08:00:00.000000",19.4408340454102
"PI","2026-09-28T09:00:00.000000",19.4630947113037
"PI","2026-09-28T10:00:00.000000",19.4321479797363
"PI","2026-09-28T11:00:00.000000",19.4228248596191
"PI","2026-09-28T12:00:00.000000",19.4647235870361
"PI","2026-09-28T13:00:00.000000",19.4674110412598
"PI","2026-09-28T14:00:00.000000",19.4550457000732
"PI","2026-09-28T15:00:00.000000",19.4315509796143
"PI","2026-09-28T16:00:00.000000",19.402437210083
"PI","2026-09-28T17:00:00.000000",19.4139347076416
"PI","2026-09-28T18:00:00.000000",19.2512664794922
"PI","2026-09-28T19:00:00.000000",19.147855758667
"PI","2026-09-28T20:00:00.000000",19.2899513244629
"PI","2026-09-28T21:00:00.000000",19.1627559661865
"PI","2026-09-28T22:00:00.000000",19.3037700653076
"PI","2026-09-28T23:00:00.000000",19.3650856018066
"PI","2026-09-29T00:00:00.000000",19.373119354248
"PI","2026-09-29T01:00:00.000000",19.3711967468262
"PI","2026-09-29T02:00:00.000000",19.3252010345459
"PI","2026-09-29T03:00:00.000000",19.3242931365967
"PI","2026-09-29T04:00:00.000000",19.2252998352051
"PI","2026-09-29T05:00:00.000000",19.068115234375
"PI","2026-09-29T06:00:00.000000",19.0002365112305
"PI","2026-09-29T07:00:00.000000",18.9099159240723
"PI","2026-09-29T08:00:00.000000",19.2180080413818
"PI","2026-09-29T09:00:00.000000",19.1623516082764
"PI","2026-09-29T10:00:00.000000",19.2118968963623
"PI","2026-09-29T11:00:00.000000",19.1326274871826
"PI","2026-09-29T12:00:00.000000",19.1592330932617
"PI","2026-09-29T13:00:00.000000",19.179817199707
"PI","2026-09-29T14:00:00.000000",19.1797256469727
"PI","2026-09-29T15:00:00.000000",19.2172527313232
"PI","2026-09-29T16:00:00.000000",19.1951789855957
"PI","2026-09-29T17:00:00.000000",19.1334285736084
"PI","2026-09-29T18:00:00.000000",19.0133781433105
"PI","2026-09-29T19:00:00.000000",18.9200077056885
"PI","2026-09-29T20:00:00.000000",18.9159374237061
"PI","2026-09-29T21:00:00.000000",18.915943145752
"PI","2026-09-29T22:00:00.000000",18.9306755065918
"PI","2026-09-29T23:00:00.000000",19.0375919342041
"PI","2026-09-30T00:00:00.000000",19.0844459533691
"PI","2026-09-30T01:00:00.000000",19.0982799530029
"PI","2026-09-30T02:00:00.000000",19.0966053009033
"PI","2026-09-30T03:00:00.000000",19.0876140594482
"PI","2026-09-30T04:00:00.000000",19.0579261779785
"PI","2026-09-30T05:00:00.000000",19.021390914917
"PI","2026-09-30T06:00:00.000000",18.9478416442871
"PI","2026-09-30T07:00:00.000000",18.8993911743164
"PI","2026-09-30T08:00:00.000000",18.9315090179443
"PI","2026-09-30T09:00:00.000000",19.0867691040039
"PI","2026-09-30T10:00:00.000000",19.0669422149658
"PI","2026-09-30T11:00:00.000000",19.027437210083
"PI","2026-09-30T12:00:00.000000",19.0006275177002
"PI","2026-09-30T13:00:00.000000",19.0482540130615
"PI","2026-09-30T14:00:00.000000",19.0765113830566
"PI","2026-09-30T15:00:00.000000",19.0767555236816
"PI","2026-09-30T16:00:00.000000",19.0718669891357
"PI","2026-09-30T17:00:00.000000",19.0506916046143
"PI","2026-09-30T18:00:00.000000",19.0356273651123
"PI","2026-09-30T19:00:00.000000",19.0290412902832
"PI","2026-09-30T20:00:00.000000",19.0545635223389
"PI","2026-09-30T21:00:00.000000",19.0591373443604
"PI","2026-09-30T22:00:00.000000",19.0710144042969
"PI","2026-09-30T23:00:00.000000",19.0502319335938
"PI","2026-10-01T00:00:00.000000",19.0329189300537
"PI","2026-10-01T01:00:00.000000",19.1039524078369
"PI","2026-10-01T02:00:00.000000",19.129810333252
"PI","2026-10-01T03:00:00.000000",19.1253986358643
"PI","2026-10-01T04:00:00.000000",19.0825843811035
"PI","2026-10-01T05:00:00.000000",19.088680267334
"PI","2026-10-01T06:00:00.000000",19.0621280670166
"PI","2026-10-01T07:00:00.000000",19.0443859100342
"PI","2026-10-01T08:00:00.000000",19.0474071502686
"PI","2026-10-01T09:00:00.000000",19.0681648254395
"PI","2026-10-01T10:00:00.000000",19.1139240264893
"PI","2026-10-01T11:00:00.000000",19.0622100830078
"PI","2026-10-01T12:00:00.000000",19.0561580657959
"PI","2026-10-01T13:00:00.000000",19.1087837219238
"PI","2026-10-01T14:00:00.000000",19.1565246582031
"PI","2026-10-01T15:00:00.000000",19.1760864257812
"PI","2026-10-01T16:00:00.000000",19.1482563018799
"PI","2026-10-01T17:00:00.000000",19.1317043304443
"PI","2026-10-01T18:00:00.000000",19.1458034515381
"PI","2026-10-01T19:00:00.000000",19.128381729126
"PI","2026-10-01T20:00:00.000000",19.1460914611816
"PI","2026-10-01T21:00:00.000000",19.1780109405518
"PI","2026-10-01T22:00:00.000000",19.1572132110596
"PI","2026-10-01T23:00:00.000000",19.1805629730225
"PI","2026-10-02T00:00:00.000000",19.1829624176025
"PI","2026-10-02T01:00:00.000000",19.163948059082
"PI","2026-10-02T02:00:00.000000",19.2136325836182
"PI","2026-10-02T03:00:00.000000",19.2412128448486
"PI","2026-10-02T04:00:00.000000",19.1969718933105
"PI","2026-10-02T05:00:00.000000",19.1844463348389
"PI","2026-10-02T06:00:00.000000",19.1949787139893
"PI","2026-10-02T07:00:00.000000",19.1773147583008
"PI","2026-10-02T08:00:00.000000",19.1977825164795
"PI","2026-10-02T09:00:00.000000",19.2137813568115
"PI","2026-10-02T10:00:00.000000",19.1929264068604
"PI","2026-10-02T11:00:00.000000",19.2132129669189
"PI","2026-10-02T12:00:00.000000",19.1793594360352
"PI","2026-10-02T13:00:00.000000",19.169979095459
"PI","2026-10-02T14:00:00.000000",19.2207012176514
"PI","2026-10-02T15:00:00.000000",19.2614631652832
"PI","2026-10-02T16:00:00.000000",19.3258323669434
"PI","2026-10-02T17:00:00.000000",19.2872734069824
"PI","2026-10-02T18:00:00.000000",19.2346591949463
"PI","2026-10-02T19:00:00.000000",19.2634620666504
"PI","2026-10-02T20:00:00.000000",19.2295246124268
"PI","2026-10-02T21:00:00.000000",19.2374534606934
"PI","2026-10-02T22:00:00.000000",19.2590999603271
"PI","2026-10-02T23:00:00.000000",19.2809772491455
"PI","2026-10-03T00:00:00.000000",19.2901592254639
"PI","2026-10-03T01:00:00.000000",19.2958507537842
"PI","2026-10-03T02:00:00.000000",19.2946186065674
"PI","2026-10-03T03:00:00.000000",19.3138732910156
"PI","2026-10-03T04:00:00.000000",19.3193092346191
"PI","2026-10-03T05:00:00.000000",19.2760162353516
"PI","2026-10-03T06:00:00.000000",19.2676277160645
"PI","2026-10-03T07:00:00.000000",19.2651424407959
"PI","2026-10-03T08:00:00.000000",19.281322479248
"PI","2026-10-03T09:00:00.000000",19.3095607757568
"PI","2026-10-03T10:00:00.000000",19.3192806243896
"PI","2026-10-03T11:00:00.000000",19.3319759368896
"PI","2026-10-03T12:00:00.000000",19.3317050933838
"PI","2026-10-03T13:00:00.000000",19.2820892333984
"PI","2026-10-03T14:00:00.000000",19.2696800231934
"PI","2026-10-03T15:00:00.000000",19.3182983398438
"PI","2026-10-03T16:00:00.000000",19.348237991333
"PI","2026-10-03T17:00:00.000000",19.3557300567627
"PI","2026-10-03T18:00:00.000000",19.2955074310303
"PI","2026-10-03T19:00:00.000000",19.28000831604
"PI","2026-10-03T20:00:00.000000",19.3360919952393
"PI","2026-10-03T21:00:00.000000",19.4136657714844
"PI","2026-10-03T22:00:00.000000",19.4153099060059
"PI","2026-10-03T23:00:00.000000",19.4170989990234
"PI","2026-10-04T00:00:00.000000",19.3951740264893
"PI","2026-10-04T01:00:00.000000",19.4322452545166
"PI","2026-10-04T02:00:00.000000",19.4044761657715
"PI","2026-10-04T03:00:00.000000",19.3703346252441
"PI","2026-10-04T04:00:00.000000",19.3820056915283
"PI","2026-10-04T05:00:00.000000",19.3832588195801
"PI","2026-10-04T06:00:00.000000",19.3168087005615
"PI","2026-10-04T07:00:00.000000",19.2911472320557
"PI","2026-10-04T08:00:00.000000",19.3076858520508
"PI","2026-10-04T09:00:00.000000",19.3073387145996
"PI","2026-10-04T10:00:00.000000",19.3077144622803
"PI","2026-10-04T11:00:00.000000",19.3101348876953
"PI","2026-10-04T12:00:00.000000",19.3275928497314
"PI","2026-10-04T13:00:00.000000",19.3255786895752
"PI","2026-10-04T14:00:00.000000",19.2790508270264
"PI","2026-10-04T15:00:00.000000",19.2770290374756
"PI","2026-10-04T16:00:00.000000",19.3376159667969
"PI","2026-10-04T17:00:00.000000",19.3671722412109
"PI","2026-10-04T18:00:00.000000",19.3647480010986
"PI","2026-10-04T19:00:00.000000",19.313850402832
"PI","2026-10-04T20:00:00.000000",19.2690525054932
"PI","2026-10-04T21:00:00.000000",19.3067665100098
"PI","2026-10-04T22:00:00.000000",19.3597240447998
"PI","2026-10-04T23:00:00.000000",19.3764038085938
"PI","2026-10-05T00:00:00.000000",19.3773403167725
"QU","2026-09-27T00:00:00.000000",19.3807830810547
"QU","2026-09-27T01:00:00.000000",19.3836936950684
"QU","2026-09-27T02:00:00.000000",19.3889713287354
"QU","2026-09-27T03:00:00.000000",19.3900699615479
"QU","2026-09-27T04:00:00.000000",19.3866481781006
"QU","2026-09-27T05:00:00.000000",19.3514289855957
"QU","2026-09-27T06:00:00.000000",19.2733039855957
"QU","2026-09-27T07:00:00.000000",19.1749248504639
"QU","2026-09-27T08:00:00.000000",19.1360111236572
"QU","2026-09-27T09:00:00.000000",19.1263446807861
"QU","2026-09-27T10:00:00.000000",19.1443328857422
"QU","2026-09-27T11:00:00.000000",19.1491756439209
"QU","2026-09-27T12:00:00.000000",19.1342487335205
"QU","2026-09-27T13:00:00.000000",19.1213798522949
"QU","2026-09-27T14:00:00.000000",19.1114292144775
"QU","2026-09-27T15:00:00.000000",19.0885429382324
"QU","2026-09-27T16:00:00.000000",19.0557460784912
"QU","2026-09-27T17:00:00.000000",19.0381984710693
"QU","2026-09-27T18:00:00.000000",19.0236911773682
"QU","2026-09-27T19:00:00.000000",19.0181274414062
"QU","2026-09-27T20:00:00.000000",19.0150032043457
"QU","2026-09-27T21:00:00.000000",19.0127582550049
"QU","2026-09-27T22:00:00.000000",19.0182819366455
"QU","2026-09-27T23:00:00.000000",19.0350570678711
"QU","2026-09-28T00:00:00.000000",19.0529899597168
"QU","2026-09-28T01:00:00.000000",19.0740013122559
"QU","2026-09-28T02:00:00.000000",19.0881233215332
"QU","2026-09-28T03:00:00.000000",19.0898666381836
"QU","2026-09-28T04:00:00.000000",19.0785026550293
"QU","2026-09-28T05:00:00.000000",18.9705352783203
"QU","2026-09-28T06:00:00.000000",18.8930549621582
"QU","2026-09-28T07:00:00.000000",18.8729724884033
"QU","2026-09-28T08:00:00.000000",18.8594913482666
"QU","2026-09-28T09:00:00.000000",18.8484191894531
"QU","2026-09-28T10:00:00.000000",18.8574810028076
"QU","2026-09-28T11:00:00.000000",18.8797874450684
"QU","2026-09-28T12:00:00.000000",18.9015369415283
"QU","2026-09-28T13:00:00.000000",18.9362106323242
"QU","2026-09-28T14:00:00.000000",18.9676284790039
"QU","2026-09-28T15:00:00.000000",18.97243309021
"QU","2026-09-28T16:00:00.000000",18.9311771392822
"QU","2026-09-28T17:00:00.000000",18.8961906433105
"QU","2026-09-28T18:00:00.000000",18.8703918457031
"QU","2026-09-28T19:00:00.000000",18.8528175354004
"QU","2026-09-28T20:00:00.000000",18.8407745361328
"QU","2026-09-28T21:00:00.000000",18.8351917266846
"QU","2026-09-28T22:00:00.000000",18.8354835510254
"QU","2026-09-28T23:00:00.000000",18.8501281738281
"QU","2026-09-29T00:00:00.000000",18.8800735473633
"QU","2026-09-29T01:00:00.000000",18.8975105285645
"QU","2026-09-29T02:00:00.000000",18.9056911468506
"QU","2026-09-29T03:00:00.000000",18.9086799621582
"QU","2026-09-29T04:00:00.000000",18.9094696044922
"QU","2026-09-29T05:00:00.000000",18.9078140258789
"QU","2026-09-29T06:00:00.000000",18.900707244873
"QU","2026-09-29T07:00:00.000000",18.8833637237549
"QU","2026-09-29T08:00:00.000000",18.8663539886475
"QU","2026-09-29T09:00:00.000000",18.8549861907959
"QU","2026-09-29T10:00:00.000000",18.8513469696045
"QU","2026-09-29T11:00:00.000000",18.8570384979248
"QU","2026-09-29T12:00:00.000000",18.8379287719727
"QU","2026-09-29T13:00:00.000000",18.7838706970215
"QU","2026-09-29T14:00:00.000000",18.7421951293945
"QU","2026-09-29T15:00:00.000000",18.7354602813721
"QU","2026-09-29T16:00:00.000000",18.7391262054443
"QU","2026-09-29T17:00:00.000000",18.7422256469727
"QU","2026-09-29T18:00:00.000000",18.7445220947266
"QU","2026-09-29T19:00:00.000000",18.7459392547607
"QU","2026-09-29T20:00:00.000000",18.7467060089111
"QU","2026-09-29T21:00:00.000000",18.7465400695801
"QU","2026-09-29T22:00:00.000000",18.7452373504639
"QU","2026-09-29T23:00:00.000000",18.7417297363281
"QU","2026-09-30T00:00:00.000000",18.7342281341553
"QU","2026-09-30T01:00:00.000000",18.7336292266846
"QU","2026-09-30T02:00:00.000000",18.7301349639893
"QU","2026-09-30T03:00:00.000000",18.7212562561035
"QU","2026-09-30T04:00:00.000000",18.7185840606689
"QU","2026-09-30T05:00:00.000000",18.7178630828857
"QU","2026-09-30T06:00:00.000000",18.7161922454834
"QU","2026-09-30T07:00:00.000000",18.7130260467529
"QU","2026-09-30T08:00:00.000000",18.7084007263184
"QU","2026-09-30T09:00:00.000000",18.7040023803711
"QU","2026-09-30T10:00:00.000000",18.6989440917969
"QU","2026-09-30T11:00:00.000000",18.6917591094971
"QU","2026-09-30T12:00:00.000000",18.6872158050537
"QU","2026-09-30T13:00:00.000000",18.6840000152588
"QU","2026-09-30T14:00:00.000000",18.6795845031738
"QU","2026-09-30T15:00:00.000000",18.6827049255371
"QU","2026-09-30T16:00:00.000000",18.6898250579834
"QU","2026-09-30T17:00:00.000000",18.6937713623047
"QU","2026-09-30T18:00:00.000000",18.6975631713867
"QU","2026-09-30T19:00:00.000000",18.7015857696533
"QU","2026-09-30T20:00:00.000000",18.702449798584
"QU","2026-09-30T21:00:00.000000",18.6997661590576
"QU","2026-09-30T22:00:00.000000",18.6949234008789
"QU","2026-09-30T23:00:00.000000",18.6902942657471
"QU","2026-10-01T00:00:00.000000",18.6875419616699
"QU","2026-10-01T01:00:00.000000",18.6900653839111
"QU","2026-10-01T02:00:00.000000",18.6987152099609
"QU","2026-10-01T03:00:00.000000",18.7082958221436
"QU","2026-10-01T04:00:00.000000",18.71435546875
"QU","2026-10-01T05:00:00.000000",18.7146301269531
"QU","2026-10-01T06:00:00.000000",18.7082653045654
"QU","2026-10-01T07:00:00.000000",18.7004547119141
"QU","2026-10-01T08:00:00.000000",18.6916408538818
"QU","2026-10-01T09:00:00.000000",18.682056427002
"QU","2026-10-01T10:00:00.000000",18.6744709014893
"QU","2026-10-01T11:00:00.000000",18.6701259613037
"QU","2026-10-01T12:00:00.000000",18.6713638305664
"QU","2026-10-01T13:00:00.000000",18.6788749694824
"QU","2026-10-01T14:00:00.000000",18.6939315795898
"QU","2026-10-01T15:00:00.000000",18.7148036956787
"QU","2026-10-01T16:00:00.000000",18.7207183837891
"QU","2026-10-01T17:00:00.000000",18.7257595062256
"QU","2026-10-01T18:00:00.000000",18.7316837310791
"QU","2026-10-01T19:00:00.000000",18.7379264831543
"QU","2026-10-01T20:00:00.000000",18.7415447235107
"QU","2026-10-01T21:00:00.000000",18.7395877838135
"QU","2026-10-01T22:00:00.000000",18.7323780059814
"QU","2026-10-01T23:00:00.000000",18.7247276306152
"QU","2026-10-02T00:00:00.000000",18.7183303833008
"QU","2026-10-02T01:00:00.000000",18.7169246673584
"QU","2026-10-02T02:00:00.000000",18.7222537994385
"QU","2026-10-02T03:00:00.000000",18.7291278839111
"QU","2026-10-02T04:00:00.000000",18.7316627502441
"QU","2026-10-02T05:00:00.000000",18.7317142486572
"QU","2026-10-02T06:00:00.000000",18.7305164337158
"QU","2026-10-02T07:00:00.000000",18.727668762207
"QU","2026-10-02T08:00:00.000000",18.7219676971436
"QU","2026-10-02T09:00:00.000000",18.7157955169678
"QU","2026-10-02T10:00:00.000000",18.7097854614258
"QU","2026-10-02T11:00:00.000000",18.7049617767334
"QU","2026-10-02T12:00:00.000000",18.7028007507324
"QU","2026-10-02T13:00:00.000000",18.7053813934326
"QU","2026-10-02T14:00:00.000000",18.7152938842773
"QU","2026-10-02T15:00:00.000000",18.7271289825439
"QU","2026-10-02T16:00:00.000000",18.7319660186768
"QU","2026-10-02T17:00:00.000000",18.7270393371582
"QU","2026-10-02T18:00:00.000000",18.7193698883057
"QU","2026-10-02T19:00:00.000000",18.7301425933838
"QU","2026-10-02T20:00:00.000000",18.7421054840088
"QU","2026-10-02T21:00:00.000000",18.7477378845215
"QU","2026-10-02T22:00:00.000000",18.7491359710693
"QU","2026-10-02T23:00:00.000000",18.7489948272705
"QU","2026-10-03T00:00:00.000000",18.7480010986328
"QU","2026-10-03T01:00:00.000000",18.7470245361328
"QU","2026-10-03T02:00:00.000000",18.746898651123
"QU","2026-10-03T03:00:00.000000",18.7455978393555
"QU","2026-10-03T04:00:00.000000",18.7424449920654
"QU","2026-10-03T05:00:00.000000",18.740535736084
"QU","2026-10-03T06:00:00.000000",18.7390441894531
"QU","2026-10-03T07:00:00.000000",18.7375965118408
"QU","2026-10-03T08:00:00.000000",18.7358932495117
"QU","2026-10-03T09:00:00.000000",18.733772277832
"QU","2026-10-03T10:00:00.000000",18.7313251495361
"QU","2026-10-03T11:00:00.000000",18.7276782989502
"QU","2026-10-03T12:00:00.000000",18.7213134765625
"QU","2026-10-03T13:00:00.000000",18.7103023529053
"QU","2026-10-03T14:00:00.000000",18.696117401123
"QU","2026-10-03T15:00:00.000000",18.6855297088623
"QU","2026-10-03T16:00:00.000000",18.6834487915039
"QU","2026-10-03T17:00:00.000000",18.6781177520752
"QU","2026-10-03T18:00:00.000000",18.6414833068848
"QU","2026-10-03T19:00:00.000000",18.6087207794189
"QU","2026-10-03T20:00:00.000000",18.5998306274414
"QU","2026-10-03T21:00:00.000000",18.6003360748291
"QU","2026-10-03T22:00:00.000000",18.6163177490234
"QU","2026-10-03T23:00:00.000000",18.6292495727539
"QU","2026-10-04T00:00:00.000000",18.6261901855469
"QU","2026-10-04T01:00:00.000000",18.6157741546631
"QU","2026-10-04T02:00:00.000000",18.5998611450195
"QU","2026-10-04T03:00:00.000000",18.5788612365723
"QU","2026-10-04T04:00:00.000000",18.5648727416992
"QU","2026-10-04T05:00:00.000000",18.5647773742676
"QU","2026-10-04T06:00:00.000000",18.5709857940674
"QU","2026-10-04T07:00:00.000000",18.5802326202393
"QU","2026-10-04T08:00:00.000000",18.586727142334
"QU","2026-10-04T09:00:00.000000",18.5917720794678
"QU","2026-10-04T10:00:00.000000",18.5972576141357
"QU","2026-10-04T11:00:00.000000",18.6041870117188
"QU","2026-10-04T12:00:00.000000",18.6120204925537
"QU","2026-10-04T13:00:00.000000",18.6189575195312
"QU","2026-10-04T14:00:00.000000",18.6273593902588
"QU","2026-10-04T15:00:00.000000",18.6373386383057
"QU","2026-10-04T16:00:00.000000",18.645092010498
"QU","2026-10-04T17:00:00.000000",18.6500587463379
"QU","2026-10-04T18:00:00.000000",18.6552696228027
"QU","2026-10-04T19:00:00.000000",18.6667003631592
"QU","2026-10-04T20:00:00.000000",18.6734848022461
"QU","2026-10-04T21:00:00.000000",18.675106048584
"QU","2026-10-04T22:00:00.000000",18.673152923584
"QU","2026-10-04T23:00:00.000000",18.6703491210938
"QU","2026-10-05T00:00:00.000000",18.6667671203613
"CC","2026-09-27T00:00:00.000000",19.8197822570801
"CC","2026-09-27T01:00:00.000000",19.8106269836426
"CC","2026-09-27T02:00:00.000000",19.7987575531006
"CC","2026-09-27T03:00:00.000000",19.7821769714355
"CC","2026-09-27T04:00:00.000000",19.7689113616943
"CC","2026-09-27T05:00:00.000000",19.7542190551758
"CC","2026-09-27T06:00:00.000000",19.7420215606689
"CC","2026-09-27T07:00:00.000000",19.7289409637451
"CC","2026-09-27T08:00:00.000000",19.7194595336914
"CC","2026-09-27T09:00:00.000000",19.7077693939209
"CC","2026-09-27T10:00:00.000000",19.6952018737793
"CC","2026-09-27T11:00:00.000000",19.6863212585449
"CC","2026-09-27T12:00:00.000000",19.6752510070801
"CC","2026-09-27T13:00:00.000000",19.665979385376
"CC","2026-09-27T14:00:00.000000",19.6569709777832
"CC","2026-09-27T15:00:00.000000",19.6492671966553
"CC","2026-09-27T16:00:00.000000",19.645092010498
"CC","2026-09-27T17:00:00.000000",19.638256072998
"CC","2026-09-27T18:00:00.000000",19.6308116912842
"CC","2026-09-27T19:00:00.000000",19.620454788208
"CC","2026-09-27T20:00:00.000000",19.6085834503174
"CC","2026-09-27T21:00:00.000000",19.5950927734375
"CC","2026-09-27T22:00:00.000000",19.5841732025146
"CC","2026-09-27T23:00:00.000000",19.57204246521
"CC","2026-09-28T00:00:00.000000",19.5589637756348
"CC","2026-09-28T01:00:00.000000",19.5437431335449
"CC","2026-09-28T02:00:00.000000",19.5288925170898
"CC","2026-09-28T03:00:00.000000",19.5150585174561
"CC","2026-09-28T04:00:00.000000",19.5025672912598
"CC","2026-09-28T05:00:00.000000",19.4925231933594
"CC","2026-09-28T06:00:00.000000",19.4829006195068
"CC","2026-09-28T07:00:00.000000",19.4743423461914
"CC","2026-09-28T08:00:00.000000",19.4642105102539
"CC","2026-09-28T09:00:00.000000",19.4511184692383
"CC","2026-09-28T10:00:00.000000",19.4357452392578
"CC","2026-09-28T11:00:00.000000",19.4162120819092
"CC","2026-09-28T12:00:00.000000",19.3963871002197
"CC","2026-09-28T13:00:00.000000",19.3778018951416
"CC","2026-09-28T14:00:00.000000",19.3605899810791
"CC","2026-09-28T15:00:00.000000",19.3462448120117
"CC","2026-09-28T16:00:00.000000",19.339376449585
"CC","2026-09-28T17:00:00.000000",19.3385181427002
"CC","2026-09-28T18:00:00.000000",19.3373756408691
"CC","2026-09-28T19:00:00.000000",19.3338508605957
"CC","2026-09-28T20:00:00.000000",19.3292427062988
"CC","2026-09-28T21:00:00.000000",19.3233299255371
"CC","2026-09-28T22:00:00.000000",19.3084182739258
"CC","2026-09-28T23:00:00.000000",19.2839908599854
"CC","2026-09-29T00:00:00.000000",19.2542858123779
"CC","2026-09-29T01:00:00.000000",19.2263984680176
"CC","2026-09-29T02:00:00.000000",19.2036724090576
"CC","2026-09-29T03:00:00.000000",19.1868095397949
"CC","2026-09-29T04:00:00.000000",19.1775970458984
"CC","2026-09-29T05:00:00.000000",19.1709499359131
"CC","2026-09-29T06:00:00.000000",19.1643657684326
"CC","2026-09-29T07:00:00.000000",19.1554546356201
"CC","2026-09-29T08:00:00.000000",19.1460838317871
"CC","2026-09-29T09:00:00.000000",19.1371841430664
"CC","2026-09-29T10:00:00.000000",19.1266193389893
"CC","2026-09-29T11:00:00.000000",19.1129455566406
"CC","2026-09-29T12:00:00.000000",19.0971527099609
"CC","2026-09-29T13:00:00.000000",19.0833435058594
"CC","2026-09-29T14:00:00.000000",19.0723915100098
"CC","2026-09-29T15:00:00.000000",19.0656433105469
"CC","2026-09-29T16:00:00.000000",19.0622406005859
"CC","2026-09-29T17:00:00.000000",19.0587558746338
"CC","2026-09-29T18:00:00.000000",19.0550918579102
"CC","2026-09-29T19:00:00.000000",19.0502529144287
"CC","2026-09-29T20:00:00.000000",19.0433807373047
"CC","2026-09-29T21:00:00.000000",19.0357437133789
"CC","2026-09-29T22:00:00.000000",19.0263347625732
"CC","2026-09-29T23:00:00.000000",19.0140399932861
"CC","2026-09-30T00:00:00.000000",19.0004253387451
"CC","2026-09-30T01:00:00.000000",18.9902153015137
"CC","2026-09-30T02:00:00.000000",18.9839973449707
"CC","2026-09-30T03:00:00.000000",18.9808025360107
"CC","2026-09-30T04:00:00.000000",18.979320526123
"CC","2026-09-30T05:00:00.000000",18.977144241333
"CC","2026-09-30T06:00:00.000000",18.9746837615967
"CC","2026-09-30T07:00:00.000000",18.9716186523438
"CC","2026-09-30T08:00:00.000000",18.9689998626709
"CC","2026-09-30T09:00:00.000000",18.9669723510742
"CC","2026-09-30T10:00:00.000000",18.9652366638184
"CC","2026-09-30T11:00:00.000000",18.9617366790771
"CC","2026-09-30T12:00:00.000000",18.9556655883789
"CC","2026-09-30T13:00:00.000000",18.9502086639404
"CC","2026-09-30T14:00:00.000000",18.9456253051758
"CC","2026-09-30T15:00:00.000000",18.9437522888184
"CC","2026-09-30T16:00:00.000000",18.9433860778809
"CC","2026-09-30T17:00:00.000000",18.943265914917
"CC","2026-09-30T18:00:00.000000",18.9425354003906
"CC","2026-09-30T19:00:00.000000",18.9410724639893
"CC","2026-09-30T20:00:00.000000",18.9414577484131
"CC","2026-09-30T21:00:00.000000",18.9418067932129
"CC","2026-09-30T22:00:00.000000",18.9443264007568
"CC","2026-09-30T23:00:00.000000",18.9460678100586
"CC","2026-10-01T00:00:00.000000",18.9469509124756
"CC","2026-10-01T01:00:00.000000",18.9481754302979
"CC","2026-10-01T02:00:00.000000",18.9508686065674
"CC","2026-10-01T03:00:00.000000",18.9547691345215
"CC","2026-10-01T04:00:00.000000",18.958345413208
"CC","2026-10-01T05:00:00.000000",18.9613704681396
"CC","2026-10-01T06:00:00.000000",18.9639015197754
"CC","2026-10-01T07:00:00.000000",18.9651546478271
"CC","2026-10-01T08:00:00.000000",18.9653549194336
"CC","2026-10-01T09:00:00.000000",18.9647922515869
"CC","2026-10-01T10:00:00.000000",18.9638576507568
"CC","2026-10-01T11:00:00.000000",18.9628410339355
"CC","2026-10-01T12:00:00.000000",18.9614067077637
"CC","2026-10-01T13:00:00.000000",18.9590740203857
"CC","2026-10-01T14:00:00.000000",18.9577159881592
"CC","2026-10-01T15:00:00.000000",18.9581909179688
"CC","2026-10-01T16:00:00.000000",18.9598751068115
"CC","2026-10-01T17:00:00.000000",18.9619998931885
"CC","2026-10-01T18:00:00.000000",18.9643001556396
"CC","2026-10-01T19:00:00.000000",18.9659595489502
"CC","2026-10-01T20:00:00.000000",18.9676818847656
"CC","2026-10-01T21:00:00.000000",18.970588684082
"CC","2026-10-01T22:00:00.000000",18.9760761260986
"CC","2026-10-01T23:00:00.000000",18.9823455810547
"CC","2026-10-02T00:00:00.000000",18.9882297515869
"CC","2026-10-02T01:00:00.000000",18.9956226348877
"CC","2026-10-02T02:00:00.000000",19.0043106079102
"CC","2026-10-02T03:00:00.000000",19.0109233856201
"CC","2026-10-02T04:00:00.000000",19.017822265625
"CC","2026-10-02T05:00:00.000000",19.023416519165
"CC","2026-10-02T06:00:00.000000",19.0279731750488
"CC","2026-10-02T07:00:00.000000",19.0312976837158
"CC","2026-10-02T08:00:00.000000",19.033317565918
"CC","2026-10-02T09:00:00.000000",19.0345840454102
"CC","2026-10-02T10:00:00.000000",19.0353355407715
"CC","2026-10-02T11:00:00.000000",19.0362071990967
"CC","2026-10-02T12:00:00.000000",19.0369834899902
"CC","2026-10-02T13:00:00.000000",19.037769317627
"CC","2026-10-02T14:00:00.000000",19.0386276245117
"CC","2026-10-02T15:00:00.000000",19.0386161804199
"CC","2026-10-02T16:00:00.000000",19.0374488830566
"CC","2026-10-02T17:00:00.000000",19.0370960235596
"CC","2026-10-02T18:00:00.000000",19.0390243530273
"CC","2026-10-02T19:00:00.000000",19.0459804534912
"CC","2026-10-02T20:00:00.000000",19.0557308197021
"CC","2026-10-02T21:00:00.000000",19.0653972625732
"CC","2026-10-02T22:00:00.000000",19.0725364685059
"CC","2026-10-02T23:00:00.000000",19.0788669586182
"CC","2026-10-03T00:00:00.000000",19.0836601257324
"CC","2026-10-03T01:00:00.000000",19.087718963623
"CC","2026-10-03T02:00:00.000000",19.088939666748
"CC","2026-10-03T03:00:00.000000",19.089729309082
"CC","2026-10-03T04:00:00.000000",19.09010887146
"CC","2026-10-03T05:00:00.000000",19.0895900726318
"CC","2026-10-03T06:00:00.000000",19.0893459320068
"CC","2026-10-03T07:00:00.000000",19.0891227722168
"CC","2026-10-03T08:00:00.000000",19.0887031555176
"CC","2026-10-03T09:00:00.000000",19.0876922607422
"CC","2026-10-03T10:00:00.000000",19.0859069824219
"CC","2026-10-03T11:00:00.000000",19.0849628448486
"CC","2026-10-03T12:00:00.000000",19.0849208831787
"CC","2026-10-03T13:00:00.000000",19.0861282348633
"CC","2026-10-03T14:00:00.000000",19.0883255004883
"CC","2026-10-03T15:00:00.000000",19.0910110473633
"CC","2026-10-03T16:00:00.000000",19.0944328308105
"CC","2026-10-03T17:00:00.000000",19.0980415344238
"CC","2026-10-03T18:00:00.000000",19.1005001068115
"CC","2026-10-03T19:00:00.000000",19.1016578674316
"CC","2026-10-03T20:00:00.000000",19.1014537811279
"CC","2026-10-03T21:00:00.000000",19.1018218994141
"CC","2026-10-03T22:00:00.000000",19.1024131774902
"CC","2026-10-03T23:00:00.000000",19.1033992767334
"CC","2026-10-04T00:00:00.000000",19.1044101715088
"CC","2026-10-04T01:00:00.000000",19.1053886413574
"CC","2026-10-04T02:00:00.000000",19.1066436767578
"CC","2026-10-04T03:00:00.000000",19.1081352233887
"CC","2026-10-04T04:00:00.000000",19.1091175079346
"CC","2026-10-04T05:00:00.000000",19.1095657348633
"CC","2026-10-04T06:00:00.000000",19.1097583770752
"CC","2026-10-04T07:00:00.000000",19.1099319458008
"CC","2026-10-04T08:00:00.000000",19.1102600097656
"CC","2026-10-04T09:00:00.000000",19.1102924346924
"CC","2026-10-04T10:00:00.000000",19.1101379394531
"CC","2026-10-04T11:00:00.000000",19.1098442077637
"CC","2026-10-04T12:00:00.000000",19.1092376708984
"CC","2026-10-04T13:00:00.000000",19.1092338562012
"CC","2026-10-04T14:00:00.000000",19.1096229553223
"CC","2026-10-04T15:00:00.000000",19.1106624603271
"CC","2026-10-04T16:00:00.000000",19.1119861602783
"CC","2026-10-04T17:00:00.000000",19.1137428283691
"CC","2026-10-04T18:00:00.000000",19.1152000427246
"CC","2026-10-04T19:00:00.000000",19.1163749694824
"CC","2026-10-04T20:00:00.000000",19.117094039917
"CC","2026-10-04T21:00:00.000000",19.1174774169922
"CC","2026-10-04T22:00:00.000000",19.1188049316406
"CC","2026-10-04T23:00:00.000000",19.1204319000244
"CC","2026-10-05T00:00:00.000000",19.1217288970947
"DL","2026-09-27T00:00:00.000000",19.3950386047363
"DL","2026-09-27T01:00:00.000000",19.3976001739502
"DL","2026-09-27T02:00:00.000000",19.3810653686523
"DL","2026-09-27T03:00:00.000000",19.3595542907715
"DL","2026-09-27T04:00:00.000000",19.3272018432617
"DL","2026-09-27T05:00:00.000000",19.3081092834473
"DL","2026-09-27T06:00:00.000000",19.3013191223145
"DL","2026-09-27T07:00:00.000000",19.2898292541504
"DL","2026-09-27T08:00:00.000000",19.2940788269043
"DL","2026-09-27T09:00:00.000000",19.288703918457
"DL","2026-09-27T10:00:00.000000",19.2813606262207
"DL","2026-09-27T11:00:00.000000",19.271312713623
"DL","2026-09-27T12:00:00.000000",19.2616138458252
"DL","2026-09-27T13:00:00.000000",19.253101348877
"DL","2026-09-27T14:00:00.000000",19.2380466461182
"DL","2026-09-27T15:00:00.000000",19.2166023254395
"DL","2026-09-27T16:00:00.000000",19.153413772583
"DL","2026-09-27T17:00:00.000000",19.1521434783936
"DL","2026-09-27T18:00:00.000000",19.1451396942139
"DL","2026-09-27T19:00:00.000000",19.1086292266846
"DL","2026-09-27T20:00:00.000000",19.1538009643555
"DL","2026-09-27T21:00:00.000000",19.1189651489258
"DL","2026-09-27T22:00:00.000000",19.1023502349854
"DL","2026-09-27T23:00:00.000000",19.0899105072021
"DL","2026-09-28T00:00:00.000000",19.0837593078613
"DL","2026-09-28T01:00:00.000000",19.08274269104
"DL","2026-09-28T02:00:00.000000",19.0774250030518
"DL","2026-09-28T03:00:00.000000",19.0592937469482
"DL","2026-09-28T04:00:00.000000",18.9984092712402
"DL","2026-09-28T05:00:00.000000",18.9845867156982
"DL","2026-09-28T06:00:00.000000",19.0157108306885
"DL","2026-09-28T07:00:00.000000",18.9872303009033
"DL","2026-09-28T08:00:00.000000",19.0151195526123
"DL","2026-09-28T09:00:00.000000",18.9823398590088
"DL","2026-09-28T10:00:00.000000",18.9704856872559
"DL","2026-09-28T11:00:00.000000",18.9585914611816
"DL","2026-09-28T12:00:00.000000",18.9549083709717
"DL","2026-09-28T13:00:00.000000",18.9565200805664
"DL","2026-09-28T14:00:00.000000",18.9609031677246
"DL","2026-09-28T15:00:00.000000",18.9507293701172
"DL","2026-09-28T16:00:00.000000",18.9247550964355
"DL","2026-09-28T17:00:00.000000",18.9023036956787
"DL","2026-09-28T18:00:00.000000",18.931324005127
"DL","2026-09-28T19:00:00.000000",18.949535369873
"DL","2026-09-28T20:00:00.000000",18.9543075561523
"DL","2026-09-28T21:00:00.000000",18.9527931213379
"DL","2026-09-28T22:00:00.000000",18.9445133209229
"DL","2026-09-28T23:00:00.000000",18.9312286376953
"DL","2026-09-29T00:00:00.000000",18.9183864593506
"DL","2026-09-29T01:00:00.000000",18.9209136962891
"DL","2026-09-29T02:00:00.000000",18.8950176239014
"DL","2026-09-29T03:00:00.000000",18.9180164337158
"DL","2026-09-29T04:00:00.000000",18.7966537475586
"DL","2026-09-29T05:00:00.000000",18.8197078704834
"DL","2026-09-29T06:00:00.000000",18.8232860565186
"DL","2026-09-29T07:00:00.000000",18.8490905761719
"DL","2026-09-29T08:00:00.000000",18.8667831420898
"DL","2026-09-29T09:00:00.000000",18.8785858154297
"DL","2026-09-29T10:00:00.000000",18.910327911377
"DL","2026-09-29T11:00:00.000000",18.9113292694092
"DL","2026-09-29T12:00:00.000000",18.9033107757568
"DL","2026-09-29T13:00:00.000000",18.9049167633057
"DL","2026-09-29T14:00:00.000000",18.9038696289062
"DL","2026-09-29T15:00:00.000000",18.9025173187256
"DL","2026-09-29T16:00:00.000000",18.8005676269531
"DL","2026-09-29T17:00:00.000000",18.692310333252
"DL","2026-09-29T18:00:00.000000",18.7133598327637
"DL","2026-09-29T19:00:00.000000",18.7581157684326
"DL","2026-09-29T20:00:00.000000",18.7400932312012
"DL","2026-09-29T21:00:00.000000",18.7307033538818
"DL","2026-09-29T22:00:00.000000",18.8038425445557
"DL","2026-09-29T23:00:00.000000",18.8512077331543
"DL","2026-09-30T00:00:00.000000",18.842306137085
"DL","2026-09-30T01:00:00.000000",18.8460540771484
"DL","2026-09-30T02:00:00.000000",18.8441696166992
"DL","2026-09-30T03:00:00.000000",18.844539642334
"DL","2026-09-30T04:00:00.000000",18.8362789154053
"DL","2026-09-30T05:00:00.000000",18.7646331787109
"DL","2026-09-30T06:00:00.000000",18.788948059082
"DL","2026-09-30T07:00:00.000000",18.797758102417
"DL","2026-09-30T08:00:00.000000",18.7946968078613
"DL","2026-09-30T09:00:00.000000",18.8207817077637
"DL","2026-09-30T10:00:00.000000",18.8251686096191
"DL","2026-09-30T11:00:00.000000",18.8253555297852
"DL","2026-09-30T12:00:00.000000",18.8184299468994
"DL","2026-09-30T13:00:00.000000",18.8092269897461
"DL","2026-09-30T14:00:00.000000",18.8006076812744
"DL","2026-09-30T15:00:00.000000",18.8038921356201
"DL","2026-09-30T16:00:00.000000",18.813892364502
"DL","2026-09-30T17:00:00.000000",18.8290405273438
"DL","2026-09-30T18:00:00.000000",18.8616409301758
"DL","2026-09-30T19:00:00.000000",18.8710422515869
"DL","2026-09-30T20:00:00.000000",18.8736515045166
"DL","2026-09-30T21:00:00.000000",18.870210647583
"DL","2026-09-30T22:00:00.000000",18.8646373748779
"DL","2026-09-30T23:00:00.000000",18.8445510864258
"DL","2026-10-01T00:00:00.000000",18.8178405761719
"DL","2026-10-01T01:00:00.000000",18.8027801513672
"DL","2026-10-01T02:00:00.000000",18.8002128601074
"DL","2026-10-01T03:00:00.000000",18.7998008728027
"DL","2026-10-01T04:00:00.000000",18.8106994628906
"DL","2026-10-01T05:00:00.000000",18.8083839416504
"DL","2026-10-01T06:00:00.000000",18.8378524780273
"DL","2026-10-01T07:00:00.000000",18.8435459136963
"DL","2026-10-01T08:00:00.000000",18.8433742523193
"DL","2026-10-01T09:00:00.000000",18.8424377441406
"DL","2026-10-01T10:00:00.000000",18.83203125
"DL","2026-10-01T11:00:00.000000",18.8227729797363
"DL","2026-10-01T12:00:00.000000",18.8080902099609
"DL","2026-10-01T13:00:00.000000",18.802152633667
"DL","2026-10-01T14:00:00.000000",18.8034420013428
"DL","2026-10-01T15:00:00.000000",18.8089733123779
"DL","2026-10-01T16:00:00.000000",18.8189849853516
"DL","2026-10-01T17:00:00.000000",18.8300037384033
"DL","2026-10-01T18:00:00.000000",18.8387393951416
"DL","2026-10-01T19:00:00.000000",18.8709278106689
"DL","2026-10-01T20:00:00.000000",18.8772277832031
"DL","2026-10-01T21:00:00.000000",18.8737182617188
"DL","2026-10-01T22:00:00.000000",18.8712329864502
"DL","2026-10-01T23:00:00.000000",18.8686428070068
"DL","2026-10-02T00:00:00.000000",18.8527565002441
"DL","2026-10-02T01:00:00.000000",18.8622055053711
"DL","2026-10-02T02:00:00.000000",18.8639678955078
"DL","2026-10-02T03:00:00.000000",18.8643569946289
"DL","2026-10-02T04:00:00.000000",18.8618431091309
"DL","2026-10-02T05:00:00.000000",18.8582248687744
"DL","2026-10-02T06:00:00.000000",18.8573150634766
"DL","2026-10-02T07:00:00.000000",18.8668937683105
"DL","2026-10-02T08:00:00.000000",18.870922088623
"DL","2026-10-02T09:00:00.000000",18.8694190979004
"DL","2026-10-02T10:00:00.000000",18.8683471679688
"DL","2026-10-02T11:00:00.000000",18.871280670166
"DL","2026-10-02T12:00:00.000000",18.8764019012451
"DL","2026-10-02T13:00:00.000000",18.8801097869873
"DL","2026-10-02T14:00:00.000000",18.8851451873779
"DL","2026-10-02T15:00:00.000000",18.8929653167725
"DL","2026-10-02T16:00:00.000000",18.9007835388184
"DL","2026-10-02T17:00:00.000000",18.9059066772461
"DL","2026-10-02T18:00:00.000000",18.9108848571777
"DL","2026-10-02T19:00:00.000000",18.9137096405029
"DL","2026-10-02T20:00:00.000000",18.911792755127
"DL","2026-10-02T21:00:00.000000",18.9101276397705
"DL","2026-10-02T22:00:00.000000",18.9162521362305
"DL","2026-10-02T23:00:00.000000",18.9085235595703
"DL","2026-10-03T00:00:00.000000",18.9245624542236
"DL","2026-10-03T01:00:00.000000",18.9411144256592
"DL","2026-10-03T02:00:00.000000",18.945426940918
"DL","2026-10-03T03:00:00.000000",18.9421863555908
"DL","2026-10-03T04:00:00.000000",18.9164886474609
"DL","2026-10-03T05:00:00.000000",18.9204444885254
"DL","2026-10-03T06:00:00.000000",18.9114570617676
"DL","2026-10-03T07:00:00.000000",18.8356742858887
"DL","2026-10-03T08:00:00.000000",18.8438472747803
"DL","2026-10-03T09:00:00.000000",18.8104953765869
"DL","2026-10-03T10:00:00.000000",18.7971115112305
"DL","2026-10-03T11:00:00.000000",18.8111457824707
"DL","2026-10-03T12:00:00.000000",18.7984676361084
"DL","2026-10-03T13:00:00.000000",18.8615875244141
"DL","2026-10-03T14:00:00.000000",18.8816509246826
"DL","2026-10-03T15:00:00.000000",18.8993740081787
"DL","2026-10-03T16:00:00.000000",18.9125995635986
"DL","2026-10-03T17:00:00.000000",18.9257183074951
"DL","2026-10-03T18:00:00.000000",18.9362030029297
"DL","2026-10-03T19:00:00.000000",18.9391574859619
"DL","2026-10-03T20:00:00.000000",18.9386596679688
"DL","2026-10-03T21:00:00.000000",18.9350357055664
"DL","2026-10-03T22:00:00.000000",18.9306659698486
"DL","2026-10-03T23:00:00.000000",18.9106388092041
"DL","2026-10-04T00:00:00.000000",18.8624038696289
"DL","2026-10-04T01:00:00.000000",18.8272132873535
"DL","2026-10-04T02:00:00.000000",18.8528327941895
"DL","2026-10-04T03:00:00.000000",18.8786907196045
"DL","2026-10-04T04:00:00.000000",18.8929386138916
"DL","2026-10-04T05:00:00.000000",18.9042415618896
"DL","2026-10-04T06:00:00.000000",18.9104614257812
"DL","2026-10-04T07:00:00.000000",18.9139442443848
"DL","2026-10-04T08:00:00.000000",18.903657913208
"DL","2026-10-04T09:00:00.000000",18.8915271759033
"DL","2026-10-04T10:00:00.000000",18.8481006622314
"DL","2026-10-04T11:00:00.000000",18.8254261016846
"DL","2026-10-04T12:00:00.000000",18.8301544189453
"DL","2026-10-04T13:00:00.000000",18.8617858886719
"DL","2026-10-04T14:00:00.000000",18.863655090332
"DL","2026-10-04T15:00:00.000000",18.8863754272461
"DL","2026-10-04T16:00:00.000000",18.8992195129395
"DL","2026-10-04T17:00:00.000000",18.9105205535889
"DL","2026-10-04T18:00:00.000000",18.9250946044922
"DL","2026-10-04T19:00:00.000000",18.9380073547363
"DL","2026-10-04T20:00:00.000000",18.9445304870605
"DL","2026-10-04T21:00:00.000000",18.9385032653809
"DL","2026-10-04T22:00:00.000000",18.9341411590576
"DL","2026-10-04T23:00:00.000000",18.9249439239502
"DL","2026-10-05T00:00:00.000000",18.8953876495361
"GB","2026-09-27T00:00:00.000000",19.48508644104
"GB","2026-09-27T01:00:00.000000",19.4449462890625
"GB","2026-09-27T02:00:00.000000",19.422664642334
"GB","2026-09-27T03:00:00.000000",19.3987064361572
"GB","2026-09-27T04:00:00.000000",19.3531379699707
"GB","2026-09-27T05:00:00.000000",19.238655090332
"GB","2026-09-27T06:00:00.000000",19.165319442749
"GB","2026-09-27T07:00:00.000000",19.1831703186035
"GB","2026-09-27T08:00:00.000000",19.2026424407959
"GB","2026-09-27T09:00:00.000000",19.2143802642822
"GB","2026-09-27T10:00:00.000000",19.2145042419434
"GB","2026-09-27T11:00:00.000000",19.2096519470215
"GB","2026-09-27T12:00:00.000000",19.2091178894043
"GB","2026-09-27T13:00:00.000000",19.2220439910889
"GB","2026-09-27T14:00:00.000000",19.2348670959473
"GB","2026-09-27T15:00:00.000000",19.24609375
"GB","2026-09-27T16:00:00.000000",19.2511806488037
"GB","2026-09-27T17:00:00.000000",19.163064956665
"GB","2026-09-27T18:00:00.000000",19.0638103485107
"GB","2026-09-27T19:00:00.000000",19.0910301208496
"GB","2026-09-27T20:00:00.000000",19.1089916229248
"GB","2026-09-27T21:00:00.000000",19.1169834136963
"GB","2026-09-27T22:00:00.000000",19.1164951324463
"GB","2026-09-27T23:00:00.000000",19.107982635498
"GB","2026-09-28T00:00:00.000000",19.1076927185059
"GB","2026-09-28T01:00:00.000000",19.1409778594971
"GB","2026-09-28T02:00:00.000000",19.1673965454102
"GB","2026-09-28T03:00:00.000000",19.1835803985596
"GB","2026-09-28T04:00:00.000000",19.1911716461182
"GB","2026-09-28T05:00:00.000000",19.1756076812744
"GB","2026-09-28T06:00:00.000000",19.032320022583
"GB","2026-09-28T07:00:00.000000",19.0322647094727
"GB","2026-09-28T08:00:00.000000",19.0341320037842
"GB","2026-09-28T09:00:00.000000",19.0257720947266
"GB","2026-09-28T10:00:00.000000",19.019214630127
"GB","2026-09-28T11:00:00.000000",19.0186557769775
"GB","2026-09-28T12:00:00.000000",18.9656314849854
"GB","2026-09-28T13:00:00.000000",18.994197845459
"GB","2026-09-28T14:00:00.000000",19.0415477752686
"GB","2026-09-28T15:00:00.000000",19.0758895874023
"GB","2026-09-28T16:00:00.000000",19.1036968231201
"GB","2026-09-28T17:00:00.000000",19.1221370697021
"GB","2026-09-28T18:00:00.000000",18.9734706878662
"GB","2026-09-28T19:00:00.000000",18.9147567749023
"GB","2026-09-28T20:00:00.000000",18.9341201782227
"GB","2026-09-28T21:00:00.000000",18.9445247650146
"GB","2026-09-28T22:00:00.000000",18.9375286102295
"GB","2026-09-28T23:00:00.000000",18.948314666748
"GB","2026-09-29T00:00:00.000000",18.8848056793213
"GB","2026-09-29T01:00:00.000000",18.913818359375
"GB","2026-09-29T02:00:00.000000",18.9656372070312
"GB","2026-09-29T03:00:00.000000",18.995735168457
"GB","2026-09-29T04:00:00.000000",19.0146522521973
"GB","2026-09-29T05:00:00.000000",19.0259895324707
"GB","2026-09-29T06:00:00.000000",18.9637050628662
"GB","2026-09-29T07:00:00.000000",18.8358116149902
"GB","2026-09-29T08:00:00.000000",18.8745021820068
"GB","2026-09-29T09:00:00.000000",18.8858528137207
"GB","2026-09-29T10:00:00.000000",18.8789310455322
"GB","2026-09-29T11:00:00.000000",18.8778228759766
"GB","2026-09-29T12:00:00.000000",18.8746700286865
"GB","2026-09-29T13:00:00.000000",18.8368759155273
"GB","2026-09-29T14:00:00.000000",18.8811950683594
"GB","2026-09-29T15:00:00.000000",18.916187286377
"GB","2026-09-29T16:00:00.000000",18.9348697662354
"GB","2026-09-29T17:00:00.000000",18.9388999938965
"GB","2026-09-29T18:00:00.000000",18.9486122131348
"GB","2026-09-29T19:00:00.000000",18.7964420318604
"GB","2026-09-29T20:00:00.000000",18.8152637481689
"GB","2026-09-29T21:00:00.000000",18.8284606933594
"GB","2026-09-29T22:00:00.000000",18.8046264648438
"GB","2026-09-29T23:00:00.000000",18.7847709655762
"GB","2026-09-30T00:00:00.000000",18.8394622802734
"GB","2026-09-30T01:00:00.000000",18.756462097168
"GB","2026-09-30T02:00:00.000000",18.7941017150879
"GB","2026-09-30T03:00:00.000000",18.8389835357666
"GB","2026-09-30T04:00:00.000000",18.8670883178711
"GB","2026-09-30T05:00:00.000000",18.8845291137695
"GB","2026-09-30T06:00:00.000000",18.892333984375
"GB","2026-09-30T07:00:00.000000",18.7882785797119
"GB","2026-09-30T08:00:00.000000",18.7528610229492
"GB","2026-09-30T09:00:00.000000",18.7799110412598
"GB","2026-09-30T10:00:00.000000",18.7811317443848
"GB","2026-09-30T11:00:00.000000",18.7790374755859
"GB","2026-09-30T12:00:00.000000",18.8093414306641
"GB","2026-09-30T13:00:00.000000",18.766902923584
"GB","2026-09-30T14:00:00.000000",18.7811737060547
"GB","2026-09-30T15:00:00.000000",18.8267517089844
"GB","2026-09-30T16:00:00.000000",18.8680992126465
"GB","2026-09-30T17:00:00.000000",18.9006023406982
"GB","2026-09-30T18:00:00.000000",18.9301471710205
"GB","2026-09-30T19:00:00.000000",18.9101104736328
"GB","2026-09-30T20:00:00.000000",18.7911128997803
"GB","2026-09-30T21:00:00.000000",18.8132400512695
"GB","2026-09-30T22:00:00.000000",18.8206481933594
"GB","2026-09-30T23:00:00.000000",18.7971611022949
"GB","2026-10-01T00:00:00.000000",18.8330669403076
"GB","2026-10-01T01:00:00.000000",18.7971935272217
"GB","2026-10-01T02:00:00.000000",18.7444629669189
"GB","2026-10-01T03:00:00.000000",18.8088226318359
"GB","2026-10-01T04:00:00.000000",18.8651008605957
"GB","2026-10-01T05:00:00.000000",18.902156829834
"GB","2026-10-01T06:00:00.000000",18.9333763122559
"GB","2026-10-01T07:00:00.000000",18.962381362915
"GB","2026-10-01T08:00:00.000000",18.842227935791
"GB","2026-10-01T09:00:00.000000",18.8040866851807
"GB","2026-10-01T10:00:00.000000",18.8144226074219
"GB","2026-10-01T11:00:00.000000",18.8214168548584
"GB","2026-10-01T12:00:00.000000",18.8346557617188
"GB","2026-10-01T13:00:00.000000",18.8615131378174
"GB","2026-10-01T14:00:00.000000",18.7963886260986
"GB","2026-10-01T15:00:00.000000",18.8378849029541
"GB","2026-10-01T16:00:00.000000",18.9033603668213
"GB","2026-10-01T17:00:00.000000",18.9546852111816
"GB","2026-10-01T18:00:00.000000",18.9962062835693
"GB","2026-10-01T19:00:00.000000",19.04421043396
"GB","2026-10-01T20:00:00.000000",18.9683685302734
"GB","2026-10-01T21:00:00.000000",18.8721179962158
"GB","2026-10-01T22:00:00.000000",18.8876190185547
"GB","2026-10-01T23:00:00.000000",18.9004726409912
"GB","2026-10-02T00:00:00.000000",18.8998603820801
"GB","2026-10-02T01:00:00.000000",18.9223117828369
"GB","2026-10-02T02:00:00.000000",18.8686428070068
"GB","2026-10-02T03:00:00.000000",18.8819751739502
"GB","2026-10-02T04:00:00.000000",18.9461975097656
"GB","2026-10-02T05:00:00.000000",18.9953632354736
"GB","2026-10-02T06:00:00.000000",19.028190612793
"GB","2026-10-02T07:00:00.000000",19.0563678741455
"GB","2026-10-02T08:00:00.000000",19.0766143798828
"GB","2026-10-02T09:00:00.000000",18.9323539733887
"GB","2026-10-02T10:00:00.000000",18.9089870452881
"GB","2026-10-02T11:00:00.000000",18.9309787750244
"GB","2026-10-02T12:00:00.000000",18.9453411102295
"GB","2026-10-02T13:00:00.000000",18.9671287536621
"GB","2026-10-02T14:00:00.000000",18.9780616760254
"GB","2026-10-02T15:00:00.000000",18.9652137756348
"GB","2026-10-02T16:00:00.000000",19.0093574523926
"GB","2026-10-02T17:00:00.000000",19.0573425292969
"GB","2026-10-02T18:00:00.000000",19.094123840332
"GB","2026-10-02T19:00:00.000000",19.1202335357666
"GB","2026-10-02T20:00:00.000000",19.1398010253906
"GB","2026-10-02T21:00:00.000000",19.0884990692139
"GB","2026-10-02T22:00:00.000000",19.0327491760254
"GB","2026-10-02T23:00:00.000000",19.0454235076904
"GB","2026-10-03T00:00:00.000000",19.0584144592285
"GB","2026-10-03T01:00:00.000000",19.0701789855957
"GB","2026-10-03T02:00:00.000000",19.0857448577881
"GB","2026-10-03T03:00:00.000000",19.0619716644287
"GB","2026-10-03T04:00:00.000000",19.0684833526611
"GB","2026-10-03T05:00:00.000000",19.0735282897949
"GB","2026-10-03T06:00:00.000000",19.0743274688721
"GB","2026-10-03T07:00:00.000000",19.0802955627441
"GB","2026-10-03T08:00:00.000000",19.0865459442139
"GB","2026-10-03T09:00:00.000000",19.0921230316162
"GB","2026-10-03T10:00:00.000000",19.0045413970947
"GB","2026-10-03T11:00:00.000000",18.9877338409424
"GB","2026-10-03T12:00:00.000000",19.0056343078613
"GB","2026-10-03T13:00:00.000000",19.0147247314453
"GB","2026-10-03T14:00:00.000000",19.0128993988037
"GB","2026-10-03T15:00:00.000000",19.0393123626709
"GB","2026-10-03T16:00:00.000000",19.0276737213135
"GB","2026-10-03T17:00:00.000000",19.0470924377441
"GB","2026-10-03T18:00:00.000000",19.0790252685547
"GB","2026-10-03T19:00:00.000000",19.1077613830566
"GB","2026-10-03T20:00:00.000000",19.1261367797852
"GB","2026-10-03T21:00:00.000000",19.1364517211914
"GB","2026-10-03T22:00:00.000000",19.1062679290771
"GB","2026-10-03T23:00:00.000000",19.0431842803955
"GB","2026-10-04T00:00:00.000000",19.0362968444824
"GB","2026-10-04T01:00:00.000000",19.0280284881592
"GB","2026-10-04T02:00:00.000000",19.0182495117188
"GB","2026-10-04T03:00:00.000000",19.0556755065918
"GB","2026-10-04T04:00:00.000000",19.0067768096924
"GB","2026-10-04T05:00:00.000000",18.9249248504639
"GB","2026-10-04T06:00:00.000000",18.9430465698242
"GB","2026-10-04T07:00:00.000000",18.9648323059082
"GB","2026-10-04T08:00:00.000000",18.9840278625488
"GB","2026-10-04T09:00:00.000000",18.9993515014648
"GB","2026-10-04T10:00:00.000000",19.0059814453125
"GB","2026-10-04T11:00:00.000000",18.9717044830322
"GB","2026-10-04T12:00:00.000000",18.9424133300781
"GB","2026-10-04T13:00:00.000000",18.9393329620361
"GB","2026-10-04T14:00:00.000000",18.9339447021484
"GB","2026-10-04T15:00:00.000000",18.928503036499
"GB","2026-10-04T16:00:00.000000",18.9751091003418
"GB","2026-10-04T17:00:00.000000",18.9335594177246
"GB","2026-10-04T18:00:00.000000",18.9208126068115
"GB","2026-10-04T19:00:00.000000",18.9650268554688
"GB","2026-10-04T20:00:00.000000",19.0050582885742
"GB","2026-10-04T21:00:00.000000",19.0359630584717
"GB","2026-10-04T22:00:00.000000",19.0640182495117
"GB","2026-10-04T23:00:00.000000",19.0662174224854
"GB","2026-10-05T00:00:00.000000",18.9423980712891
"LI","2026-09-27T00:00:00.000000",19.5589084625244
"LI","2026-09-27T01:00:00.000000",19.5481929779053
"LI","2026-09-27T02:00:00.000000",19.5252323150635
"LI","2026-09-27T03:00:00.000000",19.522102355957
"LI","2026-09-27T04:00:00.000000",19.5541954040527
"LI","2026-09-27T05:00:00.000000",19.5528907775879
"LI","2026-09-27T06:00:00.000000",19.5364589691162
"LI","2026-09-27T07:00:00.000000",19.5247783660889
"LI","2026-09-27T08:00:00.000000",19.5087070465088
"LI","2026-09-27T09:00:00.000000",19.4666862487793
"LI","2026-09-27T10:00:00.000000",19.4949798583984
"LI","2026-09-27T11:00:00.000000",19.5014019012451
"LI","2026-09-27T12:00:00.000000",19.4914798736572
"LI","2026-09-27T13:00:00.000000",19.4735774993896
"LI","2026-09-27T14:00:00.000000",19.4545516967773
"LI","2026-09-27T15:00:00.000000",19.4473438262939
"LI","2026-09-27T16:00:00.000000",19.4539279937744
"LI","2026-09-27T17:00:00.000000",19.4464683532715
"LI","2026-09-27T18:00:00.000000",19.4341773986816
"LI","2026-09-27T19:00:00.000000",19.4264373779297
"LI","2026-09-27T20:00:00.000000",19.4275169372559
"LI","2026-09-27T21:00:00.000000",19.3761425018311
"LI","2026-09-27T22:00:00.000000",19.3642501831055
"LI","2026-09-27T23:00:00.000000",19.389181137085
"LI","2026-09-28T00:00:00.000000",19.3916263580322
"LI","2026-09-28T01:00:00.000000",19.3753929138184
"LI","2026-09-28T02:00:00.000000",19.3408813476562
"LI","2026-09-28T03:00:00.000000",19.3256187438965
"LI","2026-09-28T04:00:00.000000",19.3404960632324
"LI","2026-09-28T05:00:00.000000",19.3441123962402
"LI","2026-09-28T06:00:00.000000",19.3280963897705
"LI","2026-09-28T07:00:00.000000",19.294563293457
"LI","2026-09-28T08:00:00.000000",19.287769317627
"LI","2026-09-28T09:00:00.000000",19.2600440979004
"LI","2026-09-28T10:00:00.000000",19.270040512085
"LI","2026-09-28T11:00:00.000000",19.2978343963623
"LI","2026-09-28T12:00:00.000000",19.28733253479
"LI","2026-09-28T13:00:00.000000",19.2755336761475
"LI","2026-09-28T14:00:00.000000",19.2553672790527
"LI","2026-09-28T15:00:00.000000",19.240816116333
"LI","2026-09-28T16:00:00.000000",19.2627468109131
"LI","2026-09-28T17:00:00.000000",19.265474319458
"LI","2026-09-28T18:00:00.000000",19.2511672973633
"LI","2026-09-28T19:00:00.000000",19.2230415344238
"LI","2026-09-28T20:00:00.000000",19.1928272247314
"LI","2026-09-28T21:00:00.000000",19.1970710754395
"LI","2026-09-28T22:00:00.000000",19.1639575958252
"LI","2026-09-28T23:00:00.000000",19.1705417633057
"LI","2026-09-29T00:00:00.000000",19.1725063323975
"LI","2026-09-29T01:00:00.000000",19.1687488555908
"LI","2026-09-29T02:00:00.000000",19.1480655670166
"LI","2026-09-29T03:00:00.000000",19.1078338623047
"LI","2026-09-29T04:00:00.000000",19.0850944519043
"LI","2026-09-29T05:00:00.000000",19.1329936981201
"LI","2026-09-29T06:00:00.000000",19.1392498016357
"LI","2026-09-29T07:00:00.000000",19.1137638092041
"LI","2026-09-29T08:00:00.000000",19.0557727813721
"LI","2026-09-29T09:00:00.000000",19.0438499450684
"LI","2026-09-29T10:00:00.000000",19.0350532531738
"LI","2026-09-29T11:00:00.000000",19.1206741333008
"LI","2026-09-29T12:00:00.000000",19.1534004211426
"LI","2026-09-29T13:00:00.000000",19.1436405181885
"LI","2026-09-29T14:00:00.000000",19.1085624694824
"LI","2026-09-29T15:00:00.000000",19.0743064880371
"LI","2026-09-29T16:00:00.000000",19.0548572540283
"LI","2026-09-29T17:00:00.000000",19.0395164489746
"LI","2026-09-29T18:00:00.000000",19.0210647583008
"LI","2026-09-29T19:00:00.000000",19.0045795440674
"LI","2026-09-29T20:00:00.000000",18.9923248291016
"LI","2026-09-29T21:00:00.000000",18.9803524017334
"LI","2026-09-29T22:00:00.000000",18.9662818908691
"LI","2026-09-29T23:00:00.000000",18.9979801177979
"LI","2026-09-30T00:00:00.000000",19.056734085083
"LI","2026-09-30T01:00:00.000000",19.075439453125
"LI","2026-09-30T02:00:00.000000",19.0768642425537
"LI","2026-09-30T03:00:00.000000",19.0721626281738
"LI","2026-09-30T04:00:00.000000",19.0352210998535
"LI","2026-09-30T05:00:00.000000",18.9831581115723
"LI","2026-09-30T06:00:00.000000",18.9671993255615
"LI","2026-09-30T07:00:00.000000",18.9635810852051
"LI","2026-09-30T08:00:00.000000",18.9706840515137
"LI","2026-09-30T09:00:00.000000",18.9799499511719
"LI","2026-09-30T10:00:00.000000",19.0088882446289
"LI","2026-09-30T11:00:00.000000",19.0466918945312
"LI","2026-09-30T12:00:00.000000",19.0556602478027
"LI","2026-09-30T13:00:00.000000",19.051441192627
"LI","2026-09-30T14:00:00.000000",19.0480213165283
"LI","2026-09-30T15:00:00.000000",19.050594329834
"LI","2026-09-30T16:00:00.000000",19.0605030059814
"LI","2026-09-30T17:00:00.000000",19.0713367462158
"LI","2026-09-30T18:00:00.000000",19.0757827758789
"LI","2026-09-30T19:00:00.000000",19.0820407867432
"LI","2026-09-30T20:00:00.000000",19.0898361206055
"LI","2026-09-30T21:00:00.000000",19.076265335083
"LI","2026-09-30T22:00:00.000000",19.0721778869629
"LI","2026-09-30T23:00:00.000000",19.0509490966797
"LI","2026-10-01T00:00:00.000000",19.050163269043
"LI","2026-10-01T01:00:00.000000",19.0706653594971
"LI","2026-10-01T02:00:00.000000",19.074125289917
"LI","2026-10-01T03:00:00.000000",19.0730800628662
"LI","2026-10-01T04:00:00.000000",19.0684432983398
"LI","2026-10-01T05:00:00.000000",19.065258026123
"LI","2026-10-01T06:00:00.000000",19.0639343261719
"LI","2026-10-01T07:00:00.000000",19.080249786377
"LI","2026-10-01T08:00:00.000000",19.0921382904053
"LI","2026-10-01T09:00:00.000000",19.0426006317139
"LI","2026-10-01T10:00:00.000000",19.0385227203369
"LI","2026-10-01T11:00:00.000000",19.0396099090576
"LI","2026-10-01T12:00:00.000000",19.0659198760986
"LI","2026-10-01T13:00:00.000000",19.0961074829102
"LI","2026-10-01T14:00:00.000000",19.1092205047607
"LI","2026-10-01T15:00:00.000000",19.1157970428467
"LI","2026-10-01T16:00:00.000000",19.1202030181885
"LI","2026-10-01T17:00:00.000000",19.1211738586426
"LI","2026-10-01T18:00:00.000000",19.1253356933594
"LI","2026-10-01T19:00:00.000000",19.1283569335938
"LI","2026-10-01T20:00:00.000000",19.1297168731689
"LI","2026-10-01T21:00:00.000000",19.130838394165
"LI","2026-10-01T22:00:00.000000",19.1301460266113
"LI","2026-10-01T23:00:00.000000",19.1292266845703
"LI","2026-10-02T00:00:00.000000",19.1285285949707
"LI","2026-10-02T01:00:00.000000",19.1785449981689
"LI","2026-10-02T02:00:00.000000",19.2019023895264
"LI","2026-10-02T03:00:00.000000",19.2008838653564
"LI","2026-10-02T04:00:00.000000",19.201509475708
"LI","2026-10-02T05:00:00.000000",19.2016906738281
"LI","2026-10-02T06:00:00.000000",19.2018127441406
"LI","2026-10-02T07:00:00.000000",19.2019805908203
"LI","2026-10-02T08:00:00.000000",19.2023277282715
"LI","2026-10-02T09:00:00.000000",19.1966915130615
"LI","2026-10-02T10:00:00.000000",19.1595363616943
"LI","2026-10-02T11:00:00.000000",19.1603164672852
"LI","2026-10-02T12:00:00.000000",19.1729984283447
"LI","2026-10-02T13:00:00.000000",19.2324714660645
"LI","2026-10-02T14:00:00.000000",19.2667808532715
"LI","2026-10-02T15:00:00.000000",19.2770347595215
"LI","2026-10-02T16:00:00.000000",19.2825031280518
"LI","2026-10-02T17:00:00.000000",19.2880725860596
"LI","2026-10-02T18:00:00.000000",19.2896976470947
"LI","2026-10-02T19:00:00.000000",19.2927169799805
"LI","2026-10-02T20:00:00.000000",19.2934799194336
"LI","2026-10-02T21:00:00.000000",19.2947425842285
"LI","2026-10-02T22:00:00.000000",19.2640399932861
"LI","2026-10-02T23:00:00.000000",19.2507953643799
"LI","2026-10-03T00:00:00.000000",19.2459754943848
"LI","2026-10-03T01:00:00.000000",19.242431640625
"LI","2026-10-03T02:00:00.000000",19.2427387237549
"LI","2026-10-03T03:00:00.000000",19.2722587585449
"LI","2026-10-03T04:00:00.000000",19.2750015258789
"LI","2026-10-03T05:00:00.000000",19.2668724060059
"LI","2026-10-03T06:00:00.000000",19.2445030212402
"LI","2026-10-03T07:00:00.000000",19.2439060211182
"LI","2026-10-03T08:00:00.000000",19.2432613372803
"LI","2026-10-03T09:00:00.000000",19.242359161377
"LI","2026-10-03T10:00:00.000000",19.241304397583
"LI","2026-10-03T11:00:00.000000",19.2312412261963
"LI","2026-10-03T12:00:00.000000",19.233003616333
"LI","2026-10-03T13:00:00.000000",19.2382278442383
"LI","2026-10-03T14:00:00.000000",19.2276153564453
"LI","2026-10-03T15:00:00.000000",19.3172206878662
"LI","2026-10-03T16:00:00.000000",19.3833637237549
"LI","2026-10-03T17:00:00.000000",19.3885707855225
"LI","2026-10-03T18:00:00.000000",19.3534107208252
"LI","2026-10-03T19:00:00.000000",19.320520401001
"LI","2026-10-03T20:00:00.000000",19.3203353881836
"LI","2026-10-03T21:00:00.000000",19.3183841705322
"LI","2026-10-03T22:00:00.000000",19.3154392242432
"LI","2026-10-03T23:00:00.000000",19.3131580352783
"LI","2026-10-04T00:00:00.000000",19.3093719482422
"LI","2026-10-04T01:00:00.000000",19.3032665252686
"LI","2026-10-04T02:00:00.000000",19.3149490356445
"LI","2026-10-04T03:00:00.000000",19.3614768981934
"LI","2026-10-04T04:00:00.000000",19.3860969543457
"LI","2026-10-04T05:00:00.000000",19.3884944915771
"LI","2026-10-04T06:00:00.000000",19.385950088501
"LI","2026-10-04T07:00:00.000000",19.374828338623
"LI","2026-10-04T08:00:00.000000",19.3203945159912
"LI","2026-10-04T09:00:00.000000",19.2565593719482
"LI","2026-10-04T10:00:00.000000",19.2356586456299
"LI","2026-10-04T11:00:00.000000",19.2274036407471
"LI","2026-10-04T12:00:00.000000",19.2420024871826
"LI","2026-10-04T13:00:00.000000",19.2390232086182
"LI","2026-10-04T14:00:00.000000",19.2332153320312
"LI","2026-10-04T15:00:00.000000",19.3222103118896
"LI","2026-10-04T16:00:00.000000",19.3491477966309
"LI","2026-10-04T17:00:00.000000",19.3662052154541
"LI","2026-10-04T18:00:00.000000",19.3776893615723
"LI","2026-10-04T19:00:00.000000",19.38010597229
"LI","2026-10-04T20:00:00.000000",19.3620223999023
"LI","2026-10-04T21:00:00.000000",19.3066463470459
"LI","2026-10-04T22:00:00.000000",19.2849864959717
"LI","2026-10-04T23:00:00.000000",19.2821369171143
"LI","2026-10-05T00:00:00.000000",19.2797679901123
"OB","2026-09-27T00:00:00.000000",18.2041206359863
"OB","2026-09-27T01:00:00.000000",18.1293926239014
"OB","2026-09-27T02:00:00.000000",18.0495166778564
"OB","2026-09-27T03:00:00.000000",17.9895267486572
"OB","2026-09-27T04:00:00.000000",17.9573650360107
"OB","2026-09-27T05:00:00.000000",17.9288215637207
"OB","2026-09-27T06:00:00.000000",17.8850898742676
"OB","2026-09-27T07:00:00.000000",17.8434391021729
"OB","2026-09-27T08:00:00.000000",17.8006362915039
"OB","2026-09-27T09:00:00.000000",17.7636089324951
"OB","2026-09-27T10:00:00.000000",17.7356281280518
"OB","2026-09-27T11:00:00.000000",17.7558212280273
"OB","2026-09-27T12:00:00.000000",17.7905864715576
"OB","2026-09-27T13:00:00.000000",17.841968536377
"OB","2026-09-27T14:00:00.000000",17.8330001831055
"OB","2026-09-27T15:00:00.000000",17.7867488861084
"OB","2026-09-27T16:00:00.000000",17.7530059814453
"OB","2026-09-27T17:00:00.000000",17.7396926879883
"OB","2026-09-27T18:00:00.000000",17.7307834625244
"OB","2026-09-27T19:00:00.000000",17.7284851074219
"OB","2026-09-27T20:00:00.000000",17.7408237457275
"OB","2026-09-27T21:00:00.000000",17.7622756958008
"OB","2026-09-27T22:00:00.000000",17.7945861816406
"OB","2026-09-27T23:00:00.000000",17.829122543335
"OB","2026-09-28T00:00:00.000000",17.8708896636963
"OB","2026-09-28T01:00:00.000000",17.8906192779541
"OB","2026-09-28T02:00:00.000000",17.8328380584717
"OB","2026-09-28T03:00:00.000000",17.7827930450439
"OB","2026-09-28T04:00:00.000000",17.763521194458
"OB","2026-09-28T05:00:00.000000",17.7572994232178
"OB","2026-09-28T06:00:00.000000",17.7527961730957
"OB","2026-09-28T07:00:00.000000",17.7566108703613
"OB","2026-09-28T08:00:00.000000",17.7498989105225
"OB","2026-09-28T09:00:00.000000",17.7293758392334
"OB","2026-09-28T10:00:00.000000",17.7127647399902
"OB","2026-09-28T11:00:00.000000",17.7076053619385
"OB","2026-09-28T12:00:00.000000",17.7206420898438
"OB","2026-09-28T13:00:00.000000",17.7390937805176
"OB","2026-09-28T14:00:00.000000",17.73366355896
"OB","2026-09-28T15:00:00.000000",17.6928157806396
"OB","2026-09-28T16:00:00.000000",17.6669635772705
"OB","2026-09-28T17:00:00.000000",17.6580371856689
"OB","2026-09-28T18:00:00.000000",17.6518726348877
"OB","2026-09-28T19:00:00.000000",17.6426773071289
"OB","2026-09-28T20:00:00.000000",17.631519317627
"OB","2026-09-28T21:00:00.000000",17.6180992126465
"OB","2026-09-28T22:00:00.000000",17.6028385162354
"OB","2026-09-28T23:00:00.000000",17.5886116027832
"OB","2026-09-29T00:00:00.000000",17.5863151550293
"OB","2026-09-29T01:00:00.000000",17.5968894958496
"OB","2026-09-29T02:00:00.000000",17.6087303161621
"OB","2026-09-29T03:00:00.000000",17.6120891571045
"OB","2026-09-29T04:00:00.000000",17.5928153991699
"OB","2026-09-29T05:00:00.000000",17.5841293334961
"OB","2026-09-29T06:00:00.000000",17.5852527618408
"OB","2026-09-29T07:00:00.000000",17.5826511383057
"OB","2026-09-29T08:00:00.000000",17.5819301605225
"OB","2026-09-29T09:00:00.000000",17.5645122528076
"OB","2026-09-29T10:00:00.000000",17.5518627166748
"OB","2026-09-29T11:00:00.000000",17.5297584533691
"OB","2026-09-29T12:00:00.000000",17.5072994232178
"OB","2026-09-29T13:00:00.000000",17.5019855499268
"OB","2026-09-29T14:00:00.000000",17.5109634399414
"OB","2026-09-29T15:00:00.000000",17.5045185089111
"OB","2026-09-29T16:00:00.000000",17.4876251220703
"OB","2026-09-29T17:00:00.000000",17.4850730895996
"OB","2026-09-29T18:00:00.000000",17.4883480072021
"OB","2026-09-29T19:00:00.000000",17.4920272827148
"OB","2026-09-29T20:00:00.000000",17.4918384552002
"OB","2026-09-29T21:00:00.000000",17.479959487915
"OB","2026-09-29T22:00:00.000000",17.4675483703613
"OB","2026-09-29T23:00:00.000000",17.4517784118652
"OB","2026-09-30T00:00:00.000000",17.4328727722168
"OB","2026-09-30T01:00:00.000000",17.4202098846436
"OB","2026-09-30T02:00:00.000000",17.425952911377
"OB","2026-09-30T03:00:00.000000",17.4539108276367
"OB","2026-09-30T04:00:00.000000",17.4657802581787
"OB","2026-09-30T05:00:00.000000",17.4640159606934
"OB","2026-09-30T06:00:00.000000",17.4650268554688
"OB","2026-09-30T07:00:00.000000",17.4665660858154
"OB","2026-09-30T08:00:00.000000",17.4657726287842
"OB","2026-09-30T09:00:00.000000",17.4687328338623
"OB","2026-09-30T10:00:00.000000",17.4663143157959
"OB","2026-09-30T11:00:00.000000",17.4600582122803
"OB","2026-09-30T12:00:00.000000",17.4484043121338
"OB","2026-09-30T13:00:00.000000",17.4227275848389
"OB","2026-09-30T14:00:00.000000",17.4125957489014
"OB","2026-09-30T15:00:00.000000",17.4108390808105
"OB","2026-09-30T16:00:00.000000",17.4097557067871
"OB","2026-09-30T17:00:00.000000",17.4142513275146
"OB","2026-09-30T18:00:00.000000",17.4250965118408
"OB","2026-09-30T19:00:00.000000",17.436351776123
"OB","2026-09-30T20:00:00.000000",17.4532794952393
"OB","2026-09-30T21:00:00.000000",17.5052757263184
"OB","2026-09-30T22:00:00.000000",17.5744762420654
"OB","2026-09-30T23:00:00.000000",17.5947704315186
"OB","2026-10-01T00:00:00.000000",17.589672088623
"OB","2026-10-01T01:00:00.000000",17.5913867950439
"OB","2026-10-01T02:00:00.000000",17.5991077423096
"OB","2026-10-01T03:00:00.000000",17.5606861114502
"OB","2026-10-01T04:00:00.000000",17.5282096862793
"OB","2026-10-01T05:00:00.000000",17.5160369873047
"OB","2026-10-01T06:00:00.000000",17.5145206451416
"OB","2026-10-01T07:00:00.000000",17.515100479126
"OB","2026-10-01T08:00:00.000000",17.5176639556885
"OB","2026-10-01T09:00:00.000000",17.5195503234863
"OB","2026-10-01T10:00:00.000000",17.5199661254883
"OB","2026-10-01T11:00:00.000000",17.5179328918457
"OB","2026-10-01T12:00:00.000000",17.5128154754639
"OB","2026-10-01T13:00:00.000000",17.49658203125
"OB","2026-10-01T14:00:00.000000",17.4731636047363
"OB","2026-10-01T15:00:00.000000",17.4669399261475
"OB","2026-10-01T16:00:00.000000",17.4713649749756
"OB","2026-10-01T17:00:00.000000",17.5294151306152
"OB","2026-10-01T18:00:00.000000",17.5528583526611
"OB","2026-10-01T19:00:00.000000",17.5863361358643
"OB","2026-10-01T20:00:00.000000",17.5982475280762
"OB","2026-10-01T21:00:00.000000",17.5964736938477
"OB","2026-10-01T22:00:00.000000",17.5918025970459
"OB","2026-10-01T23:00:00.000000",17.5880069732666
"OB","2026-10-02T00:00:00.000000",17.5875396728516
"OB","2026-10-02T01:00:00.000000",17.5872116088867
"OB","2026-10-02T02:00:00.000000",17.5837001800537
"OB","2026-10-02T03:00:00.000000",17.5671787261963
"OB","2026-10-02T04:00:00.000000",17.5462322235107
"OB","2026-10-02T05:00:00.000000",17.5308227539062
"OB","2026-10-02T06:00:00.000000",17.5267295837402
"OB","2026-10-02T07:00:00.000000",17.5281677246094
"OB","2026-10-02T08:00:00.000000",17.5328826904297
"OB","2026-10-02T09:00:00.000000",17.5360946655273
"OB","2026-10-02T10:00:00.000000",17.5367393493652
"OB","2026-10-02T11:00:00.000000",17.5353126525879
"OB","2026-10-02T12:00:00.000000",17.5330619812012
"OB","2026-10-02T13:00:00.000000",17.5328388214111
"OB","2026-10-02T14:00:00.000000",17.5505981445312
"OB","2026-10-02T15:00:00.000000",17.5858211517334
"OB","2026-10-02T16:00:00.000000",17.5585823059082
"OB","2026-10-02T17:00:00.000000",17.5317821502686
"OB","2026-10-02T18:00:00.000000",17.5238952636719
"OB","2026-10-02T19:00:00.000000",17.5309944152832
"OB","2026-10-02T20:00:00.000000",17.5559139251709
"OB","2026-10-02T21:00:00.000000",17.5701847076416
"OB","2026-10-02T22:00:00.000000",17.5704002380371
"OB","2026-10-02T23:00:00.000000",17.5669384002686
"OB","2026-10-03T00:00:00.000000",17.5618476867676
"OB","2026-10-03T01:00:00.000000",17.5572547912598
"OB","2026-10-03T02:00:00.000000",17.5550918579102
"OB","2026-10-03T03:00:00.000000",17.5522346496582
"OB","2026-10-03T04:00:00.000000",17.5475654602051
"OB","2026-10-03T05:00:00.000000",17.5137557983398
"OB","2026-10-03T06:00:00.000000",17.4870071411133
"OB","2026-10-03T07:00:00.000000",17.4877433776855
"OB","2026-10-03T08:00:00.000000",17.5023536682129
"OB","2026-10-03T09:00:00.000000",17.5226860046387
"OB","2026-10-03T10:00:00.000000",17.5327777862549
"OB","2026-10-03T11:00:00.000000",17.5326175689697
"OB","2026-10-03T12:00:00.000000",17.5223712921143
"OB","2026-10-03T13:00:00.000000",17.5158729553223
"OB","2026-10-03T14:00:00.000000",17.5067386627197
"OB","2026-10-03T15:00:00.000000",17.4938087463379
"OB","2026-10-03T16:00:00.000000",17.4866390228271
"OB","2026-10-03T17:00:00.000000",17.4866142272949
"OB","2026-10-03T18:00:00.000000",17.4884548187256
"OB","2026-10-03T19:00:00.000000",17.4960384368896
"OB","2026-10-03T20:00:00.000000",17.5091991424561
"OB","2026-10-03T21:00:00.000000",17.52174949646
"OB","2026-10-03T22:00:00.000000",17.5272750854492
"OB","2026-10-03T23:00:00.000000",17.5288314819336
"OB","2026-10-04T00:00:00.000000",17.5297832489014
"OB","2026-10-04T01:00:00.000000",17.5316333770752
"OB","2026-10-04T02:00:00.000000",17.5324535369873
"OB","2026-10-04T03:00:00.000000",17.5326385498047
"OB","2026-10-04T04:00:00.000000",17.5319690704346
"OB","2026-10-04T05:00:00.000000",17.5294818878174
"OB","2026-10-04T06:00:00.000000",17.5237140655518
"OB","2026-10-04T07:00:00.000000",17.5036640167236
"OB","2026-10-04T08:00:00.000000",17.4948673248291
"OB","2026-10-04T09:00:00.000000",17.495080947876
"OB","2026-10-04T10:00:00.000000",17.5012397766113
"OB","2026-10-04T11:00:00.000000",17.5047245025635
"OB","2026-10-04T12:00:00.000000",17.5058746337891
"OB","2026-10-04T13:00:00.000000",17.5070247650146
"OB","2026-10-04T14:00:00.000000",17.5092144012451
"OB","2026-10-04T15:00:00.000000",17.512134552002
"OB","2026-10-04T16:00:00.000000",17.5128059387207
"OB","2026-10-04T17:00:00.000000",17.5115985870361
"OB","2026-10-04T18:00:00.000000",17.5144958496094
"OB","2026-10-04T19:00:00.000000",17.5223236083984
"OB","2026-10-04T20:00:00.000000",17.5761737823486
"OB","2026-10-04T21:00:00.000000",17.5877723693848
"OB","2026-10-04T22:00:00.000000",17.5886535644531
"OB","2026-10-04T23:00:00.000000",17.5844669342041
"OB","2026-10-05T00:00:00.000000",17.577823638916
"WC","2026-09-27T00:00:00.000000",19.3408317565918
"WC","2026-09-27T01:00:00.000000",19.3492088317871
"WC","2026-09-27T02:00:00.000000",19.3403701782227
"WC","2026-09-27T03:00:00.000000",19.2638549804688
"WC","2026-09-27T04:00:00.000000",19.0219650268555
"WC","2026-09-27T05:00:00.000000",18.7410182952881
"WC","2026-09-27T06:00:00.000000",18.5485038757324
"WC","2026-09-27T07:00:00.000000",18.3025321960449
"WC","2026-09-27T08:00:00.000000",18.1321220397949
"WC","2026-09-27T09:00:00.000000",18.1035709381104
"WC","2026-09-27T10:00:00.000000",18.7828941345215
"WC","2026-09-27T11:00:00.000000",19.1140041351318
"WC","2026-09-27T12:00:00.000000",19.1007480621338
"WC","2026-09-27T13:00:00.000000",19.1167488098145
"WC","2026-09-27T14:00:00.000000",19.1192359924316
"WC","2026-09-27T15:00:00.000000",19.0746517181396
"WC","2026-09-27T16:00:00.000000",18.932746887207
"WC","2026-09-27T17:00:00.000000",18.7466621398926
"WC","2026-09-27T18:00:00.000000",18.6106338500977
"WC","2026-09-27T19:00:00.000000",18.3924732208252
"WC","2026-09-27T20:00:00.000000",18.2136363983154
"WC","2026-09-27T21:00:00.000000",18.0833225250244
"WC","2026-09-27T22:00:00.000000",18.4141941070557
"WC","2026-09-27T23:00:00.000000",19.0205688476562
"WC","2026-09-28T00:00:00.000000",19.0377540588379
"WC","2026-09-28T01:00:00.000000",19.0499401092529
"WC","2026-09-28T02:00:00.000000",19.0494003295898
"WC","2026-09-28T03:00:00.000000",19.0129432678223
"WC","2026-09-28T04:00:00.000000",18.9322395324707
"WC","2026-09-28T05:00:00.000000",18.7348766326904
"WC","2026-09-28T06:00:00.000000",18.5979404449463
"WC","2026-09-28T07:00:00.000000",18.3997592926025
"WC","2026-09-28T08:00:00.000000",18.1903839111328
"WC","2026-09-28T09:00:00.000000",18.0514049530029
"WC","2026-09-28T10:00:00.000000",18.0990924835205
"WC","2026-09-28T11:00:00.000000",18.8659210205078
"WC","2026-09-28T12:00:00.000000",18.936559677124
"WC","2026-09-28T13:00:00.000000",18.92506980896
"WC","2026-09-28T14:00:00.000000",18.9415340423584
"WC","2026-09-28T15:00:00.000000",18.9344177246094
"WC","2026-09-28T16:00:00.000000",18.8652153015137
"WC","2026-09-28T17:00:00.000000",18.7130508422852
"WC","2026-09-28T18:00:00.000000",18.5652599334717
"WC","2026-09-28T19:00:00.000000",18.3903579711914
"WC","2026-09-28T20:00:00.000000",18.1719722747803
"WC","2026-09-28T21:00:00.000000",18.0264015197754
"WC","2026-09-28T22:00:00.000000",18.0149059295654
"WC","2026-09-28T23:00:00.000000",18.6899948120117
"WC","2026-09-29T00:00:00.000000",18.8855571746826
"WC","2026-09-29T01:00:00.000000",18.8892955780029
"WC","2026-09-29T02:00:00.000000",18.898983001709
"WC","2026-09-29T03:00:00.000000",18.9084148406982
"WC","2026-09-29T04:00:00.000000",18.8491096496582
"WC","2026-09-29T05:00:00.000000",18.7086925506592
"WC","2026-09-29T06:00:00.000000",18.5479488372803
"WC","2026-09-29T07:00:00.000000",18.409496307373
"WC","2026-09-29T08:00:00.000000",18.2234764099121
"WC","2026-09-29T09:00:00.000000",18.0427684783936
"WC","2026-09-29T10:00:00.000000",17.9318313598633
"WC","2026-09-29T11:00:00.000000",18.3112926483154
"WC","2026-09-29T12:00:00.000000",18.7630043029785
"WC","2026-09-29T13:00:00.000000",18.7671070098877
"WC","2026-09-29T14:00:00.000000",18.7596950531006
"WC","2026-09-29T15:00:00.000000",18.7714920043945
"WC","2026-09-29T16:00:00.000000",18.7488117218018
"WC","2026-09-29T17:00:00.000000",18.6770420074463
"WC","2026-09-29T18:00:00.000000",18.5224189758301
"WC","2026-09-29T19:00:00.000000",18.4103584289551
"WC","2026-09-29T20:00:00.000000",18.2214488983154
"WC","2026-09-29T21:00:00.000000",18.0390167236328
"WC","2026-09-29T22:00:00.000000",17.9319534301758
"WC","2026-09-29T23:00:00.000000",18.0441799163818
"WC","2026-09-30T00:00:00.000000",18.6636219024658
"WC","2026-09-30T01:00:00.000000",18.722957611084
"WC","2026-09-30T02:00:00.000000",18.715015411377
"WC","2026-09-30T03:00:00.000000",18.7282390594482
"WC","2026-09-30T04:00:00.000000",18.7266063690186
"WC","2026-09-30T05:00:00.000000",18.6709213256836
"WC","2026-09-30T06:00:00.000000",18.5472946166992
"WC","2026-09-30T07:00:00.000000",18.4335384368896
"WC","2026-09-30T08:00:00.000000",18.2987766265869
"WC","2026-09-30T09:00:00.000000",18.1349029541016
"WC","2026-09-30T10:00:00.000000",18.0044689178467
"WC","2026-09-30T11:00:00.000000",18.0106468200684
"WC","2026-09-30T12:00:00.000000",18.5376110076904
"WC","2026-09-30T13:00:00.000000",18.7685699462891
"WC","2026-09-30T14:00:00.000000",18.7846145629883
"WC","2026-09-30T15:00:00.000000",18.7950172424316
"WC","2026-09-30T16:00:00.000000",18.8051452636719
"WC","2026-09-30T17:00:00.000000",18.7737407684326
"WC","2026-09-30T18:00:00.000000",18.7016181945801
"WC","2026-09-30T19:00:00.000000",18.5720672607422
"WC","2026-09-30T20:00:00.000000",18.470006942749
"WC","2026-09-30T21:00:00.000000",18.2905120849609
"WC","2026-09-30T22:00:00.000000",18.1344261169434
"WC","2026-09-30T23:00:00.000000",18.0529842376709
"WC","2026-10-01T00:00:00.000000",18.3304233551025
"WC","2026-10-01T01:00:00.000000",18.816743850708
"WC","2026-10-01T02:00:00.000000",18.8484306335449
"WC","2026-10-01T03:00:00.000000",18.8418216705322
"WC","2026-10-01T04:00:00.000000",18.8432769775391
"WC","2026-10-01T05:00:00.000000",18.8338603973389
"WC","2026-10-01T06:00:00.000000",18.7610874176025
"WC","2026-10-01T07:00:00.000000",18.6408157348633
"WC","2026-10-01T08:00:00.000000",18.5448703765869
"WC","2026-10-01T09:00:00.000000",18.4269008636475
"WC","2026-10-01T10:00:00.000000",18.2790393829346
"WC","2026-10-01T11:00:00.000000",18.1680221557617
"WC","2026-10-01T12:00:00.000000",18.190315246582
"WC","2026-10-01T13:00:00.000000",18.7291889190674
"WC","2026-10-01T14:00:00.000000",18.8787441253662
"WC","2026-10-01T15:00:00.000000",18.8895530700684
"WC","2026-10-01T16:00:00.000000",18.887674331665
"WC","2026-10-01T17:00:00.000000",18.8871097564697
"WC","2026-10-01T18:00:00.000000",18.8453521728516
"WC","2026-10-01T19:00:00.000000",18.784481048584
"WC","2026-10-01T20:00:00.000000",18.6629180908203
"WC","2026-10-01T21:00:00.000000",18.5797843933105
"WC","2026-10-01T22:00:00.000000",18.4243335723877
"WC","2026-10-01T23:00:00.000000",18.2806053161621
"WC","2026-10-02T00:00:00.000000",18.2316112518311
"WC","2026-10-02T01:00:00.000000",18.5968894958496
"WC","2026-10-02T02:00:00.000000",18.9072761535645
"WC","2026-10-02T03:00:00.000000",18.9358367919922
"WC","2026-10-02T04:00:00.000000",18.9265251159668
"WC","2026-10-02T05:00:00.000000",18.9178638458252
"WC","2026-10-02T06:00:00.000000",18.9051494598389
"WC","2026-10-02T07:00:00.000000",18.8561878204346
"WC","2026-10-02T08:00:00.000000",18.7511425018311
"WC","2026-10-02T09:00:00.000000",18.653995513916
"WC","2026-10-02T10:00:00.000000",18.5580272674561
"WC","2026-10-02T11:00:00.000000",18.4428882598877
"WC","2026-10-02T12:00:00.000000",18.3614616394043
"WC","2026-10-02T13:00:00.000000",18.422534942627
"WC","2026-10-02T14:00:00.000000",18.8430652618408
"WC","2026-10-02T15:00:00.000000",18.9552249908447
"WC","2026-10-02T16:00:00.000000",18.9550838470459
"WC","2026-10-02T17:00:00.000000",18.9277477264404
"WC","2026-10-02T18:00:00.000000",18.9202899932861
"WC","2026-10-02T19:00:00.000000",18.8989963531494
"WC","2026-10-02T20:00:00.000000",18.9095153808594
"WC","2026-10-02T21:00:00.000000",18.7872638702393
"WC","2026-10-02T22:00:00.000000",18.7034378051758
"WC","2026-10-02T23:00:00.000000",18.6043872833252
"WC","2026-10-03T00:00:00.000000",18.5009479522705
"WC","2026-10-03T01:00:00.000000",18.4817752838135
"WC","2026-10-03T02:00:00.000000",18.7081432342529
"WC","2026-10-03T03:00:00.000000",18.8979053497314
"WC","2026-10-03T04:00:00.000000",18.9197692871094
"WC","2026-10-03T05:00:00.000000",18.8889293670654
"WC","2026-10-03T06:00:00.000000",18.8631534576416
"WC","2026-10-03T07:00:00.000000",18.8524646759033
"WC","2026-10-03T08:00:00.000000",18.8630065917969
"WC","2026-10-03T09:00:00.000000",18.7840900421143
"WC","2026-10-03T10:00:00.000000",18.6744632720947
"WC","2026-10-03T11:00:00.000000",18.5867404937744
"WC","2026-10-03T12:00:00.000000",18.4784698486328
"WC","2026-10-03T13:00:00.000000",18.3659763336182
"WC","2026-10-03T14:00:00.000000",18.3707904815674
"WC","2026-10-03T15:00:00.000000",18.8031406402588
"WC","2026-10-03T16:00:00.000000",18.9303550720215
"WC","2026-10-03T17:00:00.000000",18.9147834777832
"WC","2026-10-03T18:00:00.000000",18.9182109832764
"WC","2026-10-03T19:00:00.000000",18.9205074310303
"WC","2026-10-03T20:00:00.000000",18.9131603240967
"WC","2026-10-03T21:00:00.000000",18.8811359405518
"WC","2026-10-03T22:00:00.000000",18.7294387817383
"WC","2026-10-03T23:00:00.000000",18.6042175292969
"WC","2026-10-04T00:00:00.000000",18.4302921295166
"WC","2026-10-04T01:00:00.000000",18.2660522460938
"WC","2026-10-04T02:00:00.000000",18.199161529541
"WC","2026-10-04T03:00:00.000000",18.4302215576172
"WC","2026-10-04T04:00:00.000000",18.7831039428711
"WC","2026-10-04T05:00:00.000000",18.8450813293457
"WC","2026-10-04T06:00:00.000000",18.8521938323975
"WC","2026-10-04T07:00:00.000000",18.8654766082764
"WC","2026-10-04T08:00:00.000000",18.8631896972656
"WC","2026-10-04T09:00:00.000000",18.8342132568359
"WC","2026-10-04T10:00:00.000000",18.6868648529053
"WC","2026-10-04T11:00:00.000000",18.5958862304688
"WC","2026-10-04T12:00:00.000000",18.4959621429443
"WC","2026-10-04T13:00:00.000000",18.351921081543
"WC","2026-10-04T14:00:00.000000",18.2286987304688
"WC","2026-10-04T15:00:00.000000",18.2084732055664
"WC","2026-10-04T16:00:00.000000",18.6064395904541
"WC","2026-10-04T17:00:00.000000",18.8985919952393
"WC","2026-10-04T18:00:00.000000",18.9321060180664
"WC","2026-10-04T19:00:00.000000",18.9609203338623
"WC","2026-10-04T20:00:00.000000",18.9747695922852
"WC","2026-10-04T21:00:00.000000",18.9730091094971
"WC","2026-10-04T22:00:00.000000",18.8779563903809
"WC","2026-10-04T23:00:00.000000",18.6734733581543
"WC","2026-10-05T00:00:00.000000",18.5875988006592
"WI","2026-09-27T00:00:00.000000",19.5129299163818
"WI","2026-09-27T01:00:00.000000",19.477201461792
"WI","2026-09-27T02:00:00.000000",19.4587669372559
"WI","2026-09-27T03:00:00.000000",19.4450550079346
"WI","2026-09-27T04:00:00.000000",19.4301376342773
"WI","2026-09-27T05:00:00.000000",19.4150085449219
"WI","2026-09-27T06:00:00.000000",19.4106731414795
"WI","2026-09-27T07:00:00.000000",19.394063949585
"WI","2026-09-27T08:00:00.000000",19.3824577331543
"WI","2026-09-27T09:00:00.000000",19.3922710418701
"WI","2026-09-27T10:00:00.000000",19.4100341796875
"WI","2026-09-27T11:00:00.000000",19.4052753448486
"WI","2026-09-27T12:00:00.000000",19.4023303985596
"WI","2026-09-27T13:00:00.000000",19.3795833587646
"WI","2026-09-27T14:00:00.000000",19.3342113494873
"WI","2026-09-27T15:00:00.000000",19.2959823608398
"WI","2026-09-27T16:00:00.000000",19.2769756317139
"WI","2026-09-27T17:00:00.000000",19.2636966705322
"WI","2026-09-27T18:00:00.000000",19.2568740844727
"WI","2026-09-27T19:00:00.000000",19.2502326965332
"WI","2026-09-27T20:00:00.000000",19.2482604980469
"WI","2026-09-27T21:00:00.000000",19.2428512573242
"WI","2026-09-27T22:00:00.000000",19.2882347106934
"WI","2026-09-27T23:00:00.000000",19.2988719940186
"WI","2026-09-28T00:00:00.000000",19.2979412078857
"WI","2026-09-28T01:00:00.000000",19.2865314483643
"WI","2026-09-28T02:00:00.000000",19.2419319152832
"WI","2026-09-28T03:00:00.000000",19.2026786804199
"WI","2026-09-28T04:00:00.000000",19.1787967681885
"WI","2026-09-28T05:00:00.000000",19.1611309051514
"WI","2026-09-28T06:00:00.000000",19.1836090087891
"WI","2026-09-28T07:00:00.000000",19.1796989440918
"WI","2026-09-28T08:00:00.000000",19.1606750488281
"WI","2026-09-28T09:00:00.000000",19.1615219116211
"WI","2026-09-28T10:00:00.000000",19.1841926574707
"WI","2026-09-28T11:00:00.000000",19.194019317627
"WI","2026-09-28T12:00:00.000000",19.2038040161133
"WI","2026-09-28T13:00:00.000000",19.1915130615234
"WI","2026-09-28T14:00:00.000000",19.1520824432373
"WI","2026-09-28T15:00:00.000000",19.1128349304199
"WI","2026-09-28T16:00:00.000000",19.0975112915039
"WI","2026-09-28T17:00:00.000000",19.0770664215088
"WI","2026-09-28T18:00:00.000000",19.0722274780273
"WI","2026-09-28T19:00:00.000000",19.0965976715088
"WI","2026-09-28T20:00:00.000000",19.0863666534424
"WI","2026-09-28T21:00:00.000000",19.0532684326172
"WI","2026-09-28T22:00:00.000000",19.1018161773682
"WI","2026-09-28T23:00:00.000000",19.1241817474365
"WI","2026-09-29T00:00:00.000000",19.1415615081787
"WI","2026-09-29T01:00:00.000000",19.1355533599854
"WI","2026-09-29T02:00:00.000000",19.0593223571777
"WI","2026-09-29T03:00:00.000000",19.0005550384521
"WI","2026-09-29T04:00:00.000000",18.9728088378906
"WI","2026-09-29T05:00:00.000000",18.9366588592529
"WI","2026-09-29T06:00:00.000000",18.9303417205811
"WI","2026-09-29T07:00:00.000000",18.9407806396484
"WI","2026-09-29T08:00:00.000000",18.9354686737061
"WI","2026-09-29T09:00:00.000000",18.899772644043
"WI","2026-09-29T10:00:00.000000",18.9164638519287
"WI","2026-09-29T11:00:00.000000",18.9433422088623
"WI","2026-09-29T12:00:00.000000",18.9771461486816
"WI","2026-09-29T13:00:00.000000",18.9867382049561
"WI","2026-09-29T14:00:00.000000",18.9416465759277
"WI","2026-09-29T15:00:00.000000",18.901403427124
"WI","2026-09-29T16:00:00.000000",18.864387512207
"WI","2026-09-29T17:00:00.000000",18.8384132385254
"WI","2026-09-29T18:00:00.000000",18.8174800872803
"WI","2026-09-29T19:00:00.000000",18.8350429534912
"WI","2026-09-29T20:00:00.000000",18.8181304931641
"WI","2026-09-29T21:00:00.000000",18.7951240539551
"WI","2026-09-29T22:00:00.000000",18.7914485931396
"WI","2026-09-29T23:00:00.000000",18.8456516265869
"WI","2026-09-30T00:00:00.000000",18.8862609863281
"WI","2026-09-30T01:00:00.000000",18.9233112335205
"WI","2026-09-30T02:00:00.000000",18.921049118042
"WI","2026-09-30T03:00:00.000000",18.846342086792
"WI","2026-09-30T04:00:00.000000",18.8029880523682
"WI","2026-09-30T05:00:00.000000",18.7889060974121
"WI","2026-09-30T06:00:00.000000",18.7719192504883
"WI","2026-09-30T07:00:00.000000",18.8078460693359
"WI","2026-09-30T08:00:00.000000",18.8092861175537
"WI","2026-09-30T09:00:00.000000",18.8023986816406
"WI","2026-09-30T10:00:00.000000",18.8072471618652
"WI","2026-09-30T11:00:00.000000",18.8321933746338
"WI","2026-09-30T12:00:00.000000",18.8762588500977
"WI","2026-09-30T13:00:00.000000",18.9141178131104
"WI","2026-09-30T14:00:00.000000",18.9333839416504
"WI","2026-09-30T15:00:00.000000",18.9173469543457
"WI","2026-09-30T16:00:00.000000",18.8440456390381
"WI","2026-09-30T17:00:00.000000",18.8217811584473
"WI","2026-09-30T18:00:00.000000",18.8234596252441
"WI","2026-09-30T19:00:00.000000",18.8319873809814
"WI","2026-09-30T20:00:00.000000",18.8773174285889
"WI","2026-09-30T21:00:00.000000",18.8657932281494
"WI","2026-09-30T22:00:00.000000",18.8526172637939
"WI","2026-09-30T23:00:00.000000",18.8826847076416
"WI","2026-10-01T00:00:00.000000",18.9223136901855
"WI","2026-10-01T01:00:00.000000",18.9587783813477
"WI","2026-10-01T02:00:00.000000",18.9764423370361
"WI","2026-10-01T03:00:00.000000",18.9552040100098
"WI","2026-10-01T04:00:00.000000",18.8938903808594
"WI","2026-10-01T05:00:00.000000",18.8697052001953
"WI","2026-10-01T06:00:00.000000",18.8673648834229
"WI","2026-10-01T07:00:00.000000",18.8614253997803
"WI","2026-10-01T08:00:00.000000",18.9013233184814
"WI","2026-10-01T09:00:00.000000",18.9032573699951
"WI","2026-10-01T10:00:00.000000",18.9029293060303
"WI","2026-10-01T11:00:00.000000",18.9049777984619
"WI","2026-10-01T12:00:00.000000",18.9287166595459
"WI","2026-10-01T13:00:00.000000",18.9646606445312
"WI","2026-10-01T14:00:00.000000",18.9964084625244
"WI","2026-10-01T15:00:00.000000",19.0081405639648
"WI","2026-10-01T16:00:00.000000",18.9790534973145
"WI","2026-10-01T17:00:00.000000",18.945728302002
"WI","2026-10-01T18:00:00.000000",18.9470672607422
"WI","2026-10-01T19:00:00.000000",18.9542617797852
"WI","2026-10-01T20:00:00.000000",18.9639167785645
"WI","2026-10-01T21:00:00.000000",19.0111122131348
"WI","2026-10-01T22:00:00.000000",19.017463684082
"WI","2026-10-01T23:00:00.000000",19.0085849761963
"WI","2026-10-02T00:00:00.000000",19.0303745269775
"WI","2026-10-02T01:00:00.000000",19.0510730743408
"WI","2026-10-02T02:00:00.000000",19.0744647979736
"WI","2026-10-02T03:00:00.000000",19.085620880127
"WI","2026-10-02T04:00:00.000000",19.0721092224121
"WI","2026-10-02T05:00:00.000000",19.0289974212646
"WI","2026-10-02T06:00:00.000000",19.016809463501
"WI","2026-10-02T07:00:00.000000",19.0146389007568
"WI","2026-10-02T08:00:00.000000",19.0102996826172
"WI","2026-10-02T09:00:00.000000",19.0451602935791
"WI","2026-10-02T10:00:00.000000",19.0571899414062
"WI","2026-10-02T11:00:00.000000",19.0567150115967
"WI","2026-10-02T12:00:00.000000",19.0587730407715
"WI","2026-10-02T13:00:00.000000",19.0699787139893
"WI","2026-10-02T14:00:00.000000",19.0950889587402
"WI","2026-10-02T15:00:00.000000",19.1199378967285
"WI","2026-10-02T16:00:00.000000",19.1383972167969
"WI","2026-10-02T17:00:00.000000",19.146879196167
"WI","2026-10-02T18:00:00.000000",19.1195983886719
"WI","2026-10-02T19:00:00.000000",19.1114635467529
"WI","2026-10-02T20:00:00.000000",19.117582321167
"WI","2026-10-02T21:00:00.000000",19.1263275146484
"WI","2026-10-02T22:00:00.000000",19.1653785705566
"WI","2026-10-02T23:00:00.000000",19.1835098266602
"WI","2026-10-03T00:00:00.000000",19.1881656646729
"WI","2026-10-03T01:00:00.000000",19.1975440979004
"WI","2026-10-03T02:00:00.000000",19.2044086456299
"WI","2026-10-03T03:00:00.000000",19.2084693908691
"WI","2026-10-03T04:00:00.000000",19.1766319274902
"WI","2026-10-03T05:00:00.000000",19.1565799713135
"WI","2026-10-03T06:00:00.000000",19.1604595184326
"WI","2026-10-03T07:00:00.000000",19.1543598175049
"WI","2026-10-03T08:00:00.000000",19.1407737731934
"WI","2026-10-03T09:00:00.000000",19.1338291168213
"WI","2026-10-03T10:00:00.000000",19.1088733673096
"WI","2026-10-03T11:00:00.000000",19.0920372009277
"WI","2026-10-03T12:00:00.000000",19.1058521270752
"WI","2026-10-03T13:00:00.000000",19.1189231872559
"WI","2026-10-03T14:00:00.000000",19.1124362945557
"WI","2026-10-03T15:00:00.000000",19.1436214447021
"WI","2026-10-03T16:00:00.000000",19.1690502166748
"WI","2026-10-03T17:00:00.000000",19.1847476959229
"WI","2026-10-03T18:00:00.000000",19.1837749481201
"WI","2026-10-03T19:00:00.000000",19.1830272674561
"WI","2026-10-03T20:00:00.000000",19.1857509613037
"WI","2026-10-03T21:00:00.000000",19.1891765594482
"WI","2026-10-03T22:00:00.000000",19.1858329772949
"WI","2026-10-03T23:00:00.000000",19.1841831207275
"WI","2026-10-04T00:00:00.000000",19.1720581054688
"WI","2026-10-04T01:00:00.000000",19.1526489257812
"WI","2026-10-04T02:00:00.000000",19.1257762908936
"WI","2026-10-04T03:00:00.000000",19.1210536956787
"WI","2026-10-04T04:00:00.000000",19.1445827484131
"WI","2026-10-04T05:00:00.000000",19.1496448516846
"WI","2026-10-04T06:00:00.000000",19.1442337036133
"WI","2026-10-04T07:00:00.000000",19.141580581665
"WI","2026-10-04T08:00:00.000000",19.1355056762695
"WI","2026-10-04T09:00:00.000000",19.1233692169189
"WI","2026-10-04T10:00:00.000000",19.1027545928955
"WI","2026-10-04T11:00:00.000000",19.1162242889404
"WI","2026-10-04T12:00:00.000000",19.1197357177734
"WI","2026-10-04T13:00:00.000000",19.1063499450684
"WI","2026-10-04T14:00:00.000000",19.0991325378418
"WI","2026-10-04T15:00:00.000000",19.1244716644287
"WI","2026-10-04T16:00:00.000000",19.1405410766602
"WI","2026-10-04T17:00:00.000000",19.1695137023926
"WI","2026-10-04T18:00:00.000000",19.1855449676514
"WI","2026-10-04T19:00:00.000000",19.1838493347168
"WI","2026-10-04T20:00:00.000000",19.1584930419922
"WI","2026-10-04T21:00:00.000000",19.137752532959
"WI","2026-10-04T22:00:00.000000",19.1225471496582
"WI","2026-10-04T23:00:00.000000",19.1135292053223
"WI","2026-10-05T00:00:00.000000",19.12428855896
