"site_id","time","temp_c"
"AQ","2026-09-11T00:00:00.000000",19.0267009735107
"AQ","2026-09-11T01:00:00.000000",18.3271236419678
"AQ","2026-09-11T02:00:00.000000",18.1541938781738
"AQ","2026-09-11T03:00:00.000000",18.14111328125
"AQ","2026-09-11T04:00:00.000000",18.1665554046631
"AQ","2026-09-11T05:00:00.000000",18.0821113586426
"AQ","2026-09-11T06:00:00.000000",18.0356369018555
"AQ","2026-09-11T07:00:00.000000",18.0434646606445
"AQ","2026-09-11T08:00:00.000000",18.0310020446777
"AQ","2026-09-11T09:00:00.000000",18.0001525878906
"AQ","2026-09-11T10:00:00.000000",17.9938335418701
"AQ","2026-09-11T11:00:00.000000",17.9894390106201
"AQ","2026-09-11T12:00:00.000000",17.9720230102539
"AQ","2026-09-11T13:00:00.000000",17.9569225311279
"AQ","2026-09-11T14:00:00.000000",18.0121955871582
"AQ","2026-09-11T15:00:00.000000",18.0738391876221
"AQ","2026-09-11T16:00:00.000000",18.1199913024902
"AQ","2026-09-11T17:00:00.000000",18.1307735443115
"AQ","2026-09-11T18:00:00.000000",18.1580543518066
"AQ","2026-09-11T19:00:00.000000",18.1738700866699
"AQ","2026-09-11T20:00:00.000000",18.139139175415
"AQ","2026-09-11T21:00:00.000000",18.1604881286621
"AQ","2026-09-11T22:00:00.000000",18.1591968536377
"AQ","2026-09-11T23:00:00.000000",18.1462821960449
"AQ","2026-09-12T00:00:00.000000",18.1868209838867
"AQ","2026-09-12T01:00:00.000000",17.9251155853271
"AQ","2026-09-12T02:00:00.000000",17.8069438934326
"AQ","2026-09-12T03:00:00.000000",17.7707271575928
"AQ","2026-09-12T04:00:00.000000",17.7759399414062
"AQ","2026-09-12T05:00:00.000000",17.7720947265625
"AQ","2026-09-12T06:00:00.000000",17.674467086792
"AQ","2026-09-12T07:00:00.000000",17.6136016845703
"AQ","2026-09-12T08:00:00.000000",17.6339435577393
"AQ","2026-09-12T09:00:00.000000",17.6242065429688
"AQ","2026-09-12T10:00:00.000000",17.6085948944092
"AQ","2026-09-12T11:00:00.000000",17.5715866088867
"AQ","2026-09-12T12:00:00.000000",17.5937671661377
"AQ","2026-09-12T13:00:00.000000",17.6226482391357
"AQ","2026-09-12T14:00:00.000000",17.6777610778809
"AQ","2026-09-12T15:00:00.000000",17.7806243896484
"AQ","2026-09-12T16:00:00.000000",17.8502006530762
"AQ","2026-09-12T17:00:00.000000",17.9040775299072
"AQ","2026-09-12T18:00:00.000000",17.8722515106201
"AQ","2026-09-12T19:00:00.000000",17.8560256958008
"AQ","2026-09-12T20:00:00.000000",17.8756084442139
"AQ","2026-09-12T21:00:00.000000",17.8596496582031
"AQ","2026-09-12T22:00:00.000000",17.8451919555664
"AQ","2026-09-12T23:00:00.000000",17.7971420288086
"AQ","2026-09-13T00:00:00.000000",17.762056350708
"AQ","2026-09-13T01:00:00.000000",17.8662700653076
"AQ","2026-09-13T02:00:00.000000",17.9494190216064
"AQ","2026-09-13T03:00:00.000000",18.0104198455811
"AQ","2026-09-13T04:00:00.000000",18.0300827026367
"AQ","2026-09-13T05:00:00.000000",18.0371513366699
"AQ","2026-09-13T06:00:00.000000",18.0370006561279
"AQ","2026-09-13T07:00:00.000000",17.9317741394043
"AQ","2026-09-13T08:00:00.000000",17.9073467254639
"AQ","2026-09-13T09:00:00.000000",17.8938732147217
"AQ","2026-09-13T10:00:00.000000",17.8190288543701
"AQ","2026-09-13T11:00:00.000000",17.799768447876
"AQ","2026-09-13T12:00:00.000000",17.7957439422607
"AQ","2026-09-13T13:00:00.000000",17.8507900238037
"AQ","2026-09-13T14:00:00.000000",17.9226913452148
"AQ","2026-09-13T15:00:00.000000",18.0087871551514
"AQ","2026-09-13T16:00:00.000000",18.0505542755127
"AQ","2026-09-13T17:00:00.000000",18.0648632049561
"AQ","2026-09-13T18:00:00.000000",18.0903072357178
"AQ","2026-09-13T19:00:00.000000",18.0226440429688
"AQ","2026-09-13T20:00:00.000000",17.9864120483398
"AQ","2026-09-13T21:00:00.000000",17.9949417114258
"AQ","2026-09-13T22:00:00.000000",17.953706741333
"AQ","2026-09-13T23:00:00.000000",17.924991607666
"AQ","2026-09-14T00:00:00.000000",17.9215240478516
"AQ","2026-09-14T01:00:00.000000",17.9422988891602
"AQ","2026-09-14T02:00:00.000000",17.9613780975342
"AQ","2026-09-14T03:00:00.000000",17.9825172424316
"AQ","2026-09-14T04:00:00.000000",18.0362586975098
"AQ","2026-09-14T05:00:00.000000",18.0655612945557
"AQ","2026-09-14T06:00:00.000000",18.0751476287842
"AQ","2026-09-14T07:00:00.000000",17.9869766235352
"AQ","2026-09-14T08:00:00.000000",17.9224224090576
"AQ","2026-09-14T09:00:00.000000",17.9230422973633
"AQ","2026-09-14T10:00:00.000000",17.9309673309326
"AQ","2026-09-14T11:00:00.000000",17.9100532531738
"AQ","2026-09-14T12:00:00.000000",17.8973007202148
"AQ","2026-09-14T13:00:00.000000",17.9159526824951
"AQ","2026-09-14T14:00:00.000000",17.9574222564697
"AQ","2026-09-14T15:00:00.000000",17.9828300476074
"AQ","2026-09-14T16:00:00.000000",18.0117168426514
"AQ","2026-09-14T17:00:00.000000",18.0516929626465
"AQ","2026-09-14T18:00:00.000000",18.1043910980225
"AQ","2026-09-14T19:00:00.000000",18.1941223144531
"AQ","2026-09-14T20:00:00.000000",18.1842021942139
"AQ","2026-09-14T21:00:00.000000",18.2509098052979
"AQ","2026-09-14T22:00:00.000000",18.1845169067383
"AQ","2026-09-14T23:00:00.000000",18.169361114502
"AQ","2026-09-15T00:00:00.000000",18.1725654602051
"AQ","2026-09-15T01:00:00.000000",18.1647491455078
"AQ","2026-09-15T02:00:00.000000",18.2210731506348
"AQ","2026-09-15T03:00:00.000000",18.2495803833008
"AQ","2026-09-15T04:00:00.000000",18.2379302978516
"AQ","2026-09-15T05:00:00.000000",18.2392807006836
"AQ","2026-09-15T06:00:00.000000",18.2422714233398
"AQ","2026-09-15T07:00:00.000000",18.2354736328125
"AQ","2026-09-15T08:00:00.000000",18.023624420166
"AQ","2026-09-15T09:00:00.000000",17.9544734954834
"AQ","2026-09-15T10:00:00.000000",17.9308185577393
"AQ","2026-09-15T11:00:00.000000",17.9227752685547
"AQ","2026-09-15T12:00:00.000000",17.9159812927246
"AQ","2026-09-15T13:00:00.000000",17.9275074005127
"AQ","2026-09-15T14:00:00.000000",17.9712352752686
"AQ","2026-09-15T15:00:00.000000",18.0211296081543
"AQ","2026-09-15T16:00:00.000000",18.1296730041504
"AQ","2026-09-15T17:00:00.000000",18.216251373291
"AQ","2026-09-15T18:00:00.000000",18.2704238891602
"AQ","2026-09-15T19:00:00.000000",18.3145732879639
"AQ","2026-09-15T20:00:00.000000",18.2558746337891
"AQ","2026-09-15T21:00:00.000000",18.1715297698975
"AQ","2026-09-15T22:00:00.000000",18.2308330535889
"AQ","2026-09-15T23:00:00.000000",18.250696182251
"AQ","2026-09-16T00:00:00.000000",18.1947288513184
"AQ","2026-09-16T01:00:00.000000",18.1653327941895
"AQ","2026-09-16T02:00:00.000000",18.1177597045898
"AQ","2026-09-16T03:00:00.000000",18.1105670928955
"AQ","2026-09-16T04:00:00.000000",18.1260852813721
"AQ","2026-09-16T05:00:00.000000",18.2229671478271
"AQ","2026-09-16T06:00:00.000000",18.3026733398438
"AQ","2026-09-16T07:00:00.000000",18.3096122741699
"AQ","2026-09-16T08:00:00.000000",18.3032722473145
"AQ","2026-09-16T09:00:00.000000",18.2048110961914
"AQ","2026-09-16T10:00:00.000000",18.0988445281982
"AQ","2026-09-16T11:00:00.000000",18.0698490142822
"AQ","2026-09-16T12:00:00.000000",17.9964351654053
"AQ","2026-09-16T13:00:00.000000",17.9410533905029
"AQ","2026-09-16T14:00:00.000000",17.9700584411621
"AQ","2026-09-16T15:00:00.000000",18.0555248260498
"AQ","2026-09-16T16:00:00.000000",18.1629276275635
"AQ","2026-09-16T17:00:00.000000",18.2977828979492
"AQ","2026-09-16T18:00:00.000000",18.4197998046875
"AQ","2026-09-16T19:00:00.000000",18.5164527893066
"AQ","2026-09-16T20:00:00.000000",18.6020927429199
"AQ","2026-09-16T21:00:00.000000",18.4285354614258
"AQ","2026-09-16T22:00:00.000000",18.3811283111572
"AQ","2026-09-16T23:00:00.000000",18.4266567230225
"AQ","2026-09-17T00:00:00.000000",18.4385948181152
"CB","2026-09-11T00:00:00.000000",18.6948909759521
"CB","2026-09-11T01:00:00.000000",18.4150066375732
"CB","2026-09-11T02:00:00.000000",18.2271938323975
"CB","2026-09-11T03:00:00.000000",18.2172889709473
"CB","2026-09-11T04:00:00.000000",18.2139873504639
"CB","2026-09-11T05:00:00.000000",18.1906261444092
"CB","2026-09-11T06:00:00.000000",18.1809768676758
"CB","2026-09-11T07:00:00.000000",18.1837749481201
"CB","2026-09-11T08:00:00.000000",18.1804428100586
"CB","2026-09-11T09:00:00.000000",18.1856174468994
"CB","2026-09-11T10:00:00.000000",18.1852359771729
"CB","2026-09-11T11:00:00.000000",18.1809768676758
"CB","2026-09-11T12:00:00.000000",18.1827754974365
"CB","2026-09-11T13:00:00.000000",18.1682662963867
"CB","2026-09-11T14:00:00.000000",18.1095676422119
"CB","2026-09-11T15:00:00.000000",18.104528427124
"CB","2026-09-11T16:00:00.000000",18.1124687194824
"CB","2026-09-11T17:00:00.000000",18.1145915985107
"CB","2026-09-11T18:00:00.000000",18.1534309387207
"CB","2026-09-11T19:00:00.000000",18.1639404296875
"CB","2026-09-11T20:00:00.000000",18.1730651855469
"CB","2026-09-11T21:00:00.000000",18.1741847991943
"CB","2026-09-11T22:00:00.000000",18.1785087585449
"CB","2026-09-11T23:00:00.000000",18.1763572692871
"CB","2026-09-12T00:00:00.000000",18.1771240234375
"CB","2026-09-12T01:00:00.000000",18.2402114868164
"CB","2026-09-12T02:00:00.000000",18.2280235290527
"CB","2026-09-12T03:00:00.000000",18.1861000061035
"CB","2026-09-12T04:00:00.000000",18.1838893890381
"CB","2026-09-12T05:00:00.000000",18.1854915618896
"CB","2026-09-12T06:00:00.000000",18.1978797912598
"CB","2026-09-12T07:00:00.000000",18.2349891662598
"CB","2026-09-12T08:00:00.000000",18.2620487213135
"CB","2026-09-12T09:00:00.000000",18.2644672393799
"CB","2026-09-12T10:00:00.000000",18.2746658325195
"CB","2026-09-12T11:00:00.000000",18.2752895355225
"CB","2026-09-12T12:00:00.000000",18.2736186981201
"CB","2026-09-12T13:00:00.000000",18.2758026123047
"CB","2026-09-12T14:00:00.000000",18.2449378967285
"CB","2026-09-12T15:00:00.000000",18.2378826141357
"CB","2026-09-12T16:00:00.000000",18.2737350463867
"CB","2026-09-12T17:00:00.000000",18.2795391082764
"CB","2026-09-12T18:00:00.000000",18.2572078704834
"CB","2026-09-12T19:00:00.000000",18.2612628936768
"CB","2026-09-12T20:00:00.000000",18.2702102661133
"CB","2026-09-12T21:00:00.000000",18.2812404632568
"CB","2026-09-12T22:00:00.000000",18.2810363769531
"CB","2026-09-12T23:00:00.000000",18.2852535247803
"CB","2026-09-13T00:00:00.000000",18.2829189300537
"CB","2026-09-13T01:00:00.000000",18.2942543029785
"CB","2026-09-13T02:00:00.000000",18.2974853515625
"CB","2026-09-13T03:00:00.000000",18.3165225982666
"CB","2026-09-13T04:00:00.000000",18.3372936248779
"CB","2026-09-13T05:00:00.000000",18.3496036529541
"CB","2026-09-13T06:00:00.000000",18.3653240203857
"CB","2026-09-13T07:00:00.000000",18.3276653289795
"CB","2026-09-13T08:00:00.000000",18.3143749237061
"CB","2026-09-13T09:00:00.000000",18.3105430603027
"CB","2026-09-13T10:00:00.000000",18.3037910461426
"CB","2026-09-13T11:00:00.000000",18.2922763824463
"CB","2026-09-13T12:00:00.000000",18.2915000915527
"CB","2026-09-13T13:00:00.000000",18.2973918914795
"CB","2026-09-13T14:00:00.000000",18.3021144866943
"CB","2026-09-13T15:00:00.000000",18.322452545166
"CB","2026-09-13T16:00:00.000000",18.3495006561279
"CB","2026-09-13T17:00:00.000000",18.3657035827637
"CB","2026-09-13T18:00:00.000000",18.3771800994873
"CB","2026-09-13T19:00:00.000000",18.3699893951416
"CB","2026-09-13T20:00:00.000000",18.3529224395752
"CB","2026-09-13T21:00:00.000000",18.3424034118652
"CB","2026-09-13T22:00:00.000000",18.3436470031738
"CB","2026-09-13T23:00:00.000000",18.3319702148438
"CB","2026-09-14T00:00:00.000000",18.3283653259277
"CB","2026-09-14T01:00:00.000000",18.3401699066162
"CB","2026-09-14T02:00:00.000000",18.3407077789307
"CB","2026-09-14T03:00:00.000000",18.3256740570068
"CB","2026-09-14T04:00:00.000000",18.3343906402588
"CB","2026-09-14T05:00:00.000000",18.3720111846924
"CB","2026-09-14T06:00:00.000000",18.3795986175537
"CB","2026-09-14T07:00:00.000000",18.3445911407471
"CB","2026-09-14T08:00:00.000000",18.3204517364502
"CB","2026-09-14T09:00:00.000000",18.3327388763428
"CB","2026-09-14T10:00:00.000000",18.3466491699219
"CB","2026-09-14T11:00:00.000000",18.3461437225342
"CB","2026-09-14T12:00:00.000000",18.3437767028809
"CB","2026-09-14T13:00:00.000000",18.3420906066895
"CB","2026-09-14T14:00:00.000000",18.3499336242676
"CB","2026-09-14T15:00:00.000000",18.3676815032959
"CB","2026-09-14T16:00:00.000000",18.4181308746338
"CB","2026-09-14T17:00:00.000000",18.4821071624756
"CB","2026-09-14T18:00:00.000000",18.5073909759521
"CB","2026-09-14T19:00:00.000000",18.4984340667725
"CB","2026-09-14T20:00:00.000000",18.4455947875977
"CB","2026-09-14T21:00:00.000000",18.4071884155273
"CB","2026-09-14T22:00:00.000000",18.4151668548584
"CB","2026-09-14T23:00:00.000000",18.4116649627686
"CB","2026-09-15T00:00:00.000000",18.4158687591553
"CB","2026-09-15T01:00:00.000000",18.4166469573975
"CB","2026-09-15T02:00:00.000000",18.4121189117432
"CB","2026-09-15T03:00:00.000000",18.4159984588623
"CB","2026-09-15T04:00:00.000000",18.398120880127
"CB","2026-09-15T05:00:00.000000",18.3489151000977
"CB","2026-09-15T06:00:00.000000",18.3285827636719
"CB","2026-09-15T07:00:00.000000",18.3342342376709
"CB","2026-09-15T08:00:00.000000",18.3362731933594
"CB","2026-09-15T09:00:00.000000",18.3413219451904
"CB","2026-09-15T10:00:00.000000",18.3726921081543
"CB","2026-09-15T11:00:00.000000",18.381383895874
"CB","2026-09-15T12:00:00.000000",18.3806457519531
"CB","2026-09-15T13:00:00.000000",18.3812255859375
"CB","2026-09-15T14:00:00.000000",18.3843669891357
"CB","2026-09-15T15:00:00.000000",18.3897686004639
"CB","2026-09-15T16:00:00.000000",18.3960800170898
"CB","2026-09-15T17:00:00.000000",18.45263671875
"CB","2026-09-15T18:00:00.000000",18.5255336761475
"CB","2026-09-15T19:00:00.000000",18.5453071594238
"CB","2026-09-15T20:00:00.000000",18.4878063201904
"CB","2026-09-15T21:00:00.000000",18.4481086730957
"CB","2026-09-15T22:00:00.000000",18.4333820343018
"CB","2026-09-15T23:00:00.000000",18.4437580108643
"CB","2026-09-16T00:00:00.000000",18.4434375762939
"CB","2026-09-16T01:00:00.000000",18.4397926330566
"CB","2026-09-16T02:00:00.000000",18.4405097961426
"CB","2026-09-16T03:00:00.000000",18.4485931396484
"CB","2026-09-16T04:00:00.000000",18.4648933410645
"CB","2026-09-16T05:00:00.000000",18.5093784332275
"CB","2026-09-16T06:00:00.000000",18.5355339050293
"CB","2026-09-16T07:00:00.000000",18.531120300293
"CB","2026-09-16T08:00:00.000000",18.5289058685303
"CB","2026-09-16T09:00:00.000000",18.4735908508301
"CB","2026-09-16T10:00:00.000000",18.4574699401855
"CB","2026-09-16T11:00:00.000000",18.4616394042969
"CB","2026-09-16T12:00:00.000000",18.4672412872314
"CB","2026-09-16T13:00:00.000000",18.4602489471436
"CB","2026-09-16T14:00:00.000000",18.4605922698975
"CB","2026-09-16T15:00:00.000000",18.4716644287109
"CB","2026-09-16T16:00:00.000000",18.4994411468506
"CB","2026-09-16T17:00:00.000000",18.559871673584
"CB","2026-09-16T18:00:00.000000",18.6210842132568
"CB","2026-09-16T19:00:00.000000",18.6388683319092
"CB","2026-09-16T20:00:00.000000",18.653564453125
"CB","2026-09-16T21:00:00.000000",18.6205730438232
"CB","2026-09-16T22:00:00.000000",18.5767574310303
"CB","2026-09-16T23:00:00.000000",18.5424861907959
"CB","2026-09-17T00:00:00.000000",18.5502319335938
"CI","2026-09-11T00:00:00.000000",18.7385730743408
"CI","2026-09-11T01:00:00.000000",18.7932624816895
"CI","2026-09-11T02:00:00.000000",18.8606510162354
"CI","2026-09-11T03:00:00.000000",18.9034843444824
"CI","2026-09-11T04:00:00.000000",19.0096797943115
"CI","2026-09-11T05:00:00.000000",19.0266361236572
"CI","2026-09-11T06:00:00.000000",18.9075927734375
"CI","2026-09-11T07:00:00.000000",18.7445735931396
"CI","2026-09-11T08:00:00.000000",18.7411346435547
"CI","2026-09-11T09:00:00.000000",18.7411346435547
"CI","2026-09-11T10:00:00.000000",18.7411346435547
"CI","2026-09-11T11:00:00.000000",18.7411346435547
"CI","2026-09-11T12:00:00.000000",18.7411346435547
"CI","2026-09-11T13:00:00.000000",18.6655902862549
"CI","2026-09-11T14:00:00.000000",18.9409236907959
"CI","2026-09-11T15:00:00.000000",19.1354789733887
"CI","2026-09-11T16:00:00.000000",19.1696357727051
"CI","2026-09-11T17:00:00.000000",19.3148555755615
"CI","2026-09-11T18:00:00.000000",19.3315467834473
"CI","2026-09-11T19:00:00.000000",19.0350494384766
"CI","2026-09-11T20:00:00.000000",18.9493026733398
"CI","2026-09-11T21:00:00.000000",18.9493026733398
"CI","2026-09-11T22:00:00.000000",18.9493026733398
"CI","2026-09-11T23:00:00.000000",18.9493026733398
"CI","2026-09-12T00:00:00.000000",18.9493026733398
"CI","2026-09-12T01:00:00.000000",18.3575420379639
"CI","2026-09-12T02:00:00.000000",18.2386531829834
"CI","2026-09-12T03:00:00.000000",18.1737194061279
"CI","2026-09-12T04:00:00.000000",18.1215648651123
"CI","2026-09-12T05:00:00.000000",18.1559867858887
"CI","2026-09-12T06:00:00.000000",18.1310234069824
"CI","2026-09-12T07:00:00.000000",18.1268138885498
"CI","2026-09-12T08:00:00.000000",18.1312694549561
"CI","2026-09-12T09:00:00.000000",18.1332855224609
"CI","2026-09-12T10:00:00.000000",18.1332855224609
"CI","2026-09-12T11:00:00.000000",18.1332855224609
"CI","2026-09-12T12:00:00.000000",18.1332855224609
"CI","2026-09-12T13:00:00.000000",18.1332855224609
"CI","2026-09-12T14:00:00.000000",18.2581825256348
"CI","2026-09-12T15:00:00.000000",18.25856590271
"CI","2026-09-12T16:00:00.000000",18.2445335388184
"CI","2026-09-12T17:00:00.000000",18.2714233398438
"CI","2026-09-12T18:00:00.000000",18.3256778717041
"CI","2026-09-12T19:00:00.000000",18.3008766174316
"CI","2026-09-12T20:00:00.000000",18.2679901123047
"CI","2026-09-12T21:00:00.000000",18.2599678039551
"CI","2026-09-12T22:00:00.000000",18.2599678039551
"CI","2026-09-12T23:00:00.000000",18.2599678039551
"CI","2026-09-13T00:00:00.000000",18.2599678039551
"CI","2026-09-13T01:00:00.000000",18.2599678039551
"CI","2026-09-13T02:00:00.000000",18.6368827819824
"CI","2026-09-13T03:00:00.000000",18.5504741668701
"CI","2026-09-13T04:00:00.000000",18.482837677002
"CI","2026-09-13T05:00:00.000000",18.4711284637451
"CI","2026-09-13T06:00:00.000000",18.468713760376
"CI","2026-09-13T07:00:00.000000",18.4443397521973
"CI","2026-09-13T08:00:00.000000",18.4719867706299
"CI","2026-09-13T09:00:00.000000",18.5492916107178
"CI","2026-09-13T10:00:00.000000",18.5588855743408
"CI","2026-09-13T11:00:00.000000",18.5588855743408
"CI","2026-09-13T12:00:00.000000",18.5588855743408
"CI","2026-09-13T13:00:00.000000",18.5588855743408
"CI","2026-09-13T14:00:00.000000",18.62619972229
"CI","2026-09-13T15:00:00.000000",18.6194267272949
"CI","2026-09-13T16:00:00.000000",18.5882587432861
"CI","2026-09-13T17:00:00.000000",18.5988941192627
"CI","2026-09-13T18:00:00.000000",18.6036815643311
"CI","2026-09-13T19:00:00.000000",18.6005992889404
"CI","2026-09-13T20:00:00.000000",18.5878047943115
"CI","2026-09-13T21:00:00.000000",18.5996494293213
"CI","2026-09-13T22:00:00.000000",18.6074123382568
"CI","2026-09-13T23:00:00.000000",18.6074123382568
"CI","2026-09-14T00:00:00.000000",18.6074123382568
"CI","2026-09-14T01:00:00.000000",18.6074123382568
"CI","2026-09-14T02:00:00.000000",18.6074123382568
"CI","2026-09-14T03:00:00.000000",18.648344039917
"CI","2026-09-14T04:00:00.000000",18.6423778533936
"CI","2026-09-14T05:00:00.000000",18.6089611053467
"CI","2026-09-14T06:00:00.000000",18.5865936279297
"CI","2026-09-14T07:00:00.000000",18.5984783172607
"CI","2026-09-14T08:00:00.000000",18.6117496490479
"CI","2026-09-14T09:00:00.000000",18.6270122528076
"CI","2026-09-14T10:00:00.000000",18.6265087127686
"CI","2026-09-14T11:00:00.000000",18.6265087127686
"CI","2026-09-14T12:00:00.000000",18.6265087127686
"CI","2026-09-14T13:00:00.000000",18.6265087127686
"CI","2026-09-14T14:00:00.000000",18.6265087127686
"CI","2026-09-14T15:00:00.000000",18.6824321746826
"CI","2026-09-14T16:00:00.000000",18.7332935333252
"CI","2026-09-14T17:00:00.000000",18.7851581573486
"CI","2026-09-14T18:00:00.000000",18.8309173583984
"CI","2026-09-14T19:00:00.000000",18.8465557098389
"CI","2026-09-14T20:00:00.000000",18.8629055023193
"CI","2026-09-14T21:00:00.000000",18.8191566467285
"CI","2026-09-14T22:00:00.000000",18.7770023345947
"CI","2026-09-14T23:00:00.000000",18.7770023345947
"CI","2026-09-15T00:00:00.000000",18.7770023345947
"CI","2026-09-15T01:00:00.000000",18.7770023345947
"CI","2026-09-15T02:00:00.000000",18.7770023345947
"CI","2026-09-15T03:00:00.000000",18.7770023345947
"CI","2026-09-15T04:00:00.000000",18.621940612793
"CI","2026-09-15T05:00:00.000000",18.7187194824219
"CI","2026-09-15T06:00:00.000000",18.6496543884277
"CI","2026-09-15T07:00:00.000000",18.6023406982422
"CI","2026-09-15T08:00:00.000000",18.6162567138672
"CI","2026-09-15T09:00:00.000000",18.6292877197266
"CI","2026-09-15T10:00:00.000000",18.6213512420654
"CI","2026-09-15T11:00:00.000000",18.6214084625244
"CI","2026-09-15T12:00:00.000000",18.6214084625244
"CI","2026-09-15T13:00:00.000000",18.6214084625244
"CI","2026-09-15T14:00:00.000000",18.6214084625244
"CI","2026-09-15T15:00:00.000000",18.6991863250732
"CI","2026-09-15T16:00:00.000000",18.7310523986816
"CI","2026-09-15T17:00:00.000000",18.6795635223389
"CI","2026-09-15T18:00:00.000000",18.6830959320068
"CI","2026-09-15T19:00:00.000000",18.7075023651123
"CI","2026-09-15T20:00:00.000000",18.7348747253418
"CI","2026-09-15T21:00:00.000000",18.7520866394043
"CI","2026-09-15T22:00:00.000000",18.7547550201416
"CI","2026-09-15T23:00:00.000000",18.7562274932861
"CI","2026-09-16T00:00:00.000000",18.7562274932861
"CI","2026-09-16T01:00:00.000000",18.7562274932861
"CI","2026-09-16T02:00:00.000000",18.7562274932861
"CI","2026-09-16T03:00:00.000000",18.7562274932861
"CI","2026-09-16T04:00:00.000000",18.705883026123
"CI","2026-09-16T05:00:00.000000",18.7054119110107
"CI","2026-09-16T06:00:00.000000",18.7374401092529
"CI","2026-09-16T07:00:00.000000",18.7221965789795
"CI","2026-09-16T08:00:00.000000",18.7022285461426
"CI","2026-09-16T09:00:00.000000",18.6943264007568
"CI","2026-09-16T10:00:00.000000",18.6887950897217
"CI","2026-09-16T11:00:00.000000",18.6861476898193
"CI","2026-09-16T12:00:00.000000",18.6866493225098
"CI","2026-09-16T13:00:00.000000",18.6866493225098
"CI","2026-09-16T14:00:00.000000",18.6866493225098
"CI","2026-09-16T15:00:00.000000",18.6866493225098
"CI","2026-09-16T16:00:00.000000",18.8214874267578
"CI","2026-09-16T17:00:00.000000",18.8586177825928
"CI","2026-09-16T18:00:00.000000",18.8705787658691
"CI","2026-09-16T19:00:00.000000",18.8532638549805
"CI","2026-09-16T20:00:00.000000",18.8613700866699
"CI","2026-09-16T21:00:00.000000",18.9158725738525
"CI","2026-09-16T22:00:00.000000",18.9158229827881
"CI","2026-09-16T23:00:00.000000",18.9157085418701
"CI","2026-09-17T00:00:00.000000",18.9142093658447
"DC","2026-09-11T00:00:00.000000",18.8673419952393
"DC","2026-09-11T01:00:00.000000",18.4869537353516
"DC","2026-09-11T02:00:00.000000",18.2557430267334
"DC","2026-09-11T03:00:00.000000",18.2917251586914
"DC","2026-09-11T04:00:00.000000",18.3155918121338
"DC","2026-09-11T05:00:00.000000",18.2865982055664
"DC","2026-09-11T06:00:00.000000",18.2507915496826
"DC","2026-09-11T07:00:00.000000",18.2364597320557
"DC","2026-09-11T08:00:00.000000",18.2364597320557
"DC","2026-09-11T09:00:00.000000",18.2364597320557
"DC","2026-09-11T10:00:00.000000",18.2364597320557
"DC","2026-09-11T11:00:00.000000",18.2364597320557
"DC","2026-09-11T12:00:00.000000",18.2364597320557
"DC","2026-09-11T13:00:00.000000",18.0576114654541
"DC","2026-09-11T14:00:00.000000",18.1331119537354
"DC","2026-09-11T15:00:00.000000",18.2262763977051
"DC","2026-09-11T16:00:00.000000",18.3075008392334
"DC","2026-09-11T17:00:00.000000",18.275691986084
"DC","2026-09-11T18:00:00.000000",18.1831493377686
"DC","2026-09-11T19:00:00.000000",18.1695785522461
"DC","2026-09-11T20:00:00.000000",18.1721000671387
"DC","2026-09-11T21:00:00.000000",18.1721000671387
"DC","2026-09-11T22:00:00.000000",18.1721000671387
"DC","2026-09-11T23:00:00.000000",18.1721000671387
"DC","2026-09-12T00:00:00.000000",18.1721000671387
"DC","2026-09-12T01:00:00.000000",18.1291255950928
"DC","2026-09-12T02:00:00.000000",18.1451396942139
"DC","2026-09-12T03:00:00.000000",18.1447048187256
"DC","2026-09-12T04:00:00.000000",18.1569061279297
"DC","2026-09-12T05:00:00.000000",18.1833400726318
"DC","2026-09-12T06:00:00.000000",18.1961421966553
"DC","2026-09-12T07:00:00.000000",18.2298316955566
"DC","2026-09-12T08:00:00.000000",18.2536315917969
"DC","2026-09-12T09:00:00.000000",18.2536315917969
"DC","2026-09-12T10:00:00.000000",18.2536315917969
"DC","2026-09-12T11:00:00.000000",18.2536315917969
"DC","2026-09-12T12:00:00.000000",18.2536315917969
"DC","2026-09-12T13:00:00.000000",18.2360343933105
"DC","2026-09-12T14:00:00.000000",18.2671508789062
"DC","2026-09-12T15:00:00.000000",18.3635005950928
"DC","2026-09-12T16:00:00.000000",18.4314785003662
"DC","2026-09-12T17:00:00.000000",18.4647121429443
"DC","2026-09-12T18:00:00.000000",18.4362697601318
"DC","2026-09-12T19:00:00.000000",18.3826808929443
"DC","2026-09-12T20:00:00.000000",18.41672706604
"DC","2026-09-12T21:00:00.000000",18.4425048828125
"DC","2026-09-12T22:00:00.000000",18.4425048828125
"DC","2026-09-12T23:00:00.000000",18.4425048828125
"DC","2026-09-13T00:00:00.000000",18.4425048828125
"DC","2026-09-13T01:00:00.000000",18.4425048828125
"DC","2026-09-13T02:00:00.000000",18.3200740814209
"DC","2026-09-13T03:00:00.000000",18.2875423431396
"DC","2026-09-13T04:00:00.000000",18.2767009735107
"DC","2026-09-13T05:00:00.000000",18.2873516082764
"DC","2026-09-13T06:00:00.000000",18.3292293548584
"DC","2026-09-13T07:00:00.000000",18.3546447753906
"DC","2026-09-13T08:00:00.000000",18.3487148284912
"DC","2026-09-13T09:00:00.000000",18.3439464569092
"DC","2026-09-13T10:00:00.000000",18.3439464569092
"DC","2026-09-13T11:00:00.000000",18.3439464569092
"DC","2026-09-13T12:00:00.000000",18.3439464569092
"DC","2026-09-13T13:00:00.000000",18.3439464569092
"DC","2026-09-13T14:00:00.000000",18.3405132293701
"DC","2026-09-13T15:00:00.000000",18.3447456359863
"DC","2026-09-13T16:00:00.000000",18.363094329834
"DC","2026-09-13T17:00:00.000000",18.3836135864258
"DC","2026-09-13T18:00:00.000000",18.3999691009521
"DC","2026-09-13T19:00:00.000000",18.4030742645264
"DC","2026-09-13T20:00:00.000000",18.3978977203369
"DC","2026-09-13T21:00:00.000000",18.4225101470947
"DC","2026-09-13T22:00:00.000000",18.424222946167
"DC","2026-09-13T23:00:00.000000",18.424222946167
"DC","2026-09-14T00:00:00.000000",18.424222946167
"DC","2026-09-14T01:00:00.000000",18.424222946167
"DC","2026-09-14T02:00:00.000000",18.4388427734375
"DC","2026-09-14T03:00:00.000000",18.4399147033691
"DC","2026-09-14T04:00:00.000000",18.4513759613037
"DC","2026-09-14T05:00:00.000000",18.4601078033447
"DC","2026-09-14T06:00:00.000000",18.4659099578857
"DC","2026-09-14T07:00:00.000000",18.4601745605469
"DC","2026-09-14T08:00:00.000000",18.465353012085
"DC","2026-09-14T09:00:00.000000",18.4879245758057
"DC","2026-09-14T10:00:00.000000",18.4831466674805
"DC","2026-09-14T11:00:00.000000",18.4831466674805
"DC","2026-09-14T12:00:00.000000",18.4831466674805
"DC","2026-09-14T13:00:00.000000",18.4831466674805
"DC","2026-09-14T14:00:00.000000",18.4831466674805
"DC","2026-09-14T15:00:00.000000",18.5556793212891
"DC","2026-09-14T16:00:00.000000",18.6107940673828
"DC","2026-09-14T17:00:00.000000",18.6639671325684
"DC","2026-09-14T18:00:00.000000",18.7071838378906
"DC","2026-09-14T19:00:00.000000",18.7065334320068
"DC","2026-09-14T20:00:00.000000",18.6380348205566
"DC","2026-09-14T21:00:00.000000",18.5972194671631
"DC","2026-09-14T22:00:00.000000",18.5615501403809
"DC","2026-09-14T23:00:00.000000",18.5615501403809
"DC","2026-09-15T00:00:00.000000",18.5615501403809
"DC","2026-09-15T01:00:00.000000",18.5615501403809
"DC","2026-09-15T02:00:00.000000",18.5615501403809
"DC","2026-09-15T03:00:00.000000",18.5615501403809
"DC","2026-09-15T04:00:00.000000",18.5054664611816
"DC","2026-09-15T05:00:00.000000",18.5287094116211
"DC","2026-09-15T06:00:00.000000",18.549503326416
"DC","2026-09-15T07:00:00.000000",18.5276584625244
"DC","2026-09-15T08:00:00.000000",18.479866027832
"DC","2026-09-15T09:00:00.000000",18.5136547088623
"DC","2026-09-15T10:00:00.000000",18.7020778656006
"DC","2026-09-15T11:00:00.000000",18.7142925262451
"DC","2026-09-15T12:00:00.000000",18.7142925262451
"DC","2026-09-15T13:00:00.000000",18.7142925262451
"DC","2026-09-15T14:00:00.000000",18.7142925262451
"DC","2026-09-15T15:00:00.000000",18.5557518005371
"DC","2026-09-15T16:00:00.000000",18.5896072387695
"DC","2026-09-15T17:00:00.000000",18.6428127288818
"DC","2026-09-15T18:00:00.000000",18.6715621948242
"DC","2026-09-15T19:00:00.000000",18.6772537231445
"DC","2026-09-15T20:00:00.000000",18.677827835083
"DC","2026-09-15T21:00:00.000000",18.6875247955322
"DC","2026-09-15T22:00:00.000000",18.7127704620361
"DC","2026-09-15T23:00:00.000000",18.7164974212646
"DC","2026-09-16T00:00:00.000000",18.7164974212646
"DC","2026-09-16T01:00:00.000000",18.7164974212646
"DC","2026-09-16T02:00:00.000000",18.7164974212646
"DC","2026-09-16T03:00:00.000000",18.7164974212646
"DC","2026-09-16T04:00:00.000000",18.6221199035645
"DC","2026-09-16T05:00:00.000000",18.5189113616943
"DC","2026-09-16T06:00:00.000000",18.4317359924316
"DC","2026-09-16T07:00:00.000000",18.396728515625
"DC","2026-09-16T08:00:00.000000",18.4881458282471
"DC","2026-09-16T09:00:00.000000",18.5548305511475
"DC","2026-09-16T10:00:00.000000",18.5800762176514
"DC","2026-09-16T11:00:00.000000",18.5918998718262
"DC","2026-09-16T12:00:00.000000",18.5918998718262
"DC","2026-09-16T13:00:00.000000",18.5918998718262
"DC","2026-09-16T14:00:00.000000",18.5918998718262
"DC","2026-09-16T15:00:00.000000",18.5918998718262
"DC","2026-09-16T16:00:00.000000",18.5919857025146
"DC","2026-09-16T17:00:00.000000",18.5944690704346
"DC","2026-09-16T18:00:00.000000",18.5959644317627
"DC","2026-09-16T19:00:00.000000",18.5875339508057
"DC","2026-09-16T20:00:00.000000",18.6095161437988
"DC","2026-09-16T21:00:00.000000",18.6341876983643
"DC","2026-09-16T22:00:00.000000",18.6569652557373
"DC","2026-09-16T23:00:00.000000",18.6582412719727
"DC","2026-09-17T00:00:00.000000",18.6582374572754
"LH","2026-09-11T00:00:00.000000",18.5122680664062
"LH","2026-09-11T01:00:00.000000",18.3724308013916
"LH","2026-09-11T02:00:00.000000",18.1806049346924
"LH","2026-09-11T03:00:00.000000",18.1893138885498
"LH","2026-09-11T04:00:00.000000",18.1950206756592
"LH","2026-09-11T05:00:00.000000",18.2122459411621
"LH","2026-09-11T06:00:00.000000",18.2193641662598
"LH","2026-09-11T07:00:00.000000",18.2175960540771
"LH","2026-09-11T08:00:00.000000",18.2063903808594
"LH","2026-09-11T09:00:00.000000",18.2131805419922
"LH","2026-09-11T10:00:00.000000",18.2131805419922
"LH","2026-09-11T11:00:00.000000",18.2131805419922
"LH","2026-09-11T12:00:00.000000",18.2131805419922
"LH","2026-09-11T13:00:00.000000",18.1396312713623
"LH","2026-09-11T14:00:00.000000",18.1527233123779
"LH","2026-09-11T15:00:00.000000",18.1900939941406
"LH","2026-09-11T16:00:00.000000",18.1965198516846
"LH","2026-09-11T17:00:00.000000",18.1773509979248
"LH","2026-09-11T18:00:00.000000",18.1827526092529
"LH","2026-09-11T19:00:00.000000",18.1840190887451
"LH","2026-09-11T20:00:00.000000",18.1884155273438
"LH","2026-09-11T21:00:00.000000",18.1945552825928
"LH","2026-09-11T22:00:00.000000",18.1947422027588
"LH","2026-09-11T23:00:00.000000",18.1947422027588
"LH","2026-09-12T00:00:00.000000",18.1947422027588
"LH","2026-09-12T01:00:00.000000",18.0973262786865
"LH","2026-09-12T02:00:00.000000",17.7475490570068
"LH","2026-09-12T03:00:00.000000",17.7858180999756
"LH","2026-09-12T04:00:00.000000",17.8254833221436
"LH","2026-09-12T05:00:00.000000",17.8388957977295
"LH","2026-09-12T06:00:00.000000",17.8290061950684
"LH","2026-09-12T07:00:00.000000",17.8154125213623
"LH","2026-09-12T08:00:00.000000",17.807523727417
"LH","2026-09-12T09:00:00.000000",17.7980403900146
"LH","2026-09-12T10:00:00.000000",17.8073177337646
"LH","2026-09-12T11:00:00.000000",17.8073177337646
"LH","2026-09-12T12:00:00.000000",17.8073177337646
"LH","2026-09-12T13:00:00.000000",17.8062629699707
"LH","2026-09-12T14:00:00.000000",17.8359127044678
"LH","2026-09-12T15:00:00.000000",17.9015769958496
"LH","2026-09-12T16:00:00.000000",17.9301300048828
"LH","2026-09-12T17:00:00.000000",17.9350261688232
"LH","2026-09-12T18:00:00.000000",17.9230365753174
"LH","2026-09-12T19:00:00.000000",17.8461570739746
"LH","2026-09-12T20:00:00.000000",17.8306274414062
"LH","2026-09-12T21:00:00.000000",17.825569152832
"LH","2026-09-12T22:00:00.000000",17.8331527709961
"LH","2026-09-12T23:00:00.000000",17.8337287902832
"LH","2026-09-13T00:00:00.000000",17.8337287902832
"LH","2026-09-13T01:00:00.000000",17.8337287902832
"LH","2026-09-13T02:00:00.000000",17.9393215179443
"LH","2026-09-13T03:00:00.000000",18.0413188934326
"LH","2026-09-13T04:00:00.000000",18.1011028289795
"LH","2026-09-13T05:00:00.000000",18.1049365997314
"LH","2026-09-13T06:00:00.000000",18.0835475921631
"LH","2026-09-13T07:00:00.000000",18.0333786010742
"LH","2026-09-13T08:00:00.000000",18.0241832733154
"LH","2026-09-13T09:00:00.000000",18.0233898162842
"LH","2026-09-13T10:00:00.000000",18.0030078887939
"LH","2026-09-13T11:00:00.000000",18.0108909606934
"LH","2026-09-13T12:00:00.000000",18.0108909606934
"LH","2026-09-13T13:00:00.000000",18.0108909606934
"LH","2026-09-13T14:00:00.000000",18.1064109802246
"LH","2026-09-13T15:00:00.000000",18.2392997741699
"LH","2026-09-13T16:00:00.000000",18.1889572143555
"LH","2026-09-13T17:00:00.000000",18.1453762054443
"LH","2026-09-13T18:00:00.000000",18.1515254974365
"LH","2026-09-13T19:00:00.000000",18.206169128418
"LH","2026-09-13T20:00:00.000000",18.0942268371582
"LH","2026-09-13T21:00:00.000000",18.0740966796875
"LH","2026-09-13T22:00:00.000000",18.044376373291
"LH","2026-09-13T23:00:00.000000",18.0629100799561
"LH","2026-09-14T00:00:00.000000",18.0624141693115
"LH","2026-09-14T01:00:00.000000",18.0624141693115
"LH","2026-09-14T02:00:00.000000",18.138219833374
"LH","2026-09-14T03:00:00.000000",18.187084197998
"LH","2026-09-14T04:00:00.000000",18.1487331390381
"LH","2026-09-14T05:00:00.000000",18.1433525085449
"LH","2026-09-14T06:00:00.000000",18.1405277252197
"LH","2026-09-14T07:00:00.000000",18.1574516296387
"LH","2026-09-14T08:00:00.000000",18.1538028717041
"LH","2026-09-14T09:00:00.000000",18.1448879241943
"LH","2026-09-14T10:00:00.000000",18.1203746795654
"LH","2026-09-14T11:00:00.000000",18.1395168304443
"LH","2026-09-14T12:00:00.000000",18.1407222747803
"LH","2026-09-14T13:00:00.000000",18.1407222747803
"LH","2026-09-14T14:00:00.000000",18.1407222747803
"LH","2026-09-14T15:00:00.000000",18.2634410858154
"LH","2026-09-14T16:00:00.000000",18.2971744537354
"LH","2026-09-14T17:00:00.000000",18.3047828674316
"LH","2026-09-14T18:00:00.000000",18.30810546875
"LH","2026-09-14T19:00:00.000000",18.2965641021729
"LH","2026-09-14T20:00:00.000000",18.2384395599365
"LH","2026-09-14T21:00:00.000000",18.2105083465576
"LH","2026-09-14T22:00:00.000000",18.1952857971191
"LH","2026-09-14T23:00:00.000000",18.2024765014648
"LH","2026-09-15T00:00:00.000000",18.2098121643066
"LH","2026-09-15T01:00:00.000000",18.2098121643066
"LH","2026-09-15T02:00:00.000000",18.2098121643066
"LH","2026-09-15T03:00:00.000000",18.2098121643066
"LH","2026-09-15T04:00:00.000000",18.2510032653809
"LH","2026-09-15T05:00:00.000000",18.2936477661133
"LH","2026-09-15T06:00:00.000000",18.3156814575195
"LH","2026-09-15T07:00:00.000000",18.3176612854004
"LH","2026-09-15T08:00:00.000000",18.2999668121338
"LH","2026-09-15T09:00:00.000000",18.2664623260498
"LH","2026-09-15T10:00:00.000000",18.2418384552002
"LH","2026-09-15T11:00:00.000000",18.2203884124756
"LH","2026-09-15T12:00:00.000000",18.2271022796631
"LH","2026-09-15T13:00:00.000000",18.2271022796631
"LH","2026-09-15T14:00:00.000000",18.2271022796631
"LH","2026-09-15T15:00:00.000000",18.3142604827881
"LH","2026-09-15T16:00:00.000000",18.4762001037598
"LH","2026-09-15T17:00:00.000000",18.5572204589844
"LH","2026-09-15T18:00:00.000000",18.5843410491943
"LH","2026-09-15T19:00:00.000000",18.5853881835938
"LH","2026-09-15T20:00:00.000000",18.5643787384033
"LH","2026-09-15T21:00:00.000000",18.4039669036865
"LH","2026-09-15T22:00:00.000000",18.3466854095459
"LH","2026-09-15T23:00:00.000000",18.3072414398193
"LH","2026-09-16T00:00:00.000000",18.3049221038818
"LH","2026-09-16T01:00:00.000000",18.3125629425049
"LH","2026-09-16T02:00:00.000000",18.3125629425049
"LH","2026-09-16T03:00:00.000000",18.3125629425049
"LH","2026-09-16T04:00:00.000000",18.4859752655029
"LH","2026-09-16T05:00:00.000000",18.5477886199951
"LH","2026-09-16T06:00:00.000000",18.6300640106201
"LH","2026-09-16T07:00:00.000000",18.6437854766846
"LH","2026-09-16T08:00:00.000000",18.6378173828125
"LH","2026-09-16T09:00:00.000000",18.572624206543
"LH","2026-09-16T10:00:00.000000",18.4715843200684
"LH","2026-09-16T11:00:00.000000",18.4098224639893
"LH","2026-09-16T12:00:00.000000",18.3826656341553
"LH","2026-09-16T13:00:00.000000",18.398365020752
"LH","2026-09-16T14:00:00.000000",18.398365020752
"LH","2026-09-16T15:00:00.000000",18.398365020752
"LH","2026-09-16T16:00:00.000000",18.6772804260254
"LH","2026-09-16T17:00:00.000000",18.868595123291
"LH","2026-09-16T18:00:00.000000",18.8923320770264
"LH","2026-09-16T19:00:00.000000",18.8862552642822
"LH","2026-09-16T20:00:00.000000",18.8837738037109
"LH","2026-09-16T21:00:00.000000",18.8766574859619
"LH","2026-09-16T22:00:00.000000",18.6768589019775
"LH","2026-09-16T23:00:00.000000",18.572883605957
"LH","2026-09-17T00:00:00.000000",18.5032348632812
"NB","2026-09-11T00:00:00.000000",18.8571929931641
"NB","2026-09-11T01:00:00.000000",18.5711460113525
"NB","2026-09-11T02:00:00.000000",18.2945823669434
"NB","2026-09-11T03:00:00.000000",18.237361907959
"NB","2026-09-11T04:00:00.000000",18.2357006072998
"NB","2026-09-11T05:00:00.000000",18.2548141479492
"NB","2026-09-11T06:00:00.000000",18.2509822845459
"NB","2026-09-11T07:00:00.000000",18.2428855895996
"NB","2026-09-11T08:00:00.000000",18.2495040893555
"NB","2026-09-11T09:00:00.000000",18.2495040893555
"NB","2026-09-11T10:00:00.000000",18.2495040893555
"NB","2026-09-11T11:00:00.000000",18.2495040893555
"NB","2026-09-11T12:00:00.000000",18.1269416809082
"NB","2026-09-11T13:00:00.000000",18.0995864868164
"NB","2026-09-11T14:00:00.000000",18.0749664306641
"NB","2026-09-11T15:00:00.000000",18.0686092376709
"NB","2026-09-11T16:00:00.000000",18.0821743011475
"NB","2026-09-11T17:00:00.000000",18.0940895080566
"NB","2026-09-11T18:00:00.000000",18.0857276916504
"NB","2026-09-11T19:00:00.000000",18.1083946228027
"NB","2026-09-11T20:00:00.000000",18.1535587310791
"NB","2026-09-11T21:00:00.000000",18.1752738952637
"NB","2026-09-11T22:00:00.000000",18.1752738952637
"NB","2026-09-11T23:00:00.000000",18.1752738952637
"NB","2026-09-12T00:00:00.000000",18.1489543914795
"NB","2026-09-12T01:00:00.000000",18.1423072814941
"NB","2026-09-12T02:00:00.000000",18.1447334289551
"NB","2026-09-12T03:00:00.000000",18.1415367126465
"NB","2026-09-12T04:00:00.000000",18.1436901092529
"NB","2026-09-12T05:00:00.000000",18.1621875762939
"NB","2026-09-12T06:00:00.000000",18.2011013031006
"NB","2026-09-12T07:00:00.000000",18.2327404022217
"NB","2026-09-12T08:00:00.000000",18.2399044036865
"NB","2026-09-12T09:00:00.000000",18.2398681640625
"NB","2026-09-12T10:00:00.000000",18.2398681640625
"NB","2026-09-12T11:00:00.000000",18.2398681640625
"NB","2026-09-12T12:00:00.000000",18.2398681640625
"NB","2026-09-12T13:00:00.000000",18.1377544403076
"NB","2026-09-12T14:00:00.000000",18.1399383544922
"NB","2026-09-12T15:00:00.000000",18.1695690155029
"NB","2026-09-12T16:00:00.000000",18.2010803222656
"NB","2026-09-12T17:00:00.000000",18.2268886566162
"NB","2026-09-12T18:00:00.000000",18.2473392486572
"NB","2026-09-12T19:00:00.000000",18.2795276641846
"NB","2026-09-12T20:00:00.000000",18.3712711334229
"NB","2026-09-12T21:00:00.000000",18.3804340362549
"NB","2026-09-12T22:00:00.000000",18.3804187774658
"NB","2026-09-12T23:00:00.000000",18.3804187774658
"NB","2026-09-13T00:00:00.000000",18.3804187774658
"NB","2026-09-13T01:00:00.000000",18.4061717987061
"NB","2026-09-13T02:00:00.000000",18.4774379730225
"NB","2026-09-13T03:00:00.000000",18.4855842590332
"NB","2026-09-13T04:00:00.000000",18.4742298126221
"NB","2026-09-13T05:00:00.000000",18.4656505584717
"NB","2026-09-13T06:00:00.000000",18.4691600799561
"NB","2026-09-13T07:00:00.000000",18.4827766418457
"NB","2026-09-13T08:00:00.000000",18.4881458282471
"NB","2026-09-13T09:00:00.000000",18.4888744354248
"NB","2026-09-13T10:00:00.000000",18.4898738861084
"NB","2026-09-13T11:00:00.000000",18.4898738861084
"NB","2026-09-13T12:00:00.000000",18.4898738861084
"NB","2026-09-13T13:00:00.000000",18.4446411132812
"NB","2026-09-13T14:00:00.000000",18.4498043060303
"NB","2026-09-13T15:00:00.000000",18.4612331390381
"NB","2026-09-13T16:00:00.000000",18.459415435791
"NB","2026-09-13T17:00:00.000000",18.4584274291992
"NB","2026-09-13T18:00:00.000000",18.4619655609131
"NB","2026-09-13T19:00:00.000000",18.4721374511719
"NB","2026-09-13T20:00:00.000000",18.4851589202881
"NB","2026-09-13T21:00:00.000000",18.4989833831787
"NB","2026-09-13T22:00:00.000000",18.5119533538818
"NB","2026-09-13T23:00:00.000000",18.5139808654785
"NB","2026-09-14T00:00:00.000000",18.5139808654785
"NB","2026-09-14T01:00:00.000000",18.514892578125
"NB","2026-09-14T02:00:00.000000",18.5154132843018
"NB","2026-09-14T03:00:00.000000",18.5279960632324
"NB","2026-09-14T04:00:00.000000",18.5330410003662
"NB","2026-09-14T05:00:00.000000",18.5369853973389
"NB","2026-09-14T06:00:00.000000",18.5436744689941
"NB","2026-09-14T07:00:00.000000",18.5517482757568
"NB","2026-09-14T08:00:00.000000",18.5517711639404
"NB","2026-09-14T09:00:00.000000",18.5522136688232
"NB","2026-09-14T10:00:00.000000",18.5522136688232
"NB","2026-09-14T11:00:00.000000",18.5522136688232
"NB","2026-09-14T12:00:00.000000",18.5522136688232
"NB","2026-09-14T13:00:00.000000",18.5522136688232
"NB","2026-09-14T14:00:00.000000",18.5568294525146
"NB","2026-09-14T15:00:00.000000",18.5898571014404
"NB","2026-09-14T16:00:00.000000",18.6073341369629
"NB","2026-09-14T17:00:00.000000",18.6158466339111
"NB","2026-09-14T18:00:00.000000",18.6163425445557
"NB","2026-09-14T19:00:00.000000",18.6270542144775
"NB","2026-09-14T20:00:00.000000",18.6612453460693
"NB","2026-09-14T21:00:00.000000",18.7188625335693
"NB","2026-09-14T22:00:00.000000",18.7771434783936
"NB","2026-09-14T23:00:00.000000",18.781286239624
"NB","2026-09-15T00:00:00.000000",18.781286239624
"NB","2026-09-15T01:00:00.000000",18.781286239624
"NB","2026-09-15T02:00:00.000000",18.7777538299561
"NB","2026-09-15T03:00:00.000000",18.7455730438232
"NB","2026-09-15T04:00:00.000000",18.7358837127686
"NB","2026-09-15T05:00:00.000000",18.7213439941406
"NB","2026-09-15T06:00:00.000000",18.7117443084717
"NB","2026-09-15T07:00:00.000000",18.7192134857178
"NB","2026-09-15T08:00:00.000000",18.7242336273193
"NB","2026-09-15T09:00:00.000000",18.7242259979248
"NB","2026-09-15T10:00:00.000000",18.7242259979248
"NB","2026-09-15T11:00:00.000000",18.7242107391357
"NB","2026-09-15T12:00:00.000000",18.7241973876953
"NB","2026-09-15T13:00:00.000000",18.7241973876953
"NB","2026-09-15T14:00:00.000000",18.6744766235352
"NB","2026-09-15T15:00:00.000000",18.6761779785156
"NB","2026-09-15T16:00:00.000000",18.6993045806885
"NB","2026-09-15T17:00:00.000000",18.716272354126
"NB","2026-09-15T18:00:00.000000",18.7346706390381
"NB","2026-09-15T19:00:00.000000",18.7561492919922
"NB","2026-09-15T20:00:00.000000",18.7725028991699
"NB","2026-09-15T21:00:00.000000",18.7904930114746
"NB","2026-09-15T22:00:00.000000",18.8202285766602
"NB","2026-09-15T23:00:00.000000",18.8357830047607
"NB","2026-09-16T00:00:00.000000",18.8357830047607
"NB","2026-09-16T01:00:00.000000",18.8357830047607
"NB","2026-09-16T02:00:00.000000",18.8357830047607
"NB","2026-09-16T03:00:00.000000",18.7616729736328
"NB","2026-09-16T04:00:00.000000",18.738862991333
"NB","2026-09-16T05:00:00.000000",18.7269172668457
"NB","2026-09-16T06:00:00.000000",18.7210922241211
"NB","2026-09-16T07:00:00.000000",18.7227840423584
"NB","2026-09-16T08:00:00.000000",18.7346572875977
"NB","2026-09-16T09:00:00.000000",18.7553939819336
"NB","2026-09-16T10:00:00.000000",18.7856063842773
"NB","2026-09-16T11:00:00.000000",18.8068962097168
"NB","2026-09-16T12:00:00.000000",18.8203468322754
"NB","2026-09-16T13:00:00.000000",18.8052616119385
"NB","2026-09-16T14:00:00.000000",18.7681255340576
"NB","2026-09-16T15:00:00.000000",18.8141689300537
"NB","2026-09-16T16:00:00.000000",18.8733158111572
"NB","2026-09-16T17:00:00.000000",18.9331893920898
"NB","2026-09-16T18:00:00.000000",19.0148582458496
"NB","2026-09-16T19:00:00.000000",19.078067779541
"NB","2026-09-16T20:00:00.000000",19.1152400970459
"NB","2026-09-16T21:00:00.000000",19.1387615203857
"NB","2026-09-16T22:00:00.000000",19.1572303771973
"NB","2026-09-16T23:00:00.000000",19.1645259857178
"NB","2026-09-17T00:00:00.000000",19.1663875579834
"PC","2026-09-11T00:00:00.000000",18.4567222595215
"PC","2026-09-11T01:00:00.000000",18.8729915618896
"PC","2026-09-11T02:00:00.000000",18.9938201904297
"PC","2026-09-11T03:00:00.000000",19.1622295379639
"PC","2026-09-11T04:00:00.000000",19.2837829589844
"PC","2026-09-11T05:00:00.000000",19.3342018127441
"PC","2026-09-11T06:00:00.000000",19.1954898834229
"PC","2026-09-11T07:00:00.000000",19.1131038665771
"PC","2026-09-11T08:00:00.000000",19.0828247070312
"PC","2026-09-11T09:00:00.000000",19.0767650604248
"PC","2026-09-11T10:00:00.000000",19.0763835906982
"PC","2026-09-11T11:00:00.000000",19.0763854980469
"PC","2026-09-11T12:00:00.000000",19.0763835906982
"PC","2026-09-11T13:00:00.000000",19.0763988494873
"PC","2026-09-11T14:00:00.000000",19.088436126709
"PC","2026-09-11T15:00:00.000000",19.090295791626
"PC","2026-09-11T16:00:00.000000",19.3090133666992
"PC","2026-09-11T17:00:00.000000",19.4353046417236
"PC","2026-09-11T18:00:00.000000",19.4166316986084
"PC","2026-09-11T19:00:00.000000",19.2306976318359
"PC","2026-09-11T20:00:00.000000",19.1779079437256
"PC","2026-09-11T21:00:00.000000",19.1567077636719
"PC","2026-09-11T22:00:00.000000",19.1544933319092
"PC","2026-09-11T23:00:00.000000",19.1544151306152
"PC","2026-09-12T00:00:00.000000",19.1544380187988
"PC","2026-09-12T01:00:00.000000",18.7344913482666
"PC","2026-09-12T02:00:00.000000",18.6309185028076
"PC","2026-09-12T03:00:00.000000",18.1785640716553
"PC","2026-09-12T04:00:00.000000",18.2098331451416
"PC","2026-09-12T05:00:00.000000",18.2257385253906
"PC","2026-09-12T06:00:00.000000",18.2073192596436
"PC","2026-09-12T07:00:00.000000",18.2534084320068
"PC","2026-09-12T08:00:00.000000",18.3263988494873
"PC","2026-09-12T09:00:00.000000",18.3586406707764
"PC","2026-09-12T10:00:00.000000",18.3681869506836
"PC","2026-09-12T11:00:00.000000",18.3717823028564
"PC","2026-09-12T12:00:00.000000",18.3738574981689
"PC","2026-09-12T13:00:00.000000",18.3753414154053
"PC","2026-09-12T14:00:00.000000",18.3734893798828
"PC","2026-09-12T15:00:00.000000",18.3489742279053
"PC","2026-09-12T16:00:00.000000",18.292911529541
"PC","2026-09-12T17:00:00.000000",18.2924633026123
"PC","2026-09-12T18:00:00.000000",18.2863368988037
"PC","2026-09-12T19:00:00.000000",18.2702350616455
"PC","2026-09-12T20:00:00.000000",18.3025817871094
"PC","2026-09-12T21:00:00.000000",18.3361263275146
"PC","2026-09-12T22:00:00.000000",18.3473224639893
"PC","2026-09-12T23:00:00.000000",18.3493633270264
"PC","2026-09-13T00:00:00.000000",18.3505878448486
"PC","2026-09-13T01:00:00.000000",18.7570171356201
"PC","2026-09-13T02:00:00.000000",18.8176193237305
"PC","2026-09-13T03:00:00.000000",18.7620830535889
"PC","2026-09-13T04:00:00.000000",18.5328807830811
"PC","2026-09-13T05:00:00.000000",18.5666637420654
"PC","2026-09-13T06:00:00.000000",18.5506687164307
"PC","2026-09-13T07:00:00.000000",18.5247821807861
"PC","2026-09-13T08:00:00.000000",18.5834865570068
"PC","2026-09-13T09:00:00.000000",18.6353359222412
"PC","2026-09-13T10:00:00.000000",18.652738571167
"PC","2026-09-13T11:00:00.000000",18.6576099395752
"PC","2026-09-13T12:00:00.000000",18.6598796844482
"PC","2026-09-13T13:00:00.000000",18.6611785888672
"PC","2026-09-13T14:00:00.000000",18.6620483398438
"PC","2026-09-13T15:00:00.000000",18.6679515838623
"PC","2026-09-13T16:00:00.000000",18.5724601745605
"PC","2026-09-13T17:00:00.000000",18.5839138031006
"PC","2026-09-13T18:00:00.000000",18.5793266296387
"PC","2026-09-13T19:00:00.000000",18.5562152862549
"PC","2026-09-13T20:00:00.000000",18.5435466766357
"PC","2026-09-13T21:00:00.000000",18.5961360931396
"PC","2026-09-13T22:00:00.000000",18.6181144714355
"PC","2026-09-13T23:00:00.000000",18.6239223480225
"PC","2026-09-14T00:00:00.000000",18.6253814697266
"PC","2026-09-14T01:00:00.000000",18.6257343292236
"PC","2026-09-14T02:00:00.000000",18.6261310577393
"PC","2026-09-14T03:00:00.000000",18.6264629364014
"PC","2026-09-14T04:00:00.000000",18.62864112854
"PC","2026-09-14T05:00:00.000000",18.5968723297119
"PC","2026-09-14T06:00:00.000000",18.6019611358643
"PC","2026-09-14T07:00:00.000000",18.5881938934326
"PC","2026-09-14T08:00:00.000000",18.5852317810059
"PC","2026-09-14T09:00:00.000000",18.6096591949463
"PC","2026-09-14T10:00:00.000000",18.6221466064453
"PC","2026-09-14T11:00:00.000000",18.6228504180908
"PC","2026-09-14T12:00:00.000000",18.6228618621826
"PC","2026-09-14T13:00:00.000000",18.6228618621826
"PC","2026-09-14T14:00:00.000000",18.6228618621826
"PC","2026-09-14T15:00:00.000000",18.6229228973389
"PC","2026-09-14T16:00:00.000000",18.6718349456787
"PC","2026-09-14T17:00:00.000000",18.6856746673584
"PC","2026-09-14T18:00:00.000000",18.7245216369629
"PC","2026-09-14T19:00:00.000000",18.7324886322021
"PC","2026-09-14T20:00:00.000000",18.7116718292236
"PC","2026-09-14T21:00:00.000000",18.6761302947998
"PC","2026-09-14T22:00:00.000000",18.6740951538086
"PC","2026-09-14T23:00:00.000000",18.6741943359375
"PC","2026-09-15T00:00:00.000000",18.6744384765625
"PC","2026-09-15T01:00:00.000000",18.6745147705078
"PC","2026-09-15T02:00:00.000000",18.6745777130127
"PC","2026-09-15T03:00:00.000000",18.6747283935547
"PC","2026-09-15T04:00:00.000000",18.6748065948486
"PC","2026-09-15T05:00:00.000000",18.6850128173828
"PC","2026-09-15T06:00:00.000000",18.5965175628662
"PC","2026-09-15T07:00:00.000000",18.6116352081299
"PC","2026-09-15T08:00:00.000000",18.5945835113525
"PC","2026-09-15T09:00:00.000000",18.6057109832764
"PC","2026-09-15T10:00:00.000000",18.6409454345703
"PC","2026-09-15T11:00:00.000000",18.6474285125732
"PC","2026-09-15T12:00:00.000000",18.6475696563721
"PC","2026-09-15T13:00:00.000000",18.6475830078125
"PC","2026-09-15T14:00:00.000000",18.6475868225098
"PC","2026-09-15T15:00:00.000000",18.6476421356201
"PC","2026-09-15T16:00:00.000000",18.6469039916992
"PC","2026-09-15T17:00:00.000000",18.7226009368896
"PC","2026-09-15T18:00:00.000000",18.7121562957764
"PC","2026-09-15T19:00:00.000000",18.7024402618408
"PC","2026-09-15T20:00:00.000000",18.6886501312256
"PC","2026-09-15T21:00:00.000000",18.6974296569824
"PC","2026-09-15T22:00:00.000000",18.7014217376709
"PC","2026-09-15T23:00:00.000000",18.7044677734375
"PC","2026-09-16T00:00:00.000000",18.7044506072998
"PC","2026-09-16T01:00:00.000000",18.7044677734375
"PC","2026-09-16T02:00:00.000000",18.704496383667
"PC","2026-09-16T03:00:00.000000",18.7045574188232
"PC","2026-09-16T04:00:00.000000",18.7045574188232
"PC","2026-09-16T05:00:00.000000",18.7048759460449
"PC","2026-09-16T06:00:00.000000",18.7118034362793
"PC","2026-09-16T07:00:00.000000",18.6254138946533
"PC","2026-09-16T08:00:00.000000",18.6307544708252
"PC","2026-09-16T09:00:00.000000",18.6215991973877
"PC","2026-09-16T10:00:00.000000",18.6609039306641
"PC","2026-09-16T11:00:00.000000",18.6825084686279
"PC","2026-09-16T12:00:00.000000",18.6840343475342
"PC","2026-09-16T13:00:00.000000",18.6840534210205
"PC","2026-09-16T14:00:00.000000",18.6840515136719
"PC","2026-09-16T15:00:00.000000",18.6840515136719
"PC","2026-09-16T16:00:00.000000",18.6842041015625
"PC","2026-09-16T17:00:00.000000",18.692626953125
"PC","2026-09-16T18:00:00.000000",18.8102779388428
"PC","2026-09-16T19:00:00.000000",18.8450317382812
"PC","2026-09-16T20:00:00.000000",18.8456592559814
"PC","2026-09-16T21:00:00.000000",18.8401355743408
"PC","2026-09-16T22:00:00.000000",18.8124237060547
"PC","2026-09-16T23:00:00.000000",18.7924137115479
"PC","2026-09-17T00:00:00.000000",18.7864780426025
"PV","2026-09-11T00:00:00.000000",18.6288871765137
"PV","2026-09-11T01:00:00.000000",18.4762306213379
"PV","2026-09-11T02:00:00.000000",18.366527557373
"PV","2026-09-11T03:00:00.000000",18.3490352630615
"PV","2026-09-11T04:00:00.000000",18.2915935516357
"PV","2026-09-11T05:00:00.000000",18.2304229736328
"PV","2026-09-11T06:00:00.000000",18.2538204193115
"PV","2026-09-11T07:00:00.000000",18.2875995635986
"PV","2026-09-11T08:00:00.000000",18.3094310760498
"PV","2026-09-11T09:00:00.000000",18.3094310760498
"PV","2026-09-11T10:00:00.000000",18.3094310760498
"PV","2026-09-11T11:00:00.000000",18.3094310760498
"PV","2026-09-11T12:00:00.000000",18.2690773010254
"PV","2026-09-11T13:00:00.000000",18.2632217407227
"PV","2026-09-11T14:00:00.000000",18.2547588348389
"PV","2026-09-11T15:00:00.000000",18.2413921356201
"PV","2026-09-11T16:00:00.000000",18.2312393188477
"PV","2026-09-11T17:00:00.000000",18.2559871673584
"PV","2026-09-11T18:00:00.000000",18.2785549163818
"PV","2026-09-11T19:00:00.000000",18.2858390808105
"PV","2026-09-11T20:00:00.000000",18.290994644165
"PV","2026-09-11T21:00:00.000000",18.298282623291
"PV","2026-09-11T22:00:00.000000",18.298282623291
"PV","2026-09-11T23:00:00.000000",18.298282623291
"PV","2026-09-12T00:00:00.000000",18.3642845153809
"PV","2026-09-12T01:00:00.000000",18.2147407531738
"PV","2026-09-12T02:00:00.000000",17.9864864349365
"PV","2026-09-12T03:00:00.000000",17.8980159759521
"PV","2026-09-12T04:00:00.000000",17.8737125396729
"PV","2026-09-12T05:00:00.000000",17.827507019043
"PV","2026-09-12T06:00:00.000000",17.7896938323975
"PV","2026-09-12T07:00:00.000000",17.8219947814941
"PV","2026-09-12T08:00:00.000000",17.8534088134766
"PV","2026-09-12T09:00:00.000000",17.8730907440186
"PV","2026-09-12T10:00:00.000000",17.8730907440186
"PV","2026-09-12T11:00:00.000000",17.8730907440186
"PV","2026-09-12T12:00:00.000000",17.8606224060059
"PV","2026-09-12T13:00:00.000000",17.8608112335205
"PV","2026-09-12T14:00:00.000000",17.8693294525146
"PV","2026-09-12T15:00:00.000000",17.8794364929199
"PV","2026-09-12T16:00:00.000000",17.8876171112061
"PV","2026-09-12T17:00:00.000000",17.9024925231934
"PV","2026-09-12T18:00:00.000000",17.9684276580811
"PV","2026-09-12T19:00:00.000000",18.035306930542
"PV","2026-09-12T20:00:00.000000",18.0828685760498
"PV","2026-09-12T21:00:00.000000",18.1415328979492
"PV","2026-09-12T22:00:00.000000",18.1761131286621
"PV","2026-09-12T23:00:00.000000",18.1761131286621
"PV","2026-09-13T00:00:00.000000",18.1761131286621
"PV","2026-09-13T01:00:00.000000",18.210807800293
"PV","2026-09-13T02:00:00.000000",18.1911125183105
"PV","2026-09-13T03:00:00.000000",18.1858081817627
"PV","2026-09-13T04:00:00.000000",18.175048828125
"PV","2026-09-13T05:00:00.000000",18.1509532928467
"PV","2026-09-13T06:00:00.000000",18.1200923919678
"PV","2026-09-13T07:00:00.000000",18.1506996154785
"PV","2026-09-13T08:00:00.000000",18.1855163574219
"PV","2026-09-13T09:00:00.000000",18.2129955291748
"PV","2026-09-13T10:00:00.000000",18.2730808258057
"PV","2026-09-13T11:00:00.000000",18.2754936218262
"PV","2026-09-13T12:00:00.000000",18.2754936218262
"PV","2026-09-13T13:00:00.000000",18.2852783203125
"PV","2026-09-13T14:00:00.000000",18.2835426330566
"PV","2026-09-13T15:00:00.000000",18.2795429229736
"PV","2026-09-13T16:00:00.000000",18.2760620117188
"PV","2026-09-13T17:00:00.000000",18.2741451263428
"PV","2026-09-13T18:00:00.000000",18.272403717041
"PV","2026-09-13T19:00:00.000000",18.2601356506348
"PV","2026-09-13T20:00:00.000000",18.279275894165
"PV","2026-09-13T21:00:00.000000",18.3023128509521
"PV","2026-09-13T22:00:00.000000",18.3370380401611
"PV","2026-09-13T23:00:00.000000",18.3412418365479
"PV","2026-09-14T00:00:00.000000",18.3412418365479
"PV","2026-09-14T01:00:00.000000",18.3810806274414
"PV","2026-09-14T02:00:00.000000",18.4181671142578
"PV","2026-09-14T03:00:00.000000",18.4143562316895
"PV","2026-09-14T04:00:00.000000",18.4250583648682
"PV","2026-09-14T05:00:00.000000",18.4232234954834
"PV","2026-09-14T06:00:00.000000",18.4078426361084
"PV","2026-09-14T07:00:00.000000",18.4210243225098
"PV","2026-09-14T08:00:00.000000",18.4445343017578
"PV","2026-09-14T09:00:00.000000",18.4599132537842
"PV","2026-09-14T10:00:00.000000",18.4599285125732
"PV","2026-09-14T11:00:00.000000",18.4599285125732
"PV","2026-09-14T12:00:00.000000",18.4599285125732
"PV","2026-09-14T13:00:00.000000",18.4599056243896
"PV","2026-09-14T14:00:00.000000",18.4601440429688
"PV","2026-09-14T15:00:00.000000",18.481424331665
"PV","2026-09-14T16:00:00.000000",18.4897136688232
"PV","2026-09-14T17:00:00.000000",18.4870204925537
"PV","2026-09-14T18:00:00.000000",18.4876022338867
"PV","2026-09-14T19:00:00.000000",18.517599105835
"PV","2026-09-14T20:00:00.000000",18.5623722076416
"PV","2026-09-14T21:00:00.000000",18.5854091644287
"PV","2026-09-14T22:00:00.000000",18.6005973815918
"PV","2026-09-14T23:00:00.000000",18.6426219940186
"PV","2026-09-15T00:00:00.000000",18.6426219940186
"PV","2026-09-15T01:00:00.000000",18.6426219940186
"PV","2026-09-15T02:00:00.000000",18.6426200866699
"PV","2026-09-15T03:00:00.000000",18.6427478790283
"PV","2026-09-15T04:00:00.000000",18.6412944793701
"PV","2026-09-15T05:00:00.000000",18.6294574737549
"PV","2026-09-15T06:00:00.000000",18.6186256408691
"PV","2026-09-15T07:00:00.000000",18.5897121429443
"PV","2026-09-15T08:00:00.000000",18.5616207122803
"PV","2026-09-15T09:00:00.000000",18.5682334899902
"PV","2026-09-15T10:00:00.000000",18.5886783599854
"PV","2026-09-15T11:00:00.000000",18.5936717987061
"PV","2026-09-15T12:00:00.000000",18.5936717987061
"PV","2026-09-15T13:00:00.000000",18.5936717987061
"PV","2026-09-15T14:00:00.000000",18.5936717987061
"PV","2026-09-15T15:00:00.000000",18.6105670928955
"PV","2026-09-15T16:00:00.000000",18.627965927124
"PV","2026-09-15T17:00:00.000000",18.6443939208984
"PV","2026-09-15T18:00:00.000000",18.6602725982666
"PV","2026-09-15T19:00:00.000000",18.6746578216553
"PV","2026-09-15T20:00:00.000000",18.6993236541748
"PV","2026-09-15T21:00:00.000000",18.7591800689697
"PV","2026-09-15T22:00:00.000000",18.8077812194824
"PV","2026-09-15T23:00:00.000000",18.8374118804932
"PV","2026-09-16T00:00:00.000000",18.8762760162354
"PV","2026-09-16T01:00:00.000000",18.9147167205811
"PV","2026-09-16T02:00:00.000000",18.9188671112061
"PV","2026-09-16T03:00:00.000000",18.9188709259033
"PV","2026-09-16T04:00:00.000000",18.9188671112061
"PV","2026-09-16T05:00:00.000000",18.9188671112061
"PV","2026-09-16T06:00:00.000000",18.9158725738525
"PV","2026-09-16T07:00:00.000000",18.9070835113525
"PV","2026-09-16T08:00:00.000000",18.8870525360107
"PV","2026-09-16T09:00:00.000000",18.8490982055664
"PV","2026-09-16T10:00:00.000000",18.8599548339844
"PV","2026-09-16T11:00:00.000000",18.8805255889893
"PV","2026-09-16T12:00:00.000000",18.8877925872803
"PV","2026-09-16T13:00:00.000000",18.8877925872803
"PV","2026-09-16T14:00:00.000000",18.878210067749
"PV","2026-09-16T15:00:00.000000",18.8667964935303
"PV","2026-09-16T16:00:00.000000",18.8787117004395
"PV","2026-09-16T17:00:00.000000",18.8983821868896
"PV","2026-09-16T18:00:00.000000",18.9086647033691
"PV","2026-09-16T19:00:00.000000",18.9252471923828
"PV","2026-09-16T20:00:00.000000",18.9505443572998
"PV","2026-09-16T21:00:00.000000",19.0115756988525
"PV","2026-09-16T22:00:00.000000",19.0605812072754
"PV","2026-09-16T23:00:00.000000",19.0818843841553
"PV","2026-09-17T00:00:00.000000",19.0888423919678
"SH","2026-09-11T00:00:00.000000",18.9325675964355
"SH","2026-09-11T01:00:00.000000",18.8899726867676
"SH","2026-09-11T02:00:00.000000",18.630220413208
"SH","2026-09-11T03:00:00.000000",18.5400371551514
"SH","2026-09-11T04:00:00.000000",18.5764636993408
"SH","2026-09-11T05:00:00.000000",18.6773014068604
"SH","2026-09-11T06:00:00.000000",18.7607765197754
"SH","2026-09-11T07:00:00.000000",18.7259998321533
"SH","2026-09-11T08:00:00.000000",18.6405639648438
"SH","2026-09-11T09:00:00.000000",18.6246166229248
"SH","2026-09-11T10:00:00.000000",18.6246166229248
"SH","2026-09-11T11:00:00.000000",18.6246166229248
"SH","2026-09-11T12:00:00.000000",18.6246166229248
"SH","2026-09-11T13:00:00.000000",18.7570037841797
"SH","2026-09-11T14:00:00.000000",18.7234382629395
"SH","2026-09-11T15:00:00.000000",18.6537380218506
"SH","2026-09-11T16:00:00.000000",18.6561107635498
"SH","2026-09-11T17:00:00.000000",18.7657337188721
"SH","2026-09-11T18:00:00.000000",18.9435520172119
"SH","2026-09-11T19:00:00.000000",18.981258392334
"SH","2026-09-11T20:00:00.000000",18.8742084503174
"SH","2026-09-11T21:00:00.000000",18.8411769866943
"SH","2026-09-11T22:00:00.000000",18.8406677246094
"SH","2026-09-11T23:00:00.000000",18.8406677246094
"SH","2026-09-12T00:00:00.000000",18.8406677246094
"SH","2026-09-12T01:00:00.000000",18.5331783294678
"SH","2026-09-12T02:00:00.000000",18.1397552490234
"SH","2026-09-12T03:00:00.000000",18.0345897674561
"SH","2026-09-12T04:00:00.000000",18.0335826873779
"SH","2026-09-12T05:00:00.000000",18.0445919036865
"SH","2026-09-12T06:00:00.000000",18.0635967254639
"SH","2026-09-12T07:00:00.000000",18.1134033203125
"SH","2026-09-12T08:00:00.000000",18.1256294250488
"SH","2026-09-12T09:00:00.000000",18.1146106719971
"SH","2026-09-12T10:00:00.000000",18.0974025726318
"SH","2026-09-12T11:00:00.000000",18.0974025726318
"SH","2026-09-12T12:00:00.000000",18.0974025726318
"SH","2026-09-12T13:00:00.000000",18.1285171508789
"SH","2026-09-12T14:00:00.000000",18.1183452606201
"SH","2026-09-12T15:00:00.000000",18.1047763824463
"SH","2026-09-12T16:00:00.000000",18.0989761352539
"SH","2026-09-12T17:00:00.000000",18.1065731048584
"SH","2026-09-12T18:00:00.000000",18.110954284668
"SH","2026-09-12T19:00:00.000000",18.1766586303711
"SH","2026-09-12T20:00:00.000000",18.2146739959717
"SH","2026-09-12T21:00:00.000000",18.1997489929199
"SH","2026-09-12T22:00:00.000000",18.2018642425537
"SH","2026-09-12T23:00:00.000000",18.1968383789062
"SH","2026-09-13T00:00:00.000000",18.1968383789062
"SH","2026-09-13T01:00:00.000000",18.1968383789062
"SH","2026-09-13T02:00:00.000000",18.4373455047607
"SH","2026-09-13T03:00:00.000000",18.4590263366699
"SH","2026-09-13T04:00:00.000000",18.4379711151123
"SH","2026-09-13T05:00:00.000000",18.4313716888428
"SH","2026-09-13T06:00:00.000000",18.4163112640381
"SH","2026-09-13T07:00:00.000000",18.4269161224365
"SH","2026-09-13T08:00:00.000000",18.4796619415283
"SH","2026-09-13T09:00:00.000000",18.5052490234375
"SH","2026-09-13T10:00:00.000000",18.5457134246826
"SH","2026-09-13T11:00:00.000000",18.5384769439697
"SH","2026-09-13T12:00:00.000000",18.5384769439697
"SH","2026-09-13T13:00:00.000000",18.5384769439697
"SH","2026-09-13T14:00:00.000000",18.5524120330811
"SH","2026-09-13T15:00:00.000000",18.545072555542
"SH","2026-09-13T16:00:00.000000",18.5386714935303
"SH","2026-09-13T17:00:00.000000",18.5398845672607
"SH","2026-09-13T18:00:00.000000",18.5402069091797
"SH","2026-09-13T19:00:00.000000",18.5481071472168
"SH","2026-09-13T20:00:00.000000",18.5863170623779
"SH","2026-09-13T21:00:00.000000",18.5996932983398
"SH","2026-09-13T22:00:00.000000",18.6151084899902
"SH","2026-09-13T23:00:00.000000",18.6034088134766
"SH","2026-09-14T00:00:00.000000",18.6034088134766
"SH","2026-09-14T01:00:00.000000",18.6034088134766
"SH","2026-09-14T02:00:00.000000",18.6369686126709
"SH","2026-09-14T03:00:00.000000",18.6414470672607
"SH","2026-09-14T04:00:00.000000",18.6378879547119
"SH","2026-09-14T05:00:00.000000",18.6099262237549
"SH","2026-09-14T06:00:00.000000",18.6021251678467
"SH","2026-09-14T07:00:00.000000",18.5577030181885
"SH","2026-09-14T08:00:00.000000",18.5843715667725
"SH","2026-09-14T09:00:00.000000",18.638334274292
"SH","2026-09-14T10:00:00.000000",18.6383190155029
"SH","2026-09-14T11:00:00.000000",18.6383361816406
"SH","2026-09-14T12:00:00.000000",18.6383056640625
"SH","2026-09-14T13:00:00.000000",18.6383056640625
"SH","2026-09-14T14:00:00.000000",18.691427230835
"SH","2026-09-14T15:00:00.000000",18.7212047576904
"SH","2026-09-14T16:00:00.000000",18.741641998291
"SH","2026-09-14T17:00:00.000000",18.7640953063965
"SH","2026-09-14T18:00:00.000000",18.7880859375
"SH","2026-09-14T19:00:00.000000",18.8041095733643
"SH","2026-09-14T20:00:00.000000",18.8436489105225
"SH","2026-09-14T21:00:00.000000",18.8751964569092
"SH","2026-09-14T22:00:00.000000",18.8739433288574
"SH","2026-09-14T23:00:00.000000",18.8751468658447
"SH","2026-09-15T00:00:00.000000",18.8751392364502
"SH","2026-09-15T01:00:00.000000",18.8751392364502
"SH","2026-09-15T02:00:00.000000",18.8751392364502
"SH","2026-09-15T03:00:00.000000",18.8419857025146
"SH","2026-09-15T04:00:00.000000",18.7538070678711
"SH","2026-09-15T05:00:00.000000",18.7091636657715
"SH","2026-09-15T06:00:00.000000",18.6510982513428
"SH","2026-09-15T07:00:00.000000",18.6399974822998
"SH","2026-09-15T08:00:00.000000",18.5995788574219
"SH","2026-09-15T09:00:00.000000",18.623851776123
"SH","2026-09-15T10:00:00.000000",18.6732788085938
"SH","2026-09-15T11:00:00.000000",18.7092952728271
"SH","2026-09-15T12:00:00.000000",18.7089767456055
"SH","2026-09-15T13:00:00.000000",18.7089767456055
"SH","2026-09-15T14:00:00.000000",18.7089767456055
"SH","2026-09-15T15:00:00.000000",18.6269626617432
"SH","2026-09-15T16:00:00.000000",18.6332759857178
"SH","2026-09-15T17:00:00.000000",18.6596164703369
"SH","2026-09-15T18:00:00.000000",18.7169704437256
"SH","2026-09-15T19:00:00.000000",18.7551727294922
"SH","2026-09-15T20:00:00.000000",18.7407531738281
"SH","2026-09-15T21:00:00.000000",18.7433013916016
"SH","2026-09-15T22:00:00.000000",18.7546977996826
"SH","2026-09-15T23:00:00.000000",18.7580184936523
"SH","2026-09-16T00:00:00.000000",18.7609233856201
"SH","2026-09-16T01:00:00.000000",18.7609233856201
"SH","2026-09-16T02:00:00.000000",18.7609233856201
"SH","2026-09-16T03:00:00.000000",18.7609233856201
"SH","2026-09-16T04:00:00.000000",18.8452243804932
"SH","2026-09-16T05:00:00.000000",18.8678493499756
"SH","2026-09-16T06:00:00.000000",18.8894653320312
"SH","2026-09-16T07:00:00.000000",18.8890838623047
"SH","2026-09-16T08:00:00.000000",18.8644752502441
"SH","2026-09-16T09:00:00.000000",18.8085308074951
"SH","2026-09-16T10:00:00.000000",18.8163928985596
"SH","2026-09-16T11:00:00.000000",18.8316345214844
"SH","2026-09-16T12:00:00.000000",18.8402919769287
"SH","2026-09-16T13:00:00.000000",18.8403091430664
"SH","2026-09-16T14:00:00.000000",18.8403091430664
"SH","2026-09-16T15:00:00.000000",18.8402881622314
"SH","2026-09-16T16:00:00.000000",18.8077602386475
"SH","2026-09-16T17:00:00.000000",18.8115577697754
"SH","2026-09-16T18:00:00.000000",18.8084259033203
"SH","2026-09-16T19:00:00.000000",18.8137454986572
"SH","2026-09-16T20:00:00.000000",18.8035469055176
"SH","2026-09-16T21:00:00.000000",18.7681980133057
"SH","2026-09-16T22:00:00.000000",18.8228340148926
"SH","2026-09-16T23:00:00.000000",18.86696434021
"SH","2026-09-17T00:00:00.000000",18.8303871154785
"WB","2026-09-11T00:00:00.000000",19.0117053985596
"WB","2026-09-11T01:00:00.000000",18.4387187957764
"WB","2026-09-11T02:00:00.000000",18.2102470397949
"WB","2026-09-11T03:00:00.000000",18.1968078613281
"WB","2026-09-11T04:00:00.000000",18.1991100311279
"WB","2026-09-11T05:00:00.000000",18.1366271972656
"WB","2026-09-11T06:00:00.000000",18.1412982940674
"WB","2026-09-11T07:00:00.000000",18.1574211120605
"WB","2026-09-11T08:00:00.000000",18.1711692810059
"WB","2026-09-11T09:00:00.000000",18.1833305358887
"WB","2026-09-11T10:00:00.000000",18.202615737915
"WB","2026-09-11T11:00:00.000000",18.1619186401367
"WB","2026-09-11T12:00:00.000000",18.1234607696533
"WB","2026-09-11T13:00:00.000000",18.09889793396
"WB","2026-09-11T14:00:00.000000",18.0697231292725
"WB","2026-09-11T15:00:00.000000",18.0597229003906
"WB","2026-09-11T16:00:00.000000",18.0653629302979
"WB","2026-09-11T17:00:00.000000",18.0958309173584
"WB","2026-09-11T18:00:00.000000",18.1468257904053
"WB","2026-09-11T19:00:00.000000",18.183069229126
"WB","2026-09-11T20:00:00.000000",18.2054748535156
"WB","2026-09-11T21:00:00.000000",18.2223796844482
"WB","2026-09-11T22:00:00.000000",18.2273807525635
"WB","2026-09-11T23:00:00.000000",18.2387161254883
"WB","2026-09-12T00:00:00.000000",18.2347412109375
"WB","2026-09-12T01:00:00.000000",18.0112915039062
"WB","2026-09-12T02:00:00.000000",17.892541885376
"WB","2026-09-12T03:00:00.000000",17.8543529510498
"WB","2026-09-12T04:00:00.000000",17.8526287078857
"WB","2026-09-12T05:00:00.000000",17.8943576812744
"WB","2026-09-12T06:00:00.000000",17.8332290649414
"WB","2026-09-12T07:00:00.000000",17.8131942749023
"WB","2026-09-12T08:00:00.000000",17.8320026397705
"WB","2026-09-12T09:00:00.000000",17.8554210662842
"WB","2026-09-12T10:00:00.000000",17.8681888580322
"WB","2026-09-12T11:00:00.000000",17.8812465667725
"WB","2026-09-12T12:00:00.000000",17.8544235229492
"WB","2026-09-12T13:00:00.000000",17.8316707611084
"WB","2026-09-12T14:00:00.000000",17.8181648254395
"WB","2026-09-12T15:00:00.000000",17.8237609863281
"WB","2026-09-12T16:00:00.000000",17.8374843597412
"WB","2026-09-12T17:00:00.000000",17.8174438476562
"WB","2026-09-12T18:00:00.000000",17.8864250183105
"WB","2026-09-12T19:00:00.000000",18.0412883758545
"WB","2026-09-12T20:00:00.000000",18.1170768737793
"WB","2026-09-12T21:00:00.000000",18.1569652557373
"WB","2026-09-12T22:00:00.000000",18.1798610687256
"WB","2026-09-12T23:00:00.000000",18.1938991546631
"WB","2026-09-13T00:00:00.000000",18.202938079834
"WB","2026-09-13T01:00:00.000000",18.2196235656738
"WB","2026-09-13T02:00:00.000000",18.2205371856689
"WB","2026-09-13T03:00:00.000000",18.209415435791
"WB","2026-09-13T04:00:00.000000",18.194543838501
"WB","2026-09-13T05:00:00.000000",18.1287841796875
"WB","2026-09-13T06:00:00.000000",18.077299118042
"WB","2026-09-13T07:00:00.000000",18.0604038238525
"WB","2026-09-13T08:00:00.000000",18.0687160491943
"WB","2026-09-13T09:00:00.000000",18.1103134155273
"WB","2026-09-13T10:00:00.000000",18.1613292694092
"WB","2026-09-13T11:00:00.000000",18.1688594818115
"WB","2026-09-13T12:00:00.000000",18.1540260314941
"WB","2026-09-13T13:00:00.000000",18.1236095428467
"WB","2026-09-13T14:00:00.000000",18.0930156707764
"WB","2026-09-13T15:00:00.000000",18.0707702636719
"WB","2026-09-13T16:00:00.000000",18.0584869384766
"WB","2026-09-13T17:00:00.000000",18.0415725708008
"WB","2026-09-13T18:00:00.000000",18.0359401702881
"WB","2026-09-13T19:00:00.000000",18.0457286834717
"WB","2026-09-13T20:00:00.000000",18.0623512268066
"WB","2026-09-13T21:00:00.000000",18.0855159759521
"WB","2026-09-13T22:00:00.000000",18.1149044036865
"WB","2026-09-13T23:00:00.000000",18.1323986053467
"WB","2026-09-14T00:00:00.000000",18.1405696868896
"WB","2026-09-14T01:00:00.000000",18.1566143035889
"WB","2026-09-14T02:00:00.000000",18.1702136993408
"WB","2026-09-14T03:00:00.000000",18.1796817779541
"WB","2026-09-14T04:00:00.000000",18.1913986206055
"WB","2026-09-14T05:00:00.000000",18.1979198455811
"WB","2026-09-14T06:00:00.000000",18.1960506439209
"WB","2026-09-14T07:00:00.000000",18.1869716644287
"WB","2026-09-14T08:00:00.000000",18.2059154510498
"WB","2026-09-14T09:00:00.000000",18.2218379974365
"WB","2026-09-14T10:00:00.000000",18.226469039917
"WB","2026-09-14T11:00:00.000000",18.2321109771729
"WB","2026-09-14T12:00:00.000000",18.2378845214844
"WB","2026-09-14T13:00:00.000000",18.242883682251
"WB","2026-09-14T14:00:00.000000",18.2439708709717
"WB","2026-09-14T15:00:00.000000",18.2515544891357
"WB","2026-09-14T16:00:00.000000",18.263334274292
"WB","2026-09-14T17:00:00.000000",18.2846736907959
"WB","2026-09-14T18:00:00.000000",18.2918701171875
"WB","2026-09-14T19:00:00.000000",18.2882690429688
"WB","2026-09-14T20:00:00.000000",18.3270683288574
"WB","2026-09-14T21:00:00.000000",18.3512554168701
"WB","2026-09-14T22:00:00.000000",18.3587226867676
"WB","2026-09-14T23:00:00.000000",18.3610668182373
"WB","2026-09-15T00:00:00.000000",18.3610668182373
"WB","2026-09-15T01:00:00.000000",18.3602046966553
"WB","2026-09-15T02:00:00.000000",18.3345489501953
"WB","2026-09-15T03:00:00.000000",18.3191318511963
"WB","2026-09-15T04:00:00.000000",18.3042240142822
"WB","2026-09-15T05:00:00.000000",18.2762203216553
"WB","2026-09-15T06:00:00.000000",18.2606964111328
"WB","2026-09-15T07:00:00.000000",18.2684535980225
"WB","2026-09-15T08:00:00.000000",18.3085289001465
"WB","2026-09-15T09:00:00.000000",18.3007431030273
"WB","2026-09-15T10:00:00.000000",18.2914562225342
"WB","2026-09-15T11:00:00.000000",18.2829856872559
"WB","2026-09-15T12:00:00.000000",18.2922420501709
"WB","2026-09-15T13:00:00.000000",18.3301467895508
"WB","2026-09-15T14:00:00.000000",18.3165760040283
"WB","2026-09-15T15:00:00.000000",18.3036689758301
"WB","2026-09-15T16:00:00.000000",18.3029766082764
"WB","2026-09-15T17:00:00.000000",18.33229637146
"WB","2026-09-15T18:00:00.000000",18.3943328857422
"WB","2026-09-15T19:00:00.000000",18.4177761077881
"WB","2026-09-15T20:00:00.000000",18.3743877410889
"WB","2026-09-15T21:00:00.000000",18.381742477417
"WB","2026-09-15T22:00:00.000000",18.4728622436523
"WB","2026-09-15T23:00:00.000000",18.5594615936279
"WB","2026-09-16T00:00:00.000000",18.5900650024414
"WB","2026-09-16T01:00:00.000000",18.5971069335938
"WB","2026-09-16T02:00:00.000000",18.6040935516357
"WB","2026-09-16T03:00:00.000000",18.588493347168
"WB","2026-09-16T04:00:00.000000",18.5742702484131
"WB","2026-09-16T05:00:00.000000",18.5669708251953
"WB","2026-09-16T06:00:00.000000",18.5603923797607
"WB","2026-09-16T07:00:00.000000",18.5392818450928
"WB","2026-09-16T08:00:00.000000",18.4808197021484
"WB","2026-09-16T09:00:00.000000",18.4695110321045
"WB","2026-09-16T10:00:00.000000",18.4964447021484
"WB","2026-09-16T11:00:00.000000",18.5282974243164
"WB","2026-09-16T12:00:00.000000",18.5585384368896
"WB","2026-09-16T13:00:00.000000",18.5751457214355
"WB","2026-09-16T14:00:00.000000",18.5741539001465
"WB","2026-09-16T15:00:00.000000",18.5553951263428
"WB","2026-09-16T16:00:00.000000",18.5444087982178
"WB","2026-09-16T17:00:00.000000",18.5453033447266
"WB","2026-09-16T18:00:00.000000",18.5541973114014
"WB","2026-09-16T19:00:00.000000",18.5485763549805
"WB","2026-09-16T20:00:00.000000",18.5639553070068
"WB","2026-09-16T21:00:00.000000",18.6892013549805
"WB","2026-09-16T22:00:00.000000",18.7359619140625
"WB","2026-09-16T23:00:00.000000",18.7617626190186
"WB","2026-09-17T00:00:00.000000",18.7846736907959
"CC","2026-09-11T00:00:00.000000",22.6680717468262
"CC","2026-09-11T01:00:00.000000",22.3099460601807
"CC","2026-09-11T02:00:00.000000",22.2498207092285
"CC","2026-09-11T03:00:00.000000",22.2305316925049
"CC","2026-09-11T04:00:00.000000",22.2145195007324
"CC","2026-09-11T05:00:00.000000",22.1859073638916
"CC","2026-09-11T06:00:00.000000",22.1660194396973
"CC","2026-09-11T07:00:00.000000",22.1574382781982
"CC","2026-09-11T08:00:00.000000",22.1448211669922
"CC","2026-09-11T09:00:00.000000",22.1115703582764
"CC","2026-09-11T10:00:00.000000",22.1039543151855
"CC","2026-09-11T11:00:00.000000",22.0842227935791
"CC","2026-09-11T12:00:00.000000",22.0915088653564
"CC","2026-09-11T13:00:00.000000",22.1277980804443
"CC","2026-09-11T14:00:00.000000",22.1932430267334
"CC","2026-09-11T15:00:00.000000",22.2863292694092
"CC","2026-09-11T16:00:00.000000",22.3481540679932
"CC","2026-09-11T17:00:00.000000",22.4150848388672
"CC","2026-09-11T18:00:00.000000",22.4955196380615
"CC","2026-09-11T19:00:00.000000",22.5240135192871
"CC","2026-09-11T20:00:00.000000",22.5332508087158
"CC","2026-09-11T21:00:00.000000",22.5146560668945
"CC","2026-09-11T22:00:00.000000",22.4979286193848
"CC","2026-09-11T23:00:00.000000",22.4478988647461
"CC","2026-09-12T00:00:00.000000",22.3887138366699
"CC","2026-09-12T01:00:00.000000",21.8893756866455
"CC","2026-09-12T02:00:00.000000",21.8018493652344
"CC","2026-09-12T03:00:00.000000",21.7802658081055
"CC","2026-09-12T04:00:00.000000",21.7730770111084
"CC","2026-09-12T05:00:00.000000",21.7660541534424
"CC","2026-09-12T06:00:00.000000",21.748104095459
"CC","2026-09-12T07:00:00.000000",21.7250518798828
"CC","2026-09-12T08:00:00.000000",21.7075595855713
"CC","2026-09-12T09:00:00.000000",21.691349029541
"CC","2026-09-12T10:00:00.000000",21.6794853210449
"CC","2026-09-12T11:00:00.000000",21.6638278961182
"CC","2026-09-12T12:00:00.000000",21.6829128265381
"CC","2026-09-12T13:00:00.000000",21.7320461273193
"CC","2026-09-12T14:00:00.000000",21.8238086700439
"CC","2026-09-12T15:00:00.000000",21.9446773529053
"CC","2026-09-12T16:00:00.000000",21.9957504272461
"CC","2026-09-12T17:00:00.000000",22.0447444915771
"CC","2026-09-12T18:00:00.000000",22.0986595153809
"CC","2026-09-12T19:00:00.000000",22.1161289215088
"CC","2026-09-12T20:00:00.000000",22.1173458099365
"CC","2026-09-12T21:00:00.000000",22.0943183898926
"CC","2026-09-12T22:00:00.000000",22.0879592895508
"CC","2026-09-12T23:00:00.000000",22.0464839935303
"CC","2026-09-13T00:00:00.000000",22.0088939666748
"CC","2026-09-13T01:00:00.000000",22.0739231109619
"CC","2026-09-13T02:00:00.000000",22.1023788452148
"CC","2026-09-13T03:00:00.000000",22.0987071990967
"CC","2026-09-13T04:00:00.000000",22.094633102417
"CC","2026-09-13T05:00:00.000000",22.0856456756592
"CC","2026-09-13T06:00:00.000000",22.0785217285156
"CC","2026-09-13T07:00:00.000000",22.0737800598145
"CC","2026-09-13T08:00:00.000000",22.0647392272949
"CC","2026-09-13T09:00:00.000000",22.0558338165283
"CC","2026-09-13T10:00:00.000000",22.0528945922852
"CC","2026-09-13T11:00:00.000000",22.0469799041748
"CC","2026-09-13T12:00:00.000000",22.0428657531738
"CC","2026-09-13T13:00:00.000000",22.0400409698486
"CC","2026-09-13T14:00:00.000000",22.0489749908447
"CC","2026-09-13T15:00:00.000000",22.0623359680176
"CC","2026-09-13T16:00:00.000000",22.0970916748047
"CC","2026-09-13T17:00:00.000000",22.1437168121338
"CC","2026-09-13T18:00:00.000000",22.1834411621094
"CC","2026-09-13T19:00:00.000000",22.1993312835693
"CC","2026-09-13T20:00:00.000000",22.2435760498047
"CC","2026-09-13T21:00:00.000000",22.2785797119141
"CC","2026-09-13T22:00:00.000000",22.2701435089111
"CC","2026-09-13T23:00:00.000000",22.2482814788818
"CC","2026-09-14T00:00:00.000000",22.2260074615479
"CC","2026-09-14T01:00:00.000000",22.2222137451172
"CC","2026-09-14T02:00:00.000000",22.2177639007568
"CC","2026-09-14T03:00:00.000000",22.2143993377686
"CC","2026-09-14T04:00:00.000000",22.2113838195801
"CC","2026-09-14T05:00:00.000000",22.2082920074463
"CC","2026-09-14T06:00:00.000000",22.2053546905518
"CC","2026-09-14T07:00:00.000000",22.2024593353271
"CC","2026-09-14T08:00:00.000000",22.1990451812744
"CC","2026-09-14T09:00:00.000000",22.197473526001
"CC","2026-09-14T10:00:00.000000",22.1970138549805
"CC","2026-09-14T11:00:00.000000",22.1936492919922
"CC","2026-09-14T12:00:00.000000",22.1889305114746
"CC","2026-09-14T13:00:00.000000",22.1854782104492
"CC","2026-09-14T14:00:00.000000",22.1920852661133
"CC","2026-09-14T15:00:00.000000",22.2174034118652
"CC","2026-09-14T16:00:00.000000",22.2593364715576
"CC","2026-09-14T17:00:00.000000",22.3160171508789
"CC","2026-09-14T18:00:00.000000",22.3831386566162
"CC","2026-09-14T19:00:00.000000",22.4515285491943
"CC","2026-09-14T20:00:00.000000",22.5069961547852
"CC","2026-09-14T21:00:00.000000",22.5396480560303
"CC","2026-09-14T22:00:00.000000",22.5482940673828
"CC","2026-09-14T23:00:00.000000",22.5340118408203
"CC","2026-09-15T00:00:00.000000",22.5011291503906
"CC","2026-09-15T01:00:00.000000",22.4657001495361
"CC","2026-09-15T02:00:00.000000",22.4376316070557
"CC","2026-09-15T03:00:00.000000",22.4137783050537
"CC","2026-09-15T04:00:00.000000",22.3879909515381
"CC","2026-09-15T05:00:00.000000",22.3620433807373
"CC","2026-09-15T06:00:00.000000",22.3342952728271
"CC","2026-09-15T07:00:00.000000",22.3076934814453
"CC","2026-09-15T08:00:00.000000",22.2799663543701
"CC","2026-09-15T09:00:00.000000",22.2516059875488
"CC","2026-09-15T10:00:00.000000",22.2249126434326
"CC","2026-09-15T11:00:00.000000",22.1998653411865
"CC","2026-09-15T12:00:00.000000",22.1827564239502
"CC","2026-09-15T13:00:00.000000",22.1833477020264
"CC","2026-09-15T14:00:00.000000",22.1983642578125
"CC","2026-09-15T15:00:00.000000",22.2284107208252
"CC","2026-09-15T16:00:00.000000",22.2747821807861
"CC","2026-09-15T17:00:00.000000",22.3369846343994
"CC","2026-09-15T18:00:00.000000",22.4112987518311
"CC","2026-09-15T19:00:00.000000",22.4879817962646
"CC","2026-09-15T20:00:00.000000",22.5560150146484
"CC","2026-09-15T21:00:00.000000",22.6067676544189
"CC","2026-09-15T22:00:00.000000",22.631893157959
"CC","2026-09-15T23:00:00.000000",22.628849029541
"CC","2026-09-16T00:00:00.000000",22.6045722961426
"CC","2026-09-16T01:00:00.000000",22.5775833129883
"CC","2026-09-16T02:00:00.000000",22.5502433776855
"CC","2026-09-16T03:00:00.000000",22.5273361206055
"CC","2026-09-16T04:00:00.000000",22.5099620819092
"CC","2026-09-16T05:00:00.000000",22.4958572387695
"CC","2026-09-16T06:00:00.000000",22.4815654754639
"CC","2026-09-16T07:00:00.000000",22.4694232940674
"CC","2026-09-16T08:00:00.000000",22.4571075439453
"CC","2026-09-16T09:00:00.000000",22.4434795379639
"CC","2026-09-16T10:00:00.000000",22.4288024902344
"CC","2026-09-16T11:00:00.000000",22.415002822876
"CC","2026-09-16T12:00:00.000000",22.4068374633789
"CC","2026-09-16T13:00:00.000000",22.4098834991455
"CC","2026-09-16T14:00:00.000000",22.4272441864014
"CC","2026-09-16T15:00:00.000000",22.4596385955811
"CC","2026-09-16T16:00:00.000000",22.5089721679688
"CC","2026-09-16T17:00:00.000000",22.5714817047119
"CC","2026-09-16T18:00:00.000000",22.6448421478271
"CC","2026-09-16T19:00:00.000000",22.7189846038818
"CC","2026-09-16T20:00:00.000000",22.7823963165283
"CC","2026-09-16T21:00:00.000000",22.8251724243164
"CC","2026-09-16T22:00:00.000000",22.8421173095703
"CC","2026-09-16T23:00:00.000000",22.8395767211914
"CC","2026-09-17T00:00:00.000000",22.8212490081787
"DL","2026-09-11T00:00:00.000000",22.0719699859619
"DL","2026-09-11T01:00:00.000000",21.7106628417969
"DL","2026-09-11T02:00:00.000000",21.6380462646484
"DL","2026-09-11T03:00:00.000000",21.6453418731689
"DL","2026-09-11T04:00:00.000000",21.6492500305176
"DL","2026-09-11T05:00:00.000000",21.6519737243652
"DL","2026-09-11T06:00:00.000000",21.6567516326904
"DL","2026-09-11T07:00:00.000000",21.6618251800537
"DL","2026-09-11T08:00:00.000000",21.666540145874
"DL","2026-09-11T09:00:00.000000",21.6663684844971
"DL","2026-09-11T10:00:00.000000",21.6655559539795
"DL","2026-09-11T11:00:00.000000",21.6444435119629
"DL","2026-09-11T12:00:00.000000",21.6251258850098
"DL","2026-09-11T13:00:00.000000",21.6340999603271
"DL","2026-09-11T14:00:00.000000",21.6511459350586
"DL","2026-09-11T15:00:00.000000",21.6438941955566
"DL","2026-09-11T16:00:00.000000",21.6340560913086
"DL","2026-09-11T17:00:00.000000",21.6228084564209
"DL","2026-09-11T18:00:00.000000",21.6200218200684
"DL","2026-09-11T19:00:00.000000",21.6174411773682
"DL","2026-09-11T20:00:00.000000",21.6111755371094
"DL","2026-09-11T21:00:00.000000",21.5689239501953
"DL","2026-09-11T22:00:00.000000",21.537296295166
"DL","2026-09-11T23:00:00.000000",21.5426807403564
"DL","2026-09-12T00:00:00.000000",21.5697231292725
"DL","2026-09-12T01:00:00.000000",21.3989887237549
"DL","2026-09-12T02:00:00.000000",21.3614673614502
"DL","2026-09-12T03:00:00.000000",21.3686580657959
"DL","2026-09-12T04:00:00.000000",21.3740749359131
"DL","2026-09-12T05:00:00.000000",21.3806476593018
"DL","2026-09-12T06:00:00.000000",21.3978366851807
"DL","2026-09-12T07:00:00.000000",21.4027252197266
"DL","2026-09-12T08:00:00.000000",21.4103145599365
"DL","2026-09-12T09:00:00.000000",21.4286804199219
"DL","2026-09-12T10:00:00.000000",21.4336948394775
"DL","2026-09-12T11:00:00.000000",21.4084587097168
"DL","2026-09-12T12:00:00.000000",21.37087059021
"DL","2026-09-12T13:00:00.000000",21.3488101959229
"DL","2026-09-12T14:00:00.000000",21.3681507110596
"DL","2026-09-12T15:00:00.000000",21.3976268768311
"DL","2026-09-12T16:00:00.000000",21.3923416137695
"DL","2026-09-12T17:00:00.000000",21.3853664398193
"DL","2026-09-12T18:00:00.000000",21.3758220672607
"DL","2026-09-12T19:00:00.000000",21.3700981140137
"DL","2026-09-12T20:00:00.000000",21.3670215606689
"DL","2026-09-12T21:00:00.000000",21.3441410064697
"DL","2026-09-12T22:00:00.000000",21.3038368225098
"DL","2026-09-12T23:00:00.000000",21.3042125701904
"DL","2026-09-13T00:00:00.000000",21.3635768890381
"DL","2026-09-13T01:00:00.000000",21.6344928741455
"DL","2026-09-13T02:00:00.000000",21.646614074707
"DL","2026-09-13T03:00:00.000000",21.6394271850586
"DL","2026-09-13T04:00:00.000000",21.6301746368408
"DL","2026-09-13T05:00:00.000000",21.6257514953613
"DL","2026-09-13T06:00:00.000000",21.6290969848633
"DL","2026-09-13T07:00:00.000000",21.6330547332764
"DL","2026-09-13T08:00:00.000000",21.6424007415771
"DL","2026-09-13T09:00:00.000000",21.6557159423828
"DL","2026-09-13T10:00:00.000000",21.6760082244873
"DL","2026-09-13T11:00:00.000000",21.697681427002
"DL","2026-09-13T12:00:00.000000",21.6930294036865
"DL","2026-09-13T13:00:00.000000",21.6768493652344
"DL","2026-09-13T14:00:00.000000",21.6693534851074
"DL","2026-09-13T15:00:00.000000",21.6666297912598
"DL","2026-09-13T16:00:00.000000",21.6727752685547
"DL","2026-09-13T17:00:00.000000",21.6632537841797
"DL","2026-09-13T18:00:00.000000",21.6540412902832
"DL","2026-09-13T19:00:00.000000",21.6484603881836
"DL","2026-09-13T20:00:00.000000",21.6495380401611
"DL","2026-09-13T21:00:00.000000",21.6499557495117
"DL","2026-09-13T22:00:00.000000",21.6463012695312
"DL","2026-09-13T23:00:00.000000",21.6396408081055
"DL","2026-09-14T00:00:00.000000",21.6375198364258
"DL","2026-09-14T01:00:00.000000",21.6242256164551
"DL","2026-09-14T02:00:00.000000",21.6249980926514
"DL","2026-09-14T03:00:00.000000",21.6402111053467
"DL","2026-09-14T04:00:00.000000",21.6494884490967
"DL","2026-09-14T05:00:00.000000",21.6497268676758
"DL","2026-09-14T06:00:00.000000",21.6524333953857
"DL","2026-09-14T07:00:00.000000",21.6517734527588
"DL","2026-09-14T08:00:00.000000",21.6518001556396
"DL","2026-09-14T09:00:00.000000",21.6520023345947
"DL","2026-09-14T10:00:00.000000",21.6530838012695
"DL","2026-09-14T11:00:00.000000",21.6576175689697
"DL","2026-09-14T12:00:00.000000",21.6625328063965
"DL","2026-09-14T13:00:00.000000",21.6605186462402
"DL","2026-09-14T14:00:00.000000",21.6536026000977
"DL","2026-09-14T15:00:00.000000",21.6528491973877
"DL","2026-09-14T16:00:00.000000",21.6631355285645
"DL","2026-09-14T17:00:00.000000",21.6679058074951
"DL","2026-09-14T18:00:00.000000",21.6668815612793
"DL","2026-09-14T19:00:00.000000",21.6642723083496
"DL","2026-09-14T20:00:00.000000",21.6616973876953
"DL","2026-09-14T21:00:00.000000",21.6605243682861
"DL","2026-09-14T22:00:00.000000",21.6584625244141
"DL","2026-09-14T23:00:00.000000",21.6558647155762
"DL","2026-09-15T00:00:00.000000",21.6530818939209
"DL","2026-09-15T01:00:00.000000",21.6518306732178
"DL","2026-09-15T02:00:00.000000",21.652322769165
"DL","2026-09-15T03:00:00.000000",21.6558151245117
"DL","2026-09-15T04:00:00.000000",21.6637439727783
"DL","2026-09-15T05:00:00.000000",21.6644725799561
"DL","2026-09-15T06:00:00.000000",21.6641979217529
"DL","2026-09-15T07:00:00.000000",21.665735244751
"DL","2026-09-15T08:00:00.000000",21.666919708252
"DL","2026-09-15T09:00:00.000000",21.6675205230713
"DL","2026-09-15T10:00:00.000000",21.6686382293701
"DL","2026-09-15T11:00:00.000000",21.6714553833008
"DL","2026-09-15T12:00:00.000000",21.6788024902344
"DL","2026-09-15T13:00:00.000000",21.690544128418
"DL","2026-09-15T14:00:00.000000",21.7014293670654
"DL","2026-09-15T15:00:00.000000",21.706693649292
"DL","2026-09-15T16:00:00.000000",21.7013378143311
"DL","2026-09-15T17:00:00.000000",21.6964950561523
"DL","2026-09-15T18:00:00.000000",21.6986045837402
"DL","2026-09-15T19:00:00.000000",21.6990070343018
"DL","2026-09-15T20:00:00.000000",21.7001705169678
"DL","2026-09-15T21:00:00.000000",21.7019538879395
"DL","2026-09-15T22:00:00.000000",21.7035083770752
"DL","2026-09-15T23:00:00.000000",21.7038383483887
"DL","2026-09-16T00:00:00.000000",21.7032947540283
"DL","2026-09-16T01:00:00.000000",21.7031707763672
"DL","2026-09-16T02:00:00.000000",21.704231262207
"DL","2026-09-16T03:00:00.000000",21.7022247314453
"DL","2026-09-16T04:00:00.000000",21.6987800598145
"DL","2026-09-16T05:00:00.000000",21.6984748840332
"DL","2026-09-16T06:00:00.000000",21.698579788208
"DL","2026-09-16T07:00:00.000000",21.6984748840332
"DL","2026-09-16T08:00:00.000000",21.6982040405273
"DL","2026-09-16T09:00:00.000000",21.6984004974365
"DL","2026-09-16T10:00:00.000000",21.6981468200684
"DL","2026-09-16T11:00:00.000000",21.6978149414062
"DL","2026-09-16T12:00:00.000000",21.6981983184814
"DL","2026-09-16T13:00:00.000000",21.7052154541016
"DL","2026-09-16T14:00:00.000000",21.7326107025146
"DL","2026-09-16T15:00:00.000000",21.7604484558105
"DL","2026-09-16T16:00:00.000000",21.7676753997803
"DL","2026-09-16T17:00:00.000000",21.7587890625
"DL","2026-09-16T18:00:00.000000",21.7368221282959
"DL","2026-09-16T19:00:00.000000",21.733470916748
"DL","2026-09-16T20:00:00.000000",21.7435760498047
"DL","2026-09-16T21:00:00.000000",21.7536640167236
"DL","2026-09-16T22:00:00.000000",21.7692279815674
"DL","2026-09-16T23:00:00.000000",21.784086227417
"DL","2026-09-17T00:00:00.000000",21.7962322235107
"GB","2026-09-11T00:00:00.000000",22.0744705200195
"GB","2026-09-11T01:00:00.000000",22.1259231567383
"GB","2026-09-11T02:00:00.000000",22.1210021972656
"GB","2026-09-11T03:00:00.000000",22.1152610778809
"GB","2026-09-11T04:00:00.000000",22.1479835510254
"GB","2026-09-11T05:00:00.000000",22.106969833374
"GB","2026-09-11T06:00:00.000000",21.9819583892822
"GB","2026-09-11T07:00:00.000000",22.0319538116455
"GB","2026-09-11T08:00:00.000000",22.0695190429688
"GB","2026-09-11T09:00:00.000000",22.0629386901855
"GB","2026-09-11T10:00:00.000000",22.1300220489502
"GB","2026-09-11T11:00:00.000000",21.9786701202393
"GB","2026-09-11T12:00:00.000000",21.9248943328857
"GB","2026-09-11T13:00:00.000000",21.9225387573242
"GB","2026-09-11T14:00:00.000000",21.9435749053955
"GB","2026-09-11T15:00:00.000000",21.9772872924805
"GB","2026-09-11T16:00:00.000000",22.0218772888184
"GB","2026-09-11T17:00:00.000000",22.1428394317627
"GB","2026-09-11T18:00:00.000000",22.0777797698975
"GB","2026-09-11T19:00:00.000000",22.1498336791992
"GB","2026-09-11T20:00:00.000000",22.229923248291
"GB","2026-09-11T21:00:00.000000",22.2649555206299
"GB","2026-09-11T22:00:00.000000",22.2555541992188
"GB","2026-09-11T23:00:00.000000",22.3613967895508
"GB","2026-09-12T00:00:00.000000",22.123893737793
"GB","2026-09-12T01:00:00.000000",21.7190952301025
"GB","2026-09-12T02:00:00.000000",21.680980682373
"GB","2026-09-12T03:00:00.000000",21.6724395751953
"GB","2026-09-12T04:00:00.000000",21.6734104156494
"GB","2026-09-12T05:00:00.000000",21.704610824585
"GB","2026-09-12T06:00:00.000000",21.6446228027344
"GB","2026-09-12T07:00:00.000000",21.6256866455078
"GB","2026-09-12T08:00:00.000000",21.6568298339844
"GB","2026-09-12T09:00:00.000000",21.685676574707
"GB","2026-09-12T10:00:00.000000",21.6963310241699
"GB","2026-09-12T11:00:00.000000",21.7434673309326
"GB","2026-09-12T12:00:00.000000",21.6654434204102
"GB","2026-09-12T13:00:00.000000",21.6719951629639
"GB","2026-09-12T14:00:00.000000",21.7088813781738
"GB","2026-09-12T15:00:00.000000",21.7590065002441
"GB","2026-09-12T16:00:00.000000",21.7985687255859
"GB","2026-09-12T17:00:00.000000",21.8661689758301
"GB","2026-09-12T18:00:00.000000",21.9561176300049
"GB","2026-09-12T19:00:00.000000",21.9116516113281
"GB","2026-09-12T20:00:00.000000",21.9876804351807
"GB","2026-09-12T21:00:00.000000",22.0307159423828
"GB","2026-09-12T22:00:00.000000",22.0390014648438
"GB","2026-09-12T23:00:00.000000",22.0164031982422
"GB","2026-09-13T00:00:00.000000",22.0015277862549
"GB","2026-09-13T01:00:00.000000",21.9108982086182
"GB","2026-09-13T02:00:00.000000",21.8746814727783
"GB","2026-09-13T03:00:00.000000",21.8575325012207
"GB","2026-09-13T04:00:00.000000",21.847318649292
"GB","2026-09-13T05:00:00.000000",21.8314819335938
"GB","2026-09-13T06:00:00.000000",21.8575382232666
"GB","2026-09-13T07:00:00.000000",21.8496227264404
"GB","2026-09-13T08:00:00.000000",21.8719234466553
"GB","2026-09-13T09:00:00.000000",21.8923568725586
"GB","2026-09-13T10:00:00.000000",21.9209060668945
"GB","2026-09-13T11:00:00.000000",21.9319591522217
"GB","2026-09-13T12:00:00.000000",21.9756851196289
"GB","2026-09-13T13:00:00.000000",21.8881645202637
"GB","2026-09-13T14:00:00.000000",21.8715019226074
"GB","2026-09-13T15:00:00.000000",21.8579330444336
"GB","2026-09-13T16:00:00.000000",21.8482704162598
"GB","2026-09-13T17:00:00.000000",21.8456192016602
"GB","2026-09-13T18:00:00.000000",21.9145755767822
"GB","2026-09-13T19:00:00.000000",21.9421577453613
"GB","2026-09-13T20:00:00.000000",21.9711399078369
"GB","2026-09-13T21:00:00.000000",22.0011024475098
"GB","2026-09-13T22:00:00.000000",22.0250606536865
"GB","2026-09-13T23:00:00.000000",22.0373764038086
"GB","2026-09-14T00:00:00.000000",22.0584869384766
"GB","2026-09-14T01:00:00.000000",22.0122947692871
"GB","2026-09-14T02:00:00.000000",22.0066871643066
"GB","2026-09-14T03:00:00.000000",21.9855155944824
"GB","2026-09-14T04:00:00.000000",21.9721164703369
"GB","2026-09-14T05:00:00.000000",21.9611206054688
"GB","2026-09-14T06:00:00.000000",21.9622917175293
"GB","2026-09-14T07:00:00.000000",21.9949340820312
"GB","2026-09-14T08:00:00.000000",21.9677982330322
"GB","2026-09-14T09:00:00.000000",21.963888168335
"GB","2026-09-14T10:00:00.000000",21.9598789215088
"GB","2026-09-14T11:00:00.000000",21.9590587615967
"GB","2026-09-14T12:00:00.000000",21.9322471618652
"GB","2026-09-14T13:00:00.000000",21.9587440490723
"GB","2026-09-14T14:00:00.000000",21.9332008361816
"GB","2026-09-14T15:00:00.000000",21.9543628692627
"GB","2026-09-14T16:00:00.000000",21.9850177764893
"GB","2026-09-14T17:00:00.000000",22.0164966583252
"GB","2026-09-14T18:00:00.000000",22.053373336792
"GB","2026-09-14T19:00:00.000000",22.1271915435791
"GB","2026-09-14T20:00:00.000000",22.1545677185059
"GB","2026-09-14T21:00:00.000000",22.1452350616455
"GB","2026-09-14T22:00:00.000000",22.1454010009766
"GB","2026-09-14T23:00:00.000000",22.1348133087158
"GB","2026-09-15T00:00:00.000000",22.0961360931396
"GB","2026-09-15T01:00:00.000000",22.0971012115479
"GB","2026-09-15T02:00:00.000000",22.0515289306641
"GB","2026-09-15T03:00:00.000000",22.0299873352051
"GB","2026-09-15T04:00:00.000000",22.0028533935547
"GB","2026-09-15T05:00:00.000000",21.977668762207
"GB","2026-09-15T06:00:00.000000",21.9500980377197
"GB","2026-09-15T07:00:00.000000",21.9626121520996
"GB","2026-09-15T08:00:00.000000",21.9382419586182
"GB","2026-09-15T09:00:00.000000",21.9085350036621
"GB","2026-09-15T10:00:00.000000",21.9017963409424
"GB","2026-09-15T11:00:00.000000",21.8846588134766
"GB","2026-09-15T12:00:00.000000",21.8735504150391
"GB","2026-09-15T13:00:00.000000",21.8650341033936
"GB","2026-09-15T14:00:00.000000",21.903205871582
"GB","2026-09-15T15:00:00.000000",21.8979606628418
"GB","2026-09-15T16:00:00.000000",21.9356784820557
"GB","2026-09-15T17:00:00.000000",21.9644737243652
"GB","2026-09-15T18:00:00.000000",21.9854679107666
"GB","2026-09-15T19:00:00.000000",22.0554008483887
"GB","2026-09-15T20:00:00.000000",22.1264247894287
"GB","2026-09-15T21:00:00.000000",22.0921611785889
"GB","2026-09-15T22:00:00.000000",22.0966091156006
"GB","2026-09-15T23:00:00.000000",22.0907230377197
"GB","2026-09-16T00:00:00.000000",22.0817070007324
"GB","2026-09-16T01:00:00.000000",22.0493450164795
"GB","2026-09-16T02:00:00.000000",22.0479469299316
"GB","2026-09-16T03:00:00.000000",21.9873828887939
"GB","2026-09-16T04:00:00.000000",21.9725456237793
"GB","2026-09-16T05:00:00.000000",21.9562854766846
"GB","2026-09-16T06:00:00.000000",21.9412136077881
"GB","2026-09-16T07:00:00.000000",21.9241123199463
"GB","2026-09-16T08:00:00.000000",21.9532909393311
"GB","2026-09-16T09:00:00.000000",21.9323768615723
"GB","2026-09-16T10:00:00.000000",21.9183235168457
"GB","2026-09-16T11:00:00.000000",21.913703918457
"GB","2026-09-16T12:00:00.000000",21.9119300842285
"GB","2026-09-16T13:00:00.000000",21.9128303527832
"GB","2026-09-16T14:00:00.000000",21.9568786621094
"GB","2026-09-16T15:00:00.000000",21.9449806213379
"GB","2026-09-16T16:00:00.000000",21.9785251617432
"GB","2026-09-16T17:00:00.000000",22.0157089233398
"GB","2026-09-16T18:00:00.000000",22.060188293457
"GB","2026-09-16T19:00:00.000000",22.0958347320557
"GB","2026-09-16T20:00:00.000000",22.1607437133789
"GB","2026-09-16T21:00:00.000000",22.209156036377
"GB","2026-09-16T22:00:00.000000",22.1535987854004
"GB","2026-09-16T23:00:00.000000",22.1396427154541
"GB","2026-09-17T00:00:00.000000",22.1318645477295
"LI","2026-09-11T00:00:00.000000",22.7759017944336
"LI","2026-09-11T01:00:00.000000",22.2948341369629
"LI","2026-09-11T02:00:00.000000",22.1955165863037
"LI","2026-09-11T03:00:00.000000",22.1723480224609
"LI","2026-09-11T04:00:00.000000",22.1482410430908
"LI","2026-09-11T05:00:00.000000",22.1153964996338
"LI","2026-09-11T06:00:00.000000",22.0618534088135
"LI","2026-09-11T07:00:00.000000",22.0817317962646
"LI","2026-09-11T08:00:00.000000",22.0661277770996
"LI","2026-09-11T09:00:00.000000",22.0270519256592
"LI","2026-09-11T10:00:00.000000",22.0240898132324
"LI","2026-09-11T11:00:00.000000",22.0632972717285
"LI","2026-09-11T12:00:00.000000",22.064136505127
"LI","2026-09-11T13:00:00.000000",22.0726928710938
"LI","2026-09-11T14:00:00.000000",22.0983390808105
"LI","2026-09-11T15:00:00.000000",22.1502017974854
"LI","2026-09-11T16:00:00.000000",22.200777053833
"LI","2026-09-11T17:00:00.000000",22.2459983825684
"LI","2026-09-11T18:00:00.000000",22.291576385498
"LI","2026-09-11T19:00:00.000000",22.3232002258301
"LI","2026-09-11T20:00:00.000000",22.3285083770752
"LI","2026-09-11T21:00:00.000000",22.3063430786133
"LI","2026-09-11T22:00:00.000000",22.278148651123
"LI","2026-09-11T23:00:00.000000",22.2309150695801
"LI","2026-09-12T00:00:00.000000",22.1900291442871
"LI","2026-09-12T01:00:00.000000",21.4469413757324
"LI","2026-09-12T02:00:00.000000",21.2860946655273
"LI","2026-09-12T03:00:00.000000",21.2307529449463
"LI","2026-09-12T04:00:00.000000",21.2524566650391
"LI","2026-09-12T05:00:00.000000",21.2735214233398
"LI","2026-09-12T06:00:00.000000",21.2431697845459
"LI","2026-09-12T07:00:00.000000",21.2351665496826
"LI","2026-09-12T08:00:00.000000",21.2167434692383
"LI","2026-09-12T09:00:00.000000",21.243824005127
"LI","2026-09-12T10:00:00.000000",21.2060527801514
"LI","2026-09-12T11:00:00.000000",21.2264423370361
"LI","2026-09-12T12:00:00.000000",21.2482738494873
"LI","2026-09-12T13:00:00.000000",21.2802333831787
"LI","2026-09-12T14:00:00.000000",21.3271789550781
"LI","2026-09-12T15:00:00.000000",21.393138885498
"LI","2026-09-12T16:00:00.000000",21.4340343475342
"LI","2026-09-12T17:00:00.000000",21.4716701507568
"LI","2026-09-12T18:00:00.000000",21.5043087005615
"LI","2026-09-12T19:00:00.000000",21.5268783569336
"LI","2026-09-12T20:00:00.000000",21.5350303649902
"LI","2026-09-12T21:00:00.000000",21.4852886199951
"LI","2026-09-12T22:00:00.000000",21.491117477417
"LI","2026-09-12T23:00:00.000000",21.4539394378662
"LI","2026-09-13T00:00:00.000000",21.4480857849121
"LI","2026-09-13T01:00:00.000000",21.5851459503174
"LI","2026-09-13T02:00:00.000000",21.5892238616943
"LI","2026-09-13T03:00:00.000000",21.5156021118164
"LI","2026-09-13T04:00:00.000000",21.4628562927246
"LI","2026-09-13T05:00:00.000000",21.4290332794189
"LI","2026-09-13T06:00:00.000000",21.4056262969971
"LI","2026-09-13T07:00:00.000000",21.3917846679688
"LI","2026-09-13T08:00:00.000000",21.3865242004395
"LI","2026-09-13T09:00:00.000000",21.4138431549072
"LI","2026-09-13T10:00:00.000000",21.4147186279297
"LI","2026-09-13T11:00:00.000000",21.419994354248
"LI","2026-09-13T12:00:00.000000",21.4803123474121
"LI","2026-09-13T13:00:00.000000",21.5456829071045
"LI","2026-09-13T14:00:00.000000",21.5674724578857
"LI","2026-09-13T15:00:00.000000",21.578239440918
"LI","2026-09-13T16:00:00.000000",21.5274028778076
"LI","2026-09-13T17:00:00.000000",21.5044174194336
"LI","2026-09-13T18:00:00.000000",21.5131797790527
"LI","2026-09-13T19:00:00.000000",21.5338859558105
"LI","2026-09-13T20:00:00.000000",21.5610847473145
"LI","2026-09-13T21:00:00.000000",21.5551929473877
"LI","2026-09-13T22:00:00.000000",21.5456409454346
"LI","2026-09-13T23:00:00.000000",21.5440330505371
"LI","2026-09-14T00:00:00.000000",21.5571765899658
"LI","2026-09-14T01:00:00.000000",21.5853672027588
"LI","2026-09-14T02:00:00.000000",21.5991153717041
"LI","2026-09-14T03:00:00.000000",21.6000633239746
"LI","2026-09-14T04:00:00.000000",21.5913925170898
"LI","2026-09-14T05:00:00.000000",21.5630989074707
"LI","2026-09-14T06:00:00.000000",21.5334033966064
"LI","2026-09-14T07:00:00.000000",21.5191745758057
"LI","2026-09-14T08:00:00.000000",21.516019821167
"LI","2026-09-14T09:00:00.000000",21.5157566070557
"LI","2026-09-14T10:00:00.000000",21.5225219726562
"LI","2026-09-14T11:00:00.000000",21.5240345001221
"LI","2026-09-14T12:00:00.000000",21.5224361419678
"LI","2026-09-14T13:00:00.000000",21.5441780090332
"LI","2026-09-14T14:00:00.000000",21.575216293335
"LI","2026-09-14T15:00:00.000000",21.6096878051758
"LI","2026-09-14T16:00:00.000000",21.6485233306885
"LI","2026-09-14T17:00:00.000000",21.7037830352783
"LI","2026-09-14T18:00:00.000000",21.7629528045654
"LI","2026-09-14T19:00:00.000000",21.8218631744385
"LI","2026-09-14T20:00:00.000000",21.8780879974365
"LI","2026-09-14T21:00:00.000000",21.9140968322754
"LI","2026-09-14T22:00:00.000000",21.9119281768799
"LI","2026-09-14T23:00:00.000000",21.8863258361816
"LI","2026-09-15T00:00:00.000000",21.8402900695801
"LI","2026-09-15T01:00:00.000000",21.8293514251709
"LI","2026-09-15T02:00:00.000000",21.8364334106445
"LI","2026-09-15T03:00:00.000000",21.8197689056396
"LI","2026-09-15T04:00:00.000000",21.7813034057617
"LI","2026-09-15T05:00:00.000000",21.7401065826416
"LI","2026-09-15T06:00:00.000000",21.699239730835
"LI","2026-09-15T07:00:00.000000",21.6685409545898
"LI","2026-09-15T08:00:00.000000",21.6409111022949
"LI","2026-09-15T09:00:00.000000",21.6031723022461
"LI","2026-09-15T10:00:00.000000",21.5766735076904
"LI","2026-09-15T11:00:00.000000",21.5699005126953
"LI","2026-09-15T12:00:00.000000",21.5543441772461
"LI","2026-09-15T13:00:00.000000",21.5637130737305
"LI","2026-09-15T14:00:00.000000",21.6070575714111
"LI","2026-09-15T15:00:00.000000",21.6435527801514
"LI","2026-09-15T16:00:00.000000",21.6835842132568
"LI","2026-09-15T17:00:00.000000",21.7311191558838
"LI","2026-09-15T18:00:00.000000",21.7775897979736
"LI","2026-09-15T19:00:00.000000",21.8185176849365
"LI","2026-09-15T20:00:00.000000",21.8619728088379
"LI","2026-09-15T21:00:00.000000",21.9020462036133
"LI","2026-09-15T22:00:00.000000",21.9085750579834
"LI","2026-09-15T23:00:00.000000",21.8916759490967
"LI","2026-09-16T00:00:00.000000",21.8663425445557
"LI","2026-09-16T01:00:00.000000",21.8399715423584
"LI","2026-09-16T02:00:00.000000",21.8529567718506
"LI","2026-09-16T03:00:00.000000",21.8715324401855
"LI","2026-09-16T04:00:00.000000",21.8689231872559
"LI","2026-09-16T05:00:00.000000",21.8539981842041
"LI","2026-09-16T06:00:00.000000",21.8272876739502
"LI","2026-09-16T07:00:00.000000",21.7922496795654
"LI","2026-09-16T08:00:00.000000",21.756664276123
"LI","2026-09-16T09:00:00.000000",21.7368545532227
"LI","2026-09-16T10:00:00.000000",21.7177143096924
"LI","2026-09-16T11:00:00.000000",21.7086353302002
"LI","2026-09-16T12:00:00.000000",21.7143955230713
"LI","2026-09-16T13:00:00.000000",21.7273807525635
"LI","2026-09-16T14:00:00.000000",21.7495269775391
"LI","2026-09-16T15:00:00.000000",21.7671813964844
"LI","2026-09-16T16:00:00.000000",21.7912883758545
"LI","2026-09-16T17:00:00.000000",21.8332576751709
"LI","2026-09-16T18:00:00.000000",21.8905124664307
"LI","2026-09-16T19:00:00.000000",21.9584865570068
"LI","2026-09-16T20:00:00.000000",22.0164699554443
"LI","2026-09-16T21:00:00.000000",22.0513496398926
"LI","2026-09-16T22:00:00.000000",22.0608062744141
"LI","2026-09-16T23:00:00.000000",22.0497283935547
"LI","2026-09-17T00:00:00.000000",22.038444519043
"OB","2026-09-11T00:00:00.000000",20.9968910217285
"OB","2026-09-11T01:00:00.000000",20.7071132659912
"OB","2026-09-11T02:00:00.000000",20.7057800292969
"OB","2026-09-11T03:00:00.000000",20.8029117584229
"OB","2026-09-11T04:00:00.000000",20.9665298461914
"OB","2026-09-11T05:00:00.000000",21.0784893035889
"OB","2026-09-11T06:00:00.000000",21.1276302337646
"OB","2026-09-11T07:00:00.000000",21.140251159668
"OB","2026-09-11T08:00:00.000000",21.1495304107666
"OB","2026-09-11T09:00:00.000000",21.1551208496094
"OB","2026-09-11T10:00:00.000000",21.1555137634277
"OB","2026-09-11T11:00:00.000000",21.0196228027344
"OB","2026-09-11T12:00:00.000000",20.9122943878174
"OB","2026-09-11T13:00:00.000000",20.7810211181641
"OB","2026-09-11T14:00:00.000000",20.751148223877
"OB","2026-09-11T15:00:00.000000",20.777437210083
"OB","2026-09-11T16:00:00.000000",20.888578414917
"OB","2026-09-11T17:00:00.000000",20.9757308959961
"OB","2026-09-11T18:00:00.000000",21.0574131011963
"OB","2026-09-11T19:00:00.000000",21.0968399047852
"OB","2026-09-11T20:00:00.000000",21.1123218536377
"OB","2026-09-11T21:00:00.000000",21.118896484375
"OB","2026-09-11T22:00:00.000000",21.105920791626
"OB","2026-09-11T23:00:00.000000",20.975923538208
"OB","2026-09-12T00:00:00.000000",20.5517711639404
"OB","2026-09-12T01:00:00.000000",20.0447883605957
"OB","2026-09-12T02:00:00.000000",19.9205493927002
"OB","2026-09-12T03:00:00.000000",19.9549407958984
"OB","2026-09-12T04:00:00.000000",20.0718574523926
"OB","2026-09-12T05:00:00.000000",20.2101383209229
"OB","2026-09-12T06:00:00.000000",20.4072036743164
"OB","2026-09-12T07:00:00.000000",20.5078926086426
"OB","2026-09-12T08:00:00.000000",20.5674667358398
"OB","2026-09-12T09:00:00.000000",20.5627422332764
"OB","2026-09-12T10:00:00.000000",20.6016254425049
"OB","2026-09-12T11:00:00.000000",20.4667568206787
"OB","2026-09-12T12:00:00.000000",20.2961235046387
"OB","2026-09-12T13:00:00.000000",19.7876682281494
"OB","2026-09-12T14:00:00.000000",19.5771598815918
"OB","2026-09-12T15:00:00.000000",19.4881362915039
"OB","2026-09-12T16:00:00.000000",19.809965133667
"OB","2026-09-12T17:00:00.000000",20.09521484375
"OB","2026-09-12T18:00:00.000000",20.2696380615234
"OB","2026-09-12T19:00:00.000000",20.3844928741455
"OB","2026-09-12T20:00:00.000000",20.4502105712891
"OB","2026-09-12T21:00:00.000000",20.4816036224365
"OB","2026-09-12T22:00:00.000000",20.5055999755859
"OB","2026-09-12T23:00:00.000000",20.4550857543945
"OB","2026-09-13T00:00:00.000000",20.1499118804932
"OB","2026-09-13T01:00:00.000000",20.1328964233398
"OB","2026-09-13T02:00:00.000000",20.1580715179443
"OB","2026-09-13T03:00:00.000000",20.1144676208496
"OB","2026-09-13T04:00:00.000000",20.2147579193115
"OB","2026-09-13T05:00:00.000000",20.3659610748291
"OB","2026-09-13T06:00:00.000000",20.5404720306396
"OB","2026-09-13T07:00:00.000000",20.648796081543
"OB","2026-09-13T08:00:00.000000",20.7148208618164
"OB","2026-09-13T09:00:00.000000",20.7319011688232
"OB","2026-09-13T10:00:00.000000",20.7544822692871
"OB","2026-09-13T11:00:00.000000",20.7569923400879
"OB","2026-09-13T12:00:00.000000",20.6317234039307
"OB","2026-09-13T13:00:00.000000",20.2469635009766
"OB","2026-09-13T14:00:00.000000",20.0255737304688
"OB","2026-09-13T15:00:00.000000",19.8867244720459
"OB","2026-09-13T16:00:00.000000",19.9537563323975
"OB","2026-09-13T17:00:00.000000",20.1134624481201
"OB","2026-09-13T18:00:00.000000",20.2937831878662
"OB","2026-09-13T19:00:00.000000",20.4588775634766
"OB","2026-09-13T20:00:00.000000",20.5477619171143
"OB","2026-09-13T21:00:00.000000",20.5867385864258
"OB","2026-09-13T22:00:00.000000",20.6387405395508
"OB","2026-09-13T23:00:00.000000",20.6735782623291
"OB","2026-09-14T00:00:00.000000",20.6453151702881
"OB","2026-09-14T01:00:00.000000",20.6467971801758
"OB","2026-09-14T02:00:00.000000",20.3984279632568
"OB","2026-09-14T03:00:00.000000",20.2256355285645
"OB","2026-09-14T04:00:00.000000",20.2574710845947
"OB","2026-09-14T05:00:00.000000",20.3964691162109
"OB","2026-09-14T06:00:00.000000",20.5432434082031
"OB","2026-09-14T07:00:00.000000",20.5777683258057
"OB","2026-09-14T08:00:00.000000",20.5797557830811
"OB","2026-09-14T09:00:00.000000",20.5760746002197
"OB","2026-09-14T10:00:00.000000",20.5696430206299
"OB","2026-09-14T11:00:00.000000",20.5634918212891
"OB","2026-09-14T12:00:00.000000",20.5619068145752
"OB","2026-09-14T13:00:00.000000",20.52614402771
"OB","2026-09-14T14:00:00.000000",20.3398780822754
"OB","2026-09-14T15:00:00.000000",20.1525936126709
"OB","2026-09-14T16:00:00.000000",20.0544147491455
"OB","2026-09-14T17:00:00.000000",20.1360454559326
"OB","2026-09-14T18:00:00.000000",20.267951965332
"OB","2026-09-14T19:00:00.000000",20.383638381958
"OB","2026-09-14T20:00:00.000000",20.4694194793701
"OB","2026-09-14T21:00:00.000000",20.5053558349609
"OB","2026-09-14T22:00:00.000000",20.5137844085693
"OB","2026-09-14T23:00:00.000000",20.5300979614258
"OB","2026-09-15T00:00:00.000000",20.5262699127197
"OB","2026-09-15T01:00:00.000000",20.4665126800537
"OB","2026-09-15T02:00:00.000000",20.3309993743896
"OB","2026-09-15T03:00:00.000000",20.2368221282959
"OB","2026-09-15T04:00:00.000000",20.2089195251465
"OB","2026-09-15T05:00:00.000000",20.2439022064209
"OB","2026-09-15T06:00:00.000000",20.285623550415
"OB","2026-09-15T07:00:00.000000",20.3432712554932
"OB","2026-09-15T08:00:00.000000",20.3888645172119
"OB","2026-09-15T09:00:00.000000",20.4238719940186
"OB","2026-09-15T10:00:00.000000",20.4368724822998
"OB","2026-09-15T11:00:00.000000",20.4590339660645
"OB","2026-09-15T12:00:00.000000",20.4640941619873
"OB","2026-09-15T13:00:00.000000",20.4332332611084
"OB","2026-09-15T14:00:00.000000",20.2645969390869
"OB","2026-09-15T15:00:00.000000",19.9947605133057
"OB","2026-09-15T16:00:00.000000",19.8794841766357
"OB","2026-09-15T17:00:00.000000",19.9385242462158
"OB","2026-09-15T18:00:00.000000",20.012393951416
"OB","2026-09-15T19:00:00.000000",20.1319522857666
"OB","2026-09-15T20:00:00.000000",20.2235813140869
"OB","2026-09-15T21:00:00.000000",20.2885131835938
"OB","2026-09-15T22:00:00.000000",20.310245513916
"OB","2026-09-15T23:00:00.000000",20.3404712677002
"OB","2026-09-16T00:00:00.000000",20.3822288513184
"OB","2026-09-16T01:00:00.000000",20.3786525726318
"OB","2026-09-16T02:00:00.000000",20.2646408081055
"OB","2026-09-16T03:00:00.000000",20.0550708770752
"OB","2026-09-16T04:00:00.000000",19.9323768615723
"OB","2026-09-16T05:00:00.000000",19.9128170013428
"OB","2026-09-16T06:00:00.000000",20.0063304901123
"OB","2026-09-16T07:00:00.000000",20.0648231506348
"OB","2026-09-16T08:00:00.000000",20.176456451416
"OB","2026-09-16T09:00:00.000000",20.2536697387695
"OB","2026-09-16T10:00:00.000000",20.2805595397949
"OB","2026-09-16T11:00:00.000000",20.2955074310303
"OB","2026-09-16T12:00:00.000000",20.3088226318359
"OB","2026-09-16T13:00:00.000000",20.3305435180664
"OB","2026-09-16T14:00:00.000000",20.2512264251709
"OB","2026-09-16T15:00:00.000000",19.9940948486328
"OB","2026-09-16T16:00:00.000000",19.8746242523193
"OB","2026-09-16T17:00:00.000000",19.8492107391357
"OB","2026-09-16T18:00:00.000000",19.8740386962891
"OB","2026-09-16T19:00:00.000000",19.9442253112793
"OB","2026-09-16T20:00:00.000000",20.0732097625732
"OB","2026-09-16T21:00:00.000000",20.1744594573975
"OB","2026-09-16T22:00:00.000000",20.2359390258789
"OB","2026-09-16T23:00:00.000000",20.2597713470459
"OB","2026-09-17T00:00:00.000000",20.2955570220947
"WC","2026-09-11T00:00:00.000000",22.6011028289795
"WC","2026-09-11T01:00:00.000000",21.7943172454834
"WC","2026-09-11T02:00:00.000000",21.5888576507568
"WC","2026-09-11T03:00:00.000000",21.5411739349365
"WC","2026-09-11T04:00:00.000000",21.3898963928223
"WC","2026-09-11T05:00:00.000000",21.1860885620117
"WC","2026-09-11T06:00:00.000000",21.1366329193115
"WC","2026-09-11T07:00:00.000000",21.1163139343262
"WC","2026-09-11T08:00:00.000000",21.0934352874756
"WC","2026-09-11T09:00:00.000000",21.2921352386475
"WC","2026-09-11T10:00:00.000000",21.3645992279053
"WC","2026-09-11T11:00:00.000000",21.5853843688965
"WC","2026-09-11T12:00:00.000000",21.6016578674316
"WC","2026-09-11T13:00:00.000000",21.6115951538086
"WC","2026-09-11T14:00:00.000000",21.6230068206787
"WC","2026-09-11T15:00:00.000000",21.6256427764893
"WC","2026-09-11T16:00:00.000000",21.5400638580322
"WC","2026-09-11T17:00:00.000000",21.2454929351807
"WC","2026-09-11T18:00:00.000000",21.0248069763184
"WC","2026-09-11T19:00:00.000000",20.9199256896973
"WC","2026-09-11T20:00:00.000000",20.9023551940918
"WC","2026-09-11T21:00:00.000000",20.9202308654785
"WC","2026-09-11T22:00:00.000000",20.9177532196045
"WC","2026-09-11T23:00:00.000000",21.8050079345703
"WC","2026-09-12T00:00:00.000000",21.885570526123
"WC","2026-09-12T01:00:00.000000",21.1744728088379
"WC","2026-09-12T02:00:00.000000",21.0015296936035
"WC","2026-09-12T03:00:00.000000",21.0120792388916
"WC","2026-09-12T04:00:00.000000",20.998649597168
"WC","2026-09-12T05:00:00.000000",20.636833190918
"WC","2026-09-12T06:00:00.000000",20.2168426513672
"WC","2026-09-12T07:00:00.000000",20.1047248840332
"WC","2026-09-12T08:00:00.000000",20.0498123168945
"WC","2026-09-12T09:00:00.000000",20.0684719085693
"WC","2026-09-12T10:00:00.000000",20.0901794433594
"WC","2026-09-12T11:00:00.000000",20.6078128814697
"WC","2026-09-12T12:00:00.000000",20.8808135986328
"WC","2026-09-12T13:00:00.000000",20.901346206665
"WC","2026-09-12T14:00:00.000000",20.9136085510254
"WC","2026-09-12T15:00:00.000000",20.9386730194092
"WC","2026-09-12T16:00:00.000000",20.9557476043701
"WC","2026-09-12T17:00:00.000000",20.7974586486816
"WC","2026-09-12T18:00:00.000000",20.3755340576172
"WC","2026-09-12T19:00:00.000000",20.1691589355469
"WC","2026-09-12T20:00:00.000000",20.081823348999
"WC","2026-09-12T21:00:00.000000",20.0418663024902
"WC","2026-09-12T22:00:00.000000",20.191349029541
"WC","2026-09-12T23:00:00.000000",20.5211448669434
"WC","2026-09-13T00:00:00.000000",21.1055488586426
"WC","2026-09-13T01:00:00.000000",21.1100044250488
"WC","2026-09-13T02:00:00.000000",21.0663719177246
"WC","2026-09-13T03:00:00.000000",21.0627212524414
"WC","2026-09-13T04:00:00.000000",21.0842418670654
"WC","2026-09-13T05:00:00.000000",21.092830657959
"WC","2026-09-13T06:00:00.000000",20.7118911743164
"WC","2026-09-13T07:00:00.000000",20.4604682922363
"WC","2026-09-13T08:00:00.000000",20.4262752532959
"WC","2026-09-13T09:00:00.000000",20.4308166503906
"WC","2026-09-13T10:00:00.000000",20.5433216094971
"WC","2026-09-13T11:00:00.000000",20.694465637207
"WC","2026-09-13T12:00:00.000000",20.885196685791
"WC","2026-09-13T13:00:00.000000",20.9868125915527
"WC","2026-09-13T14:00:00.000000",21.0086688995361
"WC","2026-09-13T15:00:00.000000",21.0193367004395
"WC","2026-09-13T16:00:00.000000",21.0348720550537
"WC","2026-09-13T17:00:00.000000",21.0289134979248
"WC","2026-09-13T18:00:00.000000",20.871021270752
"WC","2026-09-13T19:00:00.000000",20.631986618042
"WC","2026-09-13T20:00:00.000000",20.5616493225098
"WC","2026-09-13T21:00:00.000000",20.5347270965576
"WC","2026-09-13T22:00:00.000000",20.5256958007812
"WC","2026-09-13T23:00:00.000000",20.6821670532227
"WC","2026-09-14T00:00:00.000000",20.8394718170166
"WC","2026-09-14T01:00:00.000000",21.1460247039795
"WC","2026-09-14T02:00:00.000000",21.1848449707031
"WC","2026-09-14T03:00:00.000000",21.2227802276611
"WC","2026-09-14T04:00:00.000000",21.242862701416
"WC","2026-09-14T05:00:00.000000",21.2385158538818
"WC","2026-09-14T06:00:00.000000",21.1499004364014
"WC","2026-09-14T07:00:00.000000",20.8520641326904
"WC","2026-09-14T08:00:00.000000",20.7581119537354
"WC","2026-09-14T09:00:00.000000",20.7515754699707
"WC","2026-09-14T10:00:00.000000",20.7587909698486
"WC","2026-09-14T11:00:00.000000",20.8550853729248
"WC","2026-09-14T12:00:00.000000",21.0387802124023
"WC","2026-09-14T13:00:00.000000",21.2012977600098
"WC","2026-09-14T14:00:00.000000",21.2785015106201
"WC","2026-09-14T15:00:00.000000",21.3137016296387
"WC","2026-09-14T16:00:00.000000",21.3366432189941
"WC","2026-09-14T17:00:00.000000",21.3466930389404
"WC","2026-09-14T18:00:00.000000",21.3466930389404
"WC","2026-09-14T19:00:00.000000",21.1776866912842
"WC","2026-09-14T20:00:00.000000",20.9828300476074
"WC","2026-09-14T21:00:00.000000",20.9326877593994
"WC","2026-09-14T22:00:00.000000",20.9212551116943
"WC","2026-09-14T23:00:00.000000",20.9253540039062
"WC","2026-09-15T00:00:00.000000",21.1010513305664
"WC","2026-09-15T01:00:00.000000",21.3167362213135
"WC","2026-09-15T02:00:00.000000",21.4775657653809
"WC","2026-09-15T03:00:00.000000",21.485502243042
"WC","2026-09-15T04:00:00.000000",21.485502243042
"WC","2026-09-15T05:00:00.000000",21.485502243042
"WC","2026-09-15T06:00:00.000000",21.485502243042
"WC","2026-09-15T07:00:00.000000",21.3239154815674
"WC","2026-09-15T08:00:00.000000",20.9399127960205
"WC","2026-09-15T09:00:00.000000",20.8320503234863
"WC","2026-09-15T10:00:00.000000",20.8232021331787
"WC","2026-09-15T11:00:00.000000",20.8220806121826
"WC","2026-09-15T12:00:00.000000",20.88330078125
"WC","2026-09-15T13:00:00.000000",20.9427700042725
"WC","2026-09-15T14:00:00.000000",21.2076759338379
"WC","2026-09-15T15:00:00.000000",21.2994365692139
"WC","2026-09-15T16:00:00.000000",21.3240966796875
"WC","2026-09-15T17:00:00.000000",21.3296566009521
"WC","2026-09-15T18:00:00.000000",21.3296489715576
"WC","2026-09-15T19:00:00.000000",21.2075233459473
"WC","2026-09-15T20:00:00.000000",20.9909973144531
"WC","2026-09-15T21:00:00.000000",20.9222393035889
"WC","2026-09-15T22:00:00.000000",20.9067516326904
"WC","2026-09-15T23:00:00.000000",20.9051189422607
"WC","2026-09-16T00:00:00.000000",20.918966293335
"WC","2026-09-16T01:00:00.000000",20.97678565979
"WC","2026-09-16T02:00:00.000000",21.2930812835693
"WC","2026-09-16T03:00:00.000000",21.4964637756348
"WC","2026-09-16T04:00:00.000000",21.50732421875
"WC","2026-09-16T05:00:00.000000",21.5073223114014
"WC","2026-09-16T06:00:00.000000",21.5073223114014
"WC","2026-09-16T07:00:00.000000",21.5073223114014
"WC","2026-09-16T08:00:00.000000",21.2318840026855
"WC","2026-09-16T09:00:00.000000",20.954761505127
"WC","2026-09-16T10:00:00.000000",20.9041271209717
"WC","2026-09-16T11:00:00.000000",20.8742427825928
"WC","2026-09-16T12:00:00.000000",20.9304237365723
"WC","2026-09-16T13:00:00.000000",21.0790004730225
"WC","2026-09-16T14:00:00.000000",21.2573375701904
"WC","2026-09-16T15:00:00.000000",21.4266967773438
"WC","2026-09-16T16:00:00.000000",21.48264503479
"WC","2026-09-16T17:00:00.000000",21.5008983612061
"WC","2026-09-16T18:00:00.000000",21.5054531097412
"WC","2026-09-16T19:00:00.000000",21.5075206756592
"WC","2026-09-16T20:00:00.000000",21.4962387084961
"WC","2026-09-16T21:00:00.000000",21.368293762207
"WC","2026-09-16T22:00:00.000000",21.2943077087402
"WC","2026-09-16T23:00:00.000000",21.2391662597656
"WC","2026-09-17T00:00:00.000000",21.2220325469971
"WI","2026-09-11T00:00:00.000000",22.280481338501
"WI","2026-09-11T01:00:00.000000",22.0981273651123
"WI","2026-09-11T02:00:00.000000",22.1225032806396
"WI","2026-09-11T03:00:00.000000",22.148286819458
"WI","2026-09-11T04:00:00.000000",22.1260414123535
"WI","2026-09-11T05:00:00.000000",22.1116123199463
"WI","2026-09-11T06:00:00.000000",22.2327270507812
"WI","2026-09-11T07:00:00.000000",22.2320995330811
"WI","2026-09-11T08:00:00.000000",22.2250823974609
"WI","2026-09-11T09:00:00.000000",22.1929874420166
"WI","2026-09-11T10:00:00.000000",22.1318969726562
"WI","2026-09-11T11:00:00.000000",22.098072052002
"WI","2026-09-11T12:00:00.000000",22.0632476806641
"WI","2026-09-11T13:00:00.000000",22.0891380310059
"WI","2026-09-11T14:00:00.000000",22.1638813018799
"WI","2026-09-11T15:00:00.000000",22.2454872131348
"WI","2026-09-11T16:00:00.000000",22.3218250274658
"WI","2026-09-11T17:00:00.000000",22.3911743164062
"WI","2026-09-11T18:00:00.000000",22.3547840118408
"WI","2026-09-11T19:00:00.000000",22.3425312042236
"WI","2026-09-11T20:00:00.000000",22.3486995697021
"WI","2026-09-11T21:00:00.000000",22.3499298095703
"WI","2026-09-11T22:00:00.000000",22.425687789917
"WI","2026-09-11T23:00:00.000000",22.4104976654053
"WI","2026-09-12T00:00:00.000000",22.3678646087646
"WI","2026-09-12T01:00:00.000000",21.8923091888428
"WI","2026-09-12T02:00:00.000000",21.815975189209
"WI","2026-09-12T03:00:00.000000",21.851713180542
"WI","2026-09-12T04:00:00.000000",21.8458251953125
"WI","2026-09-12T05:00:00.000000",21.8616275787354
"WI","2026-09-12T06:00:00.000000",21.9203586578369
"WI","2026-09-12T07:00:00.000000",21.9613609313965
"WI","2026-09-12T08:00:00.000000",21.9471015930176
"WI","2026-09-12T09:00:00.000000",21.9189777374268
"WI","2026-09-12T10:00:00.000000",21.8795928955078
"WI","2026-09-12T11:00:00.000000",21.8209095001221
"WI","2026-09-12T12:00:00.000000",21.803430557251
"WI","2026-09-12T13:00:00.000000",21.8339462280273
"WI","2026-09-12T14:00:00.000000",21.92138671875
"WI","2026-09-12T15:00:00.000000",22.0702285766602
"WI","2026-09-12T16:00:00.000000",22.1174087524414
"WI","2026-09-12T17:00:00.000000",22.1556053161621
"WI","2026-09-12T18:00:00.000000",22.1831607818604
"WI","2026-09-12T19:00:00.000000",22.0813732147217
"WI","2026-09-12T20:00:00.000000",22.0403099060059
"WI","2026-09-12T21:00:00.000000",22.0294418334961
"WI","2026-09-12T22:00:00.000000",22.0898742675781
"WI","2026-09-12T23:00:00.000000",22.0961933135986
"WI","2026-09-13T00:00:00.000000",22.0609493255615
"WI","2026-09-13T01:00:00.000000",22.0071640014648
"WI","2026-09-13T02:00:00.000000",21.9803047180176
"WI","2026-09-13T03:00:00.000000",22.0273132324219
"WI","2026-09-13T04:00:00.000000",22.0712509155273
"WI","2026-09-13T05:00:00.000000",22.0897407531738
"WI","2026-09-13T06:00:00.000000",22.0703601837158
"WI","2026-09-13T07:00:00.000000",22.0803241729736
"WI","2026-09-13T08:00:00.000000",22.0998859405518
"WI","2026-09-13T09:00:00.000000",22.094554901123
"WI","2026-09-13T10:00:00.000000",22.085844039917
"WI","2026-09-13T11:00:00.000000",22.0484466552734
"WI","2026-09-13T12:00:00.000000",21.9873199462891
"WI","2026-09-13T13:00:00.000000",21.9443893432617
"WI","2026-09-13T14:00:00.000000",21.9356708526611
"WI","2026-09-13T15:00:00.000000",22.0088195800781
"WI","2026-09-13T16:00:00.000000",22.106273651123
"WI","2026-09-13T17:00:00.000000",22.1542778015137
"WI","2026-09-13T18:00:00.000000",22.1816787719727
"WI","2026-09-13T19:00:00.000000",22.1839504241943
"WI","2026-09-13T20:00:00.000000",22.1870384216309
"WI","2026-09-13T21:00:00.000000",22.2092761993408
"WI","2026-09-13T22:00:00.000000",22.2024555206299
"WI","2026-09-13T23:00:00.000000",22.1672382354736
"WI","2026-09-14T00:00:00.000000",22.1699886322021
"WI","2026-09-14T01:00:00.000000",22.1891613006592
"WI","2026-09-14T02:00:00.000000",22.1845302581787
"WI","2026-09-14T03:00:00.000000",22.1818332672119
"WI","2026-09-14T04:00:00.000000",22.1789970397949
"WI","2026-09-14T05:00:00.000000",22.1795845031738
"WI","2026-09-14T06:00:00.000000",22.1780738830566
"WI","2026-09-14T07:00:00.000000",22.1769886016846
"WI","2026-09-14T08:00:00.000000",22.1905708312988
"WI","2026-09-14T09:00:00.000000",22.2010650634766
"WI","2026-09-14T10:00:00.000000",22.1990070343018
"WI","2026-09-14T11:00:00.000000",22.1913585662842
"WI","2026-09-14T12:00:00.000000",22.1714286804199
"WI","2026-09-14T13:00:00.000000",22.1571750640869
"WI","2026-09-14T14:00:00.000000",22.1588306427002
"WI","2026-09-14T15:00:00.000000",22.175745010376
"WI","2026-09-14T16:00:00.000000",22.2209129333496
"WI","2026-09-14T17:00:00.000000",22.2757034301758
"WI","2026-09-14T18:00:00.000000",22.3223133087158
"WI","2026-09-14T19:00:00.000000",22.3677387237549
"WI","2026-09-14T20:00:00.000000",22.3884544372559
"WI","2026-09-14T21:00:00.000000",22.3474540710449
"WI","2026-09-14T22:00:00.000000",22.3272304534912
"WI","2026-09-14T23:00:00.000000",22.3018856048584
"WI","2026-09-15T00:00:00.000000",22.3263626098633
"WI","2026-09-15T01:00:00.000000",22.3335361480713
"WI","2026-09-15T02:00:00.000000",22.3239974975586
"WI","2026-09-15T03:00:00.000000",22.3070068359375
"WI","2026-09-15T04:00:00.000000",22.2807903289795
"WI","2026-09-15T05:00:00.000000",22.2681179046631
"WI","2026-09-15T06:00:00.000000",22.258321762085
"WI","2026-09-15T07:00:00.000000",22.2319049835205
"WI","2026-09-15T08:00:00.000000",22.2060985565186
"WI","2026-09-15T09:00:00.000000",22.2213115692139
"WI","2026-09-15T10:00:00.000000",22.2278785705566
"WI","2026-09-15T11:00:00.000000",22.2184581756592
"WI","2026-09-15T12:00:00.000000",22.2205257415771
"WI","2026-09-15T13:00:00.000000",22.1659488677979
"WI","2026-09-15T14:00:00.000000",22.1434173583984
"WI","2026-09-15T15:00:00.000000",22.166618347168
"WI","2026-09-15T16:00:00.000000",22.205358505249
"WI","2026-09-15T17:00:00.000000",22.2479991912842
"WI","2026-09-15T18:00:00.000000",22.2821617126465
"WI","2026-09-15T19:00:00.000000",22.3075790405273
"WI","2026-09-15T20:00:00.000000",22.3530693054199
"WI","2026-09-15T21:00:00.000000",22.373405456543
"WI","2026-09-15T22:00:00.000000",22.3639240264893
"WI","2026-09-15T23:00:00.000000",22.34983253479
"WI","2026-09-16T00:00:00.000000",22.3049392700195
"WI","2026-09-16T01:00:00.000000",22.2939529418945
"WI","2026-09-16T02:00:00.000000",22.3131370544434
"WI","2026-09-16T03:00:00.000000",22.3165760040283
"WI","2026-09-16T04:00:00.000000",22.2964859008789
"WI","2026-09-16T05:00:00.000000",22.27223777771
"WI","2026-09-16T06:00:00.000000",22.2523803710938
"WI","2026-09-16T07:00:00.000000",22.2375564575195
"WI","2026-09-16T08:00:00.000000",22.2210121154785
"WI","2026-09-16T09:00:00.000000",22.2114944458008
"WI","2026-09-16T10:00:00.000000",22.2328987121582
"WI","2026-09-16T11:00:00.000000",22.2469005584717
"WI","2026-09-16T12:00:00.000000",22.2479095458984
"WI","2026-09-16T13:00:00.000000",22.2422943115234
"WI","2026-09-16T14:00:00.000000",22.212718963623
"WI","2026-09-16T15:00:00.000000",22.2138710021973
"WI","2026-09-16T16:00:00.000000",22.2380180358887
"WI","2026-09-16T17:00:00.000000",22.2864303588867
"WI","2026-09-16T18:00:00.000000",22.3413505554199
"WI","2026-09-16T19:00:00.000000",22.3797817230225
"WI","2026-09-16T20:00:00.000000",22.394905090332
"WI","2026-09-16T21:00:00.000000",22.4456481933594
"WI","2026-09-16T22:00:00.000000",22.4504051208496
"WI","2026-09-16T23:00:00.000000",22.429759979248
"WI","2026-09-17T00:00:00.000000",22.4069690704346
