"site_id","time","temp_c"
"AQ","2026-09-12T00:00:00.000000",18.1868209838867
"AQ","2026-09-12T01:00:00.000000",17.9251155853271
"AQ","2026-09-12T02:00:00.000000",17.8069438934326
"AQ","2026-09-12T03:00:00.000000",17.7707271575928
"AQ","2026-09-12T04:00:00.000000",17.7759399414062
"AQ","2026-09-12T05:00:00.000000",17.7720947265625
"AQ","2026-09-12T06:00:00.000000",17.674467086792
"AQ","2026-09-12T07:00:00.000000",17.6136016845703
"AQ","2026-09-12T08:00:00.000000",17.6339435577393
"AQ","2026-09-12T09:00:00.000000",17.6242065429688
"AQ","2026-09-12T10:00:00.000000",17.6085948944092
"AQ","2026-09-12T11:00:00.000000",17.5715866088867
"AQ","2026-09-12T12:00:00.000000",17.5937671661377
"AQ","2026-09-12T13:00:00.000000",17.6226482391357
"AQ","2026-09-12T14:00:00.000000",17.6777610778809
"AQ","2026-09-12T15:00:00.000000",17.7806243896484
"AQ","2026-09-12T16:00:00.000000",17.8502006530762
"AQ","2026-09-12T17:00:00.000000",17.9040775299072
"AQ","2026-09-12T18:00:00.000000",17.8722515106201
"AQ","2026-09-12T19:00:00.000000",17.8560256958008
"AQ","2026-09-12T20:00:00.000000",17.8756084442139
"AQ","2026-09-12T21:00:00.000000",17.8596496582031
"AQ","2026-09-12T22:00:00.000000",17.8451919555664
"AQ","2026-09-12T23:00:00.000000",17.7971420288086
"AQ","2026-09-13T00:00:00.000000",17.762056350708
"AQ","2026-09-13T01:00:00.000000",17.8662700653076
"AQ","2026-09-13T02:00:00.000000",17.9494190216064
"AQ","2026-09-13T03:00:00.000000",18.0104198455811
"AQ","2026-09-13T04:00:00.000000",18.0300827026367
"AQ","2026-09-13T05:00:00.000000",18.0371513366699
"AQ","2026-09-13T06:00:00.000000",18.0370006561279
"AQ","2026-09-13T07:00:00.000000",17.9317741394043
"AQ","2026-09-13T08:00:00.000000",17.9073467254639
"AQ","2026-09-13T09:00:00.000000",17.8938732147217
"AQ","2026-09-13T10:00:00.000000",17.8190288543701
"AQ","2026-09-13T11:00:00.000000",17.799768447876
"AQ","2026-09-13T12:00:00.000000",17.7957439422607
"AQ","2026-09-13T13:00:00.000000",17.8507900238037
"AQ","2026-09-13T14:00:00.000000",17.9226913452148
"AQ","2026-09-13T15:00:00.000000",18.0087871551514
"AQ","2026-09-13T16:00:00.000000",18.0505542755127
"AQ","2026-09-13T17:00:00.000000",18.0648632049561
"AQ","2026-09-13T18:00:00.000000",18.0903072357178
"AQ","2026-09-13T19:00:00.000000",18.0226440429688
"AQ","2026-09-13T20:00:00.000000",17.9864120483398
"AQ","2026-09-13T21:00:00.000000",17.9949417114258
"AQ","2026-09-13T22:00:00.000000",17.953706741333
"AQ","2026-09-13T23:00:00.000000",17.924991607666
"AQ","2026-09-14T00:00:00.000000",17.9215240478516
"AQ","2026-09-14T01:00:00.000000",17.5024299621582
"AQ","2026-09-14T02:00:00.000000",17.4257736206055
"AQ","2026-09-14T03:00:00.000000",17.4342365264893
"AQ","2026-09-14T04:00:00.000000",17.4719085693359
"AQ","2026-09-14T05:00:00.000000",17.5095367431641
"AQ","2026-09-14T06:00:00.000000",17.5267333984375
"AQ","2026-09-14T07:00:00.000000",17.4548816680908
"AQ","2026-09-14T08:00:00.000000",17.3941287994385
"AQ","2026-09-14T09:00:00.000000",17.3832817077637
"AQ","2026-09-14T10:00:00.000000",17.384204864502
"AQ","2026-09-14T11:00:00.000000",17.3764266967773
"AQ","2026-09-14T12:00:00.000000",17.3740196228027
"AQ","2026-09-14T13:00:00.000000",17.375955581665
"AQ","2026-09-14T14:00:00.000000",17.3894290924072
"AQ","2026-09-14T15:00:00.000000",17.4122676849365
"AQ","2026-09-14T16:00:00.000000",17.4761981964111
"AQ","2026-09-14T17:00:00.000000",17.5646495819092
"AQ","2026-09-14T18:00:00.000000",17.6369285583496
"AQ","2026-09-14T19:00:00.000000",17.7320518493652
"AQ","2026-09-14T20:00:00.000000",17.7057571411133
"AQ","2026-09-14T21:00:00.000000",17.7153167724609
"AQ","2026-09-14T22:00:00.000000",17.6578998565674
"AQ","2026-09-14T23:00:00.000000",17.644006729126
"AQ","2026-09-15T00:00:00.000000",17.6472225189209
"AQ","2026-09-15T01:00:00.000000",17.5791244506836
"AQ","2026-09-15T02:00:00.000000",17.5972023010254
"AQ","2026-09-15T03:00:00.000000",17.5782585144043
"AQ","2026-09-15T04:00:00.000000",17.5177612304688
"AQ","2026-09-15T05:00:00.000000",17.4840126037598
"AQ","2026-09-15T06:00:00.000000",17.4726104736328
"AQ","2026-09-15T07:00:00.000000",17.4621467590332
"AQ","2026-09-15T08:00:00.000000",17.3331470489502
"AQ","2026-09-15T09:00:00.000000",17.2820281982422
"AQ","2026-09-15T10:00:00.000000",17.2658615112305
"AQ","2026-09-15T11:00:00.000000",17.2710113525391
"AQ","2026-09-15T12:00:00.000000",17.2697887420654
"AQ","2026-09-15T13:00:00.000000",17.2679138183594
"AQ","2026-09-15T14:00:00.000000",17.2820529937744
"AQ","2026-09-15T15:00:00.000000",17.3112354278564
"AQ","2026-09-15T16:00:00.000000",17.3831996917725
"AQ","2026-09-15T17:00:00.000000",17.4738712310791
"AQ","2026-09-15T18:00:00.000000",17.5261516571045
"AQ","2026-09-15T19:00:00.000000",17.5644340515137
"AQ","2026-09-15T20:00:00.000000",17.5063667297363
"AQ","2026-09-15T21:00:00.000000",17.4634571075439
"AQ","2026-09-15T22:00:00.000000",17.5376605987549
"AQ","2026-09-15T23:00:00.000000",17.5618762969971
"AQ","2026-09-16T00:00:00.000000",17.5435447692871
"AQ","2026-09-16T01:00:00.000000",17.5094966888428
"AQ","2026-09-16T02:00:00.000000",17.4501724243164
"AQ","2026-09-16T03:00:00.000000",17.4239139556885
"AQ","2026-09-16T04:00:00.000000",17.4196853637695
"AQ","2026-09-16T05:00:00.000000",17.4904708862305
"AQ","2026-09-16T06:00:00.000000",17.5510005950928
"AQ","2026-09-16T07:00:00.000000",17.54758644104
"AQ","2026-09-16T08:00:00.000000",17.5358066558838
"AQ","2026-09-16T09:00:00.000000",17.4543418884277
"AQ","2026-09-16T10:00:00.000000",17.3896045684814
"AQ","2026-09-16T11:00:00.000000",17.3717937469482
"AQ","2026-09-16T12:00:00.000000",17.3406505584717
"AQ","2026-09-16T13:00:00.000000",17.2869110107422
"AQ","2026-09-16T14:00:00.000000",17.2998104095459
"AQ","2026-09-16T15:00:00.000000",17.3561153411865
"AQ","2026-09-16T16:00:00.000000",17.4337997436523
"AQ","2026-09-16T17:00:00.000000",17.5214958190918
"AQ","2026-09-16T18:00:00.000000",17.615514755249
"AQ","2026-09-16T19:00:00.000000",17.6799755096436
"AQ","2026-09-16T20:00:00.000000",17.7386989593506
"AQ","2026-09-16T21:00:00.000000",17.6625671386719
"AQ","2026-09-16T22:00:00.000000",17.6575088500977
"AQ","2026-09-16T23:00:00.000000",17.7047863006592
"AQ","2026-09-17T00:00:00.000000",17.7171154022217
"AQ","2026-09-17T01:00:00.000000",17.6912689208984
"AQ","2026-09-17T02:00:00.000000",17.6787567138672
"AQ","2026-09-17T03:00:00.000000",17.6803016662598
"AQ","2026-09-17T04:00:00.000000",17.6865501403809
"AQ","2026-09-17T05:00:00.000000",17.6856079101562
"AQ","2026-09-17T06:00:00.000000",17.690523147583
"AQ","2026-09-17T07:00:00.000000",17.7199115753174
"AQ","2026-09-17T08:00:00.000000",17.7362098693848
"AQ","2026-09-17T09:00:00.000000",17.7145576477051
"AQ","2026-09-17T10:00:00.000000",17.6636657714844
"AQ","2026-09-17T11:00:00.000000",17.6437950134277
"AQ","2026-09-17T12:00:00.000000",17.6341171264648
"AQ","2026-09-17T13:00:00.000000",17.6310291290283
"AQ","2026-09-17T14:00:00.000000",17.6329250335693
"AQ","2026-09-17T15:00:00.000000",17.65403175354
"AQ","2026-09-17T16:00:00.000000",17.6773223876953
"AQ","2026-09-17T17:00:00.000000",17.7047252655029
"AQ","2026-09-17T18:00:00.000000",17.7592582702637
"AQ","2026-09-17T19:00:00.000000",17.8016605377197
"AQ","2026-09-17T20:00:00.000000",17.8202495574951
"AQ","2026-09-17T21:00:00.000000",17.8178768157959
"AQ","2026-09-17T22:00:00.000000",17.7490234375
"AQ","2026-09-17T23:00:00.000000",17.7153701782227
"AQ","2026-09-18T00:00:00.000000",17.7023887634277
"CB","2026-09-12T00:00:00.000000",18.1771240234375
"CB","2026-09-12T01:00:00.000000",18.2402114868164
"CB","2026-09-12T02:00:00.000000",18.2280235290527
"CB","2026-09-12T03:00:00.000000",18.1861000061035
"CB","2026-09-12T04:00:00.000000",18.1838893890381
"CB","2026-09-12T05:00:00.000000",18.1854915618896
"CB","2026-09-12T06:00:00.000000",18.1978797912598
"CB","2026-09-12T07:00:00.000000",18.2349891662598
"CB","2026-09-12T08:00:00.000000",18.2620487213135
"CB","2026-09-12T09:00:00.000000",18.2644672393799
"CB","2026-09-12T10:00:00.000000",18.2746658325195
"CB","2026-09-12T11:00:00.000000",18.2752895355225
"CB","2026-09-12T12:00:00.000000",18.2736186981201
"CB","2026-09-12T13:00:00.000000",18.2758026123047
"CB","2026-09-12T14:00:00.000000",18.2449378967285
"CB","2026-09-12T15:00:00.000000",18.2378826141357
"CB","2026-09-12T16:00:00.000000",18.2737350463867
"CB","2026-09-12T17:00:00.000000",18.2795391082764
"CB","2026-09-12T18:00:00.000000",18.2572078704834
"CB","2026-09-12T19:00:00.000000",18.2612628936768
"CB","2026-09-12T20:00:00.000000",18.2702102661133
"CB","2026-09-12T21:00:00.000000",18.2812404632568
"CB","2026-09-12T22:00:00.000000",18.2810363769531
"CB","2026-09-12T23:00:00.000000",18.2852535247803
"CB","2026-09-13T00:00:00.000000",18.2829189300537
"CB","2026-09-13T01:00:00.000000",18.2942543029785
"CB","2026-09-13T02:00:00.000000",18.2974853515625
"CB","2026-09-13T03:00:00.000000",18.3165225982666
"CB","2026-09-13T04:00:00.000000",18.3372936248779
"CB","2026-09-13T05:00:00.000000",18.3496036529541
"CB","2026-09-13T06:00:00.000000",18.3653240203857
"CB","2026-09-13T07:00:00.000000",18.3276653289795
"CB","2026-09-13T08:00:00.000000",18.3143749237061
"CB","2026-09-13T09:00:00.000000",18.3105430603027
"CB","2026-09-13T10:00:00.000000",18.3037910461426
"CB","2026-09-13T11:00:00.000000",18.2922763824463
"CB","2026-09-13T12:00:00.000000",18.2915000915527
"CB","2026-09-13T13:00:00.000000",18.2973918914795
"CB","2026-09-13T14:00:00.000000",18.3021144866943
"CB","2026-09-13T15:00:00.000000",18.322452545166
"CB","2026-09-13T16:00:00.000000",18.3495006561279
"CB","2026-09-13T17:00:00.000000",18.3657035827637
"CB","2026-09-13T18:00:00.000000",18.3771800994873
"CB","2026-09-13T19:00:00.000000",18.3699893951416
"CB","2026-09-13T20:00:00.000000",18.3529224395752
"CB","2026-09-13T21:00:00.000000",18.3424034118652
"CB","2026-09-13T22:00:00.000000",18.3436470031738
"CB","2026-09-13T23:00:00.000000",18.3319702148438
"CB","2026-09-14T00:00:00.000000",18.3283653259277
"CB","2026-09-14T01:00:00.000000",17.7428150177002
"CB","2026-09-14T02:00:00.000000",17.6226673126221
"CB","2026-09-14T03:00:00.000000",17.4975337982178
"CB","2026-09-14T04:00:00.000000",17.4898204803467
"CB","2026-09-14T05:00:00.000000",17.5216045379639
"CB","2026-09-14T06:00:00.000000",17.5351848602295
"CB","2026-09-14T07:00:00.000000",17.5002593994141
"CB","2026-09-14T08:00:00.000000",17.4733047485352
"CB","2026-09-14T09:00:00.000000",17.4873561859131
"CB","2026-09-14T10:00:00.000000",17.5034561157227
"CB","2026-09-14T11:00:00.000000",17.5057849884033
"CB","2026-09-14T12:00:00.000000",17.5049571990967
"CB","2026-09-14T13:00:00.000000",17.5041999816895
"CB","2026-09-14T14:00:00.000000",17.5140132904053
"CB","2026-09-14T15:00:00.000000",17.5295238494873
"CB","2026-09-14T16:00:00.000000",17.5787620544434
"CB","2026-09-14T17:00:00.000000",17.6554317474365
"CB","2026-09-14T18:00:00.000000",17.6852912902832
"CB","2026-09-14T19:00:00.000000",17.6526775360107
"CB","2026-09-14T20:00:00.000000",17.5954170227051
"CB","2026-09-14T21:00:00.000000",17.5527172088623
"CB","2026-09-14T22:00:00.000000",17.5658626556396
"CB","2026-09-14T23:00:00.000000",17.5658931732178
"CB","2026-09-15T00:00:00.000000",17.5707015991211
"CB","2026-09-15T01:00:00.000000",17.56787109375
"CB","2026-09-15T02:00:00.000000",17.5631542205811
"CB","2026-09-15T03:00:00.000000",17.565185546875
"CB","2026-09-15T04:00:00.000000",17.51491355896
"CB","2026-09-15T05:00:00.000000",17.4455261230469
"CB","2026-09-15T06:00:00.000000",17.4347724914551
"CB","2026-09-15T07:00:00.000000",17.4424819946289
"CB","2026-09-15T08:00:00.000000",17.4348888397217
"CB","2026-09-15T09:00:00.000000",17.4390468597412
"CB","2026-09-15T10:00:00.000000",17.4760761260986
"CB","2026-09-15T11:00:00.000000",17.4899044036865
"CB","2026-09-15T12:00:00.000000",17.4900646209717
"CB","2026-09-15T13:00:00.000000",17.4904804229736
"CB","2026-09-15T14:00:00.000000",17.4943675994873
"CB","2026-09-15T15:00:00.000000",17.4993324279785
"CB","2026-09-15T16:00:00.000000",17.5248394012451
"CB","2026-09-15T17:00:00.000000",17.5920486450195
"CB","2026-09-15T18:00:00.000000",17.6484413146973
"CB","2026-09-15T19:00:00.000000",17.6680583953857
"CB","2026-09-15T20:00:00.000000",17.628324508667
"CB","2026-09-15T21:00:00.000000",17.5881252288818
"CB","2026-09-15T22:00:00.000000",17.5543022155762
"CB","2026-09-15T23:00:00.000000",17.5654850006104
"CB","2026-09-16T00:00:00.000000",17.5649337768555
"CB","2026-09-16T01:00:00.000000",17.5602474212646
"CB","2026-09-16T02:00:00.000000",17.5608062744141
"CB","2026-09-16T03:00:00.000000",17.5679092407227
"CB","2026-09-16T04:00:00.000000",17.5871562957764
"CB","2026-09-16T05:00:00.000000",17.6537971496582
"CB","2026-09-16T06:00:00.000000",17.6984577178955
"CB","2026-09-16T07:00:00.000000",17.7053050994873
"CB","2026-09-16T08:00:00.000000",17.7003726959229
"CB","2026-09-16T09:00:00.000000",17.6219921112061
"CB","2026-09-16T10:00:00.000000",17.5958652496338
"CB","2026-09-16T11:00:00.000000",17.5837917327881
"CB","2026-09-16T12:00:00.000000",17.586935043335
"CB","2026-09-16T13:00:00.000000",17.5805854797363
"CB","2026-09-16T14:00:00.000000",17.5811290740967
"CB","2026-09-16T15:00:00.000000",17.5983734130859
"CB","2026-09-16T16:00:00.000000",17.6281127929688
"CB","2026-09-16T17:00:00.000000",17.6955223083496
"CB","2026-09-16T18:00:00.000000",17.7815723419189
"CB","2026-09-16T19:00:00.000000",17.8112545013428
"CB","2026-09-16T20:00:00.000000",17.8207836151123
"CB","2026-09-16T21:00:00.000000",17.7645416259766
"CB","2026-09-16T22:00:00.000000",17.714822769165
"CB","2026-09-16T23:00:00.000000",17.6567726135254
"CB","2026-09-17T00:00:00.000000",17.6263103485107
"CB","2026-09-17T01:00:00.000000",17.6132068634033
"CB","2026-09-17T02:00:00.000000",17.6114864349365
"CB","2026-09-17T03:00:00.000000",17.6115398406982
"CB","2026-09-17T04:00:00.000000",17.6326999664307
"CB","2026-09-17T05:00:00.000000",17.6653747558594
"CB","2026-09-17T06:00:00.000000",17.7096500396729
"CB","2026-09-17T07:00:00.000000",17.7641487121582
"CB","2026-09-17T08:00:00.000000",17.776948928833
"CB","2026-09-17T09:00:00.000000",17.7750549316406
"CB","2026-09-17T10:00:00.000000",17.7241649627686
"CB","2026-09-17T11:00:00.000000",17.6943244934082
"CB","2026-09-17T12:00:00.000000",17.6638126373291
"CB","2026-09-17T13:00:00.000000",17.663387298584
"CB","2026-09-17T14:00:00.000000",17.6583442687988
"CB","2026-09-17T15:00:00.000000",17.6589088439941
"CB","2026-09-17T16:00:00.000000",17.6614818572998
"CB","2026-09-17T17:00:00.000000",17.7208957672119
"CB","2026-09-17T18:00:00.000000",17.7902507781982
"CB","2026-09-17T19:00:00.000000",17.8238849639893
"CB","2026-09-17T20:00:00.000000",17.8306446075439
"CB","2026-09-17T21:00:00.000000",17.8311996459961
"CB","2026-09-17T22:00:00.000000",17.7862033843994
"CB","2026-09-17T23:00:00.000000",17.7583293914795
"CB","2026-09-18T00:00:00.000000",17.7176456451416
"CI","2026-09-12T00:00:00.000000",18.9493026733398
"CI","2026-09-12T01:00:00.000000",18.3575420379639
"CI","2026-09-12T02:00:00.000000",18.2386531829834
"CI","2026-09-12T03:00:00.000000",18.1737194061279
"CI","2026-09-12T04:00:00.000000",18.1215648651123
"CI","2026-09-12T05:00:00.000000",18.1559867858887
"CI","2026-09-12T06:00:00.000000",18.1310234069824
"CI","2026-09-12T07:00:00.000000",18.1268138885498
"CI","2026-09-12T08:00:00.000000",18.1312694549561
"CI","2026-09-12T09:00:00.000000",18.1332855224609
"CI","2026-09-12T10:00:00.000000",18.1332855224609
"CI","2026-09-12T11:00:00.000000",18.1332855224609
"CI","2026-09-12T12:00:00.000000",18.1332855224609
"CI","2026-09-12T13:00:00.000000",18.1332855224609
"CI","2026-09-12T14:00:00.000000",18.2581825256348
"CI","2026-09-12T15:00:00.000000",18.25856590271
"CI","2026-09-12T16:00:00.000000",18.2445335388184
"CI","2026-09-12T17:00:00.000000",18.2714233398438
"CI","2026-09-12T18:00:00.000000",18.3256778717041
"CI","2026-09-12T19:00:00.000000",18.3008766174316
"CI","2026-09-12T20:00:00.000000",18.2679901123047
"CI","2026-09-12T21:00:00.000000",18.2599678039551
"CI","2026-09-12T22:00:00.000000",18.2599678039551
"CI","2026-09-12T23:00:00.000000",18.2599678039551
"CI","2026-09-13T00:00:00.000000",18.2599678039551
"CI","2026-09-13T01:00:00.000000",18.2599678039551
"CI","2026-09-13T02:00:00.000000",18.6368827819824
"CI","2026-09-13T03:00:00.000000",18.5504741668701
"CI","2026-09-13T04:00:00.000000",18.482837677002
"CI","2026-09-13T05:00:00.000000",18.4711284637451
"CI","2026-09-13T06:00:00.000000",18.468713760376
"CI","2026-09-13T07:00:00.000000",18.4443397521973
"CI","2026-09-13T08:00:00.000000",18.4719867706299
"CI","2026-09-13T09:00:00.000000",18.5492916107178
"CI","2026-09-13T10:00:00.000000",18.5588855743408
"CI","2026-09-13T11:00:00.000000",18.5588855743408
"CI","2026-09-13T12:00:00.000000",18.5588855743408
"CI","2026-09-13T13:00:00.000000",18.5588855743408
"CI","2026-09-13T14:00:00.000000",18.62619972229
"CI","2026-09-13T15:00:00.000000",18.6194267272949
"CI","2026-09-13T16:00:00.000000",18.5882587432861
"CI","2026-09-13T17:00:00.000000",18.5988941192627
"CI","2026-09-13T18:00:00.000000",18.6036815643311
"CI","2026-09-13T19:00:00.000000",18.6005992889404
"CI","2026-09-13T20:00:00.000000",18.5878047943115
"CI","2026-09-13T21:00:00.000000",18.5996494293213
"CI","2026-09-13T22:00:00.000000",18.6074123382568
"CI","2026-09-13T23:00:00.000000",18.6074123382568
"CI","2026-09-14T00:00:00.000000",18.6074123382568
"CI","2026-09-14T01:00:00.000000",18.6074123382568
"CI","2026-09-14T02:00:00.000000",18.6074123382568
"CI","2026-09-14T03:00:00.000000",18.2195262908936
"CI","2026-09-14T04:00:00.000000",18.2069339752197
"CI","2026-09-14T05:00:00.000000",18.181131362915
"CI","2026-09-14T06:00:00.000000",18.1531925201416
"CI","2026-09-14T07:00:00.000000",18.1556072235107
"CI","2026-09-14T08:00:00.000000",18.1687526702881
"CI","2026-09-14T09:00:00.000000",18.1959934234619
"CI","2026-09-14T10:00:00.000000",18.1933078765869
"CI","2026-09-14T11:00:00.000000",18.1933078765869
"CI","2026-09-14T12:00:00.000000",18.1933078765869
"CI","2026-09-14T13:00:00.000000",18.1933078765869
"CI","2026-09-14T14:00:00.000000",18.1933078765869
"CI","2026-09-14T15:00:00.000000",18.2068843841553
"CI","2026-09-14T16:00:00.000000",18.2401180267334
"CI","2026-09-14T17:00:00.000000",18.2924633026123
"CI","2026-09-14T18:00:00.000000",18.3314800262451
"CI","2026-09-14T19:00:00.000000",18.3313426971436
"CI","2026-09-14T20:00:00.000000",18.3418674468994
"CI","2026-09-14T21:00:00.000000",18.2968235015869
"CI","2026-09-14T22:00:00.000000",18.2726593017578
"CI","2026-09-14T23:00:00.000000",18.2726593017578
"CI","2026-09-15T00:00:00.000000",18.2726593017578
"CI","2026-09-15T01:00:00.000000",18.2726593017578
"CI","2026-09-15T02:00:00.000000",18.2726593017578
"CI","2026-09-15T03:00:00.000000",18.2726593017578
"CI","2026-09-15T04:00:00.000000",18.1103191375732
"CI","2026-09-15T05:00:00.000000",18.2824573516846
"CI","2026-09-15T06:00:00.000000",18.3325710296631
"CI","2026-09-15T07:00:00.000000",18.2946395874023
"CI","2026-09-15T08:00:00.000000",18.2911357879639
"CI","2026-09-15T09:00:00.000000",18.2377967834473
"CI","2026-09-15T10:00:00.000000",18.1406898498535
"CI","2026-09-15T11:00:00.000000",18.1273708343506
"CI","2026-09-15T12:00:00.000000",18.1273708343506
"CI","2026-09-15T13:00:00.000000",18.1273708343506
"CI","2026-09-15T14:00:00.000000",18.1273708343506
"CI","2026-09-15T15:00:00.000000",18.1939125061035
"CI","2026-09-15T16:00:00.000000",18.2583808898926
"CI","2026-09-15T17:00:00.000000",18.2015571594238
"CI","2026-09-15T18:00:00.000000",18.2038707733154
"CI","2026-09-15T19:00:00.000000",18.2259368896484
"CI","2026-09-15T20:00:00.000000",18.2625408172607
"CI","2026-09-15T21:00:00.000000",18.2728176116943
"CI","2026-09-15T22:00:00.000000",18.2722682952881
"CI","2026-09-15T23:00:00.000000",18.2712802886963
"CI","2026-09-16T00:00:00.000000",18.2712802886963
"CI","2026-09-16T01:00:00.000000",18.2712802886963
"CI","2026-09-16T02:00:00.000000",18.2712802886963
"CI","2026-09-16T03:00:00.000000",18.2712802886963
"CI","2026-09-16T04:00:00.000000",18.2103824615479
"CI","2026-09-16T05:00:00.000000",18.2209606170654
"CI","2026-09-16T06:00:00.000000",18.1838531494141
"CI","2026-09-16T07:00:00.000000",18.1491470336914
"CI","2026-09-16T08:00:00.000000",18.1418170928955
"CI","2026-09-16T09:00:00.000000",18.1420116424561
"CI","2026-09-16T10:00:00.000000",18.1677684783936
"CI","2026-09-16T11:00:00.000000",18.1819972991943
"CI","2026-09-16T12:00:00.000000",18.1824779510498
"CI","2026-09-16T13:00:00.000000",18.1824779510498
"CI","2026-09-16T14:00:00.000000",18.1824779510498
"CI","2026-09-16T15:00:00.000000",18.1824779510498
"CI","2026-09-16T16:00:00.000000",18.3217372894287
"CI","2026-09-16T17:00:00.000000",18.3548526763916
"CI","2026-09-16T18:00:00.000000",18.3600368499756
"CI","2026-09-16T19:00:00.000000",18.3677921295166
"CI","2026-09-16T20:00:00.000000",18.3796348571777
"CI","2026-09-16T21:00:00.000000",18.4201736450195
"CI","2026-09-16T22:00:00.000000",18.4158763885498
"CI","2026-09-16T23:00:00.000000",18.41575050354
"CI","2026-09-17T00:00:00.000000",18.4122085571289
"CI","2026-09-17T01:00:00.000000",18.4122085571289
"CI","2026-09-17T02:00:00.000000",18.4122085571289
"CI","2026-09-17T03:00:00.000000",18.4122085571289
"CI","2026-09-17T04:00:00.000000",18.4122085571289
"CI","2026-09-17T05:00:00.000000",18.3716163635254
"CI","2026-09-17T06:00:00.000000",18.3725566864014
"CI","2026-09-17T07:00:00.000000",18.3673458099365
"CI","2026-09-17T08:00:00.000000",18.3436870574951
"CI","2026-09-17T09:00:00.000000",18.3536586761475
"CI","2026-09-17T10:00:00.000000",18.360818862915
"CI","2026-09-17T11:00:00.000000",18.3672142028809
"CI","2026-09-17T12:00:00.000000",18.3631992340088
"CI","2026-09-17T13:00:00.000000",18.3634338378906
"CI","2026-09-17T14:00:00.000000",18.3634338378906
"CI","2026-09-17T15:00:00.000000",18.3634338378906
"CI","2026-09-17T16:00:00.000000",18.4753551483154
"CI","2026-09-17T17:00:00.000000",18.52463722229
"CI","2026-09-17T18:00:00.000000",18.5602416992188
"CI","2026-09-17T19:00:00.000000",18.6156673431396
"CI","2026-09-17T20:00:00.000000",18.6288890838623
"CI","2026-09-17T21:00:00.000000",18.6332988739014
"CI","2026-09-17T22:00:00.000000",18.6034622192383
"CI","2026-09-17T23:00:00.000000",18.5870876312256
"CI","2026-09-18T00:00:00.000000",18.5809764862061
"DC","2026-09-12T00:00:00.000000",18.1721000671387
"DC","2026-09-12T01:00:00.000000",18.1291255950928
"DC","2026-09-12T02:00:00.000000",18.1451396942139
"DC","2026-09-12T03:00:00.000000",18.1447048187256
"DC","2026-09-12T04:00:00.000000",18.1569061279297
"DC","2026-09-12T05:00:00.000000",18.1833400726318
"DC","2026-09-12T06:00:00.000000",18.1961421966553
"DC","2026-09-12T07:00:00.000000",18.2298316955566
"DC","2026-09-12T08:00:00.000000",18.2536315917969
"DC","2026-09-12T09:00:00.000000",18.2536315917969
"DC","2026-09-12T10:00:00.000000",18.2536315917969
"DC","2026-09-12T11:00:00.000000",18.2536315917969
"DC","2026-09-12T12:00:00.000000",18.2536315917969
"DC","2026-09-12T13:00:00.000000",18.2360343933105
"DC","2026-09-12T14:00:00.000000",18.2671508789062
"DC","2026-09-12T15:00:00.000000",18.3635005950928
"DC","2026-09-12T16:00:00.000000",18.4314785003662
"DC","2026-09-12T17:00:00.000000",18.4647121429443
"DC","2026-09-12T18:00:00.000000",18.4362697601318
"DC","2026-09-12T19:00:00.000000",18.3826808929443
"DC","2026-09-12T20:00:00.000000",18.41672706604
"DC","2026-09-12T21:00:00.000000",18.4425048828125
"DC","2026-09-12T22:00:00.000000",18.4425048828125
"DC","2026-09-12T23:00:00.000000",18.4425048828125
"DC","2026-09-13T00:00:00.000000",18.4425048828125
"DC","2026-09-13T01:00:00.000000",18.4425048828125
"DC","2026-09-13T02:00:00.000000",18.3200740814209
"DC","2026-09-13T03:00:00.000000",18.2875423431396
"DC","2026-09-13T04:00:00.000000",18.2767009735107
"DC","2026-09-13T05:00:00.000000",18.2873516082764
"DC","2026-09-13T06:00:00.000000",18.3292293548584
"DC","2026-09-13T07:00:00.000000",18.3546447753906
"DC","2026-09-13T08:00:00.000000",18.3487148284912
"DC","2026-09-13T09:00:00.000000",18.3439464569092
"DC","2026-09-13T10:00:00.000000",18.3439464569092
"DC","2026-09-13T11:00:00.000000",18.3439464569092
"DC","2026-09-13T12:00:00.000000",18.3439464569092
"DC","2026-09-13T13:00:00.000000",18.3439464569092
"DC","2026-09-13T14:00:00.000000",18.3405132293701
"DC","2026-09-13T15:00:00.000000",18.3447456359863
"DC","2026-09-13T16:00:00.000000",18.363094329834
"DC","2026-09-13T17:00:00.000000",18.3836135864258
"DC","2026-09-13T18:00:00.000000",18.3999691009521
"DC","2026-09-13T19:00:00.000000",18.4030742645264
"DC","2026-09-13T20:00:00.000000",18.3978977203369
"DC","2026-09-13T21:00:00.000000",18.4225101470947
"DC","2026-09-13T22:00:00.000000",18.424222946167
"DC","2026-09-13T23:00:00.000000",18.424222946167
"DC","2026-09-14T00:00:00.000000",18.424222946167
"DC","2026-09-14T01:00:00.000000",18.424222946167
"DC","2026-09-14T02:00:00.000000",17.5849952697754
"DC","2026-09-14T03:00:00.000000",17.4976692199707
"DC","2026-09-14T04:00:00.000000",17.5133476257324
"DC","2026-09-14T05:00:00.000000",17.5206890106201
"DC","2026-09-14T06:00:00.000000",17.5430431365967
"DC","2026-09-14T07:00:00.000000",17.5545635223389
"DC","2026-09-14T08:00:00.000000",17.5495662689209
"DC","2026-09-14T09:00:00.000000",17.5441703796387
"DC","2026-09-14T10:00:00.000000",17.5440273284912
"DC","2026-09-14T11:00:00.000000",17.5440273284912
"DC","2026-09-14T12:00:00.000000",17.5440273284912
"DC","2026-09-14T13:00:00.000000",17.5440273284912
"DC","2026-09-14T14:00:00.000000",17.5440273284912
"DC","2026-09-14T15:00:00.000000",17.6150207519531
"DC","2026-09-14T16:00:00.000000",17.6926975250244
"DC","2026-09-14T17:00:00.000000",17.738525390625
"DC","2026-09-14T18:00:00.000000",17.7747631072998
"DC","2026-09-14T19:00:00.000000",17.7802639007568
"DC","2026-09-14T20:00:00.000000",17.7482433319092
"DC","2026-09-14T21:00:00.000000",17.7192363739014
"DC","2026-09-14T22:00:00.000000",17.6813793182373
"DC","2026-09-14T23:00:00.000000",17.6813793182373
"DC","2026-09-15T00:00:00.000000",17.6813793182373
"DC","2026-09-15T01:00:00.000000",17.6813793182373
"DC","2026-09-15T02:00:00.000000",17.6813793182373
"DC","2026-09-15T03:00:00.000000",17.6772594451904
"DC","2026-09-15T04:00:00.000000",17.5562114715576
"DC","2026-09-15T05:00:00.000000",17.5556621551514
"DC","2026-09-15T06:00:00.000000",17.5597877502441
"DC","2026-09-15T07:00:00.000000",17.5666942596436
"DC","2026-09-15T08:00:00.000000",17.5733394622803
"DC","2026-09-15T09:00:00.000000",17.6114635467529
"DC","2026-09-15T10:00:00.000000",17.6695079803467
"DC","2026-09-15T11:00:00.000000",17.6602535247803
"DC","2026-09-15T12:00:00.000000",17.6602535247803
"DC","2026-09-15T13:00:00.000000",17.6602535247803
"DC","2026-09-15T14:00:00.000000",17.6602535247803
"DC","2026-09-15T15:00:00.000000",17.6426525115967
"DC","2026-09-15T16:00:00.000000",17.6804332733154
"DC","2026-09-15T17:00:00.000000",17.7257461547852
"DC","2026-09-15T18:00:00.000000",17.7625293731689
"DC","2026-09-15T19:00:00.000000",17.7862892150879
"DC","2026-09-15T20:00:00.000000",17.7927150726318
"DC","2026-09-15T21:00:00.000000",17.8001461029053
"DC","2026-09-15T22:00:00.000000",17.8162899017334
"DC","2026-09-15T23:00:00.000000",17.8156127929688
"DC","2026-09-16T00:00:00.000000",17.8156127929688
"DC","2026-09-16T01:00:00.000000",17.8156127929688
"DC","2026-09-16T02:00:00.000000",17.8156127929688
"DC","2026-09-16T03:00:00.000000",17.8156127929688
"DC","2026-09-16T04:00:00.000000",17.7993602752686
"DC","2026-09-16T05:00:00.000000",17.7453269958496
"DC","2026-09-16T06:00:00.000000",17.6884899139404
"DC","2026-09-16T07:00:00.000000",17.6569938659668
"DC","2026-09-16T08:00:00.000000",17.6960697174072
"DC","2026-09-16T09:00:00.000000",17.7457618713379
"DC","2026-09-16T10:00:00.000000",17.7742137908936
"DC","2026-09-16T11:00:00.000000",17.7688274383545
"DC","2026-09-16T12:00:00.000000",17.7761135101318
"DC","2026-09-16T13:00:00.000000",17.7761135101318
"DC","2026-09-16T14:00:00.000000",17.7761135101318
"DC","2026-09-16T15:00:00.000000",17.7761135101318
"DC","2026-09-16T16:00:00.000000",17.8065910339355
"DC","2026-09-16T17:00:00.000000",17.8286380767822
"DC","2026-09-16T18:00:00.000000",17.8438320159912
"DC","2026-09-16T19:00:00.000000",17.8563823699951
"DC","2026-09-16T20:00:00.000000",17.8651275634766
"DC","2026-09-16T21:00:00.000000",17.8670787811279
"DC","2026-09-16T22:00:00.000000",17.8799285888672
"DC","2026-09-16T23:00:00.000000",17.8775482177734
"DC","2026-09-17T00:00:00.000000",17.8644828796387
"DC","2026-09-17T01:00:00.000000",17.8644828796387
"DC","2026-09-17T02:00:00.000000",17.8644828796387
"DC","2026-09-17T03:00:00.000000",17.8644828796387
"DC","2026-09-17T04:00:00.000000",17.8644828796387
"DC","2026-09-17T05:00:00.000000",17.8697643280029
"DC","2026-09-17T06:00:00.000000",17.8501720428467
"DC","2026-09-17T07:00:00.000000",17.8301944732666
"DC","2026-09-17T08:00:00.000000",17.8316135406494
"DC","2026-09-17T09:00:00.000000",17.8361396789551
"DC","2026-09-17T10:00:00.000000",17.8374729156494
"DC","2026-09-17T11:00:00.000000",17.8616580963135
"DC","2026-09-17T12:00:00.000000",17.8680191040039
"DC","2026-09-17T13:00:00.000000",17.8680191040039
"DC","2026-09-17T14:00:00.000000",17.8680191040039
"DC","2026-09-17T15:00:00.000000",17.8680191040039
"DC","2026-09-17T16:00:00.000000",17.9104976654053
"DC","2026-09-17T17:00:00.000000",17.897310256958
"DC","2026-09-17T18:00:00.000000",17.8820114135742
"DC","2026-09-17T19:00:00.000000",17.8685512542725
"DC","2026-09-17T20:00:00.000000",17.8737010955811
"DC","2026-09-17T21:00:00.000000",17.8854923248291
"DC","2026-09-17T22:00:00.000000",17.8924598693848
"DC","2026-09-17T23:00:00.000000",17.9115734100342
"DC","2026-09-18T00:00:00.000000",17.9114284515381
"LH","2026-09-12T00:00:00.000000",18.1947422027588
"LH","2026-09-12T01:00:00.000000",18.0973262786865
"LH","2026-09-12T02:00:00.000000",17.7475490570068
"LH","2026-09-12T03:00:00.000000",17.7858180999756
"LH","2026-09-12T04:00:00.000000",17.8254833221436
"LH","2026-09-12T05:00:00.000000",17.8388957977295
"LH","2026-09-12T06:00:00.000000",17.8290061950684
"LH","2026-09-12T07:00:00.000000",17.8154125213623
"LH","2026-09-12T08:00:00.000000",17.807523727417
"LH","2026-09-12T09:00:00.000000",17.7980403900146
"LH","2026-09-12T10:00:00.000000",17.8073177337646
"LH","2026-09-12T11:00:00.000000",17.8073177337646
"LH","2026-09-12T12:00:00.000000",17.8073177337646
"LH","2026-09-12T13:00:00.000000",17.8062629699707
"LH","2026-09-12T14:00:00.000000",17.8359127044678
"LH","2026-09-12T15:00:00.000000",17.9015769958496
"LH","2026-09-12T16:00:00.000000",17.9301300048828
"LH","2026-09-12T17:00:00.000000",17.9350261688232
"LH","2026-09-12T18:00:00.000000",17.9230365753174
"LH","2026-09-12T19:00:00.000000",17.8461570739746
"LH","2026-09-12T20:00:00.000000",17.8306274414062
"LH","2026-09-12T21:00:00.000000",17.825569152832
"LH","2026-09-12T22:00:00.000000",17.8331527709961
"LH","2026-09-12T23:00:00.000000",17.8337287902832
"LH","2026-09-13T00:00:00.000000",17.8337287902832
"LH","2026-09-13T01:00:00.000000",17.8337287902832
"LH","2026-09-13T02:00:00.000000",17.9393215179443
"LH","2026-09-13T03:00:00.000000",18.0413188934326
"LH","2026-09-13T04:00:00.000000",18.1011028289795
"LH","2026-09-13T05:00:00.000000",18.1049365997314
"LH","2026-09-13T06:00:00.000000",18.0835475921631
"LH","2026-09-13T07:00:00.000000",18.0333786010742
"LH","2026-09-13T08:00:00.000000",18.0241832733154
"LH","2026-09-13T09:00:00.000000",18.0233898162842
"LH","2026-09-13T10:00:00.000000",18.0030078887939
"LH","2026-09-13T11:00:00.000000",18.0108909606934
"LH","2026-09-13T12:00:00.000000",18.0108909606934
"LH","2026-09-13T13:00:00.000000",18.0108909606934
"LH","2026-09-13T14:00:00.000000",18.1064109802246
"LH","2026-09-13T15:00:00.000000",18.2392997741699
"LH","2026-09-13T16:00:00.000000",18.1889572143555
"LH","2026-09-13T17:00:00.000000",18.1453762054443
"LH","2026-09-13T18:00:00.000000",18.1515254974365
"LH","2026-09-13T19:00:00.000000",18.206169128418
"LH","2026-09-13T20:00:00.000000",18.0942268371582
"LH","2026-09-13T21:00:00.000000",18.0740966796875
"LH","2026-09-13T22:00:00.000000",18.044376373291
"LH","2026-09-13T23:00:00.000000",18.0629100799561
"LH","2026-09-14T00:00:00.000000",18.0624141693115
"LH","2026-09-14T01:00:00.000000",18.0624141693115
"LH","2026-09-14T02:00:00.000000",17.7480125427246
"LH","2026-09-14T03:00:00.000000",17.6064586639404
"LH","2026-09-14T04:00:00.000000",17.5702590942383
"LH","2026-09-14T05:00:00.000000",17.578592300415
"LH","2026-09-14T06:00:00.000000",17.5842342376709
"LH","2026-09-14T07:00:00.000000",17.6124515533447
"LH","2026-09-14T08:00:00.000000",17.6264743804932
"LH","2026-09-14T09:00:00.000000",17.6273021697998
"LH","2026-09-14T10:00:00.000000",17.6005668640137
"LH","2026-09-14T11:00:00.000000",17.6029376983643
"LH","2026-09-14T12:00:00.000000",17.600378036499
"LH","2026-09-14T13:00:00.000000",17.600378036499
"LH","2026-09-14T14:00:00.000000",17.600378036499
"LH","2026-09-14T15:00:00.000000",17.6501178741455
"LH","2026-09-14T16:00:00.000000",17.7021980285645
"LH","2026-09-14T17:00:00.000000",17.7307300567627
"LH","2026-09-14T18:00:00.000000",17.740119934082
"LH","2026-09-14T19:00:00.000000",17.7255992889404
"LH","2026-09-14T20:00:00.000000",17.6976413726807
"LH","2026-09-14T21:00:00.000000",17.6727352142334
"LH","2026-09-14T22:00:00.000000",17.6582317352295
"LH","2026-09-14T23:00:00.000000",17.655668258667
"LH","2026-09-15T00:00:00.000000",17.6563777923584
"LH","2026-09-15T01:00:00.000000",17.6563777923584
"LH","2026-09-15T02:00:00.000000",17.6563777923584
"LH","2026-09-15T03:00:00.000000",17.6563777923584
"LH","2026-09-15T04:00:00.000000",17.5065288543701
"LH","2026-09-15T05:00:00.000000",17.4483852386475
"LH","2026-09-15T06:00:00.000000",17.4437294006348
"LH","2026-09-15T07:00:00.000000",17.4449481964111
"LH","2026-09-15T08:00:00.000000",17.5089530944824
"LH","2026-09-15T09:00:00.000000",17.5915431976318
"LH","2026-09-15T10:00:00.000000",17.5995616912842
"LH","2026-09-15T11:00:00.000000",17.5852241516113
"LH","2026-09-15T12:00:00.000000",17.6077785491943
"LH","2026-09-15T13:00:00.000000",17.6077785491943
"LH","2026-09-15T14:00:00.000000",17.6077785491943
"LH","2026-09-15T15:00:00.000000",17.5985622406006
"LH","2026-09-15T16:00:00.000000",17.6058139801025
"LH","2026-09-15T17:00:00.000000",17.6335754394531
"LH","2026-09-15T18:00:00.000000",17.6676349639893
"LH","2026-09-15T19:00:00.000000",17.6707286834717
"LH","2026-09-15T20:00:00.000000",17.6390781402588
"LH","2026-09-15T21:00:00.000000",17.6363372802734
"LH","2026-09-15T22:00:00.000000",17.6235866546631
"LH","2026-09-15T23:00:00.000000",17.6223220825195
"LH","2026-09-16T00:00:00.000000",17.6399459838867
"LH","2026-09-16T01:00:00.000000",17.6487007141113
"LH","2026-09-16T02:00:00.000000",17.6487007141113
"LH","2026-09-16T03:00:00.000000",17.6487007141113
"LH","2026-09-16T04:00:00.000000",17.6598663330078
"LH","2026-09-16T05:00:00.000000",17.6585826873779
"LH","2026-09-16T06:00:00.000000",17.7112159729004
"LH","2026-09-16T07:00:00.000000",17.7293376922607
"LH","2026-09-16T08:00:00.000000",17.7195148468018
"LH","2026-09-16T09:00:00.000000",17.6914367675781
"LH","2026-09-16T10:00:00.000000",17.6776885986328
"LH","2026-09-16T11:00:00.000000",17.6865406036377
"LH","2026-09-16T12:00:00.000000",17.6680583953857
"LH","2026-09-16T13:00:00.000000",17.6805686950684
"LH","2026-09-16T14:00:00.000000",17.6805686950684
"LH","2026-09-16T15:00:00.000000",17.6805686950684
"LH","2026-09-16T16:00:00.000000",17.8035202026367
"LH","2026-09-16T17:00:00.000000",17.9304790496826
"LH","2026-09-16T18:00:00.000000",17.9684219360352
"LH","2026-09-16T19:00:00.000000",17.9712257385254
"LH","2026-09-16T20:00:00.000000",17.9668674468994
"LH","2026-09-16T21:00:00.000000",17.9484558105469
"LH","2026-09-16T22:00:00.000000",17.8356266021729
"LH","2026-09-16T23:00:00.000000",17.7954730987549
"LH","2026-09-17T00:00:00.000000",17.7659893035889
"LH","2026-09-17T01:00:00.000000",17.7725601196289
"LH","2026-09-17T02:00:00.000000",17.7754974365234
"LH","2026-09-17T03:00:00.000000",17.7754974365234
"LH","2026-09-17T04:00:00.000000",17.7754974365234
"LH","2026-09-17T05:00:00.000000",17.8898124694824
"LH","2026-09-17T06:00:00.000000",17.9286632537842
"LH","2026-09-17T07:00:00.000000",17.9464054107666
"LH","2026-09-17T08:00:00.000000",17.9450664520264
"LH","2026-09-17T09:00:00.000000",17.947473526001
"LH","2026-09-17T10:00:00.000000",17.9201736450195
"LH","2026-09-17T11:00:00.000000",17.8919410705566
"LH","2026-09-17T12:00:00.000000",17.8675022125244
"LH","2026-09-17T13:00:00.000000",17.8328304290771
"LH","2026-09-17T14:00:00.000000",17.8561916351318
"LH","2026-09-17T15:00:00.000000",17.8561916351318
"LH","2026-09-17T16:00:00.000000",17.9110317230225
"LH","2026-09-17T17:00:00.000000",17.978271484375
"LH","2026-09-17T18:00:00.000000",18.0347843170166
"LH","2026-09-17T19:00:00.000000",18.0393733978271
"LH","2026-09-17T20:00:00.000000",18.0364589691162
"LH","2026-09-17T21:00:00.000000",18.0381469726562
"LH","2026-09-17T22:00:00.000000",18.0182228088379
"LH","2026-09-17T23:00:00.000000",17.9727573394775
"LH","2026-09-18T00:00:00.000000",17.9307441711426
"NB","2026-09-12T00:00:00.000000",18.1489543914795
"NB","2026-09-12T01:00:00.000000",18.1423072814941
"NB","2026-09-12T02:00:00.000000",18.1447334289551
"NB","2026-09-12T03:00:00.000000",18.1415367126465
"NB","2026-09-12T04:00:00.000000",18.1436901092529
"NB","2026-09-12T05:00:00.000000",18.1621875762939
"NB","2026-09-12T06:00:00.000000",18.2011013031006
"NB","2026-09-12T07:00:00.000000",18.2327404022217
"NB","2026-09-12T08:00:00.000000",18.2399044036865
"NB","2026-09-12T09:00:00.000000",18.2398681640625
"NB","2026-09-12T10:00:00.000000",18.2398681640625
"NB","2026-09-12T11:00:00.000000",18.2398681640625
"NB","2026-09-12T12:00:00.000000",18.2398681640625
"NB","2026-09-12T13:00:00.000000",18.1377544403076
"NB","2026-09-12T14:00:00.000000",18.1399383544922
"NB","2026-09-12T15:00:00.000000",18.1695690155029
"NB","2026-09-12T16:00:00.000000",18.2010803222656
"NB","2026-09-12T17:00:00.000000",18.2268886566162
"NB","2026-09-12T18:00:00.000000",18.2473392486572
"NB","2026-09-12T19:00:00.000000",18.2795276641846
"NB","2026-09-12T20:00:00.000000",18.3712711334229
"NB","2026-09-12T21:00:00.000000",18.3804340362549
"NB","2026-09-12T22:00:00.000000",18.3804187774658
"NB","2026-09-12T23:00:00.000000",18.3804187774658
"NB","2026-09-13T00:00:00.000000",18.3804187774658
"NB","2026-09-13T01:00:00.000000",18.4061717987061
"NB","2026-09-13T02:00:00.000000",18.4774379730225
"NB","2026-09-13T03:00:00.000000",18.4855842590332
"NB","2026-09-13T04:00:00.000000",18.4742298126221
"NB","2026-09-13T05:00:00.000000",18.4656505584717
"NB","2026-09-13T06:00:00.000000",18.4691600799561
"NB","2026-09-13T07:00:00.000000",18.4827766418457
"NB","2026-09-13T08:00:00.000000",18.4881458282471
"NB","2026-09-13T09:00:00.000000",18.4888744354248
"NB","2026-09-13T10:00:00.000000",18.4898738861084
"NB","2026-09-13T11:00:00.000000",18.4898738861084
"NB","2026-09-13T12:00:00.000000",18.4898738861084
"NB","2026-09-13T13:00:00.000000",18.4446411132812
"NB","2026-09-13T14:00:00.000000",18.4498043060303
"NB","2026-09-13T15:00:00.000000",18.4612331390381
"NB","2026-09-13T16:00:00.000000",18.459415435791
"NB","2026-09-13T17:00:00.000000",18.4584274291992
"NB","2026-09-13T18:00:00.000000",18.4619655609131
"NB","2026-09-13T19:00:00.000000",18.4721374511719
"NB","2026-09-13T20:00:00.000000",18.4851589202881
"NB","2026-09-13T21:00:00.000000",18.4989833831787
"NB","2026-09-13T22:00:00.000000",18.5119533538818
"NB","2026-09-13T23:00:00.000000",18.5139808654785
"NB","2026-09-14T00:00:00.000000",18.5139808654785
"NB","2026-09-14T01:00:00.000000",18.5139808654785
"NB","2026-09-14T02:00:00.000000",17.4676876068115
"NB","2026-09-14T03:00:00.000000",17.395923614502
"NB","2026-09-14T04:00:00.000000",17.3708019256592
"NB","2026-09-14T05:00:00.000000",17.3577709197998
"NB","2026-09-14T06:00:00.000000",17.3638610839844
"NB","2026-09-14T07:00:00.000000",17.380313873291
"NB","2026-09-14T08:00:00.000000",17.3996162414551
"NB","2026-09-14T09:00:00.000000",17.3973827362061
"NB","2026-09-14T10:00:00.000000",17.3939056396484
"NB","2026-09-14T11:00:00.000000",17.3938159942627
"NB","2026-09-14T12:00:00.000000",17.3938159942627
"NB","2026-09-14T13:00:00.000000",17.3938159942627
"NB","2026-09-14T14:00:00.000000",17.3492794036865
"NB","2026-09-14T15:00:00.000000",17.3639469146729
"NB","2026-09-14T16:00:00.000000",17.4008445739746
"NB","2026-09-14T17:00:00.000000",17.4379901885986
"NB","2026-09-14T18:00:00.000000",17.4661712646484
"NB","2026-09-14T19:00:00.000000",17.4798011779785
"NB","2026-09-14T20:00:00.000000",17.4560890197754
"NB","2026-09-14T21:00:00.000000",17.4409847259521
"NB","2026-09-14T22:00:00.000000",17.512939453125
"NB","2026-09-14T23:00:00.000000",17.5547695159912
"NB","2026-09-15T00:00:00.000000",17.5547695159912
"NB","2026-09-15T01:00:00.000000",17.5547695159912
"NB","2026-09-15T02:00:00.000000",17.4673290252686
"NB","2026-09-15T03:00:00.000000",17.4558143615723
"NB","2026-09-15T04:00:00.000000",17.4421310424805
"NB","2026-09-15T05:00:00.000000",17.4284648895264
"NB","2026-09-15T06:00:00.000000",17.424259185791
"NB","2026-09-15T07:00:00.000000",17.4278697967529
"NB","2026-09-15T08:00:00.000000",17.4272136688232
"NB","2026-09-15T09:00:00.000000",17.4258098602295
"NB","2026-09-15T10:00:00.000000",17.4238262176514
"NB","2026-09-15T11:00:00.000000",17.4238185882568
"NB","2026-09-15T12:00:00.000000",17.4238166809082
"NB","2026-09-15T13:00:00.000000",17.4238166809082
"NB","2026-09-15T14:00:00.000000",17.3601131439209
"NB","2026-09-15T15:00:00.000000",17.3569507598877
"NB","2026-09-15T16:00:00.000000",17.3781433105469
"NB","2026-09-15T17:00:00.000000",17.3964233398438
"NB","2026-09-15T18:00:00.000000",17.4111557006836
"NB","2026-09-15T19:00:00.000000",17.4299774169922
"NB","2026-09-15T20:00:00.000000",17.4395694732666
"NB","2026-09-15T21:00:00.000000",17.46213722229
"NB","2026-09-15T22:00:00.000000",17.4986610412598
"NB","2026-09-15T23:00:00.000000",17.5020656585693
"NB","2026-09-16T00:00:00.000000",17.5020656585693
"NB","2026-09-16T01:00:00.000000",17.5020656585693
"NB","2026-09-16T02:00:00.000000",17.5020656585693
"NB","2026-09-16T03:00:00.000000",17.4249172210693
"NB","2026-09-16T04:00:00.000000",17.3999519348145
"NB","2026-09-16T05:00:00.000000",17.3860721588135
"NB","2026-09-16T06:00:00.000000",17.3799495697021
"NB","2026-09-16T07:00:00.000000",17.3805122375488
"NB","2026-09-16T08:00:00.000000",17.3889675140381
"NB","2026-09-16T09:00:00.000000",17.4068145751953
"NB","2026-09-16T10:00:00.000000",17.4368133544922
"NB","2026-09-16T11:00:00.000000",17.4676055908203
"NB","2026-09-16T12:00:00.000000",17.4861450195312
"NB","2026-09-16T13:00:00.000000",17.4694519042969
"NB","2026-09-16T14:00:00.000000",17.4001083374023
"NB","2026-09-16T15:00:00.000000",17.442310333252
"NB","2026-09-16T16:00:00.000000",17.5217781066895
"NB","2026-09-16T17:00:00.000000",17.5758628845215
"NB","2026-09-16T18:00:00.000000",17.6585540771484
"NB","2026-09-16T19:00:00.000000",17.7290916442871
"NB","2026-09-16T20:00:00.000000",17.7756290435791
"NB","2026-09-16T21:00:00.000000",17.8060245513916
"NB","2026-09-16T22:00:00.000000",17.8311138153076
"NB","2026-09-16T23:00:00.000000",17.8372859954834
"NB","2026-09-17T00:00:00.000000",17.8384456634521
"NB","2026-09-17T01:00:00.000000",17.8388481140137
"NB","2026-09-17T02:00:00.000000",17.8388481140137
"NB","2026-09-17T03:00:00.000000",17.8305492401123
"NB","2026-09-17T04:00:00.000000",17.8128108978271
"NB","2026-09-17T05:00:00.000000",17.8046073913574
"NB","2026-09-17T06:00:00.000000",17.7995681762695
"NB","2026-09-17T07:00:00.000000",17.7967376708984
"NB","2026-09-17T08:00:00.000000",17.7981109619141
"NB","2026-09-17T09:00:00.000000",17.8047008514404
"NB","2026-09-17T10:00:00.000000",17.8201961517334
"NB","2026-09-17T11:00:00.000000",17.8467845916748
"NB","2026-09-17T12:00:00.000000",17.8819198608398
"NB","2026-09-17T13:00:00.000000",17.9268188476562
"NB","2026-09-17T14:00:00.000000",17.9385185241699
"NB","2026-09-17T15:00:00.000000",17.9104347229004
"NB","2026-09-17T16:00:00.000000",17.89186668396
"NB","2026-09-17T17:00:00.000000",17.8704967498779
"NB","2026-09-17T18:00:00.000000",17.8567409515381
"NB","2026-09-17T19:00:00.000000",17.848669052124
"NB","2026-09-17T20:00:00.000000",17.8511238098145
"NB","2026-09-17T21:00:00.000000",17.8609790802002
"NB","2026-09-17T22:00:00.000000",17.8722743988037
"NB","2026-09-17T23:00:00.000000",17.8900604248047
"NB","2026-09-18T00:00:00.000000",17.9092235565186
"PC","2026-09-12T00:00:00.000000",19.1544380187988
"PC","2026-09-12T01:00:00.000000",18.7344913482666
"PC","2026-09-12T02:00:00.000000",18.6309185028076
"PC","2026-09-12T03:00:00.000000",18.1785640716553
"PC","2026-09-12T04:00:00.000000",18.2098331451416
"PC","2026-09-12T05:00:00.000000",18.2257385253906
"PC","2026-09-12T06:00:00.000000",18.2073192596436
"PC","2026-09-12T07:00:00.000000",18.2534084320068
"PC","2026-09-12T08:00:00.000000",18.3263988494873
"PC","2026-09-12T09:00:00.000000",18.3586406707764
"PC","2026-09-12T10:00:00.000000",18.3681869506836
"PC","2026-09-12T11:00:00.000000",18.3717823028564
"PC","2026-09-12T12:00:00.000000",18.3738574981689
"PC","2026-09-12T13:00:00.000000",18.3753414154053
"PC","2026-09-12T14:00:00.000000",18.3734893798828
"PC","2026-09-12T15:00:00.000000",18.3489742279053
"PC","2026-09-12T16:00:00.000000",18.292911529541
"PC","2026-09-12T17:00:00.000000",18.2924633026123
"PC","2026-09-12T18:00:00.000000",18.2863368988037
"PC","2026-09-12T19:00:00.000000",18.2702350616455
"PC","2026-09-12T20:00:00.000000",18.3025817871094
"PC","2026-09-12T21:00:00.000000",18.3361263275146
"PC","2026-09-12T22:00:00.000000",18.3473224639893
"PC","2026-09-12T23:00:00.000000",18.3493633270264
"PC","2026-09-13T00:00:00.000000",18.3505878448486
"PC","2026-09-13T01:00:00.000000",18.7570171356201
"PC","2026-09-13T02:00:00.000000",18.8176193237305
"PC","2026-09-13T03:00:00.000000",18.7620830535889
"PC","2026-09-13T04:00:00.000000",18.5328807830811
"PC","2026-09-13T05:00:00.000000",18.5666637420654
"PC","2026-09-13T06:00:00.000000",18.5506687164307
"PC","2026-09-13T07:00:00.000000",18.5247821807861
"PC","2026-09-13T08:00:00.000000",18.5834865570068
"PC","2026-09-13T09:00:00.000000",18.6353359222412
"PC","2026-09-13T10:00:00.000000",18.652738571167
"PC","2026-09-13T11:00:00.000000",18.6576099395752
"PC","2026-09-13T12:00:00.000000",18.6598796844482
"PC","2026-09-13T13:00:00.000000",18.6611785888672
"PC","2026-09-13T14:00:00.000000",18.6620483398438
"PC","2026-09-13T15:00:00.000000",18.6679515838623
"PC","2026-09-13T16:00:00.000000",18.5724601745605
"PC","2026-09-13T17:00:00.000000",18.5839138031006
"PC","2026-09-13T18:00:00.000000",18.5793266296387
"PC","2026-09-13T19:00:00.000000",18.5562152862549
"PC","2026-09-13T20:00:00.000000",18.5435466766357
"PC","2026-09-13T21:00:00.000000",18.5961360931396
"PC","2026-09-13T22:00:00.000000",18.6181144714355
"PC","2026-09-13T23:00:00.000000",18.6239223480225
"PC","2026-09-14T00:00:00.000000",18.6253814697266
"PC","2026-09-14T01:00:00.000000",18.3050365447998
"PC","2026-09-14T02:00:00.000000",18.2576770782471
"PC","2026-09-14T03:00:00.000000",18.2558517456055
"PC","2026-09-14T04:00:00.000000",18.2544326782227
"PC","2026-09-14T05:00:00.000000",18.2105941772461
"PC","2026-09-14T06:00:00.000000",18.2257537841797
"PC","2026-09-14T07:00:00.000000",18.2232971191406
"PC","2026-09-14T08:00:00.000000",18.2256870269775
"PC","2026-09-14T09:00:00.000000",18.2474689483643
"PC","2026-09-14T10:00:00.000000",18.2556629180908
"PC","2026-09-14T11:00:00.000000",18.2557373046875
"PC","2026-09-14T12:00:00.000000",18.2553844451904
"PC","2026-09-14T13:00:00.000000",18.2552623748779
"PC","2026-09-14T14:00:00.000000",18.2552471160889
"PC","2026-09-14T15:00:00.000000",18.2552947998047
"PC","2026-09-14T16:00:00.000000",18.2737712860107
"PC","2026-09-14T17:00:00.000000",18.2509384155273
"PC","2026-09-14T18:00:00.000000",18.2835903167725
"PC","2026-09-14T19:00:00.000000",18.2899379730225
"PC","2026-09-14T20:00:00.000000",18.2829418182373
"PC","2026-09-14T21:00:00.000000",18.2729396820068
"PC","2026-09-14T22:00:00.000000",18.2729625701904
"PC","2026-09-14T23:00:00.000000",18.2725353240967
"PC","2026-09-15T00:00:00.000000",18.2723407745361
"PC","2026-09-15T01:00:00.000000",18.272367477417
"PC","2026-09-15T02:00:00.000000",18.272367477417
"PC","2026-09-15T03:00:00.000000",18.2723999023438
"PC","2026-09-15T04:00:00.000000",18.2724018096924
"PC","2026-09-15T05:00:00.000000",18.2290267944336
"PC","2026-09-15T06:00:00.000000",18.0732688903809
"PC","2026-09-15T07:00:00.000000",18.1415386199951
"PC","2026-09-15T08:00:00.000000",18.1194477081299
"PC","2026-09-15T09:00:00.000000",18.1096668243408
"PC","2026-09-15T10:00:00.000000",18.1609935760498
"PC","2026-09-15T11:00:00.000000",18.1714420318604
"PC","2026-09-15T12:00:00.000000",18.1737365722656
"PC","2026-09-15T13:00:00.000000",18.1745643615723
"PC","2026-09-15T14:00:00.000000",18.1754188537598
"PC","2026-09-15T15:00:00.000000",18.1762161254883
"PC","2026-09-15T16:00:00.000000",18.1743488311768
"PC","2026-09-15T17:00:00.000000",18.2306785583496
"PC","2026-09-15T18:00:00.000000",18.2267971038818
"PC","2026-09-15T19:00:00.000000",18.240385055542
"PC","2026-09-15T20:00:00.000000",18.2321720123291
"PC","2026-09-15T21:00:00.000000",18.2240886688232
"PC","2026-09-15T22:00:00.000000",18.2236251831055
"PC","2026-09-15T23:00:00.000000",18.2274799346924
"PC","2026-09-16T00:00:00.000000",18.2275676727295
"PC","2026-09-16T01:00:00.000000",18.2275981903076
"PC","2026-09-16T02:00:00.000000",18.2276630401611
"PC","2026-09-16T03:00:00.000000",18.2277221679688
"PC","2026-09-16T04:00:00.000000",18.2277202606201
"PC","2026-09-16T05:00:00.000000",18.2280902862549
"PC","2026-09-16T06:00:00.000000",18.2381935119629
"PC","2026-09-16T07:00:00.000000",18.1406002044678
"PC","2026-09-16T08:00:00.000000",18.1453056335449
"PC","2026-09-16T09:00:00.000000",18.1347942352295
"PC","2026-09-16T10:00:00.000000",18.1836242675781
"PC","2026-09-16T11:00:00.000000",18.2043647766113
"PC","2026-09-16T12:00:00.000000",18.2062511444092
"PC","2026-09-16T13:00:00.000000",18.2063598632812
"PC","2026-09-16T14:00:00.000000",18.2063617706299
"PC","2026-09-16T15:00:00.000000",18.206392288208
"PC","2026-09-16T16:00:00.000000",18.2064952850342
"PC","2026-09-16T17:00:00.000000",18.2145900726318
"PC","2026-09-16T18:00:00.000000",18.3207111358643
"PC","2026-09-16T19:00:00.000000",18.3439311981201
"PC","2026-09-16T20:00:00.000000",18.3493919372559
"PC","2026-09-16T21:00:00.000000",18.3419551849365
"PC","2026-09-16T22:00:00.000000",18.3179950714111
"PC","2026-09-16T23:00:00.000000",18.3029365539551
"PC","2026-09-17T00:00:00.000000",18.2993907928467
"PC","2026-09-17T01:00:00.000000",18.298978805542
"PC","2026-09-17T02:00:00.000000",18.2990417480469
"PC","2026-09-17T03:00:00.000000",18.2990856170654
"PC","2026-09-17T04:00:00.000000",18.2990856170654
"PC","2026-09-17T05:00:00.000000",18.2991333007812
"PC","2026-09-17T06:00:00.000000",18.2992744445801
"PC","2026-09-17T07:00:00.000000",18.3290882110596
"PC","2026-09-17T08:00:00.000000",18.3295879364014
"PC","2026-09-17T09:00:00.000000",18.3242988586426
"PC","2026-09-17T10:00:00.000000",18.3230209350586
"PC","2026-09-17T11:00:00.000000",18.3213043212891
"PC","2026-09-17T12:00:00.000000",18.3203125
"PC","2026-09-17T13:00:00.000000",18.3203296661377
"PC","2026-09-17T14:00:00.000000",18.3204231262207
"PC","2026-09-17T15:00:00.000000",18.3204669952393
"PC","2026-09-17T16:00:00.000000",18.3205261230469
"PC","2026-09-17T17:00:00.000000",18.3205871582031
"PC","2026-09-17T18:00:00.000000",18.3717918395996
"PC","2026-09-17T19:00:00.000000",18.4801635742188
"PC","2026-09-17T20:00:00.000000",18.5388469696045
"PC","2026-09-17T21:00:00.000000",18.5379467010498
"PC","2026-09-17T22:00:00.000000",18.5206851959229
"PC","2026-09-17T23:00:00.000000",18.4425659179688
"PC","2026-09-18T00:00:00.000000",18.4303283691406
"PV","2026-09-12T00:00:00.000000",18.3642845153809
"PV","2026-09-12T01:00:00.000000",18.2147407531738
"PV","2026-09-12T02:00:00.000000",17.9864864349365
"PV","2026-09-12T03:00:00.000000",17.8980159759521
"PV","2026-09-12T04:00:00.000000",17.8737125396729
"PV","2026-09-12T05:00:00.000000",17.827507019043
"PV","2026-09-12T06:00:00.000000",17.7896938323975
"PV","2026-09-12T07:00:00.000000",17.8219947814941
"PV","2026-09-12T08:00:00.000000",17.8534088134766
"PV","2026-09-12T09:00:00.000000",17.8730907440186
"PV","2026-09-12T10:00:00.000000",17.8730907440186
"PV","2026-09-12T11:00:00.000000",17.8730907440186
"PV","2026-09-12T12:00:00.000000",17.8606224060059
"PV","2026-09-12T13:00:00.000000",17.8608112335205
"PV","2026-09-12T14:00:00.000000",17.8693294525146
"PV","2026-09-12T15:00:00.000000",17.8794364929199
"PV","2026-09-12T16:00:00.000000",17.8876171112061
"PV","2026-09-12T17:00:00.000000",17.9024925231934
"PV","2026-09-12T18:00:00.000000",17.9684276580811
"PV","2026-09-12T19:00:00.000000",18.035306930542
"PV","2026-09-12T20:00:00.000000",18.0828685760498
"PV","2026-09-12T21:00:00.000000",18.1415328979492
"PV","2026-09-12T22:00:00.000000",18.1761131286621
"PV","2026-09-12T23:00:00.000000",18.1761131286621
"PV","2026-09-13T00:00:00.000000",18.1761131286621
"PV","2026-09-13T01:00:00.000000",18.210807800293
"PV","2026-09-13T02:00:00.000000",18.1911125183105
"PV","2026-09-13T03:00:00.000000",18.1858081817627
"PV","2026-09-13T04:00:00.000000",18.175048828125
"PV","2026-09-13T05:00:00.000000",18.1509532928467
"PV","2026-09-13T06:00:00.000000",18.1200923919678
"PV","2026-09-13T07:00:00.000000",18.1506996154785
"PV","2026-09-13T08:00:00.000000",18.1855163574219
"PV","2026-09-13T09:00:00.000000",18.2129955291748
"PV","2026-09-13T10:00:00.000000",18.2730808258057
"PV","2026-09-13T11:00:00.000000",18.2754936218262
"PV","2026-09-13T12:00:00.000000",18.2754936218262
"PV","2026-09-13T13:00:00.000000",18.2852783203125
"PV","2026-09-13T14:00:00.000000",18.2835426330566
"PV","2026-09-13T15:00:00.000000",18.2795429229736
"PV","2026-09-13T16:00:00.000000",18.2760620117188
"PV","2026-09-13T17:00:00.000000",18.2741451263428
"PV","2026-09-13T18:00:00.000000",18.272403717041
"PV","2026-09-13T19:00:00.000000",18.2601356506348
"PV","2026-09-13T20:00:00.000000",18.279275894165
"PV","2026-09-13T21:00:00.000000",18.3023128509521
"PV","2026-09-13T22:00:00.000000",18.3370380401611
"PV","2026-09-13T23:00:00.000000",18.3412418365479
"PV","2026-09-14T00:00:00.000000",18.3412418365479
"PV","2026-09-14T01:00:00.000000",17.7552585601807
"PV","2026-09-14T02:00:00.000000",17.5385437011719
"PV","2026-09-14T03:00:00.000000",17.5279369354248
"PV","2026-09-14T04:00:00.000000",17.533260345459
"PV","2026-09-14T05:00:00.000000",17.5382995605469
"PV","2026-09-14T06:00:00.000000",17.5326824188232
"PV","2026-09-14T07:00:00.000000",17.5403804779053
"PV","2026-09-14T08:00:00.000000",17.5619049072266
"PV","2026-09-14T09:00:00.000000",17.5809268951416
"PV","2026-09-14T10:00:00.000000",17.596227645874
"PV","2026-09-14T11:00:00.000000",17.5961799621582
"PV","2026-09-14T12:00:00.000000",17.5961799621582
"PV","2026-09-14T13:00:00.000000",17.5843715667725
"PV","2026-09-14T14:00:00.000000",17.5684242248535
"PV","2026-09-14T15:00:00.000000",17.5793418884277
"PV","2026-09-14T16:00:00.000000",17.5924510955811
"PV","2026-09-14T17:00:00.000000",17.6033458709717
"PV","2026-09-14T18:00:00.000000",17.6087703704834
"PV","2026-09-14T19:00:00.000000",17.6574554443359
"PV","2026-09-14T20:00:00.000000",17.7145767211914
"PV","2026-09-14T21:00:00.000000",17.7324466705322
"PV","2026-09-14T22:00:00.000000",17.737154006958
"PV","2026-09-14T23:00:00.000000",17.7774505615234
"PV","2026-09-15T00:00:00.000000",17.7774505615234
"PV","2026-09-15T01:00:00.000000",17.7774505615234
"PV","2026-09-15T02:00:00.000000",17.788688659668
"PV","2026-09-15T03:00:00.000000",17.7898292541504
"PV","2026-09-15T04:00:00.000000",17.7515487670898
"PV","2026-09-15T05:00:00.000000",17.7343196868896
"PV","2026-09-15T06:00:00.000000",17.7144355773926
"PV","2026-09-15T07:00:00.000000",17.6879863739014
"PV","2026-09-15T08:00:00.000000",17.6474304199219
"PV","2026-09-15T09:00:00.000000",17.650857925415
"PV","2026-09-15T10:00:00.000000",17.6698398590088
"PV","2026-09-15T11:00:00.000000",17.7013702392578
"PV","2026-09-15T12:00:00.000000",17.7013702392578
"PV","2026-09-15T13:00:00.000000",17.7013702392578
"PV","2026-09-15T14:00:00.000000",17.6828193664551
"PV","2026-09-15T15:00:00.000000",17.6992053985596
"PV","2026-09-15T16:00:00.000000",17.7084884643555
"PV","2026-09-15T17:00:00.000000",17.7121887207031
"PV","2026-09-15T18:00:00.000000",17.7211589813232
"PV","2026-09-15T19:00:00.000000",17.7412853240967
"PV","2026-09-15T20:00:00.000000",17.7680797576904
"PV","2026-09-15T21:00:00.000000",17.8247966766357
"PV","2026-09-15T22:00:00.000000",17.8664741516113
"PV","2026-09-15T23:00:00.000000",17.9020462036133
"PV","2026-09-16T00:00:00.000000",17.9604778289795
"PV","2026-09-16T01:00:00.000000",17.9604778289795
"PV","2026-09-16T02:00:00.000000",17.9604740142822
"PV","2026-09-16T03:00:00.000000",17.9604778289795
"PV","2026-09-16T04:00:00.000000",17.9604778289795
"PV","2026-09-16T05:00:00.000000",17.9603252410889
"PV","2026-09-16T06:00:00.000000",17.9546604156494
"PV","2026-09-16T07:00:00.000000",17.9435367584229
"PV","2026-09-16T08:00:00.000000",17.914249420166
"PV","2026-09-16T09:00:00.000000",17.8753280639648
"PV","2026-09-16T10:00:00.000000",17.8871898651123
"PV","2026-09-16T11:00:00.000000",17.9093036651611
"PV","2026-09-16T12:00:00.000000",17.9275798797607
"PV","2026-09-16T13:00:00.000000",17.9275646209717
"PV","2026-09-16T14:00:00.000000",17.8888168334961
"PV","2026-09-16T15:00:00.000000",17.8721389770508
"PV","2026-09-16T16:00:00.000000",17.8799266815186
"PV","2026-09-16T17:00:00.000000",17.8946990966797
"PV","2026-09-16T18:00:00.000000",17.9115562438965
"PV","2026-09-16T19:00:00.000000",17.9298458099365
"PV","2026-09-16T20:00:00.000000",17.9541149139404
"PV","2026-09-16T21:00:00.000000",18.0075931549072
"PV","2026-09-16T22:00:00.000000",18.0519161224365
"PV","2026-09-16T23:00:00.000000",18.0728588104248
"PV","2026-09-17T00:00:00.000000",18.084005355835
"PV","2026-09-17T01:00:00.000000",18.1247386932373
"PV","2026-09-17T02:00:00.000000",18.1262493133545
"PV","2026-09-17T03:00:00.000000",18.1262493133545
"PV","2026-09-17T04:00:00.000000",18.1262493133545
"PV","2026-09-17T05:00:00.000000",18.1262493133545
"PV","2026-09-17T06:00:00.000000",18.1258029937744
"PV","2026-09-17T07:00:00.000000",18.123929977417
"PV","2026-09-17T08:00:00.000000",18.1196022033691
"PV","2026-09-17T09:00:00.000000",18.1015129089355
"PV","2026-09-17T10:00:00.000000",18.0861206054688
"PV","2026-09-17T11:00:00.000000",18.0919704437256
"PV","2026-09-17T12:00:00.000000",18.1133785247803
"PV","2026-09-17T13:00:00.000000",18.123441696167
"PV","2026-09-17T14:00:00.000000",18.1234169006348
"PV","2026-09-17T15:00:00.000000",18.1073589324951
"PV","2026-09-17T16:00:00.000000",18.088062286377
"PV","2026-09-17T17:00:00.000000",18.0758399963379
"PV","2026-09-17T18:00:00.000000",18.0674171447754
"PV","2026-09-17T19:00:00.000000",18.0603637695312
"PV","2026-09-17T20:00:00.000000",18.0685195922852
"PV","2026-09-17T21:00:00.000000",18.079797744751
"PV","2026-09-17T22:00:00.000000",18.0850811004639
"PV","2026-09-17T23:00:00.000000",18.1004219055176
"PV","2026-09-18T00:00:00.000000",18.1117382049561
"SH","2026-09-12T00:00:00.000000",18.8406677246094
"SH","2026-09-12T01:00:00.000000",18.5331783294678
"SH","2026-09-12T02:00:00.000000",18.1397552490234
"SH","2026-09-12T03:00:00.000000",18.0345897674561
"SH","2026-09-12T04:00:00.000000",18.0335826873779
"SH","2026-09-12T05:00:00.000000",18.0445919036865
"SH","2026-09-12T06:00:00.000000",18.0635967254639
"SH","2026-09-12T07:00:00.000000",18.1134033203125
"SH","2026-09-12T08:00:00.000000",18.1256294250488
"SH","2026-09-12T09:00:00.000000",18.1146106719971
"SH","2026-09-12T10:00:00.000000",18.0974025726318
"SH","2026-09-12T11:00:00.000000",18.0974025726318
"SH","2026-09-12T12:00:00.000000",18.0974025726318
"SH","2026-09-12T13:00:00.000000",18.1285171508789
"SH","2026-09-12T14:00:00.000000",18.1183452606201
"SH","2026-09-12T15:00:00.000000",18.1047763824463
"SH","2026-09-12T16:00:00.000000",18.0989761352539
"SH","2026-09-12T17:00:00.000000",18.1065731048584
"SH","2026-09-12T18:00:00.000000",18.110954284668
"SH","2026-09-12T19:00:00.000000",18.1766586303711
"SH","2026-09-12T20:00:00.000000",18.2146739959717
"SH","2026-09-12T21:00:00.000000",18.1997489929199
"SH","2026-09-12T22:00:00.000000",18.2018642425537
"SH","2026-09-12T23:00:00.000000",18.1968383789062
"SH","2026-09-13T00:00:00.000000",18.1968383789062
"SH","2026-09-13T01:00:00.000000",18.1968383789062
"SH","2026-09-13T02:00:00.000000",18.4373455047607
"SH","2026-09-13T03:00:00.000000",18.4590263366699
"SH","2026-09-13T04:00:00.000000",18.4379711151123
"SH","2026-09-13T05:00:00.000000",18.4313716888428
"SH","2026-09-13T06:00:00.000000",18.4163112640381
"SH","2026-09-13T07:00:00.000000",18.4269161224365
"SH","2026-09-13T08:00:00.000000",18.4796619415283
"SH","2026-09-13T09:00:00.000000",18.5052490234375
"SH","2026-09-13T10:00:00.000000",18.5457134246826
"SH","2026-09-13T11:00:00.000000",18.5384769439697
"SH","2026-09-13T12:00:00.000000",18.5384769439697
"SH","2026-09-13T13:00:00.000000",18.5384769439697
"SH","2026-09-13T14:00:00.000000",18.5524120330811
"SH","2026-09-13T15:00:00.000000",18.545072555542
"SH","2026-09-13T16:00:00.000000",18.5386714935303
"SH","2026-09-13T17:00:00.000000",18.5398845672607
"SH","2026-09-13T18:00:00.000000",18.5402069091797
"SH","2026-09-13T19:00:00.000000",18.5481071472168
"SH","2026-09-13T20:00:00.000000",18.5863170623779
"SH","2026-09-13T21:00:00.000000",18.5996932983398
"SH","2026-09-13T22:00:00.000000",18.6151084899902
"SH","2026-09-13T23:00:00.000000",18.6034088134766
"SH","2026-09-14T00:00:00.000000",18.6034088134766
"SH","2026-09-14T01:00:00.000000",18.6034088134766
"SH","2026-09-14T02:00:00.000000",18.3089942932129
"SH","2026-09-14T03:00:00.000000",18.268009185791
"SH","2026-09-14T04:00:00.000000",18.2546520233154
"SH","2026-09-14T05:00:00.000000",18.2279605865479
"SH","2026-09-14T06:00:00.000000",18.2079429626465
"SH","2026-09-14T07:00:00.000000",18.1365013122559
"SH","2026-09-14T08:00:00.000000",18.1488342285156
"SH","2026-09-14T09:00:00.000000",18.201078414917
"SH","2026-09-14T10:00:00.000000",18.2089881896973
"SH","2026-09-14T11:00:00.000000",18.215295791626
"SH","2026-09-14T12:00:00.000000",18.215295791626
"SH","2026-09-14T13:00:00.000000",18.215295791626
"SH","2026-09-14T14:00:00.000000",18.2361888885498
"SH","2026-09-14T15:00:00.000000",18.2390575408936
"SH","2026-09-14T16:00:00.000000",18.2331027984619
"SH","2026-09-14T17:00:00.000000",18.2296733856201
"SH","2026-09-14T18:00:00.000000",18.2524795532227
"SH","2026-09-14T19:00:00.000000",18.2561664581299
"SH","2026-09-14T20:00:00.000000",18.2945880889893
"SH","2026-09-14T21:00:00.000000",18.3349838256836
"SH","2026-09-14T22:00:00.000000",18.2998580932617
"SH","2026-09-14T23:00:00.000000",18.3421421051025
"SH","2026-09-15T00:00:00.000000",18.3413982391357
"SH","2026-09-15T01:00:00.000000",18.3413982391357
"SH","2026-09-15T02:00:00.000000",18.3413982391357
"SH","2026-09-15T03:00:00.000000",18.3796806335449
"SH","2026-09-15T04:00:00.000000",18.3825817108154
"SH","2026-09-15T05:00:00.000000",18.3625354766846
"SH","2026-09-15T06:00:00.000000",18.292896270752
"SH","2026-09-15T07:00:00.000000",18.2599639892578
"SH","2026-09-15T08:00:00.000000",18.2576389312744
"SH","2026-09-15T09:00:00.000000",18.3019962310791
"SH","2026-09-15T10:00:00.000000",18.341703414917
"SH","2026-09-15T11:00:00.000000",18.3465614318848
"SH","2026-09-15T12:00:00.000000",18.346342086792
"SH","2026-09-15T13:00:00.000000",18.346342086792
"SH","2026-09-15T14:00:00.000000",18.346342086792
"SH","2026-09-15T15:00:00.000000",18.1369075775146
"SH","2026-09-15T16:00:00.000000",18.1257629394531
"SH","2026-09-15T17:00:00.000000",18.1470222473145
"SH","2026-09-15T18:00:00.000000",18.1979808807373
"SH","2026-09-15T19:00:00.000000",18.2297763824463
"SH","2026-09-15T20:00:00.000000",18.2188873291016
"SH","2026-09-15T21:00:00.000000",18.2427997589111
"SH","2026-09-15T22:00:00.000000",18.2797946929932
"SH","2026-09-15T23:00:00.000000",18.256664276123
"SH","2026-09-16T00:00:00.000000",18.2835216522217
"SH","2026-09-16T01:00:00.000000",18.2835216522217
"SH","2026-09-16T02:00:00.000000",18.2835216522217
"SH","2026-09-16T03:00:00.000000",18.2835216522217
"SH","2026-09-16T04:00:00.000000",18.2608242034912
"SH","2026-09-16T05:00:00.000000",18.2715854644775
"SH","2026-09-16T06:00:00.000000",18.2610530853271
"SH","2026-09-16T07:00:00.000000",18.2489910125732
"SH","2026-09-16T08:00:00.000000",18.2296409606934
"SH","2026-09-16T09:00:00.000000",18.1769924163818
"SH","2026-09-16T10:00:00.000000",18.206090927124
"SH","2026-09-16T11:00:00.000000",18.225305557251
"SH","2026-09-16T12:00:00.000000",18.2253093719482
"SH","2026-09-16T13:00:00.000000",18.2268199920654
"SH","2026-09-16T14:00:00.000000",18.2268199920654
"SH","2026-09-16T15:00:00.000000",18.2629985809326
"SH","2026-09-16T16:00:00.000000",18.2754573822021
"SH","2026-09-16T17:00:00.000000",18.2794399261475
"SH","2026-09-16T18:00:00.000000",18.2809219360352
"SH","2026-09-16T19:00:00.000000",18.2940788269043
"SH","2026-09-16T20:00:00.000000",18.2965641021729
"SH","2026-09-16T21:00:00.000000",18.2955303192139
"SH","2026-09-16T22:00:00.000000",18.3489093780518
"SH","2026-09-16T23:00:00.000000",18.3854122161865
"SH","2026-09-17T00:00:00.000000",18.3370742797852
"SH","2026-09-17T01:00:00.000000",18.4112358093262
"SH","2026-09-17T02:00:00.000000",18.4110069274902
"SH","2026-09-17T03:00:00.000000",18.4110698699951
"SH","2026-09-17T04:00:00.000000",18.4083614349365
"SH","2026-09-17T05:00:00.000000",18.3620433807373
"SH","2026-09-17T06:00:00.000000",18.356725692749
"SH","2026-09-17T07:00:00.000000",18.3497524261475
"SH","2026-09-17T08:00:00.000000",18.351598739624
"SH","2026-09-17T09:00:00.000000",18.3419494628906
"SH","2026-09-17T10:00:00.000000",18.3276805877686
"SH","2026-09-17T11:00:00.000000",18.3583278656006
"SH","2026-09-17T12:00:00.000000",18.3764934539795
"SH","2026-09-17T13:00:00.000000",18.3935985565186
"SH","2026-09-17T14:00:00.000000",18.4056015014648
"SH","2026-09-17T15:00:00.000000",18.4056015014648
"SH","2026-09-17T16:00:00.000000",18.5180530548096
"SH","2026-09-17T17:00:00.000000",18.5486812591553
"SH","2026-09-17T18:00:00.000000",18.56689453125
"SH","2026-09-17T19:00:00.000000",18.5883255004883
"SH","2026-09-17T20:00:00.000000",18.5912837982178
"SH","2026-09-17T21:00:00.000000",18.5920009613037
"SH","2026-09-17T22:00:00.000000",18.5998821258545
"SH","2026-09-17T23:00:00.000000",18.6399936676025
"SH","2026-09-18T00:00:00.000000",18.6493358612061
"WB","2026-09-12T00:00:00.000000",18.2347412109375
"WB","2026-09-12T01:00:00.000000",18.0112915039062
"WB","2026-09-12T02:00:00.000000",17.892541885376
"WB","2026-09-12T03:00:00.000000",17.8543529510498
"WB","2026-09-12T04:00:00.000000",17.8526287078857
"WB","2026-09-12T05:00:00.000000",17.8943576812744
"WB","2026-09-12T06:00:00.000000",17.8332290649414
"WB","2026-09-12T07:00:00.000000",17.8131942749023
"WB","2026-09-12T08:00:00.000000",17.8320026397705
"WB","2026-09-12T09:00:00.000000",17.8554210662842
"WB","2026-09-12T10:00:00.000000",17.8681888580322
"WB","2026-09-12T11:00:00.000000",17.8812465667725
"WB","2026-09-12T12:00:00.000000",17.8544235229492
"WB","2026-09-12T13:00:00.000000",17.8316707611084
"WB","2026-09-12T14:00:00.000000",17.8181648254395
"WB","2026-09-12T15:00:00.000000",17.8237609863281
"WB","2026-09-12T16:00:00.000000",17.8374843597412
"WB","2026-09-12T17:00:00.000000",17.8174438476562
"WB","2026-09-12T18:00:00.000000",17.8864250183105
"WB","2026-09-12T19:00:00.000000",18.0412883758545
"WB","2026-09-12T20:00:00.000000",18.1170768737793
"WB","2026-09-12T21:00:00.000000",18.1569652557373
"WB","2026-09-12T22:00:00.000000",18.1798610687256
"WB","2026-09-12T23:00:00.000000",18.1938991546631
"WB","2026-09-13T00:00:00.000000",18.202938079834
"WB","2026-09-13T01:00:00.000000",18.2196235656738
"WB","2026-09-13T02:00:00.000000",18.2205371856689
"WB","2026-09-13T03:00:00.000000",18.209415435791
"WB","2026-09-13T04:00:00.000000",18.194543838501
"WB","2026-09-13T05:00:00.000000",18.1287841796875
"WB","2026-09-13T06:00:00.000000",18.077299118042
"WB","2026-09-13T07:00:00.000000",18.0604038238525
"WB","2026-09-13T08:00:00.000000",18.0687160491943
"WB","2026-09-13T09:00:00.000000",18.1103134155273
"WB","2026-09-13T10:00:00.000000",18.1613292694092
"WB","2026-09-13T11:00:00.000000",18.1688594818115
"WB","2026-09-13T12:00:00.000000",18.1540260314941
"WB","2026-09-13T13:00:00.000000",18.1236095428467
"WB","2026-09-13T14:00:00.000000",18.0930156707764
"WB","2026-09-13T15:00:00.000000",18.0707702636719
"WB","2026-09-13T16:00:00.000000",18.0584869384766
"WB","2026-09-13T17:00:00.000000",18.0415725708008
"WB","2026-09-13T18:00:00.000000",18.0359401702881
"WB","2026-09-13T19:00:00.000000",18.0457286834717
"WB","2026-09-13T20:00:00.000000",18.0623512268066
"WB","2026-09-13T21:00:00.000000",18.0855159759521
"WB","2026-09-13T22:00:00.000000",18.1149044036865
"WB","2026-09-13T23:00:00.000000",18.1323986053467
"WB","2026-09-14T00:00:00.000000",18.1405696868896
"WB","2026-09-14T01:00:00.000000",17.690938949585
"WB","2026-09-14T02:00:00.000000",17.5417537689209
"WB","2026-09-14T03:00:00.000000",17.5379619598389
"WB","2026-09-14T04:00:00.000000",17.549280166626
"WB","2026-09-14T05:00:00.000000",17.5580654144287
"WB","2026-09-14T06:00:00.000000",17.5604877471924
"WB","2026-09-14T07:00:00.000000",17.5363750457764
"WB","2026-09-14T08:00:00.000000",17.536901473999
"WB","2026-09-14T09:00:00.000000",17.5547714233398
"WB","2026-09-14T10:00:00.000000",17.5680141448975
"WB","2026-09-14T11:00:00.000000",17.5759296417236
"WB","2026-09-14T12:00:00.000000",17.5905094146729
"WB","2026-09-14T13:00:00.000000",17.5864028930664
"WB","2026-09-14T14:00:00.000000",17.5716552734375
"WB","2026-09-14T15:00:00.000000",17.5697441101074
"WB","2026-09-14T16:00:00.000000",17.5802173614502
"WB","2026-09-14T17:00:00.000000",17.6005420684814
"WB","2026-09-14T18:00:00.000000",17.6038093566895
"WB","2026-09-14T19:00:00.000000",17.6090965270996
"WB","2026-09-14T20:00:00.000000",17.7023620605469
"WB","2026-09-14T21:00:00.000000",17.7517032623291
"WB","2026-09-14T22:00:00.000000",17.7627086639404
"WB","2026-09-14T23:00:00.000000",17.7686958312988
"WB","2026-09-15T00:00:00.000000",17.7726631164551
"WB","2026-09-15T01:00:00.000000",17.7357501983643
"WB","2026-09-15T02:00:00.000000",17.6591777801514
"WB","2026-09-15T03:00:00.000000",17.6075611114502
"WB","2026-09-15T04:00:00.000000",17.5788173675537
"WB","2026-09-15T05:00:00.000000",17.5090465545654
"WB","2026-09-15T06:00:00.000000",17.4803600311279
"WB","2026-09-15T07:00:00.000000",17.5044536590576
"WB","2026-09-15T08:00:00.000000",17.5964488983154
"WB","2026-09-15T09:00:00.000000",17.6129856109619
"WB","2026-09-15T10:00:00.000000",17.6058006286621
"WB","2026-09-15T11:00:00.000000",17.5940093994141
"WB","2026-09-15T12:00:00.000000",17.5992851257324
"WB","2026-09-15T13:00:00.000000",17.6396293640137
"WB","2026-09-15T14:00:00.000000",17.6306304931641
"WB","2026-09-15T15:00:00.000000",17.5984020233154
"WB","2026-09-15T16:00:00.000000",17.5740947723389
"WB","2026-09-15T17:00:00.000000",17.5758152008057
"WB","2026-09-15T18:00:00.000000",17.6031684875488
"WB","2026-09-15T19:00:00.000000",17.6104946136475
"WB","2026-09-15T20:00:00.000000",17.606481552124
"WB","2026-09-15T21:00:00.000000",17.6809921264648
"WB","2026-09-15T22:00:00.000000",17.7600517272949
"WB","2026-09-15T23:00:00.000000",17.796667098999
"WB","2026-09-16T00:00:00.000000",17.8127155303955
"WB","2026-09-16T01:00:00.000000",17.8150653839111
"WB","2026-09-16T02:00:00.000000",17.8180599212646
"WB","2026-09-16T03:00:00.000000",17.8013591766357
"WB","2026-09-16T04:00:00.000000",17.7791137695312
"WB","2026-09-16T05:00:00.000000",17.7511043548584
"WB","2026-09-16T06:00:00.000000",17.7330570220947
"WB","2026-09-16T07:00:00.000000",17.7275943756104
"WB","2026-09-16T08:00:00.000000",17.6654071807861
"WB","2026-09-16T09:00:00.000000",17.6490612030029
"WB","2026-09-16T10:00:00.000000",17.6725444793701
"WB","2026-09-16T11:00:00.000000",17.6979846954346
"WB","2026-09-16T12:00:00.000000",17.7222671508789
"WB","2026-09-16T13:00:00.000000",17.7427349090576
"WB","2026-09-16T14:00:00.000000",17.7415618896484
"WB","2026-09-16T15:00:00.000000",17.7212562561035
"WB","2026-09-16T16:00:00.000000",17.7002620697021
"WB","2026-09-16T17:00:00.000000",17.7010326385498
"WB","2026-09-16T18:00:00.000000",17.72878074646
"WB","2026-09-16T19:00:00.000000",17.7471313476562
"WB","2026-09-16T20:00:00.000000",17.7273178100586
"WB","2026-09-16T21:00:00.000000",17.8108882904053
"WB","2026-09-16T22:00:00.000000",17.8896884918213
"WB","2026-09-16T23:00:00.000000",17.9217662811279
"WB","2026-09-17T00:00:00.000000",17.9480667114258
"WB","2026-09-17T01:00:00.000000",17.9631042480469
"WB","2026-09-17T02:00:00.000000",17.9669513702393
"WB","2026-09-17T03:00:00.000000",17.9721584320068
"WB","2026-09-17T04:00:00.000000",17.9605941772461
"WB","2026-09-17T05:00:00.000000",17.9461002349854
"WB","2026-09-17T06:00:00.000000",17.9207153320312
"WB","2026-09-17T07:00:00.000000",17.8945617675781
"WB","2026-09-17T08:00:00.000000",17.903715133667
"WB","2026-09-17T09:00:00.000000",17.951000213623
"WB","2026-09-17T10:00:00.000000",17.9658737182617
"WB","2026-09-17T11:00:00.000000",17.9667663574219
"WB","2026-09-17T12:00:00.000000",17.9666633605957
"WB","2026-09-17T13:00:00.000000",17.9669342041016
"WB","2026-09-17T14:00:00.000000",17.9705257415771
"WB","2026-09-17T15:00:00.000000",17.9766063690186
"WB","2026-09-17T16:00:00.000000",17.9766063690186
"WB","2026-09-17T17:00:00.000000",17.9764232635498
"WB","2026-09-17T18:00:00.000000",17.9701976776123
"WB","2026-09-17T19:00:00.000000",17.9563636779785
"WB","2026-09-17T20:00:00.000000",17.9503936767578
"WB","2026-09-17T21:00:00.000000",17.9607696533203
"WB","2026-09-17T22:00:00.000000",17.9732990264893
"WB","2026-09-17T23:00:00.000000",17.9757995605469
"WB","2026-09-18T00:00:00.000000",17.9756679534912
"CC","2026-09-12T00:00:00.000000",22.3887138366699
"CC","2026-09-12T01:00:00.000000",21.8893756866455
"CC","2026-09-12T02:00:00.000000",21.8018493652344
"CC","2026-09-12T03:00:00.000000",21.7802658081055
"CC","2026-09-12T04:00:00.000000",21.7730770111084
"CC","2026-09-12T05:00:00.000000",21.7660541534424
"CC","2026-09-12T06:00:00.000000",21.748104095459
"CC","2026-09-12T07:00:00.000000",21.7250518798828
"CC","2026-09-12T08:00:00.000000",21.7075595855713
"CC","2026-09-12T09:00:00.000000",21.691349029541
"CC","2026-09-12T10:00:00.000000",21.6794853210449
"CC","2026-09-12T11:00:00.000000",21.6638278961182
"CC","2026-09-12T12:00:00.000000",21.6829128265381
"CC","2026-09-12T13:00:00.000000",21.7320461273193
"CC","2026-09-12T14:00:00.000000",21.8238086700439
"CC","2026-09-12T15:00:00.000000",21.9446773529053
"CC","2026-09-12T16:00:00.000000",21.9957504272461
"CC","2026-09-12T17:00:00.000000",22.0447444915771
"CC","2026-09-12T18:00:00.000000",22.0986595153809
"CC","2026-09-12T19:00:00.000000",22.1161289215088
"CC","2026-09-12T20:00:00.000000",22.1173458099365
"CC","2026-09-12T21:00:00.000000",22.0943183898926
"CC","2026-09-12T22:00:00.000000",22.0879592895508
"CC","2026-09-12T23:00:00.000000",22.0464839935303
"CC","2026-09-13T00:00:00.000000",22.0088939666748
"CC","2026-09-13T01:00:00.000000",22.0739231109619
"CC","2026-09-13T02:00:00.000000",22.1023788452148
"CC","2026-09-13T03:00:00.000000",22.0987071990967
"CC","2026-09-13T04:00:00.000000",22.094633102417
"CC","2026-09-13T05:00:00.000000",22.0856456756592
"CC","2026-09-13T06:00:00.000000",22.0785217285156
"CC","2026-09-13T07:00:00.000000",22.0737800598145
"CC","2026-09-13T08:00:00.000000",22.0647392272949
"CC","2026-09-13T09:00:00.000000",22.0558338165283
"CC","2026-09-13T10:00:00.000000",22.0528945922852
"CC","2026-09-13T11:00:00.000000",22.0469799041748
"CC","2026-09-13T12:00:00.000000",22.0428657531738
"CC","2026-09-13T13:00:00.000000",22.0400409698486
"CC","2026-09-13T14:00:00.000000",22.0489749908447
"CC","2026-09-13T15:00:00.000000",22.0623359680176
"CC","2026-09-13T16:00:00.000000",22.0970916748047
"CC","2026-09-13T17:00:00.000000",22.1437168121338
"CC","2026-09-13T18:00:00.000000",22.1834411621094
"CC","2026-09-13T19:00:00.000000",22.1993312835693
"CC","2026-09-13T20:00:00.000000",22.2435760498047
"CC","2026-09-13T21:00:00.000000",22.2785797119141
"CC","2026-09-13T22:00:00.000000",22.2701435089111
"CC","2026-09-13T23:00:00.000000",22.2482814788818
"CC","2026-09-14T00:00:00.000000",22.2260074615479
"CC","2026-09-14T01:00:00.000000",21.8853130340576
"CC","2026-09-14T02:00:00.000000",21.8286399841309
"CC","2026-09-14T03:00:00.000000",21.8194351196289
"CC","2026-09-14T04:00:00.000000",21.8005428314209
"CC","2026-09-14T05:00:00.000000",21.777660369873
"CC","2026-09-14T06:00:00.000000",21.7621955871582
"CC","2026-09-14T07:00:00.000000",21.7535400390625
"CC","2026-09-14T08:00:00.000000",21.755558013916
"CC","2026-09-14T09:00:00.000000",21.7332363128662
"CC","2026-09-14T10:00:00.000000",21.7174243927002
"CC","2026-09-14T11:00:00.000000",21.7025470733643
"CC","2026-09-14T12:00:00.000000",21.6837673187256
"CC","2026-09-14T13:00:00.000000",21.6826362609863
"CC","2026-09-14T14:00:00.000000",21.6975326538086
"CC","2026-09-14T15:00:00.000000",21.713924407959
"CC","2026-09-14T16:00:00.000000",21.8203544616699
"CC","2026-09-14T17:00:00.000000",21.9625263214111
"CC","2026-09-14T18:00:00.000000",22.0661811828613
"CC","2026-09-14T19:00:00.000000",22.0914058685303
"CC","2026-09-14T20:00:00.000000",22.1070995330811
"CC","2026-09-14T21:00:00.000000",22.1085929870605
"CC","2026-09-14T22:00:00.000000",22.1027679443359
"CC","2026-09-14T23:00:00.000000",22.0658988952637
"CC","2026-09-15T00:00:00.000000",22.0131359100342
"CC","2026-09-15T01:00:00.000000",22.000129699707
"CC","2026-09-15T02:00:00.000000",21.9799938201904
"CC","2026-09-15T03:00:00.000000",21.9562950134277
"CC","2026-09-15T04:00:00.000000",21.9305801391602
"CC","2026-09-15T05:00:00.000000",21.9039649963379
"CC","2026-09-15T06:00:00.000000",21.8781719207764
"CC","2026-09-15T07:00:00.000000",21.851634979248
"CC","2026-09-15T08:00:00.000000",21.8224430084229
"CC","2026-09-15T09:00:00.000000",21.793155670166
"CC","2026-09-15T10:00:00.000000",21.7671298980713
"CC","2026-09-15T11:00:00.000000",21.7427406311035
"CC","2026-09-15T12:00:00.000000",21.7240142822266
"CC","2026-09-15T13:00:00.000000",21.7216033935547
"CC","2026-09-15T14:00:00.000000",21.7329063415527
"CC","2026-09-15T15:00:00.000000",21.7593879699707
"CC","2026-09-15T16:00:00.000000",21.8025741577148
"CC","2026-09-15T17:00:00.000000",21.8626956939697
"CC","2026-09-15T18:00:00.000000",21.9346599578857
"CC","2026-09-15T19:00:00.000000",22.0117435455322
"CC","2026-09-15T20:00:00.000000",22.0791683197021
"CC","2026-09-15T21:00:00.000000",22.1241455078125
"CC","2026-09-15T22:00:00.000000",22.1423473358154
"CC","2026-09-15T23:00:00.000000",22.1353454589844
"CC","2026-09-16T00:00:00.000000",22.1101055145264
"CC","2026-09-16T01:00:00.000000",22.0837249755859
"CC","2026-09-16T02:00:00.000000",22.0560131072998
"CC","2026-09-16T03:00:00.000000",22.0334739685059
"CC","2026-09-16T04:00:00.000000",22.0168380737305
"CC","2026-09-16T05:00:00.000000",22.0034885406494
"CC","2026-09-16T06:00:00.000000",21.9914894104004
"CC","2026-09-16T07:00:00.000000",21.9814395904541
"CC","2026-09-16T08:00:00.000000",21.9707050323486
"CC","2026-09-16T09:00:00.000000",21.957986831665
"CC","2026-09-16T10:00:00.000000",21.9425849914551
"CC","2026-09-16T11:00:00.000000",21.9289855957031
"CC","2026-09-16T12:00:00.000000",21.9203586578369
"CC","2026-09-16T13:00:00.000000",21.9228076934814
"CC","2026-09-16T14:00:00.000000",21.938928604126
"CC","2026-09-16T15:00:00.000000",21.970832824707
"CC","2026-09-16T16:00:00.000000",22.0194263458252
"CC","2026-09-16T17:00:00.000000",22.0816020965576
"CC","2026-09-16T18:00:00.000000",22.1548957824707
"CC","2026-09-16T19:00:00.000000",22.2312698364258
"CC","2026-09-16T20:00:00.000000",22.2949829101562
"CC","2026-09-16T21:00:00.000000",22.3376216888428
"CC","2026-09-16T22:00:00.000000",22.3555507659912
"CC","2026-09-16T23:00:00.000000",22.3543663024902
"CC","2026-09-17T00:00:00.000000",22.3380889892578
"CC","2026-09-17T01:00:00.000000",22.3190441131592
"CC","2026-09-17T02:00:00.000000",22.2992401123047
"CC","2026-09-17T03:00:00.000000",22.2829933166504
"CC","2026-09-17T04:00:00.000000",22.2712917327881
"CC","2026-09-17T05:00:00.000000",22.264820098877
"CC","2026-09-17T06:00:00.000000",22.2602863311768
"CC","2026-09-17T07:00:00.000000",22.2571659088135
"CC","2026-09-17T08:00:00.000000",22.2550849914551
"CC","2026-09-17T09:00:00.000000",22.253776550293
"CC","2026-09-17T10:00:00.000000",22.2514972686768
"CC","2026-09-17T11:00:00.000000",22.248477935791
"CC","2026-09-17T12:00:00.000000",22.2483158111572
"CC","2026-09-17T13:00:00.000000",22.2587280273438
"CC","2026-09-17T14:00:00.000000",22.2839508056641
"CC","2026-09-17T15:00:00.000000",22.3239059448242
"CC","2026-09-17T16:00:00.000000",22.386360168457
"CC","2026-09-17T17:00:00.000000",22.4573764801025
"CC","2026-09-17T18:00:00.000000",22.5326652526855
"CC","2026-09-17T19:00:00.000000",22.6031036376953
"CC","2026-09-17T20:00:00.000000",22.6577529907227
"CC","2026-09-17T21:00:00.000000",22.6905612945557
"CC","2026-09-17T22:00:00.000000",22.7053508758545
"CC","2026-09-17T23:00:00.000000",22.7079467773438
"CC","2026-09-18T00:00:00.000000",22.7035942077637
"DL","2026-09-12T00:00:00.000000",21.5697231292725
"DL","2026-09-12T01:00:00.000000",21.3989887237549
"DL","2026-09-12T02:00:00.000000",21.3614673614502
"DL","2026-09-12T03:00:00.000000",21.3686580657959
"DL","2026-09-12T04:00:00.000000",21.3740749359131
"DL","2026-09-12T05:00:00.000000",21.3806476593018
"DL","2026-09-12T06:00:00.000000",21.3978366851807
"DL","2026-09-12T07:00:00.000000",21.4027252197266
"DL","2026-09-12T08:00:00.000000",21.4103145599365
"DL","2026-09-12T09:00:00.000000",21.4286804199219
"DL","2026-09-12T10:00:00.000000",21.4336948394775
"DL","2026-09-12T11:00:00.000000",21.4084587097168
"DL","2026-09-12T12:00:00.000000",21.37087059021
"DL","2026-09-12T13:00:00.000000",21.3488101959229
"DL","2026-09-12T14:00:00.000000",21.3681507110596
"DL","2026-09-12T15:00:00.000000",21.3976268768311
"DL","2026-09-12T16:00:00.000000",21.3923416137695
"DL","2026-09-12T17:00:00.000000",21.3853664398193
"DL","2026-09-12T18:00:00.000000",21.3758220672607
"DL","2026-09-12T19:00:00.000000",21.3700981140137
"DL","2026-09-12T20:00:00.000000",21.3670215606689
"DL","2026-09-12T21:00:00.000000",21.3441410064697
"DL","2026-09-12T22:00:00.000000",21.3038368225098
"DL","2026-09-12T23:00:00.000000",21.3042125701904
"DL","2026-09-13T00:00:00.000000",21.3635768890381
"DL","2026-09-13T01:00:00.000000",21.6344928741455
"DL","2026-09-13T02:00:00.000000",21.646614074707
"DL","2026-09-13T03:00:00.000000",21.6394271850586
"DL","2026-09-13T04:00:00.000000",21.6301746368408
"DL","2026-09-13T05:00:00.000000",21.6257514953613
"DL","2026-09-13T06:00:00.000000",21.6290969848633
"DL","2026-09-13T07:00:00.000000",21.6330547332764
"DL","2026-09-13T08:00:00.000000",21.6424007415771
"DL","2026-09-13T09:00:00.000000",21.6557159423828
"DL","2026-09-13T10:00:00.000000",21.6760082244873
"DL","2026-09-13T11:00:00.000000",21.697681427002
"DL","2026-09-13T12:00:00.000000",21.6930294036865
"DL","2026-09-13T13:00:00.000000",21.6768493652344
"DL","2026-09-13T14:00:00.000000",21.6693534851074
"DL","2026-09-13T15:00:00.000000",21.6666297912598
"DL","2026-09-13T16:00:00.000000",21.6727752685547
"DL","2026-09-13T17:00:00.000000",21.6632537841797
"DL","2026-09-13T18:00:00.000000",21.6540412902832
"DL","2026-09-13T19:00:00.000000",21.6484603881836
"DL","2026-09-13T20:00:00.000000",21.6495380401611
"DL","2026-09-13T21:00:00.000000",21.6499557495117
"DL","2026-09-13T22:00:00.000000",21.6463012695312
"DL","2026-09-13T23:00:00.000000",21.6396408081055
"DL","2026-09-14T00:00:00.000000",21.6375198364258
"DL","2026-09-14T01:00:00.000000",21.3672885894775
"DL","2026-09-14T02:00:00.000000",21.3228950500488
"DL","2026-09-14T03:00:00.000000",21.3368148803711
"DL","2026-09-14T04:00:00.000000",21.3422985076904
"DL","2026-09-14T05:00:00.000000",21.3431015014648
"DL","2026-09-14T06:00:00.000000",21.3448524475098
"DL","2026-09-14T07:00:00.000000",21.3456840515137
"DL","2026-09-14T08:00:00.000000",21.3448715209961
"DL","2026-09-14T09:00:00.000000",21.3471794128418
"DL","2026-09-14T10:00:00.000000",21.3498592376709
"DL","2026-09-14T11:00:00.000000",21.3527755737305
"DL","2026-09-14T12:00:00.000000",21.3555507659912
"DL","2026-09-14T13:00:00.000000",21.3582439422607
"DL","2026-09-14T14:00:00.000000",21.357816696167
"DL","2026-09-14T15:00:00.000000",21.3570117950439
"DL","2026-09-14T16:00:00.000000",21.3683547973633
"DL","2026-09-14T17:00:00.000000",21.3738689422607
"DL","2026-09-14T18:00:00.000000",21.3684101104736
"DL","2026-09-14T19:00:00.000000",21.3596706390381
"DL","2026-09-14T20:00:00.000000",21.3530616760254
"DL","2026-09-14T21:00:00.000000",21.3584289550781
"DL","2026-09-14T22:00:00.000000",21.3499145507812
"DL","2026-09-14T23:00:00.000000",21.339391708374
"DL","2026-09-15T00:00:00.000000",21.3292942047119
"DL","2026-09-15T01:00:00.000000",21.3040180206299
"DL","2026-09-15T02:00:00.000000",21.3009071350098
"DL","2026-09-15T03:00:00.000000",21.3019714355469
"DL","2026-09-15T04:00:00.000000",21.3143081665039
"DL","2026-09-15T05:00:00.000000",21.3132152557373
"DL","2026-09-15T06:00:00.000000",21.3155765533447
"DL","2026-09-15T07:00:00.000000",21.3172302246094
"DL","2026-09-15T08:00:00.000000",21.319995880127
"DL","2026-09-15T09:00:00.000000",21.3250503540039
"DL","2026-09-15T10:00:00.000000",21.3271884918213
"DL","2026-09-15T11:00:00.000000",21.3310279846191
"DL","2026-09-15T12:00:00.000000",21.3358974456787
"DL","2026-09-15T13:00:00.000000",21.3390693664551
"DL","2026-09-15T14:00:00.000000",21.3420600891113
"DL","2026-09-15T15:00:00.000000",21.3444175720215
"DL","2026-09-15T16:00:00.000000",21.3434925079346
"DL","2026-09-15T17:00:00.000000",21.348819732666
"DL","2026-09-15T18:00:00.000000",21.351224899292
"DL","2026-09-15T19:00:00.000000",21.3491497039795
"DL","2026-09-15T20:00:00.000000",21.3438835144043
"DL","2026-09-15T21:00:00.000000",21.3387241363525
"DL","2026-09-15T22:00:00.000000",21.3350982666016
"DL","2026-09-15T23:00:00.000000",21.3324165344238
"DL","2026-09-16T00:00:00.000000",21.3263263702393
"DL","2026-09-16T01:00:00.000000",21.3091602325439
"DL","2026-09-16T02:00:00.000000",21.2829761505127
"DL","2026-09-16T03:00:00.000000",21.2741413116455
"DL","2026-09-16T04:00:00.000000",21.289514541626
"DL","2026-09-16T05:00:00.000000",21.3226795196533
"DL","2026-09-16T06:00:00.000000",21.326135635376
"DL","2026-09-16T07:00:00.000000",21.3269863128662
"DL","2026-09-16T08:00:00.000000",21.3286113739014
"DL","2026-09-16T09:00:00.000000",21.3245334625244
"DL","2026-09-16T10:00:00.000000",21.3117427825928
"DL","2026-09-16T11:00:00.000000",21.2991466522217
"DL","2026-09-16T12:00:00.000000",21.2852230072021
"DL","2026-09-16T13:00:00.000000",21.2754020690918
"DL","2026-09-16T14:00:00.000000",21.2745475769043
"DL","2026-09-16T15:00:00.000000",21.2786674499512
"DL","2026-09-16T16:00:00.000000",21.2845344543457
"DL","2026-09-16T17:00:00.000000",21.2996520996094
"DL","2026-09-16T18:00:00.000000",21.3090686798096
"DL","2026-09-16T19:00:00.000000",21.3099460601807
"DL","2026-09-16T20:00:00.000000",21.3108310699463
"DL","2026-09-16T21:00:00.000000",21.3109092712402
"DL","2026-09-16T22:00:00.000000",21.30881690979
"DL","2026-09-16T23:00:00.000000",21.3060607910156
"DL","2026-09-17T00:00:00.000000",21.304012298584
"DL","2026-09-17T01:00:00.000000",21.3032112121582
"DL","2026-09-17T02:00:00.000000",21.3052921295166
"DL","2026-09-17T03:00:00.000000",21.3315086364746
"DL","2026-09-17T04:00:00.000000",21.3442707061768
"DL","2026-09-17T05:00:00.000000",21.3246364593506
"DL","2026-09-17T06:00:00.000000",21.3180046081543
"DL","2026-09-17T07:00:00.000000",21.3194999694824
"DL","2026-09-17T08:00:00.000000",21.3243427276611
"DL","2026-09-17T09:00:00.000000",21.331127166748
"DL","2026-09-17T10:00:00.000000",21.3467121124268
"DL","2026-09-17T11:00:00.000000",21.3735160827637
"DL","2026-09-17T12:00:00.000000",21.389720916748
"DL","2026-09-17T13:00:00.000000",21.4146919250488
"DL","2026-09-17T14:00:00.000000",21.4470081329346
"DL","2026-09-17T15:00:00.000000",21.4840908050537
"DL","2026-09-17T16:00:00.000000",21.5022583007812
"DL","2026-09-17T17:00:00.000000",21.507682800293
"DL","2026-09-17T18:00:00.000000",21.4698867797852
"DL","2026-09-17T19:00:00.000000",21.4390544891357
"DL","2026-09-17T20:00:00.000000",21.4434432983398
"DL","2026-09-17T21:00:00.000000",21.4610443115234
"DL","2026-09-17T22:00:00.000000",21.4797039031982
"DL","2026-09-17T23:00:00.000000",21.503267288208
"DL","2026-09-18T00:00:00.000000",21.5197277069092
"GB","2026-09-12T00:00:00.000000",22.123893737793
"GB","2026-09-12T01:00:00.000000",21.7190952301025
"GB","2026-09-12T02:00:00.000000",21.680980682373
"GB","2026-09-12T03:00:00.000000",21.6724395751953
"GB","2026-09-12T04:00:00.000000",21.6734104156494
"GB","2026-09-12T05:00:00.000000",21.704610824585
"GB","2026-09-12T06:00:00.000000",21.6446228027344
"GB","2026-09-12T07:00:00.000000",21.6256866455078
"GB","2026-09-12T08:00:00.000000",21.6568298339844
"GB","2026-09-12T09:00:00.000000",21.685676574707
"GB","2026-09-12T10:00:00.000000",21.6963310241699
"GB","2026-09-12T11:00:00.000000",21.7434673309326
"GB","2026-09-12T12:00:00.000000",21.6654434204102
"GB","2026-09-12T13:00:00.000000",21.6719951629639
"GB","2026-09-12T14:00:00.000000",21.7088813781738
"GB","2026-09-12T15:00:00.000000",21.7590065002441
"GB","2026-09-12T16:00:00.000000",21.7985687255859
"GB","2026-09-12T17:00:00.000000",21.8661689758301
"GB","2026-09-12T18:00:00.000000",21.9561176300049
"GB","2026-09-12T19:00:00.000000",21.9116516113281
"GB","2026-09-12T20:00:00.000000",21.9876804351807
"GB","2026-09-12T21:00:00.000000",22.0307159423828
"GB","2026-09-12T22:00:00.000000",22.0390014648438
"GB","2026-09-12T23:00:00.000000",22.0164031982422
"GB","2026-09-13T00:00:00.000000",22.0015277862549
"GB","2026-09-13T01:00:00.000000",21.9108982086182
"GB","2026-09-13T02:00:00.000000",21.8746814727783
"GB","2026-09-13T03:00:00.000000",21.8575325012207
"GB","2026-09-13T04:00:00.000000",21.847318649292
"GB","2026-09-13T05:00:00.000000",21.8314819335938
"GB","2026-09-13T06:00:00.000000",21.8575382232666
"GB","2026-09-13T07:00:00.000000",21.8496227264404
"GB","2026-09-13T08:00:00.000000",21.8719234466553
"GB","2026-09-13T09:00:00.000000",21.8923568725586
"GB","2026-09-13T10:00:00.000000",21.9209060668945
"GB","2026-09-13T11:00:00.000000",21.9319591522217
"GB","2026-09-13T12:00:00.000000",21.9756851196289
"GB","2026-09-13T13:00:00.000000",21.8881645202637
"GB","2026-09-13T14:00:00.000000",21.8715019226074
"GB","2026-09-13T15:00:00.000000",21.8579330444336
"GB","2026-09-13T16:00:00.000000",21.8482704162598
"GB","2026-09-13T17:00:00.000000",21.8456192016602
"GB","2026-09-13T18:00:00.000000",21.9145755767822
"GB","2026-09-13T19:00:00.000000",21.9421577453613
"GB","2026-09-13T20:00:00.000000",21.9711399078369
"GB","2026-09-13T21:00:00.000000",22.0011024475098
"GB","2026-09-13T22:00:00.000000",22.0250606536865
"GB","2026-09-13T23:00:00.000000",22.0373764038086
"GB","2026-09-14T00:00:00.000000",22.0584869384766
"GB","2026-09-14T01:00:00.000000",21.8929424285889
"GB","2026-09-14T02:00:00.000000",21.8680057525635
"GB","2026-09-14T03:00:00.000000",21.8497219085693
"GB","2026-09-14T04:00:00.000000",21.837589263916
"GB","2026-09-14T05:00:00.000000",21.8237991333008
"GB","2026-09-14T06:00:00.000000",21.8351287841797
"GB","2026-09-14T07:00:00.000000",21.8677043914795
"GB","2026-09-14T08:00:00.000000",21.8219203948975
"GB","2026-09-14T09:00:00.000000",21.8044033050537
"GB","2026-09-14T10:00:00.000000",21.7989711761475
"GB","2026-09-14T11:00:00.000000",21.7873554229736
"GB","2026-09-14T12:00:00.000000",21.7579669952393
"GB","2026-09-14T13:00:00.000000",21.7474708557129
"GB","2026-09-14T14:00:00.000000",21.7120361328125
"GB","2026-09-14T15:00:00.000000",21.7210884094238
"GB","2026-09-14T16:00:00.000000",21.7584762573242
"GB","2026-09-14T17:00:00.000000",21.8055610656738
"GB","2026-09-14T18:00:00.000000",21.8476657867432
"GB","2026-09-14T19:00:00.000000",21.9451713562012
"GB","2026-09-14T20:00:00.000000",21.9278297424316
"GB","2026-09-14T21:00:00.000000",21.9139461517334
"GB","2026-09-14T22:00:00.000000",21.9130172729492
"GB","2026-09-14T23:00:00.000000",21.8945770263672
"GB","2026-09-15T00:00:00.000000",21.8507709503174
"GB","2026-09-15T01:00:00.000000",21.8562717437744
"GB","2026-09-15T02:00:00.000000",21.8161373138428
"GB","2026-09-15T03:00:00.000000",21.7921829223633
"GB","2026-09-15T04:00:00.000000",21.7704544067383
"GB","2026-09-15T05:00:00.000000",21.7481746673584
"GB","2026-09-15T06:00:00.000000",21.7263813018799
"GB","2026-09-15T07:00:00.000000",21.7363681793213
"GB","2026-09-15T08:00:00.000000",21.7034606933594
"GB","2026-09-15T09:00:00.000000",21.6019477844238
"GB","2026-09-15T10:00:00.000000",21.5870475769043
"GB","2026-09-15T11:00:00.000000",21.5892696380615
"GB","2026-09-15T12:00:00.000000",21.5889320373535
"GB","2026-09-15T13:00:00.000000",21.584358215332
"GB","2026-09-15T14:00:00.000000",21.6192436218262
"GB","2026-09-15T15:00:00.000000",21.6114101409912
"GB","2026-09-15T16:00:00.000000",21.6526107788086
"GB","2026-09-15T17:00:00.000000",21.6847724914551
"GB","2026-09-15T18:00:00.000000",21.7095584869385
"GB","2026-09-15T19:00:00.000000",21.7744426727295
"GB","2026-09-15T20:00:00.000000",21.8281307220459
"GB","2026-09-15T21:00:00.000000",21.7779655456543
"GB","2026-09-15T22:00:00.000000",21.7916030883789
"GB","2026-09-15T23:00:00.000000",21.7922916412354
"GB","2026-09-16T00:00:00.000000",21.7907981872559
"GB","2026-09-16T01:00:00.000000",21.76637840271
"GB","2026-09-16T02:00:00.000000",21.779239654541
"GB","2026-09-16T03:00:00.000000",21.7295551300049
"GB","2026-09-16T04:00:00.000000",21.7175960540771
"GB","2026-09-16T05:00:00.000000",21.7088088989258
"GB","2026-09-16T06:00:00.000000",21.7014465332031
"GB","2026-09-16T07:00:00.000000",21.6916236877441
"GB","2026-09-16T08:00:00.000000",21.7211284637451
"GB","2026-09-16T09:00:00.000000",21.692325592041
"GB","2026-09-16T10:00:00.000000",21.6743602752686
"GB","2026-09-16T11:00:00.000000",21.6715908050537
"GB","2026-09-16T12:00:00.000000",21.6747245788574
"GB","2026-09-16T13:00:00.000000",21.6803188323975
"GB","2026-09-16T14:00:00.000000",21.7292652130127
"GB","2026-09-16T15:00:00.000000",21.7268180847168
"GB","2026-09-16T16:00:00.000000",21.7526721954346
"GB","2026-09-16T17:00:00.000000",21.7927150726318
"GB","2026-09-16T18:00:00.000000",21.8376274108887
"GB","2026-09-16T19:00:00.000000",21.8735790252686
"GB","2026-09-16T20:00:00.000000",21.9379482269287
"GB","2026-09-16T21:00:00.000000",21.9883308410645
"GB","2026-09-16T22:00:00.000000",21.9238739013672
"GB","2026-09-16T23:00:00.000000",21.9145355224609
"GB","2026-09-17T00:00:00.000000",21.9138317108154
"GB","2026-09-17T01:00:00.000000",21.9081916809082
"GB","2026-09-17T02:00:00.000000",21.9013671875
"GB","2026-09-17T03:00:00.000000",21.8912048339844
"GB","2026-09-17T04:00:00.000000",21.8670425415039
"GB","2026-09-17T05:00:00.000000",21.8598537445068
"GB","2026-09-17T06:00:00.000000",21.8546047210693
"GB","2026-09-17T07:00:00.000000",21.8509044647217
"GB","2026-09-17T08:00:00.000000",21.8427219390869
"GB","2026-09-17T09:00:00.000000",21.8826465606689
"GB","2026-09-17T10:00:00.000000",21.8596363067627
"GB","2026-09-17T11:00:00.000000",21.830436706543
"GB","2026-09-17T12:00:00.000000",21.8337631225586
"GB","2026-09-17T13:00:00.000000",21.8585720062256
"GB","2026-09-17T14:00:00.000000",21.8892765045166
"GB","2026-09-17T15:00:00.000000",21.9740886688232
"GB","2026-09-17T16:00:00.000000",21.950511932373
"GB","2026-09-17T17:00:00.000000",21.9788074493408
"GB","2026-09-17T18:00:00.000000",22.01806640625
"GB","2026-09-17T19:00:00.000000",22.0548038482666
"GB","2026-09-17T20:00:00.000000",22.0869522094727
"GB","2026-09-17T21:00:00.000000",22.1496658325195
"GB","2026-09-17T22:00:00.000000",22.1815147399902
"GB","2026-09-17T23:00:00.000000",22.0885200500488
"GB","2026-09-18T00:00:00.000000",22.0805168151855
"LI","2026-09-12T00:00:00.000000",22.1900291442871
"LI","2026-09-12T01:00:00.000000",21.4469413757324
"LI","2026-09-12T02:00:00.000000",21.2860946655273
"LI","2026-09-12T03:00:00.000000",21.2307529449463
"LI","2026-09-12T04:00:00.000000",21.2524566650391
"LI","2026-09-12T05:00:00.000000",21.2735214233398
"LI","2026-09-12T06:00:00.000000",21.2431697845459
"LI","2026-09-12T07:00:00.000000",21.2351665496826
"LI","2026-09-12T08:00:00.000000",21.2167434692383
"LI","2026-09-12T09:00:00.000000",21.243824005127
"LI","2026-09-12T10:00:00.000000",21.2060527801514
"LI","2026-09-12T11:00:00.000000",21.2264423370361
"LI","2026-09-12T12:00:00.000000",21.2482738494873
"LI","2026-09-12T13:00:00.000000",21.2802333831787
"LI","2026-09-12T14:00:00.000000",21.3271789550781
"LI","2026-09-12T15:00:00.000000",21.393138885498
"LI","2026-09-12T16:00:00.000000",21.4340343475342
"LI","2026-09-12T17:00:00.000000",21.4716701507568
"LI","2026-09-12T18:00:00.000000",21.5043087005615
"LI","2026-09-12T19:00:00.000000",21.5268783569336
"LI","2026-09-12T20:00:00.000000",21.5350303649902
"LI","2026-09-12T21:00:00.000000",21.4852886199951
"LI","2026-09-12T22:00:00.000000",21.491117477417
"LI","2026-09-12T23:00:00.000000",21.4539394378662
"LI","2026-09-13T00:00:00.000000",21.4480857849121
"LI","2026-09-13T01:00:00.000000",21.5851459503174
"LI","2026-09-13T02:00:00.000000",21.5892238616943
"LI","2026-09-13T03:00:00.000000",21.5156021118164
"LI","2026-09-13T04:00:00.000000",21.4628562927246
"LI","2026-09-13T05:00:00.000000",21.4290332794189
"LI","2026-09-13T06:00:00.000000",21.4056262969971
"LI","2026-09-13T07:00:00.000000",21.3917846679688
"LI","2026-09-13T08:00:00.000000",21.3865242004395
"LI","2026-09-13T09:00:00.000000",21.4138431549072
"LI","2026-09-13T10:00:00.000000",21.4147186279297
"LI","2026-09-13T11:00:00.000000",21.419994354248
"LI","2026-09-13T12:00:00.000000",21.4803123474121
"LI","2026-09-13T13:00:00.000000",21.5456829071045
"LI","2026-09-13T14:00:00.000000",21.5674724578857
"LI","2026-09-13T15:00:00.000000",21.578239440918
"LI","2026-09-13T16:00:00.000000",21.5274028778076
"LI","2026-09-13T17:00:00.000000",21.5044174194336
"LI","2026-09-13T18:00:00.000000",21.5131797790527
"LI","2026-09-13T19:00:00.000000",21.5338859558105
"LI","2026-09-13T20:00:00.000000",21.5610847473145
"LI","2026-09-13T21:00:00.000000",21.5551929473877
"LI","2026-09-13T22:00:00.000000",21.5456409454346
"LI","2026-09-13T23:00:00.000000",21.5440330505371
"LI","2026-09-14T00:00:00.000000",21.5571765899658
"LI","2026-09-14T01:00:00.000000",21.6992130279541
"LI","2026-09-14T02:00:00.000000",21.803861618042
"LI","2026-09-14T03:00:00.000000",21.8100395202637
"LI","2026-09-14T04:00:00.000000",21.7988357543945
"LI","2026-09-14T05:00:00.000000",21.7666969299316
"LI","2026-09-14T06:00:00.000000",21.7485408782959
"LI","2026-09-14T07:00:00.000000",21.7345523834229
"LI","2026-09-14T08:00:00.000000",21.7092876434326
"LI","2026-09-14T09:00:00.000000",21.6912117004395
"LI","2026-09-14T10:00:00.000000",21.7131385803223
"LI","2026-09-14T11:00:00.000000",21.691780090332
"LI","2026-09-14T12:00:00.000000",21.6524543762207
"LI","2026-09-14T13:00:00.000000",21.6821575164795
"LI","2026-09-14T14:00:00.000000",21.7353954315186
"LI","2026-09-14T15:00:00.000000",21.7569160461426
"LI","2026-09-14T16:00:00.000000",21.7965145111084
"LI","2026-09-14T17:00:00.000000",21.8729248046875
"LI","2026-09-14T18:00:00.000000",21.9078674316406
"LI","2026-09-14T19:00:00.000000",21.8889656066895
"LI","2026-09-14T20:00:00.000000",21.8813438415527
"LI","2026-09-14T21:00:00.000000",21.8748359680176
"LI","2026-09-14T22:00:00.000000",21.8513565063477
"LI","2026-09-14T23:00:00.000000",21.8009071350098
"LI","2026-09-15T00:00:00.000000",21.7767658233643
"LI","2026-09-15T01:00:00.000000",21.8271827697754
"LI","2026-09-15T02:00:00.000000",21.8539657592773
"LI","2026-09-15T03:00:00.000000",21.8337669372559
"LI","2026-09-15T04:00:00.000000",21.7862987518311
"LI","2026-09-15T05:00:00.000000",21.7122936248779
"LI","2026-09-15T06:00:00.000000",21.6561374664307
"LI","2026-09-15T07:00:00.000000",21.6165180206299
"LI","2026-09-15T08:00:00.000000",21.5848941802979
"LI","2026-09-15T09:00:00.000000",21.5528450012207
"LI","2026-09-15T10:00:00.000000",21.5346755981445
"LI","2026-09-15T11:00:00.000000",21.5372333526611
"LI","2026-09-15T12:00:00.000000",21.5187644958496
"LI","2026-09-15T13:00:00.000000",21.5363883972168
"LI","2026-09-15T14:00:00.000000",21.5785160064697
"LI","2026-09-15T15:00:00.000000",21.6172180175781
"LI","2026-09-15T16:00:00.000000",21.656623840332
"LI","2026-09-15T17:00:00.000000",21.6956043243408
"LI","2026-09-15T18:00:00.000000",21.7278957366943
"LI","2026-09-15T19:00:00.000000",21.7626533508301
"LI","2026-09-15T20:00:00.000000",21.7990779876709
"LI","2026-09-15T21:00:00.000000",21.8344440460205
"LI","2026-09-15T22:00:00.000000",21.8424873352051
"LI","2026-09-15T23:00:00.000000",21.8172245025635
"LI","2026-09-16T00:00:00.000000",21.7960643768311
"LI","2026-09-16T01:00:00.000000",21.7697010040283
"LI","2026-09-16T02:00:00.000000",21.7870750427246
"LI","2026-09-16T03:00:00.000000",21.8171710968018
"LI","2026-09-16T04:00:00.000000",21.8152675628662
"LI","2026-09-16T05:00:00.000000",21.8006362915039
"LI","2026-09-16T06:00:00.000000",21.7696266174316
"LI","2026-09-16T07:00:00.000000",21.7315540313721
"LI","2026-09-16T08:00:00.000000",21.7018051147461
"LI","2026-09-16T09:00:00.000000",21.6843719482422
"LI","2026-09-16T10:00:00.000000",21.6675567626953
"LI","2026-09-16T11:00:00.000000",21.6588916778564
"LI","2026-09-16T12:00:00.000000",21.6660251617432
"LI","2026-09-16T13:00:00.000000",21.6774005889893
"LI","2026-09-16T14:00:00.000000",21.7029666900635
"LI","2026-09-16T15:00:00.000000",21.7218399047852
"LI","2026-09-16T16:00:00.000000",21.7440967559814
"LI","2026-09-16T17:00:00.000000",21.7869663238525
"LI","2026-09-16T18:00:00.000000",21.8468360900879
"LI","2026-09-16T19:00:00.000000",21.9118366241455
"LI","2026-09-16T20:00:00.000000",21.9642467498779
"LI","2026-09-16T21:00:00.000000",21.997428894043
"LI","2026-09-16T22:00:00.000000",22.0078792572021
"LI","2026-09-16T23:00:00.000000",21.9962577819824
"LI","2026-09-17T00:00:00.000000",21.9854946136475
"LI","2026-09-17T01:00:00.000000",21.9645309448242
"LI","2026-09-17T02:00:00.000000",21.9573059082031
"LI","2026-09-17T03:00:00.000000",21.9708709716797
"LI","2026-09-17T04:00:00.000000",21.9931316375732
"LI","2026-09-17T05:00:00.000000",21.9951114654541
"LI","2026-09-17T06:00:00.000000",21.9902496337891
"LI","2026-09-17T07:00:00.000000",21.9832324981689
"LI","2026-09-17T08:00:00.000000",21.9697570800781
"LI","2026-09-17T09:00:00.000000",21.960428237915
"LI","2026-09-17T10:00:00.000000",21.9585647583008
"LI","2026-09-17T11:00:00.000000",21.9575519561768
"LI","2026-09-17T12:00:00.000000",21.9613990783691
"LI","2026-09-17T13:00:00.000000",21.976110458374
"LI","2026-09-17T14:00:00.000000",22.0136852264404
"LI","2026-09-17T15:00:00.000000",22.0416088104248
"LI","2026-09-17T16:00:00.000000",22.0568103790283
"LI","2026-09-17T17:00:00.000000",22.0791873931885
"LI","2026-09-17T18:00:00.000000",22.1181831359863
"LI","2026-09-17T19:00:00.000000",22.1640720367432
"LI","2026-09-17T20:00:00.000000",22.2153472900391
"LI","2026-09-17T21:00:00.000000",22.2684364318848
"LI","2026-09-17T22:00:00.000000",22.2832927703857
"LI","2026-09-17T23:00:00.000000",22.278657913208
"LI","2026-09-18T00:00:00.000000",22.2765426635742
"OB","2026-09-12T00:00:00.000000",20.5517711639404
"OB","2026-09-12T01:00:00.000000",20.0447883605957
"OB","2026-09-12T02:00:00.000000",19.9205493927002
"OB","2026-09-12T03:00:00.000000",19.9549407958984
"OB","2026-09-12T04:00:00.000000",20.0718574523926
"OB","2026-09-12T05:00:00.000000",20.2101383209229
"OB","2026-09-12T06:00:00.000000",20.4072036743164
"OB","2026-09-12T07:00:00.000000",20.5078926086426
"OB","2026-09-12T08:00:00.000000",20.5674667358398
"OB","2026-09-12T09:00:00.000000",20.5627422332764
"OB","2026-09-12T10:00:00.000000",20.6016254425049
"OB","2026-09-12T11:00:00.000000",20.4667568206787
"OB","2026-09-12T12:00:00.000000",20.2961235046387
"OB","2026-09-12T13:00:00.000000",19.7876682281494
"OB","2026-09-12T14:00:00.000000",19.5771598815918
"OB","2026-09-12T15:00:00.000000",19.4881362915039
"OB","2026-09-12T16:00:00.000000",19.809965133667
"OB","2026-09-12T17:00:00.000000",20.09521484375
"OB","2026-09-12T18:00:00.000000",20.2696380615234
"OB","2026-09-12T19:00:00.000000",20.3844928741455
"OB","2026-09-12T20:00:00.000000",20.4502105712891
"OB","2026-09-12T21:00:00.000000",20.4816036224365
"OB","2026-09-12T22:00:00.000000",20.5055999755859
"OB","2026-09-12T23:00:00.000000",20.4550857543945
"OB","2026-09-13T00:00:00.000000",20.1499118804932
"OB","2026-09-13T01:00:00.000000",20.1328964233398
"OB","2026-09-13T02:00:00.000000",20.1580715179443
"OB","2026-09-13T03:00:00.000000",20.1144676208496
"OB","2026-09-13T04:00:00.000000",20.2147579193115
"OB","2026-09-13T05:00:00.000000",20.3659610748291
"OB","2026-09-13T06:00:00.000000",20.5404720306396
"OB","2026-09-13T07:00:00.000000",20.648796081543
"OB","2026-09-13T08:00:00.000000",20.7148208618164
"OB","2026-09-13T09:00:00.000000",20.7319011688232
"OB","2026-09-13T10:00:00.000000",20.7544822692871
"OB","2026-09-13T11:00:00.000000",20.7569923400879
"OB","2026-09-13T12:00:00.000000",20.6317234039307
"OB","2026-09-13T13:00:00.000000",20.2469635009766
"OB","2026-09-13T14:00:00.000000",20.0255737304688
"OB","2026-09-13T15:00:00.000000",19.8867244720459
"OB","2026-09-13T16:00:00.000000",19.9537563323975
"OB","2026-09-13T17:00:00.000000",20.1134624481201
"OB","2026-09-13T18:00:00.000000",20.2937831878662
"OB","2026-09-13T19:00:00.000000",20.4588775634766
"OB","2026-09-13T20:00:00.000000",20.5477619171143
"OB","2026-09-13T21:00:00.000000",20.5867385864258
"OB","2026-09-13T22:00:00.000000",20.6387405395508
"OB","2026-09-13T23:00:00.000000",20.6735782623291
"OB","2026-09-14T00:00:00.000000",20.6453151702881
"OB","2026-09-14T01:00:00.000000",20.7954006195068
"OB","2026-09-14T02:00:00.000000",20.6110744476318
"OB","2026-09-14T03:00:00.000000",20.444522857666
"OB","2026-09-14T04:00:00.000000",20.4821128845215
"OB","2026-09-14T05:00:00.000000",20.6009483337402
"OB","2026-09-14T06:00:00.000000",20.7197875976562
"OB","2026-09-14T07:00:00.000000",20.748327255249
"OB","2026-09-14T08:00:00.000000",20.7539958953857
"OB","2026-09-14T09:00:00.000000",20.77073097229
"OB","2026-09-14T10:00:00.000000",20.7496089935303
"OB","2026-09-14T11:00:00.000000",20.745246887207
"OB","2026-09-14T12:00:00.000000",20.7608318328857
"OB","2026-09-14T13:00:00.000000",20.7627925872803
"OB","2026-09-14T14:00:00.000000",20.5686817169189
"OB","2026-09-14T15:00:00.000000",20.3501319885254
"OB","2026-09-14T16:00:00.000000",20.2632751464844
"OB","2026-09-14T17:00:00.000000",20.3754177093506
"OB","2026-09-14T18:00:00.000000",20.5052299499512
"OB","2026-09-14T19:00:00.000000",20.599048614502
"OB","2026-09-14T20:00:00.000000",20.6634883880615
"OB","2026-09-14T21:00:00.000000",20.6954307556152
"OB","2026-09-14T22:00:00.000000",20.7060604095459
"OB","2026-09-14T23:00:00.000000",20.7165603637695
"OB","2026-09-15T00:00:00.000000",20.7375793457031
"OB","2026-09-15T01:00:00.000000",20.8141307830811
"OB","2026-09-15T02:00:00.000000",20.8349437713623
"OB","2026-09-15T03:00:00.000000",20.776762008667
"OB","2026-09-15T04:00:00.000000",20.7602214813232
"OB","2026-09-15T05:00:00.000000",20.7525730133057
"OB","2026-09-15T06:00:00.000000",20.7569675445557
"OB","2026-09-15T07:00:00.000000",20.7573413848877
"OB","2026-09-15T08:00:00.000000",20.7570819854736
"OB","2026-09-15T09:00:00.000000",20.7570209503174
"OB","2026-09-15T10:00:00.000000",20.7552680969238
"OB","2026-09-15T11:00:00.000000",20.7545623779297
"OB","2026-09-15T12:00:00.000000",20.7540740966797
"OB","2026-09-15T13:00:00.000000",20.7519607543945
"OB","2026-09-15T14:00:00.000000",20.6960315704346
"OB","2026-09-15T15:00:00.000000",20.3325576782227
"OB","2026-09-15T16:00:00.000000",20.1058807373047
"OB","2026-09-15T17:00:00.000000",20.0453224182129
"OB","2026-09-15T18:00:00.000000",20.2136516571045
"OB","2026-09-15T19:00:00.000000",20.4295635223389
"OB","2026-09-15T20:00:00.000000",20.5719299316406
"OB","2026-09-15T21:00:00.000000",20.6581497192383
"OB","2026-09-15T22:00:00.000000",20.6692924499512
"OB","2026-09-15T23:00:00.000000",20.6908073425293
"OB","2026-09-16T00:00:00.000000",20.7234497070312
"OB","2026-09-16T01:00:00.000000",20.7046546936035
"OB","2026-09-16T02:00:00.000000",20.5861034393311
"OB","2026-09-16T03:00:00.000000",20.2902297973633
"OB","2026-09-16T04:00:00.000000",20.1132888793945
"OB","2026-09-16T05:00:00.000000",19.9732418060303
"OB","2026-09-16T06:00:00.000000",20.1430110931396
"OB","2026-09-16T07:00:00.000000",20.2700138092041
"OB","2026-09-16T08:00:00.000000",20.438440322876
"OB","2026-09-16T09:00:00.000000",20.5414981842041
"OB","2026-09-16T10:00:00.000000",20.576566696167
"OB","2026-09-16T11:00:00.000000",20.5841426849365
"OB","2026-09-16T12:00:00.000000",20.6150588989258
"OB","2026-09-16T13:00:00.000000",20.6205768585205
"OB","2026-09-16T14:00:00.000000",20.4991893768311
"OB","2026-09-16T15:00:00.000000",20.0711116790771
"OB","2026-09-16T16:00:00.000000",19.7363796234131
"OB","2026-09-16T17:00:00.000000",19.6711864471436
"OB","2026-09-16T18:00:00.000000",19.731351852417
"OB","2026-09-16T19:00:00.000000",19.8472118377686
"OB","2026-09-16T20:00:00.000000",20.108434677124
"OB","2026-09-16T21:00:00.000000",20.2957191467285
"OB","2026-09-16T22:00:00.000000",20.4061794281006
"OB","2026-09-16T23:00:00.000000",20.4379062652588
"OB","2026-09-17T00:00:00.000000",20.5035076141357
"OB","2026-09-17T01:00:00.000000",20.5362339019775
"OB","2026-09-17T02:00:00.000000",20.5242195129395
"OB","2026-09-17T03:00:00.000000",20.3561305999756
"OB","2026-09-17T04:00:00.000000",20.0703048706055
"OB","2026-09-17T05:00:00.000000",20.0151519775391
"OB","2026-09-17T06:00:00.000000",20.1283912658691
"OB","2026-09-17T07:00:00.000000",20.1578941345215
"OB","2026-09-17T08:00:00.000000",20.2492980957031
"OB","2026-09-17T09:00:00.000000",20.3630790710449
"OB","2026-09-17T10:00:00.000000",20.4213047027588
"OB","2026-09-17T11:00:00.000000",20.4305267333984
"OB","2026-09-17T12:00:00.000000",20.4153156280518
"OB","2026-09-17T13:00:00.000000",20.445686340332
"OB","2026-09-17T14:00:00.000000",20.4242362976074
"OB","2026-09-17T15:00:00.000000",20.2380065917969
"OB","2026-09-17T16:00:00.000000",19.8714351654053
"OB","2026-09-17T17:00:00.000000",19.7189159393311
"OB","2026-09-17T18:00:00.000000",19.6952724456787
"OB","2026-09-17T19:00:00.000000",19.777702331543
"OB","2026-09-17T20:00:00.000000",19.900993347168
"OB","2026-09-17T21:00:00.000000",20.0729427337646
"OB","2026-09-17T22:00:00.000000",20.1733322143555
"OB","2026-09-17T23:00:00.000000",20.2368564605713
"OB","2026-09-18T00:00:00.000000",20.2715473175049
"WC","2026-09-12T00:00:00.000000",21.885570526123
"WC","2026-09-12T01:00:00.000000",21.1744728088379
"WC","2026-09-12T02:00:00.000000",21.0015296936035
"WC","2026-09-12T03:00:00.000000",21.0120792388916
"WC","2026-09-12T04:00:00.000000",20.998649597168
"WC","2026-09-12T05:00:00.000000",20.636833190918
"WC","2026-09-12T06:00:00.000000",20.2168426513672
"WC","2026-09-12T07:00:00.000000",20.1047248840332
"WC","2026-09-12T08:00:00.000000",20.0498123168945
"WC","2026-09-12T09:00:00.000000",20.0684719085693
"WC","2026-09-12T10:00:00.000000",20.0901794433594
"WC","2026-09-12T11:00:00.000000",20.6078128814697
"WC","2026-09-12T12:00:00.000000",20.8808135986328
"WC","2026-09-12T13:00:00.000000",20.901346206665
"WC","2026-09-12T14:00:00.000000",20.9136085510254
"WC","2026-09-12T15:00:00.000000",20.9386730194092
"WC","2026-09-12T16:00:00.000000",20.9557476043701
"WC","2026-09-12T17:00:00.000000",20.7974586486816
"WC","2026-09-12T18:00:00.000000",20.3755340576172
"WC","2026-09-12T19:00:00.000000",20.1691589355469
"WC","2026-09-12T20:00:00.000000",20.081823348999
"WC","2026-09-12T21:00:00.000000",20.0418663024902
"WC","2026-09-12T22:00:00.000000",20.191349029541
"WC","2026-09-12T23:00:00.000000",20.5211448669434
"WC","2026-09-13T00:00:00.000000",21.1055488586426
"WC","2026-09-13T01:00:00.000000",21.1100044250488
"WC","2026-09-13T02:00:00.000000",21.0663719177246
"WC","2026-09-13T03:00:00.000000",21.0627212524414
"WC","2026-09-13T04:00:00.000000",21.0842418670654
"WC","2026-09-13T05:00:00.000000",21.092830657959
"WC","2026-09-13T06:00:00.000000",20.7118911743164
"WC","2026-09-13T07:00:00.000000",20.4604682922363
"WC","2026-09-13T08:00:00.000000",20.4262752532959
"WC","2026-09-13T09:00:00.000000",20.4308166503906
"WC","2026-09-13T10:00:00.000000",20.5433216094971
"WC","2026-09-13T11:00:00.000000",20.694465637207
"WC","2026-09-13T12:00:00.000000",20.885196685791
"WC","2026-09-13T13:00:00.000000",20.9868125915527
"WC","2026-09-13T14:00:00.000000",21.0086688995361
"WC","2026-09-13T15:00:00.000000",21.0193367004395
"WC","2026-09-13T16:00:00.000000",21.0348720550537
"WC","2026-09-13T17:00:00.000000",21.0289134979248
"WC","2026-09-13T18:00:00.000000",20.871021270752
"WC","2026-09-13T19:00:00.000000",20.631986618042
"WC","2026-09-13T20:00:00.000000",20.5616493225098
"WC","2026-09-13T21:00:00.000000",20.5347270965576
"WC","2026-09-13T22:00:00.000000",20.5256958007812
"WC","2026-09-13T23:00:00.000000",20.6821670532227
"WC","2026-09-14T00:00:00.000000",20.8394718170166
"WC","2026-09-14T01:00:00.000000",21.1687202453613
"WC","2026-09-14T02:00:00.000000",21.2243309020996
"WC","2026-09-14T03:00:00.000000",21.2463893890381
"WC","2026-09-14T04:00:00.000000",21.2380962371826
"WC","2026-09-14T05:00:00.000000",21.2145099639893
"WC","2026-09-14T06:00:00.000000",21.0868148803711
"WC","2026-09-14T07:00:00.000000",20.788646697998
"WC","2026-09-14T08:00:00.000000",20.7283840179443
"WC","2026-09-14T09:00:00.000000",20.7287693023682
"WC","2026-09-14T10:00:00.000000",20.7333030700684
"WC","2026-09-14T11:00:00.000000",20.820873260498
"WC","2026-09-14T12:00:00.000000",21.0150756835938
"WC","2026-09-14T13:00:00.000000",21.2078456878662
"WC","2026-09-14T14:00:00.000000",21.2686996459961
"WC","2026-09-14T15:00:00.000000",21.2675914764404
"WC","2026-09-14T16:00:00.000000",21.2496643066406
"WC","2026-09-14T17:00:00.000000",21.2545833587646
"WC","2026-09-14T18:00:00.000000",21.2363052368164
"WC","2026-09-14T19:00:00.000000",21.0944366455078
"WC","2026-09-14T20:00:00.000000",20.9411067962646
"WC","2026-09-14T21:00:00.000000",20.8974151611328
"WC","2026-09-14T22:00:00.000000",20.8939647674561
"WC","2026-09-14T23:00:00.000000",20.9237651824951
"WC","2026-09-15T00:00:00.000000",21.0422267913818
"WC","2026-09-15T01:00:00.000000",21.473539352417
"WC","2026-09-15T02:00:00.000000",21.5268898010254
"WC","2026-09-15T03:00:00.000000",21.5485286712646
"WC","2026-09-15T04:00:00.000000",21.5491333007812
"WC","2026-09-15T05:00:00.000000",21.5491313934326
"WC","2026-09-15T06:00:00.000000",21.5455665588379
"WC","2026-09-15T07:00:00.000000",21.39479637146
"WC","2026-09-15T08:00:00.000000",21.0427761077881
"WC","2026-09-15T09:00:00.000000",20.9563541412354
"WC","2026-09-15T10:00:00.000000",20.9238872528076
"WC","2026-09-15T11:00:00.000000",20.9190273284912
"WC","2026-09-15T12:00:00.000000",21.0936641693115
"WC","2026-09-15T13:00:00.000000",21.2286376953125
"WC","2026-09-15T14:00:00.000000",21.3607578277588
"WC","2026-09-15T15:00:00.000000",21.4373016357422
"WC","2026-09-15T16:00:00.000000",21.4573516845703
"WC","2026-09-15T17:00:00.000000",21.4758377075195
"WC","2026-09-15T18:00:00.000000",21.4807720184326
"WC","2026-09-15T19:00:00.000000",21.4167232513428
"WC","2026-09-15T20:00:00.000000",21.2175064086914
"WC","2026-09-15T21:00:00.000000",21.1124324798584
"WC","2026-09-15T22:00:00.000000",21.0920906066895
"WC","2026-09-15T23:00:00.000000",21.0892314910889
"WC","2026-09-16T00:00:00.000000",21.1372890472412
"WC","2026-09-16T01:00:00.000000",21.0390434265137
"WC","2026-09-16T02:00:00.000000",21.3361358642578
"WC","2026-09-16T03:00:00.000000",21.5954875946045
"WC","2026-09-16T04:00:00.000000",21.6185913085938
"WC","2026-09-16T05:00:00.000000",21.6204814910889
"WC","2026-09-16T06:00:00.000000",21.6204814910889
"WC","2026-09-16T07:00:00.000000",21.6204776763916
"WC","2026-09-16T08:00:00.000000",21.3032855987549
"WC","2026-09-16T09:00:00.000000",21.0251789093018
"WC","2026-09-16T10:00:00.000000",20.9774284362793
"WC","2026-09-16T11:00:00.000000",20.9664783477783
"WC","2026-09-16T12:00:00.000000",21.0043697357178
"WC","2026-09-16T13:00:00.000000",21.1356983184814
"WC","2026-09-16T14:00:00.000000",21.3345394134521
"WC","2026-09-16T15:00:00.000000",21.5506019592285
"WC","2026-09-16T16:00:00.000000",21.6232528686523
"WC","2026-09-16T17:00:00.000000",21.6459789276123
"WC","2026-09-16T18:00:00.000000",21.6460952758789
"WC","2026-09-16T19:00:00.000000",21.6500225067139
"WC","2026-09-16T20:00:00.000000",21.6027584075928
"WC","2026-09-16T21:00:00.000000",21.4162521362305
"WC","2026-09-16T22:00:00.000000",21.3286209106445
"WC","2026-09-16T23:00:00.000000",21.2830390930176
"WC","2026-09-17T00:00:00.000000",21.2771511077881
"WC","2026-09-17T01:00:00.000000",21.3071613311768
"WC","2026-09-17T02:00:00.000000",21.4176959991455
"WC","2026-09-17T03:00:00.000000",21.6275100708008
"WC","2026-09-17T04:00:00.000000",21.7267971038818
"WC","2026-09-17T05:00:00.000000",21.7456645965576
"WC","2026-09-17T06:00:00.000000",21.7514972686768
"WC","2026-09-17T07:00:00.000000",21.7522258758545
"WC","2026-09-17T08:00:00.000000",21.7428112030029
"WC","2026-09-17T09:00:00.000000",21.5433597564697
"WC","2026-09-17T10:00:00.000000",21.3771171569824
"WC","2026-09-17T11:00:00.000000",21.3443336486816
"WC","2026-09-17T12:00:00.000000",21.3363933563232
"WC","2026-09-17T13:00:00.000000",21.3495349884033
"WC","2026-09-17T14:00:00.000000",21.4256801605225
"WC","2026-09-17T15:00:00.000000",21.6074676513672
"WC","2026-09-17T16:00:00.000000",21.8065528869629
"WC","2026-09-17T17:00:00.000000",21.8693428039551
"WC","2026-09-17T18:00:00.000000",21.8941402435303
"WC","2026-09-17T19:00:00.000000",21.8959407806396
"WC","2026-09-17T20:00:00.000000",21.8929195404053
"WC","2026-09-17T21:00:00.000000",21.8002815246582
"WC","2026-09-17T22:00:00.000000",21.6757335662842
"WC","2026-09-17T23:00:00.000000",21.6385269165039
"WC","2026-09-18T00:00:00.000000",21.6122798919678
"WI","2026-09-12T00:00:00.000000",22.3678646087646
"WI","2026-09-12T01:00:00.000000",21.8923091888428
"WI","2026-09-12T02:00:00.000000",21.815975189209
"WI","2026-09-12T03:00:00.000000",21.851713180542
"WI","2026-09-12T04:00:00.000000",21.8458251953125
"WI","2026-09-12T05:00:00.000000",21.8616275787354
"WI","2026-09-12T06:00:00.000000",21.9203586578369
"WI","2026-09-12T07:00:00.000000",21.9613609313965
"WI","2026-09-12T08:00:00.000000",21.9471015930176
"WI","2026-09-12T09:00:00.000000",21.9189777374268
"WI","2026-09-12T10:00:00.000000",21.8795928955078
"WI","2026-09-12T11:00:00.000000",21.8209095001221
"WI","2026-09-12T12:00:00.000000",21.803430557251
"WI","2026-09-12T13:00:00.000000",21.8339462280273
"WI","2026-09-12T14:00:00.000000",21.92138671875
"WI","2026-09-12T15:00:00.000000",22.0702285766602
"WI","2026-09-12T16:00:00.000000",22.1174087524414
"WI","2026-09-12T17:00:00.000000",22.1556053161621
"WI","2026-09-12T18:00:00.000000",22.1831607818604
"WI","2026-09-12T19:00:00.000000",22.0813732147217
"WI","2026-09-12T20:00:00.000000",22.0403099060059
"WI","2026-09-12T21:00:00.000000",22.0294418334961
"WI","2026-09-12T22:00:00.000000",22.0898742675781
"WI","2026-09-12T23:00:00.000000",22.0961933135986
"WI","2026-09-13T00:00:00.000000",22.0609493255615
"WI","2026-09-13T01:00:00.000000",22.0071640014648
"WI","2026-09-13T02:00:00.000000",21.9803047180176
"WI","2026-09-13T03:00:00.000000",22.0273132324219
"WI","2026-09-13T04:00:00.000000",22.0712509155273
"WI","2026-09-13T05:00:00.000000",22.0897407531738
"WI","2026-09-13T06:00:00.000000",22.0703601837158
"WI","2026-09-13T07:00:00.000000",22.0803241729736
"WI","2026-09-13T08:00:00.000000",22.0998859405518
"WI","2026-09-13T09:00:00.000000",22.094554901123
"WI","2026-09-13T10:00:00.000000",22.085844039917
"WI","2026-09-13T11:00:00.000000",22.0484466552734
"WI","2026-09-13T12:00:00.000000",21.9873199462891
"WI","2026-09-13T13:00:00.000000",21.9443893432617
"WI","2026-09-13T14:00:00.000000",21.9356708526611
"WI","2026-09-13T15:00:00.000000",22.0088195800781
"WI","2026-09-13T16:00:00.000000",22.106273651123
"WI","2026-09-13T17:00:00.000000",22.1542778015137
"WI","2026-09-13T18:00:00.000000",22.1816787719727
"WI","2026-09-13T19:00:00.000000",22.1839504241943
"WI","2026-09-13T20:00:00.000000",22.1870384216309
"WI","2026-09-13T21:00:00.000000",22.2092761993408
"WI","2026-09-13T22:00:00.000000",22.2024555206299
"WI","2026-09-13T23:00:00.000000",22.1672382354736
"WI","2026-09-14T00:00:00.000000",22.1699886322021
"WI","2026-09-14T01:00:00.000000",21.8859062194824
"WI","2026-09-14T02:00:00.000000",21.8281860351562
"WI","2026-09-14T03:00:00.000000",21.8159084320068
"WI","2026-09-14T04:00:00.000000",21.8089504241943
"WI","2026-09-14T05:00:00.000000",21.8075294494629
"WI","2026-09-14T06:00:00.000000",21.802267074585
"WI","2026-09-14T07:00:00.000000",21.7909126281738
"WI","2026-09-14T08:00:00.000000",21.8186321258545
"WI","2026-09-14T09:00:00.000000",21.8111457824707
"WI","2026-09-14T10:00:00.000000",21.778434753418
"WI","2026-09-14T11:00:00.000000",21.7441749572754
"WI","2026-09-14T12:00:00.000000",21.75315284729
"WI","2026-09-14T13:00:00.000000",21.7313652038574
"WI","2026-09-14T14:00:00.000000",21.7188873291016
"WI","2026-09-14T15:00:00.000000",21.7182960510254
"WI","2026-09-14T16:00:00.000000",21.830602645874
"WI","2026-09-14T17:00:00.000000",21.9699783325195
"WI","2026-09-14T18:00:00.000000",22.0433025360107
"WI","2026-09-14T19:00:00.000000",22.072135925293
"WI","2026-09-14T20:00:00.000000",22.0306434631348
"WI","2026-09-14T21:00:00.000000",21.9142360687256
"WI","2026-09-14T22:00:00.000000",21.8785495758057
"WI","2026-09-14T23:00:00.000000",21.8511428833008
"WI","2026-09-15T00:00:00.000000",21.9165954589844
"WI","2026-09-15T01:00:00.000000",21.9625759124756
"WI","2026-09-15T02:00:00.000000",21.9418754577637
"WI","2026-09-15T03:00:00.000000",21.9177360534668
"WI","2026-09-15T04:00:00.000000",21.8831462860107
"WI","2026-09-15T05:00:00.000000",21.8547325134277
"WI","2026-09-15T06:00:00.000000",21.8324146270752
"WI","2026-09-15T07:00:00.000000",21.8022289276123
"WI","2026-09-15T08:00:00.000000",21.7940044403076
"WI","2026-09-15T09:00:00.000000",21.8350124359131
"WI","2026-09-15T10:00:00.000000",21.8488235473633
"WI","2026-09-15T11:00:00.000000",21.8277072906494
"WI","2026-09-15T12:00:00.000000",21.8436050415039
"WI","2026-09-15T13:00:00.000000",21.7849140167236
"WI","2026-09-15T14:00:00.000000",21.7543640136719
"WI","2026-09-15T15:00:00.000000",21.7834281921387
"WI","2026-09-15T16:00:00.000000",21.809720993042
"WI","2026-09-15T17:00:00.000000",21.8441753387451
"WI","2026-09-15T18:00:00.000000",21.8728790283203
"WI","2026-09-15T19:00:00.000000",21.9034805297852
"WI","2026-09-15T20:00:00.000000",21.9443912506104
"WI","2026-09-15T21:00:00.000000",21.9609985351562
"WI","2026-09-15T22:00:00.000000",21.9426975250244
"WI","2026-09-15T23:00:00.000000",21.9341316223145
"WI","2026-09-16T00:00:00.000000",21.901725769043
"WI","2026-09-16T01:00:00.000000",21.8995532989502
"WI","2026-09-16T02:00:00.000000",21.9095840454102
"WI","2026-09-16T03:00:00.000000",21.9083232879639
"WI","2026-09-16T04:00:00.000000",21.8951835632324
"WI","2026-09-16T05:00:00.000000",21.8691387176514
"WI","2026-09-16T06:00:00.000000",21.8587913513184
"WI","2026-09-16T07:00:00.000000",21.8617897033691
"WI","2026-09-16T08:00:00.000000",21.8562984466553
"WI","2026-09-16T09:00:00.000000",21.8383197784424
"WI","2026-09-16T10:00:00.000000",21.8430633544922
"WI","2026-09-16T11:00:00.000000",21.8561248779297
"WI","2026-09-16T12:00:00.000000",21.8664646148682
"WI","2026-09-16T13:00:00.000000",21.8683681488037
"WI","2026-09-16T14:00:00.000000",21.8286724090576
"WI","2026-09-16T15:00:00.000000",21.8198490142822
"WI","2026-09-16T16:00:00.000000",21.8413772583008
"WI","2026-09-16T17:00:00.000000",21.8984508514404
"WI","2026-09-16T18:00:00.000000",21.9628582000732
"WI","2026-09-16T19:00:00.000000",22.016508102417
"WI","2026-09-16T20:00:00.000000",22.0518894195557
"WI","2026-09-16T21:00:00.000000",22.0870590209961
"WI","2026-09-16T22:00:00.000000",22.0792980194092
"WI","2026-09-16T23:00:00.000000",22.0411567687988
"WI","2026-09-17T00:00:00.000000",22.0128650665283
"WI","2026-09-17T01:00:00.000000",22.0175399780273
"WI","2026-09-17T02:00:00.000000",22.0423431396484
"WI","2026-09-17T03:00:00.000000",22.0527019500732
"WI","2026-09-17T04:00:00.000000",22.053243637085
"WI","2026-09-17T05:00:00.000000",22.0496845245361
"WI","2026-09-17T06:00:00.000000",22.0425148010254
"WI","2026-09-17T07:00:00.000000",22.0349731445312
"WI","2026-09-17T08:00:00.000000",22.0247707366943
"WI","2026-09-17T09:00:00.000000",22.0181045532227
"WI","2026-09-17T10:00:00.000000",22.0190944671631
"WI","2026-09-17T11:00:00.000000",22.0324459075928
"WI","2026-09-17T12:00:00.000000",22.0442523956299
"WI","2026-09-17T13:00:00.000000",22.0572376251221
"WI","2026-09-17T14:00:00.000000",22.0686435699463
"WI","2026-09-17T15:00:00.000000",22.0961227416992
"WI","2026-09-17T16:00:00.000000",22.12864112854
"WI","2026-09-17T17:00:00.000000",22.1643390655518
"WI","2026-09-17T18:00:00.000000",22.21044921875
"WI","2026-09-17T19:00:00.000000",22.2609882354736
"WI","2026-09-17T20:00:00.000000",22.2777881622314
"WI","2026-09-17T21:00:00.000000",22.2740173339844
"WI","2026-09-17T22:00:00.000000",22.3240814208984
"WI","2026-09-17T23:00:00.000000",22.3499240875244
"WI","2026-09-18T00:00:00.000000",22.3435726165771
