"site_id","time","temp_c"
"AQ","2026-09-19T00:00:00.000000",18.2035388946533
"AQ","2026-09-19T01:00:00.000000",17.4331455230713
"AQ","2026-09-19T02:00:00.000000",17.3077201843262
"AQ","2026-09-19T03:00:00.000000",17.2809295654297
"AQ","2026-09-19T04:00:00.000000",17.2794609069824
"AQ","2026-09-19T05:00:00.000000",17.2841358184814
"AQ","2026-09-19T06:00:00.000000",17.291389465332
"AQ","2026-09-19T07:00:00.000000",17.2830429077148
"AQ","2026-09-19T08:00:00.000000",17.2607727050781
"AQ","2026-09-19T09:00:00.000000",17.2450580596924
"AQ","2026-09-19T10:00:00.000000",17.1501274108887
"AQ","2026-09-19T11:00:00.000000",17.0294933319092
"AQ","2026-09-19T12:00:00.000000",16.9646015167236
"AQ","2026-09-19T13:00:00.000000",16.9464282989502
"AQ","2026-09-19T14:00:00.000000",16.9520378112793
"AQ","2026-09-19T15:00:00.000000",16.9588718414307
"AQ","2026-09-19T16:00:00.000000",16.9668159484863
"AQ","2026-09-19T17:00:00.000000",17.0002822875977
"AQ","2026-09-19T18:00:00.000000",17.0530242919922
"AQ","2026-09-19T19:00:00.000000",17.1613311767578
"AQ","2026-09-19T20:00:00.000000",17.2621059417725
"AQ","2026-09-19T21:00:00.000000",17.3222217559814
"AQ","2026-09-19T22:00:00.000000",17.3389434814453
"AQ","2026-09-19T23:00:00.000000",17.3376884460449
"AQ","2026-09-20T00:00:00.000000",17.2902317047119
"AQ","2026-09-20T01:00:00.000000",17.0634956359863
"AQ","2026-09-20T02:00:00.000000",16.9861030578613
"AQ","2026-09-20T03:00:00.000000",16.9432983398438
"AQ","2026-09-20T04:00:00.000000",16.9175090789795
"AQ","2026-09-20T05:00:00.000000",16.8709239959717
"AQ","2026-09-20T06:00:00.000000",16.8025398254395
"AQ","2026-09-20T07:00:00.000000",16.7538814544678
"AQ","2026-09-20T08:00:00.000000",16.7354717254639
"AQ","2026-09-20T09:00:00.000000",16.7398929595947
"AQ","2026-09-20T10:00:00.000000",16.7496337890625
"AQ","2026-09-20T11:00:00.000000",16.7621746063232
"AQ","2026-09-20T12:00:00.000000",16.7748889923096
"AQ","2026-09-20T13:00:00.000000",16.7800884246826
"AQ","2026-09-20T14:00:00.000000",16.7776775360107
"AQ","2026-09-20T15:00:00.000000",16.7774066925049
"AQ","2026-09-20T16:00:00.000000",16.7867774963379
"AQ","2026-09-20T17:00:00.000000",16.7976303100586
"AQ","2026-09-20T18:00:00.000000",16.820463180542
"AQ","2026-09-20T19:00:00.000000",16.8393650054932
"AQ","2026-09-20T20:00:00.000000",16.8510456085205
"AQ","2026-09-20T21:00:00.000000",16.8730983734131
"AQ","2026-09-20T22:00:00.000000",16.9030437469482
"AQ","2026-09-20T23:00:00.000000",16.9103012084961
"AQ","2026-09-21T00:00:00.000000",16.88747215271
"AQ","2026-09-21T01:00:00.000000",16.3356494903564
"AQ","2026-09-21T02:00:00.000000",16.261100769043
"AQ","2026-09-21T03:00:00.000000",16.2640628814697
"AQ","2026-09-21T04:00:00.000000",16.2714576721191
"AQ","2026-09-21T05:00:00.000000",16.2767505645752
"AQ","2026-09-21T06:00:00.000000",16.2833728790283
"AQ","2026-09-21T07:00:00.000000",16.282413482666
"AQ","2026-09-21T08:00:00.000000",16.2713108062744
"AQ","2026-09-21T09:00:00.000000",16.2542743682861
"AQ","2026-09-21T10:00:00.000000",16.2374057769775
"AQ","2026-09-21T11:00:00.000000",16.2227230072021
"AQ","2026-09-21T12:00:00.000000",16.1966915130615
"AQ","2026-09-21T13:00:00.000000",16.1816120147705
"AQ","2026-09-21T14:00:00.000000",16.1941814422607
"AQ","2026-09-21T15:00:00.000000",16.2281436920166
"AQ","2026-09-21T16:00:00.000000",16.2481250762939
"AQ","2026-09-21T17:00:00.000000",16.2530689239502
"AQ","2026-09-21T18:00:00.000000",16.2828197479248
"AQ","2026-09-21T19:00:00.000000",16.3151836395264
"AQ","2026-09-21T20:00:00.000000",16.3713092803955
"AQ","2026-09-21T21:00:00.000000",16.431001663208
"AQ","2026-09-21T22:00:00.000000",16.4619884490967
"AQ","2026-09-21T23:00:00.000000",16.4675025939941
"AQ","2026-09-22T00:00:00.000000",16.4723377227783
"AQ","2026-09-22T01:00:00.000000",16.472827911377
"AQ","2026-09-22T02:00:00.000000",16.459098815918
"AQ","2026-09-22T03:00:00.000000",16.425329208374
"AQ","2026-09-22T04:00:00.000000",16.380786895752
"AQ","2026-09-22T05:00:00.000000",16.3711853027344
"AQ","2026-09-22T06:00:00.000000",16.3738632202148
"AQ","2026-09-22T07:00:00.000000",16.3943328857422
"AQ","2026-09-22T08:00:00.000000",16.4276027679443
"AQ","2026-09-22T09:00:00.000000",16.4304103851318
"AQ","2026-09-22T10:00:00.000000",16.4001293182373
"AQ","2026-09-22T11:00:00.000000",16.3615760803223
"AQ","2026-09-22T12:00:00.000000",16.3283519744873
"AQ","2026-09-22T13:00:00.000000",16.3305072784424
"AQ","2026-09-22T14:00:00.000000",16.355110168457
"AQ","2026-09-22T15:00:00.000000",16.3870220184326
"AQ","2026-09-22T16:00:00.000000",16.4044227600098
"AQ","2026-09-22T17:00:00.000000",16.4160041809082
"AQ","2026-09-22T18:00:00.000000",16.4434471130371
"AQ","2026-09-22T19:00:00.000000",16.4812088012695
"AQ","2026-09-22T20:00:00.000000",16.5041217803955
"AQ","2026-09-22T21:00:00.000000",16.5609111785889
"AQ","2026-09-22T22:00:00.000000",16.5975914001465
"AQ","2026-09-22T23:00:00.000000",16.5994319915771
"AQ","2026-09-23T00:00:00.000000",16.5956764221191
"AQ","2026-09-23T01:00:00.000000",16.5845355987549
"AQ","2026-09-23T02:00:00.000000",16.5794506072998
"AQ","2026-09-23T03:00:00.000000",16.5643768310547
"AQ","2026-09-23T04:00:00.000000",16.5303688049316
"AQ","2026-09-23T05:00:00.000000",16.5054664611816
"AQ","2026-09-23T06:00:00.000000",16.5127849578857
"AQ","2026-09-23T07:00:00.000000",16.5172233581543
"AQ","2026-09-23T08:00:00.000000",16.5007591247559
"AQ","2026-09-23T09:00:00.000000",16.4560661315918
"AQ","2026-09-23T10:00:00.000000",16.3780651092529
"AQ","2026-09-23T11:00:00.000000",16.3299236297607
"AQ","2026-09-23T12:00:00.000000",16.3124847412109
"AQ","2026-09-23T13:00:00.000000",16.3127899169922
"AQ","2026-09-23T14:00:00.000000",16.3336124420166
"AQ","2026-09-23T15:00:00.000000",16.3658866882324
"AQ","2026-09-23T16:00:00.000000",16.3887329101562
"AQ","2026-09-23T17:00:00.000000",16.4004001617432
"AQ","2026-09-23T18:00:00.000000",16.4187564849854
"AQ","2026-09-23T19:00:00.000000",16.4671993255615
"AQ","2026-09-23T20:00:00.000000",16.5162086486816
"AQ","2026-09-23T21:00:00.000000",16.5566654205322
"AQ","2026-09-23T22:00:00.000000",16.5913925170898
"AQ","2026-09-23T23:00:00.000000",16.5964469909668
"AQ","2026-09-24T00:00:00.000000",16.5776596069336
"AQ","2026-09-24T01:00:00.000000",16.5398445129395
"AQ","2026-09-24T02:00:00.000000",16.5199146270752
"AQ","2026-09-24T03:00:00.000000",16.537504196167
"AQ","2026-09-24T04:00:00.000000",16.5410251617432
"AQ","2026-09-24T05:00:00.000000",16.5138111114502
"AQ","2026-09-24T06:00:00.000000",16.4843292236328
"AQ","2026-09-24T07:00:00.000000",16.495584487915
"AQ","2026-09-24T08:00:00.000000",16.4933490753174
"AQ","2026-09-24T09:00:00.000000",16.4785499572754
"AQ","2026-09-24T10:00:00.000000",16.4374752044678
"AQ","2026-09-24T11:00:00.000000",16.3679141998291
"AQ","2026-09-24T12:00:00.000000",16.3313026428223
"AQ","2026-09-24T13:00:00.000000",16.3187084197998
"AQ","2026-09-24T14:00:00.000000",16.3281402587891
"AQ","2026-09-24T15:00:00.000000",16.3576622009277
"AQ","2026-09-24T16:00:00.000000",16.3942031860352
"AQ","2026-09-24T17:00:00.000000",16.4125633239746
"AQ","2026-09-24T18:00:00.000000",16.4315280914307
"AQ","2026-09-24T19:00:00.000000",16.4524116516113
"AQ","2026-09-24T20:00:00.000000",16.5015735626221
"AQ","2026-09-24T21:00:00.000000",16.5449161529541
"AQ","2026-09-24T22:00:00.000000",16.5512981414795
"AQ","2026-09-24T23:00:00.000000",16.5513134002686
"AQ","2026-09-25T00:00:00.000000",16.5344467163086
"CB","2026-09-19T00:00:00.000000",17.707878112793
"CB","2026-09-19T01:00:00.000000",17.3054122924805
"CB","2026-09-19T02:00:00.000000",17.2632732391357
"CB","2026-09-19T03:00:00.000000",17.2456493377686
"CB","2026-09-19T04:00:00.000000",17.2471675872803
"CB","2026-09-19T05:00:00.000000",17.257625579834
"CB","2026-09-19T06:00:00.000000",17.2587871551514
"CB","2026-09-19T07:00:00.000000",17.2642135620117
"CB","2026-09-19T08:00:00.000000",17.2260246276855
"CB","2026-09-19T09:00:00.000000",17.1582584381104
"CB","2026-09-19T10:00:00.000000",17.1372661590576
"CB","2026-09-19T11:00:00.000000",17.1643810272217
"CB","2026-09-19T12:00:00.000000",17.1881008148193
"CB","2026-09-19T13:00:00.000000",17.2127647399902
"CB","2026-09-19T14:00:00.000000",17.2342948913574
"CB","2026-09-19T15:00:00.000000",17.2418766021729
"CB","2026-09-19T16:00:00.000000",17.2444171905518
"CB","2026-09-19T17:00:00.000000",17.2465133666992
"CB","2026-09-19T18:00:00.000000",17.2378768920898
"CB","2026-09-19T19:00:00.000000",17.2122211456299
"CB","2026-09-19T20:00:00.000000",17.231517791748
"CB","2026-09-19T21:00:00.000000",17.2513103485107
"CB","2026-09-19T22:00:00.000000",17.2477512359619
"CB","2026-09-19T23:00:00.000000",17.2624759674072
"CB","2026-09-20T00:00:00.000000",17.2399978637695
"CB","2026-09-20T01:00:00.000000",17.0238990783691
"CB","2026-09-20T02:00:00.000000",16.9977474212646
"CB","2026-09-20T03:00:00.000000",17.0105228424072
"CB","2026-09-20T04:00:00.000000",17.0107154846191
"CB","2026-09-20T05:00:00.000000",17.0118045806885
"CB","2026-09-20T06:00:00.000000",17.0144672393799
"CB","2026-09-20T07:00:00.000000",17.0184288024902
"CB","2026-09-20T08:00:00.000000",17.0456027984619
"CB","2026-09-20T09:00:00.000000",17.0462036132812
"CB","2026-09-20T10:00:00.000000",17.0148181915283
"CB","2026-09-20T11:00:00.000000",17.0054454803467
"CB","2026-09-20T12:00:00.000000",17.0147361755371
"CB","2026-09-20T13:00:00.000000",17.0192394256592
"CB","2026-09-20T14:00:00.000000",17.0169982910156
"CB","2026-09-20T15:00:00.000000",17.024881362915
"CB","2026-09-20T16:00:00.000000",17.0358200073242
"CB","2026-09-20T17:00:00.000000",17.0387287139893
"CB","2026-09-20T18:00:00.000000",17.0466213226318
"CB","2026-09-20T19:00:00.000000",17.0489921569824
"CB","2026-09-20T20:00:00.000000",17.0522403717041
"CB","2026-09-20T21:00:00.000000",17.057165145874
"CB","2026-09-20T22:00:00.000000",17.0604858398438
"CB","2026-09-20T23:00:00.000000",17.0583190917969
"CB","2026-09-21T00:00:00.000000",17.0528774261475
"CB","2026-09-21T01:00:00.000000",17.1028652191162
"CB","2026-09-21T02:00:00.000000",17.1098709106445
"CB","2026-09-21T03:00:00.000000",17.1164474487305
"CB","2026-09-21T04:00:00.000000",17.1241245269775
"CB","2026-09-21T05:00:00.000000",17.1234283447266
"CB","2026-09-21T06:00:00.000000",17.1245517730713
"CB","2026-09-21T07:00:00.000000",17.1270084381104
"CB","2026-09-21T08:00:00.000000",17.2007598876953
"CB","2026-09-21T09:00:00.000000",17.301248550415
"CB","2026-09-21T10:00:00.000000",17.3417453765869
"CB","2026-09-21T11:00:00.000000",17.3447113037109
"CB","2026-09-21T12:00:00.000000",17.3519287109375
"CB","2026-09-21T13:00:00.000000",17.3616104125977
"CB","2026-09-21T14:00:00.000000",17.3233871459961
"CB","2026-09-21T15:00:00.000000",17.3078556060791
"CB","2026-09-21T16:00:00.000000",17.2954196929932
"CB","2026-09-21T17:00:00.000000",17.2973175048828
"CB","2026-09-21T18:00:00.000000",17.2975463867188
"CB","2026-09-21T19:00:00.000000",17.299861907959
"CB","2026-09-21T20:00:00.000000",17.3359260559082
"CB","2026-09-21T21:00:00.000000",17.4268836975098
"CB","2026-09-21T22:00:00.000000",17.5085773468018
"CB","2026-09-21T23:00:00.000000",17.5507850646973
"CB","2026-09-22T00:00:00.000000",17.5589027404785
"CB","2026-09-22T01:00:00.000000",17.5597667694092
"CB","2026-09-22T02:00:00.000000",17.4510097503662
"CB","2026-09-22T03:00:00.000000",17.4216136932373
"CB","2026-09-22T04:00:00.000000",17.4270915985107
"CB","2026-09-22T05:00:00.000000",17.4317569732666
"CB","2026-09-22T06:00:00.000000",17.4318370819092
"CB","2026-09-22T07:00:00.000000",17.4343852996826
"CB","2026-09-22T08:00:00.000000",17.4374370574951
"CB","2026-09-22T09:00:00.000000",17.4522590637207
"CB","2026-09-22T10:00:00.000000",17.4869289398193
"CB","2026-09-22T11:00:00.000000",17.4477806091309
"CB","2026-09-22T12:00:00.000000",17.3742084503174
"CB","2026-09-22T13:00:00.000000",17.3612403869629
"CB","2026-09-22T14:00:00.000000",17.3839416503906
"CB","2026-09-22T15:00:00.000000",17.4274520874023
"CB","2026-09-22T16:00:00.000000",17.4644870758057
"CB","2026-09-22T17:00:00.000000",17.4716625213623
"CB","2026-09-22T18:00:00.000000",17.4767417907715
"CB","2026-09-22T19:00:00.000000",17.4797496795654
"CB","2026-09-22T20:00:00.000000",17.4808673858643
"CB","2026-09-22T21:00:00.000000",17.4498538970947
"CB","2026-09-22T22:00:00.000000",17.4567317962646
"CB","2026-09-22T23:00:00.000000",17.4602336883545
"CB","2026-09-23T00:00:00.000000",17.4290180206299
"CB","2026-09-23T01:00:00.000000",17.4210357666016
"CB","2026-09-23T02:00:00.000000",17.449951171875
"CB","2026-09-23T03:00:00.000000",17.4517993927002
"CB","2026-09-23T04:00:00.000000",17.4481735229492
"CB","2026-09-23T05:00:00.000000",17.4581890106201
"CB","2026-09-23T06:00:00.000000",17.4610271453857
"CB","2026-09-23T07:00:00.000000",17.4613666534424
"CB","2026-09-23T08:00:00.000000",17.4613037109375
"CB","2026-09-23T09:00:00.000000",17.4603252410889
"CB","2026-09-23T10:00:00.000000",17.3738651275635
"CB","2026-09-23T11:00:00.000000",17.1632404327393
"CB","2026-09-23T12:00:00.000000",17.0517024993896
"CB","2026-09-23T13:00:00.000000",17.0157585144043
"CB","2026-09-23T14:00:00.000000",17.0313625335693
"CB","2026-09-23T15:00:00.000000",17.053731918335
"CB","2026-09-23T16:00:00.000000",17.1526126861572
"CB","2026-09-23T17:00:00.000000",17.2541828155518
"CB","2026-09-23T18:00:00.000000",17.3250865936279
"CB","2026-09-23T19:00:00.000000",17.3406467437744
"CB","2026-09-23T20:00:00.000000",17.3378925323486
"CB","2026-09-23T21:00:00.000000",17.3209285736084
"CB","2026-09-23T22:00:00.000000",17.1747550964355
"CB","2026-09-23T23:00:00.000000",17.1541423797607
"CB","2026-09-24T00:00:00.000000",17.1084499359131
"CB","2026-09-24T01:00:00.000000",17.0795764923096
"CB","2026-09-24T02:00:00.000000",17.0754528045654
"CB","2026-09-24T03:00:00.000000",17.1075706481934
"CB","2026-09-24T04:00:00.000000",17.1404151916504
"CB","2026-09-24T05:00:00.000000",17.1938762664795
"CB","2026-09-24T06:00:00.000000",17.2322635650635
"CB","2026-09-24T07:00:00.000000",17.2395458221436
"CB","2026-09-24T08:00:00.000000",17.2415008544922
"CB","2026-09-24T09:00:00.000000",17.2415409088135
"CB","2026-09-24T10:00:00.000000",17.2379512786865
"CB","2026-09-24T11:00:00.000000",17.0861740112305
"CB","2026-09-24T12:00:00.000000",17.0074844360352
"CB","2026-09-24T13:00:00.000000",17.003210067749
"CB","2026-09-24T14:00:00.000000",17.0225124359131
"CB","2026-09-24T15:00:00.000000",17.0326843261719
"CB","2026-09-24T16:00:00.000000",17.0256690979004
"CB","2026-09-24T17:00:00.000000",17.0940170288086
"CB","2026-09-24T18:00:00.000000",17.1471214294434
"CB","2026-09-24T19:00:00.000000",17.1713619232178
"CB","2026-09-24T20:00:00.000000",17.174596786499
"CB","2026-09-24T21:00:00.000000",17.1786251068115
"CB","2026-09-24T22:00:00.000000",17.182300567627
"CB","2026-09-24T23:00:00.000000",17.3248348236084
"CB","2026-09-25T00:00:00.000000",17.3733348846436
"CI","2026-09-19T00:00:00.000000",19.0029449462891
"CI","2026-09-19T01:00:00.000000",18.2671298980713
"CI","2026-09-19T02:00:00.000000",18.2236709594727
"CI","2026-09-19T03:00:00.000000",18.2236709594727
"CI","2026-09-19T04:00:00.000000",18.2236709594727
"CI","2026-09-19T05:00:00.000000",18.2236709594727
"CI","2026-09-19T06:00:00.000000",18.2236709594727
"CI","2026-09-19T07:00:00.000000",18.0221767425537
"CI","2026-09-19T08:00:00.000000",17.9781913757324
"CI","2026-09-19T09:00:00.000000",17.9755611419678
"CI","2026-09-19T10:00:00.000000",17.9634284973145
"CI","2026-09-19T11:00:00.000000",17.9105663299561
"CI","2026-09-19T12:00:00.000000",17.9136257171631
"CI","2026-09-19T13:00:00.000000",17.9554538726807
"CI","2026-09-19T14:00:00.000000",18.0072269439697
"CI","2026-09-19T15:00:00.000000",18.0072269439697
"CI","2026-09-19T16:00:00.000000",18.0072269439697
"CI","2026-09-19T17:00:00.000000",18.0072269439697
"CI","2026-09-19T18:00:00.000000",18.1511306762695
"CI","2026-09-19T19:00:00.000000",18.1534194946289
"CI","2026-09-19T20:00:00.000000",18.1275329589844
"CI","2026-09-19T21:00:00.000000",18.1592464447021
"CI","2026-09-19T22:00:00.000000",18.1753234863281
"CI","2026-09-19T23:00:00.000000",18.13596534729
"CI","2026-09-20T00:00:00.000000",18.0978164672852
"CI","2026-09-20T01:00:00.000000",18.0470657348633
"CI","2026-09-20T02:00:00.000000",18.0555000305176
"CI","2026-09-20T03:00:00.000000",18.0561923980713
"CI","2026-09-20T04:00:00.000000",18.0561923980713
"CI","2026-09-20T05:00:00.000000",18.0561923980713
"CI","2026-09-20T06:00:00.000000",18.0561923980713
"CI","2026-09-20T07:00:00.000000",18.0561923980713
"CI","2026-09-20T08:00:00.000000",17.9674453735352
"CI","2026-09-20T09:00:00.000000",17.977970123291
"CI","2026-09-20T10:00:00.000000",17.904390335083
"CI","2026-09-20T11:00:00.000000",17.8642234802246
"CI","2026-09-20T12:00:00.000000",17.8869018554688
"CI","2026-09-20T13:00:00.000000",17.9220371246338
"CI","2026-09-20T14:00:00.000000",17.9635829925537
"CI","2026-09-20T15:00:00.000000",18.0265331268311
"CI","2026-09-20T16:00:00.000000",18.0591583251953
"CI","2026-09-20T17:00:00.000000",18.0591583251953
"CI","2026-09-20T18:00:00.000000",18.0780639648438
"CI","2026-09-20T19:00:00.000000",18.0838718414307
"CI","2026-09-20T20:00:00.000000",18.0800075531006
"CI","2026-09-20T21:00:00.000000",18.0430297851562
"CI","2026-09-20T22:00:00.000000",18.0141735076904
"CI","2026-09-20T23:00:00.000000",17.9831390380859
"CI","2026-09-21T00:00:00.000000",17.9926662445068
"CI","2026-09-21T01:00:00.000000",17.8314018249512
"CI","2026-09-21T02:00:00.000000",17.8332710266113
"CI","2026-09-21T03:00:00.000000",17.8361282348633
"CI","2026-09-21T04:00:00.000000",17.8368797302246
"CI","2026-09-21T05:00:00.000000",17.8368797302246
"CI","2026-09-21T06:00:00.000000",17.8368797302246
"CI","2026-09-21T07:00:00.000000",17.8368797302246
"CI","2026-09-21T08:00:00.000000",17.8391666412354
"CI","2026-09-21T09:00:00.000000",17.8344116210938
"CI","2026-09-21T10:00:00.000000",17.8242893218994
"CI","2026-09-21T11:00:00.000000",17.8015232086182
"CI","2026-09-21T12:00:00.000000",17.7968425750732
"CI","2026-09-21T13:00:00.000000",17.7754325866699
"CI","2026-09-21T14:00:00.000000",17.7781524658203
"CI","2026-09-21T15:00:00.000000",17.8093166351318
"CI","2026-09-21T16:00:00.000000",17.8545589447021
"CI","2026-09-21T17:00:00.000000",17.862247467041
"CI","2026-09-21T18:00:00.000000",17.862247467041
"CI","2026-09-21T19:00:00.000000",17.862247467041
"CI","2026-09-21T20:00:00.000000",17.9777393341064
"CI","2026-09-21T21:00:00.000000",17.9719886779785
"CI","2026-09-21T22:00:00.000000",17.9433116912842
"CI","2026-09-21T23:00:00.000000",17.9279346466064
"CI","2026-09-22T00:00:00.000000",17.9157104492188
"CI","2026-09-22T01:00:00.000000",17.9123344421387
"CI","2026-09-22T02:00:00.000000",17.8757076263428
"CI","2026-09-22T03:00:00.000000",17.9483623504639
"CI","2026-09-22T04:00:00.000000",17.9767150878906
"CI","2026-09-22T05:00:00.000000",17.9767150878906
"CI","2026-09-22T06:00:00.000000",17.9767150878906
"CI","2026-09-22T07:00:00.000000",17.9767150878906
"CI","2026-09-22T08:00:00.000000",17.9767150878906
"CI","2026-09-22T09:00:00.000000",17.9644527435303
"CI","2026-09-22T10:00:00.000000",17.9116497039795
"CI","2026-09-22T11:00:00.000000",17.9066734313965
"CI","2026-09-22T12:00:00.000000",17.85524559021
"CI","2026-09-22T13:00:00.000000",17.8494739532471
"CI","2026-09-22T14:00:00.000000",17.8583221435547
"CI","2026-09-22T15:00:00.000000",17.8897724151611
"CI","2026-09-22T16:00:00.000000",17.9138221740723
"CI","2026-09-22T17:00:00.000000",17.9538249969482
"CI","2026-09-22T18:00:00.000000",17.9578304290771
"CI","2026-09-22T19:00:00.000000",17.9578304290771
"CI","2026-09-22T20:00:00.000000",17.9578304290771
"CI","2026-09-22T21:00:00.000000",18.0032157897949
"CI","2026-09-22T22:00:00.000000",18.0019874572754
"CI","2026-09-22T23:00:00.000000",17.9749317169189
"CI","2026-09-23T00:00:00.000000",17.9712963104248
"CI","2026-09-23T01:00:00.000000",17.9616146087646
"CI","2026-09-23T02:00:00.000000",17.9485149383545
"CI","2026-09-23T03:00:00.000000",17.9071922302246
"CI","2026-09-23T04:00:00.000000",17.934009552002
"CI","2026-09-23T05:00:00.000000",17.9622497558594
"CI","2026-09-23T06:00:00.000000",17.9648475646973
"CI","2026-09-23T07:00:00.000000",17.9648475646973
"CI","2026-09-23T08:00:00.000000",17.9648475646973
"CI","2026-09-23T09:00:00.000000",17.9648475646973
"CI","2026-09-23T10:00:00.000000",17.898286819458
"CI","2026-09-23T11:00:00.000000",17.8973979949951
"CI","2026-09-23T12:00:00.000000",17.7813987731934
"CI","2026-09-23T13:00:00.000000",17.7113418579102
"CI","2026-09-23T14:00:00.000000",17.7021636962891
"CI","2026-09-23T15:00:00.000000",17.7367877960205
"CI","2026-09-23T16:00:00.000000",17.785551071167
"CI","2026-09-23T17:00:00.000000",17.8571643829346
"CI","2026-09-23T18:00:00.000000",17.9000148773193
"CI","2026-09-23T19:00:00.000000",17.9025745391846
"CI","2026-09-23T20:00:00.000000",17.9025745391846
"CI","2026-09-23T21:00:00.000000",17.9025745391846
"CI","2026-09-23T22:00:00.000000",17.9533882141113
"CI","2026-09-23T23:00:00.000000",17.9371128082275
"CI","2026-09-24T00:00:00.000000",17.8690643310547
"CI","2026-09-24T01:00:00.000000",17.8410320281982
"CI","2026-09-24T02:00:00.000000",17.8082084655762
"CI","2026-09-24T03:00:00.000000",17.8008213043213
"CI","2026-09-24T04:00:00.000000",17.8072719573975
"CI","2026-09-24T05:00:00.000000",17.8699626922607
"CI","2026-09-24T06:00:00.000000",17.9093914031982
"CI","2026-09-24T07:00:00.000000",17.9093914031982
"CI","2026-09-24T08:00:00.000000",17.9093914031982
"CI","2026-09-24T09:00:00.000000",17.9093914031982
"CI","2026-09-24T10:00:00.000000",17.9093914031982
"CI","2026-09-24T11:00:00.000000",17.836633682251
"CI","2026-09-24T12:00:00.000000",17.777400970459
"CI","2026-09-24T13:00:00.000000",17.6104335784912
"CI","2026-09-24T14:00:00.000000",17.5823020935059
"CI","2026-09-24T15:00:00.000000",17.5788021087646
"CI","2026-09-24T16:00:00.000000",17.6477489471436
"CI","2026-09-24T17:00:00.000000",17.7206859588623
"CI","2026-09-24T18:00:00.000000",17.819314956665
"CI","2026-09-24T19:00:00.000000",17.8239192962646
"CI","2026-09-24T20:00:00.000000",17.8239192962646
"CI","2026-09-24T21:00:00.000000",17.8239192962646
"CI","2026-09-24T22:00:00.000000",17.8239192962646
"CI","2026-09-24T23:00:00.000000",17.8248062133789
"CI","2026-09-25T00:00:00.000000",17.7738132476807
"DC","2026-09-19T00:00:00.000000",17.8023376464844
"DC","2026-09-19T01:00:00.000000",17.5822906494141
"DC","2026-09-19T02:00:00.000000",17.5822906494141
"DC","2026-09-19T03:00:00.000000",17.5822906494141
"DC","2026-09-19T04:00:00.000000",17.5822906494141
"DC","2026-09-19T05:00:00.000000",17.5822906494141
"DC","2026-09-19T06:00:00.000000",17.5822906494141
"DC","2026-09-19T07:00:00.000000",17.1848812103271
"DC","2026-09-19T08:00:00.000000",17.1812686920166
"DC","2026-09-19T09:00:00.000000",17.1599349975586
"DC","2026-09-19T10:00:00.000000",17.1506061553955
"DC","2026-09-19T11:00:00.000000",17.1457576751709
"DC","2026-09-19T12:00:00.000000",17.1647987365723
"DC","2026-09-19T13:00:00.000000",17.1604919433594
"DC","2026-09-19T14:00:00.000000",17.1789703369141
"DC","2026-09-19T15:00:00.000000",17.1789703369141
"DC","2026-09-19T16:00:00.000000",17.1789703369141
"DC","2026-09-19T17:00:00.000000",17.1789703369141
"DC","2026-09-19T18:00:00.000000",17.2734985351562
"DC","2026-09-19T19:00:00.000000",17.2837524414062
"DC","2026-09-19T20:00:00.000000",17.2847137451172
"DC","2026-09-19T21:00:00.000000",17.2683238983154
"DC","2026-09-19T22:00:00.000000",17.2712802886963
"DC","2026-09-19T23:00:00.000000",17.2822151184082
"DC","2026-09-20T00:00:00.000000",17.2954711914062
"DC","2026-09-20T01:00:00.000000",17.1065940856934
"DC","2026-09-20T02:00:00.000000",17.0884971618652
"DC","2026-09-20T03:00:00.000000",17.0857162475586
"DC","2026-09-20T04:00:00.000000",17.0857162475586
"DC","2026-09-20T05:00:00.000000",17.0857162475586
"DC","2026-09-20T06:00:00.000000",17.0857162475586
"DC","2026-09-20T07:00:00.000000",16.9818668365479
"DC","2026-09-20T08:00:00.000000",16.9676876068115
"DC","2026-09-20T09:00:00.000000",16.9613838195801
"DC","2026-09-20T10:00:00.000000",16.9689044952393
"DC","2026-09-20T11:00:00.000000",16.9872493743896
"DC","2026-09-20T12:00:00.000000",16.9927291870117
"DC","2026-09-20T13:00:00.000000",17.0109481811523
"DC","2026-09-20T14:00:00.000000",17.0272560119629
"DC","2026-09-20T15:00:00.000000",17.0439319610596
"DC","2026-09-20T16:00:00.000000",17.0971660614014
"DC","2026-09-20T17:00:00.000000",17.1656150817871
"DC","2026-09-20T18:00:00.000000",17.1395950317383
"DC","2026-09-20T19:00:00.000000",17.141674041748
"DC","2026-09-20T20:00:00.000000",17.1679725646973
"DC","2026-09-20T21:00:00.000000",17.1883125305176
"DC","2026-09-20T22:00:00.000000",17.2029819488525
"DC","2026-09-20T23:00:00.000000",17.216588973999
"DC","2026-09-21T00:00:00.000000",17.2032108306885
"DC","2026-09-21T01:00:00.000000",17.2157783508301
"DC","2026-09-21T02:00:00.000000",17.2459506988525
"DC","2026-09-21T03:00:00.000000",17.2650852203369
"DC","2026-09-21T04:00:00.000000",17.2912502288818
"DC","2026-09-21T05:00:00.000000",17.2912502288818
"DC","2026-09-21T06:00:00.000000",17.2912502288818
"DC","2026-09-21T07:00:00.000000",17.2912502288818
"DC","2026-09-21T08:00:00.000000",17.258451461792
"DC","2026-09-21T09:00:00.000000",17.2468338012695
"DC","2026-09-21T10:00:00.000000",17.2260131835938
"DC","2026-09-21T11:00:00.000000",17.2117557525635
"DC","2026-09-21T12:00:00.000000",17.2342548370361
"DC","2026-09-21T13:00:00.000000",17.2580032348633
"DC","2026-09-21T14:00:00.000000",17.276554107666
"DC","2026-09-21T15:00:00.000000",17.2889060974121
"DC","2026-09-21T16:00:00.000000",17.3410053253174
"DC","2026-09-21T17:00:00.000000",17.3808212280273
"DC","2026-09-21T18:00:00.000000",17.3808212280273
"DC","2026-09-21T19:00:00.000000",17.4702739715576
"DC","2026-09-21T20:00:00.000000",17.4639530181885
"DC","2026-09-21T21:00:00.000000",17.4585475921631
"DC","2026-09-21T22:00:00.000000",17.4460334777832
"DC","2026-09-21T23:00:00.000000",17.4327774047852
"DC","2026-09-22T00:00:00.000000",17.4518337249756
"DC","2026-09-22T01:00:00.000000",17.4617137908936
"DC","2026-09-22T02:00:00.000000",17.5194435119629
"DC","2026-09-22T03:00:00.000000",17.5448970794678
"DC","2026-09-22T04:00:00.000000",17.5590648651123
"DC","2026-09-22T05:00:00.000000",17.559009552002
"DC","2026-09-22T06:00:00.000000",17.559009552002
"DC","2026-09-22T07:00:00.000000",17.559009552002
"DC","2026-09-22T08:00:00.000000",17.559009552002
"DC","2026-09-22T09:00:00.000000",17.4145984649658
"DC","2026-09-22T10:00:00.000000",17.3690795898438
"DC","2026-09-22T11:00:00.000000",17.3396606445312
"DC","2026-09-22T12:00:00.000000",17.3243560791016
"DC","2026-09-22T13:00:00.000000",17.3346672058105
"DC","2026-09-22T14:00:00.000000",17.3548450469971
"DC","2026-09-22T15:00:00.000000",17.3809242248535
"DC","2026-09-22T16:00:00.000000",17.3938961029053
"DC","2026-09-22T17:00:00.000000",17.4176692962646
"DC","2026-09-22T18:00:00.000000",17.4331035614014
"DC","2026-09-22T19:00:00.000000",17.4331035614014
"DC","2026-09-22T20:00:00.000000",17.4785957336426
"DC","2026-09-22T21:00:00.000000",17.4355220794678
"DC","2026-09-22T22:00:00.000000",17.3947086334229
"DC","2026-09-22T23:00:00.000000",17.3528442382812
"DC","2026-09-23T00:00:00.000000",17.3303775787354
"DC","2026-09-23T01:00:00.000000",17.3314952850342
"DC","2026-09-23T02:00:00.000000",17.3604888916016
"DC","2026-09-23T03:00:00.000000",17.3909759521484
"DC","2026-09-23T04:00:00.000000",17.3957271575928
"DC","2026-09-23T05:00:00.000000",17.3521099090576
"DC","2026-09-23T06:00:00.000000",17.3521099090576
"DC","2026-09-23T07:00:00.000000",17.3521099090576
"DC","2026-09-23T08:00:00.000000",17.3521099090576
"DC","2026-09-23T09:00:00.000000",17.3521099090576
"DC","2026-09-23T10:00:00.000000",17.1260166168213
"DC","2026-09-23T11:00:00.000000",17.0677623748779
"DC","2026-09-23T12:00:00.000000",17.0320262908936
"DC","2026-09-23T13:00:00.000000",17.0303382873535
"DC","2026-09-23T14:00:00.000000",17.0471096038818
"DC","2026-09-23T15:00:00.000000",17.0784072875977
"DC","2026-09-23T16:00:00.000000",17.0899429321289
"DC","2026-09-23T17:00:00.000000",17.1156215667725
"DC","2026-09-23T18:00:00.000000",17.1181392669678
"DC","2026-09-23T19:00:00.000000",17.1306228637695
"DC","2026-09-23T20:00:00.000000",17.1306228637695
"DC","2026-09-23T21:00:00.000000",17.1630725860596
"DC","2026-09-23T22:00:00.000000",17.1114234924316
"DC","2026-09-23T23:00:00.000000",17.0719814300537
"DC","2026-09-24T00:00:00.000000",17.0473346710205
"DC","2026-09-24T01:00:00.000000",17.0396308898926
"DC","2026-09-24T02:00:00.000000",17.0418796539307
"DC","2026-09-24T03:00:00.000000",17.0361614227295
"DC","2026-09-24T04:00:00.000000",17.070951461792
"DC","2026-09-24T05:00:00.000000",17.1126136779785
"DC","2026-09-24T06:00:00.000000",17.1196842193604
"DC","2026-09-24T07:00:00.000000",17.1196842193604
"DC","2026-09-24T08:00:00.000000",17.1196842193604
"DC","2026-09-24T09:00:00.000000",17.1196842193604
"DC","2026-09-24T10:00:00.000000",17.0144195556641
"DC","2026-09-24T11:00:00.000000",16.9784984588623
"DC","2026-09-24T12:00:00.000000",17.0185737609863
"DC","2026-09-24T13:00:00.000000",17.0423126220703
"DC","2026-09-24T14:00:00.000000",17.0604610443115
"DC","2026-09-24T15:00:00.000000",17.105110168457
"DC","2026-09-24T16:00:00.000000",17.1675453186035
"DC","2026-09-24T17:00:00.000000",17.2433071136475
"DC","2026-09-24T18:00:00.000000",17.3099689483643
"DC","2026-09-24T19:00:00.000000",17.337459564209
"DC","2026-09-24T20:00:00.000000",17.337459564209
"DC","2026-09-24T21:00:00.000000",17.337459564209
"DC","2026-09-24T22:00:00.000000",17.3943767547607
"DC","2026-09-24T23:00:00.000000",17.3720550537109
"DC","2026-09-25T00:00:00.000000",17.3605041503906
"LH","2026-09-19T00:00:00.000000",18.1977424621582
"LH","2026-09-19T01:00:00.000000",17.1402931213379
"LH","2026-09-19T02:00:00.000000",16.972146987915
"LH","2026-09-19T03:00:00.000000",16.9887962341309
"LH","2026-09-19T04:00:00.000000",16.9887962341309
"LH","2026-09-19T05:00:00.000000",16.9887962341309
"LH","2026-09-19T06:00:00.000000",16.9887962341309
"LH","2026-09-19T07:00:00.000000",16.9219169616699
"LH","2026-09-19T08:00:00.000000",16.9225330352783
"LH","2026-09-19T09:00:00.000000",16.8942680358887
"LH","2026-09-19T10:00:00.000000",16.924259185791
"LH","2026-09-19T11:00:00.000000",16.9287700653076
"LH","2026-09-19T12:00:00.000000",16.9231510162354
"LH","2026-09-19T13:00:00.000000",16.9321708679199
"LH","2026-09-19T14:00:00.000000",16.9605903625488
"LH","2026-09-19T15:00:00.000000",16.9923725128174
"LH","2026-09-19T16:00:00.000000",16.994873046875
"LH","2026-09-19T17:00:00.000000",16.994873046875
"LH","2026-09-19T18:00:00.000000",17.0302543640137
"LH","2026-09-19T19:00:00.000000",17.0526390075684
"LH","2026-09-19T20:00:00.000000",17.0746097564697
"LH","2026-09-19T21:00:00.000000",17.0919055938721
"LH","2026-09-19T22:00:00.000000",17.0944957733154
"LH","2026-09-19T23:00:00.000000",17.0793704986572
"LH","2026-09-20T00:00:00.000000",17.0630416870117
"LH","2026-09-20T01:00:00.000000",16.8583812713623
"LH","2026-09-20T02:00:00.000000",16.8298492431641
"LH","2026-09-20T03:00:00.000000",16.8091106414795
"LH","2026-09-20T04:00:00.000000",16.8408660888672
"LH","2026-09-20T05:00:00.000000",16.8408660888672
"LH","2026-09-20T06:00:00.000000",16.8408660888672
"LH","2026-09-20T07:00:00.000000",16.8619422912598
"LH","2026-09-20T08:00:00.000000",16.8199405670166
"LH","2026-09-20T09:00:00.000000",16.7701721191406
"LH","2026-09-20T10:00:00.000000",16.7042675018311
"LH","2026-09-20T11:00:00.000000",16.7085227966309
"LH","2026-09-20T12:00:00.000000",16.7483825683594
"LH","2026-09-20T13:00:00.000000",16.7887954711914
"LH","2026-09-20T14:00:00.000000",16.8225231170654
"LH","2026-09-20T15:00:00.000000",16.8466281890869
"LH","2026-09-20T16:00:00.000000",16.8602085113525
"LH","2026-09-20T17:00:00.000000",16.8737468719482
"LH","2026-09-20T18:00:00.000000",16.8701915740967
"LH","2026-09-20T19:00:00.000000",16.869010925293
"LH","2026-09-20T20:00:00.000000",16.8251857757568
"LH","2026-09-20T21:00:00.000000",16.7750930786133
"LH","2026-09-20T22:00:00.000000",16.7713603973389
"LH","2026-09-20T23:00:00.000000",16.7718505859375
"LH","2026-09-21T00:00:00.000000",16.7768974304199
"LH","2026-09-21T01:00:00.000000",16.6349506378174
"LH","2026-09-21T02:00:00.000000",16.6135311126709
"LH","2026-09-21T03:00:00.000000",16.6312713623047
"LH","2026-09-21T04:00:00.000000",16.6545352935791
"LH","2026-09-21T05:00:00.000000",16.6778221130371
"LH","2026-09-21T06:00:00.000000",16.6780681610107
"LH","2026-09-21T07:00:00.000000",16.6780681610107
"LH","2026-09-21T08:00:00.000000",16.6359825134277
"LH","2026-09-21T09:00:00.000000",16.6073150634766
"LH","2026-09-21T10:00:00.000000",16.604907989502
"LH","2026-09-21T11:00:00.000000",16.6109676361084
"LH","2026-09-21T12:00:00.000000",16.6126689910889
"LH","2026-09-21T13:00:00.000000",16.6261825561523
"LH","2026-09-21T14:00:00.000000",16.639123916626
"LH","2026-09-21T15:00:00.000000",16.6515312194824
"LH","2026-09-21T16:00:00.000000",16.6659297943115
"LH","2026-09-21T17:00:00.000000",16.6786918640137
"LH","2026-09-21T18:00:00.000000",16.6974830627441
"LH","2026-09-21T19:00:00.000000",16.7170543670654
"LH","2026-09-21T20:00:00.000000",16.7891654968262
"LH","2026-09-21T21:00:00.000000",16.7681865692139
"LH","2026-09-21T22:00:00.000000",16.7592601776123
"LH","2026-09-21T23:00:00.000000",16.8043327331543
"LH","2026-09-22T00:00:00.000000",16.8210697174072
"LH","2026-09-22T01:00:00.000000",16.7876052856445
"LH","2026-09-22T02:00:00.000000",16.7935161590576
"LH","2026-09-22T03:00:00.000000",16.8189640045166
"LH","2026-09-22T04:00:00.000000",16.8526058197021
"LH","2026-09-22T05:00:00.000000",16.9037342071533
"LH","2026-09-22T06:00:00.000000",16.9257259368896
"LH","2026-09-22T07:00:00.000000",16.9257259368896
"LH","2026-09-22T08:00:00.000000",16.9257259368896
"LH","2026-09-22T09:00:00.000000",16.7923183441162
"LH","2026-09-22T10:00:00.000000",16.7442779541016
"LH","2026-09-22T11:00:00.000000",16.7597942352295
"LH","2026-09-22T12:00:00.000000",16.7604217529297
"LH","2026-09-22T13:00:00.000000",16.7614116668701
"LH","2026-09-22T14:00:00.000000",16.7596912384033
"LH","2026-09-22T15:00:00.000000",16.7319355010986
"LH","2026-09-22T16:00:00.000000",16.7685565948486
"LH","2026-09-22T17:00:00.000000",16.7964973449707
"LH","2026-09-22T18:00:00.000000",16.8382740020752
"LH","2026-09-22T19:00:00.000000",16.8436279296875
"LH","2026-09-22T20:00:00.000000",16.8436279296875
"LH","2026-09-22T21:00:00.000000",16.8683834075928
"LH","2026-09-22T22:00:00.000000",16.8550109863281
"LH","2026-09-22T23:00:00.000000",16.8997650146484
"LH","2026-09-23T00:00:00.000000",16.9202327728271
"LH","2026-09-23T01:00:00.000000",16.919641494751
"LH","2026-09-23T02:00:00.000000",16.9007511138916
"LH","2026-09-23T03:00:00.000000",16.8899040222168
"LH","2026-09-23T04:00:00.000000",16.8750438690186
"LH","2026-09-23T05:00:00.000000",16.8700790405273
"LH","2026-09-23T06:00:00.000000",16.8813056945801
"LH","2026-09-23T07:00:00.000000",16.891788482666
"LH","2026-09-23T08:00:00.000000",16.891788482666
"LH","2026-09-23T09:00:00.000000",16.891788482666
"LH","2026-09-23T10:00:00.000000",16.8384838104248
"LH","2026-09-23T11:00:00.000000",16.8380317687988
"LH","2026-09-23T12:00:00.000000",16.7853145599365
"LH","2026-09-23T13:00:00.000000",16.7790393829346
"LH","2026-09-23T14:00:00.000000",16.8156833648682
"LH","2026-09-23T15:00:00.000000",16.8416500091553
"LH","2026-09-23T16:00:00.000000",16.8075466156006
"LH","2026-09-23T17:00:00.000000",16.8128337860107
"LH","2026-09-23T18:00:00.000000",16.8415908813477
"LH","2026-09-23T19:00:00.000000",16.8704204559326
"LH","2026-09-23T20:00:00.000000",16.8869915008545
"LH","2026-09-23T21:00:00.000000",16.8919868469238
"LH","2026-09-23T22:00:00.000000",16.9491024017334
"LH","2026-09-23T23:00:00.000000",16.965124130249
"LH","2026-09-24T00:00:00.000000",16.9851913452148
"LH","2026-09-24T01:00:00.000000",16.9852085113525
"LH","2026-09-24T02:00:00.000000",16.9869709014893
"LH","2026-09-24T03:00:00.000000",16.9878845214844
"LH","2026-09-24T04:00:00.000000",16.9715328216553
"LH","2026-09-24T05:00:00.000000",16.9446659088135
"LH","2026-09-24T06:00:00.000000",16.9286460876465
"LH","2026-09-24T07:00:00.000000",16.9310474395752
"LH","2026-09-24T08:00:00.000000",16.9386539459229
"LH","2026-09-24T09:00:00.000000",16.9386539459229
"LH","2026-09-24T10:00:00.000000",16.9392375946045
"LH","2026-09-24T11:00:00.000000",16.9414367675781
"LH","2026-09-24T12:00:00.000000",16.8880500793457
"LH","2026-09-24T13:00:00.000000",16.8459224700928
"LH","2026-09-24T14:00:00.000000",16.8438625335693
"LH","2026-09-24T15:00:00.000000",16.9141540527344
"LH","2026-09-24T16:00:00.000000",16.9064292907715
"LH","2026-09-24T17:00:00.000000",16.8844738006592
"LH","2026-09-24T18:00:00.000000",16.8930702209473
"LH","2026-09-24T19:00:00.000000",16.9148540496826
"LH","2026-09-24T20:00:00.000000",16.930025100708
"LH","2026-09-24T21:00:00.000000",16.930025100708
"LH","2026-09-24T22:00:00.000000",16.9471435546875
"LH","2026-09-24T23:00:00.000000",16.9954929351807
"LH","2026-09-25T00:00:00.000000",16.9905166625977
"NB","2026-09-19T00:00:00.000000",18.0091094970703
"NB","2026-09-19T01:00:00.000000",17.3857936859131
"NB","2026-09-19T02:00:00.000000",17.3652763366699
"NB","2026-09-19T03:00:00.000000",17.3823928833008
"NB","2026-09-19T04:00:00.000000",17.2620906829834
"NB","2026-09-19T05:00:00.000000",17.3349361419678
"NB","2026-09-19T06:00:00.000000",17.2533645629883
"NB","2026-09-19T07:00:00.000000",17.1715259552002
"NB","2026-09-19T08:00:00.000000",17.0514678955078
"NB","2026-09-19T09:00:00.000000",16.9796199798584
"NB","2026-09-19T10:00:00.000000",16.9202518463135
"NB","2026-09-19T11:00:00.000000",16.8737277984619
"NB","2026-09-19T12:00:00.000000",16.8332767486572
"NB","2026-09-19T13:00:00.000000",16.8143577575684
"NB","2026-09-19T14:00:00.000000",16.8311824798584
"NB","2026-09-19T15:00:00.000000",16.8552436828613
"NB","2026-09-19T16:00:00.000000",16.8664360046387
"NB","2026-09-19T17:00:00.000000",16.8737125396729
"NB","2026-09-19T18:00:00.000000",16.8918132781982
"NB","2026-09-19T19:00:00.000000",16.9172229766846
"NB","2026-09-19T20:00:00.000000",16.9526042938232
"NB","2026-09-19T21:00:00.000000",16.9846992492676
"NB","2026-09-19T22:00:00.000000",17.0047874450684
"NB","2026-09-19T23:00:00.000000",17.0233192443848
"NB","2026-09-20T00:00:00.000000",17.0411758422852
"NB","2026-09-20T01:00:00.000000",16.7759323120117
"NB","2026-09-20T02:00:00.000000",16.730640411377
"NB","2026-09-20T03:00:00.000000",16.7373065948486
"NB","2026-09-20T04:00:00.000000",16.7317276000977
"NB","2026-09-20T05:00:00.000000",16.6826229095459
"NB","2026-09-20T06:00:00.000000",16.6173725128174
"NB","2026-09-20T07:00:00.000000",16.5845642089844
"NB","2026-09-20T08:00:00.000000",16.5671119689941
"NB","2026-09-20T09:00:00.000000",16.5585441589355
"NB","2026-09-20T10:00:00.000000",16.559534072876
"NB","2026-09-20T11:00:00.000000",16.5707035064697
"NB","2026-09-20T12:00:00.000000",16.5904636383057
"NB","2026-09-20T13:00:00.000000",16.6229152679443
"NB","2026-09-20T14:00:00.000000",16.6569347381592
"NB","2026-09-20T15:00:00.000000",16.6962242126465
"NB","2026-09-20T16:00:00.000000",16.7067737579346
"NB","2026-09-20T17:00:00.000000",16.7075939178467
"NB","2026-09-20T18:00:00.000000",16.7089939117432
"NB","2026-09-20T19:00:00.000000",16.7068862915039
"NB","2026-09-20T20:00:00.000000",16.7088642120361
"NB","2026-09-20T21:00:00.000000",16.7194328308105
"NB","2026-09-20T22:00:00.000000",16.731071472168
"NB","2026-09-20T23:00:00.000000",16.7426013946533
"NB","2026-09-21T00:00:00.000000",16.7544250488281
"NB","2026-09-21T01:00:00.000000",16.7573757171631
"NB","2026-09-21T02:00:00.000000",16.7736911773682
"NB","2026-09-21T03:00:00.000000",16.7936935424805
"NB","2026-09-21T04:00:00.000000",16.7985057830811
"NB","2026-09-21T05:00:00.000000",16.7992267608643
"NB","2026-09-21T06:00:00.000000",16.8255844116211
"NB","2026-09-21T07:00:00.000000",16.8296775817871
"NB","2026-09-21T08:00:00.000000",16.8218822479248
"NB","2026-09-21T09:00:00.000000",16.8143920898438
"NB","2026-09-21T10:00:00.000000",16.7897357940674
"NB","2026-09-21T11:00:00.000000",16.7743644714355
"NB","2026-09-21T12:00:00.000000",16.7690734863281
"NB","2026-09-21T13:00:00.000000",16.7620277404785
"NB","2026-09-21T14:00:00.000000",16.7499732971191
"NB","2026-09-21T15:00:00.000000",16.7509860992432
"NB","2026-09-21T16:00:00.000000",16.7769317626953
"NB","2026-09-21T17:00:00.000000",16.7981948852539
"NB","2026-09-21T18:00:00.000000",16.8151950836182
"NB","2026-09-21T19:00:00.000000",16.833625793457
"NB","2026-09-21T20:00:00.000000",16.8582992553711
"NB","2026-09-21T21:00:00.000000",16.880578994751
"NB","2026-09-21T22:00:00.000000",16.8980522155762
"NB","2026-09-21T23:00:00.000000",16.9110374450684
"NB","2026-09-22T00:00:00.000000",16.9204559326172
"NB","2026-09-22T01:00:00.000000",16.9391174316406
"NB","2026-09-22T02:00:00.000000",16.9505100250244
"NB","2026-09-22T03:00:00.000000",16.9722785949707
"NB","2026-09-22T04:00:00.000000",17.0341854095459
"NB","2026-09-22T05:00:00.000000",17.0374431610107
"NB","2026-09-22T06:00:00.000000",17.0252914428711
"NB","2026-09-22T07:00:00.000000",17.0140056610107
"NB","2026-09-22T08:00:00.000000",16.9902362823486
"NB","2026-09-22T09:00:00.000000",16.977071762085
"NB","2026-09-22T10:00:00.000000",16.9457855224609
"NB","2026-09-22T11:00:00.000000",16.9218883514404
"NB","2026-09-22T12:00:00.000000",16.8937282562256
"NB","2026-09-22T13:00:00.000000",16.9019870758057
"NB","2026-09-22T14:00:00.000000",16.9235382080078
"NB","2026-09-22T15:00:00.000000",16.9362850189209
"NB","2026-09-22T16:00:00.000000",16.9362297058105
"NB","2026-09-22T17:00:00.000000",16.9355697631836
"NB","2026-09-22T18:00:00.000000",16.9353733062744
"NB","2026-09-22T19:00:00.000000",16.9355792999268
"NB","2026-09-22T20:00:00.000000",16.9355792999268
"NB","2026-09-22T21:00:00.000000",16.9355792999268
"NB","2026-09-22T22:00:00.000000",16.9380016326904
"NB","2026-09-22T23:00:00.000000",16.9396724700928
"NB","2026-09-23T00:00:00.000000",16.9396724700928
"NB","2026-09-23T01:00:00.000000",16.9396724700928
"NB","2026-09-23T02:00:00.000000",16.9472064971924
"NB","2026-09-23T03:00:00.000000",16.9654216766357
"NB","2026-09-23T04:00:00.000000",16.9837322235107
"NB","2026-09-23T05:00:00.000000",16.9903697967529
"NB","2026-09-23T06:00:00.000000",16.9899654388428
"NB","2026-09-23T07:00:00.000000",16.9899501800537
"NB","2026-09-23T08:00:00.000000",16.9860820770264
"NB","2026-09-23T09:00:00.000000",16.96311378479
"NB","2026-09-23T10:00:00.000000",16.9246044158936
"NB","2026-09-23T11:00:00.000000",16.8828601837158
"NB","2026-09-23T12:00:00.000000",16.8392772674561
"NB","2026-09-23T13:00:00.000000",16.8014259338379
"NB","2026-09-23T14:00:00.000000",16.7700939178467
"NB","2026-09-23T15:00:00.000000",16.7571830749512
"NB","2026-09-23T16:00:00.000000",16.7641830444336
"NB","2026-09-23T17:00:00.000000",16.7922325134277
"NB","2026-09-23T18:00:00.000000",16.8403701782227
"NB","2026-09-23T19:00:00.000000",16.8614807128906
"NB","2026-09-23T20:00:00.000000",16.8805389404297
"NB","2026-09-23T21:00:00.000000",16.887393951416
"NB","2026-09-23T22:00:00.000000",16.8858623504639
"NB","2026-09-23T23:00:00.000000",16.885763168335
"NB","2026-09-24T00:00:00.000000",16.8857555389404
"NB","2026-09-24T01:00:00.000000",16.8839702606201
"NB","2026-09-24T02:00:00.000000",16.8816623687744
"NB","2026-09-24T03:00:00.000000",16.8835182189941
"NB","2026-09-24T04:00:00.000000",16.8932285308838
"NB","2026-09-24T05:00:00.000000",16.9011383056641
"NB","2026-09-24T06:00:00.000000",16.911060333252
"NB","2026-09-24T07:00:00.000000",16.9060115814209
"NB","2026-09-24T08:00:00.000000",16.9055233001709
"NB","2026-09-24T09:00:00.000000",16.8926086425781
"NB","2026-09-24T10:00:00.000000",16.8621730804443
"NB","2026-09-24T11:00:00.000000",16.8100566864014
"NB","2026-09-24T12:00:00.000000",16.7485961914062
"NB","2026-09-24T13:00:00.000000",16.702600479126
"NB","2026-09-24T14:00:00.000000",16.6888027191162
"NB","2026-09-24T15:00:00.000000",16.6899700164795
"NB","2026-09-24T16:00:00.000000",16.7100353240967
"NB","2026-09-24T17:00:00.000000",16.735668182373
"NB","2026-09-24T18:00:00.000000",16.7777900695801
"NB","2026-09-24T19:00:00.000000",16.8002223968506
"NB","2026-09-24T20:00:00.000000",16.8078899383545
"NB","2026-09-24T21:00:00.000000",16.8083057403564
"NB","2026-09-24T22:00:00.000000",16.8083057403564
"NB","2026-09-24T23:00:00.000000",16.8086090087891
"NB","2026-09-25T00:00:00.000000",16.8069934844971
"PC","2026-09-19T00:00:00.000000",18.9680194854736
"PC","2026-09-19T01:00:00.000000",18.2433052062988
"PC","2026-09-19T02:00:00.000000",18.1379699707031
"PC","2026-09-19T03:00:00.000000",18.1369590759277
"PC","2026-09-19T04:00:00.000000",18.1373558044434
"PC","2026-09-19T05:00:00.000000",18.1371288299561
"PC","2026-09-19T06:00:00.000000",18.1371288299561
"PC","2026-09-19T07:00:00.000000",18.1371917724609
"PC","2026-09-19T08:00:00.000000",18.13720703125
"PC","2026-09-19T09:00:00.000000",18.1659698486328
"PC","2026-09-19T10:00:00.000000",18.0644817352295
"PC","2026-09-19T11:00:00.000000",18.1149578094482
"PC","2026-09-19T12:00:00.000000",18.1472282409668
"PC","2026-09-19T13:00:00.000000",18.1488647460938
"PC","2026-09-19T14:00:00.000000",18.149169921875
"PC","2026-09-19T15:00:00.000000",18.1496410369873
"PC","2026-09-19T16:00:00.000000",18.1496524810791
"PC","2026-09-19T17:00:00.000000",18.1495838165283
"PC","2026-09-19T18:00:00.000000",18.1495819091797
"PC","2026-09-19T19:00:00.000000",18.1495819091797
"PC","2026-09-19T20:00:00.000000",18.1775150299072
"PC","2026-09-19T21:00:00.000000",18.1432399749756
"PC","2026-09-19T22:00:00.000000",18.1033477783203
"PC","2026-09-19T23:00:00.000000",18.1121006011963
"PC","2026-09-20T00:00:00.000000",18.1433525085449
"PC","2026-09-20T01:00:00.000000",18.0663509368896
"PC","2026-09-20T02:00:00.000000",18.0586090087891
"PC","2026-09-20T03:00:00.000000",18.0614185333252
"PC","2026-09-20T04:00:00.000000",18.0630054473877
"PC","2026-09-20T05:00:00.000000",18.0641536712646
"PC","2026-09-20T06:00:00.000000",18.0650310516357
"PC","2026-09-20T07:00:00.000000",18.0657978057861
"PC","2026-09-20T08:00:00.000000",18.066577911377
"PC","2026-09-20T09:00:00.000000",18.0689353942871
"PC","2026-09-20T10:00:00.000000",18.0533237457275
"PC","2026-09-20T11:00:00.000000",17.9484214782715
"PC","2026-09-20T12:00:00.000000",17.9816741943359
"PC","2026-09-20T13:00:00.000000",18.0350437164307
"PC","2026-09-20T14:00:00.000000",18.0615577697754
"PC","2026-09-20T15:00:00.000000",18.0695381164551
"PC","2026-09-20T16:00:00.000000",18.0704383850098
"PC","2026-09-20T17:00:00.000000",18.0706977844238
"PC","2026-09-20T18:00:00.000000",18.0708026885986
"PC","2026-09-20T19:00:00.000000",18.070894241333
"PC","2026-09-20T20:00:00.000000",18.0701179504395
"PC","2026-09-20T21:00:00.000000",18.0733661651611
"PC","2026-09-20T22:00:00.000000",18.0067825317383
"PC","2026-09-20T23:00:00.000000",17.9639472961426
"PC","2026-09-21T00:00:00.000000",17.9605255126953
"PC","2026-09-21T01:00:00.000000",17.8470287322998
"PC","2026-09-21T02:00:00.000000",17.859790802002
"PC","2026-09-21T03:00:00.000000",17.8695774078369
"PC","2026-09-21T04:00:00.000000",17.8699932098389
"PC","2026-09-21T05:00:00.000000",17.8699951171875
"PC","2026-09-21T06:00:00.000000",17.8699932098389
"PC","2026-09-21T07:00:00.000000",17.8700256347656
"PC","2026-09-21T08:00:00.000000",17.8700542449951
"PC","2026-09-21T09:00:00.000000",17.8700580596924
"PC","2026-09-21T10:00:00.000000",17.8558540344238
"PC","2026-09-21T11:00:00.000000",17.8604526519775
"PC","2026-09-21T12:00:00.000000",17.8212451934814
"PC","2026-09-21T13:00:00.000000",17.835205078125
"PC","2026-09-21T14:00:00.000000",17.8546009063721
"PC","2026-09-21T15:00:00.000000",17.8640518188477
"PC","2026-09-21T16:00:00.000000",17.8674755096436
"PC","2026-09-21T17:00:00.000000",17.8676605224609
"PC","2026-09-21T18:00:00.000000",17.8678646087646
"PC","2026-09-21T19:00:00.000000",17.8681468963623
"PC","2026-09-21T20:00:00.000000",17.8682079315186
"PC","2026-09-21T21:00:00.000000",17.8682403564453
"PC","2026-09-21T22:00:00.000000",17.89137840271
"PC","2026-09-21T23:00:00.000000",17.9452476501465
"PC","2026-09-22T00:00:00.000000",17.955265045166
"PC","2026-09-22T01:00:00.000000",17.9522342681885
"PC","2026-09-22T02:00:00.000000",17.9315319061279
"PC","2026-09-22T03:00:00.000000",17.9068241119385
"PC","2026-09-22T04:00:00.000000",17.9018096923828
"PC","2026-09-22T05:00:00.000000",17.9020938873291
"PC","2026-09-22T06:00:00.000000",17.9024829864502
"PC","2026-09-22T07:00:00.000000",17.9026355743408
"PC","2026-09-22T08:00:00.000000",17.9026470184326
"PC","2026-09-22T09:00:00.000000",17.9026489257812
"PC","2026-09-22T10:00:00.000000",17.9026355743408
"PC","2026-09-22T11:00:00.000000",17.9202556610107
"PC","2026-09-22T12:00:00.000000",17.9273281097412
"PC","2026-09-22T13:00:00.000000",17.8405818939209
"PC","2026-09-22T14:00:00.000000",17.8707313537598
"PC","2026-09-22T15:00:00.000000",17.9093418121338
"PC","2026-09-22T16:00:00.000000",17.9134674072266
"PC","2026-09-22T17:00:00.000000",17.9133129119873
"PC","2026-09-22T18:00:00.000000",17.9131450653076
"PC","2026-09-22T19:00:00.000000",17.9130992889404
"PC","2026-09-22T20:00:00.000000",17.9129943847656
"PC","2026-09-22T21:00:00.000000",17.9129009246826
"PC","2026-09-22T22:00:00.000000",17.9124546051025
"PC","2026-09-22T23:00:00.000000",17.927640914917
"PC","2026-09-23T00:00:00.000000",17.9333515167236
"PC","2026-09-23T01:00:00.000000",17.9064598083496
"PC","2026-09-23T02:00:00.000000",17.9034481048584
"PC","2026-09-23T03:00:00.000000",17.9222927093506
"PC","2026-09-23T04:00:00.000000",17.9253940582275
"PC","2026-09-23T05:00:00.000000",17.925048828125
"PC","2026-09-23T06:00:00.000000",17.9250469207764
"PC","2026-09-23T07:00:00.000000",17.9251098632812
"PC","2026-09-23T08:00:00.000000",17.9251079559326
"PC","2026-09-23T09:00:00.000000",17.9251403808594
"PC","2026-09-23T10:00:00.000000",17.9251384735107
"PC","2026-09-23T11:00:00.000000",17.9254512786865
"PC","2026-09-23T12:00:00.000000",17.9258460998535
"PC","2026-09-23T13:00:00.000000",17.781457901001
"PC","2026-09-23T14:00:00.000000",17.7516784667969
"PC","2026-09-23T15:00:00.000000",17.7867412567139
"PC","2026-09-23T16:00:00.000000",17.8794002532959
"PC","2026-09-23T17:00:00.000000",17.9039630889893
"PC","2026-09-23T18:00:00.000000",17.9080200195312
"PC","2026-09-23T19:00:00.000000",17.9080505371094
"PC","2026-09-23T20:00:00.000000",17.9080638885498
"PC","2026-09-23T21:00:00.000000",17.9080810546875
"PC","2026-09-23T22:00:00.000000",17.9080810546875
"PC","2026-09-23T23:00:00.000000",17.9010524749756
"PC","2026-09-24T00:00:00.000000",17.9073925018311
"PC","2026-09-24T01:00:00.000000",17.8421306610107
"PC","2026-09-24T02:00:00.000000",17.8218612670898
"PC","2026-09-24T03:00:00.000000",17.8172302246094
"PC","2026-09-24T04:00:00.000000",17.8728179931641
"PC","2026-09-24T05:00:00.000000",17.9021873474121
"PC","2026-09-24T06:00:00.000000",17.9058818817139
"PC","2026-09-24T07:00:00.000000",17.9058818817139
"PC","2026-09-24T08:00:00.000000",17.9058513641357
"PC","2026-09-24T09:00:00.000000",17.9058513641357
"PC","2026-09-24T10:00:00.000000",17.9058532714844
"PC","2026-09-24T11:00:00.000000",17.9058513641357
"PC","2026-09-24T12:00:00.000000",17.8967590332031
"PC","2026-09-24T13:00:00.000000",17.8243083953857
"PC","2026-09-24T14:00:00.000000",17.6671581268311
"PC","2026-09-24T15:00:00.000000",17.6612606048584
"PC","2026-09-24T16:00:00.000000",17.7250499725342
"PC","2026-09-24T17:00:00.000000",17.835729598999
"PC","2026-09-24T18:00:00.000000",17.8573989868164
"PC","2026-09-24T19:00:00.000000",17.862699508667
"PC","2026-09-24T20:00:00.000000",17.8636512756348
"PC","2026-09-24T21:00:00.000000",17.864933013916
"PC","2026-09-24T22:00:00.000000",17.8657684326172
"PC","2026-09-24T23:00:00.000000",17.8659992218018
"PC","2026-09-25T00:00:00.000000",17.8426818847656
"PV","2026-09-19T00:00:00.000000",18.3209533691406
"PV","2026-09-19T01:00:00.000000",17.2125663757324
"PV","2026-09-19T02:00:00.000000",17.0640735626221
"PV","2026-09-19T03:00:00.000000",17.0719394683838
"PV","2026-09-19T04:00:00.000000",17.0754947662354
"PV","2026-09-19T05:00:00.000000",17.0627422332764
"PV","2026-09-19T06:00:00.000000",17.050537109375
"PV","2026-09-19T07:00:00.000000",17.0504512786865
"PV","2026-09-19T08:00:00.000000",17.0381679534912
"PV","2026-09-19T09:00:00.000000",17.0206680297852
"PV","2026-09-19T10:00:00.000000",16.999397277832
"PV","2026-09-19T11:00:00.000000",16.9809265136719
"PV","2026-09-19T12:00:00.000000",16.9667434692383
"PV","2026-09-19T13:00:00.000000",16.9716987609863
"PV","2026-09-19T14:00:00.000000",16.9688262939453
"PV","2026-09-19T15:00:00.000000",16.9801273345947
"PV","2026-09-19T16:00:00.000000",16.960319519043
"PV","2026-09-19T17:00:00.000000",16.9263896942139
"PV","2026-09-19T18:00:00.000000",16.939058303833
"PV","2026-09-19T19:00:00.000000",16.9628124237061
"PV","2026-09-19T20:00:00.000000",16.9693851470947
"PV","2026-09-19T21:00:00.000000",16.9700469970703
"PV","2026-09-19T22:00:00.000000",16.9730224609375
"PV","2026-09-19T23:00:00.000000",16.9864444732666
"PV","2026-09-20T00:00:00.000000",17.0011920928955
"PV","2026-09-20T01:00:00.000000",16.8099460601807
"PV","2026-09-20T02:00:00.000000",16.805549621582
"PV","2026-09-20T03:00:00.000000",16.8099422454834
"PV","2026-09-20T04:00:00.000000",16.8117446899414
"PV","2026-09-20T05:00:00.000000",16.8141689300537
"PV","2026-09-20T06:00:00.000000",16.8165397644043
"PV","2026-09-20T07:00:00.000000",16.8215484619141
"PV","2026-09-20T08:00:00.000000",16.820951461792
"PV","2026-09-20T09:00:00.000000",16.8216075897217
"PV","2026-09-20T10:00:00.000000",16.8244552612305
"PV","2026-09-20T11:00:00.000000",16.822961807251
"PV","2026-09-20T12:00:00.000000",16.8182201385498
"PV","2026-09-20T13:00:00.000000",16.8090190887451
"PV","2026-09-20T14:00:00.000000",16.8069515228271
"PV","2026-09-20T15:00:00.000000",16.8143100738525
"PV","2026-09-20T16:00:00.000000",16.8163776397705
"PV","2026-09-20T17:00:00.000000",16.7951831817627
"PV","2026-09-20T18:00:00.000000",16.7890625
"PV","2026-09-20T19:00:00.000000",16.785551071167
"PV","2026-09-20T20:00:00.000000",16.7816123962402
"PV","2026-09-20T21:00:00.000000",16.7821197509766
"PV","2026-09-20T22:00:00.000000",16.7828712463379
"PV","2026-09-20T23:00:00.000000",16.7823429107666
"PV","2026-09-21T00:00:00.000000",16.7892875671387
"PV","2026-09-21T01:00:00.000000",16.5629825592041
"PV","2026-09-21T02:00:00.000000",16.5494289398193
"PV","2026-09-21T03:00:00.000000",16.5732517242432
"PV","2026-09-21T04:00:00.000000",16.5845241546631
"PV","2026-09-21T05:00:00.000000",16.5887508392334
"PV","2026-09-21T06:00:00.000000",16.5919170379639
"PV","2026-09-21T07:00:00.000000",16.5921421051025
"PV","2026-09-21T08:00:00.000000",16.606746673584
"PV","2026-09-21T09:00:00.000000",16.6042060852051
"PV","2026-09-21T10:00:00.000000",16.6018848419189
"PV","2026-09-21T11:00:00.000000",16.5995445251465
"PV","2026-09-21T12:00:00.000000",16.5996856689453
"PV","2026-09-21T13:00:00.000000",16.5993957519531
"PV","2026-09-21T14:00:00.000000",16.5977935791016
"PV","2026-09-21T15:00:00.000000",16.6032276153564
"PV","2026-09-21T16:00:00.000000",16.6109619140625
"PV","2026-09-21T17:00:00.000000",16.6327800750732
"PV","2026-09-21T18:00:00.000000",16.6442794799805
"PV","2026-09-21T19:00:00.000000",16.6798648834229
"PV","2026-09-21T20:00:00.000000",16.7475967407227
"PV","2026-09-21T21:00:00.000000",16.7731590270996
"PV","2026-09-21T22:00:00.000000",16.7757301330566
"PV","2026-09-21T23:00:00.000000",16.7700996398926
"PV","2026-09-22T00:00:00.000000",16.7574024200439
"PV","2026-09-22T01:00:00.000000",16.7708263397217
"PV","2026-09-22T02:00:00.000000",16.7846355438232
"PV","2026-09-22T03:00:00.000000",16.7882137298584
"PV","2026-09-22T04:00:00.000000",16.8023891448975
"PV","2026-09-22T05:00:00.000000",16.8131237030029
"PV","2026-09-22T06:00:00.000000",16.8131237030029
"PV","2026-09-22T07:00:00.000000",16.8131237030029
"PV","2026-09-22T08:00:00.000000",16.8131237030029
"PV","2026-09-22T09:00:00.000000",16.8130779266357
"PV","2026-09-22T10:00:00.000000",16.8130779266357
"PV","2026-09-22T11:00:00.000000",16.8130779266357
"PV","2026-09-22T12:00:00.000000",16.8112163543701
"PV","2026-09-22T13:00:00.000000",16.8024597167969
"PV","2026-09-22T14:00:00.000000",16.7936706542969
"PV","2026-09-22T15:00:00.000000",16.7916412353516
"PV","2026-09-22T16:00:00.000000",16.799144744873
"PV","2026-09-22T17:00:00.000000",16.8514995574951
"PV","2026-09-22T18:00:00.000000",16.8712253570557
"PV","2026-09-22T19:00:00.000000",16.8834571838379
"PV","2026-09-22T20:00:00.000000",16.9214534759521
"PV","2026-09-22T21:00:00.000000",16.9647369384766
"PV","2026-09-22T22:00:00.000000",16.9647369384766
"PV","2026-09-22T23:00:00.000000",16.9647350311279
"PV","2026-09-23T00:00:00.000000",16.9643325805664
"PV","2026-09-23T01:00:00.000000",16.9569892883301
"PV","2026-09-23T02:00:00.000000",16.9524116516113
"PV","2026-09-23T03:00:00.000000",16.9512176513672
"PV","2026-09-23T04:00:00.000000",16.955738067627
"PV","2026-09-23T05:00:00.000000",16.9646892547607
"PV","2026-09-23T06:00:00.000000",16.9646148681641
"PV","2026-09-23T07:00:00.000000",16.9646148681641
"PV","2026-09-23T08:00:00.000000",16.9646148681641
"PV","2026-09-23T09:00:00.000000",16.9647350311279
"PV","2026-09-23T10:00:00.000000",16.9647350311279
"PV","2026-09-23T11:00:00.000000",16.9647350311279
"PV","2026-09-23T12:00:00.000000",16.9647350311279
"PV","2026-09-23T13:00:00.000000",16.9647254943848
"PV","2026-09-23T14:00:00.000000",16.9609355926514
"PV","2026-09-23T15:00:00.000000",16.9579124450684
"PV","2026-09-23T16:00:00.000000",16.9582633972168
"PV","2026-09-23T17:00:00.000000",16.9892101287842
"PV","2026-09-23T18:00:00.000000",17.04958152771
"PV","2026-09-23T19:00:00.000000",17.062479019165
"PV","2026-09-23T20:00:00.000000",17.0750179290771
"PV","2026-09-23T21:00:00.000000",17.0750102996826
"PV","2026-09-23T22:00:00.000000",17.0526580810547
"PV","2026-09-23T23:00:00.000000",17.0163326263428
"PV","2026-09-24T00:00:00.000000",16.9976749420166
"PV","2026-09-24T01:00:00.000000",16.9858207702637
"PV","2026-09-24T02:00:00.000000",16.9841823577881
"PV","2026-09-24T03:00:00.000000",16.9928417205811
"PV","2026-09-24T04:00:00.000000",17.007251739502
"PV","2026-09-24T05:00:00.000000",17.0266666412354
"PV","2026-09-24T06:00:00.000000",17.0555953979492
"PV","2026-09-24T07:00:00.000000",17.0564346313477
"PV","2026-09-24T08:00:00.000000",17.0560665130615
"PV","2026-09-24T09:00:00.000000",17.0564727783203
"PV","2026-09-24T10:00:00.000000",17.0487442016602
"PV","2026-09-24T11:00:00.000000",17.0086860656738
"PV","2026-09-24T12:00:00.000000",16.9552764892578
"PV","2026-09-24T13:00:00.000000",16.9275417327881
"PV","2026-09-24T14:00:00.000000",16.9185543060303
"PV","2026-09-24T15:00:00.000000",16.9281826019287
"PV","2026-09-24T16:00:00.000000",16.9427280426025
"PV","2026-09-24T17:00:00.000000",16.9661293029785
"PV","2026-09-24T18:00:00.000000",16.9968776702881
"PV","2026-09-24T19:00:00.000000",16.9968776702881
"PV","2026-09-24T20:00:00.000000",16.9968776702881
"PV","2026-09-24T21:00:00.000000",17.0027542114258
"PV","2026-09-24T22:00:00.000000",17.0099544525146
"PV","2026-09-24T23:00:00.000000",16.9970760345459
"PV","2026-09-25T00:00:00.000000",16.9826030731201
"SH","2026-09-19T00:00:00.000000",19.0022068023682
"SH","2026-09-19T01:00:00.000000",18.1524753570557
"SH","2026-09-19T02:00:00.000000",18.0541191101074
"SH","2026-09-19T03:00:00.000000",18.0476894378662
"SH","2026-09-19T04:00:00.000000",18.0476894378662
"SH","2026-09-19T05:00:00.000000",18.0476894378662
"SH","2026-09-19T06:00:00.000000",18.0323123931885
"SH","2026-09-19T07:00:00.000000",18.0309524536133
"SH","2026-09-19T08:00:00.000000",18.0402488708496
"SH","2026-09-19T09:00:00.000000",18.0022563934326
"SH","2026-09-19T10:00:00.000000",17.9834613800049
"SH","2026-09-19T11:00:00.000000",17.9770412445068
"SH","2026-09-19T12:00:00.000000",17.9923839569092
"SH","2026-09-19T13:00:00.000000",18.0108776092529
"SH","2026-09-19T14:00:00.000000",18.0303440093994
"SH","2026-09-19T15:00:00.000000",18.0380935668945
"SH","2026-09-19T16:00:00.000000",18.0348529815674
"SH","2026-09-19T17:00:00.000000",17.9881782531738
"SH","2026-09-19T18:00:00.000000",17.9810390472412
"SH","2026-09-19T19:00:00.000000",17.9911479949951
"SH","2026-09-19T20:00:00.000000",18.0080165863037
"SH","2026-09-19T21:00:00.000000",18.0363464355469
"SH","2026-09-19T22:00:00.000000",18.0602245330811
"SH","2026-09-19T23:00:00.000000",18.0758266448975
"SH","2026-09-20T00:00:00.000000",18.0808448791504
"SH","2026-09-20T01:00:00.000000",18.0117950439453
"SH","2026-09-20T02:00:00.000000",17.9937133789062
"SH","2026-09-20T03:00:00.000000",17.9884948730469
"SH","2026-09-20T04:00:00.000000",18.011194229126
"SH","2026-09-20T05:00:00.000000",18.011194229126
"SH","2026-09-20T06:00:00.000000",18.0248222351074
"SH","2026-09-20T07:00:00.000000",18.0054054260254
"SH","2026-09-20T08:00:00.000000",17.9835224151611
"SH","2026-09-20T09:00:00.000000",17.9850463867188
"SH","2026-09-20T10:00:00.000000",17.978931427002
"SH","2026-09-20T11:00:00.000000",17.9751644134521
"SH","2026-09-20T12:00:00.000000",17.9673957824707
"SH","2026-09-20T13:00:00.000000",17.9579105377197
"SH","2026-09-20T14:00:00.000000",17.9638652801514
"SH","2026-09-20T15:00:00.000000",17.9881935119629
"SH","2026-09-20T16:00:00.000000",18.0018520355225
"SH","2026-09-20T17:00:00.000000",17.9996166229248
"SH","2026-09-20T18:00:00.000000",17.9982624053955
"SH","2026-09-20T19:00:00.000000",18.0017910003662
"SH","2026-09-20T20:00:00.000000",18.0010414123535
"SH","2026-09-20T21:00:00.000000",17.9912853240967
"SH","2026-09-20T22:00:00.000000",17.9791316986084
"SH","2026-09-20T23:00:00.000000",17.9774055480957
"SH","2026-09-21T00:00:00.000000",17.9522361755371
"SH","2026-09-21T01:00:00.000000",17.7763710021973
"SH","2026-09-21T02:00:00.000000",17.7808303833008
"SH","2026-09-21T03:00:00.000000",17.7946796417236
"SH","2026-09-21T04:00:00.000000",17.8012104034424
"SH","2026-09-21T05:00:00.000000",17.8544387817383
"SH","2026-09-21T06:00:00.000000",17.8572025299072
"SH","2026-09-21T07:00:00.000000",17.8469619750977
"SH","2026-09-21T08:00:00.000000",17.8447437286377
"SH","2026-09-21T09:00:00.000000",17.8447799682617
"SH","2026-09-21T10:00:00.000000",17.8459701538086
"SH","2026-09-21T11:00:00.000000",17.8451042175293
"SH","2026-09-21T12:00:00.000000",17.8429355621338
"SH","2026-09-21T13:00:00.000000",17.83518409729
"SH","2026-09-21T14:00:00.000000",17.8364753723145
"SH","2026-09-21T15:00:00.000000",17.8444156646729
"SH","2026-09-21T16:00:00.000000",17.8527164459229
"SH","2026-09-21T17:00:00.000000",17.8645095825195
"SH","2026-09-21T18:00:00.000000",17.8813724517822
"SH","2026-09-21T19:00:00.000000",17.880880355835
"SH","2026-09-21T20:00:00.000000",17.9128456115723
"SH","2026-09-21T21:00:00.000000",17.9312400817871
"SH","2026-09-21T22:00:00.000000",17.9336566925049
"SH","2026-09-21T23:00:00.000000",17.9371147155762
"SH","2026-09-22T00:00:00.000000",17.9361057281494
"SH","2026-09-22T01:00:00.000000",17.9360218048096
"SH","2026-09-22T02:00:00.000000",17.9404830932617
"SH","2026-09-22T03:00:00.000000",17.9483165740967
"SH","2026-09-22T04:00:00.000000",17.9522838592529
"SH","2026-09-22T05:00:00.000000",17.9572277069092
"SH","2026-09-22T06:00:00.000000",17.9572353363037
"SH","2026-09-22T07:00:00.000000",17.9572353363037
"SH","2026-09-22T08:00:00.000000",17.955379486084
"SH","2026-09-22T09:00:00.000000",17.9531288146973
"SH","2026-09-22T10:00:00.000000",17.9246273040771
"SH","2026-09-22T11:00:00.000000",17.870080947876
"SH","2026-09-22T12:00:00.000000",17.8479347229004
"SH","2026-09-22T13:00:00.000000",17.8453121185303
"SH","2026-09-22T14:00:00.000000",17.8481502532959
"SH","2026-09-22T15:00:00.000000",17.8617076873779
"SH","2026-09-22T16:00:00.000000",17.8866920471191
"SH","2026-09-22T17:00:00.000000",17.8908290863037
"SH","2026-09-22T18:00:00.000000",17.8959274291992
"SH","2026-09-22T19:00:00.000000",17.9638118743896
"SH","2026-09-22T20:00:00.000000",17.9668102264404
"SH","2026-09-22T21:00:00.000000",17.9911499023438
"SH","2026-09-22T22:00:00.000000",17.9911499023438
"SH","2026-09-22T23:00:00.000000",17.9920654296875
"SH","2026-09-23T00:00:00.000000",17.9920654296875
"SH","2026-09-23T01:00:00.000000",17.9920635223389
"SH","2026-09-23T02:00:00.000000",17.9880142211914
"SH","2026-09-23T03:00:00.000000",17.9899578094482
"SH","2026-09-23T04:00:00.000000",17.9920768737793
"SH","2026-09-23T05:00:00.000000",17.9920787811279
"SH","2026-09-23T06:00:00.000000",17.9920520782471
"SH","2026-09-23T07:00:00.000000",17.9920520782471
"SH","2026-09-23T08:00:00.000000",17.9920520782471
"SH","2026-09-23T09:00:00.000000",17.9620590209961
"SH","2026-09-23T10:00:00.000000",17.8429737091064
"SH","2026-09-23T11:00:00.000000",17.7499980926514
"SH","2026-09-23T12:00:00.000000",17.7258968353271
"SH","2026-09-23T13:00:00.000000",17.7177028656006
"SH","2026-09-23T14:00:00.000000",17.7156505584717
"SH","2026-09-23T15:00:00.000000",17.7250804901123
"SH","2026-09-23T16:00:00.000000",17.7421073913574
"SH","2026-09-23T17:00:00.000000",17.7681255340576
"SH","2026-09-23T18:00:00.000000",17.7707710266113
"SH","2026-09-23T19:00:00.000000",17.789867401123
"SH","2026-09-23T20:00:00.000000",17.789867401123
"SH","2026-09-23T21:00:00.000000",17.8830909729004
"SH","2026-09-23T22:00:00.000000",17.8924617767334
"SH","2026-09-23T23:00:00.000000",17.8924617767334
"SH","2026-09-24T00:00:00.000000",17.8924560546875
"SH","2026-09-24T01:00:00.000000",17.8923511505127
"SH","2026-09-24T02:00:00.000000",17.886697769165
"SH","2026-09-24T03:00:00.000000",17.8776226043701
"SH","2026-09-24T04:00:00.000000",17.8866405487061
"SH","2026-09-24T05:00:00.000000",17.9046115875244
"SH","2026-09-24T06:00:00.000000",17.9128303527832
"SH","2026-09-24T07:00:00.000000",17.9135189056396
"SH","2026-09-24T08:00:00.000000",17.9135189056396
"SH","2026-09-24T09:00:00.000000",17.9135189056396
"SH","2026-09-24T10:00:00.000000",17.786922454834
"SH","2026-09-24T11:00:00.000000",17.6639595031738
"SH","2026-09-24T12:00:00.000000",17.6155681610107
"SH","2026-09-24T13:00:00.000000",17.6040878295898
"SH","2026-09-24T14:00:00.000000",17.6092834472656
"SH","2026-09-24T15:00:00.000000",17.612283706665
"SH","2026-09-24T16:00:00.000000",17.6141624450684
"SH","2026-09-24T17:00:00.000000",17.6424446105957
"SH","2026-09-24T18:00:00.000000",17.6669921875
"SH","2026-09-24T19:00:00.000000",17.6573619842529
"SH","2026-09-24T20:00:00.000000",17.6719512939453
"SH","2026-09-24T21:00:00.000000",17.6719512939453
"SH","2026-09-24T22:00:00.000000",17.7813396453857
"SH","2026-09-24T23:00:00.000000",17.7790203094482
"SH","2026-09-25T00:00:00.000000",17.773868560791
"WB","2026-09-19T00:00:00.000000",18.0703125
"WB","2026-09-19T01:00:00.000000",17.4657459259033
"WB","2026-09-19T02:00:00.000000",17.3754806518555
"WB","2026-09-19T03:00:00.000000",17.377498626709
"WB","2026-09-19T04:00:00.000000",17.3642654418945
"WB","2026-09-19T05:00:00.000000",17.3332595825195
"WB","2026-09-19T06:00:00.000000",17.2948322296143
"WB","2026-09-19T07:00:00.000000",17.2409992218018
"WB","2026-09-19T08:00:00.000000",17.1475391387939
"WB","2026-09-19T09:00:00.000000",17.097110748291
"WB","2026-09-19T10:00:00.000000",17.0910701751709
"WB","2026-09-19T11:00:00.000000",17.1057643890381
"WB","2026-09-19T12:00:00.000000",17.1278018951416
"WB","2026-09-19T13:00:00.000000",17.1397228240967
"WB","2026-09-19T14:00:00.000000",17.1280899047852
"WB","2026-09-19T15:00:00.000000",17.1191558837891
"WB","2026-09-19T16:00:00.000000",17.1020641326904
"WB","2026-09-19T17:00:00.000000",17.1207370758057
"WB","2026-09-19T18:00:00.000000",17.1374130249023
"WB","2026-09-19T19:00:00.000000",17.1761512756348
"WB","2026-09-19T20:00:00.000000",17.2240810394287
"WB","2026-09-19T21:00:00.000000",17.2641277313232
"WB","2026-09-19T22:00:00.000000",17.2789440155029
"WB","2026-09-19T23:00:00.000000",17.2717266082764
"WB","2026-09-20T00:00:00.000000",17.2577362060547
"WB","2026-09-20T01:00:00.000000",16.9949283599854
"WB","2026-09-20T02:00:00.000000",16.9448738098145
"WB","2026-09-20T03:00:00.000000",16.942310333252
"WB","2026-09-20T04:00:00.000000",16.9392757415771
"WB","2026-09-20T05:00:00.000000",16.9351615905762
"WB","2026-09-20T06:00:00.000000",16.9324741363525
"WB","2026-09-20T07:00:00.000000",16.9319915771484
"WB","2026-09-20T08:00:00.000000",16.9323997497559
"WB","2026-09-20T09:00:00.000000",16.9298763275146
"WB","2026-09-20T10:00:00.000000",16.9273490905762
"WB","2026-09-20T11:00:00.000000",16.9193305969238
"WB","2026-09-20T12:00:00.000000",16.8625564575195
"WB","2026-09-20T13:00:00.000000",16.817834854126
"WB","2026-09-20T14:00:00.000000",16.793909072876
"WB","2026-09-20T15:00:00.000000",16.8075275421143
"WB","2026-09-20T16:00:00.000000",16.824426651001
"WB","2026-09-20T17:00:00.000000",16.8308906555176
"WB","2026-09-20T18:00:00.000000",16.8315391540527
"WB","2026-09-20T19:00:00.000000",16.8299827575684
"WB","2026-09-20T20:00:00.000000",16.8287258148193
"WB","2026-09-20T21:00:00.000000",16.8280086517334
"WB","2026-09-20T22:00:00.000000",16.8279418945312
"WB","2026-09-20T23:00:00.000000",16.828498840332
"WB","2026-09-21T00:00:00.000000",16.8449382781982
"WB","2026-09-21T01:00:00.000000",16.4595031738281
"WB","2026-09-21T02:00:00.000000",16.4048080444336
"WB","2026-09-21T03:00:00.000000",16.4107780456543
"WB","2026-09-21T04:00:00.000000",16.4177551269531
"WB","2026-09-21T05:00:00.000000",16.4216575622559
"WB","2026-09-21T06:00:00.000000",16.4383659362793
"WB","2026-09-21T07:00:00.000000",16.4278469085693
"WB","2026-09-21T08:00:00.000000",16.4113349914551
"WB","2026-09-21T09:00:00.000000",16.3510513305664
"WB","2026-09-21T10:00:00.000000",16.3250713348389
"WB","2026-09-21T11:00:00.000000",16.3030776977539
"WB","2026-09-21T12:00:00.000000",16.2935771942139
"WB","2026-09-21T13:00:00.000000",16.2867202758789
"WB","2026-09-21T14:00:00.000000",16.2726173400879
"WB","2026-09-21T15:00:00.000000",16.2850399017334
"WB","2026-09-21T16:00:00.000000",16.3137741088867
"WB","2026-09-21T17:00:00.000000",16.3404483795166
"WB","2026-09-21T18:00:00.000000",16.3764171600342
"WB","2026-09-21T19:00:00.000000",16.4140739440918
"WB","2026-09-21T20:00:00.000000",16.4484806060791
"WB","2026-09-21T21:00:00.000000",16.4794616699219
"WB","2026-09-21T22:00:00.000000",16.500617980957
"WB","2026-09-21T23:00:00.000000",16.5075435638428
"WB","2026-09-22T00:00:00.000000",16.5092334747314
"WB","2026-09-22T01:00:00.000000",16.5069885253906
"WB","2026-09-22T02:00:00.000000",16.4933414459229
"WB","2026-09-22T03:00:00.000000",16.4829559326172
"WB","2026-09-22T04:00:00.000000",16.4785900115967
"WB","2026-09-22T05:00:00.000000",16.4783325195312
"WB","2026-09-22T06:00:00.000000",16.488525390625
"WB","2026-09-22T07:00:00.000000",16.5079689025879
"WB","2026-09-22T08:00:00.000000",16.4944438934326
"WB","2026-09-22T09:00:00.000000",16.4756679534912
"WB","2026-09-22T10:00:00.000000",16.4230995178223
"WB","2026-09-22T11:00:00.000000",16.3576850891113
"WB","2026-09-22T12:00:00.000000",16.3121242523193
"WB","2026-09-22T13:00:00.000000",16.2872371673584
"WB","2026-09-22T14:00:00.000000",16.2640686035156
"WB","2026-09-22T15:00:00.000000",16.2579860687256
"WB","2026-09-22T16:00:00.000000",16.2807750701904
"WB","2026-09-22T17:00:00.000000",16.3260688781738
"WB","2026-09-22T18:00:00.000000",16.3657131195068
"WB","2026-09-22T19:00:00.000000",16.3991355895996
"WB","2026-09-22T20:00:00.000000",16.4288158416748
"WB","2026-09-22T21:00:00.000000",16.4520301818848
"WB","2026-09-22T22:00:00.000000",16.4440383911133
"WB","2026-09-22T23:00:00.000000",16.4088363647461
"WB","2026-09-23T00:00:00.000000",16.3688144683838
"WB","2026-09-23T01:00:00.000000",16.3436336517334
"WB","2026-09-23T02:00:00.000000",16.33473777771
"WB","2026-09-23T03:00:00.000000",16.3328342437744
"WB","2026-09-23T04:00:00.000000",16.3230247497559
"WB","2026-09-23T05:00:00.000000",16.3199901580811
"WB","2026-09-23T06:00:00.000000",16.329288482666
"WB","2026-09-23T07:00:00.000000",16.318603515625
"WB","2026-09-23T08:00:00.000000",16.2796821594238
"WB","2026-09-23T09:00:00.000000",16.2525157928467
"WB","2026-09-23T10:00:00.000000",16.2159957885742
"WB","2026-09-23T11:00:00.000000",16.1563110351562
"WB","2026-09-23T12:00:00.000000",16.1778087615967
"WB","2026-09-23T13:00:00.000000",16.1992034912109
"WB","2026-09-23T14:00:00.000000",16.228967666626
"WB","2026-09-23T15:00:00.000000",16.2600498199463
"WB","2026-09-23T16:00:00.000000",16.2983093261719
"WB","2026-09-23T17:00:00.000000",16.3395481109619
"WB","2026-09-23T18:00:00.000000",16.3736915588379
"WB","2026-09-23T19:00:00.000000",16.3916397094727
"WB","2026-09-23T20:00:00.000000",16.420654296875
"WB","2026-09-23T21:00:00.000000",16.44114112854
"WB","2026-09-23T22:00:00.000000",16.4690322875977
"WB","2026-09-23T23:00:00.000000",16.4788799285889
"WB","2026-09-24T00:00:00.000000",16.4848785400391
"WB","2026-09-24T01:00:00.000000",16.4886779785156
"WB","2026-09-24T02:00:00.000000",16.4888610839844
"WB","2026-09-24T03:00:00.000000",16.488431930542
"WB","2026-09-24T04:00:00.000000",16.4854488372803
"WB","2026-09-24T05:00:00.000000",16.4766139984131
"WB","2026-09-24T06:00:00.000000",16.4749965667725
"WB","2026-09-24T07:00:00.000000",16.4732036590576
"WB","2026-09-24T08:00:00.000000",16.4466247558594
"WB","2026-09-24T09:00:00.000000",16.40842628479
"WB","2026-09-24T10:00:00.000000",16.3818206787109
"WB","2026-09-24T11:00:00.000000",16.329517364502
"WB","2026-09-24T12:00:00.000000",16.3292942047119
"WB","2026-09-24T13:00:00.000000",16.3736553192139
"WB","2026-09-24T14:00:00.000000",16.4301166534424
"WB","2026-09-24T15:00:00.000000",16.4719085693359
"WB","2026-09-24T16:00:00.000000",16.500452041626
"WB","2026-09-24T17:00:00.000000",16.5489273071289
"WB","2026-09-24T18:00:00.000000",16.5911388397217
"WB","2026-09-24T19:00:00.000000",16.6016063690186
"WB","2026-09-24T20:00:00.000000",16.6240844726562
"WB","2026-09-24T21:00:00.000000",16.6270160675049
"WB","2026-09-24T22:00:00.000000",16.6293029785156
"WB","2026-09-24T23:00:00.000000",16.6438274383545
"WB","2026-09-25T00:00:00.000000",16.6547222137451
"CC","2026-09-19T00:00:00.000000",21.3797416687012
"CC","2026-09-19T01:00:00.000000",20.8379135131836
"CC","2026-09-19T02:00:00.000000",20.7225475311279
"CC","2026-09-19T03:00:00.000000",20.6754055023193
"CC","2026-09-19T04:00:00.000000",20.6485252380371
"CC","2026-09-19T05:00:00.000000",20.6114025115967
"CC","2026-09-19T06:00:00.000000",20.5802936553955
"CC","2026-09-19T07:00:00.000000",20.5561389923096
"CC","2026-09-19T08:00:00.000000",20.5237808227539
"CC","2026-09-19T09:00:00.000000",20.484561920166
"CC","2026-09-19T10:00:00.000000",20.4547634124756
"CC","2026-09-19T11:00:00.000000",20.4244327545166
"CC","2026-09-19T12:00:00.000000",20.4253921508789
"CC","2026-09-19T13:00:00.000000",20.4552631378174
"CC","2026-09-19T14:00:00.000000",20.5104160308838
"CC","2026-09-19T15:00:00.000000",20.5903091430664
"CC","2026-09-19T16:00:00.000000",20.6491851806641
"CC","2026-09-19T17:00:00.000000",20.7160739898682
"CC","2026-09-19T18:00:00.000000",20.7788829803467
"CC","2026-09-19T19:00:00.000000",20.8092403411865
"CC","2026-09-19T20:00:00.000000",20.813102722168
"CC","2026-09-19T21:00:00.000000",20.789701461792
"CC","2026-09-19T22:00:00.000000",20.7556591033936
"CC","2026-09-19T23:00:00.000000",20.7114753723145
"CC","2026-09-20T00:00:00.000000",20.6689910888672
"CC","2026-09-20T01:00:00.000000",20.4049854278564
"CC","2026-09-20T02:00:00.000000",20.3466091156006
"CC","2026-09-20T03:00:00.000000",20.3133163452148
"CC","2026-09-20T04:00:00.000000",20.2905979156494
"CC","2026-09-20T05:00:00.000000",20.2740898132324
"CC","2026-09-20T06:00:00.000000",20.2447090148926
"CC","2026-09-20T07:00:00.000000",20.2248058319092
"CC","2026-09-20T08:00:00.000000",20.1948528289795
"CC","2026-09-20T09:00:00.000000",20.1720695495605
"CC","2026-09-20T10:00:00.000000",20.1548519134521
"CC","2026-09-20T11:00:00.000000",20.1338119506836
"CC","2026-09-20T12:00:00.000000",20.1383533477783
"CC","2026-09-20T13:00:00.000000",20.1733150482178
"CC","2026-09-20T14:00:00.000000",20.2199783325195
"CC","2026-09-20T15:00:00.000000",20.292516708374
"CC","2026-09-20T16:00:00.000000",20.3294525146484
"CC","2026-09-20T17:00:00.000000",20.3467311859131
"CC","2026-09-20T18:00:00.000000",20.3545742034912
"CC","2026-09-20T19:00:00.000000",20.3598594665527
"CC","2026-09-20T20:00:00.000000",20.3526630401611
"CC","2026-09-20T21:00:00.000000",20.3363952636719
"CC","2026-09-20T22:00:00.000000",20.3235015869141
"CC","2026-09-20T23:00:00.000000",20.3139152526855
"CC","2026-09-21T00:00:00.000000",20.3067035675049
"CC","2026-09-21T01:00:00.000000",20.554536819458
"CC","2026-09-21T02:00:00.000000",20.5953063964844
"CC","2026-09-21T03:00:00.000000",20.6036796569824
"CC","2026-09-21T04:00:00.000000",20.6099605560303
"CC","2026-09-21T05:00:00.000000",20.6141681671143
"CC","2026-09-21T06:00:00.000000",20.6217803955078
"CC","2026-09-21T07:00:00.000000",20.6203117370605
"CC","2026-09-21T08:00:00.000000",20.5975112915039
"CC","2026-09-21T09:00:00.000000",20.5718746185303
"CC","2026-09-21T10:00:00.000000",20.5548648834229
"CC","2026-09-21T11:00:00.000000",20.5409908294678
"CC","2026-09-21T12:00:00.000000",20.5352039337158
"CC","2026-09-21T13:00:00.000000",20.5357837677002
"CC","2026-09-21T14:00:00.000000",20.5460433959961
"CC","2026-09-21T15:00:00.000000",20.5829601287842
"CC","2026-09-21T16:00:00.000000",20.623987197876
"CC","2026-09-21T17:00:00.000000",20.6812629699707
"CC","2026-09-21T18:00:00.000000",20.7319850921631
"CC","2026-09-21T19:00:00.000000",20.750072479248
"CC","2026-09-21T20:00:00.000000",20.7438354492188
"CC","2026-09-21T21:00:00.000000",20.7151145935059
"CC","2026-09-21T22:00:00.000000",20.6762428283691
"CC","2026-09-21T23:00:00.000000",20.6296100616455
"CC","2026-09-22T00:00:00.000000",20.5934581756592
"CC","2026-09-22T01:00:00.000000",20.5869331359863
"CC","2026-09-22T02:00:00.000000",20.5718803405762
"CC","2026-09-22T03:00:00.000000",20.5526084899902
"CC","2026-09-22T04:00:00.000000",20.5342578887939
"CC","2026-09-22T05:00:00.000000",20.5167217254639
"CC","2026-09-22T06:00:00.000000",20.5001220703125
"CC","2026-09-22T07:00:00.000000",20.4848785400391
"CC","2026-09-22T08:00:00.000000",20.469482421875
"CC","2026-09-22T09:00:00.000000",20.4548492431641
"CC","2026-09-22T10:00:00.000000",20.4422607421875
"CC","2026-09-22T11:00:00.000000",20.4280738830566
"CC","2026-09-22T12:00:00.000000",20.4134292602539
"CC","2026-09-22T13:00:00.000000",20.4082355499268
"CC","2026-09-22T14:00:00.000000",20.4204235076904
"CC","2026-09-22T15:00:00.000000",20.4510803222656
"CC","2026-09-22T16:00:00.000000",20.4921360015869
"CC","2026-09-22T17:00:00.000000",20.5408687591553
"CC","2026-09-22T18:00:00.000000",20.5857715606689
"CC","2026-09-22T19:00:00.000000",20.6217613220215
"CC","2026-09-22T20:00:00.000000",20.6412086486816
"CC","2026-09-22T21:00:00.000000",20.633472442627
"CC","2026-09-22T22:00:00.000000",20.6061840057373
"CC","2026-09-22T23:00:00.000000",20.5785617828369
"CC","2026-09-23T00:00:00.000000",20.5532817840576
"CC","2026-09-23T01:00:00.000000",20.5317478179932
"CC","2026-09-23T02:00:00.000000",20.5050716400146
"CC","2026-09-23T03:00:00.000000",20.4765377044678
"CC","2026-09-23T04:00:00.000000",20.4470691680908
"CC","2026-09-23T05:00:00.000000",20.4151363372803
"CC","2026-09-23T06:00:00.000000",20.3798942565918
"CC","2026-09-23T07:00:00.000000",20.3414173126221
"CC","2026-09-23T08:00:00.000000",20.3019466400146
"CC","2026-09-23T09:00:00.000000",20.26584815979
"CC","2026-09-23T10:00:00.000000",20.2309722900391
"CC","2026-09-23T11:00:00.000000",20.1990756988525
"CC","2026-09-23T12:00:00.000000",20.1763916015625
"CC","2026-09-23T13:00:00.000000",20.1732692718506
"CC","2026-09-23T14:00:00.000000",20.1880626678467
"CC","2026-09-23T15:00:00.000000",20.2145404815674
"CC","2026-09-23T16:00:00.000000",20.2385959625244
"CC","2026-09-23T17:00:00.000000",20.2527637481689
"CC","2026-09-23T18:00:00.000000",20.2668571472168
"CC","2026-09-23T19:00:00.000000",20.2850170135498
"CC","2026-09-23T20:00:00.000000",20.2973079681396
"CC","2026-09-23T21:00:00.000000",20.2981872558594
"CC","2026-09-23T22:00:00.000000",20.2840232849121
"CC","2026-09-23T23:00:00.000000",20.2628154754639
"CC","2026-09-24T00:00:00.000000",20.2404403686523
"CC","2026-09-24T01:00:00.000000",20.2171802520752
"CC","2026-09-24T02:00:00.000000",20.1959781646729
"CC","2026-09-24T03:00:00.000000",20.1723346710205
"CC","2026-09-24T04:00:00.000000",20.1450710296631
"CC","2026-09-24T05:00:00.000000",20.1162986755371
"CC","2026-09-24T06:00:00.000000",20.086332321167
"CC","2026-09-24T07:00:00.000000",20.0537567138672
"CC","2026-09-24T08:00:00.000000",20.0196380615234
"CC","2026-09-24T09:00:00.000000",19.9864501953125
"CC","2026-09-24T10:00:00.000000",19.9539794921875
"CC","2026-09-24T11:00:00.000000",19.9222049713135
"CC","2026-09-24T12:00:00.000000",19.8958549499512
"CC","2026-09-24T13:00:00.000000",19.8871078491211
"CC","2026-09-24T14:00:00.000000",19.8978614807129
"CC","2026-09-24T15:00:00.000000",19.9224662780762
"CC","2026-09-24T16:00:00.000000",19.9605770111084
"CC","2026-09-24T17:00:00.000000",19.988655090332
"CC","2026-09-24T18:00:00.000000",20.0146884918213
"CC","2026-09-24T19:00:00.000000",20.0207538604736
"CC","2026-09-24T20:00:00.000000",19.9991436004639
"CC","2026-09-24T21:00:00.000000",19.9629383087158
"CC","2026-09-24T22:00:00.000000",19.9243221282959
"CC","2026-09-24T23:00:00.000000",19.8937873840332
"CC","2026-09-25T00:00:00.000000",19.8688526153564
"DL","2026-09-19T00:00:00.000000",21.002721786499
"DL","2026-09-19T01:00:00.000000",20.4814796447754
"DL","2026-09-19T02:00:00.000000",20.3914794921875
"DL","2026-09-19T03:00:00.000000",20.377405166626
"DL","2026-09-19T04:00:00.000000",20.3656635284424
"DL","2026-09-19T05:00:00.000000",20.3715000152588
"DL","2026-09-19T06:00:00.000000",20.3855667114258
"DL","2026-09-19T07:00:00.000000",20.3888931274414
"DL","2026-09-19T08:00:00.000000",20.3909721374512
"DL","2026-09-19T09:00:00.000000",20.393404006958
"DL","2026-09-19T10:00:00.000000",20.3954582214355
"DL","2026-09-19T11:00:00.000000",20.3964023590088
"DL","2026-09-19T12:00:00.000000",20.3989810943604
"DL","2026-09-19T13:00:00.000000",20.4001178741455
"DL","2026-09-19T14:00:00.000000",20.4023704528809
"DL","2026-09-19T15:00:00.000000",20.4053134918213
"DL","2026-09-19T16:00:00.000000",20.4074440002441
"DL","2026-09-19T17:00:00.000000",20.4092674255371
"DL","2026-09-19T18:00:00.000000",20.4048767089844
"DL","2026-09-19T19:00:00.000000",20.3935623168945
"DL","2026-09-19T20:00:00.000000",20.4033851623535
"DL","2026-09-19T21:00:00.000000",20.409761428833
"DL","2026-09-19T22:00:00.000000",20.4100227355957
"DL","2026-09-19T23:00:00.000000",20.4076557159424
"DL","2026-09-20T00:00:00.000000",20.406925201416
"DL","2026-09-20T01:00:00.000000",20.0347194671631
"DL","2026-09-20T02:00:00.000000",19.97536277771
"DL","2026-09-20T03:00:00.000000",19.9702548980713
"DL","2026-09-20T04:00:00.000000",19.9634971618652
"DL","2026-09-20T05:00:00.000000",19.9586009979248
"DL","2026-09-20T06:00:00.000000",19.9571723937988
"DL","2026-09-20T07:00:00.000000",19.9611892700195
"DL","2026-09-20T08:00:00.000000",19.9625034332275
"DL","2026-09-20T09:00:00.000000",19.9638156890869
"DL","2026-09-20T10:00:00.000000",19.9688739776611
"DL","2026-09-20T11:00:00.000000",19.9678421020508
"DL","2026-09-20T12:00:00.000000",19.9696769714355
"DL","2026-09-20T13:00:00.000000",19.9716930389404
"DL","2026-09-20T14:00:00.000000",19.9714336395264
"DL","2026-09-20T15:00:00.000000",19.9709243774414
"DL","2026-09-20T16:00:00.000000",19.9647693634033
"DL","2026-09-20T17:00:00.000000",19.9597949981689
"DL","2026-09-20T18:00:00.000000",19.9540157318115
"DL","2026-09-20T19:00:00.000000",19.9518280029297
"DL","2026-09-20T20:00:00.000000",19.9491367340088
"DL","2026-09-20T21:00:00.000000",19.9475002288818
"DL","2026-09-20T22:00:00.000000",19.9575939178467
"DL","2026-09-20T23:00:00.000000",19.9647960662842
"DL","2026-09-21T00:00:00.000000",19.9623928070068
"DL","2026-09-21T01:00:00.000000",20.4045028686523
"DL","2026-09-21T02:00:00.000000",20.4626522064209
"DL","2026-09-21T03:00:00.000000",20.4539337158203
"DL","2026-09-21T04:00:00.000000",20.4511604309082
"DL","2026-09-21T05:00:00.000000",20.4506778717041
"DL","2026-09-21T06:00:00.000000",20.4515533447266
"DL","2026-09-21T07:00:00.000000",20.4528388977051
"DL","2026-09-21T08:00:00.000000",20.4530372619629
"DL","2026-09-21T09:00:00.000000",20.4528770446777
"DL","2026-09-21T10:00:00.000000",20.4657154083252
"DL","2026-09-21T11:00:00.000000",20.474193572998
"DL","2026-09-21T12:00:00.000000",20.485523223877
"DL","2026-09-21T13:00:00.000000",20.4713382720947
"DL","2026-09-21T14:00:00.000000",20.4762916564941
"DL","2026-09-21T15:00:00.000000",20.4880886077881
"DL","2026-09-21T16:00:00.000000",20.4963245391846
"DL","2026-09-21T17:00:00.000000",20.4933242797852
"DL","2026-09-21T18:00:00.000000",20.4844856262207
"DL","2026-09-21T19:00:00.000000",20.4685382843018
"DL","2026-09-21T20:00:00.000000",20.4327659606934
"DL","2026-09-21T21:00:00.000000",20.397274017334
"DL","2026-09-21T22:00:00.000000",20.4050807952881
"DL","2026-09-21T23:00:00.000000",20.4351997375488
"DL","2026-09-22T00:00:00.000000",20.4461250305176
"DL","2026-09-22T01:00:00.000000",20.4350070953369
"DL","2026-09-22T02:00:00.000000",20.4312038421631
"DL","2026-09-22T03:00:00.000000",20.4287929534912
"DL","2026-09-22T04:00:00.000000",20.4310607910156
"DL","2026-09-22T05:00:00.000000",20.4313697814941
"DL","2026-09-22T06:00:00.000000",20.4338970184326
"DL","2026-09-22T07:00:00.000000",20.4334030151367
"DL","2026-09-22T08:00:00.000000",20.432825088501
"DL","2026-09-22T09:00:00.000000",20.4358043670654
"DL","2026-09-22T10:00:00.000000",20.4418830871582
"DL","2026-09-22T11:00:00.000000",20.4456062316895
"DL","2026-09-22T12:00:00.000000",20.4471797943115
"DL","2026-09-22T13:00:00.000000",20.4488639831543
"DL","2026-09-22T14:00:00.000000",20.4507389068604
"DL","2026-09-22T15:00:00.000000",20.4539127349854
"DL","2026-09-22T16:00:00.000000",20.457389831543
"DL","2026-09-22T17:00:00.000000",20.4611930847168
"DL","2026-09-22T18:00:00.000000",20.4613399505615
"DL","2026-09-22T19:00:00.000000",20.4471664428711
"DL","2026-09-22T20:00:00.000000",20.39914894104
"DL","2026-09-22T21:00:00.000000",20.3351726531982
"DL","2026-09-22T22:00:00.000000",20.2946968078613
"DL","2026-09-22T23:00:00.000000",20.3233547210693
"DL","2026-09-23T00:00:00.000000",20.3566722869873
"DL","2026-09-23T01:00:00.000000",20.3765964508057
"DL","2026-09-23T02:00:00.000000",20.3749446868896
"DL","2026-09-23T03:00:00.000000",20.3818473815918
"DL","2026-09-23T04:00:00.000000",20.4021282196045
"DL","2026-09-23T05:00:00.000000",20.4153480529785
"DL","2026-09-23T06:00:00.000000",20.4214267730713
"DL","2026-09-23T07:00:00.000000",20.4182014465332
"DL","2026-09-23T08:00:00.000000",20.4073047637939
"DL","2026-09-23T09:00:00.000000",20.3731918334961
"DL","2026-09-23T10:00:00.000000",20.3399429321289
"DL","2026-09-23T11:00:00.000000",20.3392848968506
"DL","2026-09-23T12:00:00.000000",20.3695869445801
"DL","2026-09-23T13:00:00.000000",20.3912220001221
"DL","2026-09-23T14:00:00.000000",20.4063949584961
"DL","2026-09-23T15:00:00.000000",20.4225673675537
"DL","2026-09-23T16:00:00.000000",20.4404983520508
"DL","2026-09-23T17:00:00.000000",20.4437522888184
"DL","2026-09-23T18:00:00.000000",20.4106922149658
"DL","2026-09-23T19:00:00.000000",20.3010520935059
"DL","2026-09-23T20:00:00.000000",20.1238975524902
"DL","2026-09-23T21:00:00.000000",19.9817848205566
"DL","2026-09-23T22:00:00.000000",19.9470615386963
"DL","2026-09-23T23:00:00.000000",19.9503288269043
"DL","2026-09-24T00:00:00.000000",20.016242980957
"DL","2026-09-24T01:00:00.000000",20.061840057373
"DL","2026-09-24T02:00:00.000000",20.0836124420166
"DL","2026-09-24T03:00:00.000000",20.0909900665283
"DL","2026-09-24T04:00:00.000000",20.1260852813721
"DL","2026-09-24T05:00:00.000000",20.2057094573975
"DL","2026-09-24T06:00:00.000000",20.2522430419922
"DL","2026-09-24T07:00:00.000000",20.2490386962891
"DL","2026-09-24T08:00:00.000000",20.1700210571289
"DL","2026-09-24T09:00:00.000000",20.1030235290527
"DL","2026-09-24T10:00:00.000000",20.0731544494629
"DL","2026-09-24T11:00:00.000000",20.0677051544189
"DL","2026-09-24T12:00:00.000000",20.0912685394287
"DL","2026-09-24T13:00:00.000000",20.1255378723145
"DL","2026-09-24T14:00:00.000000",20.1464748382568
"DL","2026-09-24T15:00:00.000000",20.1614265441895
"DL","2026-09-24T16:00:00.000000",20.2170829772949
"DL","2026-09-24T17:00:00.000000",20.2850952148438
"DL","2026-09-24T18:00:00.000000",20.3005123138428
"DL","2026-09-24T19:00:00.000000",20.1435470581055
"DL","2026-09-24T20:00:00.000000",19.8967037200928
"DL","2026-09-24T21:00:00.000000",19.788516998291
"DL","2026-09-24T22:00:00.000000",19.7686195373535
"DL","2026-09-24T23:00:00.000000",19.7838382720947
"DL","2026-09-25T00:00:00.000000",19.8061389923096
"GB","2026-09-19T00:00:00.000000",20.9105606079102
"GB","2026-09-19T01:00:00.000000",20.5868911743164
"GB","2026-09-19T02:00:00.000000",20.5707092285156
"GB","2026-09-19T03:00:00.000000",20.5271167755127
"GB","2026-09-19T04:00:00.000000",20.5266418457031
"GB","2026-09-19T05:00:00.000000",20.5353221893311
"GB","2026-09-19T06:00:00.000000",20.4997043609619
"GB","2026-09-19T07:00:00.000000",20.500789642334
"GB","2026-09-19T08:00:00.000000",20.503396987915
"GB","2026-09-19T09:00:00.000000",20.5016689300537
"GB","2026-09-19T10:00:00.000000",20.4854984283447
"GB","2026-09-19T11:00:00.000000",20.4666271209717
"GB","2026-09-19T12:00:00.000000",20.4105892181396
"GB","2026-09-19T13:00:00.000000",20.4263381958008
"GB","2026-09-19T14:00:00.000000",20.4867534637451
"GB","2026-09-19T15:00:00.000000",20.5283470153809
"GB","2026-09-19T16:00:00.000000",20.5725955963135
"GB","2026-09-19T17:00:00.000000",20.6241283416748
"GB","2026-09-19T18:00:00.000000",20.6605319976807
"GB","2026-09-19T19:00:00.000000",20.6469707489014
"GB","2026-09-19T20:00:00.000000",20.6459980010986
"GB","2026-09-19T21:00:00.000000",20.62890625
"GB","2026-09-19T22:00:00.000000",20.5989170074463
"GB","2026-09-19T23:00:00.000000",20.6300792694092
"GB","2026-09-20T00:00:00.000000",20.5938758850098
"GB","2026-09-20T01:00:00.000000",20.2135047912598
"GB","2026-09-20T02:00:00.000000",20.1627330780029
"GB","2026-09-20T03:00:00.000000",20.1342620849609
"GB","2026-09-20T04:00:00.000000",20.1208000183105
"GB","2026-09-20T05:00:00.000000",20.2078895568848
"GB","2026-09-20T06:00:00.000000",20.2094421386719
"GB","2026-09-20T07:00:00.000000",20.134485244751
"GB","2026-09-20T08:00:00.000000",20.0938625335693
"GB","2026-09-20T09:00:00.000000",20.0663738250732
"GB","2026-09-20T10:00:00.000000",20.0332221984863
"GB","2026-09-20T11:00:00.000000",19.9873447418213
"GB","2026-09-20T12:00:00.000000",20.0329074859619
"GB","2026-09-20T13:00:00.000000",20.0273303985596
"GB","2026-09-20T14:00:00.000000",20.0502910614014
"GB","2026-09-20T15:00:00.000000",20.1056098937988
"GB","2026-09-20T16:00:00.000000",20.159387588501
"GB","2026-09-20T17:00:00.000000",20.1905250549316
"GB","2026-09-20T18:00:00.000000",20.2233695983887
"GB","2026-09-20T19:00:00.000000",20.1850662231445
"GB","2026-09-20T20:00:00.000000",20.1251983642578
"GB","2026-09-20T21:00:00.000000",20.0999183654785
"GB","2026-09-20T22:00:00.000000",20.0765209197998
"GB","2026-09-20T23:00:00.000000",20.056095123291
"GB","2026-09-21T00:00:00.000000",20.0453586578369
"GB","2026-09-21T01:00:00.000000",20.2849712371826
"GB","2026-09-21T02:00:00.000000",20.288179397583
"GB","2026-09-21T03:00:00.000000",20.2943420410156
"GB","2026-09-21T04:00:00.000000",20.3127021789551
"GB","2026-09-21T05:00:00.000000",20.3451919555664
"GB","2026-09-21T06:00:00.000000",20.3941192626953
"GB","2026-09-21T07:00:00.000000",20.4020462036133
"GB","2026-09-21T08:00:00.000000",20.3634338378906
"GB","2026-09-21T09:00:00.000000",20.3357887268066
"GB","2026-09-21T10:00:00.000000",20.3188571929932
"GB","2026-09-21T11:00:00.000000",20.3134231567383
"GB","2026-09-21T12:00:00.000000",20.304817199707
"GB","2026-09-21T13:00:00.000000",20.3262405395508
"GB","2026-09-21T14:00:00.000000",20.2874298095703
"GB","2026-09-21T15:00:00.000000",20.3092155456543
"GB","2026-09-21T16:00:00.000000",20.357873916626
"GB","2026-09-21T17:00:00.000000",20.4022960662842
"GB","2026-09-21T18:00:00.000000",20.4407825469971
"GB","2026-09-21T19:00:00.000000",20.5128154754639
"GB","2026-09-21T20:00:00.000000",20.5448322296143
"GB","2026-09-21T21:00:00.000000",20.4975204467773
"GB","2026-09-21T22:00:00.000000",20.4679393768311
"GB","2026-09-21T23:00:00.000000",20.4494609832764
"GB","2026-09-22T00:00:00.000000",20.4339141845703
"GB","2026-09-22T01:00:00.000000",20.3923511505127
"GB","2026-09-22T02:00:00.000000",20.4332160949707
"GB","2026-09-22T03:00:00.000000",20.3671035766602
"GB","2026-09-22T04:00:00.000000",20.3169727325439
"GB","2026-09-22T05:00:00.000000",20.299072265625
"GB","2026-09-22T06:00:00.000000",20.292818069458
"GB","2026-09-22T07:00:00.000000",20.3114452362061
"GB","2026-09-22T08:00:00.000000",20.291187286377
"GB","2026-09-22T09:00:00.000000",20.2861061096191
"GB","2026-09-22T10:00:00.000000",20.2775363922119
"GB","2026-09-22T11:00:00.000000",20.2653198242188
"GB","2026-09-22T12:00:00.000000",20.2515392303467
"GB","2026-09-22T13:00:00.000000",20.244441986084
"GB","2026-09-22T14:00:00.000000",20.2557830810547
"GB","2026-09-22T15:00:00.000000",20.2707061767578
"GB","2026-09-22T16:00:00.000000",20.2909088134766
"GB","2026-09-22T17:00:00.000000",20.3116321563721
"GB","2026-09-22T18:00:00.000000",20.3300933837891
"GB","2026-09-22T19:00:00.000000",20.3440341949463
"GB","2026-09-22T20:00:00.000000",20.3524475097656
"GB","2026-09-22T21:00:00.000000",20.3568496704102
"GB","2026-09-22T22:00:00.000000",20.3568496704102
"GB","2026-09-22T23:00:00.000000",20.349422454834
"GB","2026-09-23T00:00:00.000000",20.330867767334
"GB","2026-09-23T01:00:00.000000",20.2996597290039
"GB","2026-09-23T02:00:00.000000",20.327262878418
"GB","2026-09-23T03:00:00.000000",20.2841110229492
"GB","2026-09-23T04:00:00.000000",20.2508335113525
"GB","2026-09-23T05:00:00.000000",20.2260723114014
"GB","2026-09-23T06:00:00.000000",20.1977081298828
"GB","2026-09-23T07:00:00.000000",20.1610317230225
"GB","2026-09-23T08:00:00.000000",20.0748386383057
"GB","2026-09-23T09:00:00.000000",20.0466690063477
"GB","2026-09-23T10:00:00.000000",20.054069519043
"GB","2026-09-23T11:00:00.000000",20.0425338745117
"GB","2026-09-23T12:00:00.000000",20.0317134857178
"GB","2026-09-23T13:00:00.000000",20.0238170623779
"GB","2026-09-23T14:00:00.000000",20.0479907989502
"GB","2026-09-23T15:00:00.000000",20.0428428649902
"GB","2026-09-23T16:00:00.000000",20.044864654541
"GB","2026-09-23T17:00:00.000000",20.0365009307861
"GB","2026-09-23T18:00:00.000000",20.0355987548828
"GB","2026-09-23T19:00:00.000000",20.038013458252
"GB","2026-09-23T20:00:00.000000",20.0259857177734
"GB","2026-09-23T21:00:00.000000",19.9828014373779
"GB","2026-09-23T22:00:00.000000",20.0577449798584
"GB","2026-09-23T23:00:00.000000",20.0630950927734
"GB","2026-09-24T00:00:00.000000",20.0482177734375
"GB","2026-09-24T01:00:00.000000",20.0359230041504
"GB","2026-09-24T02:00:00.000000",20.0223388671875
"GB","2026-09-24T03:00:00.000000",20.0279579162598
"GB","2026-09-24T04:00:00.000000",19.9857025146484
"GB","2026-09-24T05:00:00.000000",19.9308815002441
"GB","2026-09-24T06:00:00.000000",19.8731651306152
"GB","2026-09-24T07:00:00.000000",19.8263816833496
"GB","2026-09-24T08:00:00.000000",19.7527751922607
"GB","2026-09-24T09:00:00.000000",19.6562232971191
"GB","2026-09-24T10:00:00.000000",19.7133712768555
"GB","2026-09-24T11:00:00.000000",19.7296581268311
"GB","2026-09-24T12:00:00.000000",19.7323799133301
"GB","2026-09-24T13:00:00.000000",19.7389526367188
"GB","2026-09-24T14:00:00.000000",19.7559051513672
"GB","2026-09-24T15:00:00.000000",19.7374744415283
"GB","2026-09-24T16:00:00.000000",19.76194190979
"GB","2026-09-24T17:00:00.000000",19.7473239898682
"GB","2026-09-24T18:00:00.000000",19.723804473877
"GB","2026-09-24T19:00:00.000000",19.7139205932617
"GB","2026-09-24T20:00:00.000000",19.6996021270752
"GB","2026-09-24T21:00:00.000000",19.6283111572266
"GB","2026-09-24T22:00:00.000000",19.6465301513672
"GB","2026-09-24T23:00:00.000000",19.6999607086182
"GB","2026-09-25T00:00:00.000000",19.6952991485596
"LI","2026-09-19T00:00:00.000000",21.488338470459
"LI","2026-09-19T01:00:00.000000",21.1397686004639
"LI","2026-09-19T02:00:00.000000",21.0315475463867
"LI","2026-09-19T03:00:00.000000",20.9584350585938
"LI","2026-09-19T04:00:00.000000",20.9808769226074
"LI","2026-09-19T05:00:00.000000",20.9807796478271
"LI","2026-09-19T06:00:00.000000",20.9129867553711
"LI","2026-09-19T07:00:00.000000",20.8510799407959
"LI","2026-09-19T08:00:00.000000",20.7922229766846
"LI","2026-09-19T09:00:00.000000",20.7468681335449
"LI","2026-09-19T10:00:00.000000",20.7052783966064
"LI","2026-09-19T11:00:00.000000",20.6566181182861
"LI","2026-09-19T12:00:00.000000",20.6202163696289
"LI","2026-09-19T13:00:00.000000",20.6285533905029
"LI","2026-09-19T14:00:00.000000",20.6549873352051
"LI","2026-09-19T15:00:00.000000",20.7119045257568
"LI","2026-09-19T16:00:00.000000",20.7566680908203
"LI","2026-09-19T17:00:00.000000",20.7779998779297
"LI","2026-09-19T18:00:00.000000",20.7762565612793
"LI","2026-09-19T19:00:00.000000",20.7847442626953
"LI","2026-09-19T20:00:00.000000",20.8009643554688
"LI","2026-09-19T21:00:00.000000",20.8166542053223
"LI","2026-09-19T22:00:00.000000",20.8096446990967
"LI","2026-09-19T23:00:00.000000",20.7826843261719
"LI","2026-09-20T00:00:00.000000",20.7416191101074
"LI","2026-09-20T01:00:00.000000",20.5892124176025
"LI","2026-09-20T02:00:00.000000",20.5874805450439
"LI","2026-09-20T03:00:00.000000",20.5250091552734
"LI","2026-09-20T04:00:00.000000",20.5008277893066
"LI","2026-09-20T05:00:00.000000",20.5637016296387
"LI","2026-09-20T06:00:00.000000",20.5623321533203
"LI","2026-09-20T07:00:00.000000",20.5488090515137
"LI","2026-09-20T08:00:00.000000",20.5306816101074
"LI","2026-09-20T09:00:00.000000",20.5124588012695
"LI","2026-09-20T10:00:00.000000",20.4638385772705
"LI","2026-09-20T11:00:00.000000",20.4040260314941
"LI","2026-09-20T12:00:00.000000",20.3747673034668
"LI","2026-09-20T13:00:00.000000",20.390438079834
"LI","2026-09-20T14:00:00.000000",20.4313678741455
"LI","2026-09-20T15:00:00.000000",20.4898414611816
"LI","2026-09-20T16:00:00.000000",20.5257968902588
"LI","2026-09-20T17:00:00.000000",20.5416660308838
"LI","2026-09-20T18:00:00.000000",20.5308647155762
"LI","2026-09-20T19:00:00.000000",20.5116367340088
"LI","2026-09-20T20:00:00.000000",20.4939041137695
"LI","2026-09-20T21:00:00.000000",20.4696617126465
"LI","2026-09-20T22:00:00.000000",20.4596939086914
"LI","2026-09-20T23:00:00.000000",20.4648685455322
"LI","2026-09-21T00:00:00.000000",20.4625682830811
"LI","2026-09-21T01:00:00.000000",20.4576206207275
"LI","2026-09-21T02:00:00.000000",20.4599380493164
"LI","2026-09-21T03:00:00.000000",20.4648284912109
"LI","2026-09-21T04:00:00.000000",20.4707374572754
"LI","2026-09-21T05:00:00.000000",20.4865093231201
"LI","2026-09-21T06:00:00.000000",20.4937553405762
"LI","2026-09-21T07:00:00.000000",20.4985027313232
"LI","2026-09-21T08:00:00.000000",20.4681911468506
"LI","2026-09-21T09:00:00.000000",20.4488086700439
"LI","2026-09-21T10:00:00.000000",20.4380950927734
"LI","2026-09-21T11:00:00.000000",20.4260730743408
"LI","2026-09-21T12:00:00.000000",20.4142036437988
"LI","2026-09-21T13:00:00.000000",20.4149837493896
"LI","2026-09-21T14:00:00.000000",20.4224548339844
"LI","2026-09-21T15:00:00.000000",20.4474658966064
"LI","2026-09-21T16:00:00.000000",20.4619617462158
"LI","2026-09-21T17:00:00.000000",20.501293182373
"LI","2026-09-21T18:00:00.000000",20.54225730896
"LI","2026-09-21T19:00:00.000000",20.5600242614746
"LI","2026-09-21T20:00:00.000000",20.5492935180664
"LI","2026-09-21T21:00:00.000000",20.5330333709717
"LI","2026-09-21T22:00:00.000000",20.5260715484619
"LI","2026-09-21T23:00:00.000000",20.5348052978516
"LI","2026-09-22T00:00:00.000000",20.5262451171875
"LI","2026-09-22T01:00:00.000000",20.53200340271
"LI","2026-09-22T02:00:00.000000",20.5109004974365
"LI","2026-09-22T03:00:00.000000",20.4843673706055
"LI","2026-09-22T04:00:00.000000",20.4626083374023
"LI","2026-09-22T05:00:00.000000",20.4415550231934
"LI","2026-09-22T06:00:00.000000",20.4256229400635
"LI","2026-09-22T07:00:00.000000",20.4137153625488
"LI","2026-09-22T08:00:00.000000",20.4098262786865
"LI","2026-09-22T09:00:00.000000",20.4122333526611
"LI","2026-09-22T10:00:00.000000",20.4011936187744
"LI","2026-09-22T11:00:00.000000",20.383394241333
"LI","2026-09-22T12:00:00.000000",20.3516674041748
"LI","2026-09-22T13:00:00.000000",20.3205108642578
"LI","2026-09-22T14:00:00.000000",20.3062629699707
"LI","2026-09-22T15:00:00.000000",20.3356227874756
"LI","2026-09-22T16:00:00.000000",20.3673515319824
"LI","2026-09-22T17:00:00.000000",20.4105434417725
"LI","2026-09-22T18:00:00.000000",20.4501514434814
"LI","2026-09-22T19:00:00.000000",20.465202331543
"LI","2026-09-22T20:00:00.000000",20.4661674499512
"LI","2026-09-22T21:00:00.000000",20.4323234558105
"LI","2026-09-22T22:00:00.000000",20.4058170318604
"LI","2026-09-22T23:00:00.000000",20.3893260955811
"LI","2026-09-23T00:00:00.000000",20.3954582214355
"LI","2026-09-23T01:00:00.000000",20.4006938934326
"LI","2026-09-23T02:00:00.000000",20.3983669281006
"LI","2026-09-23T03:00:00.000000",20.3820304870605
"LI","2026-09-23T04:00:00.000000",20.3609161376953
"LI","2026-09-23T05:00:00.000000",20.3413143157959
"LI","2026-09-23T06:00:00.000000",20.2971973419189
"LI","2026-09-23T07:00:00.000000",20.2605609893799
"LI","2026-09-23T08:00:00.000000",20.2373161315918
"LI","2026-09-23T09:00:00.000000",20.2249755859375
"LI","2026-09-23T10:00:00.000000",20.26003074646
"LI","2026-09-23T11:00:00.000000",20.2654342651367
"LI","2026-09-23T12:00:00.000000",20.242151260376
"LI","2026-09-23T13:00:00.000000",20.1918487548828
"LI","2026-09-23T14:00:00.000000",20.1754837036133
"LI","2026-09-23T15:00:00.000000",20.1875057220459
"LI","2026-09-23T16:00:00.000000",20.2002067565918
"LI","2026-09-23T17:00:00.000000",20.2169647216797
"LI","2026-09-23T18:00:00.000000",20.2433643341064
"LI","2026-09-23T19:00:00.000000",20.2677574157715
"LI","2026-09-23T20:00:00.000000",20.2853050231934
"LI","2026-09-23T21:00:00.000000",20.2816410064697
"LI","2026-09-23T22:00:00.000000",20.2587623596191
"LI","2026-09-23T23:00:00.000000",20.2447566986084
"LI","2026-09-24T00:00:00.000000",20.256591796875
"LI","2026-09-24T01:00:00.000000",20.2764167785645
"LI","2026-09-24T02:00:00.000000",20.2783679962158
"LI","2026-09-24T03:00:00.000000",20.2621078491211
"LI","2026-09-24T04:00:00.000000",20.2347621917725
"LI","2026-09-24T05:00:00.000000",20.2068881988525
"LI","2026-09-24T06:00:00.000000",20.1794052124023
"LI","2026-09-24T07:00:00.000000",20.1372547149658
"LI","2026-09-24T08:00:00.000000",20.0950374603271
"LI","2026-09-24T09:00:00.000000",20.0845069885254
"LI","2026-09-24T10:00:00.000000",20.0997447967529
"LI","2026-09-24T11:00:00.000000",20.0940093994141
"LI","2026-09-24T12:00:00.000000",20.0686740875244
"LI","2026-09-24T13:00:00.000000",20.0235214233398
"LI","2026-09-24T14:00:00.000000",19.9810409545898
"LI","2026-09-24T15:00:00.000000",19.9881229400635
"LI","2026-09-24T16:00:00.000000",20.016227722168
"LI","2026-09-24T17:00:00.000000",20.0339088439941
"LI","2026-09-24T18:00:00.000000",20.0510272979736
"LI","2026-09-24T19:00:00.000000",20.0548419952393
"LI","2026-09-24T20:00:00.000000",20.0376968383789
"LI","2026-09-24T21:00:00.000000",20.0139293670654
"LI","2026-09-24T22:00:00.000000",20.0028076171875
"LI","2026-09-24T23:00:00.000000",20.001485824585
"LI","2026-09-25T00:00:00.000000",20.0010738372803
"OB","2026-09-19T00:00:00.000000",20.4571838378906
"OB","2026-09-19T01:00:00.000000",20.0673122406006
"OB","2026-09-19T02:00:00.000000",20.0200119018555
"OB","2026-09-19T03:00:00.000000",20.0315780639648
"OB","2026-09-19T04:00:00.000000",20.0345916748047
"OB","2026-09-19T05:00:00.000000",20.0357933044434
"OB","2026-09-19T06:00:00.000000",20.0243339538574
"OB","2026-09-19T07:00:00.000000",20.0236644744873
"OB","2026-09-19T08:00:00.000000",20.0246906280518
"OB","2026-09-19T09:00:00.000000",20.0287628173828
"OB","2026-09-19T10:00:00.000000",20.0283470153809
"OB","2026-09-19T11:00:00.000000",20.026403427124
"OB","2026-09-19T12:00:00.000000",20.0238780975342
"OB","2026-09-19T13:00:00.000000",20.027027130127
"OB","2026-09-19T14:00:00.000000",20.0276851654053
"OB","2026-09-19T15:00:00.000000",20.0308284759521
"OB","2026-09-19T16:00:00.000000",20.0434722900391
"OB","2026-09-19T17:00:00.000000",20.0587120056152
"OB","2026-09-19T18:00:00.000000",20.0506591796875
"OB","2026-09-19T19:00:00.000000",20.0397891998291
"OB","2026-09-19T20:00:00.000000",20.0345458984375
"OB","2026-09-19T21:00:00.000000",20.0338401794434
"OB","2026-09-19T22:00:00.000000",20.0345897674561
"OB","2026-09-19T23:00:00.000000",20.0338897705078
"OB","2026-09-20T00:00:00.000000",20.0337047576904
"OB","2026-09-20T01:00:00.000000",19.8869781494141
"OB","2026-09-20T02:00:00.000000",19.8660335540771
"OB","2026-09-20T03:00:00.000000",19.8711833953857
"OB","2026-09-20T04:00:00.000000",19.8751907348633
"OB","2026-09-20T05:00:00.000000",19.879976272583
"OB","2026-09-20T06:00:00.000000",19.8722877502441
"OB","2026-09-20T07:00:00.000000",19.8748989105225
"OB","2026-09-20T08:00:00.000000",19.8706855773926
"OB","2026-09-20T09:00:00.000000",19.8720455169678
"OB","2026-09-20T10:00:00.000000",19.866849899292
"OB","2026-09-20T11:00:00.000000",19.8656406402588
"OB","2026-09-20T12:00:00.000000",19.8648567199707
"OB","2026-09-20T13:00:00.000000",19.8714408874512
"OB","2026-09-20T14:00:00.000000",19.8714752197266
"OB","2026-09-20T15:00:00.000000",19.8766708374023
"OB","2026-09-20T16:00:00.000000",19.8758792877197
"OB","2026-09-20T17:00:00.000000",19.8801498413086
"OB","2026-09-20T18:00:00.000000",19.8899707794189
"OB","2026-09-20T19:00:00.000000",19.8838176727295
"OB","2026-09-20T20:00:00.000000",19.8478527069092
"OB","2026-09-20T21:00:00.000000",19.82590675354
"OB","2026-09-20T22:00:00.000000",19.8172607421875
"OB","2026-09-20T23:00:00.000000",19.8243083953857
"OB","2026-09-21T00:00:00.000000",19.8479900360107
"OB","2026-09-21T01:00:00.000000",19.8156089782715
"OB","2026-09-21T02:00:00.000000",19.8148498535156
"OB","2026-09-21T03:00:00.000000",19.8182525634766
"OB","2026-09-21T04:00:00.000000",19.8211822509766
"OB","2026-09-21T05:00:00.000000",19.8233203887939
"OB","2026-09-21T06:00:00.000000",19.8287506103516
"OB","2026-09-21T07:00:00.000000",19.8279247283936
"OB","2026-09-21T08:00:00.000000",19.8257617950439
"OB","2026-09-21T09:00:00.000000",19.8193416595459
"OB","2026-09-21T10:00:00.000000",19.8179950714111
"OB","2026-09-21T11:00:00.000000",19.8192710876465
"OB","2026-09-21T12:00:00.000000",19.8224124908447
"OB","2026-09-21T13:00:00.000000",19.8275508880615
"OB","2026-09-21T14:00:00.000000",19.8386974334717
"OB","2026-09-21T15:00:00.000000",19.8423442840576
"OB","2026-09-21T16:00:00.000000",19.8405704498291
"OB","2026-09-21T17:00:00.000000",19.8400630950928
"OB","2026-09-21T18:00:00.000000",19.8451175689697
"OB","2026-09-21T19:00:00.000000",19.8495998382568
"OB","2026-09-21T20:00:00.000000",19.8336486816406
"OB","2026-09-21T21:00:00.000000",19.8022365570068
"OB","2026-09-21T22:00:00.000000",19.781286239624
"OB","2026-09-21T23:00:00.000000",19.7605266571045
"OB","2026-09-22T00:00:00.000000",19.7835655212402
"OB","2026-09-22T01:00:00.000000",19.7950286865234
"OB","2026-09-22T02:00:00.000000",19.8023052215576
"OB","2026-09-22T03:00:00.000000",19.8136425018311
"OB","2026-09-22T04:00:00.000000",19.8289546966553
"OB","2026-09-22T05:00:00.000000",19.838888168335
"OB","2026-09-22T06:00:00.000000",19.8477077484131
"OB","2026-09-22T07:00:00.000000",19.8254680633545
"OB","2026-09-22T08:00:00.000000",19.816349029541
"OB","2026-09-22T09:00:00.000000",19.7979278564453
"OB","2026-09-22T10:00:00.000000",19.8078441619873
"OB","2026-09-22T11:00:00.000000",19.8017616271973
"OB","2026-09-22T12:00:00.000000",19.8119125366211
"OB","2026-09-22T13:00:00.000000",19.8138675689697
"OB","2026-09-22T14:00:00.000000",19.8256340026855
"OB","2026-09-22T15:00:00.000000",19.8328247070312
"OB","2026-09-22T16:00:00.000000",19.843168258667
"OB","2026-09-22T17:00:00.000000",19.8467998504639
"OB","2026-09-22T18:00:00.000000",19.8443775177002
"OB","2026-09-22T19:00:00.000000",19.8427410125732
"OB","2026-09-22T20:00:00.000000",19.8351421356201
"OB","2026-09-22T21:00:00.000000",19.7909908294678
"OB","2026-09-22T22:00:00.000000",19.7494373321533
"OB","2026-09-22T23:00:00.000000",19.6946125030518
"OB","2026-09-23T00:00:00.000000",19.7294120788574
"OB","2026-09-23T01:00:00.000000",19.7490692138672
"OB","2026-09-23T02:00:00.000000",19.7797393798828
"OB","2026-09-23T03:00:00.000000",19.7985992431641
"OB","2026-09-23T04:00:00.000000",19.8168487548828
"OB","2026-09-23T05:00:00.000000",19.8370189666748
"OB","2026-09-23T06:00:00.000000",19.8455944061279
"OB","2026-09-23T07:00:00.000000",19.8348178863525
"OB","2026-09-23T08:00:00.000000",19.8193187713623
"OB","2026-09-23T09:00:00.000000",19.7711601257324
"OB","2026-09-23T10:00:00.000000",19.703010559082
"OB","2026-09-23T11:00:00.000000",19.6405467987061
"OB","2026-09-23T12:00:00.000000",19.6401386260986
"OB","2026-09-23T13:00:00.000000",19.7212467193604
"OB","2026-09-23T14:00:00.000000",19.7816600799561
"OB","2026-09-23T15:00:00.000000",19.8152179718018
"OB","2026-09-23T16:00:00.000000",19.8284816741943
"OB","2026-09-23T17:00:00.000000",19.8389167785645
"OB","2026-09-23T18:00:00.000000",19.8466663360596
"OB","2026-09-23T19:00:00.000000",19.8319835662842
"OB","2026-09-23T20:00:00.000000",19.8169651031494
"OB","2026-09-23T21:00:00.000000",19.667610168457
"OB","2026-09-23T22:00:00.000000",19.4553737640381
"OB","2026-09-23T23:00:00.000000",19.387508392334
"OB","2026-09-24T00:00:00.000000",19.377613067627
"OB","2026-09-24T01:00:00.000000",19.4093074798584
"OB","2026-09-24T02:00:00.000000",19.5050029754639
"OB","2026-09-24T03:00:00.000000",19.5935344696045
"OB","2026-09-24T04:00:00.000000",19.6604022979736
"OB","2026-09-24T05:00:00.000000",19.7141456604004
"OB","2026-09-24T06:00:00.000000",19.7698860168457
"OB","2026-09-24T07:00:00.000000",19.7859935760498
"OB","2026-09-24T08:00:00.000000",19.7322025299072
"OB","2026-09-24T09:00:00.000000",19.5955848693848
"OB","2026-09-24T10:00:00.000000",19.4267196655273
"OB","2026-09-24T11:00:00.000000",19.296895980835
"OB","2026-09-24T12:00:00.000000",19.2205467224121
"OB","2026-09-24T13:00:00.000000",19.2950592041016
"OB","2026-09-24T14:00:00.000000",19.4820098876953
"OB","2026-09-24T15:00:00.000000",19.5986289978027
"OB","2026-09-24T16:00:00.000000",19.6863670349121
"OB","2026-09-24T17:00:00.000000",19.7275199890137
"OB","2026-09-24T18:00:00.000000",19.7543029785156
"OB","2026-09-24T19:00:00.000000",19.766845703125
"OB","2026-09-24T20:00:00.000000",19.7316131591797
"OB","2026-09-24T21:00:00.000000",19.6362171173096
"OB","2026-09-24T22:00:00.000000",19.3418712615967
"OB","2026-09-24T23:00:00.000000",19.1838684082031
"OB","2026-09-25T00:00:00.000000",19.1381206512451
"WC","2026-09-19T00:00:00.000000",20.8357219696045
"WC","2026-09-19T01:00:00.000000",20.4215965270996
"WC","2026-09-19T02:00:00.000000",20.3568840026855
"WC","2026-09-19T03:00:00.000000",20.4607067108154
"WC","2026-09-19T04:00:00.000000",20.5511512756348
"WC","2026-09-19T05:00:00.000000",20.5888652801514
"WC","2026-09-19T06:00:00.000000",20.5881614685059
"WC","2026-09-19T07:00:00.000000",20.6020927429199
"WC","2026-09-19T08:00:00.000000",20.6128692626953
"WC","2026-09-19T09:00:00.000000",20.5950355529785
"WC","2026-09-19T10:00:00.000000",20.53635597229
"WC","2026-09-19T11:00:00.000000",20.4383335113525
"WC","2026-09-19T12:00:00.000000",20.3698654174805
"WC","2026-09-19T13:00:00.000000",20.3522987365723
"WC","2026-09-19T14:00:00.000000",20.3243541717529
"WC","2026-09-19T15:00:00.000000",20.328821182251
"WC","2026-09-19T16:00:00.000000",20.4293212890625
"WC","2026-09-19T17:00:00.000000",20.5223827362061
"WC","2026-09-19T18:00:00.000000",20.567195892334
"WC","2026-09-19T19:00:00.000000",20.5879802703857
"WC","2026-09-19T20:00:00.000000",20.591028213501
"WC","2026-09-19T21:00:00.000000",20.6165046691895
"WC","2026-09-19T22:00:00.000000",20.6088809967041
"WC","2026-09-19T23:00:00.000000",20.5556964874268
"WC","2026-09-20T00:00:00.000000",20.4659118652344
"WC","2026-09-20T01:00:00.000000",20.1938076019287
"WC","2026-09-20T02:00:00.000000",20.098237991333
"WC","2026-09-20T03:00:00.000000",20.1186199188232
"WC","2026-09-20T04:00:00.000000",20.2026996612549
"WC","2026-09-20T05:00:00.000000",20.2374744415283
"WC","2026-09-20T06:00:00.000000",20.2645530700684
"WC","2026-09-20T07:00:00.000000",20.2903804779053
"WC","2026-09-20T08:00:00.000000",20.2967338562012
"WC","2026-09-20T09:00:00.000000",20.2938270568848
"WC","2026-09-20T10:00:00.000000",20.2918376922607
"WC","2026-09-20T11:00:00.000000",20.2870655059814
"WC","2026-09-20T12:00:00.000000",20.2738571166992
"WC","2026-09-20T13:00:00.000000",20.26194190979
"WC","2026-09-20T14:00:00.000000",20.247106552124
"WC","2026-09-20T15:00:00.000000",20.2278385162354
"WC","2026-09-20T16:00:00.000000",20.2472152709961
"WC","2026-09-20T17:00:00.000000",20.2954807281494
"WC","2026-09-20T18:00:00.000000",20.3289566040039
"WC","2026-09-20T19:00:00.000000",20.3621578216553
"WC","2026-09-20T20:00:00.000000",20.3716449737549
"WC","2026-09-20T21:00:00.000000",20.3683204650879
"WC","2026-09-20T22:00:00.000000",20.3693542480469
"WC","2026-09-20T23:00:00.000000",20.368782043457
"WC","2026-09-21T00:00:00.000000",20.3641204833984
"WC","2026-09-21T01:00:00.000000",20.0625534057617
"WC","2026-09-21T02:00:00.000000",19.9956569671631
"WC","2026-09-21T03:00:00.000000",19.9653053283691
"WC","2026-09-21T04:00:00.000000",19.9825782775879
"WC","2026-09-21T05:00:00.000000",20.0676403045654
"WC","2026-09-21T06:00:00.000000",20.1741333007812
"WC","2026-09-21T07:00:00.000000",20.226583480835
"WC","2026-09-21T08:00:00.000000",20.2428855895996
"WC","2026-09-21T09:00:00.000000",20.2466564178467
"WC","2026-09-21T10:00:00.000000",20.2511425018311
"WC","2026-09-21T11:00:00.000000",20.2467155456543
"WC","2026-09-21T12:00:00.000000",20.197582244873
"WC","2026-09-21T13:00:00.000000",20.0359191894531
"WC","2026-09-21T14:00:00.000000",19.9911479949951
"WC","2026-09-21T15:00:00.000000",19.9926147460938
"WC","2026-09-21T16:00:00.000000",19.9933338165283
"WC","2026-09-21T17:00:00.000000",19.9955654144287
"WC","2026-09-21T18:00:00.000000",20.1373233795166
"WC","2026-09-21T19:00:00.000000",20.3225555419922
"WC","2026-09-21T20:00:00.000000",20.3943138122559
"WC","2026-09-21T21:00:00.000000",20.4054298400879
"WC","2026-09-21T22:00:00.000000",20.4061603546143
"WC","2026-09-21T23:00:00.000000",20.409839630127
"WC","2026-09-22T00:00:00.000000",20.4054508209229
"WC","2026-09-22T01:00:00.000000",20.303731918335
"WC","2026-09-22T02:00:00.000000",20.1952419281006
"WC","2026-09-22T03:00:00.000000",20.1044616699219
"WC","2026-09-22T04:00:00.000000",20.0774726867676
"WC","2026-09-22T05:00:00.000000",20.0829982757568
"WC","2026-09-22T06:00:00.000000",20.2618255615234
"WC","2026-09-22T07:00:00.000000",20.3241634368896
"WC","2026-09-22T08:00:00.000000",20.3366069793701
"WC","2026-09-22T09:00:00.000000",20.3613319396973
"WC","2026-09-22T10:00:00.000000",20.3692989349365
"WC","2026-09-22T11:00:00.000000",20.3715572357178
"WC","2026-09-22T12:00:00.000000",20.3715572357178
"WC","2026-09-22T13:00:00.000000",20.3714733123779
"WC","2026-09-22T14:00:00.000000",20.2990093231201
"WC","2026-09-22T15:00:00.000000",20.2340068817139
"WC","2026-09-22T16:00:00.000000",20.2000484466553
"WC","2026-09-22T17:00:00.000000",20.1920871734619
"WC","2026-09-22T18:00:00.000000",20.1957874298096
"WC","2026-09-22T19:00:00.000000",20.3469905853271
"WC","2026-09-22T20:00:00.000000",20.4977893829346
"WC","2026-09-22T21:00:00.000000",20.5581531524658
"WC","2026-09-22T22:00:00.000000",20.5649394989014
"WC","2026-09-22T23:00:00.000000",20.5649394989014
"WC","2026-09-23T00:00:00.000000",20.5649394989014
"WC","2026-09-23T01:00:00.000000",20.5649394989014
"WC","2026-09-23T02:00:00.000000",20.4669818878174
"WC","2026-09-23T03:00:00.000000",20.3323650360107
"WC","2026-09-23T04:00:00.000000",20.2764339447021
"WC","2026-09-23T05:00:00.000000",20.2620468139648
"WC","2026-09-23T06:00:00.000000",20.2917728424072
"WC","2026-09-23T07:00:00.000000",20.3071880340576
"WC","2026-09-23T08:00:00.000000",20.2597408294678
"WC","2026-09-23T09:00:00.000000",20.2637729644775
"WC","2026-09-23T10:00:00.000000",20.2877559661865
"WC","2026-09-23T11:00:00.000000",20.2975788116455
"WC","2026-09-23T12:00:00.000000",20.3020153045654
"WC","2026-09-23T13:00:00.000000",20.3020153045654
"WC","2026-09-23T14:00:00.000000",20.2922496795654
"WC","2026-09-23T15:00:00.000000",20.2171096801758
"WC","2026-09-23T16:00:00.000000",20.188024520874
"WC","2026-09-23T17:00:00.000000",20.1677379608154
"WC","2026-09-23T18:00:00.000000",20.1558647155762
"WC","2026-09-23T19:00:00.000000",20.1574993133545
"WC","2026-09-23T20:00:00.000000",20.2083358764648
"WC","2026-09-23T21:00:00.000000",20.3280639648438
"WC","2026-09-23T22:00:00.000000",20.3602428436279
"WC","2026-09-23T23:00:00.000000",20.3602428436279
"WC","2026-09-24T00:00:00.000000",20.3602428436279
"WC","2026-09-24T01:00:00.000000",20.3602428436279
"WC","2026-09-24T02:00:00.000000",20.3585186004639
"WC","2026-09-24T03:00:00.000000",20.242151260376
"WC","2026-09-24T04:00:00.000000",20.1650047302246
"WC","2026-09-24T05:00:00.000000",20.1436519622803
"WC","2026-09-24T06:00:00.000000",20.1349773406982
"WC","2026-09-24T07:00:00.000000",20.1641998291016
"WC","2026-09-24T08:00:00.000000",20.1418838500977
"WC","2026-09-24T09:00:00.000000",20.1146030426025
"WC","2026-09-24T10:00:00.000000",20.1501712799072
"WC","2026-09-24T11:00:00.000000",20.1582660675049
"WC","2026-09-24T12:00:00.000000",20.162015914917
"WC","2026-09-24T13:00:00.000000",20.162015914917
"WC","2026-09-24T14:00:00.000000",20.162015914917
"WC","2026-09-24T15:00:00.000000",20.1331443786621
"WC","2026-09-24T16:00:00.000000",20.0711135864258
"WC","2026-09-24T17:00:00.000000",20.044017791748
"WC","2026-09-24T18:00:00.000000",20.0271186828613
"WC","2026-09-24T19:00:00.000000",20.0204925537109
"WC","2026-09-24T20:00:00.000000",20.029483795166
"WC","2026-09-24T21:00:00.000000",20.1134910583496
"WC","2026-09-24T22:00:00.000000",20.1883811950684
"WC","2026-09-24T23:00:00.000000",20.1766262054443
"WC","2026-09-25T00:00:00.000000",20.1821613311768
"WI","2026-09-19T00:00:00.000000",21.1601142883301
"WI","2026-09-19T01:00:00.000000",20.6725940704346
"WI","2026-09-19T02:00:00.000000",20.5836734771729
"WI","2026-09-19T03:00:00.000000",20.720422744751
"WI","2026-09-19T04:00:00.000000",20.6424388885498
"WI","2026-09-19T05:00:00.000000",20.5746250152588
"WI","2026-09-19T06:00:00.000000",20.5355854034424
"WI","2026-09-19T07:00:00.000000",20.4781761169434
"WI","2026-09-19T08:00:00.000000",20.4462699890137
"WI","2026-09-19T09:00:00.000000",20.4371490478516
"WI","2026-09-19T10:00:00.000000",20.3967304229736
"WI","2026-09-19T11:00:00.000000",20.3696842193604
"WI","2026-09-19T12:00:00.000000",20.3659133911133
"WI","2026-09-19T13:00:00.000000",20.3855533599854
"WI","2026-09-19T14:00:00.000000",20.4202442169189
"WI","2026-09-19T15:00:00.000000",20.5731506347656
"WI","2026-09-19T16:00:00.000000",20.7070140838623
"WI","2026-09-19T17:00:00.000000",20.7633571624756
"WI","2026-09-19T18:00:00.000000",20.8222122192383
"WI","2026-09-19T19:00:00.000000",20.8267784118652
"WI","2026-09-19T20:00:00.000000",20.7882804870605
"WI","2026-09-19T21:00:00.000000",20.7140445709229
"WI","2026-09-19T22:00:00.000000",20.6421165466309
"WI","2026-09-19T23:00:00.000000",20.5818862915039
"WI","2026-09-20T00:00:00.000000",20.5393619537354
"WI","2026-09-20T01:00:00.000000",20.2870845794678
"WI","2026-09-20T02:00:00.000000",20.2421550750732
"WI","2026-09-20T03:00:00.000000",20.2374725341797
"WI","2026-09-20T04:00:00.000000",20.2768650054932
"WI","2026-09-20T05:00:00.000000",20.2683944702148
"WI","2026-09-20T06:00:00.000000",20.2554321289062
"WI","2026-09-20T07:00:00.000000",20.231990814209
"WI","2026-09-20T08:00:00.000000",20.2015895843506
"WI","2026-09-20T09:00:00.000000",20.1313648223877
"WI","2026-09-20T10:00:00.000000",20.0724639892578
"WI","2026-09-20T11:00:00.000000",20.0640869140625
"WI","2026-09-20T12:00:00.000000",20.0762157440186
"WI","2026-09-20T13:00:00.000000",20.0892658233643
"WI","2026-09-20T14:00:00.000000",20.1209087371826
"WI","2026-09-20T15:00:00.000000",20.1723880767822
"WI","2026-09-20T16:00:00.000000",20.1995964050293
"WI","2026-09-20T17:00:00.000000",20.184326171875
"WI","2026-09-20T18:00:00.000000",20.1699504852295
"WI","2026-09-20T19:00:00.000000",20.1635799407959
"WI","2026-09-20T20:00:00.000000",20.1575832366943
"WI","2026-09-20T21:00:00.000000",20.1439170837402
"WI","2026-09-20T22:00:00.000000",20.1418266296387
"WI","2026-09-20T23:00:00.000000",20.1673851013184
"WI","2026-09-21T00:00:00.000000",20.1959114074707
"WI","2026-09-21T01:00:00.000000",20.6713256835938
"WI","2026-09-21T02:00:00.000000",20.7364177703857
"WI","2026-09-21T03:00:00.000000",20.7297306060791
"WI","2026-09-21T04:00:00.000000",20.7214679718018
"WI","2026-09-21T05:00:00.000000",20.7278003692627
"WI","2026-09-21T06:00:00.000000",20.7260875701904
"WI","2026-09-21T07:00:00.000000",20.7052040100098
"WI","2026-09-21T08:00:00.000000",20.6553249359131
"WI","2026-09-21T09:00:00.000000",20.6066589355469
"WI","2026-09-21T10:00:00.000000",20.5736751556396
"WI","2026-09-21T11:00:00.000000",20.5567378997803
"WI","2026-09-21T12:00:00.000000",20.5459671020508
"WI","2026-09-21T13:00:00.000000",20.5499019622803
"WI","2026-09-21T14:00:00.000000",20.559907913208
"WI","2026-09-21T15:00:00.000000",20.5987205505371
"WI","2026-09-21T16:00:00.000000",20.6423873901367
"WI","2026-09-21T17:00:00.000000",20.7052631378174
"WI","2026-09-21T18:00:00.000000",20.7663631439209
"WI","2026-09-21T19:00:00.000000",20.7994804382324
"WI","2026-09-21T20:00:00.000000",20.8114318847656
"WI","2026-09-21T21:00:00.000000",20.7778129577637
"WI","2026-09-21T22:00:00.000000",20.7368030548096
"WI","2026-09-21T23:00:00.000000",20.7054862976074
"WI","2026-09-22T00:00:00.000000",20.6993789672852
"WI","2026-09-22T01:00:00.000000",20.7151832580566
"WI","2026-09-22T02:00:00.000000",20.6943531036377
"WI","2026-09-22T03:00:00.000000",20.6773052215576
"WI","2026-09-22T04:00:00.000000",20.6644954681396
"WI","2026-09-22T05:00:00.000000",20.6535186767578
"WI","2026-09-22T06:00:00.000000",20.6831855773926
"WI","2026-09-22T07:00:00.000000",20.7367324829102
"WI","2026-09-22T08:00:00.000000",20.7311515808105
"WI","2026-09-22T09:00:00.000000",20.7163944244385
"WI","2026-09-22T10:00:00.000000",20.6930160522461
"WI","2026-09-22T11:00:00.000000",20.6416721343994
"WI","2026-09-22T12:00:00.000000",20.5796451568604
"WI","2026-09-22T13:00:00.000000",20.5194606781006
"WI","2026-09-22T14:00:00.000000",20.4972171783447
"WI","2026-09-22T15:00:00.000000",20.5155963897705
"WI","2026-09-22T16:00:00.000000",20.5266780853271
"WI","2026-09-22T17:00:00.000000",20.5556621551514
"WI","2026-09-22T18:00:00.000000",20.5797424316406
"WI","2026-09-22T19:00:00.000000",20.6043167114258
"WI","2026-09-22T20:00:00.000000",20.6172389984131
"WI","2026-09-22T21:00:00.000000",20.6201820373535
"WI","2026-09-22T22:00:00.000000",20.5982913970947
"WI","2026-09-22T23:00:00.000000",20.5454273223877
"WI","2026-09-23T00:00:00.000000",20.5081024169922
"WI","2026-09-23T01:00:00.000000",20.4820938110352
"WI","2026-09-23T02:00:00.000000",20.4441013336182
"WI","2026-09-23T03:00:00.000000",20.4019069671631
"WI","2026-09-23T04:00:00.000000",20.3594493865967
"WI","2026-09-23T05:00:00.000000",20.3188915252686
"WI","2026-09-23T06:00:00.000000",20.3233280181885
"WI","2026-09-23T07:00:00.000000",20.3788661956787
"WI","2026-09-23T08:00:00.000000",20.424129486084
"WI","2026-09-23T09:00:00.000000",20.4351558685303
"WI","2026-09-23T10:00:00.000000",20.360595703125
"WI","2026-09-23T11:00:00.000000",20.1966495513916
"WI","2026-09-23T12:00:00.000000",20.0500659942627
"WI","2026-09-23T13:00:00.000000",20.0165863037109
"WI","2026-09-23T14:00:00.000000",20.0107917785645
"WI","2026-09-23T15:00:00.000000",20.0210342407227
"WI","2026-09-23T16:00:00.000000",20.0326976776123
"WI","2026-09-23T17:00:00.000000",20.0190544128418
"WI","2026-09-23T18:00:00.000000",20.0212001800537
"WI","2026-09-23T19:00:00.000000",20.0401172637939
"WI","2026-09-23T20:00:00.000000",20.0549640655518
"WI","2026-09-23T21:00:00.000000",20.0632801055908
"WI","2026-09-23T22:00:00.000000",20.0444431304932
"WI","2026-09-23T23:00:00.000000",20.0128765106201
"WI","2026-09-24T00:00:00.000000",19.9876461029053
"WI","2026-09-24T01:00:00.000000",19.9666328430176
"WI","2026-09-24T02:00:00.000000",19.9351234436035
"WI","2026-09-24T03:00:00.000000",19.8991813659668
"WI","2026-09-24T04:00:00.000000",19.8662052154541
"WI","2026-09-24T05:00:00.000000",19.8298530578613
"WI","2026-09-24T06:00:00.000000",19.7915821075439
"WI","2026-09-24T07:00:00.000000",19.790548324585
"WI","2026-09-24T08:00:00.000000",19.8459243774414
"WI","2026-09-24T09:00:00.000000",19.8957901000977
"WI","2026-09-24T10:00:00.000000",19.850944519043
"WI","2026-09-24T11:00:00.000000",19.7085609436035
"WI","2026-09-24T12:00:00.000000",19.5997371673584
"WI","2026-09-24T13:00:00.000000",19.5717468261719
"WI","2026-09-24T14:00:00.000000",19.5610828399658
"WI","2026-09-24T15:00:00.000000",19.5596332550049
"WI","2026-09-24T16:00:00.000000",19.5832004547119
"WI","2026-09-24T17:00:00.000000",19.600606918335
"WI","2026-09-24T18:00:00.000000",19.6157112121582
"WI","2026-09-24T19:00:00.000000",19.6228179931641
"WI","2026-09-24T20:00:00.000000",19.616979598999
"WI","2026-09-24T21:00:00.000000",19.6022262573242
"WI","2026-09-24T22:00:00.000000",19.5760746002197
"WI","2026-09-24T23:00:00.000000",19.5498580932617
"WI","2026-09-25T00:00:00.000000",19.5590972900391
