"site_id","time","temp_c"
"AQ","2026-09-15T00:00:00.000000",17.6472225189209
"AQ","2026-09-15T01:00:00.000000",17.0770568847656
"AQ","2026-09-15T02:00:00.000000",17.0230598449707
"AQ","2026-09-15T03:00:00.000000",16.9992942810059
"AQ","2026-09-15T04:00:00.000000",16.9483108520508
"AQ","2026-09-15T05:00:00.000000",16.9082126617432
"AQ","2026-09-15T06:00:00.000000",16.8850345611572
"AQ","2026-09-15T07:00:00.000000",16.87428855896
"AQ","2026-09-15T08:00:00.000000",16.7492389678955
"AQ","2026-09-15T09:00:00.000000",16.6954536437988
"AQ","2026-09-15T10:00:00.000000",16.6877326965332
"AQ","2026-09-15T11:00:00.000000",16.7015609741211
"AQ","2026-09-15T12:00:00.000000",16.7031192779541
"AQ","2026-09-15T13:00:00.000000",16.697639465332
"AQ","2026-09-15T14:00:00.000000",16.7176151275635
"AQ","2026-09-15T15:00:00.000000",16.7659435272217
"AQ","2026-09-15T16:00:00.000000",16.8587493896484
"AQ","2026-09-15T17:00:00.000000",16.9555721282959
"AQ","2026-09-15T18:00:00.000000",17.0028514862061
"AQ","2026-09-15T19:00:00.000000",17.0441131591797
"AQ","2026-09-15T20:00:00.000000",17.0185604095459
"AQ","2026-09-15T21:00:00.000000",16.9808235168457
"AQ","2026-09-15T22:00:00.000000",17.0201282501221
"AQ","2026-09-15T23:00:00.000000",17.0183944702148
"AQ","2026-09-16T00:00:00.000000",16.9875392913818
"AQ","2026-09-16T01:00:00.000000",16.9013690948486
"AQ","2026-09-16T02:00:00.000000",16.8267154693604
"AQ","2026-09-16T03:00:00.000000",16.8062591552734
"AQ","2026-09-16T04:00:00.000000",16.8288726806641
"AQ","2026-09-16T05:00:00.000000",16.8982181549072
"AQ","2026-09-16T06:00:00.000000",16.9369945526123
"AQ","2026-09-16T07:00:00.000000",16.9516735076904
"AQ","2026-09-16T08:00:00.000000",16.9666366577148
"AQ","2026-09-16T09:00:00.000000",16.8789806365967
"AQ","2026-09-16T10:00:00.000000",16.8284912109375
"AQ","2026-09-16T11:00:00.000000",16.8240013122559
"AQ","2026-09-16T12:00:00.000000",16.7783622741699
"AQ","2026-09-16T13:00:00.000000",16.7332706451416
"AQ","2026-09-16T14:00:00.000000",16.7753200531006
"AQ","2026-09-16T15:00:00.000000",16.8562564849854
"AQ","2026-09-16T16:00:00.000000",16.9339275360107
"AQ","2026-09-16T17:00:00.000000",17.0442581176758
"AQ","2026-09-16T18:00:00.000000",17.1761341094971
"AQ","2026-09-16T19:00:00.000000",17.271146774292
"AQ","2026-09-16T20:00:00.000000",17.3268508911133
"AQ","2026-09-16T21:00:00.000000",17.1915264129639
"AQ","2026-09-16T22:00:00.000000",17.1706981658936
"AQ","2026-09-16T23:00:00.000000",17.2002754211426
"AQ","2026-09-17T00:00:00.000000",17.194995880127
"AQ","2026-09-17T01:00:00.000000",17.3794994354248
"AQ","2026-09-17T02:00:00.000000",17.3848819732666
"AQ","2026-09-17T03:00:00.000000",17.3633575439453
"AQ","2026-09-17T04:00:00.000000",17.3484706878662
"AQ","2026-09-17T05:00:00.000000",17.3226470947266
"AQ","2026-09-17T06:00:00.000000",17.3199596405029
"AQ","2026-09-17T07:00:00.000000",17.3538970947266
"AQ","2026-09-17T08:00:00.000000",17.3732147216797
"AQ","2026-09-17T09:00:00.000000",17.3627967834473
"AQ","2026-09-17T10:00:00.000000",17.3215961456299
"AQ","2026-09-17T11:00:00.000000",17.3012294769287
"AQ","2026-09-17T12:00:00.000000",17.3052253723145
"AQ","2026-09-17T13:00:00.000000",17.3111591339111
"AQ","2026-09-17T14:00:00.000000",17.3135261535645
"AQ","2026-09-17T15:00:00.000000",17.32399559021
"AQ","2026-09-17T16:00:00.000000",17.3369541168213
"AQ","2026-09-17T17:00:00.000000",17.3674697875977
"AQ","2026-09-17T18:00:00.000000",17.4612274169922
"AQ","2026-09-17T19:00:00.000000",17.5387592315674
"AQ","2026-09-17T20:00:00.000000",17.567626953125
"AQ","2026-09-17T21:00:00.000000",17.5217571258545
"AQ","2026-09-17T22:00:00.000000",17.4098720550537
"AQ","2026-09-17T23:00:00.000000",17.3747997283936
"AQ","2026-09-18T00:00:00.000000",17.3592987060547
"AQ","2026-09-18T01:00:00.000000",17.3720836639404
"AQ","2026-09-18T02:00:00.000000",17.3786602020264
"AQ","2026-09-18T03:00:00.000000",17.3792686462402
"AQ","2026-09-18T04:00:00.000000",17.3733062744141
"AQ","2026-09-18T05:00:00.000000",17.3668766021729
"AQ","2026-09-18T06:00:00.000000",17.3674850463867
"AQ","2026-09-18T07:00:00.000000",17.3796215057373
"AQ","2026-09-18T08:00:00.000000",17.4176998138428
"AQ","2026-09-18T09:00:00.000000",17.4276275634766
"AQ","2026-09-18T10:00:00.000000",17.4137382507324
"AQ","2026-09-18T11:00:00.000000",17.3826026916504
"AQ","2026-09-18T12:00:00.000000",17.3694000244141
"AQ","2026-09-18T13:00:00.000000",17.3749847412109
"AQ","2026-09-18T14:00:00.000000",17.3893871307373
"AQ","2026-09-18T15:00:00.000000",17.3993644714355
"AQ","2026-09-18T16:00:00.000000",17.424186706543
"AQ","2026-09-18T17:00:00.000000",17.4431076049805
"AQ","2026-09-18T18:00:00.000000",17.4982089996338
"AQ","2026-09-18T19:00:00.000000",17.5905227661133
"AQ","2026-09-18T20:00:00.000000",17.6783199310303
"AQ","2026-09-18T21:00:00.000000",17.7080192565918
"AQ","2026-09-18T22:00:00.000000",17.7420768737793
"AQ","2026-09-18T23:00:00.000000",17.7349510192871
"AQ","2026-09-19T00:00:00.000000",17.7139835357666
"AQ","2026-09-19T01:00:00.000000",17.6924304962158
"AQ","2026-09-19T02:00:00.000000",17.6544361114502
"AQ","2026-09-19T03:00:00.000000",17.6284675598145
"AQ","2026-09-19T04:00:00.000000",17.6353340148926
"AQ","2026-09-19T05:00:00.000000",17.6372528076172
"AQ","2026-09-19T06:00:00.000000",17.6271018981934
"AQ","2026-09-19T07:00:00.000000",17.6179447174072
"AQ","2026-09-19T08:00:00.000000",17.6296615600586
"AQ","2026-09-19T09:00:00.000000",17.6340007781982
"AQ","2026-09-19T10:00:00.000000",17.5883445739746
"AQ","2026-09-19T11:00:00.000000",17.4281463623047
"AQ","2026-09-19T12:00:00.000000",17.3321571350098
"AQ","2026-09-19T13:00:00.000000",17.2948360443115
"AQ","2026-09-19T14:00:00.000000",17.2860260009766
"AQ","2026-09-19T15:00:00.000000",17.2941570281982
"AQ","2026-09-19T16:00:00.000000",17.3246459960938
"AQ","2026-09-19T17:00:00.000000",17.3927421569824
"AQ","2026-09-19T18:00:00.000000",17.4910182952881
"AQ","2026-09-19T19:00:00.000000",17.5974216461182
"AQ","2026-09-19T20:00:00.000000",17.6814079284668
"AQ","2026-09-19T21:00:00.000000",17.7402286529541
"AQ","2026-09-19T22:00:00.000000",17.7662563323975
"AQ","2026-09-19T23:00:00.000000",17.7659568786621
"AQ","2026-09-20T00:00:00.000000",17.7243747711182
"AQ","2026-09-20T01:00:00.000000",17.6394271850586
"AQ","2026-09-20T02:00:00.000000",17.5818634033203
"AQ","2026-09-20T03:00:00.000000",17.547830581665
"AQ","2026-09-20T04:00:00.000000",17.5292301177979
"AQ","2026-09-20T05:00:00.000000",17.5035858154297
"AQ","2026-09-20T06:00:00.000000",17.4625110626221
"AQ","2026-09-20T07:00:00.000000",17.4436340332031
"AQ","2026-09-20T08:00:00.000000",17.4634246826172
"AQ","2026-09-20T09:00:00.000000",17.4733200073242
"AQ","2026-09-20T10:00:00.000000",17.4839191436768
"AQ","2026-09-20T11:00:00.000000",17.4811592102051
"AQ","2026-09-20T12:00:00.000000",17.4686107635498
"AQ","2026-09-20T13:00:00.000000",17.4375972747803
"AQ","2026-09-20T14:00:00.000000",17.3910236358643
"AQ","2026-09-20T15:00:00.000000",17.3671016693115
"AQ","2026-09-20T16:00:00.000000",17.3723201751709
"AQ","2026-09-20T17:00:00.000000",17.385856628418
"AQ","2026-09-20T18:00:00.000000",17.4124145507812
"AQ","2026-09-20T19:00:00.000000",17.4443683624268
"AQ","2026-09-20T20:00:00.000000",17.4860019683838
"AQ","2026-09-20T21:00:00.000000",17.5589179992676
"AQ","2026-09-20T22:00:00.000000",17.6114368438721
"AQ","2026-09-20T23:00:00.000000",17.6180610656738
"AQ","2026-09-21T00:00:00.000000",17.5658626556396
"CB","2026-09-15T00:00:00.000000",17.5707015991211
"CB","2026-09-15T01:00:00.000000",17.3715972900391
"CB","2026-09-15T02:00:00.000000",17.356128692627
"CB","2026-09-15T03:00:00.000000",17.3627452850342
"CB","2026-09-15T04:00:00.000000",17.2558822631836
"CB","2026-09-15T05:00:00.000000",17.1704196929932
"CB","2026-09-15T06:00:00.000000",17.1632232666016
"CB","2026-09-15T07:00:00.000000",17.1662044525146
"CB","2026-09-15T08:00:00.000000",17.1669960021973
"CB","2026-09-15T09:00:00.000000",17.1778621673584
"CB","2026-09-15T10:00:00.000000",17.2198600769043
"CB","2026-09-15T11:00:00.000000",17.2302322387695
"CB","2026-09-15T12:00:00.000000",17.2334518432617
"CB","2026-09-15T13:00:00.000000",17.2347564697266
"CB","2026-09-15T14:00:00.000000",17.2388477325439
"CB","2026-09-15T15:00:00.000000",17.2430114746094
"CB","2026-09-15T16:00:00.000000",17.2815914154053
"CB","2026-09-15T17:00:00.000000",17.3785076141357
"CB","2026-09-15T18:00:00.000000",17.4369640350342
"CB","2026-09-15T19:00:00.000000",17.4542903900146
"CB","2026-09-15T20:00:00.000000",17.3982353210449
"CB","2026-09-15T21:00:00.000000",17.3400650024414
"CB","2026-09-15T22:00:00.000000",17.2990570068359
"CB","2026-09-15T23:00:00.000000",17.3127975463867
"CB","2026-09-16T00:00:00.000000",17.3135852813721
"CB","2026-09-16T01:00:00.000000",17.0763454437256
"CB","2026-09-16T02:00:00.000000",17.045841217041
"CB","2026-09-16T03:00:00.000000",17.0313873291016
"CB","2026-09-16T04:00:00.000000",17.0197124481201
"CB","2026-09-16T05:00:00.000000",17.0139808654785
"CB","2026-09-16T06:00:00.000000",16.9929943084717
"CB","2026-09-16T07:00:00.000000",16.994291305542
"CB","2026-09-16T08:00:00.000000",17.0033054351807
"CB","2026-09-16T09:00:00.000000",17.0063781738281
"CB","2026-09-16T10:00:00.000000",17.0016841888428
"CB","2026-09-16T11:00:00.000000",17.0038833618164
"CB","2026-09-16T12:00:00.000000",17.0049247741699
"CB","2026-09-16T13:00:00.000000",16.9975299835205
"CB","2026-09-16T14:00:00.000000",16.997631072998
"CB","2026-09-16T15:00:00.000000",17.00439453125
"CB","2026-09-16T16:00:00.000000",17.0296859741211
"CB","2026-09-16T17:00:00.000000",17.0838832855225
"CB","2026-09-16T18:00:00.000000",17.15602684021
"CB","2026-09-16T19:00:00.000000",17.1827297210693
"CB","2026-09-16T20:00:00.000000",17.1913318634033
"CB","2026-09-16T21:00:00.000000",17.1685962677002
"CB","2026-09-16T22:00:00.000000",17.1229190826416
"CB","2026-09-16T23:00:00.000000",17.0795631408691
"CB","2026-09-17T00:00:00.000000",17.0713996887207
"CB","2026-09-17T01:00:00.000000",17.316047668457
"CB","2026-09-17T02:00:00.000000",17.3525123596191
"CB","2026-09-17T03:00:00.000000",17.3693599700928
"CB","2026-09-17T04:00:00.000000",17.3921585083008
"CB","2026-09-17T05:00:00.000000",17.4121990203857
"CB","2026-09-17T06:00:00.000000",17.418550491333
"CB","2026-09-17T07:00:00.000000",17.4212398529053
"CB","2026-09-17T08:00:00.000000",17.4318904876709
"CB","2026-09-17T09:00:00.000000",17.4419689178467
"CB","2026-09-17T10:00:00.000000",17.4324493408203
"CB","2026-09-17T11:00:00.000000",17.4284381866455
"CB","2026-09-17T12:00:00.000000",17.4352321624756
"CB","2026-09-17T13:00:00.000000",17.4314498901367
"CB","2026-09-17T14:00:00.000000",17.4283885955811
"CB","2026-09-17T15:00:00.000000",17.4272689819336
"CB","2026-09-17T16:00:00.000000",17.4276275634766
"CB","2026-09-17T17:00:00.000000",17.4453773498535
"CB","2026-09-17T18:00:00.000000",17.4680347442627
"CB","2026-09-17T19:00:00.000000",17.4844875335693
"CB","2026-09-17T20:00:00.000000",17.4960594177246
"CB","2026-09-17T21:00:00.000000",17.5049381256104
"CB","2026-09-17T22:00:00.000000",17.484561920166
"CB","2026-09-17T23:00:00.000000",17.4694881439209
"CB","2026-09-18T00:00:00.000000",17.469051361084
"CB","2026-09-18T01:00:00.000000",17.4948406219482
"CB","2026-09-18T02:00:00.000000",17.4970741271973
"CB","2026-09-18T03:00:00.000000",17.49778175354
"CB","2026-09-18T04:00:00.000000",17.4985122680664
"CB","2026-09-18T05:00:00.000000",17.4985504150391
"CB","2026-09-18T06:00:00.000000",17.4899921417236
"CB","2026-09-18T07:00:00.000000",17.4845600128174
"CB","2026-09-18T08:00:00.000000",17.4766693115234
"CB","2026-09-18T09:00:00.000000",17.4765930175781
"CB","2026-09-18T10:00:00.000000",17.480318069458
"CB","2026-09-18T11:00:00.000000",17.4808387756348
"CB","2026-09-18T12:00:00.000000",17.4951457977295
"CB","2026-09-18T13:00:00.000000",17.5074214935303
"CB","2026-09-18T14:00:00.000000",17.5128116607666
"CB","2026-09-18T15:00:00.000000",17.5134601593018
"CB","2026-09-18T16:00:00.000000",17.5136756896973
"CB","2026-09-18T17:00:00.000000",17.516056060791
"CB","2026-09-18T18:00:00.000000",17.5429592132568
"CB","2026-09-18T19:00:00.000000",17.6288032531738
"CB","2026-09-18T20:00:00.000000",17.6974315643311
"CB","2026-09-18T21:00:00.000000",17.719856262207
"CB","2026-09-18T22:00:00.000000",17.7250804901123
"CB","2026-09-18T23:00:00.000000",17.631498336792
"CB","2026-09-19T00:00:00.000000",17.5879135131836
"CB","2026-09-19T01:00:00.000000",17.5799045562744
"CB","2026-09-19T02:00:00.000000",17.5860939025879
"CB","2026-09-19T03:00:00.000000",17.5804634094238
"CB","2026-09-19T04:00:00.000000",17.5802478790283
"CB","2026-09-19T05:00:00.000000",17.5849285125732
"CB","2026-09-19T06:00:00.000000",17.5870380401611
"CB","2026-09-19T07:00:00.000000",17.5924854278564
"CB","2026-09-19T08:00:00.000000",17.5826244354248
"CB","2026-09-19T09:00:00.000000",17.5424556732178
"CB","2026-09-19T10:00:00.000000",17.5202865600586
"CB","2026-09-19T11:00:00.000000",17.5512218475342
"CB","2026-09-19T12:00:00.000000",17.5611839294434
"CB","2026-09-19T13:00:00.000000",17.566125869751
"CB","2026-09-19T14:00:00.000000",17.5773296356201
"CB","2026-09-19T15:00:00.000000",17.5799579620361
"CB","2026-09-19T16:00:00.000000",17.5808086395264
"CB","2026-09-19T17:00:00.000000",17.58154296875
"CB","2026-09-19T18:00:00.000000",17.5816440582275
"CB","2026-09-19T19:00:00.000000",17.5894832611084
"CB","2026-09-19T20:00:00.000000",17.61452293396
"CB","2026-09-19T21:00:00.000000",17.6394023895264
"CB","2026-09-19T22:00:00.000000",17.6431198120117
"CB","2026-09-19T23:00:00.000000",17.6532878875732
"CB","2026-09-20T00:00:00.000000",17.6211204528809
"CB","2026-09-20T01:00:00.000000",17.6116199493408
"CB","2026-09-20T02:00:00.000000",17.6220092773438
"CB","2026-09-20T03:00:00.000000",17.6271495819092
"CB","2026-09-20T04:00:00.000000",17.6276626586914
"CB","2026-09-20T05:00:00.000000",17.6278381347656
"CB","2026-09-20T06:00:00.000000",17.6282176971436
"CB","2026-09-20T07:00:00.000000",17.628812789917
"CB","2026-09-20T08:00:00.000000",17.6325359344482
"CB","2026-09-20T09:00:00.000000",17.6208972930908
"CB","2026-09-20T10:00:00.000000",17.5870532989502
"CB","2026-09-20T11:00:00.000000",17.5779418945312
"CB","2026-09-20T12:00:00.000000",17.5893955230713
"CB","2026-09-20T13:00:00.000000",17.6048488616943
"CB","2026-09-20T14:00:00.000000",17.6151371002197
"CB","2026-09-20T15:00:00.000000",17.6299781799316
"CB","2026-09-20T16:00:00.000000",17.6355152130127
"CB","2026-09-20T17:00:00.000000",17.6371059417725
"CB","2026-09-20T18:00:00.000000",17.6383419036865
"CB","2026-09-20T19:00:00.000000",17.6343975067139
"CB","2026-09-20T20:00:00.000000",17.6272869110107
"CB","2026-09-20T21:00:00.000000",17.616117477417
"CB","2026-09-20T22:00:00.000000",17.606050491333
"CB","2026-09-20T23:00:00.000000",17.6071224212646
"CB","2026-09-21T00:00:00.000000",17.6182155609131
"CI","2026-09-15T00:00:00.000000",18.2726593017578
"CI","2026-09-15T01:00:00.000000",18.2726593017578
"CI","2026-09-15T02:00:00.000000",18.2726593017578
"CI","2026-09-15T03:00:00.000000",18.2726593017578
"CI","2026-09-15T04:00:00.000000",17.5200843811035
"CI","2026-09-15T05:00:00.000000",17.7678375244141
"CI","2026-09-15T06:00:00.000000",17.7971477508545
"CI","2026-09-15T07:00:00.000000",17.757022857666
"CI","2026-09-15T08:00:00.000000",17.752965927124
"CI","2026-09-15T09:00:00.000000",17.7078647613525
"CI","2026-09-15T10:00:00.000000",17.6165981292725
"CI","2026-09-15T11:00:00.000000",17.607141494751
"CI","2026-09-15T12:00:00.000000",17.607141494751
"CI","2026-09-15T13:00:00.000000",17.607141494751
"CI","2026-09-15T14:00:00.000000",17.607141494751
"CI","2026-09-15T15:00:00.000000",17.6978244781494
"CI","2026-09-15T16:00:00.000000",17.7509059906006
"CI","2026-09-15T17:00:00.000000",17.7372570037842
"CI","2026-09-15T18:00:00.000000",17.7463188171387
"CI","2026-09-15T19:00:00.000000",17.755199432373
"CI","2026-09-15T20:00:00.000000",17.7919139862061
"CI","2026-09-15T21:00:00.000000",17.8016891479492
"CI","2026-09-15T22:00:00.000000",17.7971992492676
"CI","2026-09-15T23:00:00.000000",17.7821254730225
"CI","2026-09-16T00:00:00.000000",17.7821254730225
"CI","2026-09-16T01:00:00.000000",17.7821254730225
"CI","2026-09-16T02:00:00.000000",17.7821254730225
"CI","2026-09-16T03:00:00.000000",17.7821254730225
"CI","2026-09-16T04:00:00.000000",17.4460620880127
"CI","2026-09-16T05:00:00.000000",17.4901943206787
"CI","2026-09-16T06:00:00.000000",17.7169284820557
"CI","2026-09-16T07:00:00.000000",17.7562847137451
"CI","2026-09-16T08:00:00.000000",17.7533779144287
"CI","2026-09-16T09:00:00.000000",17.739351272583
"CI","2026-09-16T10:00:00.000000",17.6381435394287
"CI","2026-09-16T11:00:00.000000",17.547700881958
"CI","2026-09-16T12:00:00.000000",17.5519371032715
"CI","2026-09-16T13:00:00.000000",17.5519371032715
"CI","2026-09-16T14:00:00.000000",17.5519371032715
"CI","2026-09-16T15:00:00.000000",17.5519371032715
"CI","2026-09-16T16:00:00.000000",17.6679134368896
"CI","2026-09-16T17:00:00.000000",17.7586536407471
"CI","2026-09-16T18:00:00.000000",17.9305000305176
"CI","2026-09-16T19:00:00.000000",17.9691257476807
"CI","2026-09-16T20:00:00.000000",17.9956359863281
"CI","2026-09-16T21:00:00.000000",18.0403480529785
"CI","2026-09-16T22:00:00.000000",17.9878540039062
"CI","2026-09-16T23:00:00.000000",17.8666858673096
"CI","2026-09-17T00:00:00.000000",17.8263607025146
"CI","2026-09-17T01:00:00.000000",17.8263607025146
"CI","2026-09-17T02:00:00.000000",17.8263607025146
"CI","2026-09-17T03:00:00.000000",17.8263607025146
"CI","2026-09-17T04:00:00.000000",17.8263607025146
"CI","2026-09-17T05:00:00.000000",18.3671493530273
"CI","2026-09-17T06:00:00.000000",18.3740425109863
"CI","2026-09-17T07:00:00.000000",18.623477935791
"CI","2026-09-17T08:00:00.000000",18.6888427734375
"CI","2026-09-17T09:00:00.000000",18.6895027160645
"CI","2026-09-17T10:00:00.000000",18.5906200408936
"CI","2026-09-17T11:00:00.000000",18.4648838043213
"CI","2026-09-17T12:00:00.000000",18.4480800628662
"CI","2026-09-17T13:00:00.000000",18.4515323638916
"CI","2026-09-17T14:00:00.000000",18.4515323638916
"CI","2026-09-17T15:00:00.000000",18.4515323638916
"CI","2026-09-17T16:00:00.000000",18.5484848022461
"CI","2026-09-17T17:00:00.000000",18.59938621521
"CI","2026-09-17T18:00:00.000000",18.7580165863037
"CI","2026-09-17T19:00:00.000000",18.9717121124268
"CI","2026-09-17T20:00:00.000000",19.0422801971436
"CI","2026-09-17T21:00:00.000000",19.0585746765137
"CI","2026-09-17T22:00:00.000000",18.9355049133301
"CI","2026-09-17T23:00:00.000000",18.779935836792
"CI","2026-09-18T00:00:00.000000",18.6768627166748
"CI","2026-09-18T01:00:00.000000",18.677173614502
"CI","2026-09-18T02:00:00.000000",18.677173614502
"CI","2026-09-18T03:00:00.000000",18.677173614502
"CI","2026-09-18T04:00:00.000000",18.677173614502
"CI","2026-09-18T05:00:00.000000",18.677173614502
"CI","2026-09-18T06:00:00.000000",18.6571941375732
"CI","2026-09-18T07:00:00.000000",18.7168483734131
"CI","2026-09-18T08:00:00.000000",18.9177780151367
"CI","2026-09-18T09:00:00.000000",18.9626770019531
"CI","2026-09-18T10:00:00.000000",18.9344081878662
"CI","2026-09-18T11:00:00.000000",18.7684459686279
"CI","2026-09-18T12:00:00.000000",18.7148265838623
"CI","2026-09-18T13:00:00.000000",18.7007942199707
"CI","2026-09-18T14:00:00.000000",18.7007865905762
"CI","2026-09-18T15:00:00.000000",18.7007865905762
"CI","2026-09-18T16:00:00.000000",18.7007865905762
"CI","2026-09-18T17:00:00.000000",18.8294429779053
"CI","2026-09-18T18:00:00.000000",18.8716163635254
"CI","2026-09-18T19:00:00.000000",18.9916381835938
"CI","2026-09-18T20:00:00.000000",19.1565189361572
"CI","2026-09-18T21:00:00.000000",19.2241821289062
"CI","2026-09-18T22:00:00.000000",19.2156143188477
"CI","2026-09-18T23:00:00.000000",19.0863723754883
"CI","2026-09-19T00:00:00.000000",18.9950752258301
"CI","2026-09-19T01:00:00.000000",18.9562740325928
"CI","2026-09-19T02:00:00.000000",18.9614372253418
"CI","2026-09-19T03:00:00.000000",18.9614372253418
"CI","2026-09-19T04:00:00.000000",18.9614372253418
"CI","2026-09-19T05:00:00.000000",18.9614372253418
"CI","2026-09-19T06:00:00.000000",18.9614372253418
"CI","2026-09-19T07:00:00.000000",18.7933464050293
"CI","2026-09-19T08:00:00.000000",18.7498989105225
"CI","2026-09-19T09:00:00.000000",18.9448051452637
"CI","2026-09-19T10:00:00.000000",19.0951442718506
"CI","2026-09-19T11:00:00.000000",18.9113140106201
"CI","2026-09-19T12:00:00.000000",18.7319583892822
"CI","2026-09-19T13:00:00.000000",18.7183685302734
"CI","2026-09-19T14:00:00.000000",18.7262668609619
"CI","2026-09-19T15:00:00.000000",18.7262668609619
"CI","2026-09-19T16:00:00.000000",18.7262668609619
"CI","2026-09-19T17:00:00.000000",18.7262668609619
"CI","2026-09-19T18:00:00.000000",18.8567390441895
"CI","2026-09-19T19:00:00.000000",18.9112892150879
"CI","2026-09-19T20:00:00.000000",19.0423908233643
"CI","2026-09-19T21:00:00.000000",19.127046585083
"CI","2026-09-19T22:00:00.000000",19.1374645233154
"CI","2026-09-19T23:00:00.000000",19.128698348999
"CI","2026-09-20T00:00:00.000000",19.020055770874
"CI","2026-09-20T01:00:00.000000",18.9782905578613
"CI","2026-09-20T02:00:00.000000",18.9565048217773
"CI","2026-09-20T03:00:00.000000",18.9495658874512
"CI","2026-09-20T04:00:00.000000",18.9495658874512
"CI","2026-09-20T05:00:00.000000",18.9495658874512
"CI","2026-09-20T06:00:00.000000",18.9495658874512
"CI","2026-09-20T07:00:00.000000",18.9495658874512
"CI","2026-09-20T08:00:00.000000",18.826099395752
"CI","2026-09-20T09:00:00.000000",18.8877506256104
"CI","2026-09-20T10:00:00.000000",18.9452724456787
"CI","2026-09-20T11:00:00.000000",18.9117908477783
"CI","2026-09-20T12:00:00.000000",18.894775390625
"CI","2026-09-20T13:00:00.000000",18.8462295532227
"CI","2026-09-20T14:00:00.000000",18.8499450683594
"CI","2026-09-20T15:00:00.000000",18.8551387786865
"CI","2026-09-20T16:00:00.000000",18.8652420043945
"CI","2026-09-20T17:00:00.000000",18.8652420043945
"CI","2026-09-20T18:00:00.000000",18.8861904144287
"CI","2026-09-20T19:00:00.000000",18.9250392913818
"CI","2026-09-20T20:00:00.000000",18.970043182373
"CI","2026-09-20T21:00:00.000000",19.0089378356934
"CI","2026-09-20T22:00:00.000000",19.0466785430908
"CI","2026-09-20T23:00:00.000000",19.048038482666
"CI","2026-09-21T00:00:00.000000",19.0388431549072
"DC","2026-09-15T00:00:00.000000",17.6813793182373
"DC","2026-09-15T01:00:00.000000",17.6813793182373
"DC","2026-09-15T02:00:00.000000",17.6813793182373
"DC","2026-09-15T03:00:00.000000",17.6813793182373
"DC","2026-09-15T04:00:00.000000",17.1514453887939
"DC","2026-09-15T05:00:00.000000",17.1635036468506
"DC","2026-09-15T06:00:00.000000",17.1607189178467
"DC","2026-09-15T07:00:00.000000",17.1848220825195
"DC","2026-09-15T08:00:00.000000",17.1964092254639
"DC","2026-09-15T09:00:00.000000",17.2076473236084
"DC","2026-09-15T10:00:00.000000",17.2630500793457
"DC","2026-09-15T11:00:00.000000",17.2689342498779
"DC","2026-09-15T12:00:00.000000",17.2689342498779
"DC","2026-09-15T13:00:00.000000",17.2689342498779
"DC","2026-09-15T14:00:00.000000",17.2689342498779
"DC","2026-09-15T15:00:00.000000",17.3778591156006
"DC","2026-09-15T16:00:00.000000",17.4653224945068
"DC","2026-09-15T17:00:00.000000",17.5148220062256
"DC","2026-09-15T18:00:00.000000",17.5262012481689
"DC","2026-09-15T19:00:00.000000",17.5176601409912
"DC","2026-09-15T20:00:00.000000",17.502010345459
"DC","2026-09-15T21:00:00.000000",17.4900875091553
"DC","2026-09-15T22:00:00.000000",17.4792728424072
"DC","2026-09-15T23:00:00.000000",17.4688949584961
"DC","2026-09-16T00:00:00.000000",17.4688949584961
"DC","2026-09-16T01:00:00.000000",17.4688949584961
"DC","2026-09-16T02:00:00.000000",17.4688949584961
"DC","2026-09-16T03:00:00.000000",17.4688949584961
"DC","2026-09-16T04:00:00.000000",16.9529285430908
"DC","2026-09-16T05:00:00.000000",16.9334468841553
"DC","2026-09-16T06:00:00.000000",16.9035625457764
"DC","2026-09-16T07:00:00.000000",16.912805557251
"DC","2026-09-16T08:00:00.000000",16.9532337188721
"DC","2026-09-16T09:00:00.000000",16.9899387359619
"DC","2026-09-16T10:00:00.000000",17.0100059509277
"DC","2026-09-16T11:00:00.000000",17.0052490234375
"DC","2026-09-16T12:00:00.000000",17.018575668335
"DC","2026-09-16T13:00:00.000000",17.018575668335
"DC","2026-09-16T14:00:00.000000",17.018575668335
"DC","2026-09-16T15:00:00.000000",17.018575668335
"DC","2026-09-16T16:00:00.000000",17.2281436920166
"DC","2026-09-16T17:00:00.000000",17.2758159637451
"DC","2026-09-16T18:00:00.000000",17.3226547241211
"DC","2026-09-16T19:00:00.000000",17.333475112915
"DC","2026-09-16T20:00:00.000000",17.2917976379395
"DC","2026-09-16T21:00:00.000000",17.2317314147949
"DC","2026-09-16T22:00:00.000000",17.203145980835
"DC","2026-09-16T23:00:00.000000",17.1925220489502
"DC","2026-09-17T00:00:00.000000",17.193567276001
"DC","2026-09-17T01:00:00.000000",17.193567276001
"DC","2026-09-17T02:00:00.000000",17.193567276001
"DC","2026-09-17T03:00:00.000000",17.193567276001
"DC","2026-09-17T04:00:00.000000",17.193567276001
"DC","2026-09-17T05:00:00.000000",17.4188137054443
"DC","2026-09-17T06:00:00.000000",17.4093971252441
"DC","2026-09-17T07:00:00.000000",17.410343170166
"DC","2026-09-17T08:00:00.000000",17.4171714782715
"DC","2026-09-17T09:00:00.000000",17.4233455657959
"DC","2026-09-17T10:00:00.000000",17.4285888671875
"DC","2026-09-17T11:00:00.000000",17.4403915405273
"DC","2026-09-17T12:00:00.000000",17.4519233703613
"DC","2026-09-17T13:00:00.000000",17.4519233703613
"DC","2026-09-17T14:00:00.000000",17.4519233703613
"DC","2026-09-17T15:00:00.000000",17.4519233703613
"DC","2026-09-17T16:00:00.000000",17.4670314788818
"DC","2026-09-17T17:00:00.000000",17.4638538360596
"DC","2026-09-17T18:00:00.000000",17.4635982513428
"DC","2026-09-17T19:00:00.000000",17.4678859710693
"DC","2026-09-17T20:00:00.000000",17.4812316894531
"DC","2026-09-17T21:00:00.000000",17.485107421875
"DC","2026-09-17T22:00:00.000000",17.488920211792
"DC","2026-09-17T23:00:00.000000",17.4958763122559
"DC","2026-09-18T00:00:00.000000",17.5095653533936
"DC","2026-09-18T01:00:00.000000",17.5095806121826
"DC","2026-09-18T02:00:00.000000",17.5095806121826
"DC","2026-09-18T03:00:00.000000",17.5095806121826
"DC","2026-09-18T04:00:00.000000",17.5095806121826
"DC","2026-09-18T05:00:00.000000",17.5233058929443
"DC","2026-09-18T06:00:00.000000",17.5162467956543
"DC","2026-09-18T07:00:00.000000",17.5182952880859
"DC","2026-09-18T08:00:00.000000",17.5217914581299
"DC","2026-09-18T09:00:00.000000",17.5353908538818
"DC","2026-09-18T10:00:00.000000",17.5295600891113
"DC","2026-09-18T11:00:00.000000",17.5382423400879
"DC","2026-09-18T12:00:00.000000",17.5599250793457
"DC","2026-09-18T13:00:00.000000",17.5884494781494
"DC","2026-09-18T14:00:00.000000",17.5885238647461
"DC","2026-09-18T15:00:00.000000",17.5885238647461
"DC","2026-09-18T16:00:00.000000",17.5885238647461
"DC","2026-09-18T17:00:00.000000",17.7077121734619
"DC","2026-09-18T18:00:00.000000",17.7446117401123
"DC","2026-09-18T19:00:00.000000",17.785774230957
"DC","2026-09-18T20:00:00.000000",17.8271560668945
"DC","2026-09-18T21:00:00.000000",17.8497486114502
"DC","2026-09-18T22:00:00.000000",17.8528575897217
"DC","2026-09-18T23:00:00.000000",17.8453731536865
"DC","2026-09-19T00:00:00.000000",17.8371067047119
"DC","2026-09-19T01:00:00.000000",17.774377822876
"DC","2026-09-19T02:00:00.000000",17.7789611816406
"DC","2026-09-19T03:00:00.000000",17.7789611816406
"DC","2026-09-19T04:00:00.000000",17.7789611816406
"DC","2026-09-19T05:00:00.000000",17.7789611816406
"DC","2026-09-19T06:00:00.000000",17.7789611816406
"DC","2026-09-19T07:00:00.000000",17.5719261169434
"DC","2026-09-19T08:00:00.000000",17.5506706237793
"DC","2026-09-19T09:00:00.000000",17.5144596099854
"DC","2026-09-19T10:00:00.000000",17.4708614349365
"DC","2026-09-19T11:00:00.000000",17.4605236053467
"DC","2026-09-19T12:00:00.000000",17.4839057922363
"DC","2026-09-19T13:00:00.000000",17.5434455871582
"DC","2026-09-19T14:00:00.000000",17.5895519256592
"DC","2026-09-19T15:00:00.000000",17.5895519256592
"DC","2026-09-19T16:00:00.000000",17.5895519256592
"DC","2026-09-19T17:00:00.000000",17.5895519256592
"DC","2026-09-19T18:00:00.000000",17.6090793609619
"DC","2026-09-19T19:00:00.000000",17.6106472015381
"DC","2026-09-19T20:00:00.000000",17.6048278808594
"DC","2026-09-19T21:00:00.000000",17.5954551696777
"DC","2026-09-19T22:00:00.000000",17.6222286224365
"DC","2026-09-19T23:00:00.000000",17.6409702301025
"DC","2026-09-20T00:00:00.000000",17.6507606506348
"DC","2026-09-20T01:00:00.000000",17.6577415466309
"DC","2026-09-20T02:00:00.000000",17.6611003875732
"DC","2026-09-20T03:00:00.000000",17.6611499786377
"DC","2026-09-20T04:00:00.000000",17.6611499786377
"DC","2026-09-20T05:00:00.000000",17.6611499786377
"DC","2026-09-20T06:00:00.000000",17.6611499786377
"DC","2026-09-20T07:00:00.000000",17.585620880127
"DC","2026-09-20T08:00:00.000000",17.5256404876709
"DC","2026-09-20T09:00:00.000000",17.4892578125
"DC","2026-09-20T10:00:00.000000",17.4694766998291
"DC","2026-09-20T11:00:00.000000",17.4809703826904
"DC","2026-09-20T12:00:00.000000",17.5151805877686
"DC","2026-09-20T13:00:00.000000",17.5651531219482
"DC","2026-09-20T14:00:00.000000",17.6003322601318
"DC","2026-09-20T15:00:00.000000",17.6227245330811
"DC","2026-09-20T16:00:00.000000",17.6291809082031
"DC","2026-09-20T17:00:00.000000",17.6291809082031
"DC","2026-09-20T18:00:00.000000",17.6028785705566
"DC","2026-09-20T19:00:00.000000",17.5884284973145
"DC","2026-09-20T20:00:00.000000",17.5721988677979
"DC","2026-09-20T21:00:00.000000",17.5584163665771
"DC","2026-09-20T22:00:00.000000",17.5545692443848
"DC","2026-09-20T23:00:00.000000",17.5701541900635
"DC","2026-09-21T00:00:00.000000",17.5793266296387
"LH","2026-09-15T00:00:00.000000",17.6563777923584
"LH","2026-09-15T01:00:00.000000",17.6563777923584
"LH","2026-09-15T02:00:00.000000",17.6563777923584
"LH","2026-09-15T03:00:00.000000",17.6563777923584
"LH","2026-09-15T04:00:00.000000",16.8076610565186
"LH","2026-09-15T05:00:00.000000",16.7492275238037
"LH","2026-09-15T06:00:00.000000",16.7454090118408
"LH","2026-09-15T07:00:00.000000",16.7493419647217
"LH","2026-09-15T08:00:00.000000",16.8057384490967
"LH","2026-09-15T09:00:00.000000",16.8649787902832
"LH","2026-09-15T10:00:00.000000",16.8774814605713
"LH","2026-09-15T11:00:00.000000",16.8873348236084
"LH","2026-09-15T12:00:00.000000",16.9081363677979
"LH","2026-09-15T13:00:00.000000",16.9081363677979
"LH","2026-09-15T14:00:00.000000",16.9081363677979
"LH","2026-09-15T15:00:00.000000",16.9260940551758
"LH","2026-09-15T16:00:00.000000",16.964822769165
"LH","2026-09-15T17:00:00.000000",17.0006065368652
"LH","2026-09-15T18:00:00.000000",17.037618637085
"LH","2026-09-15T19:00:00.000000",17.0242900848389
"LH","2026-09-15T20:00:00.000000",16.9651470184326
"LH","2026-09-15T21:00:00.000000",16.9244422912598
"LH","2026-09-15T22:00:00.000000",16.9083843231201
"LH","2026-09-15T23:00:00.000000",16.9217948913574
"LH","2026-09-16T00:00:00.000000",16.9420833587646
"LH","2026-09-16T01:00:00.000000",16.9488563537598
"LH","2026-09-16T02:00:00.000000",16.9488563537598
"LH","2026-09-16T03:00:00.000000",16.9488563537598
"LH","2026-09-16T04:00:00.000000",16.725606918335
"LH","2026-09-16T05:00:00.000000",16.7015056610107
"LH","2026-09-16T06:00:00.000000",16.7463798522949
"LH","2026-09-16T07:00:00.000000",16.7726402282715
"LH","2026-09-16T08:00:00.000000",16.7776222229004
"LH","2026-09-16T09:00:00.000000",16.7795791625977
"LH","2026-09-16T10:00:00.000000",16.7642765045166
"LH","2026-09-16T11:00:00.000000",16.7636775970459
"LH","2026-09-16T12:00:00.000000",16.7393226623535
"LH","2026-09-16T13:00:00.000000",16.7533493041992
"LH","2026-09-16T14:00:00.000000",16.7533493041992
"LH","2026-09-16T15:00:00.000000",16.7533493041992
"LH","2026-09-16T16:00:00.000000",16.8816699981689
"LH","2026-09-16T17:00:00.000000",17.0156269073486
"LH","2026-09-16T18:00:00.000000",17.0551128387451
"LH","2026-09-16T19:00:00.000000",17.0578002929688
"LH","2026-09-16T20:00:00.000000",17.0573558807373
"LH","2026-09-16T21:00:00.000000",17.0486392974854
"LH","2026-09-16T22:00:00.000000",16.9331302642822
"LH","2026-09-16T23:00:00.000000",16.8850612640381
"LH","2026-09-17T00:00:00.000000",16.8450527191162
"LH","2026-09-17T01:00:00.000000",17.2219371795654
"LH","2026-09-17T02:00:00.000000",17.2457427978516
"LH","2026-09-17T03:00:00.000000",17.2457427978516
"LH","2026-09-17T04:00:00.000000",17.2457427978516
"LH","2026-09-17T05:00:00.000000",17.3285617828369
"LH","2026-09-17T06:00:00.000000",17.3152770996094
"LH","2026-09-17T07:00:00.000000",17.3136177062988
"LH","2026-09-17T08:00:00.000000",17.3209590911865
"LH","2026-09-17T09:00:00.000000",17.3244647979736
"LH","2026-09-17T10:00:00.000000",17.3460063934326
"LH","2026-09-17T11:00:00.000000",17.3477077484131
"LH","2026-09-17T12:00:00.000000",17.3529796600342
"LH","2026-09-17T13:00:00.000000",17.3418083190918
"LH","2026-09-17T14:00:00.000000",17.3520889282227
"LH","2026-09-17T15:00:00.000000",17.3520889282227
"LH","2026-09-17T16:00:00.000000",17.3782539367676
"LH","2026-09-17T17:00:00.000000",17.3947086334229
"LH","2026-09-17T18:00:00.000000",17.4345359802246
"LH","2026-09-17T19:00:00.000000",17.4493160247803
"LH","2026-09-17T20:00:00.000000",17.451021194458
"LH","2026-09-17T21:00:00.000000",17.4519081115723
"LH","2026-09-17T22:00:00.000000",17.4283809661865
"LH","2026-09-17T23:00:00.000000",17.4070358276367
"LH","2026-09-18T00:00:00.000000",17.3842468261719
"LH","2026-09-18T01:00:00.000000",17.376838684082
"LH","2026-09-18T02:00:00.000000",17.3955307006836
"LH","2026-09-18T03:00:00.000000",17.3955307006836
"LH","2026-09-18T04:00:00.000000",17.3955307006836
"LH","2026-09-18T05:00:00.000000",17.3960609436035
"LH","2026-09-18T06:00:00.000000",17.4104328155518
"LH","2026-09-18T07:00:00.000000",17.4209880828857
"LH","2026-09-18T08:00:00.000000",17.4235095977783
"LH","2026-09-18T09:00:00.000000",17.4237041473389
"LH","2026-09-18T10:00:00.000000",17.4238739013672
"LH","2026-09-18T11:00:00.000000",17.4227237701416
"LH","2026-09-18T12:00:00.000000",17.4201755523682
"LH","2026-09-18T13:00:00.000000",17.4216575622559
"LH","2026-09-18T14:00:00.000000",17.4293975830078
"LH","2026-09-18T15:00:00.000000",17.4355907440186
"LH","2026-09-18T16:00:00.000000",17.4355907440186
"LH","2026-09-18T17:00:00.000000",17.5197429656982
"LH","2026-09-18T18:00:00.000000",17.5551853179932
"LH","2026-09-18T19:00:00.000000",17.641077041626
"LH","2026-09-18T20:00:00.000000",17.70436668396
"LH","2026-09-18T21:00:00.000000",17.717191696167
"LH","2026-09-18T22:00:00.000000",17.6540584564209
"LH","2026-09-18T23:00:00.000000",17.5980281829834
"LH","2026-09-19T00:00:00.000000",17.5507183074951
"LH","2026-09-19T01:00:00.000000",17.5145168304443
"LH","2026-09-19T02:00:00.000000",17.499475479126
"LH","2026-09-19T03:00:00.000000",17.5223083496094
"LH","2026-09-19T04:00:00.000000",17.5223083496094
"LH","2026-09-19T05:00:00.000000",17.5223083496094
"LH","2026-09-19T06:00:00.000000",17.5223083496094
"LH","2026-09-19T07:00:00.000000",17.5209903717041
"LH","2026-09-19T08:00:00.000000",17.5281963348389
"LH","2026-09-19T09:00:00.000000",17.5648746490479
"LH","2026-09-19T10:00:00.000000",17.5670204162598
"LH","2026-09-19T11:00:00.000000",17.5581607818604
"LH","2026-09-19T12:00:00.000000",17.5330715179443
"LH","2026-09-19T13:00:00.000000",17.5324649810791
"LH","2026-09-19T14:00:00.000000",17.5368766784668
"LH","2026-09-19T15:00:00.000000",17.5388488769531
"LH","2026-09-19T16:00:00.000000",17.5392990112305
"LH","2026-09-19T17:00:00.000000",17.5392990112305
"LH","2026-09-19T18:00:00.000000",17.6413478851318
"LH","2026-09-19T19:00:00.000000",17.6760692596436
"LH","2026-09-19T20:00:00.000000",17.7284965515137
"LH","2026-09-19T21:00:00.000000",17.7921276092529
"LH","2026-09-19T22:00:00.000000",17.8036022186279
"LH","2026-09-19T23:00:00.000000",17.7611675262451
"LH","2026-09-20T00:00:00.000000",17.7056484222412
"LH","2026-09-20T01:00:00.000000",17.664342880249
"LH","2026-09-20T02:00:00.000000",17.6415596008301
"LH","2026-09-20T03:00:00.000000",17.6066665649414
"LH","2026-09-20T04:00:00.000000",17.6300888061523
"LH","2026-09-20T05:00:00.000000",17.6300888061523
"LH","2026-09-20T06:00:00.000000",17.6300888061523
"LH","2026-09-20T07:00:00.000000",17.6416549682617
"LH","2026-09-20T08:00:00.000000",17.6372203826904
"LH","2026-09-20T09:00:00.000000",17.6752796173096
"LH","2026-09-20T10:00:00.000000",17.6955699920654
"LH","2026-09-20T11:00:00.000000",17.6959800720215
"LH","2026-09-20T12:00:00.000000",17.6941394805908
"LH","2026-09-20T13:00:00.000000",17.6851959228516
"LH","2026-09-20T14:00:00.000000",17.6590480804443
"LH","2026-09-20T15:00:00.000000",17.6402950286865
"LH","2026-09-20T16:00:00.000000",17.6257762908936
"LH","2026-09-20T17:00:00.000000",17.6296691894531
"LH","2026-09-20T18:00:00.000000",17.6754817962646
"LH","2026-09-20T19:00:00.000000",17.7347240447998
"LH","2026-09-20T20:00:00.000000",17.7541351318359
"LH","2026-09-20T21:00:00.000000",17.7781963348389
"LH","2026-09-20T22:00:00.000000",17.7862854003906
"LH","2026-09-20T23:00:00.000000",17.7870426177979
"LH","2026-09-21T00:00:00.000000",17.7831115722656
"NB","2026-09-15T00:00:00.000000",17.5547695159912
"NB","2026-09-15T01:00:00.000000",17.5547695159912
"NB","2026-09-15T02:00:00.000000",17.280797958374
"NB","2026-09-15T03:00:00.000000",17.2038555145264
"NB","2026-09-15T04:00:00.000000",17.1680927276611
"NB","2026-09-15T05:00:00.000000",17.1452217102051
"NB","2026-09-15T06:00:00.000000",17.1459636688232
"NB","2026-09-15T07:00:00.000000",17.1654567718506
"NB","2026-09-15T08:00:00.000000",17.1623916625977
"NB","2026-09-15T09:00:00.000000",17.1499481201172
"NB","2026-09-15T10:00:00.000000",17.1457214355469
"NB","2026-09-15T11:00:00.000000",17.145751953125
"NB","2026-09-15T12:00:00.000000",17.1457138061523
"NB","2026-09-15T13:00:00.000000",17.1457138061523
"NB","2026-09-15T14:00:00.000000",17.10666847229
"NB","2026-09-15T15:00:00.000000",17.1227970123291
"NB","2026-09-15T16:00:00.000000",17.1591644287109
"NB","2026-09-15T17:00:00.000000",17.1863689422607
"NB","2026-09-15T18:00:00.000000",17.2059516906738
"NB","2026-09-15T19:00:00.000000",17.2108287811279
"NB","2026-09-15T20:00:00.000000",17.2051601409912
"NB","2026-09-15T21:00:00.000000",17.203893661499
"NB","2026-09-15T22:00:00.000000",17.2208366394043
"NB","2026-09-15T23:00:00.000000",17.2396087646484
"NB","2026-09-16T00:00:00.000000",17.23291015625
"NB","2026-09-16T01:00:00.000000",17.23291015625
"NB","2026-09-16T02:00:00.000000",17.23291015625
"NB","2026-09-16T03:00:00.000000",16.958927154541
"NB","2026-09-16T04:00:00.000000",16.9484519958496
"NB","2026-09-16T05:00:00.000000",16.9375381469727
"NB","2026-09-16T06:00:00.000000",16.9328365325928
"NB","2026-09-16T07:00:00.000000",16.9285125732422
"NB","2026-09-16T08:00:00.000000",16.9328727722168
"NB","2026-09-16T09:00:00.000000",16.9477272033691
"NB","2026-09-16T10:00:00.000000",16.9653301239014
"NB","2026-09-16T11:00:00.000000",16.9853782653809
"NB","2026-09-16T12:00:00.000000",17.0167102813721
"NB","2026-09-16T13:00:00.000000",16.9921836853027
"NB","2026-09-16T14:00:00.000000",16.97145652771
"NB","2026-09-16T15:00:00.000000",17.0428981781006
"NB","2026-09-16T16:00:00.000000",17.1377182006836
"NB","2026-09-16T17:00:00.000000",17.2249431610107
"NB","2026-09-16T18:00:00.000000",17.3028621673584
"NB","2026-09-16T19:00:00.000000",17.3550987243652
"NB","2026-09-16T20:00:00.000000",17.3743629455566
"NB","2026-09-16T21:00:00.000000",17.3901462554932
"NB","2026-09-16T22:00:00.000000",17.4127464294434
"NB","2026-09-16T23:00:00.000000",17.4336585998535
"NB","2026-09-17T00:00:00.000000",17.433557510376
"NB","2026-09-17T01:00:00.000000",17.5667858123779
"NB","2026-09-17T02:00:00.000000",17.5667858123779
"NB","2026-09-17T03:00:00.000000",17.6172199249268
"NB","2026-09-17T04:00:00.000000",17.5913028717041
"NB","2026-09-17T05:00:00.000000",17.5857486724854
"NB","2026-09-17T06:00:00.000000",17.5818614959717
"NB","2026-09-17T07:00:00.000000",17.5755653381348
"NB","2026-09-17T08:00:00.000000",17.5667057037354
"NB","2026-09-17T09:00:00.000000",17.5600051879883
"NB","2026-09-17T10:00:00.000000",17.562967300415
"NB","2026-09-17T11:00:00.000000",17.5709781646729
"NB","2026-09-17T12:00:00.000000",17.594799041748
"NB","2026-09-17T13:00:00.000000",17.6239242553711
"NB","2026-09-17T14:00:00.000000",17.6267395019531
"NB","2026-09-17T15:00:00.000000",17.6171245574951
"NB","2026-09-17T16:00:00.000000",17.607442855835
"NB","2026-09-17T17:00:00.000000",17.598352432251
"NB","2026-09-17T18:00:00.000000",17.5920143127441
"NB","2026-09-17T19:00:00.000000",17.589807510376
"NB","2026-09-17T20:00:00.000000",17.594274520874
"NB","2026-09-17T21:00:00.000000",17.6006851196289
"NB","2026-09-17T22:00:00.000000",17.6031246185303
"NB","2026-09-17T23:00:00.000000",17.6178188323975
"NB","2026-09-18T00:00:00.000000",17.6216011047363
"NB","2026-09-18T01:00:00.000000",17.6340026855469
"NB","2026-09-18T02:00:00.000000",17.6340026855469
"NB","2026-09-18T03:00:00.000000",17.6340026855469
"NB","2026-09-18T04:00:00.000000",17.6340026855469
"NB","2026-09-18T05:00:00.000000",17.6340026855469
"NB","2026-09-18T06:00:00.000000",17.6340045928955
"NB","2026-09-18T07:00:00.000000",17.6534481048584
"NB","2026-09-18T08:00:00.000000",17.6626644134521
"NB","2026-09-18T09:00:00.000000",17.6745548248291
"NB","2026-09-18T10:00:00.000000",17.6908550262451
"NB","2026-09-18T11:00:00.000000",17.7074718475342
"NB","2026-09-18T12:00:00.000000",17.7285690307617
"NB","2026-09-18T13:00:00.000000",17.7474670410156
"NB","2026-09-18T14:00:00.000000",17.7474670410156
"NB","2026-09-18T15:00:00.000000",17.7474727630615
"NB","2026-09-18T16:00:00.000000",17.7660980224609
"NB","2026-09-18T17:00:00.000000",17.8113384246826
"NB","2026-09-18T18:00:00.000000",17.872034072876
"NB","2026-09-18T19:00:00.000000",17.9272441864014
"NB","2026-09-18T20:00:00.000000",17.9637126922607
"NB","2026-09-18T21:00:00.000000",17.9749927520752
"NB","2026-09-18T22:00:00.000000",17.9330768585205
"NB","2026-09-18T23:00:00.000000",17.8699550628662
"NB","2026-09-19T00:00:00.000000",17.9032535552979
"NB","2026-09-19T01:00:00.000000",17.9597072601318
"NB","2026-09-19T02:00:00.000000",17.9769878387451
"NB","2026-09-19T03:00:00.000000",17.9629669189453
"NB","2026-09-19T04:00:00.000000",17.9399089813232
"NB","2026-09-19T05:00:00.000000",17.9293899536133
"NB","2026-09-19T06:00:00.000000",17.9519710540771
"NB","2026-09-19T07:00:00.000000",17.9192867279053
"NB","2026-09-19T08:00:00.000000",17.8163661956787
"NB","2026-09-19T09:00:00.000000",17.7600517272949
"NB","2026-09-19T10:00:00.000000",17.7181148529053
"NB","2026-09-19T11:00:00.000000",17.6860446929932
"NB","2026-09-19T12:00:00.000000",17.6500053405762
"NB","2026-09-19T13:00:00.000000",17.6323223114014
"NB","2026-09-19T14:00:00.000000",17.6515121459961
"NB","2026-09-19T15:00:00.000000",17.6740245819092
"NB","2026-09-19T16:00:00.000000",17.6864376068115
"NB","2026-09-19T17:00:00.000000",17.6983604431152
"NB","2026-09-19T18:00:00.000000",17.7192573547363
"NB","2026-09-19T19:00:00.000000",17.7479610443115
"NB","2026-09-19T20:00:00.000000",17.7899131774902
"NB","2026-09-19T21:00:00.000000",17.8258152008057
"NB","2026-09-19T22:00:00.000000",17.8430786132812
"NB","2026-09-19T23:00:00.000000",17.8627910614014
"NB","2026-09-20T00:00:00.000000",17.8827781677246
"NB","2026-09-20T01:00:00.000000",17.8987827301025
"NB","2026-09-20T02:00:00.000000",17.9045314788818
"NB","2026-09-20T03:00:00.000000",17.8996963500977
"NB","2026-09-20T04:00:00.000000",17.8976173400879
"NB","2026-09-20T05:00:00.000000",17.821683883667
"NB","2026-09-20T06:00:00.000000",17.750602722168
"NB","2026-09-20T07:00:00.000000",17.7073268890381
"NB","2026-09-20T08:00:00.000000",17.6875057220459
"NB","2026-09-20T09:00:00.000000",17.6775684356689
"NB","2026-09-20T10:00:00.000000",17.6771984100342
"NB","2026-09-20T11:00:00.000000",17.6815204620361
"NB","2026-09-20T12:00:00.000000",17.6911239624023
"NB","2026-09-20T13:00:00.000000",17.7145385742188
"NB","2026-09-20T14:00:00.000000",17.7531032562256
"NB","2026-09-20T15:00:00.000000",17.7771892547607
"NB","2026-09-20T16:00:00.000000",17.7821769714355
"NB","2026-09-20T17:00:00.000000",17.789701461792
"NB","2026-09-20T18:00:00.000000",17.7899036407471
"NB","2026-09-20T19:00:00.000000",17.789571762085
"NB","2026-09-20T20:00:00.000000",17.7892894744873
"NB","2026-09-20T21:00:00.000000",17.7962551116943
"NB","2026-09-20T22:00:00.000000",17.8070430755615
"NB","2026-09-20T23:00:00.000000",17.8193264007568
"NB","2026-09-21T00:00:00.000000",17.832592010498
"PC","2026-09-15T00:00:00.000000",18.2723407745361
"PC","2026-09-15T01:00:00.000000",17.7001972198486
"PC","2026-09-15T02:00:00.000000",17.6152400970459
"PC","2026-09-15T03:00:00.000000",17.6140747070312
"PC","2026-09-15T04:00:00.000000",17.6141052246094
"PC","2026-09-15T05:00:00.000000",17.5606746673584
"PC","2026-09-15T06:00:00.000000",17.4194030761719
"PC","2026-09-15T07:00:00.000000",17.4894752502441
"PC","2026-09-15T08:00:00.000000",17.4527683258057
"PC","2026-09-15T09:00:00.000000",17.4460182189941
"PC","2026-09-15T10:00:00.000000",17.4972877502441
"PC","2026-09-15T11:00:00.000000",17.5088558197021
"PC","2026-09-15T12:00:00.000000",17.5117206573486
"PC","2026-09-15T13:00:00.000000",17.5124568939209
"PC","2026-09-15T14:00:00.000000",17.5132751464844
"PC","2026-09-15T15:00:00.000000",17.5143260955811
"PC","2026-09-15T16:00:00.000000",17.5122814178467
"PC","2026-09-15T17:00:00.000000",17.5837860107422
"PC","2026-09-15T18:00:00.000000",17.6219081878662
"PC","2026-09-15T19:00:00.000000",17.6374988555908
"PC","2026-09-15T20:00:00.000000",17.6080780029297
"PC","2026-09-15T21:00:00.000000",17.581880569458
"PC","2026-09-15T22:00:00.000000",17.5647735595703
"PC","2026-09-15T23:00:00.000000",17.5708293914795
"PC","2026-09-16T00:00:00.000000",17.5731506347656
"PC","2026-09-16T01:00:00.000000",17.4532203674316
"PC","2026-09-16T02:00:00.000000",17.4356956481934
"PC","2026-09-16T03:00:00.000000",17.4354686737061
"PC","2026-09-16T04:00:00.000000",17.4355335235596
"PC","2026-09-16T05:00:00.000000",17.435791015625
"PC","2026-09-16T06:00:00.000000",17.4497051239014
"PC","2026-09-16T07:00:00.000000",17.4857006072998
"PC","2026-09-16T08:00:00.000000",17.5201034545898
"PC","2026-09-16T09:00:00.000000",17.4921264648438
"PC","2026-09-16T10:00:00.000000",17.4598598480225
"PC","2026-09-16T11:00:00.000000",17.456262588501
"PC","2026-09-16T12:00:00.000000",17.4484062194824
"PC","2026-09-16T13:00:00.000000",17.4478626251221
"PC","2026-09-16T14:00:00.000000",17.4478626251221
"PC","2026-09-16T15:00:00.000000",17.4478950500488
"PC","2026-09-16T16:00:00.000000",17.4479579925537
"PC","2026-09-16T17:00:00.000000",17.4880065917969
"PC","2026-09-16T18:00:00.000000",17.6399364471436
"PC","2026-09-16T19:00:00.000000",17.7626132965088
"PC","2026-09-16T20:00:00.000000",17.7961387634277
"PC","2026-09-16T21:00:00.000000",17.7868766784668
"PC","2026-09-16T22:00:00.000000",17.6767959594727
"PC","2026-09-16T23:00:00.000000",17.6258125305176
"PC","2026-09-17T00:00:00.000000",17.6065578460693
"PC","2026-09-17T01:00:00.000000",18.283805847168
"PC","2026-09-17T02:00:00.000000",18.3847694396973
"PC","2026-09-17T03:00:00.000000",18.3864421844482
"PC","2026-09-17T04:00:00.000000",18.3864459991455
"PC","2026-09-17T05:00:00.000000",18.3864803314209
"PC","2026-09-17T06:00:00.000000",18.3865337371826
"PC","2026-09-17T07:00:00.000000",18.3865413665771
"PC","2026-09-17T08:00:00.000000",18.4272365570068
"PC","2026-09-17T09:00:00.000000",18.4452457427979
"PC","2026-09-17T10:00:00.000000",18.4185848236084
"PC","2026-09-17T11:00:00.000000",18.4109001159668
"PC","2026-09-17T12:00:00.000000",18.3957405090332
"PC","2026-09-17T13:00:00.000000",18.3927116394043
"PC","2026-09-17T14:00:00.000000",18.3925971984863
"PC","2026-09-17T15:00:00.000000",18.3926124572754
"PC","2026-09-17T16:00:00.000000",18.3926658630371
"PC","2026-09-17T17:00:00.000000",18.3926811218262
"PC","2026-09-17T18:00:00.000000",18.4758358001709
"PC","2026-09-17T19:00:00.000000",18.6224498748779
"PC","2026-09-17T20:00:00.000000",18.7153759002686
"PC","2026-09-17T21:00:00.000000",18.7320079803467
"PC","2026-09-17T22:00:00.000000",18.7016296386719
"PC","2026-09-17T23:00:00.000000",18.5748596191406
"PC","2026-09-18T00:00:00.000000",18.5477390289307
"PC","2026-09-18T01:00:00.000000",18.5470561981201
"PC","2026-09-18T02:00:00.000000",18.5463390350342
"PC","2026-09-18T03:00:00.000000",18.5460186004639
"PC","2026-09-18T04:00:00.000000",18.5459423065186
"PC","2026-09-18T05:00:00.000000",18.5459270477295
"PC","2026-09-18T06:00:00.000000",18.5459423065186
"PC","2026-09-18T07:00:00.000000",18.5502223968506
"PC","2026-09-18T08:00:00.000000",18.5979518890381
"PC","2026-09-18T09:00:00.000000",18.6182765960693
"PC","2026-09-18T10:00:00.000000",18.6103706359863
"PC","2026-09-18T11:00:00.000000",18.5890502929688
"PC","2026-09-18T12:00:00.000000",18.5747375488281
"PC","2026-09-18T13:00:00.000000",18.5695648193359
"PC","2026-09-18T14:00:00.000000",18.5698871612549
"PC","2026-09-18T15:00:00.000000",18.570161819458
"PC","2026-09-18T16:00:00.000000",18.5702228546143
"PC","2026-09-18T17:00:00.000000",18.570219039917
"PC","2026-09-18T18:00:00.000000",18.5703125
"PC","2026-09-18T19:00:00.000000",18.6532955169678
"PC","2026-09-18T20:00:00.000000",18.7756309509277
"PC","2026-09-18T21:00:00.000000",18.9094047546387
"PC","2026-09-18T22:00:00.000000",18.9046154022217
"PC","2026-09-18T23:00:00.000000",18.7987861633301
"PC","2026-09-19T00:00:00.000000",18.7070083618164
"PC","2026-09-19T01:00:00.000000",18.6774883270264
"PC","2026-09-19T02:00:00.000000",18.6751155853271
"PC","2026-09-19T03:00:00.000000",18.6761722564697
"PC","2026-09-19T04:00:00.000000",18.6769752502441
"PC","2026-09-19T05:00:00.000000",18.6770324707031
"PC","2026-09-19T06:00:00.000000",18.6770324707031
"PC","2026-09-19T07:00:00.000000",18.6770305633545
"PC","2026-09-19T08:00:00.000000",18.677038192749
"PC","2026-09-19T09:00:00.000000",18.7177867889404
"PC","2026-09-19T10:00:00.000000",18.7262001037598
"PC","2026-09-19T11:00:00.000000",18.7226238250732
"PC","2026-09-19T12:00:00.000000",18.7050876617432
"PC","2026-09-19T13:00:00.000000",18.6916046142578
"PC","2026-09-19T14:00:00.000000",18.6915893554688
"PC","2026-09-19T15:00:00.000000",18.6917495727539
"PC","2026-09-19T16:00:00.000000",18.6917781829834
"PC","2026-09-19T17:00:00.000000",18.6918048858643
"PC","2026-09-19T18:00:00.000000",18.6918029785156
"PC","2026-09-19T19:00:00.000000",18.6918029785156
"PC","2026-09-19T20:00:00.000000",18.7173519134521
"PC","2026-09-19T21:00:00.000000",18.8062191009521
"PC","2026-09-19T22:00:00.000000",18.8784885406494
"PC","2026-09-19T23:00:00.000000",18.8671569824219
"PC","2026-09-20T00:00:00.000000",18.8062477111816
"PC","2026-09-20T01:00:00.000000",18.764705657959
"PC","2026-09-20T02:00:00.000000",18.7535839080811
"PC","2026-09-20T03:00:00.000000",18.7535133361816
"PC","2026-09-20T04:00:00.000000",18.7542762756348
"PC","2026-09-20T05:00:00.000000",18.7546234130859
"PC","2026-09-20T06:00:00.000000",18.7546672821045
"PC","2026-09-20T07:00:00.000000",18.7546825408936
"PC","2026-09-20T08:00:00.000000",18.7546672821045
"PC","2026-09-20T09:00:00.000000",18.7602672576904
"PC","2026-09-20T10:00:00.000000",18.7881889343262
"PC","2026-09-20T11:00:00.000000",18.7880249023438
"PC","2026-09-20T12:00:00.000000",18.7883319854736
"PC","2026-09-20T13:00:00.000000",18.7816047668457
"PC","2026-09-20T14:00:00.000000",18.7653884887695
"PC","2026-09-20T15:00:00.000000",18.7638530731201
"PC","2026-09-20T16:00:00.000000",18.7646503448486
"PC","2026-09-20T17:00:00.000000",18.7648983001709
"PC","2026-09-20T18:00:00.000000",18.7650127410889
"PC","2026-09-20T19:00:00.000000",18.7650318145752
"PC","2026-09-20T20:00:00.000000",18.7659606933594
"PC","2026-09-20T21:00:00.000000",18.8130321502686
"PC","2026-09-20T22:00:00.000000",18.8405132293701
"PC","2026-09-20T23:00:00.000000",18.8620891571045
"PC","2026-09-21T00:00:00.000000",18.8507976531982
"PV","2026-09-15T00:00:00.000000",17.7774505615234
"PV","2026-09-15T01:00:00.000000",17.7774505615234
"PV","2026-09-15T02:00:00.000000",17.2482948303223
"PV","2026-09-15T03:00:00.000000",17.1394157409668
"PV","2026-09-15T04:00:00.000000",17.0972175598145
"PV","2026-09-15T05:00:00.000000",17.0682926177979
"PV","2026-09-15T06:00:00.000000",17.0378856658936
"PV","2026-09-15T07:00:00.000000",17.001314163208
"PV","2026-09-15T08:00:00.000000",16.9496212005615
"PV","2026-09-15T09:00:00.000000",16.947790145874
"PV","2026-09-15T10:00:00.000000",16.9678230285645
"PV","2026-09-15T11:00:00.000000",16.99928855896
"PV","2026-09-15T12:00:00.000000",16.999267578125
"PV","2026-09-15T13:00:00.000000",16.999267578125
"PV","2026-09-15T14:00:00.000000",17.001335144043
"PV","2026-09-15T15:00:00.000000",17.0186767578125
"PV","2026-09-15T16:00:00.000000",17.0300598144531
"PV","2026-09-15T17:00:00.000000",17.0418872833252
"PV","2026-09-15T18:00:00.000000",17.054759979248
"PV","2026-09-15T19:00:00.000000",17.0732097625732
"PV","2026-09-15T20:00:00.000000",17.0971069335938
"PV","2026-09-15T21:00:00.000000",17.1434555053711
"PV","2026-09-15T22:00:00.000000",17.1796016693115
"PV","2026-09-15T23:00:00.000000",17.2090721130371
"PV","2026-09-16T00:00:00.000000",17.2754249572754
"PV","2026-09-16T01:00:00.000000",17.2862586975098
"PV","2026-09-16T02:00:00.000000",17.1486587524414
"PV","2026-09-16T03:00:00.000000",16.9627285003662
"PV","2026-09-16T04:00:00.000000",16.9678802490234
"PV","2026-09-16T05:00:00.000000",16.9750270843506
"PV","2026-09-16T06:00:00.000000",16.974084854126
"PV","2026-09-16T07:00:00.000000",16.958625793457
"PV","2026-09-16T08:00:00.000000",16.9238033294678
"PV","2026-09-16T09:00:00.000000",16.8790512084961
"PV","2026-09-16T10:00:00.000000",16.8764190673828
"PV","2026-09-16T11:00:00.000000",16.9027137756348
"PV","2026-09-16T12:00:00.000000",16.931173324585
"PV","2026-09-16T13:00:00.000000",16.9326400756836
"PV","2026-09-16T14:00:00.000000",16.8840789794922
"PV","2026-09-16T15:00:00.000000",16.8675632476807
"PV","2026-09-16T16:00:00.000000",16.8783702850342
"PV","2026-09-16T17:00:00.000000",16.8935832977295
"PV","2026-09-16T18:00:00.000000",16.9108543395996
"PV","2026-09-16T19:00:00.000000",16.9366588592529
"PV","2026-09-16T20:00:00.000000",16.9595508575439
"PV","2026-09-16T21:00:00.000000",17.0173034667969
"PV","2026-09-16T22:00:00.000000",17.0686931610107
"PV","2026-09-16T23:00:00.000000",17.0874843597412
"PV","2026-09-17T00:00:00.000000",17.0836925506592
"PV","2026-09-17T01:00:00.000000",17.3132667541504
"PV","2026-09-17T02:00:00.000000",17.3297863006592
"PV","2026-09-17T03:00:00.000000",17.4124755859375
"PV","2026-09-17T04:00:00.000000",17.4199504852295
"PV","2026-09-17T05:00:00.000000",17.4201564788818
"PV","2026-09-17T06:00:00.000000",17.4267807006836
"PV","2026-09-17T07:00:00.000000",17.429349899292
"PV","2026-09-17T08:00:00.000000",17.4133052825928
"PV","2026-09-17T09:00:00.000000",17.3897457122803
"PV","2026-09-17T10:00:00.000000",17.3724727630615
"PV","2026-09-17T11:00:00.000000",17.376371383667
"PV","2026-09-17T12:00:00.000000",17.3900661468506
"PV","2026-09-17T13:00:00.000000",17.3955078125
"PV","2026-09-17T14:00:00.000000",17.3978404998779
"PV","2026-09-17T15:00:00.000000",17.3991870880127
"PV","2026-09-17T16:00:00.000000",17.4110012054443
"PV","2026-09-17T17:00:00.000000",17.4336414337158
"PV","2026-09-17T18:00:00.000000",17.4561176300049
"PV","2026-09-17T19:00:00.000000",17.4687023162842
"PV","2026-09-17T20:00:00.000000",17.4680919647217
"PV","2026-09-17T21:00:00.000000",17.4636783599854
"PV","2026-09-17T22:00:00.000000",17.4578399658203
"PV","2026-09-17T23:00:00.000000",17.4651908874512
"PV","2026-09-18T00:00:00.000000",17.4780406951904
"PV","2026-09-18T01:00:00.000000",17.4837188720703
"PV","2026-09-18T02:00:00.000000",17.4842987060547
"PV","2026-09-18T03:00:00.000000",17.4842987060547
"PV","2026-09-18T04:00:00.000000",17.4926071166992
"PV","2026-09-18T05:00:00.000000",17.5161685943604
"PV","2026-09-18T06:00:00.000000",17.5321216583252
"PV","2026-09-18T07:00:00.000000",17.5553550720215
"PV","2026-09-18T08:00:00.000000",17.5491504669189
"PV","2026-09-18T09:00:00.000000",17.5426464080811
"PV","2026-09-18T10:00:00.000000",17.5321941375732
"PV","2026-09-18T11:00:00.000000",17.5386409759521
"PV","2026-09-18T12:00:00.000000",17.5527782440186
"PV","2026-09-18T13:00:00.000000",17.5676898956299
"PV","2026-09-18T14:00:00.000000",17.5880947113037
"PV","2026-09-18T15:00:00.000000",17.5888118743896
"PV","2026-09-18T16:00:00.000000",17.5976371765137
"PV","2026-09-18T17:00:00.000000",17.6258010864258
"PV","2026-09-18T18:00:00.000000",17.644552230835
"PV","2026-09-18T19:00:00.000000",17.662260055542
"PV","2026-09-18T20:00:00.000000",17.6806945800781
"PV","2026-09-18T21:00:00.000000",17.6971263885498
"PV","2026-09-18T22:00:00.000000",17.7067089080811
"PV","2026-09-18T23:00:00.000000",17.7324848175049
"PV","2026-09-19T00:00:00.000000",17.7590427398682
"PV","2026-09-19T01:00:00.000000",17.7789745330811
"PV","2026-09-19T02:00:00.000000",17.7978801727295
"PV","2026-09-19T03:00:00.000000",17.8313388824463
"PV","2026-09-19T04:00:00.000000",17.8528842926025
"PV","2026-09-19T05:00:00.000000",17.8528881072998
"PV","2026-09-19T06:00:00.000000",17.8528881072998
"PV","2026-09-19T07:00:00.000000",17.8598213195801
"PV","2026-09-19T08:00:00.000000",17.8633155822754
"PV","2026-09-19T09:00:00.000000",17.8611145019531
"PV","2026-09-19T10:00:00.000000",17.8449230194092
"PV","2026-09-19T11:00:00.000000",17.8193378448486
"PV","2026-09-19T12:00:00.000000",17.8058433532715
"PV","2026-09-19T13:00:00.000000",17.7995433807373
"PV","2026-09-19T14:00:00.000000",17.7980098724365
"PV","2026-09-19T15:00:00.000000",17.8126583099365
"PV","2026-09-19T16:00:00.000000",17.8083400726318
"PV","2026-09-19T17:00:00.000000",17.7862434387207
"PV","2026-09-19T18:00:00.000000",17.8459148406982
"PV","2026-09-19T19:00:00.000000",17.9266262054443
"PV","2026-09-19T20:00:00.000000",17.973201751709
"PV","2026-09-19T21:00:00.000000",17.9883785247803
"PV","2026-09-19T22:00:00.000000",17.9734554290771
"PV","2026-09-19T23:00:00.000000",17.9469890594482
"PV","2026-09-20T00:00:00.000000",17.9401569366455
"PV","2026-09-20T01:00:00.000000",17.950813293457
"PV","2026-09-20T02:00:00.000000",17.9690208435059
"PV","2026-09-20T03:00:00.000000",17.9774341583252
"PV","2026-09-20T04:00:00.000000",17.9774341583252
"PV","2026-09-20T05:00:00.000000",17.9774322509766
"PV","2026-09-20T06:00:00.000000",17.9774322509766
"PV","2026-09-20T07:00:00.000000",17.9817199707031
"PV","2026-09-20T08:00:00.000000",17.9975986480713
"PV","2026-09-20T09:00:00.000000",18.011510848999
"PV","2026-09-20T10:00:00.000000",18.0110359191895
"PV","2026-09-20T11:00:00.000000",17.9928817749023
"PV","2026-09-20T12:00:00.000000",17.9748954772949
"PV","2026-09-20T13:00:00.000000",17.957498550415
"PV","2026-09-20T14:00:00.000000",17.9558353424072
"PV","2026-09-20T15:00:00.000000",17.9621047973633
"PV","2026-09-20T16:00:00.000000",17.9702415466309
"PV","2026-09-20T17:00:00.000000",17.9457683563232
"PV","2026-09-20T18:00:00.000000",17.9391059875488
"PV","2026-09-20T19:00:00.000000",17.9488906860352
"PV","2026-09-20T20:00:00.000000",17.9589080810547
"PV","2026-09-20T21:00:00.000000",17.9747829437256
"PV","2026-09-20T22:00:00.000000",17.9653358459473
"PV","2026-09-20T23:00:00.000000",17.9415149688721
"PV","2026-09-21T00:00:00.000000",17.9374027252197
"SH","2026-09-15T00:00:00.000000",18.3413982391357
"SH","2026-09-15T01:00:00.000000",18.3413982391357
"SH","2026-09-15T02:00:00.000000",18.3413982391357
"SH","2026-09-15T03:00:00.000000",18.0280361175537
"SH","2026-09-15T04:00:00.000000",17.9746990203857
"SH","2026-09-15T05:00:00.000000",17.9366054534912
"SH","2026-09-15T06:00:00.000000",17.8743743896484
"SH","2026-09-15T07:00:00.000000",17.8320140838623
"SH","2026-09-15T08:00:00.000000",17.7690944671631
"SH","2026-09-15T09:00:00.000000",17.7859554290771
"SH","2026-09-15T10:00:00.000000",17.8205261230469
"SH","2026-09-15T11:00:00.000000",17.8457927703857
"SH","2026-09-15T12:00:00.000000",17.8457946777344
"SH","2026-09-15T13:00:00.000000",17.8457946777344
"SH","2026-09-15T14:00:00.000000",17.8457946777344
"SH","2026-09-15T15:00:00.000000",17.7835845947266
"SH","2026-09-15T16:00:00.000000",17.7634258270264
"SH","2026-09-15T17:00:00.000000",17.7804298400879
"SH","2026-09-15T18:00:00.000000",17.8508358001709
"SH","2026-09-15T19:00:00.000000",17.8696022033691
"SH","2026-09-15T20:00:00.000000",17.7858562469482
"SH","2026-09-15T21:00:00.000000",17.7624530792236
"SH","2026-09-15T22:00:00.000000",17.7872047424316
"SH","2026-09-15T23:00:00.000000",17.7668437957764
"SH","2026-09-16T00:00:00.000000",17.8196678161621
"SH","2026-09-16T01:00:00.000000",17.8196678161621
"SH","2026-09-16T02:00:00.000000",17.8196678161621
"SH","2026-09-16T03:00:00.000000",17.8196678161621
"SH","2026-09-16T04:00:00.000000",17.8258724212646
"SH","2026-09-16T05:00:00.000000",17.8283252716064
"SH","2026-09-16T06:00:00.000000",17.8145084381104
"SH","2026-09-16T07:00:00.000000",17.8057136535645
"SH","2026-09-16T08:00:00.000000",17.7981815338135
"SH","2026-09-16T09:00:00.000000",17.7650108337402
"SH","2026-09-16T10:00:00.000000",17.7758464813232
"SH","2026-09-16T11:00:00.000000",17.7923374176025
"SH","2026-09-16T12:00:00.000000",17.8036575317383
"SH","2026-09-16T13:00:00.000000",17.7972450256348
"SH","2026-09-16T14:00:00.000000",17.7972450256348
"SH","2026-09-16T15:00:00.000000",17.7964057922363
"SH","2026-09-16T16:00:00.000000",17.877082824707
"SH","2026-09-16T17:00:00.000000",17.8946685791016
"SH","2026-09-16T18:00:00.000000",17.9319400787354
"SH","2026-09-16T19:00:00.000000",17.9878711700439
"SH","2026-09-16T20:00:00.000000",17.9595127105713
"SH","2026-09-16T21:00:00.000000",17.8980693817139
"SH","2026-09-16T22:00:00.000000",17.920295715332
"SH","2026-09-16T23:00:00.000000",17.9200496673584
"SH","2026-09-17T00:00:00.000000",17.9287605285645
"SH","2026-09-17T01:00:00.000000",18.2727108001709
"SH","2026-09-17T02:00:00.000000",18.360258102417
"SH","2026-09-17T03:00:00.000000",18.3635635375977
"SH","2026-09-17T04:00:00.000000",18.4791984558105
"SH","2026-09-17T05:00:00.000000",18.5723476409912
"SH","2026-09-17T06:00:00.000000",18.5954074859619
"SH","2026-09-17T07:00:00.000000",18.600414276123
"SH","2026-09-17T08:00:00.000000",18.6037044525146
"SH","2026-09-17T09:00:00.000000",18.6030578613281
"SH","2026-09-17T10:00:00.000000",18.6052284240723
"SH","2026-09-17T11:00:00.000000",18.6052169799805
"SH","2026-09-17T12:00:00.000000",18.6033611297607
"SH","2026-09-17T13:00:00.000000",18.6171073913574
"SH","2026-09-17T14:00:00.000000",18.6054134368896
"SH","2026-09-17T15:00:00.000000",18.6054134368896
"SH","2026-09-17T16:00:00.000000",18.684684753418
"SH","2026-09-17T17:00:00.000000",18.8063659667969
"SH","2026-09-17T18:00:00.000000",18.87646484375
"SH","2026-09-17T19:00:00.000000",18.949010848999
"SH","2026-09-17T20:00:00.000000",18.9882202148438
"SH","2026-09-17T21:00:00.000000",18.9669456481934
"SH","2026-09-17T22:00:00.000000",18.9375038146973
"SH","2026-09-17T23:00:00.000000",18.9340572357178
"SH","2026-09-18T00:00:00.000000",18.9231185913086
"SH","2026-09-18T01:00:00.000000",18.9407329559326
"SH","2026-09-18T02:00:00.000000",18.9430828094482
"SH","2026-09-18T03:00:00.000000",18.9428539276123
"SH","2026-09-18T04:00:00.000000",18.9428539276123
"SH","2026-09-18T05:00:00.000000",18.9639854431152
"SH","2026-09-18T06:00:00.000000",19.0144500732422
"SH","2026-09-18T07:00:00.000000",19.0209102630615
"SH","2026-09-18T08:00:00.000000",19.0209102630615
"SH","2026-09-18T09:00:00.000000",19.0209083557129
"SH","2026-09-18T10:00:00.000000",19.020902633667
"SH","2026-09-18T11:00:00.000000",19.0209045410156
"SH","2026-09-18T12:00:00.000000",19.020902633667
"SH","2026-09-18T13:00:00.000000",19.020902633667
"SH","2026-09-18T14:00:00.000000",19.0208721160889
"SH","2026-09-18T15:00:00.000000",19.0208110809326
"SH","2026-09-18T16:00:00.000000",19.0089740753174
"SH","2026-09-18T17:00:00.000000",19.0552139282227
"SH","2026-09-18T18:00:00.000000",19.1464691162109
"SH","2026-09-18T19:00:00.000000",19.2037925720215
"SH","2026-09-18T20:00:00.000000",19.2476787567139
"SH","2026-09-18T21:00:00.000000",19.2817897796631
"SH","2026-09-18T22:00:00.000000",19.2662792205811
"SH","2026-09-18T23:00:00.000000",19.258337020874
"SH","2026-09-19T00:00:00.000000",19.2628612518311
"SH","2026-09-19T01:00:00.000000",19.2618141174316
"SH","2026-09-19T02:00:00.000000",19.2441806793213
"SH","2026-09-19T03:00:00.000000",19.2486324310303
"SH","2026-09-19T04:00:00.000000",19.2486324310303
"SH","2026-09-19T05:00:00.000000",19.2486324310303
"SH","2026-09-19T06:00:00.000000",19.263578414917
"SH","2026-09-19T07:00:00.000000",19.2860641479492
"SH","2026-09-19T08:00:00.000000",19.3152980804443
"SH","2026-09-19T09:00:00.000000",19.2911109924316
"SH","2026-09-19T10:00:00.000000",19.2624225616455
"SH","2026-09-19T11:00:00.000000",19.2433605194092
"SH","2026-09-19T12:00:00.000000",19.2525424957275
"SH","2026-09-19T13:00:00.000000",19.270658493042
"SH","2026-09-19T14:00:00.000000",19.2849044799805
"SH","2026-09-19T15:00:00.000000",19.285758972168
"SH","2026-09-19T16:00:00.000000",19.2838706970215
"SH","2026-09-19T17:00:00.000000",19.2222309112549
"SH","2026-09-19T18:00:00.000000",19.161642074585
"SH","2026-09-19T19:00:00.000000",19.1129360198975
"SH","2026-09-19T20:00:00.000000",19.079517364502
"SH","2026-09-19T21:00:00.000000",19.0798664093018
"SH","2026-09-19T22:00:00.000000",19.1005859375
"SH","2026-09-19T23:00:00.000000",19.1150875091553
"SH","2026-09-20T00:00:00.000000",19.1287479400635
"SH","2026-09-20T01:00:00.000000",19.1435432434082
"SH","2026-09-20T02:00:00.000000",19.148588180542
"SH","2026-09-20T03:00:00.000000",19.1485729217529
"SH","2026-09-20T04:00:00.000000",19.148551940918
"SH","2026-09-20T05:00:00.000000",19.148551940918
"SH","2026-09-20T06:00:00.000000",19.1381969451904
"SH","2026-09-20T07:00:00.000000",19.1272258758545
"SH","2026-09-20T08:00:00.000000",19.1159400939941
"SH","2026-09-20T09:00:00.000000",19.0999755859375
"SH","2026-09-20T10:00:00.000000",19.0783882141113
"SH","2026-09-20T11:00:00.000000",19.0717964172363
"SH","2026-09-20T12:00:00.000000",19.0684661865234
"SH","2026-09-20T13:00:00.000000",19.0557289123535
"SH","2026-09-20T14:00:00.000000",19.0621280670166
"SH","2026-09-20T15:00:00.000000",19.0833740234375
"SH","2026-09-20T16:00:00.000000",19.1145992279053
"SH","2026-09-20T17:00:00.000000",19.117208480835
"SH","2026-09-20T18:00:00.000000",19.087646484375
"SH","2026-09-20T19:00:00.000000",19.0908603668213
"SH","2026-09-20T20:00:00.000000",19.1171360015869
"SH","2026-09-20T21:00:00.000000",19.118070602417
"SH","2026-09-20T22:00:00.000000",19.110538482666
"SH","2026-09-20T23:00:00.000000",19.1099395751953
"SH","2026-09-21T00:00:00.000000",19.0913181304932
"WB","2026-09-15T00:00:00.000000",17.7726631164551
"WB","2026-09-15T01:00:00.000000",17.22385597229
"WB","2026-09-15T02:00:00.000000",17.0902462005615
"WB","2026-09-15T03:00:00.000000",17.0422191619873
"WB","2026-09-15T04:00:00.000000",17.0121002197266
"WB","2026-09-15T05:00:00.000000",16.9458980560303
"WB","2026-09-15T06:00:00.000000",16.9203472137451
"WB","2026-09-15T07:00:00.000000",16.9504737854004
"WB","2026-09-15T08:00:00.000000",17.0147247314453
"WB","2026-09-15T09:00:00.000000",17.0080623626709
"WB","2026-09-15T10:00:00.000000",17.0150585174561
"WB","2026-09-15T11:00:00.000000",17.0191268920898
"WB","2026-09-15T12:00:00.000000",17.0296516418457
"WB","2026-09-15T13:00:00.000000",17.0756549835205
"WB","2026-09-15T14:00:00.000000",17.0697727203369
"WB","2026-09-15T15:00:00.000000",17.0467853546143
"WB","2026-09-15T16:00:00.000000",17.0304164886475
"WB","2026-09-15T17:00:00.000000",17.0412902832031
"WB","2026-09-15T18:00:00.000000",17.074146270752
"WB","2026-09-15T19:00:00.000000",17.0751857757568
"WB","2026-09-15T20:00:00.000000",17.0559310913086
"WB","2026-09-15T21:00:00.000000",17.0858192443848
"WB","2026-09-15T22:00:00.000000",17.1516551971436
"WB","2026-09-15T23:00:00.000000",17.2014865875244
"WB","2026-09-16T00:00:00.000000",17.2231292724609
"WB","2026-09-16T01:00:00.000000",17.1726589202881
"WB","2026-09-16T02:00:00.000000",17.1826915740967
"WB","2026-09-16T03:00:00.000000",17.1818599700928
"WB","2026-09-16T04:00:00.000000",17.171443939209
"WB","2026-09-16T05:00:00.000000",17.160041809082
"WB","2026-09-16T06:00:00.000000",17.1407852172852
"WB","2026-09-16T07:00:00.000000",17.0651302337646
"WB","2026-09-16T08:00:00.000000",16.9930782318115
"WB","2026-09-16T09:00:00.000000",16.9905700683594
"WB","2026-09-16T10:00:00.000000",17.0199718475342
"WB","2026-09-16T11:00:00.000000",17.0361881256104
"WB","2026-09-16T12:00:00.000000",17.0559329986572
"WB","2026-09-16T13:00:00.000000",17.0604934692383
"WB","2026-09-16T14:00:00.000000",17.0548400878906
"WB","2026-09-16T15:00:00.000000",17.03977394104
"WB","2026-09-16T16:00:00.000000",17.0348701477051
"WB","2026-09-16T17:00:00.000000",17.0381603240967
"WB","2026-09-16T18:00:00.000000",17.0629272460938
"WB","2026-09-16T19:00:00.000000",17.0534915924072
"WB","2026-09-16T20:00:00.000000",17.0853004455566
"WB","2026-09-16T21:00:00.000000",17.2193298339844
"WB","2026-09-16T22:00:00.000000",17.2528514862061
"WB","2026-09-16T23:00:00.000000",17.269868850708
"WB","2026-09-17T00:00:00.000000",17.3026561737061
"WB","2026-09-17T01:00:00.000000",17.3971538543701
"WB","2026-09-17T02:00:00.000000",17.4151821136475
"WB","2026-09-17T03:00:00.000000",17.4341888427734
"WB","2026-09-17T04:00:00.000000",17.449182510376
"WB","2026-09-17T05:00:00.000000",17.4572734832764
"WB","2026-09-17T06:00:00.000000",17.456506729126
"WB","2026-09-17T07:00:00.000000",17.4474124908447
"WB","2026-09-17T08:00:00.000000",17.4601268768311
"WB","2026-09-17T09:00:00.000000",17.4795589447021
"WB","2026-09-17T10:00:00.000000",17.47922706604
"WB","2026-09-17T11:00:00.000000",17.4768657684326
"WB","2026-09-17T12:00:00.000000",17.4757137298584
"WB","2026-09-17T13:00:00.000000",17.475980758667
"WB","2026-09-17T14:00:00.000000",17.4807243347168
"WB","2026-09-17T15:00:00.000000",17.4976806640625
"WB","2026-09-17T16:00:00.000000",17.5134468078613
"WB","2026-09-17T17:00:00.000000",17.5213050842285
"WB","2026-09-17T18:00:00.000000",17.5225315093994
"WB","2026-09-17T19:00:00.000000",17.5139064788818
"WB","2026-09-17T20:00:00.000000",17.5085334777832
"WB","2026-09-17T21:00:00.000000",17.5117511749268
"WB","2026-09-17T22:00:00.000000",17.5271511077881
"WB","2026-09-17T23:00:00.000000",17.5338802337646
"WB","2026-09-18T00:00:00.000000",17.5356159210205
"WB","2026-09-18T01:00:00.000000",17.5360813140869
"WB","2026-09-18T02:00:00.000000",17.5391368865967
"WB","2026-09-18T03:00:00.000000",17.5432472229004
"WB","2026-09-18T04:00:00.000000",17.5543041229248
"WB","2026-09-18T05:00:00.000000",17.5606212615967
"WB","2026-09-18T06:00:00.000000",17.5577220916748
"WB","2026-09-18T07:00:00.000000",17.5538158416748
"WB","2026-09-18T08:00:00.000000",17.5525398254395
"WB","2026-09-18T09:00:00.000000",17.5531692504883
"WB","2026-09-18T10:00:00.000000",17.557954788208
"WB","2026-09-18T11:00:00.000000",17.5550880432129
"WB","2026-09-18T12:00:00.000000",17.5478572845459
"WB","2026-09-18T13:00:00.000000",17.5447177886963
"WB","2026-09-18T14:00:00.000000",17.5450916290283
"WB","2026-09-18T15:00:00.000000",17.5515842437744
"WB","2026-09-18T16:00:00.000000",17.5839767456055
"WB","2026-09-18T17:00:00.000000",17.6353130340576
"WB","2026-09-18T18:00:00.000000",17.6851501464844
"WB","2026-09-18T19:00:00.000000",17.731595993042
"WB","2026-09-18T20:00:00.000000",17.7718639373779
"WB","2026-09-18T21:00:00.000000",17.7797718048096
"WB","2026-09-18T22:00:00.000000",17.7424907684326
"WB","2026-09-18T23:00:00.000000",17.7221908569336
"WB","2026-09-19T00:00:00.000000",17.7311248779297
"WB","2026-09-19T01:00:00.000000",17.7464275360107
"WB","2026-09-19T02:00:00.000000",17.7609996795654
"WB","2026-09-19T03:00:00.000000",17.768087387085
"WB","2026-09-19T04:00:00.000000",17.7706718444824
"WB","2026-09-19T05:00:00.000000",17.753812789917
"WB","2026-09-19T06:00:00.000000",17.7419357299805
"WB","2026-09-19T07:00:00.000000",17.7326774597168
"WB","2026-09-19T08:00:00.000000",17.6951522827148
"WB","2026-09-19T09:00:00.000000",17.666576385498
"WB","2026-09-19T10:00:00.000000",17.6602020263672
"WB","2026-09-19T11:00:00.000000",17.6758823394775
"WB","2026-09-19T12:00:00.000000",17.6935729980469
"WB","2026-09-19T13:00:00.000000",17.6958885192871
"WB","2026-09-19T14:00:00.000000",17.6902236938477
"WB","2026-09-19T15:00:00.000000",17.681396484375
"WB","2026-09-19T16:00:00.000000",17.6604785919189
"WB","2026-09-19T17:00:00.000000",17.660982131958
"WB","2026-09-19T18:00:00.000000",17.6767616271973
"WB","2026-09-19T19:00:00.000000",17.7047634124756
"WB","2026-09-19T20:00:00.000000",17.7476406097412
"WB","2026-09-19T21:00:00.000000",17.7854442596436
"WB","2026-09-19T22:00:00.000000",17.8023376464844
"WB","2026-09-19T23:00:00.000000",17.8052597045898
"WB","2026-09-20T00:00:00.000000",17.7945308685303
"WB","2026-09-20T01:00:00.000000",17.7735767364502
"WB","2026-09-20T02:00:00.000000",17.7576885223389
"WB","2026-09-20T03:00:00.000000",17.7517604827881
"WB","2026-09-20T04:00:00.000000",17.7499446868896
"WB","2026-09-20T05:00:00.000000",17.7414054870605
"WB","2026-09-20T06:00:00.000000",17.7348670959473
"WB","2026-09-20T07:00:00.000000",17.7330913543701
"WB","2026-09-20T08:00:00.000000",17.7270069122314
"WB","2026-09-20T09:00:00.000000",17.7107849121094
"WB","2026-09-20T10:00:00.000000",17.7015285491943
"WB","2026-09-20T11:00:00.000000",17.7065258026123
"WB","2026-09-20T12:00:00.000000",17.6992168426514
"WB","2026-09-20T13:00:00.000000",17.6690711975098
"WB","2026-09-20T14:00:00.000000",17.6262283325195
"WB","2026-09-20T15:00:00.000000",17.6127529144287
"WB","2026-09-20T16:00:00.000000",17.6200389862061
"WB","2026-09-20T17:00:00.000000",17.6238689422607
"WB","2026-09-20T18:00:00.000000",17.620885848999
"WB","2026-09-20T19:00:00.000000",17.6081371307373
"WB","2026-09-20T20:00:00.000000",17.598503112793
"WB","2026-09-20T21:00:00.000000",17.5961494445801
"WB","2026-09-20T22:00:00.000000",17.5971412658691
"WB","2026-09-20T23:00:00.000000",17.5980072021484
"WB","2026-09-21T00:00:00.000000",17.5980243682861
"CC","2026-09-15T00:00:00.000000",22.0131359100342
"CC","2026-09-15T01:00:00.000000",21.248327255249
"CC","2026-09-15T02:00:00.000000",21.1009426116943
"CC","2026-09-15T03:00:00.000000",21.0614948272705
"CC","2026-09-15T04:00:00.000000",21.0412006378174
"CC","2026-09-15T05:00:00.000000",21.0232582092285
"CC","2026-09-15T06:00:00.000000",21.0057277679443
"CC","2026-09-15T07:00:00.000000",20.9839153289795
"CC","2026-09-15T08:00:00.000000",20.9591464996338
"CC","2026-09-15T09:00:00.000000",20.9307479858398
"CC","2026-09-15T10:00:00.000000",20.9044742584229
"CC","2026-09-15T11:00:00.000000",20.8828277587891
"CC","2026-09-15T12:00:00.000000",20.8984184265137
"CC","2026-09-15T13:00:00.000000",20.9439506530762
"CC","2026-09-15T14:00:00.000000",21.0220909118652
"CC","2026-09-15T15:00:00.000000",21.1216487884521
"CC","2026-09-15T16:00:00.000000",21.2082004547119
"CC","2026-09-15T17:00:00.000000",21.2989044189453
"CC","2026-09-15T18:00:00.000000",21.3591651916504
"CC","2026-09-15T19:00:00.000000",21.3846778869629
"CC","2026-09-15T20:00:00.000000",21.3951873779297
"CC","2026-09-15T21:00:00.000000",21.3846302032471
"CC","2026-09-15T22:00:00.000000",21.3641948699951
"CC","2026-09-15T23:00:00.000000",21.3255043029785
"CC","2026-09-16T00:00:00.000000",21.2898387908936
"CC","2026-09-16T01:00:00.000000",20.9050407409668
"CC","2026-09-16T02:00:00.000000",20.8188591003418
"CC","2026-09-16T03:00:00.000000",20.7922630310059
"CC","2026-09-16T04:00:00.000000",20.7790489196777
"CC","2026-09-16T05:00:00.000000",20.7654800415039
"CC","2026-09-16T06:00:00.000000",20.7596073150635
"CC","2026-09-16T07:00:00.000000",20.7523593902588
"CC","2026-09-16T08:00:00.000000",20.7369232177734
"CC","2026-09-16T09:00:00.000000",20.718957901001
"CC","2026-09-16T10:00:00.000000",20.7048053741455
"CC","2026-09-16T11:00:00.000000",20.6933193206787
"CC","2026-09-16T12:00:00.000000",20.7097034454346
"CC","2026-09-16T13:00:00.000000",20.7633934020996
"CC","2026-09-16T14:00:00.000000",20.8457508087158
"CC","2026-09-16T15:00:00.000000",20.9452171325684
"CC","2026-09-16T16:00:00.000000",21.0060596466064
"CC","2026-09-16T17:00:00.000000",21.0717029571533
"CC","2026-09-16T18:00:00.000000",21.1545543670654
"CC","2026-09-16T19:00:00.000000",21.1787567138672
"CC","2026-09-16T20:00:00.000000",21.1735248565674
"CC","2026-09-16T21:00:00.000000",21.1598472595215
"CC","2026-09-16T22:00:00.000000",21.1495971679688
"CC","2026-09-16T23:00:00.000000",21.1276264190674
"CC","2026-09-17T00:00:00.000000",21.1004638671875
"CC","2026-09-17T01:00:00.000000",21.2011127471924
"CC","2026-09-17T02:00:00.000000",21.2097587585449
"CC","2026-09-17T03:00:00.000000",21.200267791748
"CC","2026-09-17T04:00:00.000000",21.1904315948486
"CC","2026-09-17T05:00:00.000000",21.1831550598145
"CC","2026-09-17T06:00:00.000000",21.1796588897705
"CC","2026-09-17T07:00:00.000000",21.1947135925293
"CC","2026-09-17T08:00:00.000000",21.2052307128906
"CC","2026-09-17T09:00:00.000000",21.2102546691895
"CC","2026-09-17T10:00:00.000000",21.2123832702637
"CC","2026-09-17T11:00:00.000000",21.1983871459961
"CC","2026-09-17T12:00:00.000000",21.2213001251221
"CC","2026-09-17T13:00:00.000000",21.2846832275391
"CC","2026-09-17T14:00:00.000000",21.3700847625732
"CC","2026-09-17T15:00:00.000000",21.4571361541748
"CC","2026-09-17T16:00:00.000000",21.5263290405273
"CC","2026-09-17T17:00:00.000000",21.5964832305908
"CC","2026-09-17T18:00:00.000000",21.6791172027588
"CC","2026-09-17T19:00:00.000000",21.6906776428223
"CC","2026-09-17T20:00:00.000000",21.6747646331787
"CC","2026-09-17T21:00:00.000000",21.6591491699219
"CC","2026-09-17T22:00:00.000000",21.6605529785156
"CC","2026-09-17T23:00:00.000000",21.655876159668
"CC","2026-09-18T00:00:00.000000",21.640796661377
"CC","2026-09-18T01:00:00.000000",21.6395874023438
"CC","2026-09-18T02:00:00.000000",21.6331176757812
"CC","2026-09-18T03:00:00.000000",21.6257781982422
"CC","2026-09-18T04:00:00.000000",21.6182289123535
"CC","2026-09-18T05:00:00.000000",21.6149654388428
"CC","2026-09-18T06:00:00.000000",21.6154499053955
"CC","2026-09-18T07:00:00.000000",21.6142883300781
"CC","2026-09-18T08:00:00.000000",21.6150245666504
"CC","2026-09-18T09:00:00.000000",21.6172924041748
"CC","2026-09-18T10:00:00.000000",21.6187019348145
"CC","2026-09-18T11:00:00.000000",21.6171588897705
"CC","2026-09-18T12:00:00.000000",21.6195735931396
"CC","2026-09-18T13:00:00.000000",21.6325206756592
"CC","2026-09-18T14:00:00.000000",21.657299041748
"CC","2026-09-18T15:00:00.000000",21.6925449371338
"CC","2026-09-18T16:00:00.000000",21.7370376586914
"CC","2026-09-18T17:00:00.000000",21.7911548614502
"CC","2026-09-18T18:00:00.000000",21.8543853759766
"CC","2026-09-18T19:00:00.000000",21.9235782623291
"CC","2026-09-18T20:00:00.000000",21.9891872406006
"CC","2026-09-18T21:00:00.000000",22.0414066314697
"CC","2026-09-18T22:00:00.000000",22.072681427002
"CC","2026-09-18T23:00:00.000000",22.0826301574707
"CC","2026-09-19T00:00:00.000000",22.0775623321533
"CC","2026-09-19T01:00:00.000000",22.0634574890137
"CC","2026-09-19T02:00:00.000000",22.046932220459
"CC","2026-09-19T03:00:00.000000",22.0221004486084
"CC","2026-09-19T04:00:00.000000",21.9899063110352
"CC","2026-09-19T05:00:00.000000",21.9553260803223
"CC","2026-09-19T06:00:00.000000",21.9198017120361
"CC","2026-09-19T07:00:00.000000",21.8853302001953
"CC","2026-09-19T08:00:00.000000",21.8515071868896
"CC","2026-09-19T09:00:00.000000",21.8176498413086
"CC","2026-09-19T10:00:00.000000",21.7825202941895
"CC","2026-09-19T11:00:00.000000",21.7483043670654
"CC","2026-09-19T12:00:00.000000",21.719310760498
"CC","2026-09-19T13:00:00.000000",21.706184387207
"CC","2026-09-19T14:00:00.000000",21.7126388549805
"CC","2026-09-19T15:00:00.000000",21.7370357513428
"CC","2026-09-19T16:00:00.000000",21.7741928100586
"CC","2026-09-19T17:00:00.000000",21.8203506469727
"CC","2026-09-19T18:00:00.000000",21.8692779541016
"CC","2026-09-19T19:00:00.000000",21.9193325042725
"CC","2026-09-19T20:00:00.000000",21.9621620178223
"CC","2026-09-19T21:00:00.000000",21.9937591552734
"CC","2026-09-19T22:00:00.000000",22.0032691955566
"CC","2026-09-19T23:00:00.000000",21.9905433654785
"CC","2026-09-20T00:00:00.000000",21.9528255462646
"CC","2026-09-20T01:00:00.000000",21.926736831665
"CC","2026-09-20T02:00:00.000000",21.897216796875
"CC","2026-09-20T03:00:00.000000",21.8589458465576
"CC","2026-09-20T04:00:00.000000",21.8277187347412
"CC","2026-09-20T05:00:00.000000",21.796838760376
"CC","2026-09-20T06:00:00.000000",21.7684192657471
"CC","2026-09-20T07:00:00.000000",21.742359161377
"CC","2026-09-20T08:00:00.000000",21.7211170196533
"CC","2026-09-20T09:00:00.000000",21.700647354126
"CC","2026-09-20T10:00:00.000000",21.6808605194092
"CC","2026-09-20T11:00:00.000000",21.6593322753906
"CC","2026-09-20T12:00:00.000000",21.6495018005371
"CC","2026-09-20T13:00:00.000000",21.6500396728516
"CC","2026-09-20T14:00:00.000000",21.6631412506104
"CC","2026-09-20T15:00:00.000000",21.6875686645508
"CC","2026-09-20T16:00:00.000000",21.7193565368652
"CC","2026-09-20T17:00:00.000000",21.7437267303467
"CC","2026-09-20T18:00:00.000000",21.760009765625
"CC","2026-09-20T19:00:00.000000",21.7706661224365
"CC","2026-09-20T20:00:00.000000",21.7790012359619
"CC","2026-09-20T21:00:00.000000",21.7851486206055
"CC","2026-09-20T22:00:00.000000",21.7880592346191
"CC","2026-09-20T23:00:00.000000",21.7871799468994
"CC","2026-09-21T00:00:00.000000",21.7826595306396
"DL","2026-09-15T00:00:00.000000",21.3292942047119
"DL","2026-09-15T01:00:00.000000",20.8997936248779
"DL","2026-09-15T02:00:00.000000",20.8318786621094
"DL","2026-09-15T03:00:00.000000",20.831823348999
"DL","2026-09-15T04:00:00.000000",20.8442230224609
"DL","2026-09-15T05:00:00.000000",20.8433513641357
"DL","2026-09-15T06:00:00.000000",20.8463039398193
"DL","2026-09-15T07:00:00.000000",20.8488025665283
"DL","2026-09-15T08:00:00.000000",20.8553276062012
"DL","2026-09-15T09:00:00.000000",20.8564796447754
"DL","2026-09-15T10:00:00.000000",20.8579330444336
"DL","2026-09-15T11:00:00.000000",20.862476348877
"DL","2026-09-15T12:00:00.000000",20.8676776885986
"DL","2026-09-15T13:00:00.000000",20.871768951416
"DL","2026-09-15T14:00:00.000000",20.8761291503906
"DL","2026-09-15T15:00:00.000000",20.881217956543
"DL","2026-09-15T16:00:00.000000",20.8802623748779
"DL","2026-09-15T17:00:00.000000",20.8861427307129
"DL","2026-09-15T18:00:00.000000",20.8875408172607
"DL","2026-09-15T19:00:00.000000",20.8831081390381
"DL","2026-09-15T20:00:00.000000",20.876335144043
"DL","2026-09-15T21:00:00.000000",20.8709907531738
"DL","2026-09-15T22:00:00.000000",20.8657512664795
"DL","2026-09-15T23:00:00.000000",20.8636322021484
"DL","2026-09-16T00:00:00.000000",20.8575897216797
"DL","2026-09-16T01:00:00.000000",20.6131172180176
"DL","2026-09-16T02:00:00.000000",20.5536632537842
"DL","2026-09-16T03:00:00.000000",20.5473709106445
"DL","2026-09-16T04:00:00.000000",20.5735702514648
"DL","2026-09-16T05:00:00.000000",20.5749893188477
"DL","2026-09-16T06:00:00.000000",20.579158782959
"DL","2026-09-16T07:00:00.000000",20.5835475921631
"DL","2026-09-16T08:00:00.000000",20.5882759094238
"DL","2026-09-16T09:00:00.000000",20.5855960845947
"DL","2026-09-16T10:00:00.000000",20.5838260650635
"DL","2026-09-16T11:00:00.000000",20.5810089111328
"DL","2026-09-16T12:00:00.000000",20.580228805542
"DL","2026-09-16T13:00:00.000000",20.5778656005859
"DL","2026-09-16T14:00:00.000000",20.5809669494629
"DL","2026-09-16T15:00:00.000000",20.5905780792236
"DL","2026-09-16T16:00:00.000000",20.601749420166
"DL","2026-09-16T17:00:00.000000",20.6079616546631
"DL","2026-09-16T18:00:00.000000",20.6092872619629
"DL","2026-09-16T19:00:00.000000",20.6091079711914
"DL","2026-09-16T20:00:00.000000",20.609806060791
"DL","2026-09-16T21:00:00.000000",20.609977722168
"DL","2026-09-16T22:00:00.000000",20.6092472076416
"DL","2026-09-16T23:00:00.000000",20.6079044342041
"DL","2026-09-17T00:00:00.000000",20.6059246063232
"DL","2026-09-17T01:00:00.000000",20.8948841094971
"DL","2026-09-17T02:00:00.000000",20.9299640655518
"DL","2026-09-17T03:00:00.000000",20.936450958252
"DL","2026-09-17T04:00:00.000000",20.9405670166016
"DL","2026-09-17T05:00:00.000000",20.9417629241943
"DL","2026-09-17T06:00:00.000000",20.9406986236572
"DL","2026-09-17T07:00:00.000000",20.9392471313477
"DL","2026-09-17T08:00:00.000000",20.9402637481689
"DL","2026-09-17T09:00:00.000000",20.9407348632812
"DL","2026-09-17T10:00:00.000000",20.9487533569336
"DL","2026-09-17T11:00:00.000000",20.9584560394287
"DL","2026-09-17T12:00:00.000000",20.9685668945312
"DL","2026-09-17T13:00:00.000000",20.9790019989014
"DL","2026-09-17T14:00:00.000000",20.9942035675049
"DL","2026-09-17T15:00:00.000000",21.012243270874
"DL","2026-09-17T16:00:00.000000",21.0244159698486
"DL","2026-09-17T17:00:00.000000",21.0313453674316
"DL","2026-09-17T18:00:00.000000",21.0215663909912
"DL","2026-09-17T19:00:00.000000",21.0032482147217
"DL","2026-09-17T20:00:00.000000",21.002384185791
"DL","2026-09-17T21:00:00.000000",21.0044479370117
"DL","2026-09-17T22:00:00.000000",21.0105686187744
"DL","2026-09-17T23:00:00.000000",21.0220718383789
"DL","2026-09-18T00:00:00.000000",21.0308990478516
"DL","2026-09-18T01:00:00.000000",21.0258884429932
"DL","2026-09-18T02:00:00.000000",21.0192909240723
"DL","2026-09-18T03:00:00.000000",20.9952907562256
"DL","2026-09-18T04:00:00.000000",20.9924831390381
"DL","2026-09-18T05:00:00.000000",20.9932327270508
"DL","2026-09-18T06:00:00.000000",20.9960994720459
"DL","2026-09-18T07:00:00.000000",21.0000267028809
"DL","2026-09-18T08:00:00.000000",21.0058898925781
"DL","2026-09-18T09:00:00.000000",21.0219039916992
"DL","2026-09-18T10:00:00.000000",21.0323867797852
"DL","2026-09-18T11:00:00.000000",21.055606842041
"DL","2026-09-18T12:00:00.000000",21.0710353851318
"DL","2026-09-18T13:00:00.000000",21.0789794921875
"DL","2026-09-18T14:00:00.000000",21.0872268676758
"DL","2026-09-18T15:00:00.000000",21.0998477935791
"DL","2026-09-18T16:00:00.000000",21.1118793487549
"DL","2026-09-18T17:00:00.000000",21.1184787750244
"DL","2026-09-18T18:00:00.000000",21.115650177002
"DL","2026-09-18T19:00:00.000000",21.0875606536865
"DL","2026-09-18T20:00:00.000000",21.0764389038086
"DL","2026-09-18T21:00:00.000000",21.078987121582
"DL","2026-09-18T22:00:00.000000",21.0778942108154
"DL","2026-09-18T23:00:00.000000",21.0738658905029
"DL","2026-09-19T00:00:00.000000",21.0721473693848
"DL","2026-09-19T01:00:00.000000",21.0702381134033
"DL","2026-09-19T02:00:00.000000",21.0681896209717
"DL","2026-09-19T03:00:00.000000",21.0668449401855
"DL","2026-09-19T04:00:00.000000",21.0669689178467
"DL","2026-09-19T05:00:00.000000",21.0663871765137
"DL","2026-09-19T06:00:00.000000",21.0651931762695
"DL","2026-09-19T07:00:00.000000",21.0625438690186
"DL","2026-09-19T08:00:00.000000",21.0587215423584
"DL","2026-09-19T09:00:00.000000",21.0541343688965
"DL","2026-09-19T10:00:00.000000",21.0509719848633
"DL","2026-09-19T11:00:00.000000",21.0500202178955
"DL","2026-09-19T12:00:00.000000",21.0496501922607
"DL","2026-09-19T13:00:00.000000",21.0494041442871
"DL","2026-09-19T14:00:00.000000",21.0484867095947
"DL","2026-09-19T15:00:00.000000",21.04860496521
"DL","2026-09-19T16:00:00.000000",21.051139831543
"DL","2026-09-19T17:00:00.000000",21.055233001709
"DL","2026-09-19T18:00:00.000000",21.0676612854004
"DL","2026-09-19T19:00:00.000000",21.0914554595947
"DL","2026-09-19T20:00:00.000000",21.0958137512207
"DL","2026-09-19T21:00:00.000000",21.0743427276611
"DL","2026-09-19T22:00:00.000000",21.0724067687988
"DL","2026-09-19T23:00:00.000000",21.0669174194336
"DL","2026-09-20T00:00:00.000000",21.0681533813477
"DL","2026-09-20T01:00:00.000000",21.0658493041992
"DL","2026-09-20T02:00:00.000000",21.0637645721436
"DL","2026-09-20T03:00:00.000000",21.0626335144043
"DL","2026-09-20T04:00:00.000000",21.063081741333
"DL","2026-09-20T05:00:00.000000",21.0683536529541
"DL","2026-09-20T06:00:00.000000",21.072790145874
"DL","2026-09-20T07:00:00.000000",21.0737133026123
"DL","2026-09-20T08:00:00.000000",21.0656204223633
"DL","2026-09-20T09:00:00.000000",21.0597267150879
"DL","2026-09-20T10:00:00.000000",21.0587692260742
"DL","2026-09-20T11:00:00.000000",21.058521270752
"DL","2026-09-20T12:00:00.000000",21.0581836700439
"DL","2026-09-20T13:00:00.000000",21.0581550598145
"DL","2026-09-20T14:00:00.000000",21.0583572387695
"DL","2026-09-20T15:00:00.000000",21.0590496063232
"DL","2026-09-20T16:00:00.000000",21.0616683959961
"DL","2026-09-20T17:00:00.000000",21.0704612731934
"DL","2026-09-20T18:00:00.000000",21.08469581604
"DL","2026-09-20T19:00:00.000000",21.0957698822021
"DL","2026-09-20T20:00:00.000000",21.0997486114502
"DL","2026-09-20T21:00:00.000000",21.0952339172363
"DL","2026-09-20T22:00:00.000000",21.0885066986084
"DL","2026-09-20T23:00:00.000000",21.0838470458984
"DL","2026-09-21T00:00:00.000000",21.0833034515381
"GB","2026-09-15T00:00:00.000000",21.8507709503174
"GB","2026-09-15T01:00:00.000000",21.6954498291016
"GB","2026-09-15T02:00:00.000000",21.6385078430176
"GB","2026-09-15T03:00:00.000000",21.6143054962158
"GB","2026-09-15T04:00:00.000000",21.5986824035645
"GB","2026-09-15T05:00:00.000000",21.5792922973633
"GB","2026-09-15T06:00:00.000000",21.5615272521973
"GB","2026-09-15T07:00:00.000000",21.5840091705322
"GB","2026-09-15T08:00:00.000000",21.5225086212158
"GB","2026-09-15T09:00:00.000000",21.4333324432373
"GB","2026-09-15T10:00:00.000000",21.4280014038086
"GB","2026-09-15T11:00:00.000000",21.4513206481934
"GB","2026-09-15T12:00:00.000000",21.4563846588135
"GB","2026-09-15T13:00:00.000000",21.4601726531982
"GB","2026-09-15T14:00:00.000000",21.4932098388672
"GB","2026-09-15T15:00:00.000000",21.521900177002
"GB","2026-09-15T16:00:00.000000",21.569393157959
"GB","2026-09-15T17:00:00.000000",21.6035823822021
"GB","2026-09-15T18:00:00.000000",21.6251163482666
"GB","2026-09-15T19:00:00.000000",21.6880664825439
"GB","2026-09-15T20:00:00.000000",21.7506542205811
"GB","2026-09-15T21:00:00.000000",21.6645469665527
"GB","2026-09-15T22:00:00.000000",21.6694774627686
"GB","2026-09-15T23:00:00.000000",21.656530380249
"GB","2026-09-16T00:00:00.000000",21.6707916259766
"GB","2026-09-16T01:00:00.000000",21.5449810028076
"GB","2026-09-16T02:00:00.000000",21.5602951049805
"GB","2026-09-16T03:00:00.000000",21.496639251709
"GB","2026-09-16T04:00:00.000000",21.4796009063721
"GB","2026-09-16T05:00:00.000000",21.4605846405029
"GB","2026-09-16T06:00:00.000000",21.45241355896
"GB","2026-09-16T07:00:00.000000",21.4387302398682
"GB","2026-09-16T08:00:00.000000",21.466588973999
"GB","2026-09-16T09:00:00.000000",21.4410991668701
"GB","2026-09-16T10:00:00.000000",21.4437026977539
"GB","2026-09-16T11:00:00.000000",21.4585990905762
"GB","2026-09-16T12:00:00.000000",21.4687805175781
"GB","2026-09-16T13:00:00.000000",21.4865036010742
"GB","2026-09-16T14:00:00.000000",21.5680465698242
"GB","2026-09-16T15:00:00.000000",21.5453948974609
"GB","2026-09-16T16:00:00.000000",21.5471706390381
"GB","2026-09-16T17:00:00.000000",21.5646305084229
"GB","2026-09-16T18:00:00.000000",21.5855674743652
"GB","2026-09-16T19:00:00.000000",21.6006641387939
"GB","2026-09-16T20:00:00.000000",21.657678604126
"GB","2026-09-16T21:00:00.000000",21.694694519043
"GB","2026-09-16T22:00:00.000000",21.6474456787109
"GB","2026-09-16T23:00:00.000000",21.6479969024658
"GB","2026-09-17T00:00:00.000000",21.6570453643799
"GB","2026-09-17T01:00:00.000000",21.553258895874
"GB","2026-09-17T02:00:00.000000",21.5323276519775
"GB","2026-09-17T03:00:00.000000",21.4983558654785
"GB","2026-09-17T04:00:00.000000",21.4766902923584
"GB","2026-09-17T05:00:00.000000",21.4662570953369
"GB","2026-09-17T06:00:00.000000",21.461332321167
"GB","2026-09-17T07:00:00.000000",21.4580898284912
"GB","2026-09-17T08:00:00.000000",21.4532661437988
"GB","2026-09-17T09:00:00.000000",21.5020580291748
"GB","2026-09-17T10:00:00.000000",21.4725894927979
"GB","2026-09-17T11:00:00.000000",21.446460723877
"GB","2026-09-17T12:00:00.000000",21.4745559692383
"GB","2026-09-17T13:00:00.000000",21.5193748474121
"GB","2026-09-17T14:00:00.000000",21.5755348205566
"GB","2026-09-17T15:00:00.000000",21.643159866333
"GB","2026-09-17T16:00:00.000000",21.615930557251
"GB","2026-09-17T17:00:00.000000",21.6395835876465
"GB","2026-09-17T18:00:00.000000",21.6660633087158
"GB","2026-09-17T19:00:00.000000",21.6955642700195
"GB","2026-09-17T20:00:00.000000",21.7217140197754
"GB","2026-09-17T21:00:00.000000",21.7767238616943
"GB","2026-09-17T22:00:00.000000",21.7793121337891
"GB","2026-09-17T23:00:00.000000",21.7077598571777
"GB","2026-09-18T00:00:00.000000",21.7096424102783
"GB","2026-09-18T01:00:00.000000",21.7178211212158
"GB","2026-09-18T02:00:00.000000",21.7430381774902
"GB","2026-09-18T03:00:00.000000",21.7582206726074
"GB","2026-09-18T04:00:00.000000",21.7343692779541
"GB","2026-09-18T05:00:00.000000",21.723726272583
"GB","2026-09-18T06:00:00.000000",21.7315540313721
"GB","2026-09-18T07:00:00.000000",21.738733291626
"GB","2026-09-18T08:00:00.000000",21.7440605163574
"GB","2026-09-18T09:00:00.000000",21.748140335083
"GB","2026-09-18T10:00:00.000000",21.7592296600342
"GB","2026-09-18T11:00:00.000000",21.7451248168945
"GB","2026-09-18T12:00:00.000000",21.7127704620361
"GB","2026-09-18T13:00:00.000000",21.7259922027588
"GB","2026-09-18T14:00:00.000000",21.76145362854
"GB","2026-09-18T15:00:00.000000",21.7974128723145
"GB","2026-09-18T16:00:00.000000",21.8834342956543
"GB","2026-09-18T17:00:00.000000",21.8782615661621
"GB","2026-09-18T18:00:00.000000",21.9266033172607
"GB","2026-09-18T19:00:00.000000",21.9678020477295
"GB","2026-09-18T20:00:00.000000",22.0010547637939
"GB","2026-09-18T21:00:00.000000",22.0167427062988
"GB","2026-09-18T22:00:00.000000",22.0801868438721
"GB","2026-09-18T23:00:00.000000",22.0927982330322
"GB","2026-09-19T00:00:00.000000",22.0261058807373
"GB","2026-09-19T01:00:00.000000",21.994665145874
"GB","2026-09-19T02:00:00.000000",21.9825210571289
"GB","2026-09-19T03:00:00.000000",21.9598979949951
"GB","2026-09-19T04:00:00.000000",21.9683666229248
"GB","2026-09-19T05:00:00.000000",21.9463748931885
"GB","2026-09-19T06:00:00.000000",21.9285469055176
"GB","2026-09-19T07:00:00.000000",21.9125518798828
"GB","2026-09-19T08:00:00.000000",21.8929710388184
"GB","2026-09-19T09:00:00.000000",21.8696708679199
"GB","2026-09-19T10:00:00.000000",21.8355388641357
"GB","2026-09-19T11:00:00.000000",21.8515548706055
"GB","2026-09-19T12:00:00.000000",21.7974548339844
"GB","2026-09-19T13:00:00.000000",21.7699279785156
"GB","2026-09-19T14:00:00.000000",21.781665802002
"GB","2026-09-19T15:00:00.000000",21.7947120666504
"GB","2026-09-19T16:00:00.000000",21.810827255249
"GB","2026-09-19T17:00:00.000000",21.8561592102051
"GB","2026-09-19T18:00:00.000000",21.8825988769531
"GB","2026-09-19T19:00:00.000000",21.8824462890625
"GB","2026-09-19T20:00:00.000000",21.8891372680664
"GB","2026-09-19T21:00:00.000000",21.8899936676025
"GB","2026-09-19T22:00:00.000000",21.8816184997559
"GB","2026-09-19T23:00:00.000000",21.919397354126
"GB","2026-09-20T00:00:00.000000",21.886568069458
"GB","2026-09-20T01:00:00.000000",21.8433589935303
"GB","2026-09-20T02:00:00.000000",21.8121185302734
"GB","2026-09-20T03:00:00.000000",21.7961769104004
"GB","2026-09-20T04:00:00.000000",21.7799491882324
"GB","2026-09-20T05:00:00.000000",21.8123760223389
"GB","2026-09-20T06:00:00.000000",21.8011817932129
"GB","2026-09-20T07:00:00.000000",21.7517070770264
"GB","2026-09-20T08:00:00.000000",21.7268981933594
"GB","2026-09-20T09:00:00.000000",21.7087593078613
"GB","2026-09-20T10:00:00.000000",21.6876106262207
"GB","2026-09-20T11:00:00.000000",21.6477909088135
"GB","2026-09-20T12:00:00.000000",21.6899394989014
"GB","2026-09-20T13:00:00.000000",21.6628437042236
"GB","2026-09-20T14:00:00.000000",21.6759033203125
"GB","2026-09-20T15:00:00.000000",21.7086849212646
"GB","2026-09-20T16:00:00.000000",21.7431869506836
"GB","2026-09-20T17:00:00.000000",21.7658996582031
"GB","2026-09-20T18:00:00.000000",21.7921619415283
"GB","2026-09-20T19:00:00.000000",21.7798843383789
"GB","2026-09-20T20:00:00.000000",21.7193565368652
"GB","2026-09-20T21:00:00.000000",21.7013568878174
"GB","2026-09-20T22:00:00.000000",21.6881504058838
"GB","2026-09-20T23:00:00.000000",21.6629467010498
"GB","2026-09-21T00:00:00.000000",21.6876354217529
"LI","2026-09-15T00:00:00.000000",21.7767658233643
"LI","2026-09-15T01:00:00.000000",21.2305545806885
"LI","2026-09-15T02:00:00.000000",21.1380844116211
"LI","2026-09-15T03:00:00.000000",21.0908470153809
"LI","2026-09-15T04:00:00.000000",21.0428333282471
"LI","2026-09-15T05:00:00.000000",20.9818859100342
"LI","2026-09-15T06:00:00.000000",20.9316387176514
"LI","2026-09-15T07:00:00.000000",20.8947086334229
"LI","2026-09-15T08:00:00.000000",20.8519554138184
"LI","2026-09-15T09:00:00.000000",20.8388290405273
"LI","2026-09-15T10:00:00.000000",20.829891204834
"LI","2026-09-15T11:00:00.000000",20.8346652984619
"LI","2026-09-15T12:00:00.000000",20.8260955810547
"LI","2026-09-15T13:00:00.000000",20.8910217285156
"LI","2026-09-15T14:00:00.000000",20.967077255249
"LI","2026-09-15T15:00:00.000000",21.0401287078857
"LI","2026-09-15T16:00:00.000000",21.1187229156494
"LI","2026-09-15T17:00:00.000000",21.1756973266602
"LI","2026-09-15T18:00:00.000000",21.1989650726318
"LI","2026-09-15T19:00:00.000000",21.1950836181641
"LI","2026-09-15T20:00:00.000000",21.1855335235596
"LI","2026-09-15T21:00:00.000000",21.1763935089111
"LI","2026-09-15T22:00:00.000000",21.1490535736084
"LI","2026-09-15T23:00:00.000000",21.1125240325928
"LI","2026-09-16T00:00:00.000000",21.0786781311035
"LI","2026-09-16T01:00:00.000000",21.0074462890625
"LI","2026-09-16T02:00:00.000000",21.0501689910889
"LI","2026-09-16T03:00:00.000000",21.1019897460938
"LI","2026-09-16T04:00:00.000000",21.0847644805908
"LI","2026-09-16T05:00:00.000000",21.0478229522705
"LI","2026-09-16T06:00:00.000000",20.9933910369873
"LI","2026-09-16T07:00:00.000000",20.9330902099609
"LI","2026-09-16T08:00:00.000000",20.8899669647217
"LI","2026-09-16T09:00:00.000000",20.8693943023682
"LI","2026-09-16T10:00:00.000000",20.8579196929932
"LI","2026-09-16T11:00:00.000000",20.8759384155273
"LI","2026-09-16T12:00:00.000000",20.8854961395264
"LI","2026-09-16T13:00:00.000000",20.9372177124023
"LI","2026-09-16T14:00:00.000000",21.0199813842773
"LI","2026-09-16T15:00:00.000000",21.0746555328369
"LI","2026-09-16T16:00:00.000000",21.1252784729004
"LI","2026-09-16T17:00:00.000000",21.1834678649902
"LI","2026-09-16T18:00:00.000000",21.2412738800049
"LI","2026-09-16T19:00:00.000000",21.2835865020752
"LI","2026-09-16T20:00:00.000000",21.2761478424072
"LI","2026-09-16T21:00:00.000000",21.2554225921631
"LI","2026-09-16T22:00:00.000000",21.2506828308105
"LI","2026-09-16T23:00:00.000000",21.2293834686279
"LI","2026-09-17T00:00:00.000000",21.2132358551025
"LI","2026-09-17T01:00:00.000000",21.3916568756104
"LI","2026-09-17T02:00:00.000000",21.4314117431641
"LI","2026-09-17T03:00:00.000000",21.4617900848389
"LI","2026-09-17T04:00:00.000000",21.5052833557129
"LI","2026-09-17T05:00:00.000000",21.5234146118164
"LI","2026-09-17T06:00:00.000000",21.5207366943359
"LI","2026-09-17T07:00:00.000000",21.5220737457275
"LI","2026-09-17T08:00:00.000000",21.5010204315186
"LI","2026-09-17T09:00:00.000000",21.4832897186279
"LI","2026-09-17T10:00:00.000000",21.4817180633545
"LI","2026-09-17T11:00:00.000000",21.482292175293
"LI","2026-09-17T12:00:00.000000",21.4981098175049
"LI","2026-09-17T13:00:00.000000",21.5473747253418
"LI","2026-09-17T14:00:00.000000",21.6274375915527
"LI","2026-09-17T15:00:00.000000",21.7110500335693
"LI","2026-09-17T16:00:00.000000",21.7156372070312
"LI","2026-09-17T17:00:00.000000",21.7241439819336
"LI","2026-09-17T18:00:00.000000",21.7681789398193
"LI","2026-09-17T19:00:00.000000",21.786304473877
"LI","2026-09-17T20:00:00.000000",21.7895812988281
"LI","2026-09-17T21:00:00.000000",21.7917575836182
"LI","2026-09-17T22:00:00.000000",21.7970333099365
"LI","2026-09-17T23:00:00.000000",21.7960166931152
"LI","2026-09-18T00:00:00.000000",21.7946605682373
"LI","2026-09-18T01:00:00.000000",21.8122959136963
"LI","2026-09-18T02:00:00.000000",21.8139228820801
"LI","2026-09-18T03:00:00.000000",21.8199367523193
"LI","2026-09-18T04:00:00.000000",21.851203918457
"LI","2026-09-18T05:00:00.000000",21.8805503845215
"LI","2026-09-18T06:00:00.000000",21.8852062225342
"LI","2026-09-18T07:00:00.000000",21.8868236541748
"LI","2026-09-18T08:00:00.000000",21.8863754272461
"LI","2026-09-18T09:00:00.000000",21.8854160308838
"LI","2026-09-18T10:00:00.000000",21.883602142334
"LI","2026-09-18T11:00:00.000000",21.8838958740234
"LI","2026-09-18T12:00:00.000000",21.8900413513184
"LI","2026-09-18T13:00:00.000000",21.901762008667
"LI","2026-09-18T14:00:00.000000",21.9238872528076
"LI","2026-09-18T15:00:00.000000",21.9598083496094
"LI","2026-09-18T16:00:00.000000",21.9773769378662
"LI","2026-09-18T17:00:00.000000",21.9726390838623
"LI","2026-09-18T18:00:00.000000",21.9903106689453
"LI","2026-09-18T19:00:00.000000",22.040153503418
"LI","2026-09-18T20:00:00.000000",22.107458114624
"LI","2026-09-18T21:00:00.000000",22.1864566802979
"LI","2026-09-18T22:00:00.000000",22.2320671081543
"LI","2026-09-18T23:00:00.000000",22.245475769043
"LI","2026-09-19T00:00:00.000000",22.2354640960693
"LI","2026-09-19T01:00:00.000000",22.2299499511719
"LI","2026-09-19T02:00:00.000000",22.2175617218018
"LI","2026-09-19T03:00:00.000000",22.1753387451172
"LI","2026-09-19T04:00:00.000000",22.1268634796143
"LI","2026-09-19T05:00:00.000000",22.0870304107666
"LI","2026-09-19T06:00:00.000000",22.0754871368408
"LI","2026-09-19T07:00:00.000000",22.0962200164795
"LI","2026-09-19T08:00:00.000000",22.1034412384033
"LI","2026-09-19T09:00:00.000000",22.0609970092773
"LI","2026-09-19T10:00:00.000000",21.9806804656982
"LI","2026-09-19T11:00:00.000000",21.922492980957
"LI","2026-09-19T12:00:00.000000",21.8901863098145
"LI","2026-09-19T13:00:00.000000",21.8819389343262
"LI","2026-09-19T14:00:00.000000",21.891544342041
"LI","2026-09-19T15:00:00.000000",21.920747756958
"LI","2026-09-19T16:00:00.000000",21.9635848999023
"LI","2026-09-19T17:00:00.000000",22.0094623565674
"LI","2026-09-19T18:00:00.000000",22.0209808349609
"LI","2026-09-19T19:00:00.000000",22.0166606903076
"LI","2026-09-19T20:00:00.000000",22.0104732513428
"LI","2026-09-19T21:00:00.000000",22.0332164764404
"LI","2026-09-19T22:00:00.000000",22.0530281066895
"LI","2026-09-19T23:00:00.000000",22.0530624389648
"LI","2026-09-20T00:00:00.000000",22.0355606079102
"LI","2026-09-20T01:00:00.000000",22.0012283325195
"LI","2026-09-20T02:00:00.000000",21.9747123718262
"LI","2026-09-20T03:00:00.000000",21.9475650787354
"LI","2026-09-20T04:00:00.000000",21.9056453704834
"LI","2026-09-20T05:00:00.000000",21.877836227417
"LI","2026-09-20T06:00:00.000000",21.8556175231934
"LI","2026-09-20T07:00:00.000000",21.9068298339844
"LI","2026-09-20T08:00:00.000000",21.9353675842285
"LI","2026-09-20T09:00:00.000000",21.9258155822754
"LI","2026-09-20T10:00:00.000000",21.8908710479736
"LI","2026-09-20T11:00:00.000000",21.8432865142822
"LI","2026-09-20T12:00:00.000000",21.8076839447021
"LI","2026-09-20T13:00:00.000000",21.7980937957764
"LI","2026-09-20T14:00:00.000000",21.8047142028809
"LI","2026-09-20T15:00:00.000000",21.8105049133301
"LI","2026-09-20T16:00:00.000000",21.8424205780029
"LI","2026-09-20T17:00:00.000000",21.8650894165039
"LI","2026-09-20T18:00:00.000000",21.8611183166504
"LI","2026-09-20T19:00:00.000000",21.8454704284668
"LI","2026-09-20T20:00:00.000000",21.8215618133545
"LI","2026-09-20T21:00:00.000000",21.8091793060303
"LI","2026-09-20T22:00:00.000000",21.8049163818359
"LI","2026-09-20T23:00:00.000000",21.8024425506592
"LI","2026-09-21T00:00:00.000000",21.7979545593262
"OB","2026-09-15T00:00:00.000000",20.7375793457031
"OB","2026-09-15T01:00:00.000000",20.1562385559082
"OB","2026-09-15T02:00:00.000000",20.0307312011719
"OB","2026-09-15T03:00:00.000000",19.948938369751
"OB","2026-09-15T04:00:00.000000",19.9305801391602
"OB","2026-09-15T05:00:00.000000",19.9046382904053
"OB","2026-09-15T06:00:00.000000",19.906400680542
"OB","2026-09-15T07:00:00.000000",19.9006099700928
"OB","2026-09-15T08:00:00.000000",19.9050235748291
"OB","2026-09-15T09:00:00.000000",19.917839050293
"OB","2026-09-15T10:00:00.000000",19.9116878509521
"OB","2026-09-15T11:00:00.000000",19.9084911346436
"OB","2026-09-15T12:00:00.000000",19.9179458618164
"OB","2026-09-15T13:00:00.000000",19.955078125
"OB","2026-09-15T14:00:00.000000",19.8996105194092
"OB","2026-09-15T15:00:00.000000",19.5033626556396
"OB","2026-09-15T16:00:00.000000",19.3026790618896
"OB","2026-09-15T17:00:00.000000",19.2652759552002
"OB","2026-09-15T18:00:00.000000",19.4011707305908
"OB","2026-09-15T19:00:00.000000",19.5936260223389
"OB","2026-09-15T20:00:00.000000",19.7311305999756
"OB","2026-09-15T21:00:00.000000",19.8131790161133
"OB","2026-09-15T22:00:00.000000",19.8326473236084
"OB","2026-09-15T23:00:00.000000",19.8461589813232
"OB","2026-09-16T00:00:00.000000",19.8745174407959
"OB","2026-09-16T01:00:00.000000",19.8126430511475
"OB","2026-09-16T02:00:00.000000",20.0025177001953
"OB","2026-09-16T03:00:00.000000",19.8708610534668
"OB","2026-09-16T04:00:00.000000",19.7049026489258
"OB","2026-09-16T05:00:00.000000",19.6921806335449
"OB","2026-09-16T06:00:00.000000",19.8016242980957
"OB","2026-09-16T07:00:00.000000",19.8159713745117
"OB","2026-09-16T08:00:00.000000",19.8242473602295
"OB","2026-09-16T09:00:00.000000",19.8350963592529
"OB","2026-09-16T10:00:00.000000",19.8356342315674
"OB","2026-09-16T11:00:00.000000",19.837329864502
"OB","2026-09-16T12:00:00.000000",19.815502166748
"OB","2026-09-16T13:00:00.000000",19.8315486907959
"OB","2026-09-16T14:00:00.000000",19.8446102142334
"OB","2026-09-16T15:00:00.000000",19.6463565826416
"OB","2026-09-16T16:00:00.000000",19.4193820953369
"OB","2026-09-16T17:00:00.000000",19.2845726013184
"OB","2026-09-16T18:00:00.000000",19.3213424682617
"OB","2026-09-16T19:00:00.000000",19.4914512634277
"OB","2026-09-16T20:00:00.000000",19.6331024169922
"OB","2026-09-16T21:00:00.000000",19.7092685699463
"OB","2026-09-16T22:00:00.000000",19.750696182251
"OB","2026-09-16T23:00:00.000000",19.7612438201904
"OB","2026-09-17T00:00:00.000000",19.7734508514404
"OB","2026-09-17T01:00:00.000000",20.4081172943115
"OB","2026-09-17T02:00:00.000000",20.5354518890381
"OB","2026-09-17T03:00:00.000000",20.6202392578125
"OB","2026-09-17T04:00:00.000000",20.6811752319336
"OB","2026-09-17T05:00:00.000000",20.6728191375732
"OB","2026-09-17T06:00:00.000000",20.649923324585
"OB","2026-09-17T07:00:00.000000",20.6167373657227
"OB","2026-09-17T08:00:00.000000",20.5745620727539
"OB","2026-09-17T09:00:00.000000",20.5522422790527
"OB","2026-09-17T10:00:00.000000",20.5411815643311
"OB","2026-09-17T11:00:00.000000",20.5447216033936
"OB","2026-09-17T12:00:00.000000",20.5468883514404
"OB","2026-09-17T13:00:00.000000",20.5462284088135
"OB","2026-09-17T14:00:00.000000",20.5517692565918
"OB","2026-09-17T15:00:00.000000",20.6249732971191
"OB","2026-09-17T16:00:00.000000",20.6519241333008
"OB","2026-09-17T17:00:00.000000",20.5971755981445
"OB","2026-09-17T18:00:00.000000",20.5742626190186
"OB","2026-09-17T19:00:00.000000",20.5889797210693
"OB","2026-09-17T20:00:00.000000",20.6128826141357
"OB","2026-09-17T21:00:00.000000",20.6147289276123
"OB","2026-09-17T22:00:00.000000",20.6131153106689
"OB","2026-09-17T23:00:00.000000",20.6106986999512
"OB","2026-09-18T00:00:00.000000",20.6098308563232
"OB","2026-09-18T01:00:00.000000",20.619478225708
"OB","2026-09-18T02:00:00.000000",20.6256484985352
"OB","2026-09-18T03:00:00.000000",20.6190319061279
"OB","2026-09-18T04:00:00.000000",20.6133098602295
"OB","2026-09-18T05:00:00.000000",20.610595703125
"OB","2026-09-18T06:00:00.000000",20.6112957000732
"OB","2026-09-18T07:00:00.000000",20.6068572998047
"OB","2026-09-18T08:00:00.000000",20.6089019775391
"OB","2026-09-18T09:00:00.000000",20.6123943328857
"OB","2026-09-18T10:00:00.000000",20.618091583252
"OB","2026-09-18T11:00:00.000000",20.6187782287598
"OB","2026-09-18T12:00:00.000000",20.6195468902588
"OB","2026-09-18T13:00:00.000000",20.6192035675049
"OB","2026-09-18T14:00:00.000000",20.6248302459717
"OB","2026-09-18T15:00:00.000000",20.61940574646
"OB","2026-09-18T16:00:00.000000",20.6197242736816
"OB","2026-09-18T17:00:00.000000",20.6061687469482
"OB","2026-09-18T18:00:00.000000",20.5903472900391
"OB","2026-09-18T19:00:00.000000",20.5875587463379
"OB","2026-09-18T20:00:00.000000",20.5867977142334
"OB","2026-09-18T21:00:00.000000",20.5974559783936
"OB","2026-09-18T22:00:00.000000",20.606782913208
"OB","2026-09-18T23:00:00.000000",20.6096668243408
"OB","2026-09-19T00:00:00.000000",20.6102333068848
"OB","2026-09-19T01:00:00.000000",20.6145172119141
"OB","2026-09-19T02:00:00.000000",20.6200752258301
"OB","2026-09-19T03:00:00.000000",20.6221923828125
"OB","2026-09-19T04:00:00.000000",20.6224670410156
"OB","2026-09-19T05:00:00.000000",20.6207885742188
"OB","2026-09-19T06:00:00.000000",20.6175861358643
"OB","2026-09-19T07:00:00.000000",20.6142616271973
"OB","2026-09-19T08:00:00.000000",20.6113872528076
"OB","2026-09-19T09:00:00.000000",20.6078815460205
"OB","2026-09-19T10:00:00.000000",20.6059856414795
"OB","2026-09-19T11:00:00.000000",20.6059913635254
"OB","2026-09-19T12:00:00.000000",20.6060638427734
"OB","2026-09-19T13:00:00.000000",20.606351852417
"OB","2026-09-19T14:00:00.000000",20.6063842773438
"OB","2026-09-19T15:00:00.000000",20.6063842773438
"OB","2026-09-19T16:00:00.000000",20.6079578399658
"OB","2026-09-19T17:00:00.000000",20.6168155670166
"OB","2026-09-19T18:00:00.000000",20.6165752410889
"OB","2026-09-19T19:00:00.000000",20.6048107147217
"OB","2026-09-19T20:00:00.000000",20.5998020172119
"OB","2026-09-19T21:00:00.000000",20.5993976593018
"OB","2026-09-19T22:00:00.000000",20.6046733856201
"OB","2026-09-19T23:00:00.000000",20.6065063476562
"OB","2026-09-20T00:00:00.000000",20.6090927124023
"OB","2026-09-20T01:00:00.000000",20.6115455627441
"OB","2026-09-20T02:00:00.000000",20.6143074035645
"OB","2026-09-20T03:00:00.000000",20.6190776824951
"OB","2026-09-20T04:00:00.000000",20.6208477020264
"OB","2026-09-20T05:00:00.000000",20.6214275360107
"OB","2026-09-20T06:00:00.000000",20.617431640625
"OB","2026-09-20T07:00:00.000000",20.6030235290527
"OB","2026-09-20T08:00:00.000000",20.6013145446777
"OB","2026-09-20T09:00:00.000000",20.6029968261719
"OB","2026-09-20T10:00:00.000000",20.6033039093018
"OB","2026-09-20T11:00:00.000000",20.6055755615234
"OB","2026-09-20T12:00:00.000000",20.6072483062744
"OB","2026-09-20T13:00:00.000000",20.6086311340332
"OB","2026-09-20T14:00:00.000000",20.6099853515625
"OB","2026-09-20T15:00:00.000000",20.6120319366455
"OB","2026-09-20T16:00:00.000000",20.6143684387207
"OB","2026-09-20T17:00:00.000000",20.6116313934326
"OB","2026-09-20T18:00:00.000000",20.6078243255615
"OB","2026-09-20T19:00:00.000000",20.5787506103516
"OB","2026-09-20T20:00:00.000000",20.5379695892334
"OB","2026-09-20T21:00:00.000000",20.5280628204346
"OB","2026-09-20T22:00:00.000000",20.5331783294678
"OB","2026-09-20T23:00:00.000000",20.5529918670654
"OB","2026-09-21T00:00:00.000000",20.5644569396973
"WC","2026-09-15T00:00:00.000000",21.0422267913818
"WC","2026-09-15T01:00:00.000000",20.6209659576416
"WC","2026-09-15T02:00:00.000000",20.4347553253174
"WC","2026-09-15T03:00:00.000000",20.4353084564209
"WC","2026-09-15T04:00:00.000000",20.4359817504883
"WC","2026-09-15T05:00:00.000000",20.438383102417
"WC","2026-09-15T06:00:00.000000",20.4219951629639
"WC","2026-09-15T07:00:00.000000",20.2258968353271
"WC","2026-09-15T08:00:00.000000",19.9109420776367
"WC","2026-09-15T09:00:00.000000",19.832010269165
"WC","2026-09-15T10:00:00.000000",19.8002433776855
"WC","2026-09-15T11:00:00.000000",19.794059753418
"WC","2026-09-15T12:00:00.000000",20.0400657653809
"WC","2026-09-15T13:00:00.000000",20.1744747161865
"WC","2026-09-15T14:00:00.000000",20.3127784729004
"WC","2026-09-15T15:00:00.000000",20.3712921142578
"WC","2026-09-15T16:00:00.000000",20.36106300354
"WC","2026-09-15T17:00:00.000000",20.373083114624
"WC","2026-09-15T18:00:00.000000",20.3852138519287
"WC","2026-09-15T19:00:00.000000",20.2965126037598
"WC","2026-09-15T20:00:00.000000",20.0992164611816
"WC","2026-09-15T21:00:00.000000",20.0009517669678
"WC","2026-09-15T22:00:00.000000",19.9788227081299
"WC","2026-09-15T23:00:00.000000",19.9758834838867
"WC","2026-09-16T00:00:00.000000",20.0246429443359
"WC","2026-09-16T01:00:00.000000",19.9516124725342
"WC","2026-09-16T02:00:00.000000",20.2018146514893
"WC","2026-09-16T03:00:00.000000",20.3234004974365
"WC","2026-09-16T04:00:00.000000",20.3592510223389
"WC","2026-09-16T05:00:00.000000",20.36741065979
"WC","2026-09-16T06:00:00.000000",20.3623867034912
"WC","2026-09-16T07:00:00.000000",20.3332653045654
"WC","2026-09-16T08:00:00.000000",20.0008964538574
"WC","2026-09-16T09:00:00.000000",19.7788333892822
"WC","2026-09-16T10:00:00.000000",19.6998805999756
"WC","2026-09-16T11:00:00.000000",19.7040233612061
"WC","2026-09-16T12:00:00.000000",19.7628612518311
"WC","2026-09-16T13:00:00.000000",20.0028095245361
"WC","2026-09-16T14:00:00.000000",20.212438583374
"WC","2026-09-16T15:00:00.000000",20.3751316070557
"WC","2026-09-16T16:00:00.000000",20.4086456298828
"WC","2026-09-16T17:00:00.000000",20.4458827972412
"WC","2026-09-16T18:00:00.000000",20.4471969604492
"WC","2026-09-16T19:00:00.000000",20.4704151153564
"WC","2026-09-16T20:00:00.000000",20.3961849212646
"WC","2026-09-16T21:00:00.000000",20.2155284881592
"WC","2026-09-16T22:00:00.000000",20.1162586212158
"WC","2026-09-16T23:00:00.000000",20.0836849212646
"WC","2026-09-17T00:00:00.000000",20.07350730896
"WC","2026-09-17T01:00:00.000000",20.5607719421387
"WC","2026-09-17T02:00:00.000000",20.7671451568604
"WC","2026-09-17T03:00:00.000000",20.9997844696045
"WC","2026-09-17T04:00:00.000000",21.1319904327393
"WC","2026-09-17T05:00:00.000000",21.1710109710693
"WC","2026-09-17T06:00:00.000000",21.1854457855225
"WC","2026-09-17T07:00:00.000000",21.1909580230713
"WC","2026-09-17T08:00:00.000000",21.1140670776367
"WC","2026-09-17T09:00:00.000000",20.8679313659668
"WC","2026-09-17T10:00:00.000000",20.7086067199707
"WC","2026-09-17T11:00:00.000000",20.6626148223877
"WC","2026-09-17T12:00:00.000000",20.663631439209
"WC","2026-09-17T13:00:00.000000",20.716381072998
"WC","2026-09-17T14:00:00.000000",20.9253578186035
"WC","2026-09-17T15:00:00.000000",21.1276683807373
"WC","2026-09-17T16:00:00.000000",21.2813339233398
"WC","2026-09-17T17:00:00.000000",21.3589687347412
"WC","2026-09-17T18:00:00.000000",21.3963317871094
"WC","2026-09-17T19:00:00.000000",21.3928203582764
"WC","2026-09-17T20:00:00.000000",21.3736534118652
"WC","2026-09-17T21:00:00.000000",21.2515125274658
"WC","2026-09-17T22:00:00.000000",21.1168689727783
"WC","2026-09-17T23:00:00.000000",21.0688552856445
"WC","2026-09-18T00:00:00.000000",21.0539455413818
"WC","2026-09-18T01:00:00.000000",21.0367698669434
"WC","2026-09-18T02:00:00.000000",21.087553024292
"WC","2026-09-18T03:00:00.000000",21.2085647583008
"WC","2026-09-18T04:00:00.000000",21.3753643035889
"WC","2026-09-18T05:00:00.000000",21.4754734039307
"WC","2026-09-18T06:00:00.000000",21.52565574646
"WC","2026-09-18T07:00:00.000000",21.5326919555664
"WC","2026-09-18T08:00:00.000000",21.5340538024902
"WC","2026-09-18T09:00:00.000000",21.4618282318115
"WC","2026-09-18T10:00:00.000000",21.3070850372314
"WC","2026-09-18T11:00:00.000000",21.2250728607178
"WC","2026-09-18T12:00:00.000000",21.1714992523193
"WC","2026-09-18T13:00:00.000000",21.1622543334961
"WC","2026-09-18T14:00:00.000000",21.1519145965576
"WC","2026-09-18T15:00:00.000000",21.3391513824463
"WC","2026-09-18T16:00:00.000000",21.5066890716553
"WC","2026-09-18T17:00:00.000000",21.6372013092041
"WC","2026-09-18T18:00:00.000000",21.6991271972656
"WC","2026-09-18T19:00:00.000000",21.6960506439209
"WC","2026-09-18T20:00:00.000000",21.7181262969971
"WC","2026-09-18T21:00:00.000000",21.7107887268066
"WC","2026-09-18T22:00:00.000000",21.5385112762451
"WC","2026-09-18T23:00:00.000000",21.3785762786865
"WC","2026-09-19T00:00:00.000000",21.3593254089355
"WC","2026-09-19T01:00:00.000000",21.3318634033203
"WC","2026-09-19T02:00:00.000000",21.3280773162842
"WC","2026-09-19T03:00:00.000000",21.3876552581787
"WC","2026-09-19T04:00:00.000000",21.5039196014404
"WC","2026-09-19T05:00:00.000000",21.5945720672607
"WC","2026-09-19T06:00:00.000000",21.655797958374
"WC","2026-09-19T07:00:00.000000",21.6772651672363
"WC","2026-09-19T08:00:00.000000",21.6814193725586
"WC","2026-09-19T09:00:00.000000",21.6819133758545
"WC","2026-09-19T10:00:00.000000",21.6352481842041
"WC","2026-09-19T11:00:00.000000",21.4394149780273
"WC","2026-09-19T12:00:00.000000",21.3577766418457
"WC","2026-09-19T13:00:00.000000",21.321704864502
"WC","2026-09-19T14:00:00.000000",21.2989807128906
"WC","2026-09-19T15:00:00.000000",21.3132171630859
"WC","2026-09-19T16:00:00.000000",21.3956890106201
"WC","2026-09-19T17:00:00.000000",21.4757270812988
"WC","2026-09-19T18:00:00.000000",21.5691509246826
"WC","2026-09-19T19:00:00.000000",21.6356945037842
"WC","2026-09-19T20:00:00.000000",21.6347408294678
"WC","2026-09-19T21:00:00.000000",21.6512966156006
"WC","2026-09-19T22:00:00.000000",21.6482772827148
"WC","2026-09-19T23:00:00.000000",21.5895881652832
"WC","2026-09-20T00:00:00.000000",21.4511852264404
"WC","2026-09-20T01:00:00.000000",21.4182415008545
"WC","2026-09-20T02:00:00.000000",21.4090270996094
"WC","2026-09-20T03:00:00.000000",21.4064064025879
"WC","2026-09-20T04:00:00.000000",21.3869724273682
"WC","2026-09-20T05:00:00.000000",21.357852935791
"WC","2026-09-20T06:00:00.000000",21.4271450042725
"WC","2026-09-20T07:00:00.000000",21.4930763244629
"WC","2026-09-20T08:00:00.000000",21.5110664367676
"WC","2026-09-20T09:00:00.000000",21.5158367156982
"WC","2026-09-20T10:00:00.000000",21.5158386230469
"WC","2026-09-20T11:00:00.000000",21.5064220428467
"WC","2026-09-20T12:00:00.000000",21.4418964385986
"WC","2026-09-20T13:00:00.000000",21.3807621002197
"WC","2026-09-20T14:00:00.000000",21.3635597229004
"WC","2026-09-20T15:00:00.000000",21.3494052886963
"WC","2026-09-20T16:00:00.000000",21.3340435028076
"WC","2026-09-20T17:00:00.000000",21.360746383667
"WC","2026-09-20T18:00:00.000000",21.4108486175537
"WC","2026-09-20T19:00:00.000000",21.4654598236084
"WC","2026-09-20T20:00:00.000000",21.4929141998291
"WC","2026-09-20T21:00:00.000000",21.501745223999
"WC","2026-09-20T22:00:00.000000",21.5077495574951
"WC","2026-09-20T23:00:00.000000",21.5077495574951
"WC","2026-09-21T00:00:00.000000",21.5046768188477
"WI","2026-09-15T00:00:00.000000",21.9165954589844
"WI","2026-09-15T01:00:00.000000",21.4421005249023
"WI","2026-09-15T02:00:00.000000",21.3047618865967
"WI","2026-09-15T03:00:00.000000",21.2441291809082
"WI","2026-09-15T04:00:00.000000",21.2132720947266
"WI","2026-09-15T05:00:00.000000",21.2123775482178
"WI","2026-09-15T06:00:00.000000",21.1889572143555
"WI","2026-09-15T07:00:00.000000",21.1615085601807
"WI","2026-09-15T08:00:00.000000",21.1778755187988
"WI","2026-09-15T09:00:00.000000",21.2250957489014
"WI","2026-09-15T10:00:00.000000",21.2263278961182
"WI","2026-09-15T11:00:00.000000",21.2050914764404
"WI","2026-09-15T12:00:00.000000",21.2745552062988
"WI","2026-09-15T13:00:00.000000",21.2486629486084
"WI","2026-09-15T14:00:00.000000",21.2534732818604
"WI","2026-09-15T15:00:00.000000",21.3412380218506
"WI","2026-09-15T16:00:00.000000",21.4632816314697
"WI","2026-09-15T17:00:00.000000",21.5376281738281
"WI","2026-09-15T18:00:00.000000",21.5509014129639
"WI","2026-09-15T19:00:00.000000",21.541259765625
"WI","2026-09-15T20:00:00.000000",21.5363788604736
"WI","2026-09-15T21:00:00.000000",21.4723949432373
"WI","2026-09-15T22:00:00.000000",21.390796661377
"WI","2026-09-15T23:00:00.000000",21.3575878143311
"WI","2026-09-16T00:00:00.000000",21.3188858032227
"WI","2026-09-16T01:00:00.000000",21.1413345336914
"WI","2026-09-16T02:00:00.000000",21.0765686035156
"WI","2026-09-16T03:00:00.000000",21.0281295776367
"WI","2026-09-16T04:00:00.000000",21.0079441070557
"WI","2026-09-16T05:00:00.000000",21.06130027771
"WI","2026-09-16T06:00:00.000000",21.052661895752
"WI","2026-09-16T07:00:00.000000",21.0847396850586
"WI","2026-09-16T08:00:00.000000",21.063777923584
"WI","2026-09-16T09:00:00.000000",21.0487213134766
"WI","2026-09-16T10:00:00.000000",21.0756454467773
"WI","2026-09-16T11:00:00.000000",21.0491580963135
"WI","2026-09-16T12:00:00.000000",21.0857372283936
"WI","2026-09-16T13:00:00.000000",21.1354846954346
"WI","2026-09-16T14:00:00.000000",21.1027526855469
"WI","2026-09-16T15:00:00.000000",21.1078853607178
"WI","2026-09-16T16:00:00.000000",21.1764793395996
"WI","2026-09-16T17:00:00.000000",21.2594585418701
"WI","2026-09-16T18:00:00.000000",21.3869972229004
"WI","2026-09-16T19:00:00.000000",21.4470138549805
"WI","2026-09-16T20:00:00.000000",21.4600257873535
"WI","2026-09-16T21:00:00.000000",21.4271488189697
"WI","2026-09-16T22:00:00.000000",21.2873783111572
"WI","2026-09-16T23:00:00.000000",21.2273483276367
"WI","2026-09-17T00:00:00.000000",21.1971168518066
"WI","2026-09-17T01:00:00.000000",21.441198348999
"WI","2026-09-17T02:00:00.000000",21.4840545654297
"WI","2026-09-17T03:00:00.000000",21.4586963653564
"WI","2026-09-17T04:00:00.000000",21.4325103759766
"WI","2026-09-17T05:00:00.000000",21.4151916503906
"WI","2026-09-17T06:00:00.000000",21.4113750457764
"WI","2026-09-17T07:00:00.000000",21.4555721282959
"WI","2026-09-17T08:00:00.000000",21.4820919036865
"WI","2026-09-17T09:00:00.000000",21.4881362915039
"WI","2026-09-17T10:00:00.000000",21.4737911224365
"WI","2026-09-17T11:00:00.000000",21.4586582183838
"WI","2026-09-17T12:00:00.000000",21.475492477417
"WI","2026-09-17T13:00:00.000000",21.5234107971191
"WI","2026-09-17T14:00:00.000000",21.5354633331299
"WI","2026-09-17T15:00:00.000000",21.5580863952637
"WI","2026-09-17T16:00:00.000000",21.5946712493896
"WI","2026-09-17T17:00:00.000000",21.6575260162354
"WI","2026-09-17T18:00:00.000000",21.7461547851562
"WI","2026-09-17T19:00:00.000000",21.8231639862061
"WI","2026-09-17T20:00:00.000000",21.8624839782715
"WI","2026-09-17T21:00:00.000000",21.8602619171143
"WI","2026-09-17T22:00:00.000000",21.8271598815918
"WI","2026-09-17T23:00:00.000000",21.7714519500732
"WI","2026-09-18T00:00:00.000000",21.7270374298096
"WI","2026-09-18T01:00:00.000000",21.714973449707
"WI","2026-09-18T02:00:00.000000",21.7216739654541
"WI","2026-09-18T03:00:00.000000",21.7331047058105
"WI","2026-09-18T04:00:00.000000",21.7197608947754
"WI","2026-09-18T05:00:00.000000",21.7157192230225
"WI","2026-09-18T06:00:00.000000",21.7112560272217
"WI","2026-09-18T07:00:00.000000",21.7261390686035
"WI","2026-09-18T08:00:00.000000",21.7366409301758
"WI","2026-09-18T09:00:00.000000",21.7612133026123
"WI","2026-09-18T10:00:00.000000",21.7495594024658
"WI","2026-09-18T11:00:00.000000",21.7338562011719
"WI","2026-09-18T12:00:00.000000",21.7276096343994
"WI","2026-09-18T13:00:00.000000",21.7475910186768
"WI","2026-09-18T14:00:00.000000",21.7611274719238
"WI","2026-09-18T15:00:00.000000",21.7479953765869
"WI","2026-09-18T16:00:00.000000",21.7587013244629
"WI","2026-09-18T17:00:00.000000",21.7850360870361
"WI","2026-09-18T18:00:00.000000",21.8234386444092
"WI","2026-09-18T19:00:00.000000",21.8900508880615
"WI","2026-09-18T20:00:00.000000",21.9748954772949
"WI","2026-09-18T21:00:00.000000",22.0370559692383
"WI","2026-09-18T22:00:00.000000",22.0739269256592
"WI","2026-09-18T23:00:00.000000",22.090503692627
"WI","2026-09-19T00:00:00.000000",22.0887832641602
"WI","2026-09-19T01:00:00.000000",22.0912380218506
"WI","2026-09-19T02:00:00.000000",22.0773773193359
"WI","2026-09-19T03:00:00.000000",22.0028400421143
"WI","2026-09-19T04:00:00.000000",21.9687175750732
"WI","2026-09-19T05:00:00.000000",21.9416236877441
"WI","2026-09-19T06:00:00.000000",21.9067993164062
"WI","2026-09-19T07:00:00.000000",21.8733654022217
"WI","2026-09-19T08:00:00.000000",21.8351573944092
"WI","2026-09-19T09:00:00.000000",21.8235969543457
"WI","2026-09-19T10:00:00.000000",21.8409194946289
"WI","2026-09-19T11:00:00.000000",21.8088550567627
"WI","2026-09-19T12:00:00.000000",21.7677974700928
"WI","2026-09-19T13:00:00.000000",21.7646942138672
"WI","2026-09-19T14:00:00.000000",21.7761535644531
"WI","2026-09-19T15:00:00.000000",21.8049087524414
"WI","2026-09-19T16:00:00.000000",21.8645763397217
"WI","2026-09-19T17:00:00.000000",21.9317512512207
"WI","2026-09-19T18:00:00.000000",21.9626560211182
"WI","2026-09-19T19:00:00.000000",21.9964179992676
"WI","2026-09-19T20:00:00.000000",22.0281562805176
"WI","2026-09-19T21:00:00.000000",22.0464038848877
"WI","2026-09-19T22:00:00.000000",22.0427951812744
"WI","2026-09-19T23:00:00.000000",22.0078964233398
"WI","2026-09-20T00:00:00.000000",21.9659881591797
"WI","2026-09-20T01:00:00.000000",21.9320983886719
"WI","2026-09-20T02:00:00.000000",21.895528793335
"WI","2026-09-20T03:00:00.000000",21.85573387146
"WI","2026-09-20T04:00:00.000000",21.8540554046631
"WI","2026-09-20T05:00:00.000000",21.870475769043
"WI","2026-09-20T06:00:00.000000",21.8826026916504
"WI","2026-09-20T07:00:00.000000",21.8610858917236
"WI","2026-09-20T08:00:00.000000",21.8103332519531
"WI","2026-09-20T09:00:00.000000",21.7471885681152
"WI","2026-09-20T10:00:00.000000",21.7095413208008
"WI","2026-09-20T11:00:00.000000",21.6675472259521
"WI","2026-09-20T12:00:00.000000",21.6397304534912
"WI","2026-09-20T13:00:00.000000",21.6256084442139
"WI","2026-09-20T14:00:00.000000",21.6223373413086
"WI","2026-09-20T15:00:00.000000",21.6328296661377
"WI","2026-09-20T16:00:00.000000",21.6464157104492
"WI","2026-09-20T17:00:00.000000",21.6567840576172
"WI","2026-09-20T18:00:00.000000",21.6653938293457
"WI","2026-09-20T19:00:00.000000",21.6715240478516
"WI","2026-09-20T20:00:00.000000",21.6760234832764
"WI","2026-09-20T21:00:00.000000",21.6788883209229
"WI","2026-09-20T22:00:00.000000",21.683032989502
"WI","2026-09-20T23:00:00.000000",21.6826305389404
"WI","2026-09-21T00:00:00.000000",21.6811771392822
