"site_id","time","temp"
"AQ","2026-07-31T00:00:00.000000",17.4990310668945
"AQ","2026-07-31T01:00:00.000000",17.5167961120605
"AQ","2026-07-31T02:00:00.000000",17.5202713012695
"AQ","2026-07-31T03:00:00.000000",17.5238189697266
"AQ","2026-07-31T04:00:00.000000",17.5259628295898
"AQ","2026-07-31T05:00:00.000000",17.5300750732422
"AQ","2026-07-31T06:00:00.000000",17.5379314422607
"AQ","2026-07-31T07:00:00.000000",17.5525932312012
"AQ","2026-07-31T08:00:00.000000",17.5606460571289
"AQ","2026-07-31T09:00:00.000000",17.5586128234863
"AQ","2026-07-31T10:00:00.000000",17.5581836700439
"AQ","2026-07-31T11:00:00.000000",17.5649070739746
"AQ","2026-07-31T12:00:00.000000",17.5789680480957
"AQ","2026-07-31T13:00:00.000000",17.5927715301514
"AQ","2026-07-31T14:00:00.000000",17.5998420715332
"AQ","2026-07-31T15:00:00.000000",17.60107421875
"AQ","2026-07-31T16:00:00.000000",17.6006870269775
"AQ","2026-07-31T17:00:00.000000",17.6030731201172
"AQ","2026-07-31T18:00:00.000000",17.610034942627
"AQ","2026-07-31T19:00:00.000000",17.6291065216064
"AQ","2026-07-31T20:00:00.000000",17.6547203063965
"AQ","2026-07-31T21:00:00.000000",17.6618061065674
"AQ","2026-07-31T22:00:00.000000",17.6656761169434
"AQ","2026-07-31T23:00:00.000000",17.6678924560547
"AQ","2026-08-01T00:00:00.000000",17.6716899871826
"AQ","2026-08-01T01:00:00.000000",17.6790618896484
"AQ","2026-08-01T02:00:00.000000",17.6993789672852
"AQ","2026-08-01T03:00:00.000000",17.7002983093262
"AQ","2026-08-01T04:00:00.000000",17.6846408843994
"AQ","2026-08-01T05:00:00.000000",17.6755676269531
"AQ","2026-08-01T06:00:00.000000",17.672664642334
"AQ","2026-08-01T07:00:00.000000",17.6707592010498
"AQ","2026-08-01T08:00:00.000000",17.6685543060303
"AQ","2026-08-01T09:00:00.000000",17.6709995269775
"AQ","2026-08-01T10:00:00.000000",17.6773242950439
"AQ","2026-08-01T11:00:00.000000",17.6818656921387
"AQ","2026-08-01T12:00:00.000000",17.6860370635986
"AQ","2026-08-01T13:00:00.000000",17.6857051849365
"AQ","2026-08-01T14:00:00.000000",17.6624565124512
"AQ","2026-08-01T15:00:00.000000",17.626766204834
"AQ","2026-08-01T16:00:00.000000",17.5985813140869
"AQ","2026-08-01T17:00:00.000000",17.5870132446289
"AQ","2026-08-01T18:00:00.000000",17.6026210784912
"AQ","2026-08-01T19:00:00.000000",17.6396465301514
"AQ","2026-08-01T20:00:00.000000",17.6992607116699
"AQ","2026-08-01T21:00:00.000000",17.7480659484863
"AQ","2026-08-01T22:00:00.000000",17.7810649871826
"AQ","2026-08-01T23:00:00.000000",17.7969970703125
"AQ","2026-08-02T00:00:00.000000",17.8029117584229
"AQ","2026-08-02T01:00:00.000000",17.8124465942383
"AQ","2026-08-02T02:00:00.000000",17.8171806335449
"AQ","2026-08-02T03:00:00.000000",17.7747631072998
"AQ","2026-08-02T04:00:00.000000",17.6952896118164
"AQ","2026-08-02T05:00:00.000000",17.6375865936279
"AQ","2026-08-02T06:00:00.000000",17.6095771789551
"AQ","2026-08-02T07:00:00.000000",17.6031665802002
"AQ","2026-08-02T08:00:00.000000",17.6269054412842
"AQ","2026-08-02T09:00:00.000000",17.6649055480957
"AQ","2026-08-02T10:00:00.000000",17.7119827270508
"AQ","2026-08-02T11:00:00.000000",17.7429351806641
"AQ","2026-08-02T12:00:00.000000",17.7477264404297
"AQ","2026-08-02T13:00:00.000000",17.7479801177979
"AQ","2026-08-02T14:00:00.000000",17.720817565918
"AQ","2026-08-02T15:00:00.000000",17.6536540985107
"AQ","2026-08-02T16:00:00.000000",17.5770301818848
"AQ","2026-08-02T17:00:00.000000",17.5282421112061
"AQ","2026-08-02T18:00:00.000000",17.5191593170166
"AQ","2026-08-02T19:00:00.000000",17.5391540527344
"AQ","2026-08-02T20:00:00.000000",17.6103019714355
"AQ","2026-08-02T21:00:00.000000",17.7144088745117
"AQ","2026-08-02T22:00:00.000000",17.8111839294434
"AQ","2026-08-02T23:00:00.000000",17.8778400421143
"AQ","2026-08-03T00:00:00.000000",17.894998550415
"AQ","2026-08-03T01:00:00.000000",17.9073085784912
"AQ","2026-08-03T02:00:00.000000",17.9181118011475
"AQ","2026-08-03T03:00:00.000000",17.8845329284668
"AQ","2026-08-03T04:00:00.000000",17.8022174835205
"AQ","2026-08-03T05:00:00.000000",17.732816696167
"AQ","2026-08-03T06:00:00.000000",17.7164306640625
"AQ","2026-08-03T07:00:00.000000",17.7174053192139
"AQ","2026-08-03T08:00:00.000000",17.7387390136719
"AQ","2026-08-03T09:00:00.000000",17.7935161590576
"AQ","2026-08-03T10:00:00.000000",17.8539161682129
"AQ","2026-08-03T11:00:00.000000",17.8847751617432
"AQ","2026-08-03T12:00:00.000000",17.8966598510742
"AQ","2026-08-03T13:00:00.000000",17.8953895568848
"AQ","2026-08-03T14:00:00.000000",17.9110679626465
"AQ","2026-08-03T15:00:00.000000",17.9244823455811
"AQ","2026-08-03T16:00:00.000000",17.7911109924316
"AQ","2026-08-03T17:00:00.000000",17.5869426727295
"AQ","2026-08-03T18:00:00.000000",17.4428691864014
"AQ","2026-08-03T19:00:00.000000",17.3629474639893
"AQ","2026-08-03T20:00:00.000000",17.3294486999512
"AQ","2026-08-03T21:00:00.000000",17.3347644805908
"AQ","2026-08-03T22:00:00.000000",17.3416728973389
"AQ","2026-08-03T23:00:00.000000",17.3283081054688
"AQ","2026-08-04T00:00:00.000000",17.3281345367432
"AQ","2026-08-04T01:00:00.000000",17.3108882904053
"AQ","2026-08-04T02:00:00.000000",17.2572250366211
"AQ","2026-08-04T03:00:00.000000",17.0229644775391
"AQ","2026-08-04T04:00:00.000000",16.6858043670654
"AQ","2026-08-04T05:00:00.000000",16.3990097045898
"AQ","2026-08-04T06:00:00.000000",16.2190723419189
"AQ","2026-08-04T07:00:00.000000",16.1307716369629
"AQ","2026-08-04T08:00:00.000000",16.1125507354736
"AQ","2026-08-04T09:00:00.000000",16.1229629516602
"AQ","2026-08-04T10:00:00.000000",16.1203022003174
"AQ","2026-08-04T11:00:00.000000",16.1010398864746
"AQ","2026-08-04T12:00:00.000000",16.0850009918213
"AQ","2026-08-04T13:00:00.000000",16.0744895935059
"AQ","2026-08-04T14:00:00.000000",16.0479736328125
"AQ","2026-08-04T15:00:00.000000",15.9439725875854
"AQ","2026-08-04T16:00:00.000000",15.6551465988159
"AQ","2026-08-04T17:00:00.000000",15.3946781158447
"AQ","2026-08-04T18:00:00.000000",15.1746406555176
"AQ","2026-08-04T19:00:00.000000",15.0332880020142
"AQ","2026-08-04T20:00:00.000000",14.9787893295288
"AQ","2026-08-04T21:00:00.000000",14.9781627655029
"AQ","2026-08-04T22:00:00.000000",15.0013093948364
"AQ","2026-08-04T23:00:00.000000",15.0094108581543
"AQ","2026-08-05T00:00:00.000000",15.0208444595337
"AQ","2026-08-05T01:00:00.000000",15.0479869842529
"AQ","2026-08-05T02:00:00.000000",15.1345186233521
"AQ","2026-08-05T03:00:00.000000",15.1977500915527
"AQ","2026-08-05T04:00:00.000000",15.1702032089233
"AQ","2026-08-05T05:00:00.000000",15.0413179397583
"AQ","2026-08-05T06:00:00.000000",14.7922658920288
"AQ","2026-08-05T07:00:00.000000",14.6005573272705
"AQ","2026-08-05T08:00:00.000000",14.4815473556519
"AQ","2026-08-05T09:00:00.000000",14.4463167190552
"AQ","2026-08-05T10:00:00.000000",14.4640712738037
"AQ","2026-08-05T11:00:00.000000",14.4772710800171
"AQ","2026-08-05T12:00:00.000000",14.483681678772
"AQ","2026-08-05T13:00:00.000000",14.4861612319946
"AQ","2026-08-05T14:00:00.000000",14.5022039413452
"AQ","2026-08-05T15:00:00.000000",14.5397710800171
"AQ","2026-08-05T16:00:00.000000",14.6070756912231
"AQ","2026-08-05T17:00:00.000000",14.5330724716187
"AQ","2026-08-05T18:00:00.000000",14.4234209060669
"AQ","2026-08-05T19:00:00.000000",14.3483142852783
"AQ","2026-08-05T20:00:00.000000",14.322470664978
"AQ","2026-08-05T21:00:00.000000",14.3351812362671
"AQ","2026-08-05T22:00:00.000000",14.3938636779785
"AQ","2026-08-05T23:00:00.000000",14.4673404693604
"AQ","2026-08-06T00:00:00.000000",14.5253057479858
"AQ","2026-08-06T01:00:00.000000",14.6021947860718
"AQ","2026-08-06T02:00:00.000000",14.6566343307495
"AQ","2026-08-06T03:00:00.000000",14.71324634552
"AQ","2026-08-06T04:00:00.000000",14.7790231704712
"AQ","2026-08-06T05:00:00.000000",14.7681255340576
"AQ","2026-08-06T06:00:00.000000",14.6446657180786
"AQ","2026-08-06T07:00:00.000000",14.4938888549805
"AQ","2026-08-06T08:00:00.000000",14.4077558517456
"AQ","2026-08-06T09:00:00.000000",14.3776712417603
"AQ","2026-08-06T10:00:00.000000",14.408784866333
"AQ","2026-08-06T11:00:00.000000",14.490647315979
"AQ","2026-08-06T12:00:00.000000",14.5610971450806
"AQ","2026-08-06T13:00:00.000000",14.6033010482788
"AQ","2026-08-06T14:00:00.000000",14.6254901885986
"AQ","2026-08-06T15:00:00.000000",14.6313724517822
"AQ","2026-08-06T16:00:00.000000",14.6655006408691
"AQ","2026-08-06T17:00:00.000000",14.698055267334
"AQ","2026-08-06T18:00:00.000000",14.6414728164673
"AQ","2026-08-06T19:00:00.000000",14.4964742660522
"AQ","2026-08-06T20:00:00.000000",14.3632984161377
"AQ","2026-08-06T21:00:00.000000",14.2863893508911
"AQ","2026-08-06T22:00:00.000000",14.25364112854
"AQ","2026-08-06T23:00:00.000000",14.2722129821777
"AQ","2026-08-07T00:00:00.000000",14.3146696090698
"AQ","2026-08-07T01:00:00.000000",14.3467874526978
"AQ","2026-08-07T02:00:00.000000",14.3793287277222
"AQ","2026-08-07T03:00:00.000000",14.3699731826782
"AQ","2026-08-07T04:00:00.000000",14.3734722137451
"AQ","2026-08-07T05:00:00.000000",14.4035921096802
"AQ","2026-08-07T06:00:00.000000",14.3564987182617
"AQ","2026-08-07T07:00:00.000000",14.2506542205811
"AQ","2026-08-07T08:00:00.000000",14.1191625595093
"AQ","2026-08-07T09:00:00.000000",14.0268287658691
"AQ","2026-08-07T10:00:00.000000",13.9768466949463
"AQ","2026-08-07T11:00:00.000000",13.9715032577515
"AQ","2026-08-07T12:00:00.000000",14.0001392364502
"AQ","2026-08-07T13:00:00.000000",14.0360870361328
"AQ","2026-08-07T14:00:00.000000",14.0569334030151
"AQ","2026-08-07T15:00:00.000000",14.0620260238647
"AQ","2026-08-07T16:00:00.000000",14.0490293502808
"AQ","2026-08-07T17:00:00.000000",14.061806678772
"AQ","2026-08-07T18:00:00.000000",14.0566053390503
"AQ","2026-08-07T19:00:00.000000",13.9788579940796
"AQ","2026-08-07T20:00:00.000000",13.8441896438599
"AQ","2026-08-07T21:00:00.000000",13.7214698791504
"AQ","2026-08-07T22:00:00.000000",13.6543569564819
"AQ","2026-08-07T23:00:00.000000",13.6089181900024
"AQ","2026-08-08T00:00:00.000000",13.6123266220093
"CB","2026-07-31T00:00:00.000000",11.8072156906128
"CB","2026-07-31T01:00:00.000000",11.8831663131714
"CB","2026-07-31T02:00:00.000000",12.0257577896118
"CB","2026-07-31T03:00:00.000000",12.243935585022
"CB","2026-07-31T04:00:00.000000",12.3480377197266
"CB","2026-07-31T05:00:00.000000",12.4906177520752
"CB","2026-07-31T06:00:00.000000",12.5756521224976
"CB","2026-07-31T07:00:00.000000",12.7031555175781
"CB","2026-07-31T08:00:00.000000",12.7766742706299
"CB","2026-07-31T09:00:00.000000",12.8740148544312
"CB","2026-07-31T10:00:00.000000",12.9982013702393
"CB","2026-07-31T11:00:00.000000",13.0338287353516
"CB","2026-07-31T12:00:00.000000",13.0851583480835
"CB","2026-07-31T13:00:00.000000",13.1754531860352
"CB","2026-07-31T14:00:00.000000",13.2641458511353
"CB","2026-07-31T15:00:00.000000",13.516284942627
"CB","2026-07-31T16:00:00.000000",13.8119611740112
"CB","2026-07-31T17:00:00.000000",14.0479555130005
"CB","2026-07-31T18:00:00.000000",14.095027923584
"CB","2026-07-31T19:00:00.000000",14.0687875747681
"CB","2026-07-31T20:00:00.000000",14.0402250289917
"CB","2026-07-31T21:00:00.000000",14.0533103942871
"CB","2026-07-31T22:00:00.000000",14.0770244598389
"CB","2026-07-31T23:00:00.000000",14.1134185791016
"CB","2026-08-01T00:00:00.000000",14.1918363571167
"CB","2026-08-01T01:00:00.000000",14.3456420898438
"CB","2026-08-01T02:00:00.000000",14.4067211151123
"CB","2026-08-01T03:00:00.000000",14.4812850952148
"CB","2026-08-01T04:00:00.000000",14.6071081161499
"CB","2026-08-01T05:00:00.000000",14.7846736907959
"CB","2026-08-01T06:00:00.000000",14.8915176391602
"CB","2026-08-01T07:00:00.000000",14.9176054000854
"CB","2026-08-01T08:00:00.000000",14.8937320709229
"CB","2026-08-01T09:00:00.000000",14.8704967498779
"CB","2026-08-01T10:00:00.000000",14.8967847824097
"CB","2026-08-01T11:00:00.000000",14.9164247512817
"CB","2026-08-01T12:00:00.000000",14.9420614242554
"CB","2026-08-01T13:00:00.000000",14.9855642318726
"CB","2026-08-01T14:00:00.000000",15.1182670593262
"CB","2026-08-01T15:00:00.000000",15.1581239700317
"CB","2026-08-01T16:00:00.000000",15.2351751327515
"CB","2026-08-01T17:00:00.000000",15.3283767700195
"CB","2026-08-01T18:00:00.000000",15.4385118484497
"CB","2026-08-01T19:00:00.000000",15.4932708740234
"CB","2026-08-01T20:00:00.000000",15.4876012802124
"CB","2026-08-01T21:00:00.000000",15.449312210083
"CB","2026-08-01T22:00:00.000000",15.4085931777954
"CB","2026-08-01T23:00:00.000000",15.405252456665
"CB","2026-08-02T00:00:00.000000",15.4464082717896
"CB","2026-08-02T01:00:00.000000",15.6561832427979
"CB","2026-08-02T02:00:00.000000",15.8915939331055
"CB","2026-08-02T03:00:00.000000",15.9415845870972
"CB","2026-08-02T04:00:00.000000",15.9283609390259
"CB","2026-08-02T05:00:00.000000",15.9271755218506
"CB","2026-08-02T06:00:00.000000",15.9320449829102
"CB","2026-08-02T07:00:00.000000",15.9439373016357
"CB","2026-08-02T08:00:00.000000",15.956880569458
"CB","2026-08-02T09:00:00.000000",15.9492359161377
"CB","2026-08-02T10:00:00.000000",15.9414796829224
"CB","2026-08-02T11:00:00.000000",15.9332695007324
"CB","2026-08-02T12:00:00.000000",15.9366340637207
"CB","2026-08-02T13:00:00.000000",16.0084075927734
"CB","2026-08-02T14:00:00.000000",16.1545944213867
"CB","2026-08-02T15:00:00.000000",16.1735706329346
"CB","2026-08-02T16:00:00.000000",16.146183013916
"CB","2026-08-02T17:00:00.000000",16.0961742401123
"CB","2026-08-02T18:00:00.000000",16.0366077423096
"CB","2026-08-02T19:00:00.000000",15.9749536514282
"CB","2026-08-02T20:00:00.000000",15.9325561523438
"CB","2026-08-02T21:00:00.000000",15.908763885498
"CB","2026-08-02T22:00:00.000000",15.9038429260254
"CB","2026-08-02T23:00:00.000000",15.9574747085571
"CB","2026-08-03T00:00:00.000000",16.0169734954834
"CB","2026-08-03T01:00:00.000000",15.9740324020386
"CB","2026-08-03T02:00:00.000000",15.8670454025269
"CB","2026-08-03T03:00:00.000000",15.8025178909302
"CB","2026-08-03T04:00:00.000000",15.7729644775391
"CB","2026-08-03T05:00:00.000000",15.7652196884155
"CB","2026-08-03T06:00:00.000000",15.7630443572998
"CB","2026-08-03T07:00:00.000000",15.7622699737549
"CB","2026-08-03T08:00:00.000000",15.7629537582397
"CB","2026-08-03T09:00:00.000000",15.7638807296753
"CB","2026-08-03T10:00:00.000000",15.7649831771851
"CB","2026-08-03T11:00:00.000000",15.8106889724731
"CB","2026-08-03T12:00:00.000000",15.971960067749
"CB","2026-08-03T13:00:00.000000",16.034969329834
"CB","2026-08-03T14:00:00.000000",15.9301376342773
"CB","2026-08-03T15:00:00.000000",15.8476552963257
"CB","2026-08-03T16:00:00.000000",15.8306455612183
"CB","2026-08-03T17:00:00.000000",15.829008102417
"CB","2026-08-03T18:00:00.000000",15.8320217132568
"CB","2026-08-03T19:00:00.000000",15.8329944610596
"CB","2026-08-03T20:00:00.000000",15.8325138092041
"CB","2026-08-03T21:00:00.000000",15.8332214355469
"CB","2026-08-03T22:00:00.000000",15.8358392715454
"CB","2026-08-03T23:00:00.000000",15.838604927063
"CB","2026-08-04T00:00:00.000000",15.8710908889771
"CB","2026-08-04T01:00:00.000000",15.8793411254883
"CB","2026-08-04T02:00:00.000000",15.8779544830322
"CB","2026-08-04T03:00:00.000000",15.8821868896484
"CB","2026-08-04T04:00:00.000000",15.8805313110352
"CB","2026-08-04T05:00:00.000000",15.8707685470581
"CB","2026-08-04T06:00:00.000000",15.8655948638916
"CB","2026-08-04T07:00:00.000000",15.8688039779663
"CB","2026-08-04T08:00:00.000000",15.8765621185303
"CB","2026-08-04T09:00:00.000000",15.8892440795898
"CB","2026-08-04T10:00:00.000000",15.8995237350464
"CB","2026-08-04T11:00:00.000000",15.9017648696899
"CB","2026-08-04T12:00:00.000000",15.9070272445679
"CB","2026-08-04T13:00:00.000000",15.9133863449097
"CB","2026-08-04T14:00:00.000000",15.9212884902954
"CB","2026-08-04T15:00:00.000000",15.9348249435425
"CB","2026-08-04T16:00:00.000000",15.9600982666016
"CB","2026-08-04T17:00:00.000000",15.9749126434326
"CB","2026-08-04T18:00:00.000000",15.9807062149048
"CB","2026-08-04T19:00:00.000000",15.9788188934326
"CB","2026-08-04T20:00:00.000000",15.9817781448364
"CB","2026-08-04T21:00:00.000000",15.9850273132324
"CB","2026-08-04T22:00:00.000000",15.9927396774292
"CB","2026-08-04T23:00:00.000000",16.0043907165527
"CB","2026-08-05T00:00:00.000000",16.0197105407715
"CB","2026-08-05T01:00:00.000000",16.044153213501
"CB","2026-08-05T02:00:00.000000",16.0439872741699
"CB","2026-08-05T03:00:00.000000",16.0437164306641
"CB","2026-08-05T04:00:00.000000",16.0636081695557
"CB","2026-08-05T05:00:00.000000",16.0502910614014
"CB","2026-08-05T06:00:00.000000",16.0034141540527
"CB","2026-08-05T07:00:00.000000",15.975438117981
"CB","2026-08-05T08:00:00.000000",15.9789133071899
"CB","2026-08-05T09:00:00.000000",15.994891166687
"CB","2026-08-05T10:00:00.000000",16.0303764343262
"CB","2026-08-05T11:00:00.000000",16.0665664672852
"CB","2026-08-05T12:00:00.000000",16.0938148498535
"CB","2026-08-05T13:00:00.000000",16.1116962432861
"CB","2026-08-05T14:00:00.000000",16.1137161254883
"CB","2026-08-05T15:00:00.000000",16.1087970733643
"CB","2026-08-05T16:00:00.000000",16.1304321289062
"CB","2026-08-05T17:00:00.000000",16.1528072357178
"CB","2026-08-05T18:00:00.000000",16.1121292114258
"CB","2026-08-05T19:00:00.000000",15.9950876235962
"CB","2026-08-05T20:00:00.000000",15.8754434585571
"CB","2026-08-05T21:00:00.000000",15.7797937393188
"CB","2026-08-05T22:00:00.000000",15.7255735397339
"CB","2026-08-05T23:00:00.000000",15.7015514373779
"CB","2026-08-06T00:00:00.000000",15.6928071975708
"CB","2026-08-06T01:00:00.000000",15.7111024856567
"CB","2026-08-06T02:00:00.000000",15.7643013000488
"CB","2026-08-06T03:00:00.000000",15.7321376800537
"CB","2026-08-06T04:00:00.000000",15.6668109893799
"CB","2026-08-06T05:00:00.000000",15.6125831604004
"CB","2026-08-06T06:00:00.000000",15.5228796005249
"CB","2026-08-06T07:00:00.000000",15.4375915527344
"CB","2026-08-06T08:00:00.000000",15.4265031814575
"CB","2026-08-06T09:00:00.000000",15.4406700134277
"CB","2026-08-06T10:00:00.000000",15.459189414978
"CB","2026-08-06T11:00:00.000000",15.5176973342896
"CB","2026-08-06T12:00:00.000000",15.6018905639648
"CB","2026-08-06T13:00:00.000000",15.6577835083008
"CB","2026-08-06T14:00:00.000000",15.7168769836426
"CB","2026-08-06T15:00:00.000000",15.7162656784058
"CB","2026-08-06T16:00:00.000000",15.7373294830322
"CB","2026-08-06T17:00:00.000000",15.7785530090332
"CB","2026-08-06T18:00:00.000000",15.7387247085571
"CB","2026-08-06T19:00:00.000000",15.572117805481
"CB","2026-08-06T20:00:00.000000",15.3886804580688
"CB","2026-08-06T21:00:00.000000",15.274097442627
"CB","2026-08-06T22:00:00.000000",15.2138195037842
"CB","2026-08-06T23:00:00.000000",15.2012004852295
"CB","2026-08-07T00:00:00.000000",15.1937294006348
"CB","2026-08-07T01:00:00.000000",15.1973314285278
"CB","2026-08-07T02:00:00.000000",15.2431764602661
"CB","2026-08-07T03:00:00.000000",15.2848463058472
"CB","2026-08-07T04:00:00.000000",15.3334159851074
"CB","2026-08-07T05:00:00.000000",15.4096384048462
"CB","2026-08-07T06:00:00.000000",15.4751806259155
"CB","2026-08-07T07:00:00.000000",15.4979333877563
"CB","2026-08-07T08:00:00.000000",15.4701595306396
"CB","2026-08-07T09:00:00.000000",15.4239625930786
"CB","2026-08-07T10:00:00.000000",15.3979396820068
"CB","2026-08-07T11:00:00.000000",15.3964719772339
"CB","2026-08-07T12:00:00.000000",15.4145755767822
"CB","2026-08-07T13:00:00.000000",15.4416694641113
"CB","2026-08-07T14:00:00.000000",15.4903354644775
"CB","2026-08-07T15:00:00.000000",15.5373067855835
"CB","2026-08-07T16:00:00.000000",15.4840564727783
"CB","2026-08-07T17:00:00.000000",15.3538722991943
"CB","2026-08-07T18:00:00.000000",15.3091888427734
"CB","2026-08-07T19:00:00.000000",15.2368497848511
"CB","2026-08-07T20:00:00.000000",15.1033620834351
"CB","2026-08-07T21:00:00.000000",14.9502553939819
"CB","2026-08-07T22:00:00.000000",14.8427095413208
"CB","2026-08-07T23:00:00.000000",14.783802986145
"CB","2026-08-08T00:00:00.000000",14.7688541412354
"CI","2026-07-31T00:00:00.000000",17.2640247344971
"CI","2026-07-31T01:00:00.000000",16.3112945556641
"CI","2026-07-31T02:00:00.000000",15.1895503997803
"CI","2026-07-31T03:00:00.000000",14.4342956542969
"CI","2026-07-31T04:00:00.000000",14.3328323364258
"CI","2026-07-31T05:00:00.000000",14.3210039138794
"CI","2026-07-31T06:00:00.000000",15.193286895752
"CI","2026-07-31T07:00:00.000000",16.6239528656006
"CI","2026-07-31T08:00:00.000000",17.3292675018311
"CI","2026-07-31T09:00:00.000000",17.6173362731934
"CI","2026-07-31T10:00:00.000000",17.7856330871582
"CI","2026-07-31T11:00:00.000000",17.858549118042
"CI","2026-07-31T12:00:00.000000",17.5637302398682
"CI","2026-07-31T13:00:00.000000",16.9582977294922
"CI","2026-07-31T14:00:00.000000",16.3332405090332
"CI","2026-07-31T15:00:00.000000",15.9721050262451
"CI","2026-07-31T16:00:00.000000",15.9224967956543
"CI","2026-07-31T17:00:00.000000",15.9666481018066
"CI","2026-07-31T18:00:00.000000",16.0210037231445
"CI","2026-07-31T19:00:00.000000",16.5364379882812
"CI","2026-07-31T20:00:00.000000",17.0775699615479
"CI","2026-07-31T21:00:00.000000",17.4139289855957
"CI","2026-07-31T22:00:00.000000",17.544261932373
"CI","2026-07-31T23:00:00.000000",17.6236782073975
"CI","2026-08-01T00:00:00.000000",17.3084716796875
"CI","2026-08-01T01:00:00.000000",17.0529003143311
"CI","2026-08-01T02:00:00.000000",16.7660484313965
"CI","2026-08-01T03:00:00.000000",16.3340225219727
"CI","2026-08-01T04:00:00.000000",16.0073204040527
"CI","2026-08-01T05:00:00.000000",15.9771099090576
"CI","2026-08-01T06:00:00.000000",16.1636810302734
"CI","2026-08-01T07:00:00.000000",16.6946353912354
"CI","2026-08-01T08:00:00.000000",17.125301361084
"CI","2026-08-01T09:00:00.000000",17.3554573059082
"CI","2026-08-01T10:00:00.000000",17.5104961395264
"CI","2026-08-01T11:00:00.000000",17.604700088501
"CI","2026-08-01T12:00:00.000000",17.5955829620361
"CI","2026-08-01T13:00:00.000000",17.364351272583
"CI","2026-08-01T14:00:00.000000",17.1163425445557
"CI","2026-08-01T15:00:00.000000",16.4767055511475
"CI","2026-08-01T16:00:00.000000",15.9316730499268
"CI","2026-08-01T17:00:00.000000",15.698805809021
"CI","2026-08-01T18:00:00.000000",15.7665739059448
"CI","2026-08-01T19:00:00.000000",16.1619758605957
"CI","2026-08-01T20:00:00.000000",16.862979888916
"CI","2026-08-01T21:00:00.000000",17.2976875305176
"CI","2026-08-01T22:00:00.000000",17.5054321289062
"CI","2026-08-01T23:00:00.000000",17.6149673461914
"CI","2026-08-02T00:00:00.000000",17.6846141815186
"CI","2026-08-02T01:00:00.000000",17.4852027893066
"CI","2026-08-02T02:00:00.000000",17.1589336395264
"CI","2026-08-02T03:00:00.000000",16.5954341888428
"CI","2026-08-02T04:00:00.000000",16.0853881835938
"CI","2026-08-02T05:00:00.000000",15.8533306121826
"CI","2026-08-02T06:00:00.000000",15.8909721374512
"CI","2026-08-02T07:00:00.000000",16.1782989501953
"CI","2026-08-02T08:00:00.000000",16.8004550933838
"CI","2026-08-02T09:00:00.000000",17.2455196380615
"CI","2026-08-02T10:00:00.000000",17.4893913269043
"CI","2026-08-02T11:00:00.000000",17.6147155761719
"CI","2026-08-02T12:00:00.000000",17.7125301361084
"CI","2026-08-02T13:00:00.000000",17.6007976531982
"CI","2026-08-02T14:00:00.000000",17.3603973388672
"CI","2026-08-02T15:00:00.000000",16.9097290039062
"CI","2026-08-02T16:00:00.000000",16.2727947235107
"CI","2026-08-02T17:00:00.000000",16.0046253204346
"CI","2026-08-02T18:00:00.000000",15.9889221191406
"CI","2026-08-02T19:00:00.000000",16.0850944519043
"CI","2026-08-02T20:00:00.000000",16.6063461303711
"CI","2026-08-02T21:00:00.000000",17.131441116333
"CI","2026-08-02T22:00:00.000000",17.4470405578613
"CI","2026-08-02T23:00:00.000000",17.6217842102051
"CI","2026-08-03T00:00:00.000000",17.7471504211426
"CI","2026-08-03T01:00:00.000000",17.7087421417236
"CI","2026-08-03T02:00:00.000000",17.4225692749023
"CI","2026-08-03T03:00:00.000000",17.0668430328369
"CI","2026-08-03T04:00:00.000000",16.3760242462158
"CI","2026-08-03T05:00:00.000000",15.9158401489258
"CI","2026-08-03T06:00:00.000000",15.7529287338257
"CI","2026-08-03T07:00:00.000000",15.8148355484009
"CI","2026-08-03T08:00:00.000000",16.3089847564697
"CI","2026-08-03T09:00:00.000000",16.8707294464111
"CI","2026-08-03T10:00:00.000000",17.2484130859375
"CI","2026-08-03T11:00:00.000000",17.4255886077881
"CI","2026-08-03T12:00:00.000000",17.5421123504639
"CI","2026-08-03T13:00:00.000000",17.5573387145996
"CI","2026-08-03T14:00:00.000000",17.4015293121338
"CI","2026-08-03T15:00:00.000000",17.1167736053467
"CI","2026-08-03T16:00:00.000000",16.4112491607666
"CI","2026-08-03T17:00:00.000000",15.7145299911499
"CI","2026-08-03T18:00:00.000000",15.3962097167969
"CI","2026-08-03T19:00:00.000000",15.3798971176147
"CI","2026-08-03T20:00:00.000000",15.6056108474731
"CI","2026-08-03T21:00:00.000000",16.2393913269043
"CI","2026-08-03T22:00:00.000000",16.8727474212646
"CI","2026-08-03T23:00:00.000000",17.2204875946045
"CI","2026-08-04T00:00:00.000000",17.3626365661621
"CI","2026-08-04T01:00:00.000000",17.3085327148438
"CI","2026-08-04T02:00:00.000000",17.0601959228516
"CI","2026-08-04T03:00:00.000000",17.0207843780518
"CI","2026-08-04T04:00:00.000000",16.4250144958496
"CI","2026-08-04T05:00:00.000000",15.3450546264648
"CI","2026-08-04T06:00:00.000000",14.6037874221802
"CI","2026-08-04T07:00:00.000000",14.3996067047119
"CI","2026-08-04T08:00:00.000000",14.5951776504517
"CI","2026-08-04T09:00:00.000000",15.5346736907959
"CI","2026-08-04T10:00:00.000000",16.3819751739502
"CI","2026-08-04T11:00:00.000000",16.8063812255859
"CI","2026-08-04T12:00:00.000000",17.0416069030762
"CI","2026-08-04T13:00:00.000000",17.1595077514648
"CI","2026-08-04T14:00:00.000000",17.076587677002
"CI","2026-08-04T15:00:00.000000",16.833854675293
"CI","2026-08-04T16:00:00.000000",16.3642826080322
"CI","2026-08-04T17:00:00.000000",15.4767293930054
"CI","2026-08-04T18:00:00.000000",14.9924974441528
"CI","2026-08-04T19:00:00.000000",14.8326349258423
"CI","2026-08-04T20:00:00.000000",14.8655786514282
"CI","2026-08-04T21:00:00.000000",15.2696466445923
"CI","2026-08-04T22:00:00.000000",15.9840574264526
"CI","2026-08-04T23:00:00.000000",16.5084590911865
"CI","2026-08-05T00:00:00.000000",16.8035659790039
"CI","2026-08-05T01:00:00.000000",16.9962844848633
"CI","2026-08-05T02:00:00.000000",17.0629539489746
"CI","2026-08-05T03:00:00.000000",16.9791221618652
"CI","2026-08-05T04:00:00.000000",16.6337394714355
"CI","2026-08-05T05:00:00.000000",16.1147079467773
"CI","2026-08-05T06:00:00.000000",15.4559335708618
"CI","2026-08-05T07:00:00.000000",15.0666656494141
"CI","2026-08-05T08:00:00.000000",14.9519453048706
"CI","2026-08-05T09:00:00.000000",15.1010713577271
"CI","2026-08-05T10:00:00.000000",15.73255443573
"CI","2026-08-05T11:00:00.000000",16.342113494873
"CI","2026-08-05T12:00:00.000000",16.6480808258057
"CI","2026-08-05T13:00:00.000000",16.8087272644043
"CI","2026-08-05T14:00:00.000000",16.9353218078613
"CI","2026-08-05T15:00:00.000000",16.807918548584
"CI","2026-08-05T16:00:00.000000",16.4782180786133
"CI","2026-08-05T17:00:00.000000",16.0260753631592
"CI","2026-08-05T18:00:00.000000",15.5069341659546
"CI","2026-08-05T19:00:00.000000",15.3773794174194
"CI","2026-08-05T20:00:00.000000",15.3821287155151
"CI","2026-08-05T21:00:00.000000",15.3972053527832
"CI","2026-08-05T22:00:00.000000",15.5530805587769
"CI","2026-08-05T23:00:00.000000",15.9795751571655
"CI","2026-08-06T00:00:00.000000",16.3429470062256
"CI","2026-08-06T01:00:00.000000",16.585090637207
"CI","2026-08-06T02:00:00.000000",16.742338180542
"CI","2026-08-06T03:00:00.000000",16.7827644348145
"CI","2026-08-06T04:00:00.000000",16.6123123168945
"CI","2026-08-06T05:00:00.000000",16.3524570465088
"CI","2026-08-06T06:00:00.000000",16.0067329406738
"CI","2026-08-06T07:00:00.000000",15.5638818740845
"CI","2026-08-06T08:00:00.000000",15.2019100189209
"CI","2026-08-06T09:00:00.000000",15.1149034500122
"CI","2026-08-06T10:00:00.000000",15.2830295562744
"CI","2026-08-06T11:00:00.000000",15.7901105880737
"CI","2026-08-06T12:00:00.000000",16.2518558502197
"CI","2026-08-06T13:00:00.000000",16.4816761016846
"CI","2026-08-06T14:00:00.000000",16.5928001403809
"CI","2026-08-06T15:00:00.000000",16.6806640625
"CI","2026-08-06T16:00:00.000000",16.571590423584
"CI","2026-08-06T17:00:00.000000",16.3200130462646
"CI","2026-08-06T18:00:00.000000",15.9387798309326
"CI","2026-08-06T19:00:00.000000",15.4157800674438
"CI","2026-08-06T20:00:00.000000",15.1399412155151
"CI","2026-08-06T21:00:00.000000",15.0789813995361
"CI","2026-08-06T22:00:00.000000",15.1526412963867
"CI","2026-08-06T23:00:00.000000",15.567850112915
"CI","2026-08-07T00:00:00.000000",16.0135612487793
"CI","2026-08-07T01:00:00.000000",16.343111038208
"CI","2026-08-07T02:00:00.000000",16.5362796783447
"CI","2026-08-07T03:00:00.000000",16.6641139984131
"CI","2026-08-07T04:00:00.000000",16.6904697418213
"CI","2026-08-07T05:00:00.000000",16.5694751739502
"CI","2026-08-07T06:00:00.000000",16.3168773651123
"CI","2026-08-07T07:00:00.000000",15.9562253952026
"CI","2026-08-07T08:00:00.000000",15.400839805603
"CI","2026-08-07T09:00:00.000000",14.92333984375
"CI","2026-08-07T10:00:00.000000",14.7830505371094
"CI","2026-08-07T11:00:00.000000",15.0251092910767
"CI","2026-08-07T12:00:00.000000",15.62584400177
"CI","2026-08-07T13:00:00.000000",16.1590805053711
"CI","2026-08-07T14:00:00.000000",16.3994369506836
"CI","2026-08-07T15:00:00.000000",16.5317039489746
"CI","2026-08-07T16:00:00.000000",16.6462268829346
"CI","2026-08-07T17:00:00.000000",16.5155277252197
"CI","2026-08-07T18:00:00.000000",16.1880683898926
"CI","2026-08-07T19:00:00.000000",15.7443027496338
"CI","2026-08-07T20:00:00.000000",15.2100954055786
"CI","2026-08-07T21:00:00.000000",14.9483871459961
"CI","2026-08-07T22:00:00.000000",14.9080333709717
"CI","2026-08-07T23:00:00.000000",14.971848487854
"CI","2026-08-08T00:00:00.000000",15.3867177963257
"DC","2026-07-31T00:00:00.000000",12.8482084274292
"DC","2026-07-31T01:00:00.000000",13.6817150115967
"DC","2026-07-31T02:00:00.000000",14.2983522415161
"DC","2026-07-31T03:00:00.000000",14.4945688247681
"DC","2026-07-31T04:00:00.000000",14.2612781524658
"DC","2026-07-31T05:00:00.000000",14.1080703735352
"DC","2026-07-31T06:00:00.000000",14.0724220275879
"DC","2026-07-31T07:00:00.000000",14.0181951522827
"DC","2026-07-31T08:00:00.000000",13.9003896713257
"DC","2026-07-31T09:00:00.000000",13.8857545852661
"DC","2026-07-31T10:00:00.000000",13.9411516189575
"DC","2026-07-31T11:00:00.000000",14.2723684310913
"DC","2026-07-31T12:00:00.000000",15.1765413284302
"DC","2026-07-31T13:00:00.000000",15.6651420593262
"DC","2026-07-31T14:00:00.000000",15.9365835189819
"DC","2026-07-31T15:00:00.000000",16.0024013519287
"DC","2026-07-31T16:00:00.000000",15.6730499267578
"DC","2026-07-31T17:00:00.000000",15.4485769271851
"DC","2026-07-31T18:00:00.000000",15.4257459640503
"DC","2026-07-31T19:00:00.000000",15.4659929275513
"DC","2026-07-31T20:00:00.000000",15.4736127853394
"DC","2026-07-31T21:00:00.000000",15.4309415817261
"DC","2026-07-31T22:00:00.000000",15.3600234985352
"DC","2026-07-31T23:00:00.000000",15.3329057693481
"DC","2026-08-01T00:00:00.000000",15.4322080612183
"DC","2026-08-01T01:00:00.000000",15.7573232650757
"DC","2026-08-01T02:00:00.000000",15.7896432876587
"DC","2026-08-01T03:00:00.000000",15.7804327011108
"DC","2026-08-01T04:00:00.000000",15.7503433227539
"DC","2026-08-01T05:00:00.000000",15.7730331420898
"DC","2026-08-01T06:00:00.000000",15.8927316665649
"DC","2026-08-01T07:00:00.000000",16.2536029815674
"DC","2026-08-01T08:00:00.000000",16.348503112793
"DC","2026-08-01T09:00:00.000000",16.3647232055664
"DC","2026-08-01T10:00:00.000000",16.3015232086182
"DC","2026-08-01T11:00:00.000000",16.2447338104248
"DC","2026-08-01T12:00:00.000000",16.3063659667969
"DC","2026-08-01T13:00:00.000000",16.0827674865723
"DC","2026-08-01T14:00:00.000000",15.9075145721436
"DC","2026-08-01T15:00:00.000000",15.7915010452271
"DC","2026-08-01T16:00:00.000000",15.7069120407104
"DC","2026-08-01T17:00:00.000000",15.6838006973267
"DC","2026-08-01T18:00:00.000000",15.7256336212158
"DC","2026-08-01T19:00:00.000000",15.8682851791382
"DC","2026-08-01T20:00:00.000000",16.0226612091064
"DC","2026-08-01T21:00:00.000000",16.1266765594482
"DC","2026-08-01T22:00:00.000000",16.16037940979
"DC","2026-08-01T23:00:00.000000",16.1651592254639
"DC","2026-08-02T00:00:00.000000",16.0863838195801
"DC","2026-08-02T01:00:00.000000",15.8393144607544
"DC","2026-08-02T02:00:00.000000",15.6672344207764
"DC","2026-08-02T03:00:00.000000",15.6144208908081
"DC","2026-08-02T04:00:00.000000",15.5705261230469
"DC","2026-08-02T05:00:00.000000",15.5726957321167
"DC","2026-08-02T06:00:00.000000",15.5915365219116
"DC","2026-08-02T07:00:00.000000",15.6627721786499
"DC","2026-08-02T08:00:00.000000",15.8510618209839
"DC","2026-08-02T09:00:00.000000",16.0045185089111
"DC","2026-08-02T10:00:00.000000",16.211555480957
"DC","2026-08-02T11:00:00.000000",16.4686870574951
"DC","2026-08-02T12:00:00.000000",16.4983940124512
"DC","2026-08-02T13:00:00.000000",16.1276760101318
"DC","2026-08-02T14:00:00.000000",15.8980598449707
"DC","2026-08-02T15:00:00.000000",15.8090534210205
"DC","2026-08-02T16:00:00.000000",15.7701969146729
"DC","2026-08-02T17:00:00.000000",15.7330694198608
"DC","2026-08-02T18:00:00.000000",15.7186822891235
"DC","2026-08-02T19:00:00.000000",15.7179985046387
"DC","2026-08-02T20:00:00.000000",15.716908454895
"DC","2026-08-02T21:00:00.000000",15.7095527648926
"DC","2026-08-02T22:00:00.000000",15.7036399841309
"DC","2026-08-02T23:00:00.000000",15.8578310012817
"DC","2026-08-03T00:00:00.000000",15.917010307312
"DC","2026-08-03T01:00:00.000000",15.8248195648193
"DC","2026-08-03T02:00:00.000000",15.7576866149902
"DC","2026-08-03T03:00:00.000000",15.7422657012939
"DC","2026-08-03T04:00:00.000000",15.7404708862305
"DC","2026-08-03T05:00:00.000000",15.7304639816284
"DC","2026-08-03T06:00:00.000000",15.7259855270386
"DC","2026-08-03T07:00:00.000000",15.7330284118652
"DC","2026-08-03T08:00:00.000000",15.7476263046265
"DC","2026-08-03T09:00:00.000000",15.786509513855
"DC","2026-08-03T10:00:00.000000",15.8065366744995
"DC","2026-08-03T11:00:00.000000",15.9288005828857
"DC","2026-08-03T12:00:00.000000",15.9577522277832
"DC","2026-08-03T13:00:00.000000",15.9625196456909
"DC","2026-08-03T14:00:00.000000",15.8954496383667
"DC","2026-08-03T15:00:00.000000",15.8469467163086
"DC","2026-08-03T16:00:00.000000",15.8413887023926
"DC","2026-08-03T17:00:00.000000",15.8391542434692
"DC","2026-08-03T18:00:00.000000",15.8371877670288
"DC","2026-08-03T19:00:00.000000",15.8384399414062
"DC","2026-08-03T20:00:00.000000",15.8380060195923
"DC","2026-08-03T21:00:00.000000",15.8339862823486
"DC","2026-08-03T22:00:00.000000",15.8727397918701
"DC","2026-08-03T23:00:00.000000",15.8777923583984
"DC","2026-08-04T00:00:00.000000",15.871753692627
"DC","2026-08-04T01:00:00.000000",15.8872127532959
"DC","2026-08-04T02:00:00.000000",15.8156785964966
"DC","2026-08-04T03:00:00.000000",15.6724472045898
"DC","2026-08-04T04:00:00.000000",15.5766582489014
"DC","2026-08-04T05:00:00.000000",15.5339221954346
"DC","2026-08-04T06:00:00.000000",15.5462818145752
"DC","2026-08-04T07:00:00.000000",15.6167411804199
"DC","2026-08-04T08:00:00.000000",15.728253364563
"DC","2026-08-04T09:00:00.000000",15.8740758895874
"DC","2026-08-04T10:00:00.000000",15.9304733276367
"DC","2026-08-04T11:00:00.000000",15.9844417572021
"DC","2026-08-04T12:00:00.000000",16.0092487335205
"DC","2026-08-04T13:00:00.000000",15.9690160751343
"DC","2026-08-04T14:00:00.000000",15.9184188842773
"DC","2026-08-04T15:00:00.000000",15.8770160675049
"DC","2026-08-04T16:00:00.000000",15.7483558654785
"DC","2026-08-04T17:00:00.000000",15.5863018035889
"DC","2026-08-04T18:00:00.000000",15.4785013198853
"DC","2026-08-04T19:00:00.000000",15.4693326950073
"DC","2026-08-04T20:00:00.000000",15.5292234420776
"DC","2026-08-04T21:00:00.000000",15.6569728851318
"DC","2026-08-04T22:00:00.000000",15.8265180587769
"DC","2026-08-04T23:00:00.000000",16.0245914459229
"DC","2026-08-05T00:00:00.000000",16.0999240875244
"DC","2026-08-05T01:00:00.000000",16.1501579284668
"DC","2026-08-05T02:00:00.000000",16.0423946380615
"DC","2026-08-05T03:00:00.000000",15.8784294128418
"DC","2026-08-05T04:00:00.000000",15.6315479278564
"DC","2026-08-05T05:00:00.000000",15.4838762283325
"DC","2026-08-05T06:00:00.000000",15.4006595611572
"DC","2026-08-05T07:00:00.000000",15.4134588241577
"DC","2026-08-05T08:00:00.000000",15.5720710754395
"DC","2026-08-05T09:00:00.000000",15.7461824417114
"DC","2026-08-05T10:00:00.000000",15.8592100143433
"DC","2026-08-05T11:00:00.000000",16.0018653869629
"DC","2026-08-05T12:00:00.000000",16.1410503387451
"DC","2026-08-05T13:00:00.000000",16.1910133361816
"DC","2026-08-05T14:00:00.000000",16.1458492279053
"DC","2026-08-05T15:00:00.000000",15.9712104797363
"DC","2026-08-05T16:00:00.000000",15.7555913925171
"DC","2026-08-05T17:00:00.000000",15.5004100799561
"DC","2026-08-05T18:00:00.000000",15.2733469009399
"DC","2026-08-05T19:00:00.000000",15.1143426895142
"DC","2026-08-05T20:00:00.000000",15.0681829452515
"DC","2026-08-05T21:00:00.000000",15.0788774490356
"DC","2026-08-05T22:00:00.000000",15.1333255767822
"DC","2026-08-05T23:00:00.000000",15.1952085494995
"DC","2026-08-06T00:00:00.000000",15.3096780776978
"DC","2026-08-06T01:00:00.000000",15.3740530014038
"DC","2026-08-06T02:00:00.000000",15.8174209594727
"DC","2026-08-06T03:00:00.000000",15.679705619812
"DC","2026-08-06T04:00:00.000000",15.2491083145142
"DC","2026-08-06T05:00:00.000000",14.8660087585449
"DC","2026-08-06T06:00:00.000000",14.6868963241577
"DC","2026-08-06T07:00:00.000000",14.6507701873779
"DC","2026-08-06T08:00:00.000000",14.7222633361816
"DC","2026-08-06T09:00:00.000000",14.8141088485718
"DC","2026-08-06T10:00:00.000000",14.9166784286499
"DC","2026-08-06T11:00:00.000000",15.2011308670044
"DC","2026-08-06T12:00:00.000000",15.4544591903687
"DC","2026-08-06T13:00:00.000000",15.7082290649414
"DC","2026-08-06T14:00:00.000000",15.8481273651123
"DC","2026-08-06T15:00:00.000000",15.7097644805908
"DC","2026-08-06T16:00:00.000000",15.4796724319458
"DC","2026-08-06T17:00:00.000000",15.036018371582
"DC","2026-08-06T18:00:00.000000",14.657413482666
"DC","2026-08-06T19:00:00.000000",14.3762550354004
"DC","2026-08-06T20:00:00.000000",14.259015083313
"DC","2026-08-06T21:00:00.000000",14.2557611465454
"DC","2026-08-06T22:00:00.000000",14.335488319397
"DC","2026-08-06T23:00:00.000000",14.4952211380005
"DC","2026-08-07T00:00:00.000000",14.7505912780762
"DC","2026-08-07T01:00:00.000000",15.2638578414917
"DC","2026-08-07T02:00:00.000000",15.537579536438
"DC","2026-08-07T03:00:00.000000",15.9000940322876
"DC","2026-08-07T04:00:00.000000",15.8594379425049
"DC","2026-08-07T05:00:00.000000",15.4715766906738
"DC","2026-08-07T06:00:00.000000",15.0882787704468
"DC","2026-08-07T07:00:00.000000",14.7285032272339
"DC","2026-08-07T08:00:00.000000",14.4951581954956
"DC","2026-08-07T09:00:00.000000",14.3945207595825
"DC","2026-08-07T10:00:00.000000",14.3820009231567
"DC","2026-08-07T11:00:00.000000",14.4205465316772
"DC","2026-08-07T12:00:00.000000",14.5383396148682
"DC","2026-08-07T13:00:00.000000",14.6415214538574
"DC","2026-08-07T14:00:00.000000",14.792308807373
"DC","2026-08-07T15:00:00.000000",14.9786567687988
"DC","2026-08-07T16:00:00.000000",15.0633668899536
"DC","2026-08-07T17:00:00.000000",15.001030921936
"DC","2026-08-07T18:00:00.000000",14.5668649673462
"DC","2026-08-07T19:00:00.000000",14.2508182525635
"DC","2026-08-07T20:00:00.000000",14.0243272781372
"DC","2026-08-07T21:00:00.000000",13.9227304458618
"DC","2026-08-07T22:00:00.000000",13.9221239089966
"DC","2026-08-07T23:00:00.000000",14.0049343109131
"DC","2026-08-08T00:00:00.000000",14.1450271606445
"LH","2026-07-31T00:00:00.000000",17.1195659637451
"LH","2026-07-31T01:00:00.000000",17.1356906890869
"LH","2026-07-31T02:00:00.000000",17.1465816497803
"LH","2026-07-31T03:00:00.000000",17.1548252105713
"LH","2026-07-31T04:00:00.000000",17.1579151153564
"LH","2026-07-31T05:00:00.000000",17.156665802002
"LH","2026-07-31T06:00:00.000000",17.1533222198486
"LH","2026-07-31T07:00:00.000000",17.1487998962402
"LH","2026-07-31T08:00:00.000000",17.1462783813477
"LH","2026-07-31T09:00:00.000000",17.1505031585693
"LH","2026-07-31T10:00:00.000000",17.159948348999
"LH","2026-07-31T11:00:00.000000",17.152795791626
"LH","2026-07-31T12:00:00.000000",17.1419162750244
"LH","2026-07-31T13:00:00.000000",17.1497421264648
"LH","2026-07-31T14:00:00.000000",17.1638889312744
"LH","2026-07-31T15:00:00.000000",17.1832962036133
"LH","2026-07-31T16:00:00.000000",17.2036209106445
"LH","2026-07-31T17:00:00.000000",17.2161159515381
"LH","2026-07-31T18:00:00.000000",17.2204322814941
"LH","2026-07-31T19:00:00.000000",17.2258930206299
"LH","2026-07-31T20:00:00.000000",17.2309398651123
"LH","2026-07-31T21:00:00.000000",17.2519512176514
"LH","2026-07-31T22:00:00.000000",17.2872581481934
"LH","2026-07-31T23:00:00.000000",17.2931861877441
"LH","2026-08-01T00:00:00.000000",17.2841281890869
"LH","2026-08-01T01:00:00.000000",17.3183097839355
"LH","2026-08-01T02:00:00.000000",17.3926601409912
"LH","2026-08-01T03:00:00.000000",17.4454689025879
"LH","2026-08-01T04:00:00.000000",17.478084564209
"LH","2026-08-01T05:00:00.000000",17.4853019714355
"LH","2026-08-01T06:00:00.000000",17.4837303161621
"LH","2026-08-01T07:00:00.000000",17.4755382537842
"LH","2026-08-01T08:00:00.000000",17.4466743469238
"LH","2026-08-01T09:00:00.000000",17.4257011413574
"LH","2026-08-01T10:00:00.000000",17.4272117614746
"LH","2026-08-01T11:00:00.000000",17.4322185516357
"LH","2026-08-01T12:00:00.000000",17.4254112243652
"LH","2026-08-01T13:00:00.000000",17.4302749633789
"LH","2026-08-01T14:00:00.000000",17.4733448028564
"LH","2026-08-01T15:00:00.000000",17.5207805633545
"LH","2026-08-01T16:00:00.000000",17.5528869628906
"LH","2026-08-01T17:00:00.000000",17.5799160003662
"LH","2026-08-01T18:00:00.000000",17.5935192108154
"LH","2026-08-01T19:00:00.000000",17.59739112854
"LH","2026-08-01T20:00:00.000000",17.5989265441895
"LH","2026-08-01T21:00:00.000000",17.6029663085938
"LH","2026-08-01T22:00:00.000000",17.6209545135498
"LH","2026-08-01T23:00:00.000000",17.6383075714111
"LH","2026-08-02T00:00:00.000000",17.637716293335
"LH","2026-08-02T01:00:00.000000",17.631893157959
"LH","2026-08-02T02:00:00.000000",17.6771507263184
"LH","2026-08-02T03:00:00.000000",17.7331886291504
"LH","2026-08-02T04:00:00.000000",17.8114719390869
"LH","2026-08-02T05:00:00.000000",17.8566436767578
"LH","2026-08-02T06:00:00.000000",17.865306854248
"LH","2026-08-02T07:00:00.000000",17.8626003265381
"LH","2026-08-02T08:00:00.000000",17.8343601226807
"LH","2026-08-02T09:00:00.000000",17.7726726531982
"LH","2026-08-02T10:00:00.000000",17.7544136047363
"LH","2026-08-02T11:00:00.000000",17.755916595459
"LH","2026-08-02T12:00:00.000000",17.7574024200439
"LH","2026-08-02T13:00:00.000000",17.7565517425537
"LH","2026-08-02T14:00:00.000000",17.781322479248
"LH","2026-08-02T15:00:00.000000",17.8485832214355
"LH","2026-08-02T16:00:00.000000",17.8859062194824
"LH","2026-08-02T17:00:00.000000",17.9191074371338
"LH","2026-08-02T18:00:00.000000",17.9366989135742
"LH","2026-08-02T19:00:00.000000",17.9387874603271
"LH","2026-08-02T20:00:00.000000",17.9438076019287
"LH","2026-08-02T21:00:00.000000",17.9355049133301
"LH","2026-08-02T22:00:00.000000",17.932487487793
"LH","2026-08-02T23:00:00.000000",17.9387245178223
"LH","2026-08-03T00:00:00.000000",17.9442768096924
"LH","2026-08-03T01:00:00.000000",17.94309425354
"LH","2026-08-03T02:00:00.000000",17.947359085083
"LH","2026-08-03T03:00:00.000000",17.9621963500977
"LH","2026-08-03T04:00:00.000000",17.9788780212402
"LH","2026-08-03T05:00:00.000000",18.0092487335205
"LH","2026-08-03T06:00:00.000000",18.0257797241211
"LH","2026-08-03T07:00:00.000000",18.0272331237793
"LH","2026-08-03T08:00:00.000000",18.0225410461426
"LH","2026-08-03T09:00:00.000000",18.0103149414062
"LH","2026-08-03T10:00:00.000000",17.9934673309326
"LH","2026-08-03T11:00:00.000000",17.9732513427734
"LH","2026-08-03T12:00:00.000000",17.9565238952637
"LH","2026-08-03T13:00:00.000000",17.9548568725586
"LH","2026-08-03T14:00:00.000000",17.9450283050537
"LH","2026-08-03T15:00:00.000000",17.9337520599365
"LH","2026-08-03T16:00:00.000000",17.9161033630371
"LH","2026-08-03T17:00:00.000000",17.9102077484131
"LH","2026-08-03T18:00:00.000000",17.9071636199951
"LH","2026-08-03T19:00:00.000000",17.9064140319824
"LH","2026-08-03T20:00:00.000000",17.9057235717773
"LH","2026-08-03T21:00:00.000000",17.9081115722656
"LH","2026-08-03T22:00:00.000000",17.9171180725098
"LH","2026-08-03T23:00:00.000000",17.9250926971436
"LH","2026-08-04T00:00:00.000000",17.9032154083252
"LH","2026-08-04T01:00:00.000000",17.8942546844482
"LH","2026-08-04T02:00:00.000000",17.8765449523926
"LH","2026-08-04T03:00:00.000000",17.8542060852051
"LH","2026-08-04T04:00:00.000000",17.8110980987549
"LH","2026-08-04T05:00:00.000000",17.7534847259521
"LH","2026-08-04T06:00:00.000000",17.6775379180908
"LH","2026-08-04T07:00:00.000000",17.6055011749268
"LH","2026-08-04T08:00:00.000000",17.5494613647461
"LH","2026-08-04T09:00:00.000000",17.5364379882812
"LH","2026-08-04T10:00:00.000000",17.5547790527344
"LH","2026-08-04T11:00:00.000000",17.5871353149414
"LH","2026-08-04T12:00:00.000000",17.6543216705322
"LH","2026-08-04T13:00:00.000000",17.6781539916992
"LH","2026-08-04T14:00:00.000000",17.6566677093506
"LH","2026-08-04T15:00:00.000000",17.6376514434814
"LH","2026-08-04T16:00:00.000000",17.5225086212158
"LH","2026-08-04T17:00:00.000000",17.3570137023926
"LH","2026-08-04T18:00:00.000000",17.2077484130859
"LH","2026-08-04T19:00:00.000000",17.0876731872559
"LH","2026-08-04T20:00:00.000000",16.9988498687744
"LH","2026-08-04T21:00:00.000000",16.9498310089111
"LH","2026-08-04T22:00:00.000000",16.9687767028809
"LH","2026-08-04T23:00:00.000000",17.0141067504883
"LH","2026-08-05T00:00:00.000000",17.1063652038574
"LH","2026-08-05T01:00:00.000000",17.3492469787598
"LH","2026-08-05T02:00:00.000000",17.3558559417725
"LH","2026-08-05T03:00:00.000000",17.2706127166748
"LH","2026-08-05T04:00:00.000000",17.1959075927734
"LH","2026-08-05T05:00:00.000000",17.0684986114502
"LH","2026-08-05T06:00:00.000000",16.926456451416
"LH","2026-08-05T07:00:00.000000",16.8177928924561
"LH","2026-08-05T08:00:00.000000",16.7323551177979
"LH","2026-08-05T09:00:00.000000",16.6822185516357
"LH","2026-08-05T10:00:00.000000",16.6879558563232
"LH","2026-08-05T11:00:00.000000",16.7414817810059
"LH","2026-08-05T12:00:00.000000",16.7959957122803
"LH","2026-08-05T13:00:00.000000",17.0011882781982
"LH","2026-08-05T14:00:00.000000",17.0601291656494
"LH","2026-08-05T15:00:00.000000",17.0064277648926
"LH","2026-08-05T16:00:00.000000",16.9766044616699
"LH","2026-08-05T17:00:00.000000",16.874153137207
"LH","2026-08-05T18:00:00.000000",16.7277050018311
"LH","2026-08-05T19:00:00.000000",16.57981300354
"LH","2026-08-05T20:00:00.000000",16.5413036346436
"LH","2026-08-05T21:00:00.000000",16.503023147583
"LH","2026-08-05T22:00:00.000000",16.4841537475586
"LH","2026-08-05T23:00:00.000000",16.5180206298828
"LH","2026-08-06T00:00:00.000000",16.5885448455811
"LH","2026-08-06T01:00:00.000000",16.8113269805908
"LH","2026-08-06T02:00:00.000000",17.0356788635254
"LH","2026-08-06T03:00:00.000000",16.9995002746582
"LH","2026-08-06T04:00:00.000000",16.866268157959
"LH","2026-08-06T05:00:00.000000",16.8199939727783
"LH","2026-08-06T06:00:00.000000",16.6904830932617
"LH","2026-08-06T07:00:00.000000",16.5512428283691
"LH","2026-08-06T08:00:00.000000",16.4586200714111
"LH","2026-08-06T09:00:00.000000",16.3880195617676
"LH","2026-08-06T10:00:00.000000",16.3423728942871
"LH","2026-08-06T11:00:00.000000",16.3550510406494
"LH","2026-08-06T12:00:00.000000",16.40260887146
"LH","2026-08-06T13:00:00.000000",16.482494354248
"LH","2026-08-06T14:00:00.000000",16.6553478240967
"LH","2026-08-06T15:00:00.000000",16.6659736633301
"LH","2026-08-06T16:00:00.000000",16.5991630554199
"LH","2026-08-06T17:00:00.000000",16.5406169891357
"LH","2026-08-06T18:00:00.000000",16.438455581665
"LH","2026-08-06T19:00:00.000000",16.300422668457
"LH","2026-08-06T20:00:00.000000",16.1738204956055
"LH","2026-08-06T21:00:00.000000",16.0800514221191
"LH","2026-08-06T22:00:00.000000",16.0230045318604
"LH","2026-08-06T23:00:00.000000",16.0390110015869
"LH","2026-08-07T00:00:00.000000",16.1411838531494
"LH","2026-08-07T01:00:00.000000",16.3288879394531
"LH","2026-08-07T02:00:00.000000",16.6526794433594
"LH","2026-08-07T03:00:00.000000",16.8694763183594
"LH","2026-08-07T04:00:00.000000",16.8380393981934
"LH","2026-08-07T05:00:00.000000",16.667667388916
"LH","2026-08-07T06:00:00.000000",16.5739097595215
"LH","2026-08-07T07:00:00.000000",16.3708553314209
"LH","2026-08-07T08:00:00.000000",16.1450996398926
"LH","2026-08-07T09:00:00.000000",15.9897956848145
"LH","2026-08-07T10:00:00.000000",15.8839855194092
"LH","2026-08-07T11:00:00.000000",15.8242044448853
"LH","2026-08-07T12:00:00.000000",15.8281269073486
"LH","2026-08-07T13:00:00.000000",15.8680200576782
"LH","2026-08-07T14:00:00.000000",15.9164609909058
"LH","2026-08-07T15:00:00.000000",16.0812816619873
"LH","2026-08-07T16:00:00.000000",16.0906772613525
"LH","2026-08-07T17:00:00.000000",16.0058116912842
"LH","2026-08-07T18:00:00.000000",15.9260997772217
"LH","2026-08-07T19:00:00.000000",15.8318500518799
"LH","2026-08-07T20:00:00.000000",15.6878900527954
"LH","2026-08-07T21:00:00.000000",15.5326633453369
"LH","2026-08-07T22:00:00.000000",15.4242563247681
"LH","2026-08-07T23:00:00.000000",15.339409828186
"LH","2026-08-08T00:00:00.000000",15.3421354293823
"NB","2026-07-31T00:00:00.000000",15.2992010116577
"NB","2026-07-31T01:00:00.000000",15.2914714813232
"NB","2026-07-31T02:00:00.000000",15.119610786438
"NB","2026-07-31T03:00:00.000000",14.850172996521
"NB","2026-07-31T04:00:00.000000",14.6717672348022
"NB","2026-07-31T05:00:00.000000",14.5500631332397
"NB","2026-07-31T06:00:00.000000",14.4837875366211
"NB","2026-07-31T07:00:00.000000",14.4625120162964
"NB","2026-07-31T08:00:00.000000",14.4553270339966
"NB","2026-07-31T09:00:00.000000",14.4501419067383
"NB","2026-07-31T10:00:00.000000",14.4458522796631
"NB","2026-07-31T11:00:00.000000",14.4330158233643
"NB","2026-07-31T12:00:00.000000",14.4327487945557
"NB","2026-07-31T13:00:00.000000",14.4534015655518
"NB","2026-07-31T14:00:00.000000",14.4714365005493
"NB","2026-07-31T15:00:00.000000",14.4788846969604
"NB","2026-07-31T16:00:00.000000",14.4865112304688
"NB","2026-07-31T17:00:00.000000",14.4909133911133
"NB","2026-07-31T18:00:00.000000",14.4956207275391
"NB","2026-07-31T19:00:00.000000",14.5034017562866
"NB","2026-07-31T20:00:00.000000",14.5128517150879
"NB","2026-07-31T21:00:00.000000",14.5288286209106
"NB","2026-07-31T22:00:00.000000",14.5712175369263
"NB","2026-07-31T23:00:00.000000",14.6453304290771
"NB","2026-08-01T00:00:00.000000",14.6947689056396
"NB","2026-08-01T01:00:00.000000",14.7268342971802
"NB","2026-08-01T02:00:00.000000",14.8031997680664
"NB","2026-08-01T03:00:00.000000",15.1626024246216
"NB","2026-08-01T04:00:00.000000",15.3417558670044
"NB","2026-08-01T05:00:00.000000",15.5098609924316
"NB","2026-08-01T06:00:00.000000",15.57444190979
"NB","2026-08-01T07:00:00.000000",15.616039276123
"NB","2026-08-01T08:00:00.000000",15.6379919052124
"NB","2026-08-01T09:00:00.000000",15.6428680419922
"NB","2026-08-01T10:00:00.000000",15.64501953125
"NB","2026-08-01T11:00:00.000000",15.6137466430664
"NB","2026-08-01T12:00:00.000000",15.5728712081909
"NB","2026-08-01T13:00:00.000000",15.5505065917969
"NB","2026-08-01T14:00:00.000000",15.5463781356812
"NB","2026-08-01T15:00:00.000000",15.5484209060669
"NB","2026-08-01T16:00:00.000000",15.561918258667
"NB","2026-08-01T17:00:00.000000",15.5792798995972
"NB","2026-08-01T18:00:00.000000",15.5893182754517
"NB","2026-08-01T19:00:00.000000",15.5818071365356
"NB","2026-08-01T20:00:00.000000",15.569130897522
"NB","2026-08-01T21:00:00.000000",15.5507411956787
"NB","2026-08-01T22:00:00.000000",15.5344762802124
"NB","2026-08-01T23:00:00.000000",15.5297346115112
"NB","2026-08-02T00:00:00.000000",15.5350065231323
"NB","2026-08-02T01:00:00.000000",15.5497741699219
"NB","2026-08-02T02:00:00.000000",15.5994653701782
"NB","2026-08-02T03:00:00.000000",15.7417364120483
"NB","2026-08-02T04:00:00.000000",15.8677892684937
"NB","2026-08-02T05:00:00.000000",16.034158706665
"NB","2026-08-02T06:00:00.000000",16.1925773620605
"NB","2026-08-02T07:00:00.000000",16.3239459991455
"NB","2026-08-02T08:00:00.000000",16.4314002990723
"NB","2026-08-02T09:00:00.000000",16.50368309021
"NB","2026-08-02T10:00:00.000000",16.5498275756836
"NB","2026-08-02T11:00:00.000000",16.5699615478516
"NB","2026-08-02T12:00:00.000000",16.5439968109131
"NB","2026-08-02T13:00:00.000000",16.5025119781494
"NB","2026-08-02T14:00:00.000000",16.466365814209
"NB","2026-08-02T15:00:00.000000",16.4451599121094
"NB","2026-08-02T16:00:00.000000",16.4200782775879
"NB","2026-08-02T17:00:00.000000",16.3859996795654
"NB","2026-08-02T18:00:00.000000",16.3412322998047
"NB","2026-08-02T19:00:00.000000",16.2982749938965
"NB","2026-08-02T20:00:00.000000",16.2763538360596
"NB","2026-08-02T21:00:00.000000",16.2901401519775
"NB","2026-08-02T22:00:00.000000",16.365550994873
"NB","2026-08-02T23:00:00.000000",16.5173969268799
"NB","2026-08-03T00:00:00.000000",16.6148738861084
"NB","2026-08-03T01:00:00.000000",16.6314296722412
"NB","2026-08-03T02:00:00.000000",16.6239719390869
"NB","2026-08-03T03:00:00.000000",16.6228466033936
"NB","2026-08-03T04:00:00.000000",16.6396198272705
"NB","2026-08-03T05:00:00.000000",16.6740837097168
"NB","2026-08-03T06:00:00.000000",16.7253017425537
"NB","2026-08-03T07:00:00.000000",16.7687358856201
"NB","2026-08-03T08:00:00.000000",16.7597351074219
"NB","2026-08-03T09:00:00.000000",16.7744197845459
"NB","2026-08-03T10:00:00.000000",16.819637298584
"NB","2026-08-03T11:00:00.000000",16.9017696380615
"NB","2026-08-03T12:00:00.000000",17.0046634674072
"NB","2026-08-03T13:00:00.000000",17.0387001037598
"NB","2026-08-03T14:00:00.000000",17.0129508972168
"NB","2026-08-03T15:00:00.000000",16.9691257476807
"NB","2026-08-03T16:00:00.000000",16.9409103393555
"NB","2026-08-03T17:00:00.000000",16.9214839935303
"NB","2026-08-03T18:00:00.000000",16.8796482086182
"NB","2026-08-03T19:00:00.000000",16.8193187713623
"NB","2026-08-03T20:00:00.000000",16.8175716400146
"NB","2026-08-03T21:00:00.000000",16.818265914917
"NB","2026-08-03T22:00:00.000000",16.8191261291504
"NB","2026-08-03T23:00:00.000000",16.8196849822998
"NB","2026-08-04T00:00:00.000000",16.8196830749512
"NB","2026-08-04T01:00:00.000000",16.8196811676025
"NB","2026-08-04T02:00:00.000000",16.819694519043
"NB","2026-08-04T03:00:00.000000",16.7700080871582
"NB","2026-08-04T04:00:00.000000",16.6919021606445
"NB","2026-08-04T05:00:00.000000",16.6058654785156
"NB","2026-08-04T06:00:00.000000",16.3554153442383
"NB","2026-08-04T07:00:00.000000",15.8733816146851
"NB","2026-08-04T08:00:00.000000",15.3161630630493
"NB","2026-08-04T09:00:00.000000",14.8713817596436
"NB","2026-08-04T10:00:00.000000",14.51380443573
"NB","2026-08-04T11:00:00.000000",14.2239332199097
"NB","2026-08-04T12:00:00.000000",14.0259208679199
"NB","2026-08-04T13:00:00.000000",13.8681402206421
"NB","2026-08-04T14:00:00.000000",13.7193174362183
"NB","2026-08-04T15:00:00.000000",13.5723257064819
"NB","2026-08-04T16:00:00.000000",13.5045766830444
"NB","2026-08-04T17:00:00.000000",13.496452331543
"NB","2026-08-04T18:00:00.000000",13.4765815734863
"NB","2026-08-04T19:00:00.000000",13.4475879669189
"NB","2026-08-04T20:00:00.000000",13.4152851104736
"NB","2026-08-04T21:00:00.000000",13.4065561294556
"NB","2026-08-04T22:00:00.000000",13.4149599075317
"NB","2026-08-04T23:00:00.000000",13.4249486923218
"NB","2026-08-05T00:00:00.000000",13.4369926452637
"NB","2026-08-05T01:00:00.000000",13.450366973877
"NB","2026-08-05T02:00:00.000000",13.4588222503662
"NB","2026-08-05T03:00:00.000000",13.4620552062988
"NB","2026-08-05T04:00:00.000000",13.4588708877563
"NB","2026-08-05T05:00:00.000000",13.453971862793
"NB","2026-08-05T06:00:00.000000",13.4496307373047
"NB","2026-08-05T07:00:00.000000",13.4527082443237
"NB","2026-08-05T08:00:00.000000",13.4693183898926
"NB","2026-08-05T09:00:00.000000",13.4912719726562
"NB","2026-08-05T10:00:00.000000",13.5125017166138
"NB","2026-08-05T11:00:00.000000",13.531681060791
"NB","2026-08-05T12:00:00.000000",13.5481882095337
"NB","2026-08-05T13:00:00.000000",13.5610847473145
"NB","2026-08-05T14:00:00.000000",13.5803127288818
"NB","2026-08-05T15:00:00.000000",13.5959825515747
"NB","2026-08-05T16:00:00.000000",13.5851955413818
"NB","2026-08-05T17:00:00.000000",13.5580549240112
"NB","2026-08-05T18:00:00.000000",13.5216627120972
"NB","2026-08-05T19:00:00.000000",13.4803485870361
"NB","2026-08-05T20:00:00.000000",13.456937789917
"NB","2026-08-05T21:00:00.000000",13.4376277923584
"NB","2026-08-05T22:00:00.000000",13.4388399124146
"NB","2026-08-05T23:00:00.000000",13.4446411132812
"NB","2026-08-06T00:00:00.000000",13.4514932632446
"NB","2026-08-06T01:00:00.000000",13.4671840667725
"NB","2026-08-06T02:00:00.000000",13.4928102493286
"NB","2026-08-06T03:00:00.000000",13.5049591064453
"NB","2026-08-06T04:00:00.000000",13.5039882659912
"NB","2026-08-06T05:00:00.000000",13.4913892745972
"NB","2026-08-06T06:00:00.000000",13.4785976409912
"NB","2026-08-06T07:00:00.000000",13.4991655349731
"NB","2026-08-06T08:00:00.000000",13.5633964538574
"NB","2026-08-06T09:00:00.000000",13.6399402618408
"NB","2026-08-06T10:00:00.000000",13.6925430297852
"NB","2026-08-06T11:00:00.000000",13.7337474822998
"NB","2026-08-06T12:00:00.000000",13.7640781402588
"NB","2026-08-06T13:00:00.000000",13.7802848815918
"NB","2026-08-06T14:00:00.000000",13.7866659164429
"NB","2026-08-06T15:00:00.000000",13.7848844528198
"NB","2026-08-06T16:00:00.000000",13.768705368042
"NB","2026-08-06T17:00:00.000000",13.7326517105103
"NB","2026-08-06T18:00:00.000000",13.6983966827393
"NB","2026-08-06T19:00:00.000000",13.6469783782959
"NB","2026-08-06T20:00:00.000000",13.6125898361206
"NB","2026-08-06T21:00:00.000000",13.5808525085449
"NB","2026-08-06T22:00:00.000000",13.5406246185303
"NB","2026-08-06T23:00:00.000000",13.5244655609131
"NB","2026-08-07T00:00:00.000000",13.5252256393433
"NB","2026-08-07T01:00:00.000000",13.545877456665
"NB","2026-08-07T02:00:00.000000",13.5802421569824
"NB","2026-08-07T03:00:00.000000",13.6109237670898
"NB","2026-08-07T04:00:00.000000",13.6177043914795
"NB","2026-08-07T05:00:00.000000",13.6096935272217
"NB","2026-08-07T06:00:00.000000",13.638298034668
"NB","2026-08-07T07:00:00.000000",13.7050533294678
"NB","2026-08-07T08:00:00.000000",13.7984762191772
"NB","2026-08-07T09:00:00.000000",13.8807334899902
"NB","2026-08-07T10:00:00.000000",13.9056921005249
"NB","2026-08-07T11:00:00.000000",13.8513202667236
"NB","2026-08-07T12:00:00.000000",13.7702379226685
"NB","2026-08-07T13:00:00.000000",13.6842451095581
"NB","2026-08-07T14:00:00.000000",13.6213960647583
"NB","2026-08-07T15:00:00.000000",13.5754127502441
"NB","2026-08-07T16:00:00.000000",13.5071315765381
"NB","2026-08-07T17:00:00.000000",13.3973827362061
"NB","2026-08-07T18:00:00.000000",13.2492723464966
"NB","2026-08-07T19:00:00.000000",13.1105585098267
"NB","2026-08-07T20:00:00.000000",12.9776849746704
"NB","2026-08-07T21:00:00.000000",12.8867387771606
"NB","2026-08-07T22:00:00.000000",12.8183183670044
"NB","2026-08-07T23:00:00.000000",12.7707595825195
"NB","2026-08-08T00:00:00.000000",12.7524766921997
"PC","2026-07-31T00:00:00.000000",18.4762535095215
"PC","2026-07-31T01:00:00.000000",18.4994869232178
"PC","2026-07-31T02:00:00.000000",18.5073432922363
"PC","2026-07-31T03:00:00.000000",18.4948978424072
"PC","2026-07-31T04:00:00.000000",18.4707221984863
"PC","2026-07-31T05:00:00.000000",18.3465270996094
"PC","2026-07-31T06:00:00.000000",18.2576866149902
"PC","2026-07-31T07:00:00.000000",18.2394886016846
"PC","2026-07-31T08:00:00.000000",18.2562942504883
"PC","2026-07-31T09:00:00.000000",18.3465309143066
"PC","2026-07-31T10:00:00.000000",18.4360466003418
"PC","2026-07-31T11:00:00.000000",18.4894390106201
"PC","2026-07-31T12:00:00.000000",18.5261878967285
"PC","2026-07-31T13:00:00.000000",18.5350894927979
"PC","2026-07-31T14:00:00.000000",18.5070056915283
"PC","2026-07-31T15:00:00.000000",18.4421157836914
"PC","2026-07-31T16:00:00.000000",18.2851676940918
"PC","2026-07-31T17:00:00.000000",18.1712665557861
"PC","2026-07-31T18:00:00.000000",18.1483306884766
"PC","2026-07-31T19:00:00.000000",18.1692333221436
"PC","2026-07-31T20:00:00.000000",18.2185840606689
"PC","2026-07-31T21:00:00.000000",18.2791786193848
"PC","2026-07-31T22:00:00.000000",18.3285102844238
"PC","2026-07-31T23:00:00.000000",18.3690147399902
"PC","2026-08-01T00:00:00.000000",18.4172401428223
"PC","2026-08-01T01:00:00.000000",18.434871673584
"PC","2026-08-01T02:00:00.000000",18.390754699707
"PC","2026-08-01T03:00:00.000000",18.2219257354736
"PC","2026-08-01T04:00:00.000000",18.0538635253906
"PC","2026-08-01T05:00:00.000000",17.9475574493408
"PC","2026-08-01T06:00:00.000000",17.8764991760254
"PC","2026-08-01T07:00:00.000000",17.8540210723877
"PC","2026-08-01T08:00:00.000000",17.8648223876953
"PC","2026-08-01T09:00:00.000000",17.8911323547363
"PC","2026-08-01T10:00:00.000000",17.9341812133789
"PC","2026-08-01T11:00:00.000000",17.9923553466797
"PC","2026-08-01T12:00:00.000000",18.0475063323975
"PC","2026-08-01T13:00:00.000000",18.0950698852539
"PC","2026-08-01T14:00:00.000000",18.0965042114258
"PC","2026-08-01T15:00:00.000000",18.0495147705078
"PC","2026-08-01T16:00:00.000000",17.991397857666
"PC","2026-08-01T17:00:00.000000",17.9323596954346
"PC","2026-08-01T18:00:00.000000",17.890079498291
"PC","2026-08-01T19:00:00.000000",17.8755970001221
"PC","2026-08-01T20:00:00.000000",17.8931350708008
"PC","2026-08-01T21:00:00.000000",17.9264450073242
"PC","2026-08-01T22:00:00.000000",17.9492855072021
"PC","2026-08-01T23:00:00.000000",17.9625053405762
"PC","2026-08-02T00:00:00.000000",17.96799659729
"PC","2026-08-02T01:00:00.000000",17.9782428741455
"PC","2026-08-02T02:00:00.000000",17.9699058532715
"PC","2026-08-02T03:00:00.000000",17.9416446685791
"PC","2026-08-02T04:00:00.000000",17.8925094604492
"PC","2026-08-02T05:00:00.000000",17.8273181915283
"PC","2026-08-02T06:00:00.000000",17.7804412841797
"PC","2026-08-02T07:00:00.000000",17.7584819793701
"PC","2026-08-02T08:00:00.000000",17.7781009674072
"PC","2026-08-02T09:00:00.000000",17.8176689147949
"PC","2026-08-02T10:00:00.000000",17.8668727874756
"PC","2026-08-02T11:00:00.000000",17.9224128723145
"PC","2026-08-02T12:00:00.000000",17.9583263397217
"PC","2026-08-02T13:00:00.000000",17.9798908233643
"PC","2026-08-02T14:00:00.000000",18.0029945373535
"PC","2026-08-02T15:00:00.000000",17.9899635314941
"PC","2026-08-02T16:00:00.000000",17.954137802124
"PC","2026-08-02T17:00:00.000000",17.9020099639893
"PC","2026-08-02T18:00:00.000000",17.8332748413086
"PC","2026-08-02T19:00:00.000000",17.7744750976562
"PC","2026-08-02T20:00:00.000000",17.7594146728516
"PC","2026-08-02T21:00:00.000000",17.7817974090576
"PC","2026-08-02T22:00:00.000000",17.8166179656982
"PC","2026-08-02T23:00:00.000000",17.8419456481934
"PC","2026-08-03T00:00:00.000000",17.8687992095947
"PC","2026-08-03T01:00:00.000000",17.8823680877686
"PC","2026-08-03T02:00:00.000000",17.8981323242188
"PC","2026-08-03T03:00:00.000000",17.8940086364746
"PC","2026-08-03T04:00:00.000000",17.8791484832764
"PC","2026-08-03T05:00:00.000000",17.8347759246826
"PC","2026-08-03T06:00:00.000000",17.7610454559326
"PC","2026-08-03T07:00:00.000000",17.723653793335
"PC","2026-08-03T08:00:00.000000",17.719539642334
"PC","2026-08-03T09:00:00.000000",17.7547016143799
"PC","2026-08-03T10:00:00.000000",17.8003025054932
"PC","2026-08-03T11:00:00.000000",17.8395118713379
"PC","2026-08-03T12:00:00.000000",17.880989074707
"PC","2026-08-03T13:00:00.000000",17.8998355865479
"PC","2026-08-03T14:00:00.000000",17.9117851257324
"PC","2026-08-03T15:00:00.000000",17.9110221862793
"PC","2026-08-03T16:00:00.000000",17.8451747894287
"PC","2026-08-03T17:00:00.000000",17.778341293335
"PC","2026-08-03T18:00:00.000000",17.7065296173096
"PC","2026-08-03T19:00:00.000000",17.6307029724121
"PC","2026-08-03T20:00:00.000000",17.5747985839844
"PC","2026-08-03T21:00:00.000000",17.5703945159912
"PC","2026-08-03T22:00:00.000000",17.6163749694824
"PC","2026-08-03T23:00:00.000000",17.671537399292
"PC","2026-08-04T00:00:00.000000",17.7261600494385
"PC","2026-08-04T01:00:00.000000",17.767786026001
"PC","2026-08-04T02:00:00.000000",17.7756042480469
"PC","2026-08-04T03:00:00.000000",17.7797603607178
"PC","2026-08-04T04:00:00.000000",17.7648830413818
"PC","2026-08-04T05:00:00.000000",17.7386531829834
"PC","2026-08-04T06:00:00.000000",17.71484375
"PC","2026-08-04T07:00:00.000000",17.6642837524414
"PC","2026-08-04T08:00:00.000000",17.6222152709961
"PC","2026-08-04T09:00:00.000000",17.6164073944092
"PC","2026-08-04T10:00:00.000000",17.636157989502
"PC","2026-08-04T11:00:00.000000",17.6665592193604
"PC","2026-08-04T12:00:00.000000",17.7003345489502
"PC","2026-08-04T13:00:00.000000",17.7311248779297
"PC","2026-08-04T14:00:00.000000",17.7449741363525
"PC","2026-08-04T15:00:00.000000",17.7633934020996
"PC","2026-08-04T16:00:00.000000",17.7707271575928
"PC","2026-08-04T17:00:00.000000",17.7234039306641
"PC","2026-08-04T18:00:00.000000",17.6261730194092
"PC","2026-08-04T19:00:00.000000",17.4688301086426
"PC","2026-08-04T20:00:00.000000",17.3376274108887
"PC","2026-08-04T21:00:00.000000",17.2510547637939
"PC","2026-08-04T22:00:00.000000",17.2503719329834
"PC","2026-08-04T23:00:00.000000",17.2818908691406
"PC","2026-08-05T00:00:00.000000",17.3233795166016
"PC","2026-08-05T01:00:00.000000",17.390811920166
"PC","2026-08-05T02:00:00.000000",17.4509315490723
"PC","2026-08-05T03:00:00.000000",17.4893913269043
"PC","2026-08-05T04:00:00.000000",17.4855785369873
"PC","2026-08-05T05:00:00.000000",17.4066295623779
"PC","2026-08-05T06:00:00.000000",17.3220157623291
"PC","2026-08-05T07:00:00.000000",17.2300453186035
"PC","2026-08-05T08:00:00.000000",17.1159801483154
"PC","2026-08-05T09:00:00.000000",17.068904876709
"PC","2026-08-05T10:00:00.000000",17.0777568817139
"PC","2026-08-05T11:00:00.000000",17.1205062866211
"PC","2026-08-05T12:00:00.000000",17.1744003295898
"PC","2026-08-05T13:00:00.000000",17.2388286590576
"PC","2026-08-05T14:00:00.000000",17.304027557373
"PC","2026-08-05T15:00:00.000000",17.33056640625
"PC","2026-08-05T16:00:00.000000",17.3637523651123
"PC","2026-08-05T17:00:00.000000",17.340461730957
"PC","2026-08-05T18:00:00.000000",17.2472705841064
"PC","2026-08-05T19:00:00.000000",17.1081886291504
"PC","2026-08-05T20:00:00.000000",16.9773807525635
"PC","2026-08-05T21:00:00.000000",16.9093379974365
"PC","2026-08-05T22:00:00.000000",16.8899612426758
"PC","2026-08-05T23:00:00.000000",16.91623878479
"PC","2026-08-06T00:00:00.000000",16.9599761962891
"PC","2026-08-06T01:00:00.000000",17.0126304626465
"PC","2026-08-06T02:00:00.000000",17.0964622497559
"PC","2026-08-06T03:00:00.000000",17.1475696563721
"PC","2026-08-06T04:00:00.000000",17.1827812194824
"PC","2026-08-06T05:00:00.000000",17.1924457550049
"PC","2026-08-06T06:00:00.000000",17.137056350708
"PC","2026-08-06T07:00:00.000000",17.0497455596924
"PC","2026-08-06T08:00:00.000000",16.9392490386963
"PC","2026-08-06T09:00:00.000000",16.8503189086914
"PC","2026-08-06T10:00:00.000000",16.8215179443359
"PC","2026-08-06T11:00:00.000000",16.8346099853516
"PC","2026-08-06T12:00:00.000000",16.8712882995605
"PC","2026-08-06T13:00:00.000000",16.9094944000244
"PC","2026-08-06T14:00:00.000000",16.9440860748291
"PC","2026-08-06T15:00:00.000000",16.9702262878418
"PC","2026-08-06T16:00:00.000000",17.0029182434082
"PC","2026-08-06T17:00:00.000000",17.0207786560059
"PC","2026-08-06T18:00:00.000000",16.9872913360596
"PC","2026-08-06T19:00:00.000000",16.9209079742432
"PC","2026-08-06T20:00:00.000000",16.8394985198975
"PC","2026-08-06T21:00:00.000000",16.7477149963379
"PC","2026-08-06T22:00:00.000000",16.6747283935547
"PC","2026-08-06T23:00:00.000000",16.6401634216309
"PC","2026-08-07T00:00:00.000000",16.6477909088135
"PC","2026-08-07T01:00:00.000000",16.6761474609375
"PC","2026-08-07T02:00:00.000000",16.7059993743896
"PC","2026-08-07T03:00:00.000000",16.7613468170166
"PC","2026-08-07T04:00:00.000000",16.7906551361084
"PC","2026-08-07T05:00:00.000000",16.8167114257812
"PC","2026-08-07T06:00:00.000000",16.8273277282715
"PC","2026-08-07T07:00:00.000000",16.8181457519531
"PC","2026-08-07T08:00:00.000000",16.7976303100586
"PC","2026-08-07T09:00:00.000000",16.7683544158936
"PC","2026-08-07T10:00:00.000000",16.7136611938477
"PC","2026-08-07T11:00:00.000000",16.6951446533203
"PC","2026-08-07T12:00:00.000000",16.7057762145996
"PC","2026-08-07T13:00:00.000000",16.7296199798584
"PC","2026-08-07T14:00:00.000000",16.7475929260254
"PC","2026-08-07T15:00:00.000000",16.7646141052246
"PC","2026-08-07T16:00:00.000000",16.7788696289062
"PC","2026-08-07T17:00:00.000000",16.8015060424805
"PC","2026-08-07T18:00:00.000000",16.8157691955566
"PC","2026-08-07T19:00:00.000000",16.7933673858643
"PC","2026-08-07T20:00:00.000000",16.7493190765381
"PC","2026-08-07T21:00:00.000000",16.6830596923828
"PC","2026-08-07T22:00:00.000000",16.5942649841309
"PC","2026-08-07T23:00:00.000000",16.5227355957031
"PC","2026-08-08T00:00:00.000000",16.5026321411133
"PV","2026-07-31T00:00:00.000000",16.9866123199463
"PV","2026-07-31T01:00:00.000000",16.9672260284424
"PV","2026-07-31T02:00:00.000000",16.8057994842529
"PV","2026-07-31T03:00:00.000000",16.7745494842529
"PV","2026-07-31T04:00:00.000000",16.7954654693604
"PV","2026-07-31T05:00:00.000000",16.8307132720947
"PV","2026-07-31T06:00:00.000000",16.871509552002
"PV","2026-07-31T07:00:00.000000",16.935022354126
"PV","2026-07-31T08:00:00.000000",16.9905090332031
"PV","2026-07-31T09:00:00.000000",17.0255241394043
"PV","2026-07-31T10:00:00.000000",17.0605564117432
"PV","2026-07-31T11:00:00.000000",17.0218715667725
"PV","2026-07-31T12:00:00.000000",16.8238792419434
"PV","2026-07-31T13:00:00.000000",16.8382930755615
"PV","2026-07-31T14:00:00.000000",16.841833114624
"PV","2026-07-31T15:00:00.000000",16.8020305633545
"PV","2026-07-31T16:00:00.000000",16.7744007110596
"PV","2026-07-31T17:00:00.000000",16.7803325653076
"PV","2026-07-31T18:00:00.000000",16.8912963867188
"PV","2026-07-31T19:00:00.000000",17.10569190979
"PV","2026-07-31T20:00:00.000000",17.2717323303223
"PV","2026-07-31T21:00:00.000000",17.4010410308838
"PV","2026-07-31T22:00:00.000000",17.4589939117432
"PV","2026-07-31T23:00:00.000000",17.4868316650391
"PV","2026-08-01T00:00:00.000000",17.1020240783691
"PV","2026-08-01T01:00:00.000000",16.9073810577393
"PV","2026-08-01T02:00:00.000000",16.8959407806396
"PV","2026-08-01T03:00:00.000000",16.8064727783203
"PV","2026-08-01T04:00:00.000000",16.8044528961182
"PV","2026-08-01T05:00:00.000000",16.9553928375244
"PV","2026-08-01T06:00:00.000000",17.1399211883545
"PV","2026-08-01T07:00:00.000000",17.270544052124
"PV","2026-08-01T08:00:00.000000",17.451244354248
"PV","2026-08-01T09:00:00.000000",17.4311466217041
"PV","2026-08-01T10:00:00.000000",17.3842964172363
"PV","2026-08-01T11:00:00.000000",17.3239765167236
"PV","2026-08-01T12:00:00.000000",17.1469478607178
"PV","2026-08-01T13:00:00.000000",16.9502048492432
"PV","2026-08-01T14:00:00.000000",16.755895614624
"PV","2026-08-01T15:00:00.000000",16.7585010528564
"PV","2026-08-01T16:00:00.000000",16.762279510498
"PV","2026-08-01T17:00:00.000000",16.8403720855713
"PV","2026-08-01T18:00:00.000000",17.0371704101562
"PV","2026-08-01T19:00:00.000000",17.3532848358154
"PV","2026-08-01T20:00:00.000000",17.758861541748
"PV","2026-08-01T21:00:00.000000",18.0066070556641
"PV","2026-08-01T22:00:00.000000",18.1154842376709
"PV","2026-08-01T23:00:00.000000",18.1145172119141
"PV","2026-08-02T00:00:00.000000",18.0543060302734
"PV","2026-08-02T01:00:00.000000",17.2895240783691
"PV","2026-08-02T02:00:00.000000",17.0242118835449
"PV","2026-08-02T03:00:00.000000",17.0133800506592
"PV","2026-08-02T04:00:00.000000",17.1418647766113
"PV","2026-08-02T05:00:00.000000",17.1444110870361
"PV","2026-08-02T06:00:00.000000",17.103832244873
"PV","2026-08-02T07:00:00.000000",17.0852108001709
"PV","2026-08-02T08:00:00.000000",17.2100563049316
"PV","2026-08-02T09:00:00.000000",17.3868446350098
"PV","2026-08-02T10:00:00.000000",17.3832550048828
"PV","2026-08-02T11:00:00.000000",17.3529262542725
"PV","2026-08-02T12:00:00.000000",17.1688232421875
"PV","2026-08-02T13:00:00.000000",16.552225112915
"PV","2026-08-02T14:00:00.000000",16.4019908905029
"PV","2026-08-02T15:00:00.000000",16.4235343933105
"PV","2026-08-02T16:00:00.000000",16.471586227417
"PV","2026-08-02T17:00:00.000000",16.5578365325928
"PV","2026-08-02T18:00:00.000000",16.7524528503418
"PV","2026-08-02T19:00:00.000000",17.1354484558105
"PV","2026-08-02T20:00:00.000000",17.6660060882568
"PV","2026-08-02T21:00:00.000000",17.9201393127441
"PV","2026-08-02T22:00:00.000000",18.0428562164307
"PV","2026-08-02T23:00:00.000000",18.0034961700439
"PV","2026-08-03T00:00:00.000000",17.8126449584961
"PV","2026-08-03T01:00:00.000000",16.4848403930664
"PV","2026-08-03T02:00:00.000000",16.3139591217041
"PV","2026-08-03T03:00:00.000000",16.3556041717529
"PV","2026-08-03T04:00:00.000000",16.4769763946533
"PV","2026-08-03T05:00:00.000000",16.5493640899658
"PV","2026-08-03T06:00:00.000000",16.5940055847168
"PV","2026-08-03T07:00:00.000000",16.667631149292
"PV","2026-08-03T08:00:00.000000",16.7787132263184
"PV","2026-08-03T09:00:00.000000",17.0403861999512
"PV","2026-08-03T10:00:00.000000",17.1668548583984
"PV","2026-08-03T11:00:00.000000",17.1756992340088
"PV","2026-08-03T12:00:00.000000",17.1391143798828
"PV","2026-08-03T13:00:00.000000",16.4998035430908
"PV","2026-08-03T14:00:00.000000",16.0793132781982
"PV","2026-08-03T15:00:00.000000",16.3903694152832
"PV","2026-08-03T16:00:00.000000",16.3798522949219
"PV","2026-08-03T17:00:00.000000",16.3988380432129
"PV","2026-08-03T18:00:00.000000",16.516185760498
"PV","2026-08-03T19:00:00.000000",16.7031192779541
"PV","2026-08-03T20:00:00.000000",16.9097785949707
"PV","2026-08-03T21:00:00.000000",17.3785305023193
"PV","2026-08-03T22:00:00.000000",17.3775939941406
"PV","2026-08-03T23:00:00.000000",17.2659931182861
"PV","2026-08-04T00:00:00.000000",17.1284408569336
"PV","2026-08-04T01:00:00.000000",16.5515804290771
"PV","2026-08-04T02:00:00.000000",15.1667356491089
"PV","2026-08-04T03:00:00.000000",14.8248863220215
"PV","2026-08-04T04:00:00.000000",14.8337564468384
"PV","2026-08-04T05:00:00.000000",14.9736881256104
"PV","2026-08-04T06:00:00.000000",15.1306228637695
"PV","2026-08-04T07:00:00.000000",15.2710285186768
"PV","2026-08-04T08:00:00.000000",15.5017528533936
"PV","2026-08-04T09:00:00.000000",15.6989240646362
"PV","2026-08-04T10:00:00.000000",15.9514389038086
"PV","2026-08-04T11:00:00.000000",16.0324249267578
"PV","2026-08-04T12:00:00.000000",15.9871492385864
"PV","2026-08-04T13:00:00.000000",15.83984375
"PV","2026-08-04T14:00:00.000000",14.9039487838745
"PV","2026-08-04T15:00:00.000000",14.4999437332153
"PV","2026-08-04T16:00:00.000000",14.4803476333618
"PV","2026-08-04T17:00:00.000000",14.5696258544922
"PV","2026-08-04T18:00:00.000000",14.7283535003662
"PV","2026-08-04T19:00:00.000000",14.826268196106
"PV","2026-08-04T20:00:00.000000",15.0627088546753
"PV","2026-08-04T21:00:00.000000",15.4190587997437
"PV","2026-08-04T22:00:00.000000",15.7418966293335
"PV","2026-08-04T23:00:00.000000",15.9133071899414
"PV","2026-08-05T00:00:00.000000",15.8549938201904
"PV","2026-08-05T01:00:00.000000",15.7419776916504
"PV","2026-08-05T02:00:00.000000",15.1330785751343
"PV","2026-08-05T03:00:00.000000",14.2507934570312
"PV","2026-08-05T04:00:00.000000",14.4493741989136
"PV","2026-08-05T05:00:00.000000",14.5802125930786
"PV","2026-08-05T06:00:00.000000",14.6038904190063
"PV","2026-08-05T07:00:00.000000",14.6632709503174
"PV","2026-08-05T08:00:00.000000",14.7969360351562
"PV","2026-08-05T09:00:00.000000",14.9837398529053
"PV","2026-08-05T10:00:00.000000",15.247220993042
"PV","2026-08-05T11:00:00.000000",15.5250883102417
"PV","2026-08-05T12:00:00.000000",15.4778165817261
"PV","2026-08-05T13:00:00.000000",15.3699035644531
"PV","2026-08-05T14:00:00.000000",15.077654838562
"PV","2026-08-05T15:00:00.000000",14.1947631835938
"PV","2026-08-05T16:00:00.000000",13.9192762374878
"PV","2026-08-05T17:00:00.000000",13.9847106933594
"PV","2026-08-05T18:00:00.000000",14.130352973938
"PV","2026-08-05T19:00:00.000000",14.3972902297974
"PV","2026-08-05T20:00:00.000000",14.8007183074951
"PV","2026-08-05T21:00:00.000000",15.2992782592773
"PV","2026-08-05T22:00:00.000000",15.677098274231
"PV","2026-08-05T23:00:00.000000",16.0610084533691
"PV","2026-08-06T00:00:00.000000",16.2557430267334
"PV","2026-08-06T01:00:00.000000",16.1475200653076
"PV","2026-08-06T02:00:00.000000",15.9878559112549
"PV","2026-08-06T03:00:00.000000",14.8226509094238
"PV","2026-08-06T04:00:00.000000",13.9590587615967
"PV","2026-08-06T05:00:00.000000",14.1195678710938
"PV","2026-08-06T06:00:00.000000",14.1099767684937
"PV","2026-08-06T07:00:00.000000",14.1655406951904
"PV","2026-08-06T08:00:00.000000",14.2246255874634
"PV","2026-08-06T09:00:00.000000",14.3177442550659
"PV","2026-08-06T10:00:00.000000",14.5048713684082
"PV","2026-08-06T11:00:00.000000",14.8401880264282
"PV","2026-08-06T12:00:00.000000",15.013575553894
"PV","2026-08-06T13:00:00.000000",15.0598888397217
"PV","2026-08-06T14:00:00.000000",15.0372972488403
"PV","2026-08-06T15:00:00.000000",14.847900390625
"PV","2026-08-06T16:00:00.000000",13.8663740158081
"PV","2026-08-06T17:00:00.000000",13.967493057251
"PV","2026-08-06T18:00:00.000000",14.0666484832764
"PV","2026-08-06T19:00:00.000000",14.1346569061279
"PV","2026-08-06T20:00:00.000000",14.247142791748
"PV","2026-08-06T21:00:00.000000",14.3855619430542
"PV","2026-08-06T22:00:00.000000",14.5377779006958
"PV","2026-08-06T23:00:00.000000",14.7300481796265
"PV","2026-08-07T00:00:00.000000",15.1592197418213
"PV","2026-08-07T01:00:00.000000",15.1289491653442
"PV","2026-08-07T02:00:00.000000",14.985878944397
"PV","2026-08-07T03:00:00.000000",14.8873739242554
"PV","2026-08-07T04:00:00.000000",14.2108840942383
"PV","2026-08-07T05:00:00.000000",13.28626537323
"PV","2026-08-07T06:00:00.000000",13.3549222946167
"PV","2026-08-07T07:00:00.000000",13.4526500701904
"PV","2026-08-07T08:00:00.000000",13.55006980896
"PV","2026-08-07T09:00:00.000000",13.697582244873
"PV","2026-08-07T10:00:00.000000",13.8278532028198
"PV","2026-08-07T11:00:00.000000",13.9901514053345
"PV","2026-08-07T12:00:00.000000",14.2537221908569
"PV","2026-08-07T13:00:00.000000",14.5463895797729
"PV","2026-08-07T14:00:00.000000",14.5111770629883
"PV","2026-08-07T15:00:00.000000",14.4183921813965
"PV","2026-08-07T16:00:00.000000",14.1377534866333
"PV","2026-08-07T17:00:00.000000",13.2966661453247
"PV","2026-08-07T18:00:00.000000",13.0961713790894
"PV","2026-08-07T19:00:00.000000",13.1725778579712
"PV","2026-08-07T20:00:00.000000",13.2685832977295
"PV","2026-08-07T21:00:00.000000",13.3876028060913
"PV","2026-08-07T22:00:00.000000",13.6025991439819
"PV","2026-08-07T23:00:00.000000",13.7930164337158
"PV","2026-08-08T00:00:00.000000",14.0972137451172
"SH","2026-07-31T00:00:00.000000",13.6653709411621
"SH","2026-07-31T01:00:00.000000",13.1306810379028
"SH","2026-07-31T02:00:00.000000",12.8643264770508
"SH","2026-07-31T03:00:00.000000",12.7415781021118
"SH","2026-07-31T04:00:00.000000",12.7044086456299
"SH","2026-07-31T05:00:00.000000",12.7233190536499
"SH","2026-07-31T06:00:00.000000",12.9414234161377
"SH","2026-07-31T07:00:00.000000",13.5114336013794
"SH","2026-07-31T08:00:00.000000",14.1397399902344
"SH","2026-07-31T09:00:00.000000",14.7586879730225
"SH","2026-07-31T10:00:00.000000",15.1144456863403
"SH","2026-07-31T11:00:00.000000",15.2635746002197
"SH","2026-07-31T12:00:00.000000",15.2227363586426
"SH","2026-07-31T13:00:00.000000",15.2908067703247
"SH","2026-07-31T14:00:00.000000",15.4561347961426
"SH","2026-07-31T15:00:00.000000",15.5362977981567
"SH","2026-07-31T16:00:00.000000",15.5700006484985
"SH","2026-07-31T17:00:00.000000",15.6373805999756
"SH","2026-07-31T18:00:00.000000",15.8622989654541
"SH","2026-07-31T19:00:00.000000",16.2042255401611
"SH","2026-07-31T20:00:00.000000",16.3570690155029
"SH","2026-07-31T21:00:00.000000",16.3895206451416
"SH","2026-07-31T22:00:00.000000",16.4391193389893
"SH","2026-07-31T23:00:00.000000",16.4729633331299
"SH","2026-08-01T00:00:00.000000",16.4447116851807
"SH","2026-08-01T01:00:00.000000",16.1511077880859
"SH","2026-08-01T02:00:00.000000",15.3100461959839
"SH","2026-08-01T03:00:00.000000",14.8080501556396
"SH","2026-08-01T04:00:00.000000",14.6090650558472
"SH","2026-08-01T05:00:00.000000",14.6055126190186
"SH","2026-08-01T06:00:00.000000",14.804967880249
"SH","2026-08-01T07:00:00.000000",15.3129348754883
"SH","2026-08-01T08:00:00.000000",15.6518507003784
"SH","2026-08-01T09:00:00.000000",16.0078964233398
"SH","2026-08-01T10:00:00.000000",16.3451690673828
"SH","2026-08-01T11:00:00.000000",16.5847129821777
"SH","2026-08-01T12:00:00.000000",16.6009159088135
"SH","2026-08-01T13:00:00.000000",16.3209934234619
"SH","2026-08-01T14:00:00.000000",15.4160537719727
"SH","2026-08-01T15:00:00.000000",14.8926935195923
"SH","2026-08-01T16:00:00.000000",14.7162990570068
"SH","2026-08-01T17:00:00.000000",14.6388339996338
"SH","2026-08-01T18:00:00.000000",14.7090444564819
"SH","2026-08-01T19:00:00.000000",15.1107864379883
"SH","2026-08-01T20:00:00.000000",15.8391981124878
"SH","2026-08-01T21:00:00.000000",16.0408134460449
"SH","2026-08-01T22:00:00.000000",16.2138977050781
"SH","2026-08-01T23:00:00.000000",16.3725395202637
"SH","2026-08-02T00:00:00.000000",16.4283618927002
"SH","2026-08-02T01:00:00.000000",16.40744972229
"SH","2026-08-02T02:00:00.000000",15.8670320510864
"SH","2026-08-02T03:00:00.000000",15.3438091278076
"SH","2026-08-02T04:00:00.000000",15.1796207427979
"SH","2026-08-02T05:00:00.000000",15.1136360168457
"SH","2026-08-02T06:00:00.000000",15.0982370376587
"SH","2026-08-02T07:00:00.000000",15.1884269714355
"SH","2026-08-02T08:00:00.000000",15.5204906463623
"SH","2026-08-02T09:00:00.000000",15.8269309997559
"SH","2026-08-02T10:00:00.000000",16.202730178833
"SH","2026-08-02T11:00:00.000000",16.4843349456787
"SH","2026-08-02T12:00:00.000000",16.6592273712158
"SH","2026-08-02T13:00:00.000000",16.6063461303711
"SH","2026-08-02T14:00:00.000000",16.1295280456543
"SH","2026-08-02T15:00:00.000000",15.592095375061
"SH","2026-08-02T16:00:00.000000",15.4774312973022
"SH","2026-08-02T17:00:00.000000",15.4022588729858
"SH","2026-08-02T18:00:00.000000",15.3796691894531
"SH","2026-08-02T19:00:00.000000",15.4531698226929
"SH","2026-08-02T20:00:00.000000",15.9528551101685
"SH","2026-08-02T21:00:00.000000",16.2102451324463
"SH","2026-08-02T22:00:00.000000",16.3043537139893
"SH","2026-08-02T23:00:00.000000",16.4850902557373
"SH","2026-08-03T00:00:00.000000",16.6739311218262
"SH","2026-08-03T01:00:00.000000",16.691722869873
"SH","2026-08-03T02:00:00.000000",16.4584140777588
"SH","2026-08-03T03:00:00.000000",15.6171293258667
"SH","2026-08-03T04:00:00.000000",15.3011045455933
"SH","2026-08-03T05:00:00.000000",15.2099599838257
"SH","2026-08-03T06:00:00.000000",15.1688051223755
"SH","2026-08-03T07:00:00.000000",15.1879444122314
"SH","2026-08-03T08:00:00.000000",15.3514394760132
"SH","2026-08-03T09:00:00.000000",15.6190061569214
"SH","2026-08-03T10:00:00.000000",15.8356084823608
"SH","2026-08-03T11:00:00.000000",16.1603050231934
"SH","2026-08-03T12:00:00.000000",16.4510173797607
"SH","2026-08-03T13:00:00.000000",16.4610748291016
"SH","2026-08-03T14:00:00.000000",16.20334815979
"SH","2026-08-03T15:00:00.000000",15.4924964904785
"SH","2026-08-03T16:00:00.000000",14.9642152786255
"SH","2026-08-03T17:00:00.000000",14.8466310501099
"SH","2026-08-03T18:00:00.000000",14.8094635009766
"SH","2026-08-03T19:00:00.000000",14.7986783981323
"SH","2026-08-03T20:00:00.000000",14.7943639755249
"SH","2026-08-03T21:00:00.000000",14.9106702804565
"SH","2026-08-03T22:00:00.000000",15.2304954528809
"SH","2026-08-03T23:00:00.000000",15.6525201797485
"SH","2026-08-04T00:00:00.000000",15.982479095459
"SH","2026-08-04T01:00:00.000000",15.8579940795898
"SH","2026-08-04T02:00:00.000000",15.0882434844971
"SH","2026-08-04T03:00:00.000000",14.7505054473877
"SH","2026-08-04T04:00:00.000000",13.9370107650757
"SH","2026-08-04T05:00:00.000000",13.6421451568604
"SH","2026-08-04T06:00:00.000000",13.5627727508545
"SH","2026-08-04T07:00:00.000000",13.5369663238525
"SH","2026-08-04T08:00:00.000000",13.5486097335815
"SH","2026-08-04T09:00:00.000000",13.6205787658691
"SH","2026-08-04T10:00:00.000000",14.0159978866577
"SH","2026-08-04T11:00:00.000000",14.5469169616699
"SH","2026-08-04T12:00:00.000000",15.0859136581421
"SH","2026-08-04T13:00:00.000000",15.5674352645874
"SH","2026-08-04T14:00:00.000000",15.5962162017822
"SH","2026-08-04T15:00:00.000000",15.2324838638306
"SH","2026-08-04T16:00:00.000000",14.6637201309204
"SH","2026-08-04T17:00:00.000000",14.47802734375
"SH","2026-08-04T18:00:00.000000",14.4078712463379
"SH","2026-08-04T19:00:00.000000",14.3678464889526
"SH","2026-08-04T20:00:00.000000",14.3821039199829
"SH","2026-08-04T21:00:00.000000",14.5059041976929
"SH","2026-08-04T22:00:00.000000",14.8034706115723
"SH","2026-08-04T23:00:00.000000",15.0657339096069
"SH","2026-08-05T00:00:00.000000",15.4297742843628
"SH","2026-08-05T01:00:00.000000",15.8388271331787
"SH","2026-08-05T02:00:00.000000",16.1678676605225
"SH","2026-08-05T03:00:00.000000",16.1167182922363
"SH","2026-08-05T04:00:00.000000",15.3740758895874
"SH","2026-08-05T05:00:00.000000",14.8028964996338
"SH","2026-08-05T06:00:00.000000",14.6863622665405
"SH","2026-08-05T07:00:00.000000",14.6344623565674
"SH","2026-08-05T08:00:00.000000",14.6029510498047
"SH","2026-08-05T09:00:00.000000",14.606237411499
"SH","2026-08-05T10:00:00.000000",14.7238531112671
"SH","2026-08-05T11:00:00.000000",14.8610229492188
"SH","2026-08-05T12:00:00.000000",15.1329832077026
"SH","2026-08-05T13:00:00.000000",15.4521036148071
"SH","2026-08-05T14:00:00.000000",15.7402935028076
"SH","2026-08-05T15:00:00.000000",15.7107229232788
"SH","2026-08-05T16:00:00.000000",15.3412084579468
"SH","2026-08-05T17:00:00.000000",15.1889600753784
"SH","2026-08-05T18:00:00.000000",15.3616619110107
"SH","2026-08-05T19:00:00.000000",15.5195007324219
"SH","2026-08-05T20:00:00.000000",15.5657300949097
"SH","2026-08-05T21:00:00.000000",15.6095170974731
"SH","2026-08-05T22:00:00.000000",15.7640142440796
"SH","2026-08-05T23:00:00.000000",15.7202548980713
"SH","2026-08-06T00:00:00.000000",15.6378564834595
"SH","2026-08-06T01:00:00.000000",15.7007341384888
"SH","2026-08-06T02:00:00.000000",15.8846254348755
"SH","2026-08-06T03:00:00.000000",16.0327320098877
"SH","2026-08-06T04:00:00.000000",15.9331140518188
"SH","2026-08-06T05:00:00.000000",15.3720235824585
"SH","2026-08-06T06:00:00.000000",14.831768989563
"SH","2026-08-06T07:00:00.000000",14.5926914215088
"SH","2026-08-06T08:00:00.000000",14.4753684997559
"SH","2026-08-06T09:00:00.000000",14.45250415802
"SH","2026-08-06T10:00:00.000000",14.5393419265747
"SH","2026-08-06T11:00:00.000000",14.7841291427612
"SH","2026-08-06T12:00:00.000000",15.0276250839233
"SH","2026-08-06T13:00:00.000000",15.2895231246948
"SH","2026-08-06T14:00:00.000000",15.4921588897705
"SH","2026-08-06T15:00:00.000000",15.649790763855
"SH","2026-08-06T16:00:00.000000",15.6072597503662
"SH","2026-08-06T17:00:00.000000",15.2629852294922
"SH","2026-08-06T18:00:00.000000",14.8196315765381
"SH","2026-08-06T19:00:00.000000",14.6015605926514
"SH","2026-08-06T20:00:00.000000",14.4745073318481
"SH","2026-08-06T21:00:00.000000",14.4225597381592
"SH","2026-08-06T22:00:00.000000",14.4898309707642
"SH","2026-08-06T23:00:00.000000",14.7690668106079
"SH","2026-08-07T00:00:00.000000",14.9770469665527
"SH","2026-08-07T01:00:00.000000",15.1305179595947
"SH","2026-08-07T02:00:00.000000",15.4633197784424
"SH","2026-08-07T03:00:00.000000",15.8206949234009
"SH","2026-08-07T04:00:00.000000",15.9789228439331
"SH","2026-08-07T05:00:00.000000",15.870044708252
"SH","2026-08-07T06:00:00.000000",15.0971221923828
"SH","2026-08-07T07:00:00.000000",14.443263053894
"SH","2026-08-07T08:00:00.000000",14.1836938858032
"SH","2026-08-07T09:00:00.000000",14.0476999282837
"SH","2026-08-07T10:00:00.000000",13.9985494613647
"SH","2026-08-07T11:00:00.000000",14.0833263397217
"SH","2026-08-07T12:00:00.000000",14.3417253494263
"SH","2026-08-07T13:00:00.000000",14.6384897232056
"SH","2026-08-07T14:00:00.000000",14.933629989624
"SH","2026-08-07T15:00:00.000000",15.1860628128052
"SH","2026-08-07T16:00:00.000000",15.3440246582031
"SH","2026-08-07T17:00:00.000000",15.2863321304321
"SH","2026-08-07T18:00:00.000000",15.0082674026489
"SH","2026-08-07T19:00:00.000000",14.6162157058716
"SH","2026-08-07T20:00:00.000000",14.4607372283936
"SH","2026-08-07T21:00:00.000000",14.3467674255371
"SH","2026-08-07T22:00:00.000000",14.317587852478
"SH","2026-08-07T23:00:00.000000",14.422737121582
"SH","2026-08-08T00:00:00.000000",14.7686395645142
"WB","2026-07-31T00:00:00.000000",17.3162651062012
"WB","2026-07-31T01:00:00.000000",17.310525894165
"WB","2026-07-31T02:00:00.000000",17.3053131103516
"WB","2026-07-31T03:00:00.000000",17.2938442230225
"WB","2026-07-31T04:00:00.000000",17.297924041748
"WB","2026-07-31T05:00:00.000000",17.3069896697998
"WB","2026-07-31T06:00:00.000000",17.3447265625
"WB","2026-07-31T07:00:00.000000",17.4152030944824
"WB","2026-07-31T08:00:00.000000",17.4642162322998
"WB","2026-07-31T09:00:00.000000",17.4970188140869
"WB","2026-07-31T10:00:00.000000",17.4904689788818
"WB","2026-07-31T11:00:00.000000",17.3838329315186
"WB","2026-07-31T12:00:00.000000",17.246524810791
"WB","2026-07-31T13:00:00.000000",17.1629219055176
"WB","2026-07-31T14:00:00.000000",17.0695953369141
"WB","2026-07-31T15:00:00.000000",16.9628639221191
"WB","2026-07-31T16:00:00.000000",16.8772792816162
"WB","2026-07-31T17:00:00.000000",16.8269691467285
"WB","2026-07-31T18:00:00.000000",16.8417530059814
"WB","2026-07-31T19:00:00.000000",16.9141311645508
"WB","2026-07-31T20:00:00.000000",17.0049514770508
"WB","2026-07-31T21:00:00.000000",17.0963191986084
"WB","2026-07-31T22:00:00.000000",17.1720867156982
"WB","2026-07-31T23:00:00.000000",17.2210998535156
"WB","2026-08-01T00:00:00.000000",17.2050819396973
"WB","2026-08-01T01:00:00.000000",17.2317085266113
"WB","2026-08-01T02:00:00.000000",17.2149486541748
"WB","2026-08-01T03:00:00.000000",17.1572036743164
"WB","2026-08-01T04:00:00.000000",17.0817375183105
"WB","2026-08-01T05:00:00.000000",17.0469932556152
"WB","2026-08-01T06:00:00.000000",17.0396308898926
"WB","2026-08-01T07:00:00.000000",17.0525283813477
"WB","2026-08-01T08:00:00.000000",17.0667934417725
"WB","2026-08-01T09:00:00.000000",17.063756942749
"WB","2026-08-01T10:00:00.000000",17.0579566955566
"WB","2026-08-01T11:00:00.000000",17.0326042175293
"WB","2026-08-01T12:00:00.000000",16.9484786987305
"WB","2026-08-01T13:00:00.000000",16.8745250701904
"WB","2026-08-01T14:00:00.000000",16.8459072113037
"WB","2026-08-01T15:00:00.000000",16.8243942260742
"WB","2026-08-01T16:00:00.000000",16.8146495819092
"WB","2026-08-01T17:00:00.000000",16.8212928771973
"WB","2026-08-01T18:00:00.000000",16.8637065887451
"WB","2026-08-01T19:00:00.000000",17.0219020843506
"WB","2026-08-01T20:00:00.000000",17.3653125762939
"WB","2026-08-01T21:00:00.000000",17.557445526123
"WB","2026-08-01T22:00:00.000000",17.6826515197754
"WB","2026-08-01T23:00:00.000000",17.8093242645264
"WB","2026-08-02T00:00:00.000000",17.8792476654053
"WB","2026-08-02T01:00:00.000000",17.8271751403809
"WB","2026-08-02T02:00:00.000000",17.707986831665
"WB","2026-08-02T03:00:00.000000",17.5845851898193
"WB","2026-08-02T04:00:00.000000",17.4551162719727
"WB","2026-08-02T05:00:00.000000",17.3421020507812
"WB","2026-08-02T06:00:00.000000",17.2719860076904
"WB","2026-08-02T07:00:00.000000",17.2506294250488
"WB","2026-08-02T08:00:00.000000",17.312593460083
"WB","2026-08-02T09:00:00.000000",17.4356441497803
"WB","2026-08-02T10:00:00.000000",17.54345703125
"WB","2026-08-02T11:00:00.000000",17.5772132873535
"WB","2026-08-02T12:00:00.000000",17.5064086914062
"WB","2026-08-02T13:00:00.000000",17.2900123596191
"WB","2026-08-02T14:00:00.000000",17.0892448425293
"WB","2026-08-02T15:00:00.000000",16.9680404663086
"WB","2026-08-02T16:00:00.000000",16.8933868408203
"WB","2026-08-02T17:00:00.000000",16.8724994659424
"WB","2026-08-02T18:00:00.000000",16.8889217376709
"WB","2026-08-02T19:00:00.000000",16.9811687469482
"WB","2026-08-02T20:00:00.000000",17.5884246826172
"WB","2026-08-02T21:00:00.000000",18.0311660766602
"WB","2026-08-02T22:00:00.000000",18.2466659545898
"WB","2026-08-02T23:00:00.000000",18.4175758361816
"WB","2026-08-03T00:00:00.000000",18.4872035980225
"WB","2026-08-03T01:00:00.000000",18.3956813812256
"WB","2026-08-03T02:00:00.000000",18.2278366088867
"WB","2026-08-03T03:00:00.000000",18.0886116027832
"WB","2026-08-03T04:00:00.000000",17.9992809295654
"WB","2026-08-03T05:00:00.000000",17.9717025756836
"WB","2026-08-03T06:00:00.000000",17.9686622619629
"WB","2026-08-03T07:00:00.000000",17.9667510986328
"WB","2026-08-03T08:00:00.000000",18.0892429351807
"WB","2026-08-03T09:00:00.000000",18.1945896148682
"WB","2026-08-03T10:00:00.000000",18.246166229248
"WB","2026-08-03T11:00:00.000000",18.2765693664551
"WB","2026-08-03T12:00:00.000000",18.2983913421631
"WB","2026-08-03T13:00:00.000000",18.2245292663574
"WB","2026-08-03T14:00:00.000000",18.0929584503174
"WB","2026-08-03T15:00:00.000000",18.0381469726562
"WB","2026-08-03T16:00:00.000000",17.9348678588867
"WB","2026-08-03T17:00:00.000000",17.8178749084473
"WB","2026-08-03T18:00:00.000000",17.6844596862793
"WB","2026-08-03T19:00:00.000000",17.5644207000732
"WB","2026-08-03T20:00:00.000000",17.4978847503662
"WB","2026-08-03T21:00:00.000000",17.521110534668
"WB","2026-08-03T22:00:00.000000",18.0235462188721
"WB","2026-08-03T23:00:00.000000",18.0237121582031
"WB","2026-08-04T00:00:00.000000",17.8550662994385
"WB","2026-08-04T01:00:00.000000",17.5654621124268
"WB","2026-08-04T02:00:00.000000",17.290132522583
"WB","2026-08-04T03:00:00.000000",17.1009578704834
"WB","2026-08-04T04:00:00.000000",16.8272247314453
"WB","2026-08-04T05:00:00.000000",16.5668258666992
"WB","2026-08-04T06:00:00.000000",16.4081325531006
"WB","2026-08-04T07:00:00.000000",16.3484897613525
"WB","2026-08-04T08:00:00.000000",16.3699226379395
"WB","2026-08-04T09:00:00.000000",16.4641799926758
"WB","2026-08-04T10:00:00.000000",16.5974216461182
"WB","2026-08-04T11:00:00.000000",16.6061229705811
"WB","2026-08-04T12:00:00.000000",16.587194442749
"WB","2026-08-04T13:00:00.000000",16.5404796600342
"WB","2026-08-04T14:00:00.000000",16.3574886322021
"WB","2026-08-04T15:00:00.000000",16.1118297576904
"WB","2026-08-04T16:00:00.000000",15.8979587554932
"WB","2026-08-04T17:00:00.000000",15.7112445831299
"WB","2026-08-04T18:00:00.000000",15.5832471847534
"WB","2026-08-04T19:00:00.000000",15.5270557403564
"WB","2026-08-04T20:00:00.000000",15.5235414505005
"WB","2026-08-04T21:00:00.000000",15.5665845870972
"WB","2026-08-04T22:00:00.000000",15.6476240158081
"WB","2026-08-04T23:00:00.000000",15.7129878997803
"WB","2026-08-05T00:00:00.000000",15.8492822647095
"WB","2026-08-05T01:00:00.000000",15.8744440078735
"WB","2026-08-05T02:00:00.000000",15.7527122497559
"WB","2026-08-05T03:00:00.000000",15.5328769683838
"WB","2026-08-05T04:00:00.000000",15.3621311187744
"WB","2026-08-05T05:00:00.000000",15.2052135467529
"WB","2026-08-05T06:00:00.000000",15.0308218002319
"WB","2026-08-05T07:00:00.000000",14.909462928772
"WB","2026-08-05T08:00:00.000000",14.8504476547241
"WB","2026-08-05T09:00:00.000000",14.8597354888916
"WB","2026-08-05T10:00:00.000000",14.9262838363647
"WB","2026-08-05T11:00:00.000000",14.9827346801758
"WB","2026-08-05T12:00:00.000000",15.0055675506592
"WB","2026-08-05T13:00:00.000000",15.0174322128296
"WB","2026-08-05T14:00:00.000000",14.980052947998
"WB","2026-08-05T15:00:00.000000",14.8790311813354
"WB","2026-08-05T16:00:00.000000",14.7646989822388
"WB","2026-08-05T17:00:00.000000",14.7085971832275
"WB","2026-08-05T18:00:00.000000",14.6827764511108
"WB","2026-08-05T19:00:00.000000",14.714150428772
"WB","2026-08-05T20:00:00.000000",14.8472576141357
"WB","2026-08-05T21:00:00.000000",15.3245811462402
"WB","2026-08-05T22:00:00.000000",15.5246152877808
"WB","2026-08-05T23:00:00.000000",15.8044481277466
"WB","2026-08-06T00:00:00.000000",16.0554218292236
"WB","2026-08-06T01:00:00.000000",16.1774215698242
"WB","2026-08-06T02:00:00.000000",16.1402435302734
"WB","2026-08-06T03:00:00.000000",15.9665412902832
"WB","2026-08-06T04:00:00.000000",15.721474647522
"WB","2026-08-06T05:00:00.000000",15.5680541992188
"WB","2026-08-06T06:00:00.000000",15.3689556121826
"WB","2026-08-06T07:00:00.000000",15.1672439575195
"WB","2026-08-06T08:00:00.000000",15.0196466445923
"WB","2026-08-06T09:00:00.000000",14.9464912414551
"WB","2026-08-06T10:00:00.000000",14.9446601867676
"WB","2026-08-06T11:00:00.000000",15.0105895996094
"WB","2026-08-06T12:00:00.000000",15.0645484924316
"WB","2026-08-06T13:00:00.000000",15.0600214004517
"WB","2026-08-06T14:00:00.000000",15.0564260482788
"WB","2026-08-06T15:00:00.000000",15.0103616714478
"WB","2026-08-06T16:00:00.000000",14.875509262085
"WB","2026-08-06T17:00:00.000000",14.7913589477539
"WB","2026-08-06T18:00:00.000000",14.7400321960449
"WB","2026-08-06T19:00:00.000000",14.664116859436
"WB","2026-08-06T20:00:00.000000",14.5883388519287
"WB","2026-08-06T21:00:00.000000",14.5440111160278
"WB","2026-08-06T22:00:00.000000",14.5379228591919
"WB","2026-08-06T23:00:00.000000",14.5860233306885
"WB","2026-08-07T00:00:00.000000",14.6554002761841
"WB","2026-08-07T01:00:00.000000",14.7536849975586
"WB","2026-08-07T02:00:00.000000",14.840630531311
"WB","2026-08-07T03:00:00.000000",14.8577117919922
"WB","2026-08-07T04:00:00.000000",14.7978687286377
"WB","2026-08-07T05:00:00.000000",14.6598920822144
"WB","2026-08-07T06:00:00.000000",14.5576438903809
"WB","2026-08-07T07:00:00.000000",14.4424448013306
"WB","2026-08-07T08:00:00.000000",14.2996397018433
"WB","2026-08-07T09:00:00.000000",14.194149017334
"WB","2026-08-07T10:00:00.000000",14.1379404067993
"WB","2026-08-07T11:00:00.000000",14.1603527069092
"WB","2026-08-07T12:00:00.000000",14.2425346374512
"WB","2026-08-07T13:00:00.000000",14.3147048950195
"WB","2026-08-07T14:00:00.000000",14.346791267395
"WB","2026-08-07T15:00:00.000000",14.3607130050659
"WB","2026-08-07T16:00:00.000000",14.3371801376343
"WB","2026-08-07T17:00:00.000000",14.2203760147095
"WB","2026-08-07T18:00:00.000000",14.0819578170776
"WB","2026-08-07T19:00:00.000000",13.980936050415
"WB","2026-08-07T20:00:00.000000",13.9050741195679
"WB","2026-08-07T21:00:00.000000",13.8302240371704
"WB","2026-08-07T22:00:00.000000",13.7965335845947
"WB","2026-08-07T23:00:00.000000",13.8058385848999
"WB","2026-08-08T00:00:00.000000",13.8830070495605
"CL","2026-07-31T00:00:00.000000",21.3137874603271
"CL","2026-07-31T01:00:00.000000",21.3078002929688
"CL","2026-07-31T02:00:00.000000",21.3066806793213
"CL","2026-07-31T03:00:00.000000",21.3107719421387
"CL","2026-07-31T04:00:00.000000",21.3235321044922
"CL","2026-07-31T05:00:00.000000",21.3158798217773
"CL","2026-07-31T06:00:00.000000",21.2528057098389
"CL","2026-07-31T07:00:00.000000",21.2189388275146
"CL","2026-07-31T08:00:00.000000",21.1479148864746
"CL","2026-07-31T09:00:00.000000",21.2208862304688
"CL","2026-07-31T10:00:00.000000",21.2574710845947
"CL","2026-07-31T11:00:00.000000",21.2576293945312
"CL","2026-07-31T12:00:00.000000",21.258882522583
"CL","2026-07-31T13:00:00.000000",21.2677040100098
"CL","2026-07-31T14:00:00.000000",21.2748947143555
"CL","2026-07-31T15:00:00.000000",21.2787456512451
"CL","2026-07-31T16:00:00.000000",21.2888584136963
"CL","2026-07-31T17:00:00.000000",21.2742443084717
"CL","2026-07-31T18:00:00.000000",21.2004222869873
"CL","2026-07-31T19:00:00.000000",21.1504707336426
"CL","2026-07-31T20:00:00.000000",21.1469573974609
"CL","2026-07-31T21:00:00.000000",21.1707973480225
"CL","2026-07-31T22:00:00.000000",21.3289928436279
"CL","2026-07-31T23:00:00.000000",21.3584747314453
"CL","2026-08-01T00:00:00.000000",21.3770790100098
"CL","2026-08-01T01:00:00.000000",21.378511428833
"CL","2026-08-01T02:00:00.000000",21.3789176940918
"CL","2026-08-01T03:00:00.000000",21.3784599304199
"CL","2026-08-01T04:00:00.000000",21.3773155212402
"CL","2026-08-01T05:00:00.000000",21.3655757904053
"CL","2026-08-01T06:00:00.000000",21.3052463531494
"CL","2026-08-01T07:00:00.000000",21.2296886444092
"CL","2026-08-01T08:00:00.000000",21.1861972808838
"CL","2026-08-01T09:00:00.000000",21.1947746276855
"CL","2026-08-01T10:00:00.000000",21.3574180603027
"CL","2026-08-01T11:00:00.000000",21.3918952941895
"CL","2026-08-01T12:00:00.000000",21.3926372528076
"CL","2026-08-01T13:00:00.000000",21.3890590667725
"CL","2026-08-01T14:00:00.000000",21.3930568695068
"CL","2026-08-01T15:00:00.000000",21.3979740142822
"CL","2026-08-01T16:00:00.000000",21.4130210876465
"CL","2026-08-01T17:00:00.000000",21.4293251037598
"CL","2026-08-01T18:00:00.000000",21.3947925567627
"CL","2026-08-01T19:00:00.000000",21.3070697784424
"CL","2026-08-01T20:00:00.000000",21.269567489624
"CL","2026-08-01T21:00:00.000000",21.2630424499512
"CL","2026-08-01T22:00:00.000000",21.3028259277344
"CL","2026-08-01T23:00:00.000000",21.5213985443115
"CL","2026-08-02T00:00:00.000000",21.5410499572754
"CL","2026-08-02T01:00:00.000000",21.5440769195557
"CL","2026-08-02T02:00:00.000000",21.5276355743408
"CL","2026-08-02T03:00:00.000000",21.5197925567627
"CL","2026-08-02T04:00:00.000000",21.5344905853271
"CL","2026-08-02T05:00:00.000000",21.5361824035645
"CL","2026-08-02T06:00:00.000000",21.5062065124512
"CL","2026-08-02T07:00:00.000000",21.397029876709
"CL","2026-08-02T08:00:00.000000",21.3266906738281
"CL","2026-08-02T09:00:00.000000",21.3310794830322
"CL","2026-08-02T10:00:00.000000",21.3002872467041
"CL","2026-08-02T11:00:00.000000",21.5033702850342
"CL","2026-08-02T12:00:00.000000",21.5078296661377
"CL","2026-08-02T13:00:00.000000",21.4980030059814
"CL","2026-08-02T14:00:00.000000",21.4975166320801
"CL","2026-08-02T15:00:00.000000",21.5035972595215
"CL","2026-08-02T16:00:00.000000",21.5084056854248
"CL","2026-08-02T17:00:00.000000",21.520055770874
"CL","2026-08-02T18:00:00.000000",21.5353698730469
"CL","2026-08-02T19:00:00.000000",21.5102062225342
"CL","2026-08-02T20:00:00.000000",21.4519824981689
"CL","2026-08-02T21:00:00.000000",21.4405422210693
"CL","2026-08-02T22:00:00.000000",21.4041423797607
"CL","2026-08-02T23:00:00.000000",21.5017108917236
"CL","2026-08-03T00:00:00.000000",21.5189876556396
"CL","2026-08-03T01:00:00.000000",21.4938640594482
"CL","2026-08-03T02:00:00.000000",21.4859142303467
"CL","2026-08-03T03:00:00.000000",21.4924449920654
"CL","2026-08-03T04:00:00.000000",21.4954509735107
"CL","2026-08-03T05:00:00.000000",21.4936389923096
"CL","2026-08-03T06:00:00.000000",21.5008678436279
"CL","2026-08-03T07:00:00.000000",21.4924907684326
"CL","2026-08-03T08:00:00.000000",21.4307460784912
"CL","2026-08-03T09:00:00.000000",21.3993625640869
"CL","2026-08-03T10:00:00.000000",21.3805999755859
"CL","2026-08-03T11:00:00.000000",21.4234924316406
"CL","2026-08-03T12:00:00.000000",21.410924911499
"CL","2026-08-03T13:00:00.000000",21.3929080963135
"CL","2026-08-03T14:00:00.000000",21.3993606567383
"CL","2026-08-03T15:00:00.000000",21.4078578948975
"CL","2026-08-03T16:00:00.000000",21.4129810333252
"CL","2026-08-03T17:00:00.000000",21.4174385070801
"CL","2026-08-03T18:00:00.000000",21.4065818786621
"CL","2026-08-03T19:00:00.000000",21.3678855895996
"CL","2026-08-03T20:00:00.000000",21.2767105102539
"CL","2026-08-03T21:00:00.000000",21.2022686004639
"CL","2026-08-03T22:00:00.000000",21.1941070556641
"CL","2026-08-03T23:00:00.000000",21.1728172302246
"CL","2026-08-04T00:00:00.000000",21.3585147857666
"CL","2026-08-04T01:00:00.000000",21.3691444396973
"CL","2026-08-04T02:00:00.000000",21.3549118041992
"CL","2026-08-04T03:00:00.000000",21.3482284545898
"CL","2026-08-04T04:00:00.000000",21.3558578491211
"CL","2026-08-04T05:00:00.000000",21.3554496765137
"CL","2026-08-04T06:00:00.000000",21.3513374328613
"CL","2026-08-04T07:00:00.000000",21.3517265319824
"CL","2026-08-04T08:00:00.000000",21.2570819854736
"CL","2026-08-04T09:00:00.000000",21.1888828277588
"CL","2026-08-04T10:00:00.000000",21.1737022399902
"CL","2026-08-04T11:00:00.000000",21.1690444946289
"CL","2026-08-04T12:00:00.000000",21.1704521179199
"CL","2026-08-04T13:00:00.000000",20.8933181762695
"CL","2026-08-04T14:00:00.000000",20.7679958343506
"CL","2026-08-04T15:00:00.000000",20.6959209442139
"CL","2026-08-04T16:00:00.000000",20.6321773529053
"CL","2026-08-04T17:00:00.000000",20.6317749023438
"CL","2026-08-04T18:00:00.000000",20.765567779541
"CL","2026-08-04T19:00:00.000000",20.874044418335
"CL","2026-08-04T20:00:00.000000",20.950984954834
"CL","2026-08-04T21:00:00.000000",21.0938167572021
"CL","2026-08-04T22:00:00.000000",21.1508674621582
"CL","2026-08-04T23:00:00.000000",21.1822357177734
"CL","2026-08-05T00:00:00.000000",21.1878089904785
"CL","2026-08-05T01:00:00.000000",21.065954208374
"CL","2026-08-05T02:00:00.000000",20.9881992340088
"CL","2026-08-05T03:00:00.000000",20.9375629425049
"CL","2026-08-05T04:00:00.000000",20.9437789916992
"CL","2026-08-05T05:00:00.000000",20.9733047485352
"CL","2026-08-05T06:00:00.000000",20.972993850708
"CL","2026-08-05T07:00:00.000000",20.9640636444092
"CL","2026-08-05T08:00:00.000000",21.008768081665
"CL","2026-08-05T09:00:00.000000",21.1109161376953
"CL","2026-08-05T10:00:00.000000",21.1421298980713
"CL","2026-08-05T11:00:00.000000",21.1492462158203
"CL","2026-08-05T12:00:00.000000",21.1512813568115
"CL","2026-08-05T13:00:00.000000",20.9755249023438
"CL","2026-08-05T14:00:00.000000",20.7178535461426
"CL","2026-08-05T15:00:00.000000",20.6840114593506
"CL","2026-08-05T16:00:00.000000",20.6808071136475
"CL","2026-08-05T17:00:00.000000",20.6831016540527
"CL","2026-08-05T18:00:00.000000",20.6821136474609
"CL","2026-08-05T19:00:00.000000",20.7173557281494
"CL","2026-08-05T20:00:00.000000",20.7224769592285
"CL","2026-08-05T21:00:00.000000",20.7294311523438
"CL","2026-08-05T22:00:00.000000",20.7821769714355
"CL","2026-08-05T23:00:00.000000",20.8426113128662
"CL","2026-08-06T00:00:00.000000",20.9311542510986
"CL","2026-08-06T01:00:00.000000",20.9520111083984
"CL","2026-08-06T02:00:00.000000",20.9344730377197
"CL","2026-08-06T03:00:00.000000",20.9831581115723
"CL","2026-08-06T04:00:00.000000",20.978084564209
"CL","2026-08-06T05:00:00.000000",20.9668235778809
"CL","2026-08-06T06:00:00.000000",20.9512386322021
"CL","2026-08-06T07:00:00.000000",20.9670562744141
"CL","2026-08-06T08:00:00.000000",20.9793243408203
"CL","2026-08-06T09:00:00.000000",20.9615955352783
"CL","2026-08-06T10:00:00.000000",20.9537200927734
"CL","2026-08-06T11:00:00.000000",20.9718647003174
"CL","2026-08-06T12:00:00.000000",20.9838905334473
"CL","2026-08-06T13:00:00.000000",20.9885845184326
"CL","2026-08-06T14:00:00.000000",20.9350528717041
"CL","2026-08-06T15:00:00.000000",20.8591957092285
"CL","2026-08-06T16:00:00.000000",20.8395175933838
"CL","2026-08-06T17:00:00.000000",20.8661804199219
"CL","2026-08-06T18:00:00.000000",20.9219703674316
"CL","2026-08-06T19:00:00.000000",20.9501819610596
"CL","2026-08-06T20:00:00.000000",20.9340858459473
"CL","2026-08-06T21:00:00.000000",20.9018383026123
"CL","2026-08-06T22:00:00.000000",20.8979225158691
"CL","2026-08-06T23:00:00.000000",20.9292640686035
"CL","2026-08-07T00:00:00.000000",20.959903717041
"CL","2026-08-07T01:00:00.000000",20.998779296875
"CL","2026-08-07T02:00:00.000000",21.0172710418701
"CL","2026-08-07T03:00:00.000000",20.8938503265381
"CL","2026-08-07T04:00:00.000000",20.8621120452881
"CL","2026-08-07T05:00:00.000000",20.8531341552734
"CL","2026-08-07T06:00:00.000000",20.8711414337158
"CL","2026-08-07T07:00:00.000000",20.8929138183594
"CL","2026-08-07T08:00:00.000000",20.8760719299316
"CL","2026-08-07T09:00:00.000000",20.8640613555908
"CL","2026-08-07T10:00:00.000000",20.8878898620605
"CL","2026-08-07T11:00:00.000000",20.9714279174805
"CL","2026-08-07T12:00:00.000000",21.0132541656494
"CL","2026-08-07T13:00:00.000000",21.0168228149414
"CL","2026-08-07T14:00:00.000000",21.0177669525146
"CL","2026-08-07T15:00:00.000000",20.8705768585205
"CL","2026-08-07T16:00:00.000000",20.7274017333984
"CL","2026-08-07T17:00:00.000000",20.690788269043
"CL","2026-08-07T18:00:00.000000",20.7117443084717
"CL","2026-08-07T19:00:00.000000",20.7816505432129
"CL","2026-08-07T20:00:00.000000",20.8312034606934
"CL","2026-08-07T21:00:00.000000",20.8054752349854
"CL","2026-08-07T22:00:00.000000",20.7407855987549
"CL","2026-08-07T23:00:00.000000",20.7325248718262
"CL","2026-08-08T00:00:00.000000",20.7776126861572
"FG","2026-07-31T00:00:00.000000",21.8129558563232
"FG","2026-07-31T01:00:00.000000",21.8452224731445
"FG","2026-07-31T02:00:00.000000",21.9366149902344
"FG","2026-07-31T03:00:00.000000",21.9432125091553
"FG","2026-07-31T04:00:00.000000",21.98118019104
"FG","2026-07-31T05:00:00.000000",22.0095157623291
"FG","2026-07-31T06:00:00.000000",22.0326061248779
"FG","2026-07-31T07:00:00.000000",21.798770904541
"FG","2026-07-31T08:00:00.000000",21.8806571960449
"FG","2026-07-31T09:00:00.000000",21.870189666748
"FG","2026-07-31T10:00:00.000000",21.7863502502441
"FG","2026-07-31T11:00:00.000000",21.7360591888428
"FG","2026-07-31T12:00:00.000000",21.749361038208
"FG","2026-07-31T13:00:00.000000",21.7856903076172
"FG","2026-07-31T14:00:00.000000",21.9099540710449
"FG","2026-07-31T15:00:00.000000",21.9735984802246
"FG","2026-07-31T16:00:00.000000",22.0308055877686
"FG","2026-07-31T17:00:00.000000",22.1028518676758
"FG","2026-07-31T18:00:00.000000",22.1429500579834
"FG","2026-07-31T19:00:00.000000",21.8851699829102
"FG","2026-07-31T20:00:00.000000",21.8489398956299
"FG","2026-07-31T21:00:00.000000",21.9324932098389
"FG","2026-07-31T22:00:00.000000",21.938304901123
"FG","2026-07-31T23:00:00.000000",21.9002132415771
"FG","2026-08-01T00:00:00.000000",21.8362197875977
"FG","2026-08-01T01:00:00.000000",21.8109397888184
"FG","2026-08-01T02:00:00.000000",21.9156742095947
"FG","2026-08-01T03:00:00.000000",22.0322189331055
"FG","2026-08-01T04:00:00.000000",22.1081428527832
"FG","2026-08-01T05:00:00.000000",22.1486167907715
"FG","2026-08-01T06:00:00.000000",22.1670913696289
"FG","2026-08-01T07:00:00.000000",22.1102657318115
"FG","2026-08-01T08:00:00.000000",21.8817691802979
"FG","2026-08-01T09:00:00.000000",21.8899765014648
"FG","2026-08-01T10:00:00.000000",21.932258605957
"FG","2026-08-01T11:00:00.000000",21.8188495635986
"FG","2026-08-01T12:00:00.000000",21.75026512146
"FG","2026-08-01T13:00:00.000000",21.7510185241699
"FG","2026-08-01T14:00:00.000000",21.8449668884277
"FG","2026-08-01T15:00:00.000000",21.9864768981934
"FG","2026-08-01T16:00:00.000000",22.0700645446777
"FG","2026-08-01T17:00:00.000000",22.133882522583
"FG","2026-08-01T18:00:00.000000",22.1845245361328
"FG","2026-08-01T19:00:00.000000",22.2134685516357
"FG","2026-08-01T20:00:00.000000",21.9552612304688
"FG","2026-08-01T21:00:00.000000",22.0111961364746
"FG","2026-08-01T22:00:00.000000",22.0456085205078
"FG","2026-08-01T23:00:00.000000",22.0865097045898
"FG","2026-08-02T00:00:00.000000",21.9736728668213
"FG","2026-08-02T01:00:00.000000",21.9029216766357
"FG","2026-08-02T02:00:00.000000",21.8897457122803
"FG","2026-08-02T03:00:00.000000",22.0591259002686
"FG","2026-08-02T04:00:00.000000",22.1400966644287
"FG","2026-08-02T05:00:00.000000",22.176155090332
"FG","2026-08-02T06:00:00.000000",22.1968326568604
"FG","2026-08-02T07:00:00.000000",22.229513168335
"FG","2026-08-02T08:00:00.000000",22.016393661499
"FG","2026-08-02T09:00:00.000000",21.9550151824951
"FG","2026-08-02T10:00:00.000000",22.0315818786621
"FG","2026-08-02T11:00:00.000000",21.9934101104736
"FG","2026-08-02T12:00:00.000000",21.8235168457031
"FG","2026-08-02T13:00:00.000000",21.6434497833252
"FG","2026-08-02T14:00:00.000000",21.6514797210693
"FG","2026-08-02T15:00:00.000000",21.8110065460205
"FG","2026-08-02T16:00:00.000000",22.0280208587646
"FG","2026-08-02T17:00:00.000000",22.1321125030518
"FG","2026-08-02T18:00:00.000000",22.2391014099121
"FG","2026-08-02T19:00:00.000000",22.3119525909424
"FG","2026-08-02T20:00:00.000000",22.2205295562744
"FG","2026-08-02T21:00:00.000000",21.9023933410645
"FG","2026-08-02T22:00:00.000000",21.991189956665
"FG","2026-08-02T23:00:00.000000",22.0472621917725
"FG","2026-08-03T00:00:00.000000",21.774507522583
"FG","2026-08-03T01:00:00.000000",21.7648792266846
"FG","2026-08-03T02:00:00.000000",21.6882247924805
"FG","2026-08-03T03:00:00.000000",21.6987838745117
"FG","2026-08-03T04:00:00.000000",21.9864463806152
"FG","2026-08-03T05:00:00.000000",22.1123695373535
"FG","2026-08-03T06:00:00.000000",22.2123680114746
"FG","2026-08-03T07:00:00.000000",22.2600116729736
"FG","2026-08-03T08:00:00.000000",22.3062705993652
"FG","2026-08-03T09:00:00.000000",21.9488372802734
"FG","2026-08-03T10:00:00.000000",21.9176940917969
"FG","2026-08-03T11:00:00.000000",21.9828395843506
"FG","2026-08-03T12:00:00.000000",21.9559688568115
"FG","2026-08-03T13:00:00.000000",21.8636684417725
"FG","2026-08-03T14:00:00.000000",21.7848739624023
"FG","2026-08-03T15:00:00.000000",21.7918128967285
"FG","2026-08-03T16:00:00.000000",21.9578380584717
"FG","2026-08-03T17:00:00.000000",22.0543651580811
"FG","2026-08-03T18:00:00.000000",22.0772514343262
"FG","2026-08-03T19:00:00.000000",22.1299514770508
"FG","2026-08-03T20:00:00.000000",22.1811656951904
"FG","2026-08-03T21:00:00.000000",22.2016468048096
"FG","2026-08-03T22:00:00.000000",22.0837497711182
"FG","2026-08-03T23:00:00.000000",22.1201286315918
"FG","2026-08-04T00:00:00.000000",22.1615161895752
"FG","2026-08-04T01:00:00.000000",22.0599136352539
"FG","2026-08-04T02:00:00.000000",21.9954853057861
"FG","2026-08-04T03:00:00.000000",22.0242233276367
"FG","2026-08-04T04:00:00.000000",22.1220817565918
"FG","2026-08-04T05:00:00.000000",22.1485290527344
"FG","2026-08-04T06:00:00.000000",22.1225318908691
"FG","2026-08-04T07:00:00.000000",22.1835632324219
"FG","2026-08-04T08:00:00.000000",22.2648048400879
"FG","2026-08-04T09:00:00.000000",22.2898845672607
"FG","2026-08-04T10:00:00.000000",22.13037109375
"FG","2026-08-04T11:00:00.000000",22.1565971374512
"FG","2026-08-04T12:00:00.000000",22.1560153961182
"FG","2026-08-04T13:00:00.000000",21.8807792663574
"FG","2026-08-04T14:00:00.000000",21.6005992889404
"FG","2026-08-04T15:00:00.000000",21.636157989502
"FG","2026-08-04T16:00:00.000000",21.7853717803955
"FG","2026-08-04T17:00:00.000000",22.0208168029785
"FG","2026-08-04T18:00:00.000000",22.1729793548584
"FG","2026-08-04T19:00:00.000000",22.3058528900146
"FG","2026-08-04T20:00:00.000000",22.4098224639893
"FG","2026-08-04T21:00:00.000000",22.4666805267334
"FG","2026-08-04T22:00:00.000000",22.1356563568115
"FG","2026-08-04T23:00:00.000000",22.0967426300049
"FG","2026-08-05T00:00:00.000000",22.2980766296387
"FG","2026-08-05T01:00:00.000000",22.0764465332031
"FG","2026-08-05T02:00:00.000000",22.0609569549561
"FG","2026-08-05T03:00:00.000000",21.9578971862793
"FG","2026-08-05T04:00:00.000000",21.9389419555664
"FG","2026-08-05T05:00:00.000000",22.1760597229004
"FG","2026-08-05T06:00:00.000000",22.3284206390381
"FG","2026-08-05T07:00:00.000000",22.4202575683594
"FG","2026-08-05T08:00:00.000000",22.476634979248
"FG","2026-08-05T09:00:00.000000",22.5163230895996
"FG","2026-08-05T10:00:00.000000",22.3376998901367
"FG","2026-08-05T11:00:00.000000",22.1152229309082
"FG","2026-08-05T12:00:00.000000",22.2202072143555
"FG","2026-08-05T13:00:00.000000",22.2163887023926
"FG","2026-08-05T14:00:00.000000",21.962947845459
"FG","2026-08-05T15:00:00.000000",21.7231540679932
"FG","2026-08-05T16:00:00.000000",21.6718502044678
"FG","2026-08-05T17:00:00.000000",21.7633571624756
"FG","2026-08-05T18:00:00.000000",22.0443286895752
"FG","2026-08-05T19:00:00.000000",22.1817264556885
"FG","2026-08-05T20:00:00.000000",22.329345703125
"FG","2026-08-05T21:00:00.000000",22.436975479126
"FG","2026-08-05T22:00:00.000000",22.4792613983154
"FG","2026-08-05T23:00:00.000000",22.0532321929932
"FG","2026-08-06T00:00:00.000000",22.1672058105469
"FG","2026-08-06T01:00:00.000000",22.3154563903809
"FG","2026-08-06T02:00:00.000000",22.0362510681152
"FG","2026-08-06T03:00:00.000000",22.0803909301758
"FG","2026-08-06T04:00:00.000000",21.9636650085449
"FG","2026-08-06T05:00:00.000000",21.9748134613037
"FG","2026-08-06T06:00:00.000000",22.2454929351807
"FG","2026-08-06T07:00:00.000000",22.3933658599854
"FG","2026-08-06T08:00:00.000000",22.5175971984863
"FG","2026-08-06T09:00:00.000000",22.5841693878174
"FG","2026-08-06T10:00:00.000000",22.6450462341309
"FG","2026-08-06T11:00:00.000000",22.3291835784912
"FG","2026-08-06T12:00:00.000000",22.1258525848389
"FG","2026-08-06T13:00:00.000000",22.324800491333
"FG","2026-08-06T14:00:00.000000",22.2808094024658
"FG","2026-08-06T15:00:00.000000",22.2857971191406
"FG","2026-08-06T16:00:00.000000",22.0595378875732
"FG","2026-08-06T17:00:00.000000",21.9269580841064
"FG","2026-08-06T18:00:00.000000",21.9665775299072
"FG","2026-08-06T19:00:00.000000",22.2267036437988
"FG","2026-08-06T20:00:00.000000",22.4368019104004
"FG","2026-08-06T21:00:00.000000",22.5518360137939
"FG","2026-08-06T22:00:00.000000",22.6419658660889
"FG","2026-08-06T23:00:00.000000",22.6718711853027
"FG","2026-08-07T00:00:00.000000",22.2809906005859
"FG","2026-08-07T01:00:00.000000",22.460657119751
"FG","2026-08-07T02:00:00.000000",22.6048603057861
"FG","2026-08-07T03:00:00.000000",22.1611824035645
"FG","2026-08-07T04:00:00.000000",22.1478118896484
"FG","2026-08-07T05:00:00.000000",22.1087913513184
"FG","2026-08-07T06:00:00.000000",22.1325798034668
"FG","2026-08-07T07:00:00.000000",22.4052734375
"FG","2026-08-07T08:00:00.000000",22.5595798492432
"FG","2026-08-07T09:00:00.000000",22.6366729736328
"FG","2026-08-07T10:00:00.000000",22.6975479125977
"FG","2026-08-07T11:00:00.000000",22.7387390136719
"FG","2026-08-07T12:00:00.000000",22.5960388183594
"FG","2026-08-07T13:00:00.000000",22.2866687774658
"FG","2026-08-07T14:00:00.000000",22.3912315368652
"FG","2026-08-07T15:00:00.000000",22.4229049682617
"FG","2026-08-07T16:00:00.000000",22.4332313537598
"FG","2026-08-07T17:00:00.000000",22.2119903564453
"FG","2026-08-07T18:00:00.000000",22.0536231994629
"FG","2026-08-07T19:00:00.000000",22.0459365844727
"FG","2026-08-07T20:00:00.000000",22.3321990966797
"FG","2026-08-07T21:00:00.000000",22.5464210510254
"FG","2026-08-07T22:00:00.000000",22.627613067627
"FG","2026-08-07T23:00:00.000000",22.7147750854492
"FG","2026-08-08T00:00:00.000000",22.7437763214111
"GI","2026-07-31T00:00:00.000000",21.3231182098389
"GI","2026-07-31T01:00:00.000000",21.3225936889648
"GI","2026-07-31T02:00:00.000000",21.3237609863281
"GI","2026-07-31T03:00:00.000000",21.2935161590576
"GI","2026-07-31T04:00:00.000000",21.1608467102051
"GI","2026-07-31T05:00:00.000000",21.0968647003174
"GI","2026-07-31T06:00:00.000000",21.0573272705078
"GI","2026-07-31T07:00:00.000000",21.0526371002197
"GI","2026-07-31T08:00:00.000000",21.0230503082275
"GI","2026-07-31T09:00:00.000000",21.0454902648926
"GI","2026-07-31T10:00:00.000000",21.055212020874
"GI","2026-07-31T11:00:00.000000",21.1433486938477
"GI","2026-07-31T12:00:00.000000",21.2216472625732
"GI","2026-07-31T13:00:00.000000",21.2415256500244
"GI","2026-07-31T14:00:00.000000",21.2512359619141
"GI","2026-07-31T15:00:00.000000",21.2398548126221
"GI","2026-07-31T16:00:00.000000",21.1563606262207
"GI","2026-07-31T17:00:00.000000",21.1040058135986
"GI","2026-07-31T18:00:00.000000",21.0656929016113
"GI","2026-07-31T19:00:00.000000",21.0762538909912
"GI","2026-07-31T20:00:00.000000",21.020601272583
"GI","2026-07-31T21:00:00.000000",20.9746685028076
"GI","2026-07-31T22:00:00.000000",21.0619983673096
"GI","2026-07-31T23:00:00.000000",21.203670501709
"GI","2026-08-01T00:00:00.000000",21.3174209594727
"GI","2026-08-01T01:00:00.000000",21.3483810424805
"GI","2026-08-01T02:00:00.000000",21.3578338623047
"GI","2026-08-01T03:00:00.000000",21.3534374237061
"GI","2026-08-01T04:00:00.000000",21.2896366119385
"GI","2026-08-01T05:00:00.000000",21.1882133483887
"GI","2026-08-01T06:00:00.000000",21.1208572387695
"GI","2026-08-01T07:00:00.000000",21.0968399047852
"GI","2026-08-01T08:00:00.000000",21.0813179016113
"GI","2026-08-01T09:00:00.000000",21.0897998809814
"GI","2026-08-01T10:00:00.000000",21.0951232910156
"GI","2026-08-01T11:00:00.000000",21.1698226928711
"GI","2026-08-01T12:00:00.000000",21.3247528076172
"GI","2026-08-01T13:00:00.000000",21.3744239807129
"GI","2026-08-01T14:00:00.000000",21.3883686065674
"GI","2026-08-01T15:00:00.000000",21.3956203460693
"GI","2026-08-01T16:00:00.000000",21.3637733459473
"GI","2026-08-01T17:00:00.000000",21.2687835693359
"GI","2026-08-01T18:00:00.000000",21.2074966430664
"GI","2026-08-01T19:00:00.000000",21.173791885376
"GI","2026-08-01T20:00:00.000000",21.1599960327148
"GI","2026-08-01T21:00:00.000000",21.1582527160645
"GI","2026-08-01T22:00:00.000000",21.1350116729736
"GI","2026-08-01T23:00:00.000000",21.228235244751
"GI","2026-08-02T00:00:00.000000",21.4051189422607
"GI","2026-08-02T01:00:00.000000",21.5052356719971
"GI","2026-08-02T02:00:00.000000",21.5241661071777
"GI","2026-08-02T03:00:00.000000",21.5238094329834
"GI","2026-08-02T04:00:00.000000",21.5083503723145
"GI","2026-08-02T05:00:00.000000",21.3818321228027
"GI","2026-08-02T06:00:00.000000",21.2823791503906
"GI","2026-08-02T07:00:00.000000",21.2333011627197
"GI","2026-08-02T08:00:00.000000",21.2111186981201
"GI","2026-08-02T09:00:00.000000",21.211498260498
"GI","2026-08-02T10:00:00.000000",21.1914100646973
"GI","2026-08-02T11:00:00.000000",21.2264804840088
"GI","2026-08-02T12:00:00.000000",21.3550415039062
"GI","2026-08-02T13:00:00.000000",21.4800090789795
"GI","2026-08-02T14:00:00.000000",21.4997825622559
"GI","2026-08-02T15:00:00.000000",21.5023136138916
"GI","2026-08-02T16:00:00.000000",21.5095329284668
"GI","2026-08-02T17:00:00.000000",21.4888515472412
"GI","2026-08-02T18:00:00.000000",21.3978729248047
"GI","2026-08-02T19:00:00.000000",21.342357635498
"GI","2026-08-02T20:00:00.000000",21.3129367828369
"GI","2026-08-02T21:00:00.000000",21.3249530792236
"GI","2026-08-02T22:00:00.000000",21.302698135376
"GI","2026-08-02T23:00:00.000000",21.3264636993408
"GI","2026-08-03T00:00:00.000000",21.3943004608154
"GI","2026-08-03T01:00:00.000000",21.4919281005859
"GI","2026-08-03T02:00:00.000000",21.5066528320312
"GI","2026-08-03T03:00:00.000000",21.5013160705566
"GI","2026-08-03T04:00:00.000000",21.5037364959717
"GI","2026-08-03T05:00:00.000000",21.5047931671143
"GI","2026-08-03T06:00:00.000000",21.4458656311035
"GI","2026-08-03T07:00:00.000000",21.3734760284424
"GI","2026-08-03T08:00:00.000000",21.3024005889893
"GI","2026-08-03T09:00:00.000000",21.2552890777588
"GI","2026-08-03T10:00:00.000000",21.2230949401855
"GI","2026-08-03T11:00:00.000000",21.1815967559814
"GI","2026-08-03T12:00:00.000000",21.2308616638184
"GI","2026-08-03T13:00:00.000000",21.3544178009033
"GI","2026-08-03T14:00:00.000000",21.3840599060059
"GI","2026-08-03T15:00:00.000000",21.3933525085449
"GI","2026-08-03T16:00:00.000000",21.4029541015625
"GI","2026-08-03T17:00:00.000000",21.3987655639648
"GI","2026-08-03T18:00:00.000000",21.3635063171387
"GI","2026-08-03T19:00:00.000000",21.2821311950684
"GI","2026-08-03T20:00:00.000000",21.2198505401611
"GI","2026-08-03T21:00:00.000000",21.1773986816406
"GI","2026-08-03T22:00:00.000000",21.1534996032715
"GI","2026-08-03T23:00:00.000000",21.152473449707
"GI","2026-08-04T00:00:00.000000",21.1533164978027
"GI","2026-08-04T01:00:00.000000",21.1556358337402
"GI","2026-08-04T02:00:00.000000",21.2719058990479
"GI","2026-08-04T03:00:00.000000",21.3334274291992
"GI","2026-08-04T04:00:00.000000",21.3479232788086
"GI","2026-08-04T05:00:00.000000",21.3442821502686
"GI","2026-08-04T06:00:00.000000",21.2623863220215
"GI","2026-08-04T07:00:00.000000",21.1801872253418
"GI","2026-08-04T08:00:00.000000",21.1596660614014
"GI","2026-08-04T09:00:00.000000",21.1516609191895
"GI","2026-08-04T10:00:00.000000",21.1496620178223
"GI","2026-08-04T11:00:00.000000",21.1558799743652
"GI","2026-08-04T12:00:00.000000",21.1596622467041
"GI","2026-08-04T13:00:00.000000",21.1841678619385
"GI","2026-08-04T14:00:00.000000",21.0819339752197
"GI","2026-08-04T15:00:00.000000",20.947265625
"GI","2026-08-04T16:00:00.000000",20.9078826904297
"GI","2026-08-04T17:00:00.000000",20.8910026550293
"GI","2026-08-04T18:00:00.000000",20.9625072479248
"GI","2026-08-04T19:00:00.000000",21.1000995635986
"GI","2026-08-04T20:00:00.000000",21.1648921966553
"GI","2026-08-04T21:00:00.000000",21.183422088623
"GI","2026-08-04T22:00:00.000000",21.1872787475586
"GI","2026-08-04T23:00:00.000000",21.20237159729
"GI","2026-08-05T00:00:00.000000",21.1973533630371
"GI","2026-08-05T01:00:00.000000",21.176326751709
"GI","2026-08-05T02:00:00.000000",21.1615390777588
"GI","2026-08-05T03:00:00.000000",21.0904865264893
"GI","2026-08-05T04:00:00.000000",21.0431613922119
"GI","2026-08-05T05:00:00.000000",21.0191879272461
"GI","2026-08-05T06:00:00.000000",21.0377292633057
"GI","2026-08-05T07:00:00.000000",21.1107501983643
"GI","2026-08-05T08:00:00.000000",21.1501045227051
"GI","2026-08-05T09:00:00.000000",21.1619815826416
"GI","2026-08-05T10:00:00.000000",21.1737213134766
"GI","2026-08-05T11:00:00.000000",21.16530418396
"GI","2026-08-05T12:00:00.000000",21.1519660949707
"GI","2026-08-05T13:00:00.000000",21.1463108062744
"GI","2026-08-05T14:00:00.000000",21.1354427337646
"GI","2026-08-05T15:00:00.000000",20.8861923217773
"GI","2026-08-05T16:00:00.000000",20.7493839263916
"GI","2026-08-05T17:00:00.000000",20.7178249359131
"GI","2026-08-05T18:00:00.000000",20.717098236084
"GI","2026-08-05T19:00:00.000000",20.721076965332
"GI","2026-08-05T20:00:00.000000",20.8463611602783
"GI","2026-08-05T21:00:00.000000",20.938404083252
"GI","2026-08-05T22:00:00.000000",20.9873638153076
"GI","2026-08-05T23:00:00.000000",21.0014476776123
"GI","2026-08-06T00:00:00.000000",21.0245513916016
"GI","2026-08-06T01:00:00.000000",21.0322647094727
"GI","2026-08-06T02:00:00.000000",20.9601936340332
"GI","2026-08-06T03:00:00.000000",20.9314708709717
"GI","2026-08-06T04:00:00.000000",20.9306373596191
"GI","2026-08-06T05:00:00.000000",20.9571571350098
"GI","2026-08-06T06:00:00.000000",20.9653968811035
"GI","2026-08-06T07:00:00.000000",20.9520301818848
"GI","2026-08-06T08:00:00.000000",20.9492664337158
"GI","2026-08-06T09:00:00.000000",20.9666519165039
"GI","2026-08-06T10:00:00.000000",20.9861125946045
"GI","2026-08-06T11:00:00.000000",21.0531196594238
"GI","2026-08-06T12:00:00.000000",21.0067863464355
"GI","2026-08-06T13:00:00.000000",21.0068111419678
"GI","2026-08-06T14:00:00.000000",21.0085620880127
"GI","2026-08-06T15:00:00.000000",20.9763107299805
"GI","2026-08-06T16:00:00.000000",20.9319248199463
"GI","2026-08-06T17:00:00.000000",20.8944816589355
"GI","2026-08-06T18:00:00.000000",20.889835357666
"GI","2026-08-06T19:00:00.000000",20.8945789337158
"GI","2026-08-06T20:00:00.000000",20.8973789215088
"GI","2026-08-06T21:00:00.000000",20.9261131286621
"GI","2026-08-06T22:00:00.000000",20.9722709655762
"GI","2026-08-06T23:00:00.000000",20.9909000396729
"GI","2026-08-07T00:00:00.000000",20.9977493286133
"GI","2026-08-07T01:00:00.000000",21.0047359466553
"GI","2026-08-07T02:00:00.000000",21.0025482177734
"GI","2026-08-07T03:00:00.000000",20.9955291748047
"GI","2026-08-07T04:00:00.000000",20.9908332824707
"GI","2026-08-07T05:00:00.000000",20.9515628814697
"GI","2026-08-07T06:00:00.000000",20.9091377258301
"GI","2026-08-07T07:00:00.000000",20.8970565795898
"GI","2026-08-07T08:00:00.000000",20.9187812805176
"GI","2026-08-07T09:00:00.000000",20.9659004211426
"GI","2026-08-07T10:00:00.000000",21.0005626678467
"GI","2026-08-07T11:00:00.000000",21.0099334716797
"GI","2026-08-07T12:00:00.000000",21.0699081420898
"GI","2026-08-07T13:00:00.000000",21.0296001434326
"GI","2026-08-07T14:00:00.000000",21.0313358306885
"GI","2026-08-07T15:00:00.000000",21.0397357940674
"GI","2026-08-07T16:00:00.000000",21.0136814117432
"GI","2026-08-07T17:00:00.000000",20.8575057983398
"GI","2026-08-07T18:00:00.000000",20.7658443450928
"GI","2026-08-07T19:00:00.000000",20.7443332672119
"GI","2026-08-07T20:00:00.000000",20.7439422607422
"GI","2026-08-07T21:00:00.000000",20.7424335479736
"GI","2026-08-07T22:00:00.000000",20.7636470794678
"GI","2026-08-07T23:00:00.000000",20.8639087677002
"GI","2026-08-08T00:00:00.000000",20.9163837432861
"JB","2026-07-31T00:00:00.000000",21.5917224884033
"JB","2026-07-31T01:00:00.000000",21.5577430725098
"JB","2026-07-31T02:00:00.000000",21.6727561950684
"JB","2026-07-31T03:00:00.000000",21.8001651763916
"JB","2026-07-31T04:00:00.000000",21.8022632598877
"JB","2026-07-31T05:00:00.000000",21.7325401306152
"JB","2026-07-31T06:00:00.000000",21.693941116333
"JB","2026-07-31T07:00:00.000000",21.7601661682129
"JB","2026-07-31T08:00:00.000000",21.776819229126
"JB","2026-07-31T09:00:00.000000",21.7054862976074
"JB","2026-07-31T10:00:00.000000",21.713077545166
"JB","2026-07-31T11:00:00.000000",21.7514820098877
"JB","2026-07-31T12:00:00.000000",21.6916217803955
"JB","2026-07-31T13:00:00.000000",21.590991973877
"JB","2026-07-31T14:00:00.000000",21.5832195281982
"JB","2026-07-31T15:00:00.000000",21.7830047607422
"JB","2026-07-31T16:00:00.000000",21.822208404541
"JB","2026-07-31T17:00:00.000000",21.7401123046875
"JB","2026-07-31T18:00:00.000000",21.6824436187744
"JB","2026-07-31T19:00:00.000000",21.6950149536133
"JB","2026-07-31T20:00:00.000000",21.917329788208
"JB","2026-07-31T21:00:00.000000",21.7970657348633
"JB","2026-07-31T22:00:00.000000",21.6894760131836
"JB","2026-07-31T23:00:00.000000",21.6488857269287
"JB","2026-08-01T00:00:00.000000",21.6186962127686
"JB","2026-08-01T01:00:00.000000",21.5614967346191
"JB","2026-08-01T02:00:00.000000",21.5397281646729
"JB","2026-08-01T03:00:00.000000",21.7262287139893
"JB","2026-08-01T04:00:00.000000",21.7728385925293
"JB","2026-08-01T05:00:00.000000",21.752513885498
"JB","2026-08-01T06:00:00.000000",21.6826591491699
"JB","2026-08-01T07:00:00.000000",21.6856422424316
"JB","2026-08-01T08:00:00.000000",21.8196411132812
"JB","2026-08-01T09:00:00.000000",21.8350944519043
"JB","2026-08-01T10:00:00.000000",21.7785053253174
"JB","2026-08-01T11:00:00.000000",21.732141494751
"JB","2026-08-01T12:00:00.000000",21.690896987915
"JB","2026-08-01T13:00:00.000000",21.6285247802734
"JB","2026-08-01T14:00:00.000000",21.5826873779297
"JB","2026-08-01T15:00:00.000000",21.5774211883545
"JB","2026-08-01T16:00:00.000000",21.8084030151367
"JB","2026-08-01T17:00:00.000000",21.837007522583
"JB","2026-08-01T18:00:00.000000",21.7130317687988
"JB","2026-08-01T19:00:00.000000",21.7199440002441
"JB","2026-08-01T20:00:00.000000",21.7794914245605
"JB","2026-08-01T21:00:00.000000",21.8560409545898
"JB","2026-08-01T22:00:00.000000",21.822437286377
"JB","2026-08-01T23:00:00.000000",21.7711849212646
"JB","2026-08-02T00:00:00.000000",21.7216758728027
"JB","2026-08-02T01:00:00.000000",21.6535167694092
"JB","2026-08-02T02:00:00.000000",21.6136569976807
"JB","2026-08-02T03:00:00.000000",21.5894603729248
"JB","2026-08-02T04:00:00.000000",21.8228168487549
"JB","2026-08-02T05:00:00.000000",21.8338718414307
"JB","2026-08-02T06:00:00.000000",21.7344360351562
"JB","2026-08-02T07:00:00.000000",21.6971588134766
"JB","2026-08-02T08:00:00.000000",21.835765838623
"JB","2026-08-02T09:00:00.000000",21.8995208740234
"JB","2026-08-02T10:00:00.000000",21.8983745574951
"JB","2026-08-02T11:00:00.000000",21.8217086791992
"JB","2026-08-02T12:00:00.000000",21.7460746765137
"JB","2026-08-02T13:00:00.000000",21.6444625854492
"JB","2026-08-02T14:00:00.000000",21.6325073242188
"JB","2026-08-02T15:00:00.000000",21.5685787200928
"JB","2026-08-02T16:00:00.000000",21.5660533905029
"JB","2026-08-02T17:00:00.000000",21.841968536377
"JB","2026-08-02T18:00:00.000000",21.7973194122314
"JB","2026-08-02T19:00:00.000000",21.6366481781006
"JB","2026-08-02T20:00:00.000000",21.6779613494873
"JB","2026-08-02T21:00:00.000000",21.8623905181885
"JB","2026-08-02T22:00:00.000000",21.8733444213867
"JB","2026-08-02T23:00:00.000000",21.8047847747803
"JB","2026-08-03T00:00:00.000000",21.7521381378174
"JB","2026-08-03T01:00:00.000000",21.5212078094482
"JB","2026-08-03T02:00:00.000000",21.5305652618408
"JB","2026-08-03T03:00:00.000000",21.5234279632568
"JB","2026-08-03T04:00:00.000000",21.4507751464844
"JB","2026-08-03T05:00:00.000000",21.7932739257812
"JB","2026-08-03T06:00:00.000000",21.7545204162598
"JB","2026-08-03T07:00:00.000000",21.5569305419922
"JB","2026-08-03T08:00:00.000000",21.5907497406006
"JB","2026-08-03T09:00:00.000000",21.7072639465332
"JB","2026-08-03T10:00:00.000000",21.7561378479004
"JB","2026-08-03T11:00:00.000000",21.7393474578857
"JB","2026-08-03T12:00:00.000000",21.7083225250244
"JB","2026-08-03T13:00:00.000000",21.5340423583984
"JB","2026-08-03T14:00:00.000000",21.4882297515869
"JB","2026-08-03T15:00:00.000000",21.5074558258057
"JB","2026-08-03T16:00:00.000000",21.5613880157471
"JB","2026-08-03T17:00:00.000000",21.6959381103516
"JB","2026-08-03T18:00:00.000000",21.7461967468262
"JB","2026-08-03T19:00:00.000000",21.6487846374512
"JB","2026-08-03T20:00:00.000000",21.7158145904541
"JB","2026-08-03T21:00:00.000000",21.8072986602783
"JB","2026-08-03T22:00:00.000000",21.8321228027344
"JB","2026-08-03T23:00:00.000000",21.8739013671875
"JB","2026-08-04T00:00:00.000000",21.870569229126
"JB","2026-08-04T01:00:00.000000",21.8467807769775
"JB","2026-08-04T02:00:00.000000",21.9121322631836
"JB","2026-08-04T03:00:00.000000",21.869457244873
"JB","2026-08-04T04:00:00.000000",21.8296318054199
"JB","2026-08-04T05:00:00.000000",21.8220672607422
"JB","2026-08-04T06:00:00.000000",22.0820808410645
"JB","2026-08-04T07:00:00.000000",22.0971298217773
"JB","2026-08-04T08:00:00.000000",21.9865703582764
"JB","2026-08-04T09:00:00.000000",22.0126152038574
"JB","2026-08-04T10:00:00.000000",22.1598834991455
"JB","2026-08-04T11:00:00.000000",22.1875305175781
"JB","2026-08-04T12:00:00.000000",22.0180606842041
"JB","2026-08-04T13:00:00.000000",21.8901596069336
"JB","2026-08-04T14:00:00.000000",21.8335247039795
"JB","2026-08-04T15:00:00.000000",21.7865257263184
"JB","2026-08-04T16:00:00.000000",21.7173900604248
"JB","2026-08-04T17:00:00.000000",21.651029586792
"JB","2026-08-04T18:00:00.000000",21.9583473205566
"JB","2026-08-04T19:00:00.000000",21.9470367431641
"JB","2026-08-04T20:00:00.000000",21.8359203338623
"JB","2026-08-04T21:00:00.000000",21.7307014465332
"JB","2026-08-04T22:00:00.000000",21.8006114959717
"JB","2026-08-04T23:00:00.000000",21.9158535003662
"JB","2026-08-05T00:00:00.000000",21.8899555206299
"JB","2026-08-05T01:00:00.000000",21.9265747070312
"JB","2026-08-05T02:00:00.000000",21.9885025024414
"JB","2026-08-05T03:00:00.000000",21.7224540710449
"JB","2026-08-05T04:00:00.000000",21.6613616943359
"JB","2026-08-05T05:00:00.000000",21.6835479736328
"JB","2026-08-05T06:00:00.000000",21.8950710296631
"JB","2026-08-05T07:00:00.000000",21.9361820220947
"JB","2026-08-05T08:00:00.000000",21.9009914398193
"JB","2026-08-05T09:00:00.000000",21.8152160644531
"JB","2026-08-05T10:00:00.000000",21.8924522399902
"JB","2026-08-05T11:00:00.000000",22.1000194549561
"JB","2026-08-05T12:00:00.000000",22.0150699615479
"JB","2026-08-05T13:00:00.000000",21.8490791320801
"JB","2026-08-05T14:00:00.000000",21.7956504821777
"JB","2026-08-05T15:00:00.000000",21.8289356231689
"JB","2026-08-05T16:00:00.000000",21.7680263519287
"JB","2026-08-05T17:00:00.000000",21.6880531311035
"JB","2026-08-05T18:00:00.000000",21.5987510681152
"JB","2026-08-05T19:00:00.000000",21.8296928405762
"JB","2026-08-05T20:00:00.000000",21.929479598999
"JB","2026-08-05T21:00:00.000000",21.7660903930664
"JB","2026-08-05T22:00:00.000000",21.6359996795654
"JB","2026-08-05T23:00:00.000000",21.7137622833252
"JB","2026-08-06T00:00:00.000000",21.8279933929443
"JB","2026-08-06T01:00:00.000000",21.7905120849609
"JB","2026-08-06T02:00:00.000000",21.8299655914307
"JB","2026-08-06T03:00:00.000000",21.8819274902344
"JB","2026-08-06T04:00:00.000000",21.6361141204834
"JB","2026-08-06T05:00:00.000000",21.5753784179688
"JB","2026-08-06T06:00:00.000000",21.5982856750488
"JB","2026-08-06T07:00:00.000000",21.834831237793
"JB","2026-08-06T08:00:00.000000",21.868989944458
"JB","2026-08-06T09:00:00.000000",21.8231182098389
"JB","2026-08-06T10:00:00.000000",21.7284183502197
"JB","2026-08-06T11:00:00.000000",21.7797412872314
"JB","2026-08-06T12:00:00.000000",21.9512310028076
"JB","2026-08-06T13:00:00.000000",21.8889656066895
"JB","2026-08-06T14:00:00.000000",21.7809162139893
"JB","2026-08-06T15:00:00.000000",21.6953754425049
"JB","2026-08-06T16:00:00.000000",21.5877132415771
"JB","2026-08-06T17:00:00.000000",21.5520172119141
"JB","2026-08-06T18:00:00.000000",21.5467929840088
"JB","2026-08-06T19:00:00.000000",21.4865589141846
"JB","2026-08-06T20:00:00.000000",21.7258453369141
"JB","2026-08-06T21:00:00.000000",21.7478828430176
"JB","2026-08-06T22:00:00.000000",21.6298980712891
"JB","2026-08-06T23:00:00.000000",21.5637683868408
"JB","2026-08-07T00:00:00.000000",21.6298217773438
"JB","2026-08-07T01:00:00.000000",21.6945514678955
"JB","2026-08-07T02:00:00.000000",21.8642883300781
"JB","2026-08-07T03:00:00.000000",21.8825550079346
"JB","2026-08-07T04:00:00.000000",21.870267868042
"JB","2026-08-07T05:00:00.000000",21.8819580078125
"JB","2026-08-07T06:00:00.000000",21.7541046142578
"JB","2026-08-07T07:00:00.000000",21.7175788879395
"JB","2026-08-07T08:00:00.000000",21.9771614074707
"JB","2026-08-07T09:00:00.000000",21.9756908416748
"JB","2026-08-07T10:00:00.000000",21.8851833343506
"JB","2026-08-07T11:00:00.000000",21.7901840209961
"JB","2026-08-07T12:00:00.000000",21.8227252960205
"JB","2026-08-07T13:00:00.000000",21.984188079834
"JB","2026-08-07T14:00:00.000000",21.9430923461914
"JB","2026-08-07T15:00:00.000000",21.8493270874023
"JB","2026-08-07T16:00:00.000000",21.7294292449951
"JB","2026-08-07T17:00:00.000000",21.6518669128418
"JB","2026-08-07T18:00:00.000000",21.618558883667
"JB","2026-08-07T19:00:00.000000",21.6066608428955
"JB","2026-08-07T20:00:00.000000",21.5267868041992
"JB","2026-08-07T21:00:00.000000",21.744800567627
"JB","2026-08-07T22:00:00.000000",21.7931537628174
"JB","2026-08-07T23:00:00.000000",21.755765914917
"JB","2026-08-08T00:00:00.000000",21.6401481628418
NA,"2026-07-31T00:00:00.000000",21.0038776397705
NA,"2026-07-31T01:00:00.000000",21.0139942169189
NA,"2026-07-31T02:00:00.000000",21.0731773376465
NA,"2026-07-31T03:00:00.000000",21.1042289733887
NA,"2026-07-31T04:00:00.000000",21.1124801635742
NA,"2026-07-31T05:00:00.000000",21.1117000579834
NA,"2026-07-31T06:00:00.000000",21.0972232818604
NA,"2026-07-31T07:00:00.000000",21.0694961547852
NA,"2026-07-31T08:00:00.000000",21.0450000762939
NA,"2026-07-31T09:00:00.000000",21.0251274108887
NA,"2026-07-31T10:00:00.000000",21.008638381958
NA,"2026-07-31T11:00:00.000000",21.0002479553223
NA,"2026-07-31T12:00:00.000000",21.0147972106934
NA,"2026-07-31T13:00:00.000000",21.0742378234863
NA,"2026-07-31T14:00:00.000000",21.0876159667969
NA,"2026-07-31T15:00:00.000000",21.0866012573242
NA,"2026-07-31T16:00:00.000000",21.0870914459229
NA,"2026-07-31T17:00:00.000000",21.0878162384033
NA,"2026-07-31T18:00:00.000000",21.0812530517578
NA,"2026-07-31T19:00:00.000000",21.0584812164307
NA,"2026-07-31T20:00:00.000000",21.0361633300781
NA,"2026-07-31T21:00:00.000000",21.0149917602539
NA,"2026-07-31T22:00:00.000000",20.9886207580566
NA,"2026-07-31T23:00:00.000000",20.9838104248047
NA,"2026-08-01T00:00:00.000000",20.9954032897949
NA,"2026-08-01T01:00:00.000000",21.0222492218018
NA,"2026-08-01T02:00:00.000000",21.022611618042
NA,"2026-08-01T03:00:00.000000",21.0235042572021
NA,"2026-08-01T04:00:00.000000",21.0263271331787
NA,"2026-08-01T05:00:00.000000",21.0294704437256
NA,"2026-08-01T06:00:00.000000",21.0322322845459
NA,"2026-08-01T07:00:00.000000",21.0312194824219
NA,"2026-08-01T08:00:00.000000",21.0259799957275
NA,"2026-08-01T09:00:00.000000",21.0204677581787
NA,"2026-08-01T10:00:00.000000",21.0167789459229
NA,"2026-08-01T11:00:00.000000",21.0155372619629
NA,"2026-08-01T12:00:00.000000",21.0184192657471
NA,"2026-08-01T13:00:00.000000",21.0339431762695
NA,"2026-08-01T14:00:00.000000",21.0422458648682
NA,"2026-08-01T15:00:00.000000",21.0367279052734
NA,"2026-08-01T16:00:00.000000",21.0349540710449
NA,"2026-08-01T17:00:00.000000",21.0388565063477
NA,"2026-08-01T18:00:00.000000",21.043815612793
NA,"2026-08-01T19:00:00.000000",21.0481452941895
NA,"2026-08-01T20:00:00.000000",21.0497932434082
NA,"2026-08-01T21:00:00.000000",21.0489654541016
NA,"2026-08-01T22:00:00.000000",21.0484294891357
NA,"2026-08-01T23:00:00.000000",21.0487937927246
NA,"2026-08-02T00:00:00.000000",21.0492992401123
NA,"2026-08-02T01:00:00.000000",21.0503330230713
NA,"2026-08-02T02:00:00.000000",21.0542049407959
NA,"2026-08-02T03:00:00.000000",21.0604610443115
NA,"2026-08-02T04:00:00.000000",21.062816619873
NA,"2026-08-02T05:00:00.000000",21.0573139190674
NA,"2026-08-02T06:00:00.000000",21.05592918396
NA,"2026-08-02T07:00:00.000000",21.0583934783936
NA,"2026-08-02T08:00:00.000000",21.0591640472412
NA,"2026-08-02T09:00:00.000000",21.0581893920898
NA,"2026-08-02T10:00:00.000000",21.0566120147705
NA,"2026-08-02T11:00:00.000000",21.0554656982422
NA,"2026-08-02T12:00:00.000000",21.0556488037109
NA,"2026-08-02T13:00:00.000000",21.0579872131348
NA,"2026-08-02T14:00:00.000000",21.0589904785156
NA,"2026-08-02T15:00:00.000000",21.0397281646729
NA,"2026-08-02T16:00:00.000000",20.9652900695801
NA,"2026-08-02T17:00:00.000000",20.9221324920654
NA,"2026-08-02T18:00:00.000000",20.9192008972168
NA,"2026-08-02T19:00:00.000000",20.930004119873
NA,"2026-08-02T20:00:00.000000",20.9563026428223
NA,"2026-08-02T21:00:00.000000",20.984016418457
NA,"2026-08-02T22:00:00.000000",21.0028629302979
NA,"2026-08-02T23:00:00.000000",21.0168590545654
NA,"2026-08-03T00:00:00.000000",21.0250511169434
NA,"2026-08-03T01:00:00.000000",21.0091285705566
NA,"2026-08-03T02:00:00.000000",20.9575424194336
NA,"2026-08-03T03:00:00.000000",20.9467144012451
NA,"2026-08-03T04:00:00.000000",20.9139823913574
NA,"2026-08-03T05:00:00.000000",20.8710098266602
NA,"2026-08-03T06:00:00.000000",20.8589344024658
NA,"2026-08-03T07:00:00.000000",20.8602333068848
NA,"2026-08-03T08:00:00.000000",20.8485698699951
NA,"2026-08-03T09:00:00.000000",20.8458728790283
NA,"2026-08-03T10:00:00.000000",20.8404293060303
NA,"2026-08-03T11:00:00.000000",20.8351821899414
NA,"2026-08-03T12:00:00.000000",20.8305721282959
NA,"2026-08-03T13:00:00.000000",20.8307876586914
NA,"2026-08-03T14:00:00.000000",20.8332901000977
NA,"2026-08-03T15:00:00.000000",20.8384494781494
NA,"2026-08-03T16:00:00.000000",20.8449440002441
NA,"2026-08-03T17:00:00.000000",20.8466701507568
NA,"2026-08-03T18:00:00.000000",20.8481063842773
NA,"2026-08-03T19:00:00.000000",20.8508167266846
NA,"2026-08-03T20:00:00.000000",20.853458404541
NA,"2026-08-03T21:00:00.000000",20.8545989990234
NA,"2026-08-03T22:00:00.000000",20.8555965423584
NA,"2026-08-03T23:00:00.000000",20.8565502166748
NA,"2026-08-04T00:00:00.000000",20.8571815490723
NA,"2026-08-04T01:00:00.000000",20.8573970794678
NA,"2026-08-04T02:00:00.000000",20.8561820983887
NA,"2026-08-04T03:00:00.000000",20.8531513214111
NA,"2026-08-04T04:00:00.000000",20.8519973754883
NA,"2026-08-04T05:00:00.000000",20.8451175689697
NA,"2026-08-04T06:00:00.000000",20.8250675201416
NA,"2026-08-04T07:00:00.000000",20.8090476989746
NA,"2026-08-04T08:00:00.000000",20.8149662017822
NA,"2026-08-04T09:00:00.000000",20.8265285491943
NA,"2026-08-04T10:00:00.000000",20.8318290710449
NA,"2026-08-04T11:00:00.000000",20.833610534668
NA,"2026-08-04T12:00:00.000000",20.8341770172119
NA,"2026-08-04T13:00:00.000000",20.8343162536621
NA,"2026-08-04T14:00:00.000000",20.8327350616455
NA,"2026-08-04T15:00:00.000000",20.8086051940918
NA,"2026-08-04T16:00:00.000000",20.7725925445557
NA,"2026-08-04T17:00:00.000000",20.6082305908203
NA,"2026-08-04T18:00:00.000000",20.4363613128662
NA,"2026-08-04T19:00:00.000000",20.4034175872803
NA,"2026-08-04T20:00:00.000000",20.4110012054443
NA,"2026-08-04T21:00:00.000000",20.4609127044678
NA,"2026-08-04T22:00:00.000000",20.5492763519287
NA,"2026-08-04T23:00:00.000000",20.6131362915039
NA,"2026-08-05T00:00:00.000000",20.6599998474121
NA,"2026-08-05T01:00:00.000000",20.6886596679688
NA,"2026-08-05T02:00:00.000000",20.6980323791504
NA,"2026-08-05T03:00:00.000000",20.6894493103027
NA,"2026-08-05T04:00:00.000000",20.6444625854492
NA,"2026-08-05T05:00:00.000000",20.5267581939697
NA,"2026-08-05T06:00:00.000000",20.4783668518066
NA,"2026-08-05T07:00:00.000000",20.4384498596191
NA,"2026-08-05T08:00:00.000000",20.4248561859131
NA,"2026-08-05T09:00:00.000000",20.4437065124512
NA,"2026-08-05T10:00:00.000000",20.4620895385742
NA,"2026-08-05T11:00:00.000000",20.4707336425781
NA,"2026-08-05T12:00:00.000000",20.4755153656006
NA,"2026-08-05T13:00:00.000000",20.4799461364746
NA,"2026-08-05T14:00:00.000000",20.4709453582764
NA,"2026-08-05T15:00:00.000000",20.4461765289307
NA,"2026-08-05T16:00:00.000000",20.3877048492432
NA,"2026-08-05T17:00:00.000000",20.3538970947266
NA,"2026-08-05T18:00:00.000000",20.2541522979736
NA,"2026-08-05T19:00:00.000000",20.122501373291
NA,"2026-08-05T20:00:00.000000",20.0858268737793
NA,"2026-08-05T21:00:00.000000",20.0824584960938
NA,"2026-08-05T22:00:00.000000",20.0917644500732
NA,"2026-08-05T23:00:00.000000",20.1148567199707
NA,"2026-08-06T00:00:00.000000",20.1573905944824
NA,"2026-08-06T01:00:00.000000",20.1993522644043
NA,"2026-08-06T02:00:00.000000",20.2285938262939
NA,"2026-08-06T03:00:00.000000",20.2464466094971
NA,"2026-08-06T04:00:00.000000",20.2442512512207
NA,"2026-08-06T05:00:00.000000",20.1982917785645
NA,"2026-08-06T06:00:00.000000",20.1439609527588
NA,"2026-08-06T07:00:00.000000",20.1307582855225
NA,"2026-08-06T08:00:00.000000",20.1190586090088
NA,"2026-08-06T09:00:00.000000",20.1136569976807
NA,"2026-08-06T10:00:00.000000",20.1261787414551
NA,"2026-08-06T11:00:00.000000",20.1493110656738
NA,"2026-08-06T12:00:00.000000",20.1737232208252
NA,"2026-08-06T13:00:00.000000",20.1933822631836
NA,"2026-08-06T14:00:00.000000",20.2064151763916
NA,"2026-08-06T15:00:00.000000",20.2127666473389
NA,"2026-08-06T16:00:00.000000",20.1999816894531
NA,"2026-08-06T17:00:00.000000",20.1679096221924
NA,"2026-08-06T18:00:00.000000",20.1455059051514
NA,"2026-08-06T19:00:00.000000",20.1001892089844
NA,"2026-08-06T20:00:00.000000",20.0386085510254
NA,"2026-08-06T21:00:00.000000",20.0254287719727
NA,"2026-08-06T22:00:00.000000",20.0257911682129
NA,"2026-08-06T23:00:00.000000",20.0409965515137
NA,"2026-08-07T00:00:00.000000",20.0767135620117
NA,"2026-08-07T01:00:00.000000",20.1066741943359
NA,"2026-08-07T02:00:00.000000",20.1269874572754
NA,"2026-08-07T03:00:00.000000",20.1402931213379
NA,"2026-08-07T04:00:00.000000",20.1465454101562
NA,"2026-08-07T05:00:00.000000",20.1454486846924
NA,"2026-08-07T06:00:00.000000",20.1377296447754
NA,"2026-08-07T07:00:00.000000",20.1099643707275
NA,"2026-08-07T08:00:00.000000",20.0839309692383
NA,"2026-08-07T09:00:00.000000",20.0752601623535
NA,"2026-08-07T10:00:00.000000",20.0792293548584
NA,"2026-08-07T11:00:00.000000",20.0962104797363
NA,"2026-08-07T12:00:00.000000",20.1131324768066
NA,"2026-08-07T13:00:00.000000",20.1253890991211
NA,"2026-08-07T14:00:00.000000",20.1293716430664
NA,"2026-08-07T15:00:00.000000",20.1269607543945
NA,"2026-08-07T16:00:00.000000",20.1222171783447
NA,"2026-08-07T17:00:00.000000",20.1103820800781
NA,"2026-08-07T18:00:00.000000",20.0993270874023
NA,"2026-08-07T19:00:00.000000",20.0754890441895
NA,"2026-08-07T20:00:00.000000",19.9779853820801
NA,"2026-08-07T21:00:00.000000",19.8529853820801
NA,"2026-08-07T22:00:00.000000",19.8152618408203
NA,"2026-08-07T23:00:00.000000",19.8099670410156
NA,"2026-08-08T00:00:00.000000",19.8180274963379
"NK","2026-07-31T00:00:00.000000",20.5118808746338
"NK","2026-07-31T01:00:00.000000",20.7509346008301
"NK","2026-07-31T02:00:00.000000",21.029447555542
"NK","2026-07-31T03:00:00.000000",21.1101531982422
"NK","2026-07-31T04:00:00.000000",21.1271514892578
"NK","2026-07-31T05:00:00.000000",21.1071376800537
"NK","2026-07-31T06:00:00.000000",21.0623664855957
"NK","2026-07-31T07:00:00.000000",20.9743690490723
"NK","2026-07-31T08:00:00.000000",20.8569869995117
"NK","2026-07-31T09:00:00.000000",20.7401924133301
"NK","2026-07-31T10:00:00.000000",20.6522369384766
"NK","2026-07-31T11:00:00.000000",20.6049022674561
"NK","2026-07-31T12:00:00.000000",20.6282291412354
"NK","2026-07-31T13:00:00.000000",20.7139949798584
"NK","2026-07-31T14:00:00.000000",20.8716716766357
"NK","2026-07-31T15:00:00.000000",20.9976062774658
"NK","2026-07-31T16:00:00.000000",21.0323715209961
"NK","2026-07-31T17:00:00.000000",20.9897880554199
"NK","2026-07-31T18:00:00.000000",20.9084014892578
"NK","2026-07-31T19:00:00.000000",20.817777633667
"NK","2026-07-31T20:00:00.000000",20.739444732666
"NK","2026-07-31T21:00:00.000000",20.6743850708008
"NK","2026-07-31T22:00:00.000000",20.6248722076416
"NK","2026-07-31T23:00:00.000000",20.6064281463623
"NK","2026-08-01T00:00:00.000000",20.6107540130615
"NK","2026-08-01T01:00:00.000000",20.659782409668
"NK","2026-08-01T02:00:00.000000",20.8341827392578
"NK","2026-08-01T03:00:00.000000",20.9731998443604
"NK","2026-08-01T04:00:00.000000",21.0081691741943
"NK","2026-08-01T05:00:00.000000",21.0126724243164
"NK","2026-08-01T06:00:00.000000",21.0007343292236
"NK","2026-08-01T07:00:00.000000",20.9577617645264
"NK","2026-08-01T08:00:00.000000",20.8893547058105
"NK","2026-08-01T09:00:00.000000",20.8133239746094
"NK","2026-08-01T10:00:00.000000",20.750301361084
"NK","2026-08-01T11:00:00.000000",20.7090244293213
"NK","2026-08-01T12:00:00.000000",20.7044486999512
"NK","2026-08-01T13:00:00.000000",20.7434711456299
"NK","2026-08-01T14:00:00.000000",20.8665523529053
"NK","2026-08-01T15:00:00.000000",20.9786109924316
"NK","2026-08-01T16:00:00.000000",21.0057029724121
"NK","2026-08-01T17:00:00.000000",21.0164203643799
"NK","2026-08-01T18:00:00.000000",21.015697479248
"NK","2026-08-01T19:00:00.000000",20.999454498291
"NK","2026-08-01T20:00:00.000000",20.9576053619385
"NK","2026-08-01T21:00:00.000000",20.9084873199463
"NK","2026-08-01T22:00:00.000000",20.8609027862549
"NK","2026-08-01T23:00:00.000000",20.8246212005615
"NK","2026-08-02T00:00:00.000000",20.8074951171875
"NK","2026-08-02T01:00:00.000000",20.8193302154541
"NK","2026-08-02T02:00:00.000000",20.8931827545166
"NK","2026-08-02T03:00:00.000000",20.9974880218506
"NK","2026-08-02T04:00:00.000000",21.0463104248047
"NK","2026-08-02T05:00:00.000000",21.0492858886719
"NK","2026-08-02T06:00:00.000000",21.0489921569824
"NK","2026-08-02T07:00:00.000000",21.0445976257324
"NK","2026-08-02T08:00:00.000000",21.0059108734131
"NK","2026-08-02T09:00:00.000000",20.9540576934814
"NK","2026-08-02T10:00:00.000000",20.9024486541748
"NK","2026-08-02T11:00:00.000000",20.8607769012451
"NK","2026-08-02T12:00:00.000000",20.8371524810791
"NK","2026-08-02T13:00:00.000000",20.844259262085
"NK","2026-08-02T14:00:00.000000",20.9016017913818
"NK","2026-08-02T15:00:00.000000",20.9939308166504
"NK","2026-08-02T16:00:00.000000",20.9473114013672
"NK","2026-08-02T17:00:00.000000",20.8801593780518
"NK","2026-08-02T18:00:00.000000",20.8797168731689
"NK","2026-08-02T19:00:00.000000",20.9082546234131
"NK","2026-08-02T20:00:00.000000",20.9377517700195
"NK","2026-08-02T21:00:00.000000",20.9537124633789
"NK","2026-08-02T22:00:00.000000",20.9563255310059
"NK","2026-08-02T23:00:00.000000",20.9524154663086
"NK","2026-08-03T00:00:00.000000",20.9347438812256
"NK","2026-08-03T01:00:00.000000",20.9364223480225
"NK","2026-08-03T02:00:00.000000",20.9540042877197
"NK","2026-08-03T03:00:00.000000",20.959545135498
"NK","2026-08-03T04:00:00.000000",20.9207897186279
"NK","2026-08-03T05:00:00.000000",20.8481540679932
"NK","2026-08-03T06:00:00.000000",20.8292579650879
"NK","2026-08-03T07:00:00.000000",20.8311080932617
"NK","2026-08-03T08:00:00.000000",20.8386077880859
"NK","2026-08-03T09:00:00.000000",20.8410758972168
"NK","2026-08-03T10:00:00.000000",20.8401107788086
"NK","2026-08-03T11:00:00.000000",20.8368988037109
"NK","2026-08-03T12:00:00.000000",20.8337306976318
"NK","2026-08-03T13:00:00.000000",20.8307991027832
"NK","2026-08-03T14:00:00.000000",20.832592010498
"NK","2026-08-03T15:00:00.000000",20.8371391296387
"NK","2026-08-03T16:00:00.000000",20.8454265594482
"NK","2026-08-03T17:00:00.000000",20.8480224609375
"NK","2026-08-03T18:00:00.000000",20.8483772277832
"NK","2026-08-03T19:00:00.000000",20.8507442474365
"NK","2026-08-03T20:00:00.000000",20.8523464202881
"NK","2026-08-03T21:00:00.000000",20.8540649414062
"NK","2026-08-03T22:00:00.000000",20.8553886413574
"NK","2026-08-03T23:00:00.000000",20.8565883636475
"NK","2026-08-04T00:00:00.000000",20.8572940826416
"NK","2026-08-04T01:00:00.000000",20.8574714660645
"NK","2026-08-04T02:00:00.000000",20.856466293335
"NK","2026-08-04T03:00:00.000000",20.8538780212402
"NK","2026-08-04T04:00:00.000000",20.8539028167725
"NK","2026-08-04T05:00:00.000000",20.8523597717285
"NK","2026-08-04T06:00:00.000000",20.8407535552979
"NK","2026-08-04T07:00:00.000000",20.8381500244141
"NK","2026-08-04T08:00:00.000000",20.8434219360352
"NK","2026-08-04T09:00:00.000000",20.8462505340576
"NK","2026-08-04T10:00:00.000000",20.8466148376465
"NK","2026-08-04T11:00:00.000000",20.8465919494629
"NK","2026-08-04T12:00:00.000000",20.8473358154297
"NK","2026-08-04T13:00:00.000000",20.8492259979248
"NK","2026-08-04T14:00:00.000000",20.8520603179932
"NK","2026-08-04T15:00:00.000000",20.8553657531738
"NK","2026-08-04T16:00:00.000000",20.8554859161377
"NK","2026-08-04T17:00:00.000000",20.6786136627197
"NK","2026-08-04T18:00:00.000000",20.3580131530762
"NK","2026-08-04T19:00:00.000000",20.3058738708496
"NK","2026-08-04T20:00:00.000000",20.3154144287109
"NK","2026-08-04T21:00:00.000000",20.3774967193604
"NK","2026-08-04T22:00:00.000000",20.4945259094238
"NK","2026-08-04T23:00:00.000000",20.6216907501221
"NK","2026-08-05T00:00:00.000000",20.7333393096924
"NK","2026-08-05T01:00:00.000000",20.7944984436035
"NK","2026-08-05T02:00:00.000000",20.8242626190186
"NK","2026-08-05T03:00:00.000000",20.8308734893799
"NK","2026-08-05T04:00:00.000000",20.8180828094482
"NK","2026-08-05T05:00:00.000000",20.763801574707
"NK","2026-08-05T06:00:00.000000",20.6705627441406
"NK","2026-08-05T07:00:00.000000",20.5879459381104
"NK","2026-08-05T08:00:00.000000",20.6358108520508
"NK","2026-08-05T09:00:00.000000",20.705099105835
"NK","2026-08-05T10:00:00.000000",20.7653884887695
"NK","2026-08-05T11:00:00.000000",20.8033657073975
"NK","2026-08-05T12:00:00.000000",20.8260612487793
"NK","2026-08-05T13:00:00.000000",20.8386859893799
"NK","2026-08-05T14:00:00.000000",20.8435974121094
"NK","2026-08-05T15:00:00.000000",20.8381080627441
"NK","2026-08-05T16:00:00.000000",20.7933559417725
"NK","2026-08-05T17:00:00.000000",20.7066745758057
"NK","2026-08-05T18:00:00.000000",20.4480819702148
"NK","2026-08-05T19:00:00.000000",20.1167526245117
"NK","2026-08-05T20:00:00.000000",20.0517311096191
"NK","2026-08-05T21:00:00.000000",20.0521049499512
"NK","2026-08-05T22:00:00.000000",20.0845775604248
"NK","2026-08-05T23:00:00.000000",20.1832103729248
"NK","2026-08-06T00:00:00.000000",20.3119525909424
"NK","2026-08-06T01:00:00.000000",20.4344177246094
"NK","2026-08-06T02:00:00.000000",20.5297737121582
"NK","2026-08-06T03:00:00.000000",20.5841236114502
"NK","2026-08-06T04:00:00.000000",20.5889148712158
"NK","2026-08-06T05:00:00.000000",20.5451583862305
"NK","2026-08-06T06:00:00.000000",20.4219570159912
"NK","2026-08-06T07:00:00.000000",20.2932662963867
"NK","2026-08-06T08:00:00.000000",20.225528717041
"NK","2026-08-06T09:00:00.000000",20.2552146911621
"NK","2026-08-06T10:00:00.000000",20.3182525634766
"NK","2026-08-06T11:00:00.000000",20.4050273895264
"NK","2026-08-06T12:00:00.000000",20.4871978759766
"NK","2026-08-06T13:00:00.000000",20.5530738830566
"NK","2026-08-06T14:00:00.000000",20.6008644104004
"NK","2026-08-06T15:00:00.000000",20.6307430267334
"NK","2026-08-06T16:00:00.000000",20.6343727111816
"NK","2026-08-06T17:00:00.000000",20.5988521575928
"NK","2026-08-06T18:00:00.000000",20.4568977355957
"NK","2026-08-06T19:00:00.000000",20.1979656219482
"NK","2026-08-06T20:00:00.000000",20.0300674438477
"NK","2026-08-06T21:00:00.000000",20.0098781585693
"NK","2026-08-06T22:00:00.000000",20.0091342926025
"NK","2026-08-06T23:00:00.000000",20.0109558105469
"NK","2026-08-07T00:00:00.000000",20.0235176086426
"NK","2026-08-07T01:00:00.000000",20.0748844146729
"NK","2026-08-07T02:00:00.000000",20.1520042419434
"NK","2026-08-07T03:00:00.000000",20.2414474487305
"NK","2026-08-07T04:00:00.000000",20.3222846984863
"NK","2026-08-07T05:00:00.000000",20.3655376434326
"NK","2026-08-07T06:00:00.000000",20.3382740020752
"NK","2026-08-07T07:00:00.000000",20.2580299377441
"NK","2026-08-07T08:00:00.000000",20.1848735809326
"NK","2026-08-07T09:00:00.000000",20.1583461761475
"NK","2026-08-07T10:00:00.000000",20.1742134094238
"NK","2026-08-07T11:00:00.000000",20.215648651123
"NK","2026-08-07T12:00:00.000000",20.2870044708252
"NK","2026-08-07T13:00:00.000000",20.3683300018311
"NK","2026-08-07T14:00:00.000000",20.4488563537598
"NK","2026-08-07T15:00:00.000000",20.5179882049561
"NK","2026-08-07T16:00:00.000000",20.5727100372314
"NK","2026-08-07T17:00:00.000000",20.5843143463135
"NK","2026-08-07T18:00:00.000000",20.5343685150146
"NK","2026-08-07T19:00:00.000000",20.3765392303467
"NK","2026-08-07T20:00:00.000000",20.062557220459
"NK","2026-08-07T21:00:00.000000",19.8085403442383
"NK","2026-08-07T22:00:00.000000",19.765022277832
"NK","2026-08-07T23:00:00.000000",19.7611217498779
"NK","2026-08-08T00:00:00.000000",19.7593040466309
"PI","2026-07-31T00:00:00.000000",22.2208995819092
"PI","2026-07-31T01:00:00.000000",22.1742000579834
"PI","2026-07-31T02:00:00.000000",22.1155166625977
"PI","2026-07-31T03:00:00.000000",22.1467609405518
"PI","2026-07-31T04:00:00.000000",22.1876239776611
"PI","2026-07-31T05:00:00.000000",22.2472858428955
"PI","2026-07-31T06:00:00.000000",22.2836418151855
"PI","2026-07-31T07:00:00.000000",22.2591171264648
"PI","2026-07-31T08:00:00.000000",22.2483062744141
"PI","2026-07-31T09:00:00.000000",22.2185516357422
"PI","2026-07-31T10:00:00.000000",22.1539821624756
"PI","2026-07-31T11:00:00.000000",22.1853446960449
"PI","2026-07-31T12:00:00.000000",22.2069683074951
"PI","2026-07-31T13:00:00.000000",22.1722049713135
"PI","2026-07-31T14:00:00.000000",22.0934944152832
"PI","2026-07-31T15:00:00.000000",22.141263961792
"PI","2026-07-31T16:00:00.000000",22.2433853149414
"PI","2026-07-31T17:00:00.000000",22.2557964324951
"PI","2026-07-31T18:00:00.000000",22.3055305480957
"PI","2026-07-31T19:00:00.000000",22.3910083770752
"PI","2026-07-31T20:00:00.000000",22.3044338226318
"PI","2026-07-31T21:00:00.000000",22.2458877563477
"PI","2026-07-31T22:00:00.000000",22.1579914093018
"PI","2026-07-31T23:00:00.000000",22.1465263366699
"PI","2026-08-01T00:00:00.000000",22.2059421539307
"PI","2026-08-01T01:00:00.000000",22.2245140075684
"PI","2026-08-01T02:00:00.000000",22.1337776184082
"PI","2026-08-01T03:00:00.000000",22.10471534729
"PI","2026-08-01T04:00:00.000000",22.1660823822021
"PI","2026-08-01T05:00:00.000000",22.2443675994873
"PI","2026-08-01T06:00:00.000000",22.2977333068848
"PI","2026-08-01T07:00:00.000000",22.3513298034668
"PI","2026-08-01T08:00:00.000000",22.3050689697266
"PI","2026-08-01T09:00:00.000000",22.2918815612793
"PI","2026-08-01T10:00:00.000000",22.1992645263672
"PI","2026-08-01T11:00:00.000000",22.1727828979492
"PI","2026-08-01T12:00:00.000000",22.2122402191162
"PI","2026-08-01T13:00:00.000000",22.2289237976074
"PI","2026-08-01T14:00:00.000000",22.1904048919678
"PI","2026-08-01T15:00:00.000000",22.1201839447021
"PI","2026-08-01T16:00:00.000000",22.2283477783203
"PI","2026-08-01T17:00:00.000000",22.3647918701172
"PI","2026-08-01T18:00:00.000000",22.4082736968994
"PI","2026-08-01T19:00:00.000000",22.4734020233154
"PI","2026-08-01T20:00:00.000000",22.4180641174316
"PI","2026-08-01T21:00:00.000000",22.4191379547119
"PI","2026-08-01T22:00:00.000000",22.3250885009766
"PI","2026-08-01T23:00:00.000000",22.2814350128174
"PI","2026-08-02T00:00:00.000000",22.3270053863525
"PI","2026-08-02T01:00:00.000000",22.3815574645996
"PI","2026-08-02T02:00:00.000000",22.3990440368652
"PI","2026-08-02T03:00:00.000000",22.2627258300781
"PI","2026-08-02T04:00:00.000000",22.2925357818604
"PI","2026-08-02T05:00:00.000000",22.3850879669189
"PI","2026-08-02T06:00:00.000000",22.4158973693848
"PI","2026-08-02T07:00:00.000000",22.480583190918
"PI","2026-08-02T08:00:00.000000",22.4859180450439
"PI","2026-08-02T09:00:00.000000",22.4527397155762
"PI","2026-08-02T10:00:00.000000",22.4019470214844
"PI","2026-08-02T11:00:00.000000",22.3342418670654
"PI","2026-08-02T12:00:00.000000",22.3621482849121
"PI","2026-08-02T13:00:00.000000",22.4008827209473
"PI","2026-08-02T14:00:00.000000",22.40744972229
"PI","2026-08-02T15:00:00.000000",22.3719635009766
"PI","2026-08-02T16:00:00.000000",22.2986507415771
"PI","2026-08-02T17:00:00.000000",22.4134960174561
"PI","2026-08-02T18:00:00.000000",22.5016555786133
"PI","2026-08-02T19:00:00.000000",22.5741691589355
"PI","2026-08-02T20:00:00.000000",22.6501026153564
"PI","2026-08-02T21:00:00.000000",22.6021900177002
"PI","2026-08-02T22:00:00.000000",22.5527687072754
"PI","2026-08-02T23:00:00.000000",22.4632244110107
"PI","2026-08-03T00:00:00.000000",22.4378566741943
"PI","2026-08-03T01:00:00.000000",22.4691734313965
"PI","2026-08-03T02:00:00.000000",22.4707717895508
"PI","2026-08-03T03:00:00.000000",22.4677486419678
"PI","2026-08-03T04:00:00.000000",22.3230361938477
"PI","2026-08-03T05:00:00.000000",22.4225368499756
"PI","2026-08-03T06:00:00.000000",22.5050849914551
"PI","2026-08-03T07:00:00.000000",22.5866355895996
"PI","2026-08-03T08:00:00.000000",22.6756782531738
"PI","2026-08-03T09:00:00.000000",22.611291885376
"PI","2026-08-03T10:00:00.000000",22.6148357391357
"PI","2026-08-03T11:00:00.000000",22.5125503540039
"PI","2026-08-03T12:00:00.000000",22.4603672027588
"PI","2026-08-03T13:00:00.000000",22.5030841827393
"PI","2026-08-03T14:00:00.000000",22.5787258148193
"PI","2026-08-03T15:00:00.000000",22.6231212615967
"PI","2026-08-03T16:00:00.000000",22.494758605957
"PI","2026-08-03T17:00:00.000000",22.5178890228271
"PI","2026-08-03T18:00:00.000000",22.5669021606445
"PI","2026-08-03T19:00:00.000000",22.5932540893555
"PI","2026-08-03T20:00:00.000000",22.6597595214844
"PI","2026-08-03T21:00:00.000000",22.7325839996338
"PI","2026-08-03T22:00:00.000000",22.6976833343506
"PI","2026-08-03T23:00:00.000000",22.6911888122559
"PI","2026-08-04T00:00:00.000000",22.6936588287354
"PI","2026-08-04T01:00:00.000000",22.609281539917
"PI","2026-08-04T02:00:00.000000",22.6651763916016
"PI","2026-08-04T03:00:00.000000",22.6731815338135
"PI","2026-08-04T04:00:00.000000",22.6384334564209
"PI","2026-08-04T05:00:00.000000",22.5947589874268
"PI","2026-08-04T06:00:00.000000",22.6350593566895
"PI","2026-08-04T07:00:00.000000",22.6780586242676
"PI","2026-08-04T08:00:00.000000",22.7662029266357
"PI","2026-08-04T09:00:00.000000",22.8057079315186
"PI","2026-08-04T10:00:00.000000",22.7354030609131
"PI","2026-08-04T11:00:00.000000",22.7039031982422
"PI","2026-08-04T12:00:00.000000",22.6206226348877
"PI","2026-08-04T13:00:00.000000",22.600606918335
"PI","2026-08-04T14:00:00.000000",22.6146240234375
"PI","2026-08-04T15:00:00.000000",22.6141262054443
"PI","2026-08-04T16:00:00.000000",22.5419845581055
"PI","2026-08-04T17:00:00.000000",22.4639186859131
"PI","2026-08-04T18:00:00.000000",22.5052490234375
"PI","2026-08-04T19:00:00.000000",22.7464427947998
"PI","2026-08-04T20:00:00.000000",22.7520523071289
"PI","2026-08-04T21:00:00.000000",22.791202545166
"PI","2026-08-04T22:00:00.000000",22.8012351989746
"PI","2026-08-04T23:00:00.000000",22.7244510650635
"PI","2026-08-05T00:00:00.000000",22.7740268707275
"PI","2026-08-05T01:00:00.000000",22.6782970428467
"PI","2026-08-05T02:00:00.000000",22.694953918457
"PI","2026-08-05T03:00:00.000000",22.7000885009766
"PI","2026-08-05T04:00:00.000000",22.6784820556641
"PI","2026-08-05T05:00:00.000000",22.5398273468018
"PI","2026-08-05T06:00:00.000000",22.566032409668
"PI","2026-08-05T07:00:00.000000",22.6642360687256
"PI","2026-08-05T08:00:00.000000",22.7338695526123
"PI","2026-08-05T09:00:00.000000",22.7740917205811
"PI","2026-08-05T10:00:00.000000",22.8122863769531
"PI","2026-08-05T11:00:00.000000",22.7322196960449
"PI","2026-08-05T12:00:00.000000",22.6739826202393
"PI","2026-08-05T13:00:00.000000",22.6071548461914
"PI","2026-08-05T14:00:00.000000",22.615047454834
"PI","2026-08-05T15:00:00.000000",22.6342792510986
"PI","2026-08-05T16:00:00.000000",22.6282863616943
"PI","2026-08-05T17:00:00.000000",22.5393810272217
"PI","2026-08-05T18:00:00.000000",22.4273319244385
"PI","2026-08-05T19:00:00.000000",22.4499378204346
"PI","2026-08-05T20:00:00.000000",22.6669769287109
"PI","2026-08-05T21:00:00.000000",22.697811126709
"PI","2026-08-05T22:00:00.000000",22.7911262512207
"PI","2026-08-05T23:00:00.000000",22.7473754882812
"PI","2026-08-06T00:00:00.000000",22.7422046661377
"PI","2026-08-06T01:00:00.000000",22.8018379211426
"PI","2026-08-06T02:00:00.000000",22.6821784973145
"PI","2026-08-06T03:00:00.000000",22.6629104614258
"PI","2026-08-06T04:00:00.000000",22.6386394500732
"PI","2026-08-06T05:00:00.000000",22.5837249755859
"PI","2026-08-06T06:00:00.000000",22.4535598754883
"PI","2026-08-06T07:00:00.000000",22.5010776519775
"PI","2026-08-06T08:00:00.000000",22.7508869171143
"PI","2026-08-06T09:00:00.000000",22.7277679443359
"PI","2026-08-06T10:00:00.000000",22.7591800689697
"PI","2026-08-06T11:00:00.000000",22.784761428833
"PI","2026-08-06T12:00:00.000000",22.7019309997559
"PI","2026-08-06T13:00:00.000000",22.624849319458
"PI","2026-08-06T14:00:00.000000",22.5915546417236
"PI","2026-08-06T15:00:00.000000",22.614429473877
"PI","2026-08-06T16:00:00.000000",22.6133766174316
"PI","2026-08-06T17:00:00.000000",22.6163482666016
"PI","2026-08-06T18:00:00.000000",22.7142581939697
"PI","2026-08-06T19:00:00.000000",22.515718460083
"PI","2026-08-06T20:00:00.000000",22.5366477966309
"PI","2026-08-06T21:00:00.000000",22.7092094421387
"PI","2026-08-06T22:00:00.000000",22.7275466918945
"PI","2026-08-06T23:00:00.000000",22.7843208312988
"PI","2026-08-07T00:00:00.000000",22.7936954498291
"PI","2026-08-07T01:00:00.000000",22.826976776123
"PI","2026-08-07T02:00:00.000000",22.9024543762207
"PI","2026-08-07T03:00:00.000000",22.8873023986816
"PI","2026-08-07T04:00:00.000000",22.8268165588379
"PI","2026-08-07T05:00:00.000000",22.7917003631592
"PI","2026-08-07T06:00:00.000000",22.7422313690186
"PI","2026-08-07T07:00:00.000000",22.6603813171387
"PI","2026-08-07T08:00:00.000000",22.6829090118408
"PI","2026-08-07T09:00:00.000000",22.8120555877686
"PI","2026-08-07T10:00:00.000000",22.8976974487305
"PI","2026-08-07T11:00:00.000000",22.9650974273682
"PI","2026-08-07T12:00:00.000000",22.9805927276611
"PI","2026-08-07T13:00:00.000000",22.8666477203369
"PI","2026-08-07T14:00:00.000000",22.784538269043
"PI","2026-08-07T15:00:00.000000",22.696439743042
"PI","2026-08-07T16:00:00.000000",22.7927570343018
"PI","2026-08-07T17:00:00.000000",22.8217964172363
"PI","2026-08-07T18:00:00.000000",22.8683643341064
"PI","2026-08-07T19:00:00.000000",22.8848190307617
"PI","2026-08-07T20:00:00.000000",22.7501926422119
"PI","2026-08-07T21:00:00.000000",22.6904315948486
"PI","2026-08-07T22:00:00.000000",22.829122543335
"PI","2026-08-07T23:00:00.000000",22.879337310791
"PI","2026-08-08T00:00:00.000000",22.9156837463379
"QU","2026-07-31T00:00:00.000000",20.5700340270996
"QU","2026-07-31T01:00:00.000000",20.6030693054199
"QU","2026-07-31T02:00:00.000000",20.6263217926025
"QU","2026-07-31T03:00:00.000000",20.6294269561768
"QU","2026-07-31T04:00:00.000000",20.624002456665
"QU","2026-07-31T05:00:00.000000",20.6152801513672
"QU","2026-07-31T06:00:00.000000",20.6085910797119
"QU","2026-07-31T07:00:00.000000",20.604850769043
"QU","2026-07-31T08:00:00.000000",20.6020050048828
"QU","2026-07-31T09:00:00.000000",20.6006565093994
"QU","2026-07-31T10:00:00.000000",20.6044940948486
"QU","2026-07-31T11:00:00.000000",20.6188526153564
"QU","2026-07-31T12:00:00.000000",20.6446151733398
"QU","2026-07-31T13:00:00.000000",20.6693382263184
"QU","2026-07-31T14:00:00.000000",20.6782894134521
"QU","2026-07-31T15:00:00.000000",20.6792182922363
"QU","2026-07-31T16:00:00.000000",20.679500579834
"QU","2026-07-31T17:00:00.000000",20.6715488433838
"QU","2026-07-31T18:00:00.000000",20.6590385437012
"QU","2026-07-31T19:00:00.000000",20.658332824707
"QU","2026-07-31T20:00:00.000000",20.6610012054443
"QU","2026-07-31T21:00:00.000000",20.6640472412109
"QU","2026-07-31T22:00:00.000000",20.6754817962646
"QU","2026-07-31T23:00:00.000000",20.6982860565186
"QU","2026-08-01T00:00:00.000000",20.7173519134521
"QU","2026-08-01T01:00:00.000000",20.7226428985596
"QU","2026-08-01T02:00:00.000000",20.7232990264893
"QU","2026-08-01T03:00:00.000000",20.7214241027832
"QU","2026-08-01T04:00:00.000000",20.7212905883789
"QU","2026-08-01T05:00:00.000000",20.7247161865234
"QU","2026-08-01T06:00:00.000000",20.7276363372803
"QU","2026-08-01T07:00:00.000000",20.728982925415
"QU","2026-08-01T08:00:00.000000",20.7282428741455
"QU","2026-08-01T09:00:00.000000",20.7252635955811
"QU","2026-08-01T10:00:00.000000",20.7224712371826
"QU","2026-08-01T11:00:00.000000",20.7211627960205
"QU","2026-08-01T12:00:00.000000",20.7213706970215
"QU","2026-08-01T13:00:00.000000",20.7222805023193
"QU","2026-08-01T14:00:00.000000",20.7224025726318
"QU","2026-08-01T15:00:00.000000",20.7217216491699
"QU","2026-08-01T16:00:00.000000",20.7279014587402
"QU","2026-08-01T17:00:00.000000",20.7457695007324
"QU","2026-08-01T18:00:00.000000",20.7722816467285
"QU","2026-08-01T19:00:00.000000",20.7917098999023
"QU","2026-08-01T20:00:00.000000",20.8046455383301
"QU","2026-08-01T21:00:00.000000",20.8144149780273
"QU","2026-08-01T22:00:00.000000",20.8218631744385
"QU","2026-08-01T23:00:00.000000",20.8273277282715
"QU","2026-08-02T00:00:00.000000",20.8274574279785
"QU","2026-08-02T01:00:00.000000",20.8164329528809
"QU","2026-08-02T02:00:00.000000",20.793420791626
"QU","2026-08-02T03:00:00.000000",20.7803401947021
"QU","2026-08-02T04:00:00.000000",20.7799816131592
"QU","2026-08-02T05:00:00.000000",20.7852535247803
"QU","2026-08-02T06:00:00.000000",20.7998809814453
"QU","2026-08-02T07:00:00.000000",20.8190040588379
"QU","2026-08-02T08:00:00.000000",20.8350219726562
"QU","2026-08-02T09:00:00.000000",20.8448467254639
"QU","2026-08-02T10:00:00.000000",20.8506603240967
"QU","2026-08-02T11:00:00.000000",20.8531341552734
"QU","2026-08-02T12:00:00.000000",20.8552913665771
"QU","2026-08-02T13:00:00.000000",20.852876663208
"QU","2026-08-02T14:00:00.000000",20.8219470977783
"QU","2026-08-02T15:00:00.000000",20.7714195251465
"QU","2026-08-02T16:00:00.000000",20.7318477630615
"QU","2026-08-02T17:00:00.000000",20.7370338439941
"QU","2026-08-02T18:00:00.000000",20.7814750671387
"QU","2026-08-02T19:00:00.000000",20.8398494720459
"QU","2026-08-02T20:00:00.000000",20.8770370483398
"QU","2026-08-02T21:00:00.000000",20.8955764770508
"QU","2026-08-02T22:00:00.000000",20.9065628051758
"QU","2026-08-02T23:00:00.000000",20.9123077392578
"QU","2026-08-03T00:00:00.000000",20.9101619720459
"QU","2026-08-03T01:00:00.000000",20.8868503570557
"QU","2026-08-03T02:00:00.000000",20.825798034668
"QU","2026-08-03T03:00:00.000000",20.7525253295898
"QU","2026-08-03T04:00:00.000000",20.6982860565186
"QU","2026-08-03T05:00:00.000000",20.6867370605469
"QU","2026-08-03T06:00:00.000000",20.7220039367676
"QU","2026-08-03T07:00:00.000000",20.770637512207
"QU","2026-08-03T08:00:00.000000",20.7913112640381
"QU","2026-08-03T09:00:00.000000",20.7841529846191
"QU","2026-08-03T10:00:00.000000",20.7649230957031
"QU","2026-08-03T11:00:00.000000",20.7485084533691
"QU","2026-08-03T12:00:00.000000",20.7369499206543
"QU","2026-08-03T13:00:00.000000",20.7254848480225
"QU","2026-08-03T14:00:00.000000",20.695348739624
"QU","2026-08-03T15:00:00.000000",20.6627960205078
"QU","2026-08-03T16:00:00.000000",20.6321411132812
"QU","2026-08-03T17:00:00.000000",20.6122283935547
"QU","2026-08-03T18:00:00.000000",20.6184558868408
"QU","2026-08-03T19:00:00.000000",20.6298217773438
"QU","2026-08-03T20:00:00.000000",20.6521530151367
"QU","2026-08-03T21:00:00.000000",20.6625881195068
"QU","2026-08-03T22:00:00.000000",20.6655082702637
"QU","2026-08-03T23:00:00.000000",20.664270401001
"QU","2026-08-04T00:00:00.000000",20.6232662200928
"QU","2026-08-04T01:00:00.000000",20.5750713348389
"QU","2026-08-04T02:00:00.000000",20.5599308013916
"QU","2026-08-04T03:00:00.000000",20.5641288757324
"QU","2026-08-04T04:00:00.000000",20.5651607513428
"QU","2026-08-04T05:00:00.000000",20.5632934570312
"QU","2026-08-04T06:00:00.000000",20.5604686737061
"QU","2026-08-04T07:00:00.000000",20.5589084625244
"QU","2026-08-04T08:00:00.000000",20.5577526092529
"QU","2026-08-04T09:00:00.000000",20.5566368103027
"QU","2026-08-04T10:00:00.000000",20.5551776885986
"QU","2026-08-04T11:00:00.000000",20.5541496276855
"QU","2026-08-04T12:00:00.000000",20.5534439086914
"QU","2026-08-04T13:00:00.000000",20.5411548614502
"QU","2026-08-04T14:00:00.000000",20.5177421569824
"QU","2026-08-04T15:00:00.000000",20.5024471282959
"QU","2026-08-04T16:00:00.000000",20.4671936035156
"QU","2026-08-04T17:00:00.000000",20.406436920166
"QU","2026-08-04T18:00:00.000000",20.3854007720947
"QU","2026-08-04T19:00:00.000000",20.4259548187256
"QU","2026-08-04T20:00:00.000000",20.492151260376
"QU","2026-08-04T21:00:00.000000",20.5414180755615
"QU","2026-08-04T22:00:00.000000",20.5627403259277
"QU","2026-08-04T23:00:00.000000",20.5731201171875
"QU","2026-08-05T00:00:00.000000",20.5766410827637
"QU","2026-08-05T01:00:00.000000",20.575252532959
"QU","2026-08-05T02:00:00.000000",20.5701522827148
"QU","2026-08-05T03:00:00.000000",20.5490856170654
"QU","2026-08-05T04:00:00.000000",20.4993877410889
"QU","2026-08-05T05:00:00.000000",20.4329395294189
"QU","2026-08-05T06:00:00.000000",20.3773593902588
"QU","2026-08-05T07:00:00.000000",20.3557586669922
"QU","2026-08-05T08:00:00.000000",20.3407611846924
"QU","2026-08-05T09:00:00.000000",20.3339786529541
"QU","2026-08-05T10:00:00.000000",20.3337268829346
"QU","2026-08-05T11:00:00.000000",20.3342037200928
"QU","2026-08-05T12:00:00.000000",20.328218460083
"QU","2026-08-05T13:00:00.000000",20.3122386932373
"QU","2026-08-05T14:00:00.000000",20.2809429168701
"QU","2026-08-05T15:00:00.000000",20.2439670562744
"QU","2026-08-05T16:00:00.000000",20.231071472168
"QU","2026-08-05T17:00:00.000000",20.2364311218262
"QU","2026-08-05T18:00:00.000000",20.2364120483398
"QU","2026-08-05T19:00:00.000000",20.2325992584229
"QU","2026-08-05T20:00:00.000000",20.2431221008301
"QU","2026-08-05T21:00:00.000000",20.2694683074951
"QU","2026-08-05T22:00:00.000000",20.3100719451904
"QU","2026-08-05T23:00:00.000000",20.3427085876465
"QU","2026-08-06T00:00:00.000000",20.3571853637695
"QU","2026-08-06T01:00:00.000000",20.3637237548828
"QU","2026-08-06T02:00:00.000000",20.3659553527832
"QU","2026-08-06T03:00:00.000000",20.3625164031982
"QU","2026-08-06T04:00:00.000000",20.3510913848877
"QU","2026-08-06T05:00:00.000000",20.316370010376
"QU","2026-08-06T06:00:00.000000",20.2622451782227
"QU","2026-08-06T07:00:00.000000",20.2317218780518
"QU","2026-08-06T08:00:00.000000",20.2359046936035
"QU","2026-08-06T09:00:00.000000",20.2487182617188
"QU","2026-08-06T10:00:00.000000",20.2653026580811
"QU","2026-08-06T11:00:00.000000",20.2817153930664
"QU","2026-08-06T12:00:00.000000",20.2981376647949
"QU","2026-08-06T13:00:00.000000",20.3155899047852
"QU","2026-08-06T14:00:00.000000",20.3245887756348
"QU","2026-08-06T15:00:00.000000",20.3273410797119
"QU","2026-08-06T16:00:00.000000",20.3205432891846
"QU","2026-08-06T17:00:00.000000",20.284688949585
"QU","2026-08-06T18:00:00.000000",20.220775604248
"QU","2026-08-06T19:00:00.000000",20.1756172180176
"QU","2026-08-06T20:00:00.000000",20.1636810302734
"QU","2026-08-06T21:00:00.000000",20.1924266815186
"QU","2026-08-06T22:00:00.000000",20.2382869720459
"QU","2026-08-06T23:00:00.000000",20.2850952148438
"QU","2026-08-07T00:00:00.000000",20.3201084136963
"QU","2026-08-07T01:00:00.000000",20.3451900482178
"QU","2026-08-07T02:00:00.000000",20.3632202148438
"QU","2026-08-07T03:00:00.000000",20.3727607727051
"QU","2026-08-07T04:00:00.000000",20.3730907440186
"QU","2026-08-07T05:00:00.000000",20.3652019500732
"QU","2026-08-07T06:00:00.000000",20.3421669006348
"QU","2026-08-07T07:00:00.000000",20.3078022003174
"QU","2026-08-07T08:00:00.000000",20.2838001251221
"QU","2026-08-07T09:00:00.000000",20.2964763641357
"QU","2026-08-07T10:00:00.000000",20.3279285430908
"QU","2026-08-07T11:00:00.000000",20.3544692993164
"QU","2026-08-07T12:00:00.000000",20.3692932128906
"QU","2026-08-07T13:00:00.000000",20.3767890930176
"QU","2026-08-07T14:00:00.000000",20.3805236816406
"QU","2026-08-07T15:00:00.000000",20.3839054107666
"QU","2026-08-07T16:00:00.000000",20.3903675079346
"QU","2026-08-07T17:00:00.000000",20.3889846801758
"QU","2026-08-07T18:00:00.000000",20.362325668335
"QU","2026-08-07T19:00:00.000000",20.2747077941895
"QU","2026-08-07T20:00:00.000000",20.1740264892578
"QU","2026-08-07T21:00:00.000000",20.1215133666992
"QU","2026-08-07T22:00:00.000000",20.1599864959717
"QU","2026-08-07T23:00:00.000000",20.2322311401367
"QU","2026-08-08T00:00:00.000000",20.2955055236816
"CC","2026-07-31T00:00:00.000000",23.1294288635254
"CC","2026-07-31T01:00:00.000000",23.1309299468994
"CC","2026-07-31T02:00:00.000000",23.1324977874756
"CC","2026-07-31T03:00:00.000000",23.1336822509766
"CC","2026-07-31T04:00:00.000000",23.1345901489258
"CC","2026-07-31T05:00:00.000000",23.1347789764404
"CC","2026-07-31T06:00:00.000000",23.1327323913574
"CC","2026-07-31T07:00:00.000000",23.1190185546875
"CC","2026-07-31T08:00:00.000000",23.1000499725342
"CC","2026-07-31T09:00:00.000000",23.0900058746338
"CC","2026-07-31T10:00:00.000000",23.0760765075684
"CC","2026-07-31T11:00:00.000000",23.0628223419189
"CC","2026-07-31T12:00:00.000000",23.0498046875
"CC","2026-07-31T13:00:00.000000",23.0520000457764
"CC","2026-07-31T14:00:00.000000",23.0534629821777
"CC","2026-07-31T15:00:00.000000",23.0556354522705
"CC","2026-07-31T16:00:00.000000",23.0584526062012
"CC","2026-07-31T17:00:00.000000",23.0612621307373
"CC","2026-07-31T18:00:00.000000",23.063720703125
"CC","2026-07-31T19:00:00.000000",23.0665111541748
"CC","2026-07-31T20:00:00.000000",23.0683536529541
"CC","2026-07-31T21:00:00.000000",23.0690803527832
"CC","2026-07-31T22:00:00.000000",23.0692329406738
"CC","2026-07-31T23:00:00.000000",23.0685005187988
"CC","2026-08-01T00:00:00.000000",23.0638103485107
"CC","2026-08-01T01:00:00.000000",23.0448017120361
"CC","2026-08-01T02:00:00.000000",23.0210037231445
"CC","2026-08-01T03:00:00.000000",23.0036087036133
"CC","2026-08-01T04:00:00.000000",22.9914455413818
"CC","2026-08-01T05:00:00.000000",22.9818668365479
"CC","2026-08-01T06:00:00.000000",22.9763088226318
"CC","2026-08-01T07:00:00.000000",22.9687461853027
"CC","2026-08-01T08:00:00.000000",22.9596920013428
"CC","2026-08-01T09:00:00.000000",22.9482192993164
"CC","2026-08-01T10:00:00.000000",22.9406661987305
"CC","2026-08-01T11:00:00.000000",22.93434715271
"CC","2026-08-01T12:00:00.000000",22.927526473999
"CC","2026-08-01T13:00:00.000000",22.9249515533447
"CC","2026-08-01T14:00:00.000000",22.9232044219971
"CC","2026-08-01T15:00:00.000000",22.9230823516846
"CC","2026-08-01T16:00:00.000000",22.9230117797852
"CC","2026-08-01T17:00:00.000000",22.9205646514893
"CC","2026-08-01T18:00:00.000000",22.9141826629639
"CC","2026-08-01T19:00:00.000000",22.9038848876953
"CC","2026-08-01T20:00:00.000000",22.8952388763428
"CC","2026-08-01T21:00:00.000000",22.8910999298096
"CC","2026-08-01T22:00:00.000000",22.8899536132812
"CC","2026-08-01T23:00:00.000000",22.8916053771973
"CC","2026-08-02T00:00:00.000000",22.8946418762207
"CC","2026-08-02T01:00:00.000000",22.8992519378662
"CC","2026-08-02T02:00:00.000000",22.904317855835
"CC","2026-08-02T03:00:00.000000",22.9064197540283
"CC","2026-08-02T04:00:00.000000",22.9092617034912
"CC","2026-08-02T05:00:00.000000",22.9116878509521
"CC","2026-08-02T06:00:00.000000",22.9130725860596
"CC","2026-08-02T07:00:00.000000",22.9143924713135
"CC","2026-08-02T08:00:00.000000",22.914758682251
"CC","2026-08-02T09:00:00.000000",22.9151439666748
"CC","2026-08-02T10:00:00.000000",22.9151802062988
"CC","2026-08-02T11:00:00.000000",22.9154644012451
"CC","2026-08-02T12:00:00.000000",22.9154434204102
"CC","2026-08-02T13:00:00.000000",22.9155292510986
"CC","2026-08-02T14:00:00.000000",22.9159355163574
"CC","2026-08-02T15:00:00.000000",22.9167137145996
"CC","2026-08-02T16:00:00.000000",22.9181232452393
"CC","2026-08-02T17:00:00.000000",22.921724319458
"CC","2026-08-02T18:00:00.000000",22.9303169250488
"CC","2026-08-02T19:00:00.000000",22.9402160644531
"CC","2026-08-02T20:00:00.000000",22.9489994049072
"CC","2026-08-02T21:00:00.000000",22.9557476043701
"CC","2026-08-02T22:00:00.000000",22.9653549194336
"CC","2026-08-02T23:00:00.000000",22.976490020752
"CC","2026-08-03T00:00:00.000000",22.9818668365479
"CC","2026-08-03T01:00:00.000000",22.989330291748
"CC","2026-08-03T02:00:00.000000",22.9982929229736
"CC","2026-08-03T03:00:00.000000",23.0076694488525
"CC","2026-08-03T04:00:00.000000",23.0227928161621
"CC","2026-08-03T05:00:00.000000",23.031888961792
"CC","2026-08-03T06:00:00.000000",23.0389060974121
"CC","2026-08-03T07:00:00.000000",23.0424308776855
"CC","2026-08-03T08:00:00.000000",23.0439949035645
"CC","2026-08-03T09:00:00.000000",23.045223236084
"CC","2026-08-03T10:00:00.000000",23.0458908081055
"CC","2026-08-03T11:00:00.000000",23.045524597168
"CC","2026-08-03T12:00:00.000000",23.0432529449463
"CC","2026-08-03T13:00:00.000000",23.0403518676758
"CC","2026-08-03T14:00:00.000000",23.0386924743652
"CC","2026-08-03T15:00:00.000000",23.0386085510254
"CC","2026-08-03T16:00:00.000000",23.0401172637939
"CC","2026-08-03T17:00:00.000000",23.0426616668701
"CC","2026-08-03T18:00:00.000000",23.0461559295654
"CC","2026-08-03T19:00:00.000000",23.0518684387207
"CC","2026-08-03T20:00:00.000000",23.0580425262451
"CC","2026-08-03T21:00:00.000000",23.0646228790283
"CC","2026-08-03T22:00:00.000000",23.0708427429199
"CC","2026-08-03T23:00:00.000000",23.0761814117432
"CC","2026-08-04T00:00:00.000000",23.0799007415771
"CC","2026-08-04T01:00:00.000000",23.0831851959229
"CC","2026-08-04T02:00:00.000000",23.0865917205811
"CC","2026-08-04T03:00:00.000000",23.0894947052002
"CC","2026-08-04T04:00:00.000000",23.0905799865723
"CC","2026-08-04T05:00:00.000000",23.0905723571777
"CC","2026-08-04T06:00:00.000000",23.0903396606445
"CC","2026-08-04T07:00:00.000000",23.0899486541748
"CC","2026-08-04T08:00:00.000000",23.088773727417
"CC","2026-08-04T09:00:00.000000",23.0864372253418
"CC","2026-08-04T10:00:00.000000",23.0835456848145
"CC","2026-08-04T11:00:00.000000",23.0814323425293
"CC","2026-08-04T12:00:00.000000",23.0807094573975
"CC","2026-08-04T13:00:00.000000",23.0808296203613
"CC","2026-08-04T14:00:00.000000",23.0821590423584
"CC","2026-08-04T15:00:00.000000",23.0853939056396
"CC","2026-08-04T16:00:00.000000",23.088695526123
"CC","2026-08-04T17:00:00.000000",23.091983795166
"CC","2026-08-04T18:00:00.000000",23.0952281951904
"CC","2026-08-04T19:00:00.000000",23.0992774963379
"CC","2026-08-04T20:00:00.000000",23.1033878326416
"CC","2026-08-04T21:00:00.000000",23.1070194244385
"CC","2026-08-04T22:00:00.000000",23.1106567382812
"CC","2026-08-04T23:00:00.000000",23.1152172088623
"CC","2026-08-05T00:00:00.000000",23.1190929412842
"CC","2026-08-05T01:00:00.000000",23.1223907470703
"CC","2026-08-05T02:00:00.000000",23.1279563903809
"CC","2026-08-05T03:00:00.000000",23.1346492767334
"CC","2026-08-05T04:00:00.000000",23.1409358978271
"CC","2026-08-05T05:00:00.000000",23.1473026275635
"CC","2026-08-05T06:00:00.000000",23.150016784668
"CC","2026-08-05T07:00:00.000000",23.1453666687012
"CC","2026-08-05T08:00:00.000000",23.1371784210205
"CC","2026-08-05T09:00:00.000000",23.1256732940674
"CC","2026-08-05T10:00:00.000000",23.112190246582
"CC","2026-08-05T11:00:00.000000",23.0946426391602
"CC","2026-08-05T12:00:00.000000",23.0734233856201
"CC","2026-08-05T13:00:00.000000",23.0488910675049
"CC","2026-08-05T14:00:00.000000",23.0248966217041
"CC","2026-08-05T15:00:00.000000",22.9970664978027
"CC","2026-08-05T16:00:00.000000",22.97532081604
"CC","2026-08-05T17:00:00.000000",22.958101272583
"CC","2026-08-05T18:00:00.000000",22.949520111084
"CC","2026-08-05T19:00:00.000000",22.9479312896729
"CC","2026-08-05T20:00:00.000000",22.9557189941406
"CC","2026-08-05T21:00:00.000000",22.9779624938965
"CC","2026-08-05T22:00:00.000000",23.0026226043701
"CC","2026-08-05T23:00:00.000000",23.0200462341309
"CC","2026-08-06T00:00:00.000000",23.0334796905518
"CC","2026-08-06T01:00:00.000000",23.0395565032959
"CC","2026-08-06T02:00:00.000000",23.0439624786377
"CC","2026-08-06T03:00:00.000000",23.0482082366943
"CC","2026-08-06T04:00:00.000000",23.0518016815186
"CC","2026-08-06T05:00:00.000000",23.054012298584
"CC","2026-08-06T06:00:00.000000",23.0520725250244
"CC","2026-08-06T07:00:00.000000",23.0461921691895
"CC","2026-08-06T08:00:00.000000",23.0398941040039
"CC","2026-08-06T09:00:00.000000",23.0360546112061
"CC","2026-08-06T10:00:00.000000",23.031888961792
"CC","2026-08-06T11:00:00.000000",23.0248336791992
"CC","2026-08-06T12:00:00.000000",23.0135803222656
"CC","2026-08-06T13:00:00.000000",23.0007610321045
"CC","2026-08-06T14:00:00.000000",22.98752784729
"CC","2026-08-06T15:00:00.000000",22.9742908477783
"CC","2026-08-06T16:00:00.000000",22.9622955322266
"CC","2026-08-06T17:00:00.000000",22.9563827514648
"CC","2026-08-06T18:00:00.000000",22.9578323364258
"CC","2026-08-06T19:00:00.000000",22.9661521911621
"CC","2026-08-06T20:00:00.000000",22.9802989959717
"CC","2026-08-06T21:00:00.000000",23.0016098022461
"CC","2026-08-06T22:00:00.000000",23.0259704589844
"CC","2026-08-06T23:00:00.000000",23.0501041412354
"CC","2026-08-07T00:00:00.000000",23.0770225524902
"CC","2026-08-07T01:00:00.000000",23.1028938293457
"CC","2026-08-07T02:00:00.000000",23.1254291534424
"CC","2026-08-07T03:00:00.000000",23.1410579681396
"CC","2026-08-07T04:00:00.000000",23.1505661010742
"CC","2026-08-07T05:00:00.000000",23.1537227630615
"CC","2026-08-07T06:00:00.000000",23.1529636383057
"CC","2026-08-07T07:00:00.000000",23.1500225067139
"CC","2026-08-07T08:00:00.000000",23.1442089080811
"CC","2026-08-07T09:00:00.000000",23.1389961242676
"CC","2026-08-07T10:00:00.000000",23.1344623565674
"CC","2026-08-07T11:00:00.000000",23.1291637420654
"CC","2026-08-07T12:00:00.000000",23.1227874755859
"CC","2026-08-07T13:00:00.000000",23.1161117553711
"CC","2026-08-07T14:00:00.000000",23.1124286651611
"CC","2026-08-07T15:00:00.000000",23.11012840271
"CC","2026-08-07T16:00:00.000000",23.1109447479248
"CC","2026-08-07T17:00:00.000000",23.1161804199219
"CC","2026-08-07T18:00:00.000000",23.1309299468994
"CC","2026-08-07T19:00:00.000000",23.1488857269287
"CC","2026-08-07T20:00:00.000000",23.1671295166016
"CC","2026-08-07T21:00:00.000000",23.1862392425537
"CC","2026-08-07T22:00:00.000000",23.2007465362549
"CC","2026-08-07T23:00:00.000000",23.2050819396973
"CC","2026-08-08T00:00:00.000000",23.2075023651123
"DL","2026-07-31T00:00:00.000000",22.3100700378418
"DL","2026-07-31T01:00:00.000000",22.3180828094482
"DL","2026-07-31T02:00:00.000000",22.3284511566162
"DL","2026-07-31T03:00:00.000000",22.2078647613525
"DL","2026-07-31T04:00:00.000000",22.0579814910889
"DL","2026-07-31T05:00:00.000000",22.0300998687744
"DL","2026-07-31T06:00:00.000000",22.0517139434814
"DL","2026-07-31T07:00:00.000000",22.022087097168
"DL","2026-07-31T08:00:00.000000",22.319128036499
"DL","2026-07-31T09:00:00.000000",22.2574844360352
"DL","2026-07-31T10:00:00.000000",22.4101676940918
"DL","2026-07-31T11:00:00.000000",22.4294929504395
"DL","2026-07-31T12:00:00.000000",22.4126663208008
"DL","2026-07-31T13:00:00.000000",22.4361038208008
"DL","2026-07-31T14:00:00.000000",22.4434261322021
"DL","2026-07-31T15:00:00.000000",22.4232902526855
"DL","2026-07-31T16:00:00.000000",22.1905937194824
"DL","2026-07-31T17:00:00.000000",22.1104011535645
"DL","2026-07-31T18:00:00.000000",22.0948715209961
"DL","2026-07-31T19:00:00.000000",22.1909484863281
"DL","2026-07-31T20:00:00.000000",22.3360710144043
"DL","2026-07-31T21:00:00.000000",22.3556156158447
"DL","2026-07-31T22:00:00.000000",22.3498783111572
"DL","2026-07-31T23:00:00.000000",22.3491802215576
"DL","2026-08-01T00:00:00.000000",22.3413715362549
"DL","2026-08-01T01:00:00.000000",22.3401355743408
"DL","2026-08-01T02:00:00.000000",22.3013725280762
"DL","2026-08-01T03:00:00.000000",22.3150329589844
"DL","2026-08-01T04:00:00.000000",22.3226184844971
"DL","2026-08-01T05:00:00.000000",22.1446590423584
"DL","2026-08-01T06:00:00.000000",22.1282024383545
"DL","2026-08-01T07:00:00.000000",22.1332950592041
"DL","2026-08-01T08:00:00.000000",22.2134189605713
"DL","2026-08-01T09:00:00.000000",22.2191715240479
"DL","2026-08-01T10:00:00.000000",22.270881652832
"DL","2026-08-01T11:00:00.000000",22.280517578125
"DL","2026-08-01T12:00:00.000000",22.2704792022705
"DL","2026-08-01T13:00:00.000000",22.2753601074219
"DL","2026-08-01T14:00:00.000000",22.2630634307861
"DL","2026-08-01T15:00:00.000000",22.2711544036865
"DL","2026-08-01T16:00:00.000000",22.2780838012695
"DL","2026-08-01T17:00:00.000000",22.1811103820801
"DL","2026-08-01T18:00:00.000000",22.1561813354492
"DL","2026-08-01T19:00:00.000000",22.184986114502
"DL","2026-08-01T20:00:00.000000",22.2215938568115
"DL","2026-08-01T21:00:00.000000",22.1636619567871
"DL","2026-08-01T22:00:00.000000",22.1303386688232
"DL","2026-08-01T23:00:00.000000",22.118839263916
"DL","2026-08-02T00:00:00.000000",22.1150722503662
"DL","2026-08-02T01:00:00.000000",22.1170616149902
"DL","2026-08-02T02:00:00.000000",22.1350803375244
"DL","2026-08-02T03:00:00.000000",22.1731643676758
"DL","2026-08-02T04:00:00.000000",22.1651458740234
"DL","2026-08-02T05:00:00.000000",22.1675262451172
"DL","2026-08-02T06:00:00.000000",22.1449851989746
"DL","2026-08-02T07:00:00.000000",22.1418056488037
"DL","2026-08-02T08:00:00.000000",22.1449546813965
"DL","2026-08-02T09:00:00.000000",22.1521015167236
"DL","2026-08-02T10:00:00.000000",22.1493873596191
"DL","2026-08-02T11:00:00.000000",22.1413993835449
"DL","2026-08-02T12:00:00.000000",22.1158714294434
"DL","2026-08-02T13:00:00.000000",22.1140556335449
"DL","2026-08-02T14:00:00.000000",22.1101627349854
"DL","2026-08-02T15:00:00.000000",22.1412487030029
"DL","2026-08-02T16:00:00.000000",22.1716041564941
"DL","2026-08-02T17:00:00.000000",22.1738414764404
"DL","2026-08-02T18:00:00.000000",22.1966953277588
"DL","2026-08-02T19:00:00.000000",22.1941547393799
"DL","2026-08-02T20:00:00.000000",22.1981105804443
"DL","2026-08-02T21:00:00.000000",22.2046146392822
"DL","2026-08-02T22:00:00.000000",22.2069149017334
"DL","2026-08-02T23:00:00.000000",22.2054100036621
"DL","2026-08-03T00:00:00.000000",22.168888092041
"DL","2026-08-03T01:00:00.000000",22.1265487670898
"DL","2026-08-03T02:00:00.000000",22.1023292541504
"DL","2026-08-03T03:00:00.000000",22.1158924102783
"DL","2026-08-03T04:00:00.000000",22.1462154388428
"DL","2026-08-03T05:00:00.000000",22.1434211730957
"DL","2026-08-03T06:00:00.000000",22.1924724578857
"DL","2026-08-03T07:00:00.000000",22.2000751495361
"DL","2026-08-03T08:00:00.000000",22.1834373474121
"DL","2026-08-03T09:00:00.000000",22.0135364532471
"DL","2026-08-03T10:00:00.000000",21.9804553985596
"DL","2026-08-03T11:00:00.000000",21.9633369445801
"DL","2026-08-03T12:00:00.000000",21.9515705108643
"DL","2026-08-03T13:00:00.000000",21.9446582794189
"DL","2026-08-03T14:00:00.000000",21.9491767883301
"DL","2026-08-03T15:00:00.000000",21.9541301727295
"DL","2026-08-03T16:00:00.000000",21.9603614807129
"DL","2026-08-03T17:00:00.000000",21.9737663269043
"DL","2026-08-03T18:00:00.000000",21.9856624603271
"DL","2026-08-03T19:00:00.000000",21.9888191223145
"DL","2026-08-03T20:00:00.000000",22.0239143371582
"DL","2026-08-03T21:00:00.000000",22.0054702758789
"DL","2026-08-03T22:00:00.000000",22.0277690887451
"DL","2026-08-03T23:00:00.000000",22.045467376709
"DL","2026-08-04T00:00:00.000000",22.017204284668
"DL","2026-08-04T01:00:00.000000",21.9745235443115
"DL","2026-08-04T02:00:00.000000",21.9670543670654
"DL","2026-08-04T03:00:00.000000",21.9872665405273
"DL","2026-08-04T04:00:00.000000",21.9996471405029
"DL","2026-08-04T05:00:00.000000",22.0017490386963
"DL","2026-08-04T06:00:00.000000",21.9913215637207
"DL","2026-08-04T07:00:00.000000",22.0319309234619
"DL","2026-08-04T08:00:00.000000",22.0277614593506
"DL","2026-08-04T09:00:00.000000",22.0087242126465
"DL","2026-08-04T10:00:00.000000",21.9950771331787
"DL","2026-08-04T11:00:00.000000",22.0153198242188
"DL","2026-08-04T12:00:00.000000",22.0253086090088
"DL","2026-08-04T13:00:00.000000",22.0348529815674
"DL","2026-08-04T14:00:00.000000",22.0426197052002
"DL","2026-08-04T15:00:00.000000",22.0531101226807
"DL","2026-08-04T16:00:00.000000",22.0634803771973
"DL","2026-08-04T17:00:00.000000",22.0716381072998
"DL","2026-08-04T18:00:00.000000",22.0823211669922
"DL","2026-08-04T19:00:00.000000",22.0831470489502
"DL","2026-08-04T20:00:00.000000",22.0603656768799
"DL","2026-08-04T21:00:00.000000",22.0613288879395
"DL","2026-08-04T22:00:00.000000",22.0645923614502
"DL","2026-08-04T23:00:00.000000",22.064868927002
"DL","2026-08-05T00:00:00.000000",22.0682315826416
"DL","2026-08-05T01:00:00.000000",22.0795917510986
"DL","2026-08-05T02:00:00.000000",22.0833339691162
"DL","2026-08-05T03:00:00.000000",22.0856323242188
"DL","2026-08-05T04:00:00.000000",22.0873699188232
"DL","2026-08-05T05:00:00.000000",22.0877876281738
"DL","2026-08-05T06:00:00.000000",22.0805416107178
"DL","2026-08-05T07:00:00.000000",22.0771255493164
"DL","2026-08-05T08:00:00.000000",22.0451316833496
"DL","2026-08-05T09:00:00.000000",22.0456066131592
"DL","2026-08-05T10:00:00.000000",22.0420169830322
"DL","2026-08-05T11:00:00.000000",22.0467491149902
"DL","2026-08-05T12:00:00.000000",22.0577640533447
"DL","2026-08-05T13:00:00.000000",22.0647869110107
"DL","2026-08-05T14:00:00.000000",22.0667819976807
"DL","2026-08-05T15:00:00.000000",22.0718154907227
"DL","2026-08-05T16:00:00.000000",22.0907821655273
"DL","2026-08-05T17:00:00.000000",22.1033496856689
"DL","2026-08-05T18:00:00.000000",22.1027317047119
"DL","2026-08-05T19:00:00.000000",22.0723628997803
"DL","2026-08-05T20:00:00.000000",22.0356292724609
"DL","2026-08-05T21:00:00.000000",21.9552478790283
"DL","2026-08-05T22:00:00.000000",21.9750194549561
"DL","2026-08-05T23:00:00.000000",22.0067806243896
"DL","2026-08-06T00:00:00.000000",22.0135936737061
"DL","2026-08-06T01:00:00.000000",22.0441303253174
"DL","2026-08-06T02:00:00.000000",22.0694580078125
"DL","2026-08-06T03:00:00.000000",22.0842113494873
"DL","2026-08-06T04:00:00.000000",22.0959491729736
"DL","2026-08-06T05:00:00.000000",22.0990257263184
"DL","2026-08-06T06:00:00.000000",22.0979232788086
"DL","2026-08-06T07:00:00.000000",22.0834827423096
"DL","2026-08-06T08:00:00.000000",22.0692195892334
"DL","2026-08-06T09:00:00.000000",22.015022277832
"DL","2026-08-06T10:00:00.000000",22.0076065063477
"DL","2026-08-06T11:00:00.000000",22.0093078613281
"DL","2026-08-06T12:00:00.000000",22.0259418487549
"DL","2026-08-06T13:00:00.000000",22.027229309082
"DL","2026-08-06T14:00:00.000000",22.0817947387695
"DL","2026-08-06T15:00:00.000000",22.1097812652588
"DL","2026-08-06T16:00:00.000000",22.1295719146729
"DL","2026-08-06T17:00:00.000000",22.1410179138184
"DL","2026-08-06T18:00:00.000000",22.1483860015869
"DL","2026-08-06T19:00:00.000000",22.152774810791
"DL","2026-08-06T20:00:00.000000",22.1541748046875
"DL","2026-08-06T21:00:00.000000",22.1466808319092
"DL","2026-08-06T22:00:00.000000",22.1261310577393
"DL","2026-08-06T23:00:00.000000",22.1156673431396
"DL","2026-08-07T00:00:00.000000",22.0962314605713
"DL","2026-08-07T01:00:00.000000",22.0886268615723
"DL","2026-08-07T02:00:00.000000",22.1145038604736
"DL","2026-08-07T03:00:00.000000",22.1375160217285
"DL","2026-08-07T04:00:00.000000",22.1374111175537
"DL","2026-08-07T05:00:00.000000",22.1395511627197
"DL","2026-08-07T06:00:00.000000",22.1432991027832
"DL","2026-08-07T07:00:00.000000",22.1448535919189
"DL","2026-08-07T08:00:00.000000",22.1506118774414
"DL","2026-08-07T09:00:00.000000",22.1501483917236
"DL","2026-08-07T10:00:00.000000",22.086669921875
"DL","2026-08-07T11:00:00.000000",22.0677547454834
"DL","2026-08-07T12:00:00.000000",22.0829486846924
"DL","2026-08-07T13:00:00.000000",22.10791015625
"DL","2026-08-07T14:00:00.000000",22.0799312591553
"DL","2026-08-07T15:00:00.000000",22.0713920593262
"DL","2026-08-07T16:00:00.000000",22.0774154663086
"DL","2026-08-07T17:00:00.000000",22.0790672302246
"DL","2026-08-07T18:00:00.000000",22.0799331665039
"DL","2026-08-07T19:00:00.000000",22.0783939361572
"DL","2026-08-07T20:00:00.000000",22.0777130126953
"DL","2026-08-07T21:00:00.000000",22.1040782928467
"DL","2026-08-07T22:00:00.000000",22.1280689239502
"DL","2026-08-07T23:00:00.000000",22.1306324005127
"DL","2026-08-08T00:00:00.000000",22.1204833984375
"GB","2026-07-31T00:00:00.000000",22.5347900390625
"GB","2026-07-31T01:00:00.000000",22.5119380950928
"GB","2026-07-31T02:00:00.000000",22.4682559967041
"GB","2026-07-31T03:00:00.000000",22.4528560638428
"GB","2026-07-31T04:00:00.000000",22.4277801513672
"GB","2026-07-31T05:00:00.000000",22.3692264556885
"GB","2026-07-31T06:00:00.000000",22.3731098175049
"GB","2026-07-31T07:00:00.000000",22.4049015045166
"GB","2026-07-31T08:00:00.000000",22.4716033935547
"GB","2026-07-31T09:00:00.000000",22.4894485473633
"GB","2026-07-31T10:00:00.000000",22.4977016448975
"GB","2026-07-31T11:00:00.000000",22.470027923584
"GB","2026-07-31T12:00:00.000000",22.5512409210205
"GB","2026-07-31T13:00:00.000000",22.5281772613525
"GB","2026-07-31T14:00:00.000000",22.4510231018066
"GB","2026-07-31T15:00:00.000000",22.3929328918457
"GB","2026-07-31T16:00:00.000000",22.3356952667236
"GB","2026-07-31T17:00:00.000000",22.2676525115967
"GB","2026-07-31T18:00:00.000000",22.2811450958252
"GB","2026-07-31T19:00:00.000000",22.2744216918945
"GB","2026-07-31T20:00:00.000000",22.3337326049805
"GB","2026-07-31T21:00:00.000000",22.3910522460938
"GB","2026-07-31T22:00:00.000000",22.4143657684326
"GB","2026-07-31T23:00:00.000000",22.4246921539307
"GB","2026-08-01T00:00:00.000000",22.4630012512207
"GB","2026-08-01T01:00:00.000000",22.4893589019775
"GB","2026-08-01T02:00:00.000000",22.417501449585
"GB","2026-08-01T03:00:00.000000",22.3753547668457
"GB","2026-08-01T04:00:00.000000",22.3469657897949
"GB","2026-08-01T05:00:00.000000",22.3248100280762
"GB","2026-08-01T06:00:00.000000",22.3198986053467
"GB","2026-08-01T07:00:00.000000",22.3139209747314
"GB","2026-08-01T08:00:00.000000",22.3623371124268
"GB","2026-08-01T09:00:00.000000",22.4091033935547
"GB","2026-08-01T10:00:00.000000",22.4172840118408
"GB","2026-08-01T11:00:00.000000",22.4080066680908
"GB","2026-08-01T12:00:00.000000",22.4314002990723
"GB","2026-08-01T13:00:00.000000",22.503475189209
"GB","2026-08-01T14:00:00.000000",22.4717674255371
"GB","2026-08-01T15:00:00.000000",22.4532432556152
"GB","2026-08-01T16:00:00.000000",22.4454803466797
"GB","2026-08-01T17:00:00.000000",22.4410667419434
"GB","2026-08-01T18:00:00.000000",22.4563617706299
"GB","2026-08-01T19:00:00.000000",22.4375171661377
"GB","2026-08-01T20:00:00.000000",22.3874969482422
"GB","2026-08-01T21:00:00.000000",22.4484367370605
"GB","2026-08-01T22:00:00.000000",22.490364074707
"GB","2026-08-01T23:00:00.000000",22.5036945343018
"GB","2026-08-02T00:00:00.000000",22.5060348510742
"GB","2026-08-02T01:00:00.000000",22.5413665771484
"GB","2026-08-02T02:00:00.000000",22.5448780059814
"GB","2026-08-02T03:00:00.000000",22.5412425994873
"GB","2026-08-02T04:00:00.000000",22.5400066375732
"GB","2026-08-02T05:00:00.000000",22.5410499572754
"GB","2026-08-02T06:00:00.000000",22.5446510314941
"GB","2026-08-02T07:00:00.000000",22.4961986541748
"GB","2026-08-02T08:00:00.000000",22.4238052368164
"GB","2026-08-02T09:00:00.000000",22.4934673309326
"GB","2026-08-02T10:00:00.000000",22.5242347717285
"GB","2026-08-02T11:00:00.000000",22.5332279205322
"GB","2026-08-02T12:00:00.000000",22.5279598236084
"GB","2026-08-02T13:00:00.000000",22.5600700378418
"GB","2026-08-02T14:00:00.000000",22.5722465515137
"GB","2026-08-02T15:00:00.000000",22.5409393310547
"GB","2026-08-02T16:00:00.000000",22.5150623321533
"GB","2026-08-02T17:00:00.000000",22.4965648651123
"GB","2026-08-02T18:00:00.000000",22.4845180511475
"GB","2026-08-02T19:00:00.000000",22.4664478302002
"GB","2026-08-02T20:00:00.000000",22.4050426483154
"GB","2026-08-02T21:00:00.000000",22.4453029632568
"GB","2026-08-02T22:00:00.000000",22.5062065124512
"GB","2026-08-02T23:00:00.000000",22.522388458252
"GB","2026-08-03T00:00:00.000000",22.5278301239014
"GB","2026-08-03T01:00:00.000000",22.5353965759277
"GB","2026-08-03T02:00:00.000000",22.5753345489502
"GB","2026-08-03T03:00:00.000000",22.5132102966309
"GB","2026-08-03T04:00:00.000000",22.4722766876221
"GB","2026-08-03T05:00:00.000000",22.4496040344238
"GB","2026-08-03T06:00:00.000000",22.4443378448486
"GB","2026-08-03T07:00:00.000000",22.4277439117432
"GB","2026-08-03T08:00:00.000000",22.4165115356445
"GB","2026-08-03T09:00:00.000000",22.4052696228027
"GB","2026-08-03T10:00:00.000000",22.4481887817383
"GB","2026-08-03T11:00:00.000000",22.4725017547607
"GB","2026-08-03T12:00:00.000000",22.4742603302002
"GB","2026-08-03T13:00:00.000000",22.4809455871582
"GB","2026-08-03T14:00:00.000000",22.540771484375
"GB","2026-08-03T15:00:00.000000",22.5499153137207
"GB","2026-08-03T16:00:00.000000",22.5562286376953
"GB","2026-08-03T17:00:00.000000",22.5666046142578
"GB","2026-08-03T18:00:00.000000",22.5922107696533
"GB","2026-08-03T19:00:00.000000",22.622257232666
"GB","2026-08-03T20:00:00.000000",22.6295547485352
"GB","2026-08-03T21:00:00.000000",22.5656280517578
"GB","2026-08-03T22:00:00.000000",22.6125679016113
"GB","2026-08-03T23:00:00.000000",22.6503849029541
"GB","2026-08-04T00:00:00.000000",22.6610164642334
"GB","2026-08-04T01:00:00.000000",22.6554069519043
"GB","2026-08-04T02:00:00.000000",22.6581268310547
"GB","2026-08-04T03:00:00.000000",22.6496887207031
"GB","2026-08-04T04:00:00.000000",22.6390838623047
"GB","2026-08-04T05:00:00.000000",22.6309299468994
"GB","2026-08-04T06:00:00.000000",22.6217651367188
"GB","2026-08-04T07:00:00.000000",22.6187381744385
"GB","2026-08-04T08:00:00.000000",22.607271194458
"GB","2026-08-04T09:00:00.000000",22.4863224029541
"GB","2026-08-04T10:00:00.000000",22.5139293670654
"GB","2026-08-04T11:00:00.000000",22.5899467468262
"GB","2026-08-04T12:00:00.000000",22.6066703796387
"GB","2026-08-04T13:00:00.000000",22.6006755828857
"GB","2026-08-04T14:00:00.000000",22.607292175293
"GB","2026-08-04T15:00:00.000000",22.6576137542725
"GB","2026-08-04T16:00:00.000000",22.650354385376
"GB","2026-08-04T17:00:00.000000",22.6453628540039
"GB","2026-08-04T18:00:00.000000",22.6465702056885
"GB","2026-08-04T19:00:00.000000",22.6470375061035
"GB","2026-08-04T20:00:00.000000",22.6693229675293
"GB","2026-08-04T21:00:00.000000",22.6224517822266
"GB","2026-08-04T22:00:00.000000",22.5263652801514
"GB","2026-08-04T23:00:00.000000",22.5991306304932
"GB","2026-08-05T00:00:00.000000",22.6489124298096
"GB","2026-08-05T01:00:00.000000",22.6743507385254
"GB","2026-08-05T02:00:00.000000",22.6728038787842
"GB","2026-08-05T03:00:00.000000",22.7099781036377
"GB","2026-08-05T04:00:00.000000",22.732271194458
"GB","2026-08-05T05:00:00.000000",22.740930557251
"GB","2026-08-05T06:00:00.000000",22.7539043426514
"GB","2026-08-05T07:00:00.000000",22.7647113800049
"GB","2026-08-05T08:00:00.000000",22.7703323364258
"GB","2026-08-05T09:00:00.000000",22.7748966217041
"GB","2026-08-05T10:00:00.000000",22.5571823120117
"GB","2026-08-05T11:00:00.000000",22.5958099365234
"GB","2026-08-05T12:00:00.000000",22.662483215332
"GB","2026-08-05T13:00:00.000000",22.6947269439697
"GB","2026-08-05T14:00:00.000000",22.7137928009033
"GB","2026-08-05T15:00:00.000000",22.7354221343994
"GB","2026-08-05T16:00:00.000000",22.7694702148438
"GB","2026-08-05T17:00:00.000000",22.7316436767578
"GB","2026-08-05T18:00:00.000000",22.7074527740479
"GB","2026-08-05T19:00:00.000000",22.6924152374268
"GB","2026-08-05T20:00:00.000000",22.6825942993164
"GB","2026-08-05T21:00:00.000000",22.6834926605225
"GB","2026-08-05T22:00:00.000000",22.5569076538086
"GB","2026-08-05T23:00:00.000000",22.5376205444336
"GB","2026-08-06T00:00:00.000000",22.6417369842529
"GB","2026-08-06T01:00:00.000000",22.6881046295166
"GB","2026-08-06T02:00:00.000000",22.7083854675293
"GB","2026-08-06T03:00:00.000000",22.7222747802734
"GB","2026-08-06T04:00:00.000000",22.7865295410156
"GB","2026-08-06T05:00:00.000000",22.7653503417969
"GB","2026-08-06T06:00:00.000000",22.7328281402588
"GB","2026-08-06T07:00:00.000000",22.7149467468262
"GB","2026-08-06T08:00:00.000000",22.7104663848877
"GB","2026-08-06T09:00:00.000000",22.7069759368896
"GB","2026-08-06T10:00:00.000000",22.6635227203369
"GB","2026-08-06T11:00:00.000000",22.5543594360352
"GB","2026-08-06T12:00:00.000000",22.5749950408936
"GB","2026-08-06T13:00:00.000000",22.6250953674316
"GB","2026-08-06T14:00:00.000000",22.6573123931885
"GB","2026-08-06T15:00:00.000000",22.6823463439941
"GB","2026-08-06T16:00:00.000000",22.7284202575684
"GB","2026-08-06T17:00:00.000000",22.7602691650391
"GB","2026-08-06T18:00:00.000000",22.7303981781006
"GB","2026-08-06T19:00:00.000000",22.7072868347168
"GB","2026-08-06T20:00:00.000000",22.6891193389893
"GB","2026-08-06T21:00:00.000000",22.6798992156982
"GB","2026-08-06T22:00:00.000000",22.6443824768066
"GB","2026-08-06T23:00:00.000000",22.4928760528564
"GB","2026-08-07T00:00:00.000000",22.4982738494873
"GB","2026-08-07T01:00:00.000000",22.5884990692139
"GB","2026-08-07T02:00:00.000000",22.6342849731445
"GB","2026-08-07T03:00:00.000000",22.6448287963867
"GB","2026-08-07T04:00:00.000000",22.6385021209717
"GB","2026-08-07T05:00:00.000000",22.6810111999512
"GB","2026-08-07T06:00:00.000000",22.6188793182373
"GB","2026-08-07T07:00:00.000000",22.5808353424072
"GB","2026-08-07T08:00:00.000000",22.5638046264648
"GB","2026-08-07T09:00:00.000000",22.5617275238037
"GB","2026-08-07T10:00:00.000000",22.5590286254883
"GB","2026-08-07T11:00:00.000000",22.4996891021729
"GB","2026-08-07T12:00:00.000000",22.3687038421631
"GB","2026-08-07T13:00:00.000000",22.3943614959717
"GB","2026-08-07T14:00:00.000000",22.464183807373
"GB","2026-08-07T15:00:00.000000",22.5007762908936
"GB","2026-08-07T16:00:00.000000",22.5253467559814
"GB","2026-08-07T17:00:00.000000",22.5459842681885
"GB","2026-08-07T18:00:00.000000",22.5475158691406
"GB","2026-08-07T19:00:00.000000",22.4969348907471
"GB","2026-08-07T20:00:00.000000",22.4922790527344
"GB","2026-08-07T21:00:00.000000",22.5044269561768
"GB","2026-08-07T22:00:00.000000",22.5160617828369
"GB","2026-08-07T23:00:00.000000",22.5131568908691
"GB","2026-08-08T00:00:00.000000",22.3345794677734
"LI","2026-07-31T00:00:00.000000",23.0477600097656
"LI","2026-07-31T01:00:00.000000",23.0408039093018
"LI","2026-07-31T02:00:00.000000",23.0296840667725
"LI","2026-07-31T03:00:00.000000",23.0193424224854
"LI","2026-07-31T04:00:00.000000",23.0222816467285
"LI","2026-07-31T05:00:00.000000",23.0460433959961
"LI","2026-07-31T06:00:00.000000",23.0451011657715
"LI","2026-07-31T07:00:00.000000",23.0310726165771
"LI","2026-07-31T08:00:00.000000",23.0272445678711
"LI","2026-07-31T09:00:00.000000",23.0225925445557
"LI","2026-07-31T10:00:00.000000",23.0123233795166
"LI","2026-07-31T11:00:00.000000",23.01491355896
"LI","2026-07-31T12:00:00.000000",23.019832611084
"LI","2026-07-31T13:00:00.000000",23.0160369873047
"LI","2026-07-31T14:00:00.000000",23.0117263793945
"LI","2026-07-31T15:00:00.000000",23.0130958557129
"LI","2026-07-31T16:00:00.000000",23.016773223877
"LI","2026-07-31T17:00:00.000000",23.0132389068604
"LI","2026-07-31T18:00:00.000000",23.0119895935059
"LI","2026-07-31T19:00:00.000000",23.0139083862305
"LI","2026-07-31T20:00:00.000000",23.0065364837646
"LI","2026-07-31T21:00:00.000000",23.006139755249
"LI","2026-07-31T22:00:00.000000",22.9945335388184
"LI","2026-07-31T23:00:00.000000",22.9704055786133
"LI","2026-08-01T00:00:00.000000",22.9529666900635
"LI","2026-08-01T01:00:00.000000",22.9473266601562
"LI","2026-08-01T02:00:00.000000",22.9394931793213
"LI","2026-08-01T03:00:00.000000",22.930248260498
"LI","2026-08-01T04:00:00.000000",22.9256286621094
"LI","2026-08-01T05:00:00.000000",22.9673404693604
"LI","2026-08-01T06:00:00.000000",22.9880352020264
"LI","2026-08-01T07:00:00.000000",22.983154296875
"LI","2026-08-01T08:00:00.000000",22.9102325439453
"LI","2026-08-01T09:00:00.000000",22.8802318572998
"LI","2026-08-01T10:00:00.000000",22.8701572418213
"LI","2026-08-01T11:00:00.000000",22.8665218353271
"LI","2026-08-01T12:00:00.000000",22.8857097625732
"LI","2026-08-01T13:00:00.000000",22.8924655914307
"LI","2026-08-01T14:00:00.000000",22.8901519775391
"LI","2026-08-01T15:00:00.000000",22.8902587890625
"LI","2026-08-01T16:00:00.000000",22.8877105712891
"LI","2026-08-01T17:00:00.000000",22.8821544647217
"LI","2026-08-01T18:00:00.000000",22.8770275115967
"LI","2026-08-01T19:00:00.000000",22.8805446624756
"LI","2026-08-01T20:00:00.000000",22.8598136901855
"LI","2026-08-01T21:00:00.000000",22.8511657714844
"LI","2026-08-01T22:00:00.000000",22.8656368255615
"LI","2026-08-01T23:00:00.000000",22.8853092193604
"LI","2026-08-02T00:00:00.000000",22.8832778930664
"LI","2026-08-02T01:00:00.000000",22.879997253418
"LI","2026-08-02T02:00:00.000000",22.8742942810059
"LI","2026-08-02T03:00:00.000000",22.8681774139404
"LI","2026-08-02T04:00:00.000000",22.8610591888428
"LI","2026-08-02T05:00:00.000000",22.8531150817871
"LI","2026-08-02T06:00:00.000000",22.8453845977783
"LI","2026-08-02T07:00:00.000000",22.839038848877
"LI","2026-08-02T08:00:00.000000",22.82448387146
"LI","2026-08-02T09:00:00.000000",22.810525894165
"LI","2026-08-02T10:00:00.000000",22.8066482543945
"LI","2026-08-02T11:00:00.000000",22.8024711608887
"LI","2026-08-02T12:00:00.000000",22.8550281524658
"LI","2026-08-02T13:00:00.000000",22.8806762695312
"LI","2026-08-02T14:00:00.000000",22.8854694366455
"LI","2026-08-02T15:00:00.000000",22.886402130127
"LI","2026-08-02T16:00:00.000000",22.8799114227295
"LI","2026-08-02T17:00:00.000000",22.8768672943115
"LI","2026-08-02T18:00:00.000000",22.8732624053955
"LI","2026-08-02T19:00:00.000000",22.8704586029053
"LI","2026-08-02T20:00:00.000000",22.8730735778809
"LI","2026-08-02T21:00:00.000000",22.8608512878418
"LI","2026-08-02T22:00:00.000000",22.8597545623779
"LI","2026-08-02T23:00:00.000000",22.8614654541016
"LI","2026-08-03T00:00:00.000000",22.8922901153564
"LI","2026-08-03T01:00:00.000000",22.9053840637207
"LI","2026-08-03T02:00:00.000000",22.9075775146484
"LI","2026-08-03T03:00:00.000000",22.9115867614746
"LI","2026-08-03T04:00:00.000000",22.9144611358643
"LI","2026-08-03T05:00:00.000000",22.9129447937012
"LI","2026-08-03T06:00:00.000000",22.9113101959229
"LI","2026-08-03T07:00:00.000000",22.9104633331299
"LI","2026-08-03T08:00:00.000000",22.9003067016602
"LI","2026-08-03T09:00:00.000000",22.8572673797607
"LI","2026-08-03T10:00:00.000000",22.84348487854
"LI","2026-08-03T11:00:00.000000",22.8403053283691
"LI","2026-08-03T12:00:00.000000",22.834321975708
"LI","2026-08-03T13:00:00.000000",22.8849067687988
"LI","2026-08-03T14:00:00.000000",22.9148368835449
"LI","2026-08-03T15:00:00.000000",22.9244041442871
"LI","2026-08-03T16:00:00.000000",22.935640335083
"LI","2026-08-03T17:00:00.000000",22.9444751739502
"LI","2026-08-03T18:00:00.000000",22.9412212371826
"LI","2026-08-03T19:00:00.000000",22.9420261383057
"LI","2026-08-03T20:00:00.000000",22.8888187408447
"LI","2026-08-03T21:00:00.000000",22.8495025634766
"LI","2026-08-03T22:00:00.000000",22.8521385192871
"LI","2026-08-03T23:00:00.000000",22.8925647735596
"LI","2026-08-04T00:00:00.000000",22.8958644866943
"LI","2026-08-04T01:00:00.000000",22.909351348877
"LI","2026-08-04T02:00:00.000000",22.9753437042236
"LI","2026-08-04T03:00:00.000000",23.0256652832031
"LI","2026-08-04T04:00:00.000000",23.0439872741699
"LI","2026-08-04T05:00:00.000000",23.0492897033691
"LI","2026-08-04T06:00:00.000000",23.0231475830078
"LI","2026-08-04T07:00:00.000000",23.0258407592773
"LI","2026-08-04T08:00:00.000000",23.0225410461426
"LI","2026-08-04T09:00:00.000000",23.0200595855713
"LI","2026-08-04T10:00:00.000000",22.9767379760742
"LI","2026-08-04T11:00:00.000000",22.959156036377
"LI","2026-08-04T12:00:00.000000",22.9577617645264
"LI","2026-08-04T13:00:00.000000",23.0201778411865
"LI","2026-08-04T14:00:00.000000",23.1340065002441
"LI","2026-08-04T15:00:00.000000",23.1481456756592
"LI","2026-08-04T16:00:00.000000",23.1543731689453
"LI","2026-08-04T17:00:00.000000",23.1569900512695
"LI","2026-08-04T18:00:00.000000",23.1508388519287
"LI","2026-08-04T19:00:00.000000",23.1543350219727
"LI","2026-08-04T20:00:00.000000",23.1521148681641
"LI","2026-08-04T21:00:00.000000",23.1474628448486
"LI","2026-08-04T22:00:00.000000",23.1120986938477
"LI","2026-08-04T23:00:00.000000",23.1118221282959
"LI","2026-08-05T00:00:00.000000",23.1342277526855
"LI","2026-08-05T01:00:00.000000",23.2587242126465
"LI","2026-08-05T02:00:00.000000",23.325984954834
"LI","2026-08-05T03:00:00.000000",23.3216114044189
"LI","2026-08-05T04:00:00.000000",23.3007850646973
"LI","2026-08-05T05:00:00.000000",23.2877197265625
"LI","2026-08-05T06:00:00.000000",23.288969039917
"LI","2026-08-05T07:00:00.000000",23.3060932159424
"LI","2026-08-05T08:00:00.000000",23.2850952148438
"LI","2026-08-05T09:00:00.000000",23.2516078948975
"LI","2026-08-05T10:00:00.000000",23.2344779968262
"LI","2026-08-05T11:00:00.000000",23.1718006134033
"LI","2026-08-05T12:00:00.000000",23.1730422973633
"LI","2026-08-05T13:00:00.000000",23.1749839782715
"LI","2026-08-05T14:00:00.000000",23.2087383270264
"LI","2026-08-05T15:00:00.000000",23.2561798095703
"LI","2026-08-05T16:00:00.000000",23.2798595428467
"LI","2026-08-05T17:00:00.000000",23.2806186676025
"LI","2026-08-05T18:00:00.000000",23.2755069732666
"LI","2026-08-05T19:00:00.000000",23.2760696411133
"LI","2026-08-05T20:00:00.000000",23.2757987976074
"LI","2026-08-05T21:00:00.000000",23.2748889923096
"LI","2026-08-05T22:00:00.000000",23.2625217437744
"LI","2026-08-05T23:00:00.000000",23.2429351806641
"LI","2026-08-06T00:00:00.000000",23.2133178710938
"LI","2026-08-06T01:00:00.000000",23.2151737213135
"LI","2026-08-06T02:00:00.000000",23.3245468139648
"LI","2026-08-06T03:00:00.000000",23.4219856262207
"LI","2026-08-06T04:00:00.000000",23.440544128418
"LI","2026-08-06T05:00:00.000000",23.4347267150879
"LI","2026-08-06T06:00:00.000000",23.4368877410889
"LI","2026-08-06T07:00:00.000000",23.4344444274902
"LI","2026-08-06T08:00:00.000000",23.434440612793
"LI","2026-08-06T09:00:00.000000",23.4262027740479
"LI","2026-08-06T10:00:00.000000",23.4095230102539
"LI","2026-08-06T11:00:00.000000",23.3578872680664
"LI","2026-08-06T12:00:00.000000",23.3211326599121
"LI","2026-08-06T13:00:00.000000",23.3224582672119
"LI","2026-08-06T14:00:00.000000",23.32790184021
"LI","2026-08-06T15:00:00.000000",23.4146976470947
"LI","2026-08-06T16:00:00.000000",23.4810009002686
"LI","2026-08-06T17:00:00.000000",23.4952087402344
"LI","2026-08-06T18:00:00.000000",23.4997386932373
"LI","2026-08-06T19:00:00.000000",23.5035572052002
"LI","2026-08-06T20:00:00.000000",23.5045356750488
"LI","2026-08-06T21:00:00.000000",23.5040340423584
"LI","2026-08-06T22:00:00.000000",23.5032653808594
"LI","2026-08-06T23:00:00.000000",23.4934062957764
"LI","2026-08-07T00:00:00.000000",23.4378623962402
"LI","2026-08-07T01:00:00.000000",23.4221973419189
"LI","2026-08-07T02:00:00.000000",23.4079475402832
"LI","2026-08-07T03:00:00.000000",23.3994522094727
"LI","2026-08-07T04:00:00.000000",23.4193859100342
"LI","2026-08-07T05:00:00.000000",23.4734268188477
"LI","2026-08-07T06:00:00.000000",23.4916934967041
"LI","2026-08-07T07:00:00.000000",23.4977512359619
"LI","2026-08-07T08:00:00.000000",23.4977245330811
"LI","2026-08-07T09:00:00.000000",23.4978160858154
"LI","2026-08-07T10:00:00.000000",23.4978542327881
"LI","2026-08-07T11:00:00.000000",23.4985618591309
"LI","2026-08-07T12:00:00.000000",23.4481258392334
"LI","2026-08-07T13:00:00.000000",23.4346199035645
"LI","2026-08-07T14:00:00.000000",23.4361629486084
"LI","2026-08-07T15:00:00.000000",23.4386348724365
"LI","2026-08-07T16:00:00.000000",23.4731273651123
"LI","2026-08-07T17:00:00.000000",23.5163192749023
"LI","2026-08-07T18:00:00.000000",23.5281963348389
"LI","2026-08-07T19:00:00.000000",23.5307693481445
"LI","2026-08-07T20:00:00.000000",23.53076171875
"LI","2026-08-07T21:00:00.000000",23.5286598205566
"LI","2026-08-07T22:00:00.000000",23.5274829864502
"LI","2026-08-07T23:00:00.000000",23.5260715484619
"LI","2026-08-08T00:00:00.000000",23.5254287719727
"OB","2026-07-31T00:00:00.000000",20.3754787445068
"OB","2026-07-31T01:00:00.000000",20.2822265625
"OB","2026-07-31T02:00:00.000000",19.7790203094482
"OB","2026-07-31T03:00:00.000000",19.3253440856934
"OB","2026-07-31T04:00:00.000000",19.119010925293
"OB","2026-07-31T05:00:00.000000",19.0549201965332
"OB","2026-07-31T06:00:00.000000",19.0608692169189
"OB","2026-07-31T07:00:00.000000",19.1028499603271
"OB","2026-07-31T08:00:00.000000",19.1205139160156
"OB","2026-07-31T09:00:00.000000",19.1753349304199
"OB","2026-07-31T10:00:00.000000",19.2185707092285
"OB","2026-07-31T11:00:00.000000",19.2801151275635
"OB","2026-07-31T12:00:00.000000",19.3882713317871
"OB","2026-07-31T13:00:00.000000",19.4824047088623
"OB","2026-07-31T14:00:00.000000",19.4089298248291
"OB","2026-07-31T15:00:00.000000",19.2175483703613
"OB","2026-07-31T16:00:00.000000",19.1055603027344
"OB","2026-07-31T17:00:00.000000",19.0248565673828
"OB","2026-07-31T18:00:00.000000",19.0084762573242
"OB","2026-07-31T19:00:00.000000",18.9815845489502
"OB","2026-07-31T20:00:00.000000",18.9673652648926
"OB","2026-07-31T21:00:00.000000",18.9854869842529
"OB","2026-07-31T22:00:00.000000",19.1153106689453
"OB","2026-07-31T23:00:00.000000",19.2785816192627
"OB","2026-08-01T00:00:00.000000",19.4387397766113
"OB","2026-08-01T01:00:00.000000",19.5889263153076
"OB","2026-08-01T02:00:00.000000",19.6704483032227
"OB","2026-08-01T03:00:00.000000",19.6917018890381
"OB","2026-08-01T04:00:00.000000",19.6406669616699
"OB","2026-08-01T05:00:00.000000",19.5925750732422
"OB","2026-08-01T06:00:00.000000",19.5375118255615
"OB","2026-08-01T07:00:00.000000",19.5166530609131
"OB","2026-08-01T08:00:00.000000",19.5212993621826
"OB","2026-08-01T09:00:00.000000",19.5397243499756
"OB","2026-08-01T10:00:00.000000",19.5481758117676
"OB","2026-08-01T11:00:00.000000",19.563850402832
"OB","2026-08-01T12:00:00.000000",19.6007308959961
"OB","2026-08-01T13:00:00.000000",19.6581630706787
"OB","2026-08-01T14:00:00.000000",19.7427959442139
"OB","2026-08-01T15:00:00.000000",19.7959365844727
"OB","2026-08-01T16:00:00.000000",19.8297939300537
"OB","2026-08-01T17:00:00.000000",19.8576622009277
"OB","2026-08-01T18:00:00.000000",19.9629287719727
"OB","2026-08-01T19:00:00.000000",20.2668857574463
"OB","2026-08-01T20:00:00.000000",20.2667484283447
"OB","2026-08-01T21:00:00.000000",20.2555103302002
"OB","2026-08-01T22:00:00.000000",20.2470283508301
"OB","2026-08-01T23:00:00.000000",20.2397880554199
"OB","2026-08-02T00:00:00.000000",20.2415809631348
"OB","2026-08-02T01:00:00.000000",20.2446994781494
"OB","2026-08-02T02:00:00.000000",20.2517738342285
"OB","2026-08-02T03:00:00.000000",20.2463359832764
"OB","2026-08-02T04:00:00.000000",20.2350082397461
"OB","2026-08-02T05:00:00.000000",20.2126064300537
"OB","2026-08-02T06:00:00.000000",20.1851558685303
"OB","2026-08-02T07:00:00.000000",20.1684799194336
"OB","2026-08-02T08:00:00.000000",20.1538314819336
"OB","2026-08-02T09:00:00.000000",20.1395454406738
"OB","2026-08-02T10:00:00.000000",20.1340827941895
"OB","2026-08-02T11:00:00.000000",20.1282749176025
"OB","2026-08-02T12:00:00.000000",20.1221008300781
"OB","2026-08-02T13:00:00.000000",20.1280574798584
"OB","2026-08-02T14:00:00.000000",20.1821041107178
"OB","2026-08-02T15:00:00.000000",20.3158702850342
"OB","2026-08-02T16:00:00.000000",20.4550666809082
"OB","2026-08-02T17:00:00.000000",20.4826679229736
"OB","2026-08-02T18:00:00.000000",20.5030097961426
"OB","2026-08-02T19:00:00.000000",20.5058059692383
"OB","2026-08-02T20:00:00.000000",20.519660949707
"OB","2026-08-02T21:00:00.000000",20.5037899017334
"OB","2026-08-02T22:00:00.000000",20.5071144104004
"OB","2026-08-02T23:00:00.000000",20.4976863861084
"OB","2026-08-03T00:00:00.000000",20.4726123809814
"OB","2026-08-03T01:00:00.000000",20.4607448577881
"OB","2026-08-03T02:00:00.000000",20.4567985534668
"OB","2026-08-03T03:00:00.000000",20.4876098632812
"OB","2026-08-03T04:00:00.000000",20.4930877685547
"OB","2026-08-03T05:00:00.000000",20.4323196411133
"OB","2026-08-03T06:00:00.000000",20.3673992156982
"OB","2026-08-03T07:00:00.000000",20.3307552337646
"OB","2026-08-03T08:00:00.000000",20.3060111999512
"OB","2026-08-03T09:00:00.000000",20.3000030517578
"OB","2026-08-03T10:00:00.000000",20.3187522888184
"OB","2026-08-03T11:00:00.000000",20.3390636444092
"OB","2026-08-03T12:00:00.000000",20.3687057495117
"OB","2026-08-03T13:00:00.000000",20.3554229736328
"OB","2026-08-03T14:00:00.000000",20.3537731170654
"OB","2026-08-03T15:00:00.000000",20.3720798492432
"OB","2026-08-03T16:00:00.000000",20.377685546875
"OB","2026-08-03T17:00:00.000000",20.3841686248779
"OB","2026-08-03T18:00:00.000000",20.398962020874
"OB","2026-08-03T19:00:00.000000",20.4079132080078
"OB","2026-08-03T20:00:00.000000",20.392406463623
"OB","2026-08-03T21:00:00.000000",20.3887119293213
"OB","2026-08-03T22:00:00.000000",20.3957176208496
"OB","2026-08-03T23:00:00.000000",20.3984603881836
"OB","2026-08-04T00:00:00.000000",20.3638782501221
"OB","2026-08-04T01:00:00.000000",20.2656745910645
"OB","2026-08-04T02:00:00.000000",20.2144470214844
"OB","2026-08-04T03:00:00.000000",20.2104911804199
"OB","2026-08-04T04:00:00.000000",20.2085781097412
"OB","2026-08-04T05:00:00.000000",20.2002487182617
"OB","2026-08-04T06:00:00.000000",20.167989730835
"OB","2026-08-04T07:00:00.000000",20.1367282867432
"OB","2026-08-04T08:00:00.000000",20.1352233886719
"OB","2026-08-04T09:00:00.000000",20.1285610198975
"OB","2026-08-04T10:00:00.000000",20.1162109375
"OB","2026-08-04T11:00:00.000000",20.0970344543457
"OB","2026-08-04T12:00:00.000000",20.0713272094727
"OB","2026-08-04T13:00:00.000000",20.0428504943848
"OB","2026-08-04T14:00:00.000000",20.0177021026611
"OB","2026-08-04T15:00:00.000000",20.0290966033936
"OB","2026-08-04T16:00:00.000000",20.0490627288818
"OB","2026-08-04T17:00:00.000000",19.9963779449463
"OB","2026-08-04T18:00:00.000000",19.7293949127197
"OB","2026-08-04T19:00:00.000000",19.6591358184814
"OB","2026-08-04T20:00:00.000000",19.733039855957
"OB","2026-08-04T21:00:00.000000",20.093677520752
"OB","2026-08-04T22:00:00.000000",20.128137588501
"OB","2026-08-04T23:00:00.000000",20.1448287963867
"OB","2026-08-05T00:00:00.000000",20.1358070373535
"OB","2026-08-05T01:00:00.000000",20.1030616760254
"OB","2026-08-05T02:00:00.000000",20.0883045196533
"OB","2026-08-05T03:00:00.000000",20.0756664276123
"OB","2026-08-05T04:00:00.000000",20.0506591796875
"OB","2026-08-05T05:00:00.000000",19.9535903930664
"OB","2026-08-05T06:00:00.000000",19.7836303710938
"OB","2026-08-05T07:00:00.000000",19.6288909912109
"OB","2026-08-05T08:00:00.000000",19.5204772949219
"OB","2026-08-05T09:00:00.000000",19.4604034423828
"OB","2026-08-05T10:00:00.000000",19.4251480102539
"OB","2026-08-05T11:00:00.000000",19.4096813201904
"OB","2026-08-05T12:00:00.000000",19.3829250335693
"OB","2026-08-05T13:00:00.000000",19.370943069458
"OB","2026-08-05T14:00:00.000000",19.3482608795166
"OB","2026-08-05T15:00:00.000000",19.3835678100586
"OB","2026-08-05T16:00:00.000000",19.4808578491211
"OB","2026-08-05T17:00:00.000000",19.590311050415
"OB","2026-08-05T18:00:00.000000",19.5927581787109
"OB","2026-08-05T19:00:00.000000",19.4910354614258
"OB","2026-08-05T20:00:00.000000",19.4309902191162
"OB","2026-08-05T21:00:00.000000",19.411205291748
"OB","2026-08-05T22:00:00.000000",19.4116535186768
"OB","2026-08-05T23:00:00.000000",19.4674396514893
"OB","2026-08-06T00:00:00.000000",19.5493659973145
"OB","2026-08-06T01:00:00.000000",19.5857563018799
"OB","2026-08-06T02:00:00.000000",19.5933017730713
"OB","2026-08-06T03:00:00.000000",19.6547145843506
"OB","2026-08-06T04:00:00.000000",19.7133522033691
"OB","2026-08-06T05:00:00.000000",19.7335586547852
"OB","2026-08-06T06:00:00.000000",19.7053050994873
"OB","2026-08-06T07:00:00.000000",19.6148662567139
"OB","2026-08-06T08:00:00.000000",19.522274017334
"OB","2026-08-06T09:00:00.000000",19.4654121398926
"OB","2026-08-06T10:00:00.000000",19.4319686889648
"OB","2026-08-06T11:00:00.000000",19.4056015014648
"OB","2026-08-06T12:00:00.000000",19.3890361785889
"OB","2026-08-06T13:00:00.000000",19.3810749053955
"OB","2026-08-06T14:00:00.000000",19.4161071777344
"OB","2026-08-06T15:00:00.000000",19.5100383758545
"OB","2026-08-06T16:00:00.000000",19.6865234375
"OB","2026-08-06T17:00:00.000000",19.78369140625
"OB","2026-08-06T18:00:00.000000",19.7645282745361
"OB","2026-08-06T19:00:00.000000",19.7313232421875
"OB","2026-08-06T20:00:00.000000",19.7059574127197
"OB","2026-08-06T21:00:00.000000",19.725549697876
"OB","2026-08-06T22:00:00.000000",19.7421855926514
"OB","2026-08-06T23:00:00.000000",19.7309436798096
"OB","2026-08-07T00:00:00.000000",19.705696105957
"OB","2026-08-07T01:00:00.000000",19.6919803619385
"OB","2026-08-07T02:00:00.000000",19.674186706543
"OB","2026-08-07T03:00:00.000000",19.6507377624512
"OB","2026-08-07T04:00:00.000000",19.6392192840576
"OB","2026-08-07T05:00:00.000000",19.6440982818604
"OB","2026-08-07T06:00:00.000000",19.6550273895264
"OB","2026-08-07T07:00:00.000000",19.6516304016113
"OB","2026-08-07T08:00:00.000000",19.6171264648438
"OB","2026-08-07T09:00:00.000000",19.5415477752686
"OB","2026-08-07T10:00:00.000000",19.47287940979
"OB","2026-08-07T11:00:00.000000",19.4243640899658
"OB","2026-08-07T12:00:00.000000",19.3906021118164
"OB","2026-08-07T13:00:00.000000",19.3814029693604
"OB","2026-08-07T14:00:00.000000",19.4553146362305
"OB","2026-08-07T15:00:00.000000",19.6426887512207
"OB","2026-08-07T16:00:00.000000",19.6570644378662
"OB","2026-08-07T17:00:00.000000",19.6636199951172
"OB","2026-08-07T18:00:00.000000",19.6511154174805
"OB","2026-08-07T19:00:00.000000",19.6276092529297
"OB","2026-08-07T20:00:00.000000",19.6045074462891
"OB","2026-08-07T21:00:00.000000",19.5886039733887
"OB","2026-08-07T22:00:00.000000",19.5910472869873
"OB","2026-08-07T23:00:00.000000",19.5980243682861
"OB","2026-08-08T00:00:00.000000",19.5832424163818
"WC","2026-07-31T00:00:00.000000",22.9613342285156
"WC","2026-07-31T01:00:00.000000",22.9821662902832
"WC","2026-07-31T02:00:00.000000",22.9756946563721
"WC","2026-07-31T03:00:00.000000",22.9700393676758
"WC","2026-07-31T04:00:00.000000",22.9565315246582
"WC","2026-07-31T05:00:00.000000",22.8038787841797
"WC","2026-07-31T06:00:00.000000",22.5838584899902
"WC","2026-07-31T07:00:00.000000",22.3979606628418
"WC","2026-07-31T08:00:00.000000",22.0329208374023
"WC","2026-07-31T09:00:00.000000",21.7467155456543
"WC","2026-07-31T10:00:00.000000",21.7843379974365
"WC","2026-07-31T11:00:00.000000",22.5990180969238
"WC","2026-07-31T12:00:00.000000",22.8744792938232
"WC","2026-07-31T13:00:00.000000",22.8928470611572
"WC","2026-07-31T14:00:00.000000",22.9127025604248
"WC","2026-07-31T15:00:00.000000",22.9227485656738
"WC","2026-07-31T16:00:00.000000",22.9268093109131
"WC","2026-07-31T17:00:00.000000",22.8809490203857
"WC","2026-07-31T18:00:00.000000",22.5385570526123
"WC","2026-07-31T19:00:00.000000",22.3741359710693
"WC","2026-07-31T20:00:00.000000",22.1937370300293
"WC","2026-07-31T21:00:00.000000",22.0201892852783
"WC","2026-07-31T22:00:00.000000",21.9816226959229
"WC","2026-07-31T23:00:00.000000",22.3755283355713
"WC","2026-08-01T00:00:00.000000",22.8150825500488
"WC","2026-08-01T01:00:00.000000",22.8801670074463
"WC","2026-08-01T02:00:00.000000",22.8917579650879
"WC","2026-08-01T03:00:00.000000",22.8935890197754
"WC","2026-08-01T04:00:00.000000",22.8884983062744
"WC","2026-08-01T05:00:00.000000",22.8438014984131
"WC","2026-08-01T06:00:00.000000",22.5256900787354
"WC","2026-08-01T07:00:00.000000",22.3693218231201
"WC","2026-08-01T08:00:00.000000",22.1523742675781
"WC","2026-08-01T09:00:00.000000",21.9418201446533
"WC","2026-08-01T10:00:00.000000",21.8010921478271
"WC","2026-08-01T11:00:00.000000",22.067554473877
"WC","2026-08-01T12:00:00.000000",22.6148910522461
"WC","2026-08-01T13:00:00.000000",22.7927989959717
"WC","2026-08-01T14:00:00.000000",22.8211555480957
"WC","2026-08-01T15:00:00.000000",22.8201675415039
"WC","2026-08-01T16:00:00.000000",22.8208637237549
"WC","2026-08-01T17:00:00.000000",22.8259239196777
"WC","2026-08-01T18:00:00.000000",22.684513092041
"WC","2026-08-01T19:00:00.000000",22.4601669311523
"WC","2026-08-01T20:00:00.000000",22.3518810272217
"WC","2026-08-01T21:00:00.000000",22.2198181152344
"WC","2026-08-01T22:00:00.000000",22.1378803253174
"WC","2026-08-01T23:00:00.000000",22.1688041687012
"WC","2026-08-02T00:00:00.000000",22.5253944396973
"WC","2026-08-02T01:00:00.000000",22.7392311096191
"WC","2026-08-02T02:00:00.000000",22.7640724182129
"WC","2026-08-02T03:00:00.000000",22.7602882385254
"WC","2026-08-02T04:00:00.000000",22.740291595459
"WC","2026-08-02T05:00:00.000000",22.7333145141602
"WC","2026-08-02T06:00:00.000000",22.6486740112305
"WC","2026-08-02T07:00:00.000000",22.467191696167
"WC","2026-08-02T08:00:00.000000",22.3579444885254
"WC","2026-08-02T09:00:00.000000",22.2169704437256
"WC","2026-08-02T10:00:00.000000",22.0515651702881
"WC","2026-08-02T11:00:00.000000",22.0047779083252
"WC","2026-08-02T12:00:00.000000",22.2956428527832
"WC","2026-08-02T13:00:00.000000",22.6308994293213
"WC","2026-08-02T14:00:00.000000",22.6748695373535
"WC","2026-08-02T15:00:00.000000",22.6740818023682
"WC","2026-08-02T16:00:00.000000",22.6870059967041
"WC","2026-08-02T17:00:00.000000",22.6841678619385
"WC","2026-08-02T18:00:00.000000",22.6785488128662
"WC","2026-08-02T19:00:00.000000",22.5429420471191
"WC","2026-08-02T20:00:00.000000",22.4367218017578
"WC","2026-08-02T21:00:00.000000",22.3605308532715
"WC","2026-08-02T22:00:00.000000",22.2563972473145
"WC","2026-08-02T23:00:00.000000",22.162899017334
"WC","2026-08-03T00:00:00.000000",22.281421661377
"WC","2026-08-03T01:00:00.000000",22.6269836425781
"WC","2026-08-03T02:00:00.000000",22.758918762207
"WC","2026-08-03T03:00:00.000000",22.778148651123
"WC","2026-08-03T04:00:00.000000",22.7825393676758
"WC","2026-08-03T05:00:00.000000",22.7798080444336
"WC","2026-08-03T06:00:00.000000",22.7689151763916
"WC","2026-08-03T07:00:00.000000",22.6329460144043
"WC","2026-08-03T08:00:00.000000",22.4747943878174
"WC","2026-08-03T09:00:00.000000",22.3751964569092
"WC","2026-08-03T10:00:00.000000",22.2461605072021
"WC","2026-08-03T11:00:00.000000",22.1625442504883
"WC","2026-08-03T12:00:00.000000",22.2322731018066
"WC","2026-08-03T13:00:00.000000",22.6090812683105
"WC","2026-08-03T14:00:00.000000",22.7586669921875
"WC","2026-08-03T15:00:00.000000",22.8033084869385
"WC","2026-08-03T16:00:00.000000",22.8310699462891
"WC","2026-08-03T17:00:00.000000",22.8413772583008
"WC","2026-08-03T18:00:00.000000",22.8328437805176
"WC","2026-08-03T19:00:00.000000",22.7979526519775
"WC","2026-08-03T20:00:00.000000",22.6431159973145
"WC","2026-08-03T21:00:00.000000",22.5199527740479
"WC","2026-08-03T22:00:00.000000",22.4330787658691
"WC","2026-08-03T23:00:00.000000",22.3718910217285
"WC","2026-08-04T00:00:00.000000",22.3320140838623
"WC","2026-08-04T01:00:00.000000",22.4579887390137
"WC","2026-08-04T02:00:00.000000",22.728307723999
"WC","2026-08-04T03:00:00.000000",22.7839603424072
"WC","2026-08-04T04:00:00.000000",22.7824745178223
"WC","2026-08-04T05:00:00.000000",22.7682342529297
"WC","2026-08-04T06:00:00.000000",22.7652454376221
"WC","2026-08-04T07:00:00.000000",22.7565021514893
"WC","2026-08-04T08:00:00.000000",22.6150360107422
"WC","2026-08-04T09:00:00.000000",22.4979705810547
"WC","2026-08-04T10:00:00.000000",22.3314094543457
"WC","2026-08-04T11:00:00.000000",22.2183322906494
"WC","2026-08-04T12:00:00.000000",22.1256732940674
"WC","2026-08-04T13:00:00.000000",22.2034854888916
"WC","2026-08-04T14:00:00.000000",22.6585369110107
"WC","2026-08-04T15:00:00.000000",22.809326171875
"WC","2026-08-04T16:00:00.000000",22.859655380249
"WC","2026-08-04T17:00:00.000000",22.8953590393066
"WC","2026-08-04T18:00:00.000000",22.9222431182861
"WC","2026-08-04T19:00:00.000000",22.9098434448242
"WC","2026-08-04T20:00:00.000000",22.7930488586426
"WC","2026-08-04T21:00:00.000000",22.590784072876
"WC","2026-08-04T22:00:00.000000",22.5016994476318
"WC","2026-08-04T23:00:00.000000",22.3300800323486
"WC","2026-08-05T00:00:00.000000",22.2148685455322
"WC","2026-08-05T01:00:00.000000",22.1393013000488
"WC","2026-08-05T02:00:00.000000",22.5124378204346
"WC","2026-08-05T03:00:00.000000",22.8440093994141
"WC","2026-08-05T04:00:00.000000",22.9301700592041
"WC","2026-08-05T05:00:00.000000",22.9332695007324
"WC","2026-08-05T06:00:00.000000",22.9289016723633
"WC","2026-08-05T07:00:00.000000",22.9099636077881
"WC","2026-08-05T08:00:00.000000",22.8524036407471
"WC","2026-08-05T09:00:00.000000",22.6378688812256
"WC","2026-08-05T10:00:00.000000",22.5064239501953
"WC","2026-08-05T11:00:00.000000",22.3551425933838
"WC","2026-08-05T12:00:00.000000",22.2154979705811
"WC","2026-08-05T13:00:00.000000",22.1263027191162
"WC","2026-08-05T14:00:00.000000",22.287446975708
"WC","2026-08-05T15:00:00.000000",22.8021297454834
"WC","2026-08-05T16:00:00.000000",22.9633636474609
"WC","2026-08-05T17:00:00.000000",22.9870929718018
"WC","2026-08-05T18:00:00.000000",23.0064792633057
"WC","2026-08-05T19:00:00.000000",23.0075950622559
"WC","2026-08-05T20:00:00.000000",22.9838562011719
"WC","2026-08-05T21:00:00.000000",22.781457901001
"WC","2026-08-05T22:00:00.000000",22.6093692779541
"WC","2026-08-05T23:00:00.000000",22.4816417694092
"WC","2026-08-06T00:00:00.000000",22.244514465332
"WC","2026-08-06T01:00:00.000000",21.9249000549316
"WC","2026-08-06T02:00:00.000000",21.9745483398438
"WC","2026-08-06T03:00:00.000000",22.678560256958
"WC","2026-08-06T04:00:00.000000",22.9885768890381
"WC","2026-08-06T05:00:00.000000",23.0458393096924
"WC","2026-08-06T06:00:00.000000",23.0678863525391
"WC","2026-08-06T07:00:00.000000",23.0813503265381
"WC","2026-08-06T08:00:00.000000",23.0539531707764
"WC","2026-08-06T09:00:00.000000",22.9240741729736
"WC","2026-08-06T10:00:00.000000",22.6082172393799
"WC","2026-08-06T11:00:00.000000",22.4637718200684
"WC","2026-08-06T12:00:00.000000",22.2819480895996
"WC","2026-08-06T13:00:00.000000",22.1104927062988
"WC","2026-08-06T14:00:00.000000",22.0081100463867
"WC","2026-08-06T15:00:00.000000",22.3441619873047
"WC","2026-08-06T16:00:00.000000",22.9731884002686
"WC","2026-08-06T17:00:00.000000",23.1308822631836
"WC","2026-08-06T18:00:00.000000",23.1478271484375
"WC","2026-08-06T19:00:00.000000",23.1716327667236
"WC","2026-08-06T20:00:00.000000",23.1674900054932
"WC","2026-08-06T21:00:00.000000",23.1175365447998
"WC","2026-08-06T22:00:00.000000",22.9486618041992
"WC","2026-08-06T23:00:00.000000",22.7202796936035
"WC","2026-08-07T00:00:00.000000",22.5606365203857
"WC","2026-08-07T01:00:00.000000",22.3420104980469
"WC","2026-08-07T02:00:00.000000",22.1521034240723
"WC","2026-08-07T03:00:00.000000",22.1305999755859
"WC","2026-08-07T04:00:00.000000",22.6645889282227
"WC","2026-08-07T05:00:00.000000",23.0325126647949
"WC","2026-08-07T06:00:00.000000",23.119909286499
"WC","2026-08-07T07:00:00.000000",23.120964050293
"WC","2026-08-07T08:00:00.000000",23.1247692108154
"WC","2026-08-07T09:00:00.000000",23.1003322601318
"WC","2026-08-07T10:00:00.000000",23.0257568359375
"WC","2026-08-07T11:00:00.000000",22.7729358673096
"WC","2026-08-07T12:00:00.000000",22.6171398162842
"WC","2026-08-07T13:00:00.000000",22.4821529388428
"WC","2026-08-07T14:00:00.000000",22.3489093780518
"WC","2026-08-07T15:00:00.000000",22.2774562835693
"WC","2026-08-07T16:00:00.000000",22.525089263916
"WC","2026-08-07T17:00:00.000000",23.0411167144775
"WC","2026-08-07T18:00:00.000000",23.1929817199707
"WC","2026-08-07T19:00:00.000000",23.2163677215576
"WC","2026-08-07T20:00:00.000000",23.225212097168
"WC","2026-08-07T21:00:00.000000",23.2186679840088
"WC","2026-08-07T22:00:00.000000",23.178918838501
"WC","2026-08-07T23:00:00.000000",23.0572834014893
"WC","2026-08-08T00:00:00.000000",22.8324108123779
"WI","2026-07-31T00:00:00.000000",23.0235576629639
"WI","2026-07-31T01:00:00.000000",23.0201606750488
"WI","2026-07-31T02:00:00.000000",22.9855117797852
"WI","2026-07-31T03:00:00.000000",22.9695091247559
"WI","2026-07-31T04:00:00.000000",23.0174980163574
"WI","2026-07-31T05:00:00.000000",23.0546035766602
"WI","2026-07-31T06:00:00.000000",23.0368022918701
"WI","2026-07-31T07:00:00.000000",22.9913539886475
"WI","2026-07-31T08:00:00.000000",23.0106773376465
"WI","2026-07-31T09:00:00.000000",23.0230979919434
"WI","2026-07-31T10:00:00.000000",22.8274421691895
"WI","2026-07-31T11:00:00.000000",22.8176593780518
"WI","2026-07-31T12:00:00.000000",22.8022174835205
"WI","2026-07-31T13:00:00.000000",22.8094081878662
"WI","2026-07-31T14:00:00.000000",22.7950096130371
"WI","2026-07-31T15:00:00.000000",22.789888381958
"WI","2026-07-31T16:00:00.000000",22.8352012634277
"WI","2026-07-31T17:00:00.000000",22.9264183044434
"WI","2026-07-31T18:00:00.000000",22.958963394165
"WI","2026-07-31T19:00:00.000000",22.8287105560303
"WI","2026-07-31T20:00:00.000000",22.7557106018066
"WI","2026-07-31T21:00:00.000000",22.7946472167969
"WI","2026-07-31T22:00:00.000000",22.7631435394287
"WI","2026-07-31T23:00:00.000000",22.710355758667
"WI","2026-08-01T00:00:00.000000",22.7116756439209
"WI","2026-08-01T01:00:00.000000",22.7174091339111
"WI","2026-08-01T02:00:00.000000",22.7159996032715
"WI","2026-08-01T03:00:00.000000",22.7853221893311
"WI","2026-08-01T04:00:00.000000",22.8975372314453
"WI","2026-08-01T05:00:00.000000",22.9567451477051
"WI","2026-08-01T06:00:00.000000",22.9990062713623
"WI","2026-08-01T07:00:00.000000",22.8714389801025
"WI","2026-08-01T08:00:00.000000",22.8322601318359
"WI","2026-08-01T09:00:00.000000",22.8492183685303
"WI","2026-08-01T10:00:00.000000",22.803882598877
"WI","2026-08-01T11:00:00.000000",22.7586994171143
"WI","2026-08-01T12:00:00.000000",22.7194480895996
"WI","2026-08-01T13:00:00.000000",22.7173671722412
"WI","2026-08-01T14:00:00.000000",22.756799697876
"WI","2026-08-01T15:00:00.000000",22.7657814025879
"WI","2026-08-01T16:00:00.000000",22.7444763183594
"WI","2026-08-01T17:00:00.000000",22.8286514282227
"WI","2026-08-01T18:00:00.000000",22.9164733886719
"WI","2026-08-01T19:00:00.000000",22.8392181396484
"WI","2026-08-01T20:00:00.000000",22.7988204956055
"WI","2026-08-01T21:00:00.000000",22.8062610626221
"WI","2026-08-01T22:00:00.000000",22.8260345458984
"WI","2026-08-01T23:00:00.000000",22.7899036407471
"WI","2026-08-02T00:00:00.000000",22.7663536071777
"WI","2026-08-02T01:00:00.000000",22.7490520477295
"WI","2026-08-02T02:00:00.000000",22.7644100189209
"WI","2026-08-02T03:00:00.000000",22.7536716461182
"WI","2026-08-02T04:00:00.000000",22.6559677124023
"WI","2026-08-02T05:00:00.000000",22.6521224975586
"WI","2026-08-02T06:00:00.000000",22.7452526092529
"WI","2026-08-02T07:00:00.000000",22.7923965454102
"WI","2026-08-02T08:00:00.000000",22.7703437805176
"WI","2026-08-02T09:00:00.000000",22.8020820617676
"WI","2026-08-02T10:00:00.000000",22.8221397399902
"WI","2026-08-02T11:00:00.000000",22.8286323547363
"WI","2026-08-02T12:00:00.000000",22.7998504638672
"WI","2026-08-02T13:00:00.000000",22.7792263031006
"WI","2026-08-02T14:00:00.000000",22.7819004058838
"WI","2026-08-02T15:00:00.000000",22.7864227294922
"WI","2026-08-02T16:00:00.000000",22.7395439147949
"WI","2026-08-02T17:00:00.000000",22.7138366699219
"WI","2026-08-02T18:00:00.000000",22.804271697998
"WI","2026-08-02T19:00:00.000000",22.8813934326172
"WI","2026-08-02T20:00:00.000000",22.8560256958008
"WI","2026-08-02T21:00:00.000000",22.9105739593506
"WI","2026-08-02T22:00:00.000000",22.9358501434326
"WI","2026-08-02T23:00:00.000000",22.9060726165771
"WI","2026-08-03T00:00:00.000000",22.9440879821777
"WI","2026-08-03T01:00:00.000000",22.8873443603516
"WI","2026-08-03T02:00:00.000000",22.860466003418
"WI","2026-08-03T03:00:00.000000",22.8614482879639
"WI","2026-08-03T04:00:00.000000",22.8736820220947
"WI","2026-08-03T05:00:00.000000",22.8528385162354
"WI","2026-08-03T06:00:00.000000",22.876953125
"WI","2026-08-03T07:00:00.000000",22.9217777252197
"WI","2026-08-03T08:00:00.000000",22.8857269287109
"WI","2026-08-03T09:00:00.000000",22.8596286773682
"WI","2026-08-03T10:00:00.000000",22.8455810546875
"WI","2026-08-03T11:00:00.000000",22.8208694458008
"WI","2026-08-03T12:00:00.000000",22.8259258270264
"WI","2026-08-03T13:00:00.000000",22.844425201416
"WI","2026-08-03T14:00:00.000000",22.8594417572021
"WI","2026-08-03T15:00:00.000000",22.8623695373535
"WI","2026-08-03T16:00:00.000000",22.8599472045898
"WI","2026-08-03T17:00:00.000000",22.861499786377
"WI","2026-08-03T18:00:00.000000",22.8854942321777
"WI","2026-08-03T19:00:00.000000",22.8884468078613
"WI","2026-08-03T20:00:00.000000",22.8890419006348
"WI","2026-08-03T21:00:00.000000",22.890380859375
"WI","2026-08-03T22:00:00.000000",22.8700504302979
"WI","2026-08-03T23:00:00.000000",22.8466053009033
"WI","2026-08-04T00:00:00.000000",22.8122444152832
"WI","2026-08-04T01:00:00.000000",22.7806606292725
"WI","2026-08-04T02:00:00.000000",22.8034191131592
"WI","2026-08-04T03:00:00.000000",22.7995281219482
"WI","2026-08-04T04:00:00.000000",22.7957534790039
"WI","2026-08-04T05:00:00.000000",22.7898197174072
"WI","2026-08-04T06:00:00.000000",22.7369022369385
"WI","2026-08-04T07:00:00.000000",22.750316619873
"WI","2026-08-04T08:00:00.000000",22.7813358306885
"WI","2026-08-04T09:00:00.000000",22.8272857666016
"WI","2026-08-04T10:00:00.000000",22.823091506958
"WI","2026-08-04T11:00:00.000000",22.8067588806152
"WI","2026-08-04T12:00:00.000000",22.7669353485107
"WI","2026-08-04T13:00:00.000000",22.6831073760986
"WI","2026-08-04T14:00:00.000000",22.7066173553467
"WI","2026-08-04T15:00:00.000000",22.7180500030518
"WI","2026-08-04T16:00:00.000000",22.7203960418701
"WI","2026-08-04T17:00:00.000000",22.6857166290283
"WI","2026-08-04T18:00:00.000000",22.6610565185547
"WI","2026-08-04T19:00:00.000000",22.7082195281982
"WI","2026-08-04T20:00:00.000000",22.7520599365234
"WI","2026-08-04T21:00:00.000000",22.7754306793213
"WI","2026-08-04T22:00:00.000000",22.7931938171387
"WI","2026-08-04T23:00:00.000000",22.8247470855713
"WI","2026-08-05T00:00:00.000000",22.8350124359131
"WI","2026-08-05T01:00:00.000000",22.8110904693604
"WI","2026-08-05T02:00:00.000000",22.7531890869141
"WI","2026-08-05T03:00:00.000000",22.6987247467041
"WI","2026-08-05T04:00:00.000000",22.7152900695801
"WI","2026-08-05T05:00:00.000000",22.7303333282471
"WI","2026-08-05T06:00:00.000000",22.728006362915
"WI","2026-08-05T07:00:00.000000",22.751781463623
"WI","2026-08-05T08:00:00.000000",22.782808303833
"WI","2026-08-05T09:00:00.000000",22.8012676239014
"WI","2026-08-05T10:00:00.000000",22.7698993682861
"WI","2026-08-05T11:00:00.000000",22.7786846160889
"WI","2026-08-05T12:00:00.000000",22.789644241333
"WI","2026-08-05T13:00:00.000000",22.7741584777832
"WI","2026-08-05T14:00:00.000000",22.7600574493408
"WI","2026-08-05T15:00:00.000000",22.7708988189697
"WI","2026-08-05T16:00:00.000000",22.7836246490479
"WI","2026-08-05T17:00:00.000000",22.7711524963379
"WI","2026-08-05T18:00:00.000000",22.7470111846924
"WI","2026-08-05T19:00:00.000000",22.7879791259766
"WI","2026-08-05T20:00:00.000000",22.8282299041748
"WI","2026-08-05T21:00:00.000000",22.856481552124
"WI","2026-08-05T22:00:00.000000",22.8348693847656
"WI","2026-08-05T23:00:00.000000",22.7962417602539
"WI","2026-08-06T00:00:00.000000",22.7897663116455
"WI","2026-08-06T01:00:00.000000",22.7922077178955
"WI","2026-08-06T02:00:00.000000",22.7914924621582
"WI","2026-08-06T03:00:00.000000",22.7757530212402
"WI","2026-08-06T04:00:00.000000",22.7574081420898
"WI","2026-08-06T05:00:00.000000",22.7581787109375
"WI","2026-08-06T06:00:00.000000",22.7788887023926
"WI","2026-08-06T07:00:00.000000",22.8309288024902
"WI","2026-08-06T08:00:00.000000",22.9033813476562
"WI","2026-08-06T09:00:00.000000",22.9332408905029
"WI","2026-08-06T10:00:00.000000",22.93385887146
"WI","2026-08-06T11:00:00.000000",22.8361682891846
"WI","2026-08-06T12:00:00.000000",22.8118915557861
"WI","2026-08-06T13:00:00.000000",22.8180770874023
"WI","2026-08-06T14:00:00.000000",22.8044471740723
"WI","2026-08-06T15:00:00.000000",22.7938098907471
"WI","2026-08-06T16:00:00.000000",22.7652645111084
"WI","2026-08-06T17:00:00.000000",22.7492065429688
"WI","2026-08-06T18:00:00.000000",22.7534580230713
"WI","2026-08-06T19:00:00.000000",22.8005294799805
"WI","2026-08-06T20:00:00.000000",22.9343414306641
"WI","2026-08-06T21:00:00.000000",22.9961395263672
"WI","2026-08-06T22:00:00.000000",23.0207939147949
"WI","2026-08-06T23:00:00.000000",23.0102500915527
"WI","2026-08-07T00:00:00.000000",22.8848400115967
"WI","2026-08-07T01:00:00.000000",22.8871021270752
"WI","2026-08-07T02:00:00.000000",22.8703212738037
"WI","2026-08-07T03:00:00.000000",22.8563652038574
"WI","2026-08-07T04:00:00.000000",22.8543395996094
"WI","2026-08-07T05:00:00.000000",22.849006652832
"WI","2026-08-07T06:00:00.000000",22.8444728851318
"WI","2026-08-07T07:00:00.000000",22.8440093994141
"WI","2026-08-07T08:00:00.000000",22.9359149932861
"WI","2026-08-07T09:00:00.000000",23.0676078796387
"WI","2026-08-07T10:00:00.000000",23.1055755615234
"WI","2026-08-07T11:00:00.000000",23.103328704834
"WI","2026-08-07T12:00:00.000000",22.9565925598145
"WI","2026-08-07T13:00:00.000000",22.9199352264404
"WI","2026-08-07T14:00:00.000000",22.9133167266846
"WI","2026-08-07T15:00:00.000000",22.9104423522949
"WI","2026-08-07T16:00:00.000000",22.916223526001
"WI","2026-08-07T17:00:00.000000",22.9220237731934
"WI","2026-08-07T18:00:00.000000",22.9313793182373
"WI","2026-08-07T19:00:00.000000",22.9408760070801
"WI","2026-08-07T20:00:00.000000",22.9460678100586
"WI","2026-08-07T21:00:00.000000",23.0021018981934
"WI","2026-08-07T22:00:00.000000",23.1551742553711
"WI","2026-08-07T23:00:00.000000",23.2093868255615
"WI","2026-08-08T00:00:00.000000",23.1989097595215
