"site_id","time","temp"
"AQ","2026-07-29T00:00:00.000000",15.9902381896973
"AQ","2026-07-29T01:00:00.000000",15.9749946594238
"AQ","2026-07-29T02:00:00.000000",15.9392042160034
"AQ","2026-07-29T03:00:00.000000",15.9217185974121
"AQ","2026-07-29T04:00:00.000000",15.9202013015747
"AQ","2026-07-29T05:00:00.000000",15.9775686264038
"AQ","2026-07-29T06:00:00.000000",16.0997714996338
"AQ","2026-07-29T07:00:00.000000",16.2447490692139
"AQ","2026-07-29T08:00:00.000000",16.3813076019287
"AQ","2026-07-29T09:00:00.000000",16.4528408050537
"AQ","2026-07-29T10:00:00.000000",16.4634971618652
"AQ","2026-07-29T11:00:00.000000",16.463171005249
"AQ","2026-07-29T12:00:00.000000",16.4604778289795
"AQ","2026-07-29T13:00:00.000000",16.5274410247803
"AQ","2026-07-29T14:00:00.000000",16.5985698699951
"AQ","2026-07-29T15:00:00.000000",16.7292900085449
"AQ","2026-07-29T16:00:00.000000",16.8543338775635
"AQ","2026-07-29T17:00:00.000000",17.0086555480957
"AQ","2026-07-29T18:00:00.000000",17.164306640625
"AQ","2026-07-29T19:00:00.000000",17.2603168487549
"AQ","2026-07-29T20:00:00.000000",17.3093318939209
"AQ","2026-07-29T21:00:00.000000",17.3307018280029
"AQ","2026-07-29T22:00:00.000000",17.3271503448486
"AQ","2026-07-29T23:00:00.000000",17.3103866577148
"AQ","2026-07-30T00:00:00.000000",17.2880687713623
"AQ","2026-07-30T01:00:00.000000",17.2684421539307
"AQ","2026-07-30T02:00:00.000000",17.2537002563477
"AQ","2026-07-30T03:00:00.000000",17.2689628601074
"AQ","2026-07-30T04:00:00.000000",17.2800979614258
"AQ","2026-07-30T05:00:00.000000",17.2952156066895
"AQ","2026-07-30T06:00:00.000000",17.3161468505859
"AQ","2026-07-30T07:00:00.000000",17.3468170166016
"AQ","2026-07-30T08:00:00.000000",17.3849830627441
"AQ","2026-07-30T09:00:00.000000",17.4098739624023
"AQ","2026-07-30T10:00:00.000000",17.4170970916748
"AQ","2026-07-30T11:00:00.000000",17.4130020141602
"AQ","2026-07-30T12:00:00.000000",17.4021816253662
"AQ","2026-07-30T13:00:00.000000",17.3959617614746
"AQ","2026-07-30T14:00:00.000000",17.3902492523193
"AQ","2026-07-30T15:00:00.000000",17.3868007659912
"AQ","2026-07-30T16:00:00.000000",17.3845443725586
"AQ","2026-07-30T17:00:00.000000",17.3973140716553
"AQ","2026-07-30T18:00:00.000000",17.4309120178223
"AQ","2026-07-30T19:00:00.000000",17.4475975036621
"AQ","2026-07-30T20:00:00.000000",17.4520092010498
"AQ","2026-07-30T21:00:00.000000",17.4568710327148
"AQ","2026-07-30T22:00:00.000000",17.467041015625
"AQ","2026-07-30T23:00:00.000000",17.4824199676514
"AQ","2026-07-31T00:00:00.000000",17.4990310668945
"AQ","2026-07-31T01:00:00.000000",17.5166397094727
"AQ","2026-07-31T02:00:00.000000",17.5201511383057
"AQ","2026-07-31T03:00:00.000000",17.5229225158691
"AQ","2026-07-31T04:00:00.000000",17.5260753631592
"AQ","2026-07-31T05:00:00.000000",17.530330657959
"AQ","2026-07-31T06:00:00.000000",17.5403499603271
"AQ","2026-07-31T07:00:00.000000",17.5588874816895
"AQ","2026-07-31T08:00:00.000000",17.5621585845947
"AQ","2026-07-31T09:00:00.000000",17.5613956451416
"AQ","2026-07-31T10:00:00.000000",17.5613212585449
"AQ","2026-07-31T11:00:00.000000",17.5633735656738
"AQ","2026-07-31T12:00:00.000000",17.5715637207031
"AQ","2026-07-31T13:00:00.000000",17.5826225280762
"AQ","2026-07-31T14:00:00.000000",17.5879173278809
"AQ","2026-07-31T15:00:00.000000",17.5892944335938
"AQ","2026-07-31T16:00:00.000000",17.5886535644531
"AQ","2026-07-31T17:00:00.000000",17.5895671844482
"AQ","2026-07-31T18:00:00.000000",17.5951137542725
"AQ","2026-07-31T19:00:00.000000",17.6157855987549
"AQ","2026-07-31T20:00:00.000000",17.6516208648682
"AQ","2026-07-31T21:00:00.000000",17.6771907806396
"AQ","2026-07-31T22:00:00.000000",17.688627243042
"AQ","2026-07-31T23:00:00.000000",17.6914443969727
"AQ","2026-08-01T00:00:00.000000",17.695779800415
"AQ","2026-08-01T01:00:00.000000",17.7056636810303
"AQ","2026-08-01T02:00:00.000000",17.7097358703613
"AQ","2026-08-01T03:00:00.000000",17.7060012817383
"AQ","2026-08-01T04:00:00.000000",17.6977825164795
"AQ","2026-08-01T05:00:00.000000",17.6837062835693
"AQ","2026-08-01T06:00:00.000000",17.6676578521729
"AQ","2026-08-01T07:00:00.000000",17.6668453216553
"AQ","2026-08-01T08:00:00.000000",17.6737899780273
"AQ","2026-08-01T09:00:00.000000",17.6842823028564
"AQ","2026-08-01T10:00:00.000000",17.6993007659912
"AQ","2026-08-01T11:00:00.000000",17.7093143463135
"AQ","2026-08-01T12:00:00.000000",17.7049312591553
"AQ","2026-08-01T13:00:00.000000",17.6608009338379
"AQ","2026-08-01T14:00:00.000000",17.5500888824463
"AQ","2026-08-01T15:00:00.000000",17.4558029174805
"AQ","2026-08-01T16:00:00.000000",17.3865451812744
"AQ","2026-08-01T17:00:00.000000",17.3835582733154
"AQ","2026-08-01T18:00:00.000000",17.4170570373535
"AQ","2026-08-01T19:00:00.000000",17.4783325195312
"AQ","2026-08-01T20:00:00.000000",17.5694808959961
"AQ","2026-08-01T21:00:00.000000",17.6418266296387
"AQ","2026-08-01T22:00:00.000000",17.695858001709
"AQ","2026-08-01T23:00:00.000000",17.7124271392822
"AQ","2026-08-02T00:00:00.000000",17.7091770172119
"AQ","2026-08-02T01:00:00.000000",17.6673946380615
"AQ","2026-08-02T02:00:00.000000",17.5671806335449
"AQ","2026-08-02T03:00:00.000000",17.4328346252441
"AQ","2026-08-02T04:00:00.000000",17.3252582550049
"AQ","2026-08-02T05:00:00.000000",17.2547569274902
"AQ","2026-08-02T06:00:00.000000",17.226505279541
"AQ","2026-08-02T07:00:00.000000",17.2262630462646
"AQ","2026-08-02T08:00:00.000000",17.2587547302246
"AQ","2026-08-02T09:00:00.000000",17.3153476715088
"AQ","2026-08-02T10:00:00.000000",17.3778190612793
"AQ","2026-08-02T11:00:00.000000",17.4167633056641
"AQ","2026-08-02T12:00:00.000000",17.4185600280762
"AQ","2026-08-02T13:00:00.000000",17.4242115020752
"AQ","2026-08-02T14:00:00.000000",17.3547916412354
"AQ","2026-08-02T15:00:00.000000",17.2444839477539
"AQ","2026-08-02T16:00:00.000000",17.1489582061768
"AQ","2026-08-02T17:00:00.000000",17.101146697998
"AQ","2026-08-02T18:00:00.000000",17.102689743042
"AQ","2026-08-02T19:00:00.000000",17.1389122009277
"AQ","2026-08-02T20:00:00.000000",17.2087097167969
"AQ","2026-08-02T21:00:00.000000",17.2869033813477
"AQ","2026-08-02T22:00:00.000000",17.3477745056152
"AQ","2026-08-02T23:00:00.000000",17.3907089233398
"AQ","2026-08-03T00:00:00.000000",17.3940105438232
"AQ","2026-08-03T01:00:00.000000",17.4020366668701
"AQ","2026-08-03T02:00:00.000000",17.3861999511719
"AQ","2026-08-03T03:00:00.000000",17.2863063812256
"AQ","2026-08-03T04:00:00.000000",17.1597156524658
"AQ","2026-08-03T05:00:00.000000",17.0975742340088
"AQ","2026-08-03T06:00:00.000000",17.1060009002686
"AQ","2026-08-03T07:00:00.000000",17.1680793762207
"AQ","2026-08-03T08:00:00.000000",17.2510070800781
"AQ","2026-08-03T09:00:00.000000",17.299036026001
"AQ","2026-08-03T10:00:00.000000",17.3203353881836
"AQ","2026-08-03T11:00:00.000000",17.3322505950928
"AQ","2026-08-03T12:00:00.000000",17.3382415771484
"AQ","2026-08-03T13:00:00.000000",17.3274936676025
"AQ","2026-08-03T14:00:00.000000",17.2961540222168
"AQ","2026-08-03T15:00:00.000000",17.1741504669189
"AQ","2026-08-03T16:00:00.000000",17.0591869354248
"AQ","2026-08-03T17:00:00.000000",16.9687423706055
"AQ","2026-08-03T18:00:00.000000",16.9356460571289
"AQ","2026-08-03T19:00:00.000000",16.9399299621582
"AQ","2026-08-03T20:00:00.000000",16.9598731994629
"AQ","2026-08-03T21:00:00.000000",16.9886627197266
"AQ","2026-08-03T22:00:00.000000",17.0084533691406
"AQ","2026-08-03T23:00:00.000000",17.0210380554199
"AQ","2026-08-04T00:00:00.000000",17.0341892242432
"AQ","2026-08-04T01:00:00.000000",17.0545330047607
"AQ","2026-08-04T02:00:00.000000",17.055850982666
"AQ","2026-08-04T03:00:00.000000",16.8839836120605
"AQ","2026-08-04T04:00:00.000000",16.6151809692383
"AQ","2026-08-04T05:00:00.000000",16.3959102630615
"AQ","2026-08-04T06:00:00.000000",16.2489833831787
"AQ","2026-08-04T07:00:00.000000",16.1663627624512
"AQ","2026-08-04T08:00:00.000000",16.1406230926514
"AQ","2026-08-04T09:00:00.000000",16.1505718231201
"AQ","2026-08-04T10:00:00.000000",16.1675319671631
"AQ","2026-08-04T11:00:00.000000",16.1788215637207
"AQ","2026-08-04T12:00:00.000000",16.1891632080078
"AQ","2026-08-04T13:00:00.000000",16.2369270324707
"AQ","2026-08-04T14:00:00.000000",16.2844924926758
"AQ","2026-08-04T15:00:00.000000",16.2938117980957
"AQ","2026-08-04T16:00:00.000000",16.0930366516113
"AQ","2026-08-04T17:00:00.000000",15.8877000808716
"AQ","2026-08-04T18:00:00.000000",15.7460317611694
"AQ","2026-08-04T19:00:00.000000",15.670313835144
"AQ","2026-08-04T20:00:00.000000",15.6627054214478
"AQ","2026-08-04T21:00:00.000000",15.7133874893188
"AQ","2026-08-04T22:00:00.000000",15.7635803222656
"AQ","2026-08-04T23:00:00.000000",15.7874040603638
"AQ","2026-08-05T00:00:00.000000",15.8159885406494
"AQ","2026-08-05T01:00:00.000000",15.8571443557739
"AQ","2026-08-05T02:00:00.000000",15.9470500946045
"AQ","2026-08-05T03:00:00.000000",16.1018581390381
"AQ","2026-08-05T04:00:00.000000",16.0505905151367
"AQ","2026-08-05T05:00:00.000000",15.8220138549805
"AQ","2026-08-05T06:00:00.000000",15.5825681686401
"AQ","2026-08-05T07:00:00.000000",15.4410591125488
"AQ","2026-08-05T08:00:00.000000",15.4021701812744
"AQ","2026-08-05T09:00:00.000000",15.4171276092529
"AQ","2026-08-05T10:00:00.000000",15.4808616638184
"AQ","2026-08-05T11:00:00.000000",15.5387058258057
"AQ","2026-08-05T12:00:00.000000",15.5695371627808
"AQ","2026-08-05T13:00:00.000000",15.59521484375
"AQ","2026-08-05T14:00:00.000000",15.6496000289917
"AQ","2026-08-05T15:00:00.000000",15.7597227096558
"AQ","2026-08-05T16:00:00.000000",15.8515977859497
"AQ","2026-08-05T17:00:00.000000",15.8091278076172
"AQ","2026-08-05T18:00:00.000000",15.7212839126587
"AQ","2026-08-05T19:00:00.000000",15.6521673202515
"AQ","2026-08-05T20:00:00.000000",15.634617805481
"AQ","2026-08-05T21:00:00.000000",15.6582021713257
"AQ","2026-08-05T22:00:00.000000",15.7281894683838
"AQ","2026-08-05T23:00:00.000000",15.8098554611206
"AQ","2026-08-06T00:00:00.000000",15.9081506729126
"CB","2026-07-29T00:00:00.000000",11.7276773452759
"CB","2026-07-29T01:00:00.000000",11.4180250167847
"CB","2026-07-29T02:00:00.000000",11.2392807006836
"CB","2026-07-29T03:00:00.000000",11.1459589004517
"CB","2026-07-29T04:00:00.000000",11.0971698760986
"CB","2026-07-29T05:00:00.000000",11.0854024887085
"CB","2026-07-29T06:00:00.000000",11.0920152664185
"CB","2026-07-29T07:00:00.000000",11.0987396240234
"CB","2026-07-29T08:00:00.000000",11.1125802993774
"CB","2026-07-29T09:00:00.000000",11.1251049041748
"CB","2026-07-29T10:00:00.000000",11.1521368026733
"CB","2026-07-29T11:00:00.000000",11.1780424118042
"CB","2026-07-29T12:00:00.000000",11.1105117797852
"CB","2026-07-29T13:00:00.000000",10.9934978485107
"CB","2026-07-29T14:00:00.000000",10.8923082351685
"CB","2026-07-29T15:00:00.000000",10.8505239486694
"CB","2026-07-29T16:00:00.000000",10.8143873214722
"CB","2026-07-29T17:00:00.000000",10.7933530807495
"CB","2026-07-29T18:00:00.000000",10.7664175033569
"CB","2026-07-29T19:00:00.000000",10.7539844512939
"CB","2026-07-29T20:00:00.000000",10.7576589584351
"CB","2026-07-29T21:00:00.000000",10.7676992416382
"CB","2026-07-29T22:00:00.000000",10.7862014770508
"CB","2026-07-29T23:00:00.000000",10.7293462753296
"CB","2026-07-30T00:00:00.000000",10.5809764862061
"CB","2026-07-30T01:00:00.000000",10.4486989974976
"CB","2026-07-30T02:00:00.000000",10.3740224838257
"CB","2026-07-30T03:00:00.000000",10.3472290039062
"CB","2026-07-30T04:00:00.000000",10.3531847000122
"CB","2026-07-30T05:00:00.000000",10.398193359375
"CB","2026-07-30T06:00:00.000000",10.4452095031738
"CB","2026-07-30T07:00:00.000000",10.4605436325073
"CB","2026-07-30T08:00:00.000000",10.4769725799561
"CB","2026-07-30T09:00:00.000000",10.490270614624
"CB","2026-07-30T10:00:00.000000",10.5299787521362
"CB","2026-07-30T11:00:00.000000",10.6614780426025
"CB","2026-07-30T12:00:00.000000",10.7586240768433
"CB","2026-07-30T13:00:00.000000",10.8874206542969
"CB","2026-07-30T14:00:00.000000",11.034538269043
"CB","2026-07-30T15:00:00.000000",11.112361907959
"CB","2026-07-30T16:00:00.000000",11.2396812438965
"CB","2026-07-30T17:00:00.000000",11.302773475647
"CB","2026-07-30T18:00:00.000000",11.3708343505859
"CB","2026-07-30T19:00:00.000000",11.4678010940552
"CB","2026-07-30T20:00:00.000000",11.5427083969116
"CB","2026-07-30T21:00:00.000000",11.6591634750366
"CB","2026-07-30T22:00:00.000000",11.7282209396362
"CB","2026-07-30T23:00:00.000000",11.7837514877319
"CB","2026-07-31T00:00:00.000000",11.8072156906128
"CB","2026-07-31T01:00:00.000000",11.8819150924683
"CB","2026-07-31T02:00:00.000000",12.0275945663452
"CB","2026-07-31T03:00:00.000000",12.2687187194824
"CB","2026-07-31T04:00:00.000000",12.4235544204712
"CB","2026-07-31T05:00:00.000000",12.5745010375977
"CB","2026-07-31T06:00:00.000000",12.5836477279663
"CB","2026-07-31T07:00:00.000000",12.5780515670776
"CB","2026-07-31T08:00:00.000000",12.5996170043945
"CB","2026-07-31T09:00:00.000000",12.6568613052368
"CB","2026-07-31T10:00:00.000000",12.7541599273682
"CB","2026-07-31T11:00:00.000000",12.8032388687134
"CB","2026-07-31T12:00:00.000000",12.8595743179321
"CB","2026-07-31T13:00:00.000000",12.9225053787231
"CB","2026-07-31T14:00:00.000000",13.0451984405518
"CB","2026-07-31T15:00:00.000000",13.2720146179199
"CB","2026-07-31T16:00:00.000000",13.522008895874
"CB","2026-07-31T17:00:00.000000",13.728835105896
"CB","2026-07-31T18:00:00.000000",13.7646446228027
"CB","2026-07-31T19:00:00.000000",13.7630844116211
"CB","2026-07-31T20:00:00.000000",13.8146982192993
"CB","2026-07-31T21:00:00.000000",13.8709411621094
"CB","2026-07-31T22:00:00.000000",13.9361753463745
"CB","2026-07-31T23:00:00.000000",13.9602289199829
"CB","2026-08-01T00:00:00.000000",14.0273628234863
"CB","2026-08-01T01:00:00.000000",14.2253007888794
"CB","2026-08-01T02:00:00.000000",14.3161468505859
"CB","2026-08-01T03:00:00.000000",14.3541879653931
"CB","2026-08-01T04:00:00.000000",14.4705352783203
"CB","2026-08-01T05:00:00.000000",14.699182510376
"CB","2026-08-01T06:00:00.000000",14.8315162658691
"CB","2026-08-01T07:00:00.000000",14.8018436431885
"CB","2026-08-01T08:00:00.000000",14.7403774261475
"CB","2026-08-01T09:00:00.000000",14.6989688873291
"CB","2026-08-01T10:00:00.000000",14.7020540237427
"CB","2026-08-01T11:00:00.000000",14.7074041366577
"CB","2026-08-01T12:00:00.000000",14.7178297042847
"CB","2026-08-01T13:00:00.000000",14.7696905136108
"CB","2026-08-01T14:00:00.000000",14.8730936050415
"CB","2026-08-01T15:00:00.000000",14.9205331802368
"CB","2026-08-01T16:00:00.000000",15.0045766830444
"CB","2026-08-01T17:00:00.000000",15.1262474060059
"CB","2026-08-01T18:00:00.000000",15.244722366333
"CB","2026-08-01T19:00:00.000000",15.2930221557617
"CB","2026-08-01T20:00:00.000000",15.2648487091064
"CB","2026-08-01T21:00:00.000000",15.1765823364258
"CB","2026-08-01T22:00:00.000000",15.1016693115234
"CB","2026-08-01T23:00:00.000000",15.0772180557251
"CB","2026-08-02T00:00:00.000000",15.132664680481
"CB","2026-08-02T01:00:00.000000",15.3531188964844
"CB","2026-08-02T02:00:00.000000",15.6847629547119
"CB","2026-08-02T03:00:00.000000",15.8025789260864
"CB","2026-08-02T04:00:00.000000",15.8301439285278
"CB","2026-08-02T05:00:00.000000",15.837103843689
"CB","2026-08-02T06:00:00.000000",15.8473892211914
"CB","2026-08-02T07:00:00.000000",15.8519306182861
"CB","2026-08-02T08:00:00.000000",15.8150453567505
"CB","2026-08-02T09:00:00.000000",15.7209596633911
"CB","2026-08-02T10:00:00.000000",15.6367835998535
"CB","2026-08-02T11:00:00.000000",15.5970735549927
"CB","2026-08-02T12:00:00.000000",15.5974187850952
"CB","2026-08-02T13:00:00.000000",15.7296047210693
"CB","2026-08-02T14:00:00.000000",15.9382476806641
"CB","2026-08-02T15:00:00.000000",15.9998331069946
"CB","2026-08-02T16:00:00.000000",16.0021057128906
"CB","2026-08-02T17:00:00.000000",15.9985990524292
"CB","2026-08-02T18:00:00.000000",15.9938688278198
"CB","2026-08-02T19:00:00.000000",15.9824819564819
"CB","2026-08-02T20:00:00.000000",15.9737367630005
"CB","2026-08-02T21:00:00.000000",15.9735803604126
"CB","2026-08-02T22:00:00.000000",15.9785709381104
"CB","2026-08-02T23:00:00.000000",16.0216979980469
"CB","2026-08-03T00:00:00.000000",16.0294513702393
"CB","2026-08-03T01:00:00.000000",16.0197830200195
"CB","2026-08-03T02:00:00.000000",16.0057525634766
"CB","2026-08-03T03:00:00.000000",16.0095062255859
"CB","2026-08-03T04:00:00.000000",16.0157012939453
"CB","2026-08-03T05:00:00.000000",16.0280380249023
"CB","2026-08-03T06:00:00.000000",16.0401515960693
"CB","2026-08-03T07:00:00.000000",16.0500640869141
"CB","2026-08-03T08:00:00.000000",16.0560073852539
"CB","2026-08-03T09:00:00.000000",16.059103012085
"CB","2026-08-03T10:00:00.000000",16.0598030090332
"CB","2026-08-03T11:00:00.000000",16.0572490692139
"CB","2026-08-03T12:00:00.000000",16.0465183258057
"CB","2026-08-03T13:00:00.000000",16.0515956878662
"CB","2026-08-03T14:00:00.000000",16.052303314209
"CB","2026-08-03T15:00:00.000000",16.0479621887207
"CB","2026-08-03T16:00:00.000000",16.053783416748
"CB","2026-08-03T17:00:00.000000",16.0573596954346
"CB","2026-08-03T18:00:00.000000",16.0601024627686
"CB","2026-08-03T19:00:00.000000",16.0619716644287
"CB","2026-08-03T20:00:00.000000",16.0631885528564
"CB","2026-08-03T21:00:00.000000",16.0644912719727
"CB","2026-08-03T22:00:00.000000",16.0651664733887
"CB","2026-08-03T23:00:00.000000",16.0646800994873
"CB","2026-08-04T00:00:00.000000",16.0631084442139
"CB","2026-08-04T01:00:00.000000",16.0607242584229
"CB","2026-08-04T02:00:00.000000",16.0535106658936
"CB","2026-08-04T03:00:00.000000",16.0425605773926
"CB","2026-08-04T04:00:00.000000",16.0447769165039
"CB","2026-08-04T05:00:00.000000",16.049036026001
"CB","2026-08-04T06:00:00.000000",16.0470561981201
"CB","2026-08-04T07:00:00.000000",16.0399417877197
"CB","2026-08-04T08:00:00.000000",16.0218868255615
"CB","2026-08-04T09:00:00.000000",15.9705801010132
"CB","2026-08-04T10:00:00.000000",15.910327911377
"CB","2026-08-04T11:00:00.000000",15.8196201324463
"CB","2026-08-04T12:00:00.000000",15.7252035140991
"CB","2026-08-04T13:00:00.000000",15.6910066604614
"CB","2026-08-04T14:00:00.000000",15.6982898712158
"CB","2026-08-04T15:00:00.000000",15.7353868484497
"CB","2026-08-04T16:00:00.000000",15.8294219970703
"CB","2026-08-04T17:00:00.000000",15.8793849945068
"CB","2026-08-04T18:00:00.000000",15.9162654876709
"CB","2026-08-04T19:00:00.000000",15.9408597946167
"CB","2026-08-04T20:00:00.000000",15.9788284301758
"CB","2026-08-04T21:00:00.000000",16.0015048980713
"CB","2026-08-04T22:00:00.000000",16.0020008087158
"CB","2026-08-04T23:00:00.000000",15.9833326339722
"CB","2026-08-05T00:00:00.000000",15.8757648468018
"CB","2026-08-05T01:00:00.000000",15.8030920028687
"CB","2026-08-05T02:00:00.000000",15.8176517486572
"CB","2026-08-05T03:00:00.000000",15.950891494751
"CB","2026-08-05T04:00:00.000000",16.0305118560791
"CB","2026-08-05T05:00:00.000000",16.0277633666992
"CB","2026-08-05T06:00:00.000000",15.9980735778809
"CB","2026-08-05T07:00:00.000000",15.9984378814697
"CB","2026-08-05T08:00:00.000000",16.0180358886719
"CB","2026-08-05T09:00:00.000000",16.0440902709961
"CB","2026-08-05T10:00:00.000000",16.0585155487061
"CB","2026-08-05T11:00:00.000000",16.0461521148682
"CB","2026-08-05T12:00:00.000000",16.0154895782471
"CB","2026-08-05T13:00:00.000000",15.9673547744751
"CB","2026-08-05T14:00:00.000000",15.9457588195801
"CB","2026-08-05T15:00:00.000000",15.9759941101074
"CB","2026-08-05T16:00:00.000000",16.0613803863525
"CB","2026-08-05T17:00:00.000000",16.0917720794678
"CB","2026-08-05T18:00:00.000000",16.0684680938721
"CB","2026-08-05T19:00:00.000000",16.0017986297607
"CB","2026-08-05T20:00:00.000000",15.9350299835205
"CB","2026-08-05T21:00:00.000000",15.880464553833
"CB","2026-08-05T22:00:00.000000",15.8489952087402
"CB","2026-08-05T23:00:00.000000",15.8288717269897
"CB","2026-08-06T00:00:00.000000",15.8286552429199
"CI","2026-07-29T00:00:00.000000",17.0981216430664
"CI","2026-07-29T01:00:00.000000",16.6425914764404
"CI","2026-07-29T02:00:00.000000",16.1929264068604
"CI","2026-07-29T03:00:00.000000",16.0910720825195
"CI","2026-07-29T04:00:00.000000",16.2693824768066
"CI","2026-07-29T05:00:00.000000",16.8436870574951
"CI","2026-07-29T06:00:00.000000",17.3609828948975
"CI","2026-07-29T07:00:00.000000",17.6030082702637
"CI","2026-07-29T08:00:00.000000",17.7426567077637
"CI","2026-07-29T09:00:00.000000",17.8569469451904
"CI","2026-07-29T10:00:00.000000",17.8867816925049
"CI","2026-07-29T11:00:00.000000",17.7468776702881
"CI","2026-07-29T12:00:00.000000",17.5085353851318
"CI","2026-07-29T13:00:00.000000",17.2075080871582
"CI","2026-07-29T14:00:00.000000",16.7134799957275
"CI","2026-07-29T15:00:00.000000",16.1640968322754
"CI","2026-07-29T16:00:00.000000",16.0667209625244
"CI","2026-07-29T17:00:00.000000",16.4555015563965
"CI","2026-07-29T18:00:00.000000",17.1115894317627
"CI","2026-07-29T19:00:00.000000",17.5089435577393
"CI","2026-07-29T20:00:00.000000",17.7044658660889
"CI","2026-07-29T21:00:00.000000",17.877857208252
"CI","2026-07-29T22:00:00.000000",17.940149307251
"CI","2026-07-29T23:00:00.000000",17.7862949371338
"CI","2026-07-30T00:00:00.000000",17.5000534057617
"CI","2026-07-30T01:00:00.000000",17.0388412475586
"CI","2026-07-30T02:00:00.000000",16.2974052429199
"CI","2026-07-30T03:00:00.000000",15.7769870758057
"CI","2026-07-30T04:00:00.000000",15.9242286682129
"CI","2026-07-30T05:00:00.000000",16.2712345123291
"CI","2026-07-30T06:00:00.000000",16.9715690612793
"CI","2026-07-30T07:00:00.000000",17.4310111999512
"CI","2026-07-30T08:00:00.000000",17.7055244445801
"CI","2026-07-30T09:00:00.000000",17.8812427520752
"CI","2026-07-30T10:00:00.000000",17.9476718902588
"CI","2026-07-30T11:00:00.000000",17.8827095031738
"CI","2026-07-30T12:00:00.000000",17.6892642974854
"CI","2026-07-30T13:00:00.000000",17.4381542205811
"CI","2026-07-30T14:00:00.000000",16.5115070343018
"CI","2026-07-30T15:00:00.000000",15.207275390625
"CI","2026-07-30T16:00:00.000000",14.763843536377
"CI","2026-07-30T17:00:00.000000",14.9327993392944
"CI","2026-07-30T18:00:00.000000",15.9821653366089
"CI","2026-07-30T19:00:00.000000",16.919979095459
"CI","2026-07-30T20:00:00.000000",17.5172824859619
"CI","2026-07-30T21:00:00.000000",17.840877532959
"CI","2026-07-30T22:00:00.000000",17.9720001220703
"CI","2026-07-30T23:00:00.000000",17.7414169311523
"CI","2026-07-31T00:00:00.000000",17.2640247344971
"CI","2026-07-31T01:00:00.000000",16.305383682251
"CI","2026-07-31T02:00:00.000000",15.1416797637939
"CI","2026-07-31T03:00:00.000000",14.4306392669678
"CI","2026-07-31T04:00:00.000000",14.3815813064575
"CI","2026-07-31T05:00:00.000000",14.4091348648071
"CI","2026-07-31T06:00:00.000000",15.0939826965332
"CI","2026-07-31T07:00:00.000000",16.2355670928955
"CI","2026-07-31T08:00:00.000000",17.147798538208
"CI","2026-07-31T09:00:00.000000",17.5116996765137
"CI","2026-07-31T10:00:00.000000",17.6842460632324
"CI","2026-07-31T11:00:00.000000",17.7642192840576
"CI","2026-07-31T12:00:00.000000",17.4642066955566
"CI","2026-07-31T13:00:00.000000",16.9018287658691
"CI","2026-07-31T14:00:00.000000",16.2333240509033
"CI","2026-07-31T15:00:00.000000",15.750415802002
"CI","2026-07-31T16:00:00.000000",15.6159763336182
"CI","2026-07-31T17:00:00.000000",15.6306800842285
"CI","2026-07-31T18:00:00.000000",15.719181060791
"CI","2026-07-31T19:00:00.000000",16.3601760864258
"CI","2026-07-31T20:00:00.000000",16.9844226837158
"CI","2026-07-31T21:00:00.000000",17.3186893463135
"CI","2026-07-31T22:00:00.000000",17.4687118530273
"CI","2026-07-31T23:00:00.000000",17.548755645752
"CI","2026-08-01T00:00:00.000000",17.236270904541
"CI","2026-08-01T01:00:00.000000",16.9555187225342
"CI","2026-08-01T02:00:00.000000",16.5746154785156
"CI","2026-08-01T03:00:00.000000",16.1919784545898
"CI","2026-08-01T04:00:00.000000",15.9535188674927
"CI","2026-08-01T05:00:00.000000",15.9284992218018
"CI","2026-08-01T06:00:00.000000",16.0462341308594
"CI","2026-08-01T07:00:00.000000",16.5059089660645
"CI","2026-08-01T08:00:00.000000",16.945255279541
"CI","2026-08-01T09:00:00.000000",17.2250709533691
"CI","2026-08-01T10:00:00.000000",17.3874740600586
"CI","2026-08-01T11:00:00.000000",17.4976596832275
"CI","2026-08-01T12:00:00.000000",17.4911441802979
"CI","2026-08-01T13:00:00.000000",17.2201766967773
"CI","2026-08-01T14:00:00.000000",16.9259014129639
"CI","2026-08-01T15:00:00.000000",16.2481746673584
"CI","2026-08-01T16:00:00.000000",15.6817760467529
"CI","2026-08-01T17:00:00.000000",15.4253578186035
"CI","2026-08-01T18:00:00.000000",15.476282119751
"CI","2026-08-01T19:00:00.000000",16.0195007324219
"CI","2026-08-01T20:00:00.000000",16.7148590087891
"CI","2026-08-01T21:00:00.000000",17.1443977355957
"CI","2026-08-01T22:00:00.000000",17.3494663238525
"CI","2026-08-01T23:00:00.000000",17.4710578918457
"CI","2026-08-02T00:00:00.000000",17.5208854675293
"CI","2026-08-02T01:00:00.000000",17.2732219696045
"CI","2026-08-02T02:00:00.000000",16.8711643218994
"CI","2026-08-02T03:00:00.000000",16.2778091430664
"CI","2026-08-02T04:00:00.000000",15.7464218139648
"CI","2026-08-02T05:00:00.000000",15.4902725219727
"CI","2026-08-02T06:00:00.000000",15.5100221633911
"CI","2026-08-02T07:00:00.000000",15.8239088058472
"CI","2026-08-02T08:00:00.000000",16.4605979919434
"CI","2026-08-02T09:00:00.000000",16.9589672088623
"CI","2026-08-02T10:00:00.000000",17.2161445617676
"CI","2026-08-02T11:00:00.000000",17.3538990020752
"CI","2026-08-02T12:00:00.000000",17.4437522888184
"CI","2026-08-02T13:00:00.000000",17.2913780212402
"CI","2026-08-02T14:00:00.000000",16.9551696777344
"CI","2026-08-02T15:00:00.000000",16.4425811767578
"CI","2026-08-02T16:00:00.000000",15.9249544143677
"CI","2026-08-02T17:00:00.000000",15.7321062088013
"CI","2026-08-02T18:00:00.000000",15.7144212722778
"CI","2026-08-02T19:00:00.000000",15.7747268676758
"CI","2026-08-02T20:00:00.000000",16.1919727325439
"CI","2026-08-02T21:00:00.000000",16.6919898986816
"CI","2026-08-02T22:00:00.000000",17.0142059326172
"CI","2026-08-02T23:00:00.000000",17.2066097259521
"CI","2026-08-03T00:00:00.000000",17.3358039855957
"CI","2026-08-03T01:00:00.000000",17.3024291992188
"CI","2026-08-03T02:00:00.000000",16.9664516448975
"CI","2026-08-03T03:00:00.000000",16.5891418457031
"CI","2026-08-03T04:00:00.000000",16.0024375915527
"CI","2026-08-03T05:00:00.000000",15.6567964553833
"CI","2026-08-03T06:00:00.000000",15.5452823638916
"CI","2026-08-03T07:00:00.000000",15.5844774246216
"CI","2026-08-03T08:00:00.000000",15.9272079467773
"CI","2026-08-03T09:00:00.000000",16.3770713806152
"CI","2026-08-03T10:00:00.000000",16.7592620849609
"CI","2026-08-03T11:00:00.000000",16.9185810089111
"CI","2026-08-03T12:00:00.000000",17.0146198272705
"CI","2026-08-03T13:00:00.000000",16.9290866851807
"CI","2026-08-03T14:00:00.000000",16.7404479980469
"CI","2026-08-03T15:00:00.000000",16.4461460113525
"CI","2026-08-03T16:00:00.000000",15.817813873291
"CI","2026-08-03T17:00:00.000000",15.3018932342529
"CI","2026-08-03T18:00:00.000000",15.0604124069214
"CI","2026-08-03T19:00:00.000000",15.0570821762085
"CI","2026-08-03T20:00:00.000000",15.2433319091797
"CI","2026-08-03T21:00:00.000000",15.7653026580811
"CI","2026-08-03T22:00:00.000000",16.255558013916
"CI","2026-08-03T23:00:00.000000",16.5241661071777
"CI","2026-08-04T00:00:00.000000",16.6518020629883
"CI","2026-08-04T01:00:00.000000",16.7093181610107
"CI","2026-08-04T02:00:00.000000",16.5886135101318
"CI","2026-08-04T03:00:00.000000",16.426233291626
"CI","2026-08-04T04:00:00.000000",16.0260562896729
"CI","2026-08-04T05:00:00.000000",15.3533725738525
"CI","2026-08-04T06:00:00.000000",14.9832754135132
"CI","2026-08-04T07:00:00.000000",14.9045305252075
"CI","2026-08-04T08:00:00.000000",14.9709157943726
"CI","2026-08-04T09:00:00.000000",15.4663896560669
"CI","2026-08-04T10:00:00.000000",16.0096626281738
"CI","2026-08-04T11:00:00.000000",16.333646774292
"CI","2026-08-04T12:00:00.000000",16.4902515411377
"CI","2026-08-04T13:00:00.000000",16.5860176086426
"CI","2026-08-04T14:00:00.000000",16.5387554168701
"CI","2026-08-04T15:00:00.000000",16.3987827301025
"CI","2026-08-04T16:00:00.000000",16.091329574585
"CI","2026-08-04T17:00:00.000000",15.7929849624634
"CI","2026-08-04T18:00:00.000000",15.7848272323608
"CI","2026-08-04T19:00:00.000000",15.8619251251221
"CI","2026-08-04T20:00:00.000000",15.9000654220581
"CI","2026-08-04T21:00:00.000000",15.8846588134766
"CI","2026-08-04T22:00:00.000000",16.0037117004395
"CI","2026-08-04T23:00:00.000000",16.2309761047363
"CI","2026-08-05T00:00:00.000000",16.3955745697021
"CI","2026-08-05T01:00:00.000000",16.5135841369629
"CI","2026-08-05T02:00:00.000000",16.5438098907471
"CI","2026-08-05T03:00:00.000000",16.4519290924072
"CI","2026-08-05T04:00:00.000000",16.3449096679688
"CI","2026-08-05T05:00:00.000000",16.1669864654541
"CI","2026-08-05T06:00:00.000000",15.8680591583252
"CI","2026-08-05T07:00:00.000000",15.6107158660889
"CI","2026-08-05T08:00:00.000000",15.5131597518921
"CI","2026-08-05T09:00:00.000000",15.6354379653931
"CI","2026-08-05T10:00:00.000000",15.958104133606
"CI","2026-08-05T11:00:00.000000",16.2364501953125
"CI","2026-08-05T12:00:00.000000",16.3681755065918
"CI","2026-08-05T13:00:00.000000",16.3999328613281
"CI","2026-08-05T14:00:00.000000",16.4417591094971
"CI","2026-08-05T15:00:00.000000",16.3741874694824
"CI","2026-08-05T16:00:00.000000",16.2981052398682
"CI","2026-08-05T17:00:00.000000",16.07737159729
"CI","2026-08-05T18:00:00.000000",15.7351837158203
"CI","2026-08-05T19:00:00.000000",15.568247795105
"CI","2026-08-05T20:00:00.000000",15.5376968383789
"CI","2026-08-05T21:00:00.000000",15.5852365493774
"CI","2026-08-05T22:00:00.000000",15.8043270111084
"CI","2026-08-05T23:00:00.000000",16.0711975097656
"CI","2026-08-06T00:00:00.000000",16.2674808502197
"DC","2026-07-29T00:00:00.000000",10.8972797393799
"DC","2026-07-29T01:00:00.000000",10.7926292419434
"DC","2026-07-29T02:00:00.000000",10.7353525161743
"DC","2026-07-29T03:00:00.000000",10.7291202545166
"DC","2026-07-29T04:00:00.000000",10.7522096633911
"DC","2026-07-29T05:00:00.000000",10.8196039199829
"DC","2026-07-29T06:00:00.000000",11.0284509658813
"DC","2026-07-29T07:00:00.000000",11.0981664657593
"DC","2026-07-29T08:00:00.000000",11.0997247695923
"DC","2026-07-29T09:00:00.000000",11.0494556427002
"DC","2026-07-29T10:00:00.000000",11.0057754516602
"DC","2026-07-29T11:00:00.000000",10.8704109191895
"DC","2026-07-29T12:00:00.000000",10.7889356613159
"DC","2026-07-29T13:00:00.000000",10.720606803894
"DC","2026-07-29T14:00:00.000000",10.6751327514648
"DC","2026-07-29T15:00:00.000000",10.6506843566895
"DC","2026-07-29T16:00:00.000000",10.6195840835571
"DC","2026-07-29T17:00:00.000000",10.6062707901001
"DC","2026-07-29T18:00:00.000000",10.5657205581665
"DC","2026-07-29T19:00:00.000000",10.5319347381592
"DC","2026-07-29T20:00:00.000000",10.4906053543091
"DC","2026-07-29T21:00:00.000000",10.4537715911865
"DC","2026-07-29T22:00:00.000000",10.4015483856201
"DC","2026-07-29T23:00:00.000000",10.3243761062622
"DC","2026-07-30T00:00:00.000000",10.2462663650513
"DC","2026-07-30T01:00:00.000000",10.148811340332
"DC","2026-07-30T02:00:00.000000",10.0713472366333
"DC","2026-07-30T03:00:00.000000",10.059287071228
"DC","2026-07-30T04:00:00.000000",10.0817251205444
"DC","2026-07-30T05:00:00.000000",10.1272811889648
"DC","2026-07-30T06:00:00.000000",10.2006168365479
"DC","2026-07-30T07:00:00.000000",10.2761402130127
"DC","2026-07-30T08:00:00.000000",10.4008932113647
"DC","2026-07-30T09:00:00.000000",10.5183620452881
"DC","2026-07-30T10:00:00.000000",10.6317510604858
"DC","2026-07-30T11:00:00.000000",10.6781044006348
"DC","2026-07-30T12:00:00.000000",10.739049911499
"DC","2026-07-30T13:00:00.000000",11.159740447998
"DC","2026-07-30T14:00:00.000000",11.5168647766113
"DC","2026-07-30T15:00:00.000000",11.710675239563
"DC","2026-07-30T16:00:00.000000",11.8760251998901
"DC","2026-07-30T17:00:00.000000",12.0516967773438
"DC","2026-07-30T18:00:00.000000",12.2312479019165
"DC","2026-07-30T19:00:00.000000",12.3859539031982
"DC","2026-07-30T20:00:00.000000",12.4768581390381
"DC","2026-07-30T21:00:00.000000",12.5229301452637
"DC","2026-07-30T22:00:00.000000",12.4578561782837
"DC","2026-07-30T23:00:00.000000",12.5350046157837
"DC","2026-07-31T00:00:00.000000",12.8482084274292
"DC","2026-07-31T01:00:00.000000",13.6616201400757
"DC","2026-07-31T02:00:00.000000",14.1923942565918
"DC","2026-07-31T03:00:00.000000",14.2767715454102
"DC","2026-07-31T04:00:00.000000",14.0978746414185
"DC","2026-07-31T05:00:00.000000",13.899263381958
"DC","2026-07-31T06:00:00.000000",13.9038877487183
"DC","2026-07-31T07:00:00.000000",13.966742515564
"DC","2026-07-31T08:00:00.000000",13.7780256271362
"DC","2026-07-31T09:00:00.000000",13.6767807006836
"DC","2026-07-31T10:00:00.000000",13.9007015228271
"DC","2026-07-31T11:00:00.000000",14.3694086074829
"DC","2026-07-31T12:00:00.000000",14.8793754577637
"DC","2026-07-31T13:00:00.000000",15.4371166229248
"DC","2026-07-31T14:00:00.000000",15.7042865753174
"DC","2026-07-31T15:00:00.000000",15.7331075668335
"DC","2026-07-31T16:00:00.000000",15.6038513183594
"DC","2026-07-31T17:00:00.000000",15.4879608154297
"DC","2026-07-31T18:00:00.000000",15.393440246582
"DC","2026-07-31T19:00:00.000000",15.3245782852173
"DC","2026-07-31T20:00:00.000000",15.2131948471069
"DC","2026-07-31T21:00:00.000000",15.0456476211548
"DC","2026-07-31T22:00:00.000000",14.9409475326538
"DC","2026-07-31T23:00:00.000000",14.8725996017456
"DC","2026-08-01T00:00:00.000000",14.8815002441406
"DC","2026-08-01T01:00:00.000000",15.1566696166992
"DC","2026-08-01T02:00:00.000000",15.4092464447021
"DC","2026-08-01T03:00:00.000000",16.0565795898438
"DC","2026-08-01T04:00:00.000000",16.1417350769043
"DC","2026-08-01T05:00:00.000000",16.2494144439697
"DC","2026-08-01T06:00:00.000000",16.448860168457
"DC","2026-08-01T07:00:00.000000",16.5637435913086
"DC","2026-08-01T08:00:00.000000",16.4429016113281
"DC","2026-08-01T09:00:00.000000",16.2899761199951
"DC","2026-08-01T10:00:00.000000",16.0687007904053
"DC","2026-08-01T11:00:00.000000",15.9215412139893
"DC","2026-08-01T12:00:00.000000",15.9912872314453
"DC","2026-08-01T13:00:00.000000",16.025749206543
"DC","2026-08-01T14:00:00.000000",16.0102386474609
"DC","2026-08-01T15:00:00.000000",15.9357709884644
"DC","2026-08-01T16:00:00.000000",15.8689212799072
"DC","2026-08-01T17:00:00.000000",15.8179779052734
"DC","2026-08-01T18:00:00.000000",15.7999982833862
"DC","2026-08-01T19:00:00.000000",15.8399248123169
"DC","2026-08-01T20:00:00.000000",15.9182920455933
"DC","2026-08-01T21:00:00.000000",15.9752159118652
"DC","2026-08-01T22:00:00.000000",16.0372180938721
"DC","2026-08-01T23:00:00.000000",16.2283763885498
"DC","2026-08-02T00:00:00.000000",16.1394271850586
"DC","2026-08-02T01:00:00.000000",15.9563827514648
"DC","2026-08-02T02:00:00.000000",15.8192329406738
"DC","2026-08-02T03:00:00.000000",15.7794713973999
"DC","2026-08-02T04:00:00.000000",15.7623929977417
"DC","2026-08-02T05:00:00.000000",15.7623672485352
"DC","2026-08-02T06:00:00.000000",15.773097038269
"DC","2026-08-02T07:00:00.000000",15.825216293335
"DC","2026-08-02T08:00:00.000000",15.9283571243286
"DC","2026-08-02T09:00:00.000000",16.0285243988037
"DC","2026-08-02T10:00:00.000000",16.2517356872559
"DC","2026-08-02T11:00:00.000000",16.3246021270752
"DC","2026-08-02T12:00:00.000000",16.2645988464355
"DC","2026-08-02T13:00:00.000000",16.0834903717041
"DC","2026-08-02T14:00:00.000000",15.9612760543823
"DC","2026-08-02T15:00:00.000000",15.9361572265625
"DC","2026-08-02T16:00:00.000000",15.9307985305786
"DC","2026-08-02T17:00:00.000000",15.922082901001
"DC","2026-08-02T18:00:00.000000",15.9229154586792
"DC","2026-08-02T19:00:00.000000",15.9293193817139
"DC","2026-08-02T20:00:00.000000",15.9370365142822
"DC","2026-08-02T21:00:00.000000",15.9462356567383
"DC","2026-08-02T22:00:00.000000",15.955545425415
"DC","2026-08-02T23:00:00.000000",16.001314163208
"DC","2026-08-03T00:00:00.000000",16.0322418212891
"DC","2026-08-03T01:00:00.000000",16.0300769805908
"DC","2026-08-03T02:00:00.000000",16.0411510467529
"DC","2026-08-03T03:00:00.000000",16.0658378601074
"DC","2026-08-03T04:00:00.000000",16.0754928588867
"DC","2026-08-03T05:00:00.000000",16.0670604705811
"DC","2026-08-03T06:00:00.000000",16.0596332550049
"DC","2026-08-03T07:00:00.000000",16.0586109161377
"DC","2026-08-03T08:00:00.000000",16.0631313323975
"DC","2026-08-03T09:00:00.000000",16.0692291259766
"DC","2026-08-03T10:00:00.000000",16.0534801483154
"DC","2026-08-03T11:00:00.000000",16.0424423217773
"DC","2026-08-03T12:00:00.000000",16.0059051513672
"DC","2026-08-03T13:00:00.000000",16.00998878479
"DC","2026-08-03T14:00:00.000000",16.0370044708252
"DC","2026-08-03T15:00:00.000000",16.052583694458
"DC","2026-08-03T16:00:00.000000",16.0565776824951
"DC","2026-08-03T17:00:00.000000",16.0598125457764
"DC","2026-08-03T18:00:00.000000",16.0627536773682
"DC","2026-08-03T19:00:00.000000",16.0664672851562
"DC","2026-08-03T20:00:00.000000",16.0730228424072
"DC","2026-08-03T21:00:00.000000",16.0814075469971
"DC","2026-08-03T22:00:00.000000",16.0895004272461
"DC","2026-08-03T23:00:00.000000",16.0918960571289
"DC","2026-08-04T00:00:00.000000",15.993634223938
"DC","2026-08-04T01:00:00.000000",15.9660739898682
"DC","2026-08-04T02:00:00.000000",15.9941654205322
"DC","2026-08-04T03:00:00.000000",16.0332660675049
"DC","2026-08-04T04:00:00.000000",16.0418930053711
"DC","2026-08-04T05:00:00.000000",16.0427627563477
"DC","2026-08-04T06:00:00.000000",16.0444602966309
"DC","2026-08-04T07:00:00.000000",16.0471496582031
"DC","2026-08-04T08:00:00.000000",16.050931930542
"DC","2026-08-04T09:00:00.000000",16.0790729522705
"DC","2026-08-04T10:00:00.000000",16.1343650817871
"DC","2026-08-04T11:00:00.000000",16.1544818878174
"DC","2026-08-04T12:00:00.000000",16.104284286499
"DC","2026-08-04T13:00:00.000000",16.036693572998
"DC","2026-08-04T14:00:00.000000",16.0387706756592
"DC","2026-08-04T15:00:00.000000",16.0787315368652
"DC","2026-08-04T16:00:00.000000",16.1146850585938
"DC","2026-08-04T17:00:00.000000",16.1319694519043
"DC","2026-08-04T18:00:00.000000",16.1354904174805
"DC","2026-08-04T19:00:00.000000",16.1360321044922
"DC","2026-08-04T20:00:00.000000",16.1379947662354
"DC","2026-08-04T21:00:00.000000",16.1336975097656
"DC","2026-08-04T22:00:00.000000",16.1238136291504
"DC","2026-08-04T23:00:00.000000",16.1127986907959
"DC","2026-08-05T00:00:00.000000",16.0952739715576
"DC","2026-08-05T01:00:00.000000",16.1982765197754
"DC","2026-08-05T02:00:00.000000",16.0976142883301
"DC","2026-08-05T03:00:00.000000",15.8976736068726
"DC","2026-08-05T04:00:00.000000",15.7061624526978
"DC","2026-08-05T05:00:00.000000",15.6209869384766
"DC","2026-08-05T06:00:00.000000",15.613941192627
"DC","2026-08-05T07:00:00.000000",15.7555894851685
"DC","2026-08-05T08:00:00.000000",15.8591947555542
"DC","2026-08-05T09:00:00.000000",15.8994989395142
"DC","2026-08-05T10:00:00.000000",15.9808979034424
"DC","2026-08-05T11:00:00.000000",16.0486106872559
"DC","2026-08-05T12:00:00.000000",16.1175365447998
"DC","2026-08-05T13:00:00.000000",16.169397354126
"DC","2026-08-05T14:00:00.000000",16.1415424346924
"DC","2026-08-05T15:00:00.000000",15.9677772521973
"DC","2026-08-05T16:00:00.000000",15.7349281311035
"DC","2026-08-05T17:00:00.000000",15.5674095153809
"DC","2026-08-05T18:00:00.000000",15.3976316452026
"DC","2026-08-05T19:00:00.000000",15.2817344665527
"DC","2026-08-05T20:00:00.000000",15.2520380020142
"DC","2026-08-05T21:00:00.000000",15.2770681381226
"DC","2026-08-05T22:00:00.000000",15.3570261001587
"DC","2026-08-05T23:00:00.000000",15.4663419723511
"DC","2026-08-06T00:00:00.000000",15.6612844467163
"LH","2026-07-29T00:00:00.000000",16.5368213653564
"LH","2026-07-29T01:00:00.000000",16.5915946960449
"LH","2026-07-29T02:00:00.000000",16.6295948028564
"LH","2026-07-29T03:00:00.000000",16.628791809082
"LH","2026-07-29T04:00:00.000000",16.6168022155762
"LH","2026-07-29T05:00:00.000000",16.5973796844482
"LH","2026-07-29T06:00:00.000000",16.5775547027588
"LH","2026-07-29T07:00:00.000000",16.5714874267578
"LH","2026-07-29T08:00:00.000000",16.5777530670166
"LH","2026-07-29T09:00:00.000000",16.5926723480225
"LH","2026-07-29T10:00:00.000000",16.5962924957275
"LH","2026-07-29T11:00:00.000000",16.6199474334717
"LH","2026-07-29T12:00:00.000000",16.7186794281006
"LH","2026-07-29T13:00:00.000000",16.7728443145752
"LH","2026-07-29T14:00:00.000000",16.8373184204102
"LH","2026-07-29T15:00:00.000000",16.9022464752197
"LH","2026-07-29T16:00:00.000000",16.9440841674805
"LH","2026-07-29T17:00:00.000000",16.9642124176025
"LH","2026-07-29T18:00:00.000000",16.9412040710449
"LH","2026-07-29T19:00:00.000000",16.9088554382324
"LH","2026-07-29T20:00:00.000000",16.8962421417236
"LH","2026-07-29T21:00:00.000000",16.8981056213379
"LH","2026-07-29T22:00:00.000000",16.9043579101562
"LH","2026-07-29T23:00:00.000000",16.9328346252441
"LH","2026-07-30T00:00:00.000000",16.9796905517578
"LH","2026-07-30T01:00:00.000000",17.0295505523682
"LH","2026-07-30T02:00:00.000000",17.1035575866699
"LH","2026-07-30T03:00:00.000000",17.1557865142822
"LH","2026-07-30T04:00:00.000000",17.1711082458496
"LH","2026-07-30T05:00:00.000000",17.1705627441406
"LH","2026-07-30T06:00:00.000000",17.1271095275879
"LH","2026-07-30T07:00:00.000000",17.05784034729
"LH","2026-07-30T08:00:00.000000",17.0042686462402
"LH","2026-07-30T09:00:00.000000",16.9805660247803
"LH","2026-07-30T10:00:00.000000",16.9799194335938
"LH","2026-07-30T11:00:00.000000",16.984317779541
"LH","2026-07-30T12:00:00.000000",16.9926700592041
"LH","2026-07-30T13:00:00.000000",17.0155410766602
"LH","2026-07-30T14:00:00.000000",17.0545120239258
"LH","2026-07-30T15:00:00.000000",17.0811862945557
"LH","2026-07-30T16:00:00.000000",17.0941200256348
"LH","2026-07-30T17:00:00.000000",17.1034049987793
"LH","2026-07-30T18:00:00.000000",17.106616973877
"LH","2026-07-30T19:00:00.000000",17.1054306030273
"LH","2026-07-30T20:00:00.000000",17.1048698425293
"LH","2026-07-30T21:00:00.000000",17.1074352264404
"LH","2026-07-30T22:00:00.000000",17.1091575622559
"LH","2026-07-30T23:00:00.000000",17.1123085021973
"LH","2026-07-31T00:00:00.000000",17.1195659637451
"LH","2026-07-31T01:00:00.000000",17.1358032226562
"LH","2026-07-31T02:00:00.000000",17.147876739502
"LH","2026-07-31T03:00:00.000000",17.1568012237549
"LH","2026-07-31T04:00:00.000000",17.1608238220215
"LH","2026-07-31T05:00:00.000000",17.1602840423584
"LH","2026-07-31T06:00:00.000000",17.1579093933105
"LH","2026-07-31T07:00:00.000000",17.15380859375
"LH","2026-07-31T08:00:00.000000",17.1507511138916
"LH","2026-07-31T09:00:00.000000",17.1525897979736
"LH","2026-07-31T10:00:00.000000",17.1596069335938
"LH","2026-07-31T11:00:00.000000",17.1541442871094
"LH","2026-07-31T12:00:00.000000",17.143762588501
"LH","2026-07-31T13:00:00.000000",17.1513977050781
"LH","2026-07-31T14:00:00.000000",17.1680679321289
"LH","2026-07-31T15:00:00.000000",17.1959323883057
"LH","2026-07-31T16:00:00.000000",17.210865020752
"LH","2026-07-31T17:00:00.000000",17.2204303741455
"LH","2026-07-31T18:00:00.000000",17.2225894927979
"LH","2026-07-31T19:00:00.000000",17.2234363555908
"LH","2026-07-31T20:00:00.000000",17.2233924865723
"LH","2026-07-31T21:00:00.000000",17.2341995239258
"LH","2026-07-31T22:00:00.000000",17.2545394897461
"LH","2026-07-31T23:00:00.000000",17.2572040557861
"LH","2026-08-01T00:00:00.000000",17.2551593780518
"LH","2026-08-01T01:00:00.000000",17.285816192627
"LH","2026-08-01T02:00:00.000000",17.3431205749512
"LH","2026-08-01T03:00:00.000000",17.3712558746338
"LH","2026-08-01T04:00:00.000000",17.3934669494629
"LH","2026-08-01T05:00:00.000000",17.4062423706055
"LH","2026-08-01T06:00:00.000000",17.4047031402588
"LH","2026-08-01T07:00:00.000000",17.390157699585
"LH","2026-08-01T08:00:00.000000",17.3540744781494
"LH","2026-08-01T09:00:00.000000",17.3328456878662
"LH","2026-08-01T10:00:00.000000",17.3281669616699
"LH","2026-08-01T11:00:00.000000",17.3275947570801
"LH","2026-08-01T12:00:00.000000",17.3198013305664
"LH","2026-08-01T13:00:00.000000",17.320915222168
"LH","2026-08-01T14:00:00.000000",17.3523120880127
"LH","2026-08-01T15:00:00.000000",17.3905830383301
"LH","2026-08-01T16:00:00.000000",17.4237728118896
"LH","2026-08-01T17:00:00.000000",17.4434185028076
"LH","2026-08-01T18:00:00.000000",17.4494323730469
"LH","2026-08-01T19:00:00.000000",17.4507808685303
"LH","2026-08-01T20:00:00.000000",17.4375762939453
"LH","2026-08-01T21:00:00.000000",17.4135875701904
"LH","2026-08-01T22:00:00.000000",17.3951263427734
"LH","2026-08-01T23:00:00.000000",17.393533706665
"LH","2026-08-02T00:00:00.000000",17.3916110992432
"LH","2026-08-02T01:00:00.000000",17.3921756744385
"LH","2026-08-02T02:00:00.000000",17.4076709747314
"LH","2026-08-02T03:00:00.000000",17.4446849822998
"LH","2026-08-02T04:00:00.000000",17.5038719177246
"LH","2026-08-02T05:00:00.000000",17.5521125793457
"LH","2026-08-02T06:00:00.000000",17.5618534088135
"LH","2026-08-02T07:00:00.000000",17.5577983856201
"LH","2026-08-02T08:00:00.000000",17.5298080444336
"LH","2026-08-02T09:00:00.000000",17.4673252105713
"LH","2026-08-02T10:00:00.000000",17.4121170043945
"LH","2026-08-02T11:00:00.000000",17.3878517150879
"LH","2026-08-02T12:00:00.000000",17.3832550048828
"LH","2026-08-02T13:00:00.000000",17.3852214813232
"LH","2026-08-02T14:00:00.000000",17.4175682067871
"LH","2026-08-02T15:00:00.000000",17.4855518341064
"LH","2026-08-02T16:00:00.000000",17.5525035858154
"LH","2026-08-02T17:00:00.000000",17.5967998504639
"LH","2026-08-02T18:00:00.000000",17.6196937561035
"LH","2026-08-02T19:00:00.000000",17.6226634979248
"LH","2026-08-02T20:00:00.000000",17.6150856018066
"LH","2026-08-02T21:00:00.000000",17.5778541564941
"LH","2026-08-02T22:00:00.000000",17.5172634124756
"LH","2026-08-02T23:00:00.000000",17.4586696624756
"LH","2026-08-03T00:00:00.000000",17.4396381378174
"LH","2026-08-03T01:00:00.000000",17.4538459777832
"LH","2026-08-03T02:00:00.000000",17.4776916503906
"LH","2026-08-03T03:00:00.000000",17.5119953155518
"LH","2026-08-03T04:00:00.000000",17.561710357666
"LH","2026-08-03T05:00:00.000000",17.5945205688477
"LH","2026-08-03T06:00:00.000000",17.6059417724609
"LH","2026-08-03T07:00:00.000000",17.60373878479
"LH","2026-08-03T08:00:00.000000",17.5863075256348
"LH","2026-08-03T09:00:00.000000",17.5433883666992
"LH","2026-08-03T10:00:00.000000",17.4840087890625
"LH","2026-08-03T11:00:00.000000",17.4256801605225
"LH","2026-08-03T12:00:00.000000",17.3803424835205
"LH","2026-08-03T13:00:00.000000",17.392993927002
"LH","2026-08-03T14:00:00.000000",17.4099197387695
"LH","2026-08-03T15:00:00.000000",17.4339447021484
"LH","2026-08-03T16:00:00.000000",17.4678592681885
"LH","2026-08-03T17:00:00.000000",17.4961986541748
"LH","2026-08-03T18:00:00.000000",17.515869140625
"LH","2026-08-03T19:00:00.000000",17.5260467529297
"LH","2026-08-03T20:00:00.000000",17.5286540985107
"LH","2026-08-03T21:00:00.000000",17.5224857330322
"LH","2026-08-03T22:00:00.000000",17.5065059661865
"LH","2026-08-03T23:00:00.000000",17.4810848236084
"LH","2026-08-04T00:00:00.000000",17.4545955657959
"LH","2026-08-04T01:00:00.000000",17.4462242126465
"LH","2026-08-04T02:00:00.000000",17.4439678192139
"LH","2026-08-04T03:00:00.000000",17.4519996643066
"LH","2026-08-04T04:00:00.000000",17.4531402587891
"LH","2026-08-04T05:00:00.000000",17.440502166748
"LH","2026-08-04T06:00:00.000000",17.4305973052979
"LH","2026-08-04T07:00:00.000000",17.4186096191406
"LH","2026-08-04T08:00:00.000000",17.4002380371094
"LH","2026-08-04T09:00:00.000000",17.3955879211426
"LH","2026-08-04T10:00:00.000000",17.3974170684814
"LH","2026-08-04T11:00:00.000000",17.4000568389893
"LH","2026-08-04T12:00:00.000000",17.4005222320557
"LH","2026-08-04T13:00:00.000000",17.3986759185791
"LH","2026-08-04T14:00:00.000000",17.3948040008545
"LH","2026-08-04T15:00:00.000000",17.4004783630371
"LH","2026-08-04T16:00:00.000000",17.3984661102295
"LH","2026-08-04T17:00:00.000000",17.3382625579834
"LH","2026-08-04T18:00:00.000000",17.2403297424316
"LH","2026-08-04T19:00:00.000000",17.235538482666
"LH","2026-08-04T20:00:00.000000",17.2334060668945
"LH","2026-08-04T21:00:00.000000",17.2329635620117
"LH","2026-08-04T22:00:00.000000",17.2640323638916
"LH","2026-08-04T23:00:00.000000",17.2931442260742
"LH","2026-08-05T00:00:00.000000",17.353609085083
"LH","2026-08-05T01:00:00.000000",17.40012550354
"LH","2026-08-05T02:00:00.000000",17.3886833190918
"LH","2026-08-05T03:00:00.000000",17.3495922088623
"LH","2026-08-05T04:00:00.000000",17.3514537811279
"LH","2026-08-05T05:00:00.000000",17.3126945495605
"LH","2026-08-05T06:00:00.000000",17.2966003417969
"LH","2026-08-05T07:00:00.000000",17.2895774841309
"LH","2026-08-05T08:00:00.000000",17.2734928131104
"LH","2026-08-05T09:00:00.000000",17.2528533935547
"LH","2026-08-05T10:00:00.000000",17.251012802124
"LH","2026-08-05T11:00:00.000000",17.2632713317871
"LH","2026-08-05T12:00:00.000000",17.2776851654053
"LH","2026-08-05T13:00:00.000000",17.3146591186523
"LH","2026-08-05T14:00:00.000000",17.3149127960205
"LH","2026-08-05T15:00:00.000000",17.2970123291016
"LH","2026-08-05T16:00:00.000000",17.3055248260498
"LH","2026-08-05T17:00:00.000000",17.269100189209
"LH","2026-08-05T18:00:00.000000",17.1300487518311
"LH","2026-08-05T19:00:00.000000",17.0633239746094
"LH","2026-08-05T20:00:00.000000",17.0541553497314
"LH","2026-08-05T21:00:00.000000",17.0391216278076
"LH","2026-08-05T22:00:00.000000",17.0256404876709
"LH","2026-08-05T23:00:00.000000",17.0395965576172
"LH","2026-08-06T00:00:00.000000",17.0885028839111
"NB","2026-07-29T00:00:00.000000",13.6653871536255
"NB","2026-07-29T01:00:00.000000",13.915265083313
"NB","2026-07-29T02:00:00.000000",14.1895341873169
"NB","2026-07-29T03:00:00.000000",14.5149555206299
"NB","2026-07-29T04:00:00.000000",14.7104396820068
"NB","2026-07-29T05:00:00.000000",14.8290138244629
"NB","2026-07-29T06:00:00.000000",14.8740081787109
"NB","2026-07-29T07:00:00.000000",14.9087839126587
"NB","2026-07-29T08:00:00.000000",14.9446659088135
"NB","2026-07-29T09:00:00.000000",14.9383144378662
"NB","2026-07-29T10:00:00.000000",14.9249458312988
"NB","2026-07-29T11:00:00.000000",14.886100769043
"NB","2026-07-29T12:00:00.000000",14.8406543731689
"NB","2026-07-29T13:00:00.000000",14.7864351272583
"NB","2026-07-29T14:00:00.000000",14.7014951705933
"NB","2026-07-29T15:00:00.000000",14.6419382095337
"NB","2026-07-29T16:00:00.000000",14.6183500289917
"NB","2026-07-29T17:00:00.000000",14.6225776672363
"NB","2026-07-29T18:00:00.000000",14.6370468139648
"NB","2026-07-29T19:00:00.000000",14.656925201416
"NB","2026-07-29T20:00:00.000000",14.6805458068848
"NB","2026-07-29T21:00:00.000000",14.7032976150513
"NB","2026-07-29T22:00:00.000000",14.7370738983154
"NB","2026-07-29T23:00:00.000000",14.7494096755981
"NB","2026-07-30T00:00:00.000000",14.7595739364624
"NB","2026-07-30T01:00:00.000000",14.7927551269531
"NB","2026-07-30T02:00:00.000000",14.933780670166
"NB","2026-07-30T03:00:00.000000",14.8981828689575
"NB","2026-07-30T04:00:00.000000",14.7217884063721
"NB","2026-07-30T05:00:00.000000",14.5617513656616
"NB","2026-07-30T06:00:00.000000",14.4461908340454
"NB","2026-07-30T07:00:00.000000",14.3986253738403
"NB","2026-07-30T08:00:00.000000",14.3746757507324
"NB","2026-07-30T09:00:00.000000",14.329647064209
"NB","2026-07-30T10:00:00.000000",14.2884197235107
"NB","2026-07-30T11:00:00.000000",14.27698802948
"NB","2026-07-30T12:00:00.000000",14.3212804794312
"NB","2026-07-30T13:00:00.000000",14.3879156112671
"NB","2026-07-30T14:00:00.000000",14.4754600524902
"NB","2026-07-30T15:00:00.000000",14.5476589202881
"NB","2026-07-30T16:00:00.000000",14.6440095901489
"NB","2026-07-30T17:00:00.000000",14.7674465179443
"NB","2026-07-30T18:00:00.000000",14.8079633712769
"NB","2026-07-30T19:00:00.000000",14.8674478530884
"NB","2026-07-30T20:00:00.000000",14.9574012756348
"NB","2026-07-30T21:00:00.000000",15.056547164917
"NB","2026-07-30T22:00:00.000000",15.1627292633057
"NB","2026-07-30T23:00:00.000000",15.2469072341919
"NB","2026-07-31T00:00:00.000000",15.2992010116577
"NB","2026-07-31T01:00:00.000000",15.2882137298584
"NB","2026-07-31T02:00:00.000000",15.1106767654419
"NB","2026-07-31T03:00:00.000000",14.8578300476074
"NB","2026-07-31T04:00:00.000000",14.6849746704102
"NB","2026-07-31T05:00:00.000000",14.5747852325439
"NB","2026-07-31T06:00:00.000000",14.5204420089722
"NB","2026-07-31T07:00:00.000000",14.497841835022
"NB","2026-07-31T08:00:00.000000",14.4870567321777
"NB","2026-07-31T09:00:00.000000",14.4798288345337
"NB","2026-07-31T10:00:00.000000",14.4664440155029
"NB","2026-07-31T11:00:00.000000",14.4439668655396
"NB","2026-07-31T12:00:00.000000",14.4334993362427
"NB","2026-07-31T13:00:00.000000",14.4403343200684
"NB","2026-07-31T14:00:00.000000",14.448278427124
"NB","2026-07-31T15:00:00.000000",14.453727722168
"NB","2026-07-31T16:00:00.000000",14.4588394165039
"NB","2026-07-31T17:00:00.000000",14.4678316116333
"NB","2026-07-31T18:00:00.000000",14.4743900299072
"NB","2026-07-31T19:00:00.000000",14.4829721450806
"NB","2026-07-31T20:00:00.000000",14.4936504364014
"NB","2026-07-31T21:00:00.000000",14.5036630630493
"NB","2026-07-31T22:00:00.000000",14.5141077041626
"NB","2026-07-31T23:00:00.000000",14.5244474411011
"NB","2026-08-01T00:00:00.000000",14.5348424911499
"NB","2026-08-01T01:00:00.000000",14.546407699585
"NB","2026-08-01T02:00:00.000000",14.5750551223755
"NB","2026-08-01T03:00:00.000000",14.83935546875
"NB","2026-08-01T04:00:00.000000",15.1495380401611
"NB","2026-08-01T05:00:00.000000",15.3931570053101
"NB","2026-08-01T06:00:00.000000",15.5398807525635
"NB","2026-08-01T07:00:00.000000",15.6007490158081
"NB","2026-08-01T08:00:00.000000",15.6053438186646
"NB","2026-08-01T09:00:00.000000",15.5965604782104
"NB","2026-08-01T10:00:00.000000",15.5715465545654
"NB","2026-08-01T11:00:00.000000",15.5228881835938
"NB","2026-08-01T12:00:00.000000",15.4671907424927
"NB","2026-08-01T13:00:00.000000",15.4265747070312
"NB","2026-08-01T14:00:00.000000",15.4063882827759
"NB","2026-08-01T15:00:00.000000",15.4024438858032
"NB","2026-08-01T16:00:00.000000",15.4115619659424
"NB","2026-08-01T17:00:00.000000",15.4214334487915
"NB","2026-08-01T18:00:00.000000",15.428297996521
"NB","2026-08-01T19:00:00.000000",15.432354927063
"NB","2026-08-01T20:00:00.000000",15.4340877532959
"NB","2026-08-01T21:00:00.000000",15.4333219528198
"NB","2026-08-01T22:00:00.000000",15.4505081176758
"NB","2026-08-01T23:00:00.000000",15.4845714569092
"NB","2026-08-02T00:00:00.000000",15.5077743530273
"NB","2026-08-02T01:00:00.000000",15.5165910720825
"NB","2026-08-02T02:00:00.000000",15.540093421936
"NB","2026-08-02T03:00:00.000000",15.604754447937
"NB","2026-08-02T04:00:00.000000",15.7106647491455
"NB","2026-08-02T05:00:00.000000",15.8114213943481
"NB","2026-08-02T06:00:00.000000",15.9026565551758
"NB","2026-08-02T07:00:00.000000",16.0609512329102
"NB","2026-08-02T08:00:00.000000",16.1158142089844
"NB","2026-08-02T09:00:00.000000",16.1454925537109
"NB","2026-08-02T10:00:00.000000",16.1663570404053
"NB","2026-08-02T11:00:00.000000",16.1665687561035
"NB","2026-08-02T12:00:00.000000",16.1548080444336
"NB","2026-08-02T13:00:00.000000",16.1372489929199
"NB","2026-08-02T14:00:00.000000",16.1234703063965
"NB","2026-08-02T15:00:00.000000",16.1205673217773
"NB","2026-08-02T16:00:00.000000",16.1236457824707
"NB","2026-08-02T17:00:00.000000",16.1275463104248
"NB","2026-08-02T18:00:00.000000",16.1296939849854
"NB","2026-08-02T19:00:00.000000",16.1397953033447
"NB","2026-08-02T20:00:00.000000",16.1870021820068
"NB","2026-08-02T21:00:00.000000",16.2511615753174
"NB","2026-08-02T22:00:00.000000",16.3108329772949
"NB","2026-08-02T23:00:00.000000",16.3554401397705
"NB","2026-08-03T00:00:00.000000",16.3780860900879
"NB","2026-08-03T01:00:00.000000",16.3821544647217
"NB","2026-08-03T02:00:00.000000",16.3729820251465
"NB","2026-08-03T03:00:00.000000",16.3309688568115
"NB","2026-08-03T04:00:00.000000",16.2719898223877
"NB","2026-08-03T05:00:00.000000",16.2494926452637
"NB","2026-08-03T06:00:00.000000",16.249095916748
"NB","2026-08-03T07:00:00.000000",16.2475280761719
"NB","2026-08-03T08:00:00.000000",16.2287406921387
"NB","2026-08-03T09:00:00.000000",16.2236022949219
"NB","2026-08-03T10:00:00.000000",16.2182369232178
"NB","2026-08-03T11:00:00.000000",16.2082366943359
"NB","2026-08-03T12:00:00.000000",16.2084770202637
"NB","2026-08-03T13:00:00.000000",16.2136573791504
"NB","2026-08-03T14:00:00.000000",16.2174091339111
"NB","2026-08-03T15:00:00.000000",16.215841293335
"NB","2026-08-03T16:00:00.000000",16.2157802581787
"NB","2026-08-03T17:00:00.000000",16.2132148742676
"NB","2026-08-03T18:00:00.000000",16.199592590332
"NB","2026-08-03T19:00:00.000000",16.1749305725098
"NB","2026-08-03T20:00:00.000000",16.160961151123
"NB","2026-08-03T21:00:00.000000",16.1629238128662
"NB","2026-08-03T22:00:00.000000",16.1793842315674
"NB","2026-08-03T23:00:00.000000",16.2210388183594
"NB","2026-08-04T00:00:00.000000",16.3045597076416
"NB","2026-08-04T01:00:00.000000",16.3402843475342
"NB","2026-08-04T02:00:00.000000",16.3305816650391
"NB","2026-08-04T03:00:00.000000",16.2846832275391
"NB","2026-08-04T04:00:00.000000",16.2179393768311
"NB","2026-08-04T05:00:00.000000",16.0730209350586
"NB","2026-08-04T06:00:00.000000",15.8028898239136
"NB","2026-08-04T07:00:00.000000",15.4285278320312
"NB","2026-08-04T08:00:00.000000",15.0731315612793
"NB","2026-08-04T09:00:00.000000",14.7878408432007
"NB","2026-08-04T10:00:00.000000",14.5666675567627
"NB","2026-08-04T11:00:00.000000",14.3984518051147
"NB","2026-08-04T12:00:00.000000",14.2829275131226
"NB","2026-08-04T13:00:00.000000",14.1838836669922
"NB","2026-08-04T14:00:00.000000",14.0600805282593
"NB","2026-08-04T15:00:00.000000",13.9175682067871
"NB","2026-08-04T16:00:00.000000",13.8425989151001
"NB","2026-08-04T17:00:00.000000",13.8270454406738
"NB","2026-08-04T18:00:00.000000",13.8121194839478
"NB","2026-08-04T19:00:00.000000",13.8079519271851
"NB","2026-08-04T20:00:00.000000",13.8134460449219
"NB","2026-08-04T21:00:00.000000",13.8238983154297
"NB","2026-08-04T22:00:00.000000",13.8430843353271
"NB","2026-08-04T23:00:00.000000",13.864296913147
"NB","2026-08-05T00:00:00.000000",13.8887596130371
"NB","2026-08-05T01:00:00.000000",13.9189100265503
"NB","2026-08-05T02:00:00.000000",13.958366394043
"NB","2026-08-05T03:00:00.000000",14.0138998031616
"NB","2026-08-05T04:00:00.000000",14.0718069076538
"NB","2026-08-05T05:00:00.000000",14.1374444961548
"NB","2026-08-05T06:00:00.000000",14.2297849655151
"NB","2026-08-05T07:00:00.000000",14.3360605239868
"NB","2026-08-05T08:00:00.000000",14.4356021881104
"NB","2026-08-05T09:00:00.000000",14.5459432601929
"NB","2026-08-05T10:00:00.000000",14.5674419403076
"NB","2026-08-05T11:00:00.000000",14.5498428344727
"NB","2026-08-05T12:00:00.000000",14.5246162414551
"NB","2026-08-05T13:00:00.000000",14.4992399215698
"NB","2026-08-05T14:00:00.000000",14.4557418823242
"NB","2026-08-05T15:00:00.000000",14.3794689178467
"NB","2026-08-05T16:00:00.000000",14.2646503448486
"NB","2026-08-05T17:00:00.000000",14.1792268753052
"NB","2026-08-05T18:00:00.000000",14.1381874084473
"NB","2026-08-05T19:00:00.000000",14.107871055603
"NB","2026-08-05T20:00:00.000000",14.0896682739258
"NB","2026-08-05T21:00:00.000000",14.0827293395996
"NB","2026-08-05T22:00:00.000000",14.0852336883545
"NB","2026-08-05T23:00:00.000000",14.0900888442993
"NB","2026-08-06T00:00:00.000000",14.098671913147
"PC","2026-07-29T00:00:00.000000",17.6538219451904
"PC","2026-07-29T01:00:00.000000",17.6571426391602
"PC","2026-07-29T02:00:00.000000",17.6587238311768
"PC","2026-07-29T03:00:00.000000",17.66184425354
"PC","2026-07-29T04:00:00.000000",17.667594909668
"PC","2026-07-29T05:00:00.000000",17.6814575195312
"PC","2026-07-29T06:00:00.000000",17.7065124511719
"PC","2026-07-29T07:00:00.000000",17.7342357635498
"PC","2026-07-29T08:00:00.000000",17.7633819580078
"PC","2026-07-29T09:00:00.000000",17.7913436889648
"PC","2026-07-29T10:00:00.000000",17.8003101348877
"PC","2026-07-29T11:00:00.000000",17.8062496185303
"PC","2026-07-29T12:00:00.000000",17.8181400299072
"PC","2026-07-29T13:00:00.000000",17.8331623077393
"PC","2026-07-29T14:00:00.000000",17.845832824707
"PC","2026-07-29T15:00:00.000000",17.8591156005859
"PC","2026-07-29T16:00:00.000000",17.873743057251
"PC","2026-07-29T17:00:00.000000",17.9041004180908
"PC","2026-07-29T18:00:00.000000",17.9594383239746
"PC","2026-07-29T19:00:00.000000",18.0150241851807
"PC","2026-07-29T20:00:00.000000",18.0496482849121
"PC","2026-07-29T21:00:00.000000",18.0853271484375
"PC","2026-07-29T22:00:00.000000",18.1077651977539
"PC","2026-07-29T23:00:00.000000",18.1175422668457
"PC","2026-07-30T00:00:00.000000",18.1734848022461
"PC","2026-07-30T01:00:00.000000",18.2343711853027
"PC","2026-07-30T02:00:00.000000",18.2242660522461
"PC","2026-07-30T03:00:00.000000",18.196704864502
"PC","2026-07-30T04:00:00.000000",18.1904888153076
"PC","2026-07-30T05:00:00.000000",18.1938705444336
"PC","2026-07-30T06:00:00.000000",18.2079811096191
"PC","2026-07-30T07:00:00.000000",18.2283306121826
"PC","2026-07-30T08:00:00.000000",18.2515354156494
"PC","2026-07-30T09:00:00.000000",18.2703628540039
"PC","2026-07-30T10:00:00.000000",18.2857971191406
"PC","2026-07-30T11:00:00.000000",18.2962703704834
"PC","2026-07-30T12:00:00.000000",18.306396484375
"PC","2026-07-30T13:00:00.000000",18.3132572174072
"PC","2026-07-30T14:00:00.000000",18.3179473876953
"PC","2026-07-30T15:00:00.000000",18.319995880127
"PC","2026-07-30T16:00:00.000000",18.3209533691406
"PC","2026-07-30T17:00:00.000000",18.3233871459961
"PC","2026-07-30T18:00:00.000000",18.3308410644531
"PC","2026-07-30T19:00:00.000000",18.3438968658447
"PC","2026-07-30T20:00:00.000000",18.3582134246826
"PC","2026-07-30T21:00:00.000000",18.37721824646
"PC","2026-07-30T22:00:00.000000",18.4113597869873
"PC","2026-07-30T23:00:00.000000",18.442066192627
"PC","2026-07-31T00:00:00.000000",18.4762535095215
"PC","2026-07-31T01:00:00.000000",18.4990234375
"PC","2026-07-31T02:00:00.000000",18.506031036377
"PC","2026-07-31T03:00:00.000000",18.4920635223389
"PC","2026-07-31T04:00:00.000000",18.4700164794922
"PC","2026-07-31T05:00:00.000000",18.3610992431641
"PC","2026-07-31T06:00:00.000000",18.28515625
"PC","2026-07-31T07:00:00.000000",18.2718715667725
"PC","2026-07-31T08:00:00.000000",18.284122467041
"PC","2026-07-31T09:00:00.000000",18.3361682891846
"PC","2026-07-31T10:00:00.000000",18.403995513916
"PC","2026-07-31T11:00:00.000000",18.4559745788574
"PC","2026-07-31T12:00:00.000000",18.5080661773682
"PC","2026-07-31T13:00:00.000000",18.5308837890625
"PC","2026-07-31T14:00:00.000000",18.5082340240479
"PC","2026-07-31T15:00:00.000000",18.4481945037842
"PC","2026-07-31T16:00:00.000000",18.2522354125977
"PC","2026-07-31T17:00:00.000000",18.1222686767578
"PC","2026-07-31T18:00:00.000000",18.0725154876709
"PC","2026-07-31T19:00:00.000000",18.0711803436279
"PC","2026-07-31T20:00:00.000000",18.0932445526123
"PC","2026-07-31T21:00:00.000000",18.1437072753906
"PC","2026-07-31T22:00:00.000000",18.2181529998779
"PC","2026-07-31T23:00:00.000000",18.2719764709473
"PC","2026-08-01T00:00:00.000000",18.3290576934814
"PC","2026-08-01T01:00:00.000000",18.3690567016602
"PC","2026-08-01T02:00:00.000000",18.3579635620117
"PC","2026-08-01T03:00:00.000000",18.2147884368896
"PC","2026-08-01T04:00:00.000000",18.0380764007568
"PC","2026-08-01T05:00:00.000000",17.9183559417725
"PC","2026-08-01T06:00:00.000000",17.8150539398193
"PC","2026-08-01T07:00:00.000000",17.7725811004639
"PC","2026-08-01T08:00:00.000000",17.7868747711182
"PC","2026-08-01T09:00:00.000000",17.8102359771729
"PC","2026-08-01T10:00:00.000000",17.8512210845947
"PC","2026-08-01T11:00:00.000000",17.900842666626
"PC","2026-08-01T12:00:00.000000",17.9600925445557
"PC","2026-08-01T13:00:00.000000",18.0076065063477
"PC","2026-08-01T14:00:00.000000",17.9996070861816
"PC","2026-08-01T15:00:00.000000",17.9408473968506
"PC","2026-08-01T16:00:00.000000",17.8730316162109
"PC","2026-08-01T17:00:00.000000",17.7964496612549
"PC","2026-08-01T18:00:00.000000",17.7325687408447
"PC","2026-08-01T19:00:00.000000",17.6927909851074
"PC","2026-08-01T20:00:00.000000",17.6905059814453
"PC","2026-08-01T21:00:00.000000",17.7139453887939
"PC","2026-08-01T22:00:00.000000",17.7370128631592
"PC","2026-08-01T23:00:00.000000",17.7502040863037
"PC","2026-08-02T00:00:00.000000",17.75537109375
"PC","2026-08-02T01:00:00.000000",17.7580242156982
"PC","2026-08-02T02:00:00.000000",17.7448463439941
"PC","2026-08-02T03:00:00.000000",17.7095756530762
"PC","2026-08-02T04:00:00.000000",17.6601238250732
"PC","2026-08-02T05:00:00.000000",17.5951805114746
"PC","2026-08-02T06:00:00.000000",17.5358142852783
"PC","2026-08-02T07:00:00.000000",17.5078811645508
"PC","2026-08-02T08:00:00.000000",17.5249557495117
"PC","2026-08-02T09:00:00.000000",17.5696849822998
"PC","2026-08-02T10:00:00.000000",17.623477935791
"PC","2026-08-02T11:00:00.000000",17.6882495880127
"PC","2026-08-02T12:00:00.000000",17.7321643829346
"PC","2026-08-02T13:00:00.000000",17.7557811737061
"PC","2026-08-02T14:00:00.000000",17.772819519043
"PC","2026-08-02T15:00:00.000000",17.7464637756348
"PC","2026-08-02T16:00:00.000000",17.6858234405518
"PC","2026-08-02T17:00:00.000000",17.5858821868896
"PC","2026-08-02T18:00:00.000000",17.4806499481201
"PC","2026-08-02T19:00:00.000000",17.4125862121582
"PC","2026-08-02T20:00:00.000000",17.3937492370605
"PC","2026-08-02T21:00:00.000000",17.420934677124
"PC","2026-08-02T22:00:00.000000",17.4565582275391
"PC","2026-08-02T23:00:00.000000",17.4841270446777
"PC","2026-08-03T00:00:00.000000",17.5172271728516
"PC","2026-08-03T01:00:00.000000",17.5369205474854
"PC","2026-08-03T02:00:00.000000",17.5470275878906
"PC","2026-08-03T03:00:00.000000",17.5336399078369
"PC","2026-08-03T04:00:00.000000",17.487663269043
"PC","2026-08-03T05:00:00.000000",17.4285793304443
"PC","2026-08-03T06:00:00.000000",17.3548278808594
"PC","2026-08-03T07:00:00.000000",17.3159809112549
"PC","2026-08-03T08:00:00.000000",17.3108367919922
"PC","2026-08-03T09:00:00.000000",17.3501739501953
"PC","2026-08-03T10:00:00.000000",17.4059638977051
"PC","2026-08-03T11:00:00.000000",17.4529323577881
"PC","2026-08-03T12:00:00.000000",17.4976291656494
"PC","2026-08-03T13:00:00.000000",17.5278244018555
"PC","2026-08-03T14:00:00.000000",17.5516242980957
"PC","2026-08-03T15:00:00.000000",17.5455665588379
"PC","2026-08-03T16:00:00.000000",17.4666557312012
"PC","2026-08-03T17:00:00.000000",17.3574123382568
"PC","2026-08-03T18:00:00.000000",17.2469787597656
"PC","2026-08-03T19:00:00.000000",17.1458396911621
"PC","2026-08-03T20:00:00.000000",17.0690402984619
"PC","2026-08-03T21:00:00.000000",17.0656414031982
"PC","2026-08-03T22:00:00.000000",17.101921081543
"PC","2026-08-03T23:00:00.000000",17.1474857330322
"PC","2026-08-04T00:00:00.000000",17.1902465820312
"PC","2026-08-04T01:00:00.000000",17.2341175079346
"PC","2026-08-04T02:00:00.000000",17.2529888153076
"PC","2026-08-04T03:00:00.000000",17.2568836212158
"PC","2026-08-04T04:00:00.000000",17.2109432220459
"PC","2026-08-04T05:00:00.000000",17.146785736084
"PC","2026-08-04T06:00:00.000000",17.091552734375
"PC","2026-08-04T07:00:00.000000",17.0331172943115
"PC","2026-08-04T08:00:00.000000",16.9883613586426
"PC","2026-08-04T09:00:00.000000",16.9937171936035
"PC","2026-08-04T10:00:00.000000",17.0317840576172
"PC","2026-08-04T11:00:00.000000",17.0835838317871
"PC","2026-08-04T12:00:00.000000",17.1432552337646
"PC","2026-08-04T13:00:00.000000",17.213020324707
"PC","2026-08-04T14:00:00.000000",17.2486782073975
"PC","2026-08-04T15:00:00.000000",17.296012878418
"PC","2026-08-04T16:00:00.000000",17.3015327453613
"PC","2026-08-04T17:00:00.000000",17.2289047241211
"PC","2026-08-04T18:00:00.000000",17.1104850769043
"PC","2026-08-04T19:00:00.000000",16.9114685058594
"PC","2026-08-04T20:00:00.000000",16.8386344909668
"PC","2026-08-04T21:00:00.000000",16.8153324127197
"PC","2026-08-04T22:00:00.000000",16.833028793335
"PC","2026-08-04T23:00:00.000000",16.8700141906738
"PC","2026-08-05T00:00:00.000000",16.9141082763672
"PC","2026-08-05T01:00:00.000000",16.975040435791
"PC","2026-08-05T02:00:00.000000",17.0166282653809
"PC","2026-08-05T03:00:00.000000",17.0562038421631
"PC","2026-08-05T04:00:00.000000",17.0737113952637
"PC","2026-08-05T05:00:00.000000",17.0359153747559
"PC","2026-08-05T06:00:00.000000",16.9491844177246
"PC","2026-08-05T07:00:00.000000",16.8404312133789
"PC","2026-08-05T08:00:00.000000",16.7514457702637
"PC","2026-08-05T09:00:00.000000",16.7191715240479
"PC","2026-08-05T10:00:00.000000",16.716480255127
"PC","2026-08-05T11:00:00.000000",16.7363910675049
"PC","2026-08-05T12:00:00.000000",16.7636470794678
"PC","2026-08-05T13:00:00.000000",16.8027267456055
"PC","2026-08-05T14:00:00.000000",16.8449630737305
"PC","2026-08-05T15:00:00.000000",16.8824348449707
"PC","2026-08-05T16:00:00.000000",16.9084892272949
"PC","2026-08-05T17:00:00.000000",16.9003772735596
"PC","2026-08-05T18:00:00.000000",16.8555088043213
"PC","2026-08-05T19:00:00.000000",16.7915668487549
"PC","2026-08-05T20:00:00.000000",16.7182426452637
"PC","2026-08-05T21:00:00.000000",16.6612186431885
"PC","2026-08-05T22:00:00.000000",16.6253929138184
"PC","2026-08-05T23:00:00.000000",16.6195487976074
"PC","2026-08-06T00:00:00.000000",16.6333408355713
"PV","2026-07-29T00:00:00.000000",15.7951345443726
"PV","2026-07-29T01:00:00.000000",15.616400718689
"PV","2026-07-29T02:00:00.000000",15.3988542556763
"PV","2026-07-29T03:00:00.000000",15.0698328018188
"PV","2026-07-29T04:00:00.000000",14.6702632904053
"PV","2026-07-29T05:00:00.000000",14.3630323410034
"PV","2026-07-29T06:00:00.000000",14.375054359436
"PV","2026-07-29T07:00:00.000000",14.4404935836792
"PV","2026-07-29T08:00:00.000000",14.422420501709
"PV","2026-07-29T09:00:00.000000",14.5700378417969
"PV","2026-07-29T10:00:00.000000",16.0669727325439
"PV","2026-07-29T11:00:00.000000",16.4168033599854
"PV","2026-07-29T12:00:00.000000",16.2485313415527
"PV","2026-07-29T13:00:00.000000",16.2173347473145
"PV","2026-07-29T14:00:00.000000",16.0976009368896
"PV","2026-07-29T15:00:00.000000",16.0292720794678
"PV","2026-07-29T16:00:00.000000",16.0228042602539
"PV","2026-07-29T17:00:00.000000",16.1503620147705
"PV","2026-07-29T18:00:00.000000",16.4526081085205
"PV","2026-07-29T19:00:00.000000",16.6089572906494
"PV","2026-07-29T20:00:00.000000",16.6375102996826
"PV","2026-07-29T21:00:00.000000",16.6583709716797
"PV","2026-07-29T22:00:00.000000",16.3041152954102
"PV","2026-07-29T23:00:00.000000",15.5723781585693
"PV","2026-07-30T00:00:00.000000",15.2208919525146
"PV","2026-07-30T01:00:00.000000",15.1181392669678
"PV","2026-07-30T02:00:00.000000",15.0591068267822
"PV","2026-07-30T03:00:00.000000",15.0943584442139
"PV","2026-07-30T04:00:00.000000",15.3215656280518
"PV","2026-07-30T05:00:00.000000",15.5947170257568
"PV","2026-07-30T06:00:00.000000",16.1293087005615
"PV","2026-07-30T07:00:00.000000",16.4456615447998
"PV","2026-07-30T08:00:00.000000",16.589448928833
"PV","2026-07-30T09:00:00.000000",16.6250419616699
"PV","2026-07-30T10:00:00.000000",16.6628646850586
"PV","2026-07-30T11:00:00.000000",16.5728549957275
"PV","2026-07-30T12:00:00.000000",16.5288963317871
"PV","2026-07-30T13:00:00.000000",16.4725856781006
"PV","2026-07-30T14:00:00.000000",16.3070774078369
"PV","2026-07-30T15:00:00.000000",16.2084503173828
"PV","2026-07-30T16:00:00.000000",16.1950378417969
"PV","2026-07-30T17:00:00.000000",16.2741031646729
"PV","2026-07-30T18:00:00.000000",16.3126621246338
"PV","2026-07-30T19:00:00.000000",16.3896522521973
"PV","2026-07-30T20:00:00.000000",16.5778141021729
"PV","2026-07-30T21:00:00.000000",16.6963977813721
"PV","2026-07-30T22:00:00.000000",16.7217140197754
"PV","2026-07-30T23:00:00.000000",16.8518772125244
"PV","2026-07-31T00:00:00.000000",16.9866123199463
"PV","2026-07-31T01:00:00.000000",16.9721374511719
"PV","2026-07-31T02:00:00.000000",16.8117694854736
"PV","2026-07-31T03:00:00.000000",16.7756958007812
"PV","2026-07-31T04:00:00.000000",16.7954654693604
"PV","2026-07-31T05:00:00.000000",16.8275165557861
"PV","2026-07-31T06:00:00.000000",16.8728313446045
"PV","2026-07-31T07:00:00.000000",16.9337043762207
"PV","2026-07-31T08:00:00.000000",16.9900817871094
"PV","2026-07-31T09:00:00.000000",17.0316314697266
"PV","2026-07-31T10:00:00.000000",17.0641784667969
"PV","2026-07-31T11:00:00.000000",17.0562763214111
"PV","2026-07-31T12:00:00.000000",16.9210929870605
"PV","2026-07-31T13:00:00.000000",16.9525337219238
"PV","2026-07-31T14:00:00.000000",17.0123081207275
"PV","2026-07-31T15:00:00.000000",17.0152168273926
"PV","2026-07-31T16:00:00.000000",16.9615287780762
"PV","2026-07-31T17:00:00.000000",16.9480609893799
"PV","2026-07-31T18:00:00.000000",16.9686412811279
"PV","2026-07-31T19:00:00.000000",17.0431251525879
"PV","2026-07-31T20:00:00.000000",17.1437759399414
"PV","2026-07-31T21:00:00.000000",17.2158050537109
"PV","2026-07-31T22:00:00.000000",17.2500801086426
"PV","2026-07-31T23:00:00.000000",17.2648372650146
"PV","2026-08-01T00:00:00.000000",17.1307849884033
"PV","2026-08-01T01:00:00.000000",17.2314052581787
"PV","2026-08-01T02:00:00.000000",17.2865962982178
"PV","2026-08-01T03:00:00.000000",17.1793384552002
"PV","2026-08-01T04:00:00.000000",17.1528034210205
"PV","2026-08-01T05:00:00.000000",17.2726154327393
"PV","2026-08-01T06:00:00.000000",17.4060821533203
"PV","2026-08-01T07:00:00.000000",17.5390167236328
"PV","2026-08-01T08:00:00.000000",17.5774936676025
"PV","2026-08-01T09:00:00.000000",17.5282859802246
"PV","2026-08-01T10:00:00.000000",17.4738903045654
"PV","2026-08-01T11:00:00.000000",17.4192314147949
"PV","2026-08-01T12:00:00.000000",17.2898273468018
"PV","2026-08-01T13:00:00.000000",17.1467819213867
"PV","2026-08-01T14:00:00.000000",17.0606670379639
"PV","2026-08-01T15:00:00.000000",17.0527839660645
"PV","2026-08-01T16:00:00.000000",17.0395889282227
"PV","2026-08-01T17:00:00.000000",17.0987930297852
"PV","2026-08-01T18:00:00.000000",17.2334861755371
"PV","2026-08-01T19:00:00.000000",17.4081745147705
"PV","2026-08-01T20:00:00.000000",17.6293849945068
"PV","2026-08-01T21:00:00.000000",17.7337017059326
"PV","2026-08-01T22:00:00.000000",17.8313541412354
"PV","2026-08-01T23:00:00.000000",17.9084300994873
"PV","2026-08-02T00:00:00.000000",17.843879699707
"PV","2026-08-02T01:00:00.000000",17.0804328918457
"PV","2026-08-02T02:00:00.000000",16.8904438018799
"PV","2026-08-02T03:00:00.000000",16.9044494628906
"PV","2026-08-02T04:00:00.000000",17.0667171478271
"PV","2026-08-02T05:00:00.000000",17.1063137054443
"PV","2026-08-02T06:00:00.000000",17.1201362609863
"PV","2026-08-02T07:00:00.000000",17.1731071472168
"PV","2026-08-02T08:00:00.000000",17.3577499389648
"PV","2026-08-02T09:00:00.000000",17.4146251678467
"PV","2026-08-02T10:00:00.000000",17.3987903594971
"PV","2026-08-02T11:00:00.000000",17.3775691986084
"PV","2026-08-02T12:00:00.000000",17.1998157501221
"PV","2026-08-02T13:00:00.000000",16.5573329925537
"PV","2026-08-02T14:00:00.000000",16.4490451812744
"PV","2026-08-02T15:00:00.000000",16.4617576599121
"PV","2026-08-02T16:00:00.000000",16.5277423858643
"PV","2026-08-02T17:00:00.000000",16.6183681488037
"PV","2026-08-02T18:00:00.000000",16.7714958190918
"PV","2026-08-02T19:00:00.000000",17.0994110107422
"PV","2026-08-02T20:00:00.000000",17.570125579834
"PV","2026-08-02T21:00:00.000000",17.7802925109863
"PV","2026-08-02T22:00:00.000000",17.767858505249
"PV","2026-08-02T23:00:00.000000",17.6964111328125
"PV","2026-08-03T00:00:00.000000",17.594612121582
"PV","2026-08-03T01:00:00.000000",16.3371410369873
"PV","2026-08-03T02:00:00.000000",16.0688800811768
"PV","2026-08-03T03:00:00.000000",16.1056098937988
"PV","2026-08-03T04:00:00.000000",16.2439384460449
"PV","2026-08-03T05:00:00.000000",16.4216709136963
"PV","2026-08-03T06:00:00.000000",16.5149612426758
"PV","2026-08-03T07:00:00.000000",16.8063621520996
"PV","2026-08-03T08:00:00.000000",17.2243824005127
"PV","2026-08-03T09:00:00.000000",17.5253162384033
"PV","2026-08-03T10:00:00.000000",17.6562385559082
"PV","2026-08-03T11:00:00.000000",17.6045379638672
"PV","2026-08-03T12:00:00.000000",17.4268054962158
"PV","2026-08-03T13:00:00.000000",16.2680568695068
"PV","2026-08-03T14:00:00.000000",15.54465675354
"PV","2026-08-03T15:00:00.000000",15.5253925323486
"PV","2026-08-03T16:00:00.000000",15.6330699920654
"PV","2026-08-03T17:00:00.000000",15.7867870330811
"PV","2026-08-03T18:00:00.000000",15.8612613677979
"PV","2026-08-03T19:00:00.000000",15.9868297576904
"PV","2026-08-03T20:00:00.000000",16.1683387756348
"PV","2026-08-03T21:00:00.000000",16.5259647369385
"PV","2026-08-03T22:00:00.000000",16.9322547912598
"PV","2026-08-03T23:00:00.000000",16.9483947753906
"PV","2026-08-04T00:00:00.000000",16.8385963439941
"PV","2026-08-04T01:00:00.000000",16.5205345153809
"PV","2026-08-04T02:00:00.000000",15.3238039016724
"PV","2026-08-04T03:00:00.000000",15.1111965179443
"PV","2026-08-04T04:00:00.000000",15.1245803833008
"PV","2026-08-04T05:00:00.000000",15.2886075973511
"PV","2026-08-04T06:00:00.000000",15.4381351470947
"PV","2026-08-04T07:00:00.000000",15.531551361084
"PV","2026-08-04T08:00:00.000000",15.7070579528809
"PV","2026-08-04T09:00:00.000000",15.9394264221191
"PV","2026-08-04T10:00:00.000000",16.1421051025391
"PV","2026-08-04T11:00:00.000000",16.2132015228271
"PV","2026-08-04T12:00:00.000000",16.2075138092041
"PV","2026-08-04T13:00:00.000000",16.1357421875
"PV","2026-08-04T14:00:00.000000",15.3271865844727
"PV","2026-08-04T15:00:00.000000",14.9691305160522
"PV","2026-08-04T16:00:00.000000",15.0656547546387
"PV","2026-08-04T17:00:00.000000",15.1371383666992
"PV","2026-08-04T18:00:00.000000",15.2526836395264
"PV","2026-08-04T19:00:00.000000",15.57555103302
"PV","2026-08-04T20:00:00.000000",16.1999530792236
"PV","2026-08-04T21:00:00.000000",16.5994758605957
"PV","2026-08-04T22:00:00.000000",16.8472671508789
"PV","2026-08-04T23:00:00.000000",16.9666385650635
"PV","2026-08-05T00:00:00.000000",17.0444755554199
"PV","2026-08-05T01:00:00.000000",17.0395908355713
"PV","2026-08-05T02:00:00.000000",16.4272403717041
"PV","2026-08-05T03:00:00.000000",15.428692817688
"PV","2026-08-05T04:00:00.000000",15.257080078125
"PV","2026-08-05T05:00:00.000000",15.1911458969116
"PV","2026-08-05T06:00:00.000000",15.2201681137085
"PV","2026-08-05T07:00:00.000000",15.1654186248779
"PV","2026-08-05T08:00:00.000000",15.1629524230957
"PV","2026-08-05T09:00:00.000000",15.2756624221802
"PV","2026-08-05T10:00:00.000000",15.5345411300659
"PV","2026-08-05T11:00:00.000000",15.7686033248901
"PV","2026-08-05T12:00:00.000000",15.8524599075317
"PV","2026-08-05T13:00:00.000000",15.8601264953613
"PV","2026-08-05T14:00:00.000000",15.7631340026855
"PV","2026-08-05T15:00:00.000000",14.9488162994385
"PV","2026-08-05T16:00:00.000000",14.8289957046509
"PV","2026-08-05T17:00:00.000000",15.2152729034424
"PV","2026-08-05T18:00:00.000000",15.1946868896484
"PV","2026-08-05T19:00:00.000000",15.2256526947021
"PV","2026-08-05T20:00:00.000000",15.3739242553711
"PV","2026-08-05T21:00:00.000000",15.7274188995361
"PV","2026-08-05T22:00:00.000000",16.0351581573486
"PV","2026-08-05T23:00:00.000000",16.2138538360596
"PV","2026-08-06T00:00:00.000000",16.2983665466309
"SH","2026-07-29T00:00:00.000000",14.6321868896484
"SH","2026-07-29T01:00:00.000000",13.8982219696045
"SH","2026-07-29T02:00:00.000000",13.6396379470825
"SH","2026-07-29T03:00:00.000000",13.6787204742432
"SH","2026-07-29T04:00:00.000000",13.8777599334717
"SH","2026-07-29T05:00:00.000000",14.2902278900146
"SH","2026-07-29T06:00:00.000000",14.9013338088989
"SH","2026-07-29T07:00:00.000000",15.2180557250977
"SH","2026-07-29T08:00:00.000000",15.5930938720703
"SH","2026-07-29T09:00:00.000000",15.8314962387085
"SH","2026-07-29T10:00:00.000000",15.9062023162842
"SH","2026-07-29T11:00:00.000000",16.0799541473389
"SH","2026-07-29T12:00:00.000000",15.9872016906738
"SH","2026-07-29T13:00:00.000000",14.701810836792
"SH","2026-07-29T14:00:00.000000",14.1918668746948
"SH","2026-07-29T15:00:00.000000",14.2106876373291
"SH","2026-07-29T16:00:00.000000",14.2879838943481
"SH","2026-07-29T17:00:00.000000",14.410701751709
"SH","2026-07-29T18:00:00.000000",14.7817754745483
"SH","2026-07-29T19:00:00.000000",15.1254844665527
"SH","2026-07-29T20:00:00.000000",15.3113107681274
"SH","2026-07-29T21:00:00.000000",15.4704360961914
"SH","2026-07-29T22:00:00.000000",15.5053701400757
"SH","2026-07-29T23:00:00.000000",15.6323022842407
"SH","2026-07-30T00:00:00.000000",15.5168952941895
"SH","2026-07-30T01:00:00.000000",14.1554393768311
"SH","2026-07-30T02:00:00.000000",13.6068210601807
"SH","2026-07-30T03:00:00.000000",13.5728063583374
"SH","2026-07-30T04:00:00.000000",13.6250438690186
"SH","2026-07-30T05:00:00.000000",13.7120113372803
"SH","2026-07-30T06:00:00.000000",13.9762201309204
"SH","2026-07-30T07:00:00.000000",14.2678022384644
"SH","2026-07-30T08:00:00.000000",14.7764272689819
"SH","2026-07-30T09:00:00.000000",15.2026338577271
"SH","2026-07-30T10:00:00.000000",15.3683958053589
"SH","2026-07-30T11:00:00.000000",15.4742164611816
"SH","2026-07-30T12:00:00.000000",15.1938753128052
"SH","2026-07-30T13:00:00.000000",13.4948444366455
"SH","2026-07-30T14:00:00.000000",12.2971878051758
"SH","2026-07-30T15:00:00.000000",11.9682083129883
"SH","2026-07-30T16:00:00.000000",11.9155139923096
"SH","2026-07-30T17:00:00.000000",12.0157356262207
"SH","2026-07-30T18:00:00.000000",12.5598220825195
"SH","2026-07-30T19:00:00.000000",12.895318031311
"SH","2026-07-30T20:00:00.000000",13.0912990570068
"SH","2026-07-30T21:00:00.000000",13.2856121063232
"SH","2026-07-30T22:00:00.000000",13.3783617019653
"SH","2026-07-30T23:00:00.000000",13.5470504760742
"SH","2026-07-31T00:00:00.000000",13.6653709411621
"SH","2026-07-31T01:00:00.000000",13.123405456543
"SH","2026-07-31T02:00:00.000000",12.734169960022
"SH","2026-07-31T03:00:00.000000",12.5633392333984
"SH","2026-07-31T04:00:00.000000",12.5523548126221
"SH","2026-07-31T05:00:00.000000",12.6376848220825
"SH","2026-07-31T06:00:00.000000",13.1667127609253
"SH","2026-07-31T07:00:00.000000",13.934118270874
"SH","2026-07-31T08:00:00.000000",14.3457937240601
"SH","2026-07-31T09:00:00.000000",14.6792335510254
"SH","2026-07-31T10:00:00.000000",14.9754848480225
"SH","2026-07-31T11:00:00.000000",15.1143493652344
"SH","2026-07-31T12:00:00.000000",15.1521215438843
"SH","2026-07-31T13:00:00.000000",15.1368970870972
"SH","2026-07-31T14:00:00.000000",15.1537866592407
"SH","2026-07-31T15:00:00.000000",15.1398935317993
"SH","2026-07-31T16:00:00.000000",15.1195335388184
"SH","2026-07-31T17:00:00.000000",15.1840238571167
"SH","2026-07-31T18:00:00.000000",15.4359827041626
"SH","2026-07-31T19:00:00.000000",15.78160572052
"SH","2026-07-31T20:00:00.000000",15.9793910980225
"SH","2026-07-31T21:00:00.000000",16.0531692504883
"SH","2026-07-31T22:00:00.000000",16.139741897583
"SH","2026-07-31T23:00:00.000000",16.1885948181152
"SH","2026-08-01T00:00:00.000000",16.1642036437988
"SH","2026-08-01T01:00:00.000000",16.0355529785156
"SH","2026-08-01T02:00:00.000000",15.4666118621826
"SH","2026-08-01T03:00:00.000000",15.0151300430298
"SH","2026-08-01T04:00:00.000000",14.8008604049683
"SH","2026-08-01T05:00:00.000000",14.7907676696777
"SH","2026-08-01T06:00:00.000000",14.940354347229
"SH","2026-08-01T07:00:00.000000",15.4202241897583
"SH","2026-08-01T08:00:00.000000",15.7377319335938
"SH","2026-08-01T09:00:00.000000",15.9642581939697
"SH","2026-08-01T10:00:00.000000",16.2203731536865
"SH","2026-08-01T11:00:00.000000",16.4294147491455
"SH","2026-08-01T12:00:00.000000",16.4515247344971
"SH","2026-08-01T13:00:00.000000",16.2008171081543
"SH","2026-08-01T14:00:00.000000",15.1711645126343
"SH","2026-08-01T15:00:00.000000",14.7150201797485
"SH","2026-08-01T16:00:00.000000",14.5797662734985
"SH","2026-08-01T17:00:00.000000",14.5248079299927
"SH","2026-08-01T18:00:00.000000",14.5889539718628
"SH","2026-08-01T19:00:00.000000",14.9690351486206
"SH","2026-08-01T20:00:00.000000",15.4553956985474
"SH","2026-08-01T21:00:00.000000",15.6732778549194
"SH","2026-08-01T22:00:00.000000",15.9049158096313
"SH","2026-08-01T23:00:00.000000",16.1260547637939
"SH","2026-08-02T00:00:00.000000",16.1784229278564
"SH","2026-08-02T01:00:00.000000",16.0764293670654
"SH","2026-08-02T02:00:00.000000",15.5619525909424
"SH","2026-08-02T03:00:00.000000",15.1403112411499
"SH","2026-08-02T04:00:00.000000",15.0432214736938
"SH","2026-08-02T05:00:00.000000",14.9966688156128
"SH","2026-08-02T06:00:00.000000",14.9639520645142
"SH","2026-08-02T07:00:00.000000",14.9389657974243
"SH","2026-08-02T08:00:00.000000",15.0802936553955
"SH","2026-08-02T09:00:00.000000",15.327299118042
"SH","2026-08-02T10:00:00.000000",15.756685256958
"SH","2026-08-02T11:00:00.000000",16.1032066345215
"SH","2026-08-02T12:00:00.000000",16.3072872161865
"SH","2026-08-02T13:00:00.000000",16.1889495849609
"SH","2026-08-02T14:00:00.000000",15.7270307540894
"SH","2026-08-02T15:00:00.000000",15.4988689422607
"SH","2026-08-02T16:00:00.000000",15.5169544219971
"SH","2026-08-02T17:00:00.000000",15.505274772644
"SH","2026-08-02T18:00:00.000000",15.502739906311
"SH","2026-08-02T19:00:00.000000",15.5823745727539
"SH","2026-08-02T20:00:00.000000",15.792760848999
"SH","2026-08-02T21:00:00.000000",15.8352355957031
"SH","2026-08-02T22:00:00.000000",15.8999366760254
"SH","2026-08-02T23:00:00.000000",16.0741996765137
"SH","2026-08-03T00:00:00.000000",16.2985935211182
"SH","2026-08-03T01:00:00.000000",16.3127937316895
"SH","2026-08-03T02:00:00.000000",15.978084564209
"SH","2026-08-03T03:00:00.000000",15.473087310791
"SH","2026-08-03T04:00:00.000000",15.2502365112305
"SH","2026-08-03T05:00:00.000000",15.1767387390137
"SH","2026-08-03T06:00:00.000000",15.1636056900024
"SH","2026-08-03T07:00:00.000000",15.1882419586182
"SH","2026-08-03T08:00:00.000000",15.2868967056274
"SH","2026-08-03T09:00:00.000000",15.3966703414917
"SH","2026-08-03T10:00:00.000000",15.5738725662231
"SH","2026-08-03T11:00:00.000000",15.861665725708
"SH","2026-08-03T12:00:00.000000",15.9610939025879
"SH","2026-08-03T13:00:00.000000",15.3058309555054
"SH","2026-08-03T14:00:00.000000",14.8639669418335
"SH","2026-08-03T15:00:00.000000",14.8303508758545
"SH","2026-08-03T16:00:00.000000",14.6512479782104
"SH","2026-08-03T17:00:00.000000",14.554859161377
"SH","2026-08-03T18:00:00.000000",14.4881248474121
"SH","2026-08-03T19:00:00.000000",14.4652652740479
"SH","2026-08-03T20:00:00.000000",14.4905643463135
"SH","2026-08-03T21:00:00.000000",14.7095670700073
"SH","2026-08-03T22:00:00.000000",14.9623594284058
"SH","2026-08-03T23:00:00.000000",15.232964515686
"SH","2026-08-04T00:00:00.000000",15.4737300872803
"SH","2026-08-04T01:00:00.000000",15.6526260375977
"SH","2026-08-04T02:00:00.000000",15.4907913208008
"SH","2026-08-04T03:00:00.000000",15.0485925674438
"SH","2026-08-04T04:00:00.000000",14.6364116668701
"SH","2026-08-04T05:00:00.000000",14.5059480667114
"SH","2026-08-04T06:00:00.000000",14.4468507766724
"SH","2026-08-04T07:00:00.000000",14.4263744354248
"SH","2026-08-04T08:00:00.000000",14.4534368515015
"SH","2026-08-04T09:00:00.000000",14.5913953781128
"SH","2026-08-04T10:00:00.000000",14.8097620010376
"SH","2026-08-04T11:00:00.000000",15.0768880844116
"SH","2026-08-04T12:00:00.000000",15.3852252960205
"SH","2026-08-04T13:00:00.000000",15.689414024353
"SH","2026-08-04T14:00:00.000000",15.7417821884155
"SH","2026-08-04T15:00:00.000000",15.5159244537354
"SH","2026-08-04T16:00:00.000000",15.527774810791
"SH","2026-08-04T17:00:00.000000",15.9082641601562
"SH","2026-08-04T18:00:00.000000",16.0996170043945
"SH","2026-08-04T19:00:00.000000",16.1972713470459
"SH","2026-08-04T20:00:00.000000",16.228084564209
"SH","2026-08-04T21:00:00.000000",16.3154640197754
"SH","2026-08-04T22:00:00.000000",16.3284721374512
"SH","2026-08-04T23:00:00.000000",16.1309814453125
"SH","2026-08-05T00:00:00.000000",16.0783767700195
"SH","2026-08-05T01:00:00.000000",16.117919921875
"SH","2026-08-05T02:00:00.000000",16.1854000091553
"SH","2026-08-05T03:00:00.000000",16.1463584899902
"SH","2026-08-05T04:00:00.000000",15.8825044631958
"SH","2026-08-05T05:00:00.000000",15.3698787689209
"SH","2026-08-05T06:00:00.000000",15.082802772522
"SH","2026-08-05T07:00:00.000000",14.9220857620239
"SH","2026-08-05T08:00:00.000000",14.8665294647217
"SH","2026-08-05T09:00:00.000000",14.9345684051514
"SH","2026-08-05T10:00:00.000000",15.1314487457275
"SH","2026-08-05T11:00:00.000000",15.3734264373779
"SH","2026-08-05T12:00:00.000000",15.6024341583252
"SH","2026-08-05T13:00:00.000000",15.7154455184937
"SH","2026-08-05T14:00:00.000000",15.7317924499512
"SH","2026-08-05T15:00:00.000000",15.6706867218018
"SH","2026-08-05T16:00:00.000000",15.5711107254028
"SH","2026-08-05T17:00:00.000000",15.3788938522339
"SH","2026-08-05T18:00:00.000000",15.2325458526611
"SH","2026-08-05T19:00:00.000000",15.1045980453491
"SH","2026-08-05T20:00:00.000000",15.0315685272217
"SH","2026-08-05T21:00:00.000000",15.1013383865356
"SH","2026-08-05T22:00:00.000000",15.3784523010254
"SH","2026-08-05T23:00:00.000000",15.5835657119751
"SH","2026-08-06T00:00:00.000000",15.6526117324829
"WB","2026-07-29T00:00:00.000000",17.7321605682373
"WB","2026-07-29T01:00:00.000000",17.6747207641602
"WB","2026-07-29T02:00:00.000000",17.5220203399658
"WB","2026-07-29T03:00:00.000000",17.2694931030273
"WB","2026-07-29T04:00:00.000000",17.0486087799072
"WB","2026-07-29T05:00:00.000000",16.9707450866699
"WB","2026-07-29T06:00:00.000000",17.0241794586182
"WB","2026-07-29T07:00:00.000000",17.0574798583984
"WB","2026-07-29T08:00:00.000000",17.0927257537842
"WB","2026-07-29T09:00:00.000000",17.130615234375
"WB","2026-07-29T10:00:00.000000",17.3533134460449
"WB","2026-07-29T11:00:00.000000",17.5794067382812
"WB","2026-07-29T12:00:00.000000",17.558292388916
"WB","2026-07-29T13:00:00.000000",17.517068862915
"WB","2026-07-29T14:00:00.000000",17.4789505004883
"WB","2026-07-29T15:00:00.000000",17.4543914794922
"WB","2026-07-29T16:00:00.000000",17.4535427093506
"WB","2026-07-29T17:00:00.000000",17.4552383422852
"WB","2026-07-29T18:00:00.000000",17.4831275939941
"WB","2026-07-29T19:00:00.000000",17.5124702453613
"WB","2026-07-29T20:00:00.000000",17.5463104248047
"WB","2026-07-29T21:00:00.000000",17.5810146331787
"WB","2026-07-29T22:00:00.000000",17.596851348877
"WB","2026-07-29T23:00:00.000000",17.5845031738281
"WB","2026-07-30T00:00:00.000000",17.5092010498047
"WB","2026-07-30T01:00:00.000000",17.4713706970215
"WB","2026-07-30T02:00:00.000000",17.4634246826172
"WB","2026-07-30T03:00:00.000000",17.4652042388916
"WB","2026-07-30T04:00:00.000000",17.4648056030273
"WB","2026-07-30T05:00:00.000000",17.47287940979
"WB","2026-07-30T06:00:00.000000",17.486198425293
"WB","2026-07-30T07:00:00.000000",17.4957599639893
"WB","2026-07-30T08:00:00.000000",17.5021743774414
"WB","2026-07-30T09:00:00.000000",17.4943199157715
"WB","2026-07-30T10:00:00.000000",17.4486331939697
"WB","2026-07-30T11:00:00.000000",17.3474311828613
"WB","2026-07-30T12:00:00.000000",17.2340469360352
"WB","2026-07-30T13:00:00.000000",17.1763191223145
"WB","2026-07-30T14:00:00.000000",17.1693210601807
"WB","2026-07-30T15:00:00.000000",17.1673393249512
"WB","2026-07-30T16:00:00.000000",17.166877746582
"WB","2026-07-30T17:00:00.000000",17.1695156097412
"WB","2026-07-30T18:00:00.000000",17.1919994354248
"WB","2026-07-30T19:00:00.000000",17.2257747650146
"WB","2026-07-30T20:00:00.000000",17.2580680847168
"WB","2026-07-30T21:00:00.000000",17.2890224456787
"WB","2026-07-30T22:00:00.000000",17.312557220459
"WB","2026-07-30T23:00:00.000000",17.3182716369629
"WB","2026-07-31T00:00:00.000000",17.3162651062012
"WB","2026-07-31T01:00:00.000000",17.3107147216797
"WB","2026-07-31T02:00:00.000000",17.305549621582
"WB","2026-07-31T03:00:00.000000",17.2946453094482
"WB","2026-07-31T04:00:00.000000",17.2972888946533
"WB","2026-07-31T05:00:00.000000",17.3105430603027
"WB","2026-07-31T06:00:00.000000",17.3572425842285
"WB","2026-07-31T07:00:00.000000",17.4227161407471
"WB","2026-07-31T08:00:00.000000",17.4724502563477
"WB","2026-07-31T09:00:00.000000",17.4990520477295
"WB","2026-07-31T10:00:00.000000",17.5014915466309
"WB","2026-07-31T11:00:00.000000",17.4480514526367
"WB","2026-07-31T12:00:00.000000",17.3914833068848
"WB","2026-07-31T13:00:00.000000",17.2930870056152
"WB","2026-07-31T14:00:00.000000",17.116626739502
"WB","2026-07-31T15:00:00.000000",16.9403705596924
"WB","2026-07-31T16:00:00.000000",16.7841167449951
"WB","2026-07-31T17:00:00.000000",16.660680770874
"WB","2026-07-31T18:00:00.000000",16.6164932250977
"WB","2026-07-31T19:00:00.000000",16.6475582122803
"WB","2026-07-31T20:00:00.000000",16.7245388031006
"WB","2026-07-31T21:00:00.000000",16.809268951416
"WB","2026-07-31T22:00:00.000000",16.8668441772461
"WB","2026-07-31T23:00:00.000000",16.8939514160156
"WB","2026-08-01T00:00:00.000000",16.9334926605225
"WB","2026-08-01T01:00:00.000000",16.9118175506592
"WB","2026-08-01T02:00:00.000000",16.8610610961914
"WB","2026-08-01T03:00:00.000000",16.8391036987305
"WB","2026-08-01T04:00:00.000000",16.8453788757324
"WB","2026-08-01T05:00:00.000000",16.8739128112793
"WB","2026-08-01T06:00:00.000000",16.9251346588135
"WB","2026-08-01T07:00:00.000000",17.0070018768311
"WB","2026-08-01T08:00:00.000000",17.0039558410645
"WB","2026-08-01T09:00:00.000000",16.9693813323975
"WB","2026-08-01T10:00:00.000000",16.929859161377
"WB","2026-08-01T11:00:00.000000",16.8682765960693
"WB","2026-08-01T12:00:00.000000",16.7893848419189
"WB","2026-08-01T13:00:00.000000",16.7336711883545
"WB","2026-08-01T14:00:00.000000",16.719331741333
"WB","2026-08-01T15:00:00.000000",16.7102813720703
"WB","2026-08-01T16:00:00.000000",16.7037620544434
"WB","2026-08-01T17:00:00.000000",16.7184562683105
"WB","2026-08-01T18:00:00.000000",16.7675762176514
"WB","2026-08-01T19:00:00.000000",16.8785362243652
"WB","2026-08-01T20:00:00.000000",16.9492015838623
"WB","2026-08-01T21:00:00.000000",17.0213394165039
"WB","2026-08-01T22:00:00.000000",17.1178855895996
"WB","2026-08-01T23:00:00.000000",17.197473526001
"WB","2026-08-02T00:00:00.000000",17.2147064208984
"WB","2026-08-02T01:00:00.000000",17.1657943725586
"WB","2026-08-02T02:00:00.000000",17.0798797607422
"WB","2026-08-02T03:00:00.000000",17.0118198394775
"WB","2026-08-02T04:00:00.000000",16.957670211792
"WB","2026-08-02T05:00:00.000000",16.9096183776855
"WB","2026-08-02T06:00:00.000000",16.8914070129395
"WB","2026-08-02T07:00:00.000000",16.9083976745605
"WB","2026-08-02T08:00:00.000000",16.9809532165527
"WB","2026-08-02T09:00:00.000000",17.1005516052246
"WB","2026-08-02T10:00:00.000000",17.1702442169189
"WB","2026-08-02T11:00:00.000000",17.2047538757324
"WB","2026-08-02T12:00:00.000000",17.1750602722168
"WB","2026-08-02T13:00:00.000000",17.0382423400879
"WB","2026-08-02T14:00:00.000000",16.8955497741699
"WB","2026-08-02T15:00:00.000000",16.7964420318604
"WB","2026-08-02T16:00:00.000000",16.73805809021
"WB","2026-08-02T17:00:00.000000",16.7179203033447
"WB","2026-08-02T18:00:00.000000",16.7421474456787
"WB","2026-08-02T19:00:00.000000",16.8588409423828
"WB","2026-08-02T20:00:00.000000",17.1257057189941
"WB","2026-08-02T21:00:00.000000",17.3126773834229
"WB","2026-08-02T22:00:00.000000",17.4887371063232
"WB","2026-08-02T23:00:00.000000",17.6177101135254
"WB","2026-08-03T00:00:00.000000",17.6640911102295
"WB","2026-08-03T01:00:00.000000",17.6173057556152
"WB","2026-08-03T02:00:00.000000",17.4919300079346
"WB","2026-08-03T03:00:00.000000",17.3195991516113
"WB","2026-08-03T04:00:00.000000",17.2077674865723
"WB","2026-08-03T05:00:00.000000",17.1661796569824
"WB","2026-08-03T06:00:00.000000",17.2288284301758
"WB","2026-08-03T07:00:00.000000",17.2765846252441
"WB","2026-08-03T08:00:00.000000",17.345630645752
"WB","2026-08-03T09:00:00.000000",17.4657211303711
"WB","2026-08-03T10:00:00.000000",17.5523281097412
"WB","2026-08-03T11:00:00.000000",17.5817451477051
"WB","2026-08-03T12:00:00.000000",17.5384578704834
"WB","2026-08-03T13:00:00.000000",17.4066562652588
"WB","2026-08-03T14:00:00.000000",17.2950286865234
"WB","2026-08-03T15:00:00.000000",17.1513843536377
"WB","2026-08-03T16:00:00.000000",16.9927177429199
"WB","2026-08-03T17:00:00.000000",16.8689384460449
"WB","2026-08-03T18:00:00.000000",16.8055629730225
"WB","2026-08-03T19:00:00.000000",16.7947673797607
"WB","2026-08-03T20:00:00.000000",16.8389549255371
"WB","2026-08-03T21:00:00.000000",16.9489727020264
"WB","2026-08-03T22:00:00.000000",17.036111831665
"WB","2026-08-03T23:00:00.000000",17.2728672027588
"WB","2026-08-04T00:00:00.000000",17.3144569396973
"WB","2026-08-04T01:00:00.000000",17.1997489929199
"WB","2026-08-04T02:00:00.000000",16.9875926971436
"WB","2026-08-04T03:00:00.000000",16.8243656158447
"WB","2026-08-04T04:00:00.000000",16.6512851715088
"WB","2026-08-04T05:00:00.000000",16.4815311431885
"WB","2026-08-04T06:00:00.000000",16.3741798400879
"WB","2026-08-04T07:00:00.000000",16.34401512146
"WB","2026-08-04T08:00:00.000000",16.3725261688232
"WB","2026-08-04T09:00:00.000000",16.4729137420654
"WB","2026-08-04T10:00:00.000000",16.5385761260986
"WB","2026-08-04T11:00:00.000000",16.5381908416748
"WB","2026-08-04T12:00:00.000000",16.5285606384277
"WB","2026-08-04T13:00:00.000000",16.5091800689697
"WB","2026-08-04T14:00:00.000000",16.4326171875
"WB","2026-08-04T15:00:00.000000",16.2860546112061
"WB","2026-08-04T16:00:00.000000",16.1231727600098
"WB","2026-08-04T17:00:00.000000",15.9778709411621
"WB","2026-08-04T18:00:00.000000",15.9185256958008
"WB","2026-08-04T19:00:00.000000",15.9219093322754
"WB","2026-08-04T20:00:00.000000",15.9794092178345
"WB","2026-08-04T21:00:00.000000",16.291166305542
"WB","2026-08-04T22:00:00.000000",16.7234134674072
"WB","2026-08-04T23:00:00.000000",16.9996337890625
"WB","2026-08-05T00:00:00.000000",17.2063941955566
"WB","2026-08-05T01:00:00.000000",17.2688007354736
"WB","2026-08-05T02:00:00.000000",17.1478023529053
"WB","2026-08-05T03:00:00.000000",16.8915061950684
"WB","2026-08-05T04:00:00.000000",16.6952018737793
"WB","2026-08-05T05:00:00.000000",16.4601573944092
"WB","2026-08-05T06:00:00.000000",16.2150478363037
"WB","2026-08-05T07:00:00.000000",16.0531997680664
"WB","2026-08-05T08:00:00.000000",16.0008220672607
"WB","2026-08-05T09:00:00.000000",16.0344467163086
"WB","2026-08-05T10:00:00.000000",16.1404705047607
"WB","2026-08-05T11:00:00.000000",16.2061500549316
"WB","2026-08-05T12:00:00.000000",16.2051696777344
"WB","2026-08-05T13:00:00.000000",16.1761493682861
"WB","2026-08-05T14:00:00.000000",16.1092166900635
"WB","2026-08-05T15:00:00.000000",15.9962120056152
"WB","2026-08-05T16:00:00.000000",15.9551267623901
"WB","2026-08-05T17:00:00.000000",15.9446706771851
"WB","2026-08-05T18:00:00.000000",15.9155540466309
"WB","2026-08-05T19:00:00.000000",15.8930397033691
"WB","2026-08-05T20:00:00.000000",15.9000072479248
"WB","2026-08-05T21:00:00.000000",15.9404706954956
"WB","2026-08-05T22:00:00.000000",16.1007308959961
"WB","2026-08-05T23:00:00.000000",16.41330909729
"WB","2026-08-06T00:00:00.000000",16.4727554321289
"CL","2026-07-29T00:00:00.000000",21.3441219329834
"CL","2026-07-29T01:00:00.000000",21.3426475524902
"CL","2026-07-29T02:00:00.000000",21.3658771514893
"CL","2026-07-29T03:00:00.000000",21.3960380554199
"CL","2026-07-29T04:00:00.000000",21.3508968353271
"CL","2026-07-29T05:00:00.000000",21.1774425506592
"CL","2026-07-29T06:00:00.000000",21.1077880859375
"CL","2026-07-29T07:00:00.000000",21.0173263549805
"CL","2026-07-29T08:00:00.000000",21.2951564788818
"CL","2026-07-29T09:00:00.000000",21.3940238952637
"CL","2026-07-29T10:00:00.000000",21.3880004882812
"CL","2026-07-29T11:00:00.000000",21.3661956787109
"CL","2026-07-29T12:00:00.000000",21.3473739624023
"CL","2026-07-29T13:00:00.000000",21.323356628418
"CL","2026-07-29T14:00:00.000000",21.3090782165527
"CL","2026-07-29T15:00:00.000000",21.2347526550293
"CL","2026-07-29T16:00:00.000000",21.1394901275635
"CL","2026-07-29T17:00:00.000000",21.0444927215576
"CL","2026-07-29T18:00:00.000000",20.9931106567383
"CL","2026-07-29T19:00:00.000000",20.9639663696289
"CL","2026-07-29T20:00:00.000000",21.2492485046387
"CL","2026-07-29T21:00:00.000000",21.3232383728027
"CL","2026-07-29T22:00:00.000000",21.316499710083
"CL","2026-07-29T23:00:00.000000",21.3008365631104
"CL","2026-07-30T00:00:00.000000",21.288667678833
"CL","2026-07-30T01:00:00.000000",21.2791633605957
"CL","2026-07-30T02:00:00.000000",21.285270690918
"CL","2026-07-30T03:00:00.000000",21.2813510894775
"CL","2026-07-30T04:00:00.000000",21.2650394439697
"CL","2026-07-30T05:00:00.000000",21.1883506774902
"CL","2026-07-30T06:00:00.000000",21.0940322875977
"CL","2026-07-30T07:00:00.000000",21.0375289916992
"CL","2026-07-30T08:00:00.000000",20.9903945922852
"CL","2026-07-30T09:00:00.000000",21.2267742156982
"CL","2026-07-30T10:00:00.000000",21.2756538391113
"CL","2026-07-30T11:00:00.000000",21.2713260650635
"CL","2026-07-30T12:00:00.000000",21.2692375183105
"CL","2026-07-30T13:00:00.000000",21.2656860351562
"CL","2026-07-30T14:00:00.000000",21.2683696746826
"CL","2026-07-30T15:00:00.000000",21.2772483825684
"CL","2026-07-30T16:00:00.000000",21.2749824523926
"CL","2026-07-30T17:00:00.000000",21.1709938049316
"CL","2026-07-30T18:00:00.000000",21.0657520294189
"CL","2026-07-30T19:00:00.000000",21.0607604980469
"CL","2026-07-30T20:00:00.000000",21.2117347717285
"CL","2026-07-30T21:00:00.000000",21.3299350738525
"CL","2026-07-30T22:00:00.000000",21.3405418395996
"CL","2026-07-30T23:00:00.000000",21.3269557952881
"CL","2026-07-31T00:00:00.000000",21.3137874603271
"CL","2026-07-31T01:00:00.000000",21.3079490661621
"CL","2026-07-31T02:00:00.000000",21.3068313598633
"CL","2026-07-31T03:00:00.000000",21.310791015625
"CL","2026-07-31T04:00:00.000000",21.3187427520752
"CL","2026-07-31T05:00:00.000000",21.311559677124
"CL","2026-07-31T06:00:00.000000",21.2578220367432
"CL","2026-07-31T07:00:00.000000",21.2230815887451
"CL","2026-07-31T08:00:00.000000",21.1550807952881
"CL","2026-07-31T09:00:00.000000",21.2169208526611
"CL","2026-07-31T10:00:00.000000",21.259937286377
"CL","2026-07-31T11:00:00.000000",21.2596378326416
"CL","2026-07-31T12:00:00.000000",21.2592277526855
"CL","2026-07-31T13:00:00.000000",21.2643222808838
"CL","2026-07-31T14:00:00.000000",21.2706890106201
"CL","2026-07-31T15:00:00.000000",21.2766590118408
"CL","2026-07-31T16:00:00.000000",21.2834320068359
"CL","2026-07-31T17:00:00.000000",21.2691459655762
"CL","2026-07-31T18:00:00.000000",21.213191986084
"CL","2026-07-31T19:00:00.000000",21.1681213378906
"CL","2026-07-31T20:00:00.000000",21.1610927581787
"CL","2026-07-31T21:00:00.000000",21.2186641693115
"CL","2026-07-31T22:00:00.000000",21.3262252807617
"CL","2026-07-31T23:00:00.000000",21.3401355743408
"CL","2026-08-01T00:00:00.000000",21.3467121124268
"CL","2026-08-01T01:00:00.000000",21.3426513671875
"CL","2026-08-01T02:00:00.000000",21.3421516418457
"CL","2026-08-01T03:00:00.000000",21.3393039703369
"CL","2026-08-01T04:00:00.000000",21.3420143127441
"CL","2026-08-01T05:00:00.000000",21.3390579223633
"CL","2026-08-01T06:00:00.000000",21.2982616424561
"CL","2026-08-01T07:00:00.000000",21.2338619232178
"CL","2026-08-01T08:00:00.000000",21.1967678070068
"CL","2026-08-01T09:00:00.000000",21.1815223693848
"CL","2026-08-01T10:00:00.000000",21.3322982788086
"CL","2026-08-01T11:00:00.000000",21.4021091461182
"CL","2026-08-01T12:00:00.000000",21.4071674346924
"CL","2026-08-01T13:00:00.000000",21.4065456390381
"CL","2026-08-01T14:00:00.000000",21.4062004089355
"CL","2026-08-01T15:00:00.000000",21.41455078125
"CL","2026-08-01T16:00:00.000000",21.4301204681396
"CL","2026-08-01T17:00:00.000000",21.4429893493652
"CL","2026-08-01T18:00:00.000000",21.3867835998535
"CL","2026-08-01T19:00:00.000000",21.2937641143799
"CL","2026-08-01T20:00:00.000000",21.264928817749
"CL","2026-08-01T21:00:00.000000",21.2623767852783
"CL","2026-08-01T22:00:00.000000",21.3582229614258
"CL","2026-08-01T23:00:00.000000",21.5880393981934
"CL","2026-08-02T00:00:00.000000",21.622917175293
"CL","2026-08-02T01:00:00.000000",21.6215267181396
"CL","2026-08-02T02:00:00.000000",21.5959892272949
"CL","2026-08-02T03:00:00.000000",21.5738906860352
"CL","2026-08-02T04:00:00.000000",21.6016082763672
"CL","2026-08-02T05:00:00.000000",21.6215724945068
"CL","2026-08-02T06:00:00.000000",21.6090927124023
"CL","2026-08-02T07:00:00.000000",21.5084819793701
"CL","2026-08-02T08:00:00.000000",21.4213943481445
"CL","2026-08-02T09:00:00.000000",21.3707714080811
"CL","2026-08-02T10:00:00.000000",21.3572559356689
"CL","2026-08-02T11:00:00.000000",21.6161212921143
"CL","2026-08-02T12:00:00.000000",21.6216773986816
"CL","2026-08-02T13:00:00.000000",21.6171779632568
"CL","2026-08-02T14:00:00.000000",21.6221675872803
"CL","2026-08-02T15:00:00.000000",21.6290645599365
"CL","2026-08-02T16:00:00.000000",21.6351051330566
"CL","2026-08-02T17:00:00.000000",21.644323348999
"CL","2026-08-02T18:00:00.000000",21.650577545166
"CL","2026-08-02T19:00:00.000000",21.5975208282471
"CL","2026-08-02T20:00:00.000000",21.5203742980957
"CL","2026-08-02T21:00:00.000000",21.4994201660156
"CL","2026-08-02T22:00:00.000000",21.4506244659424
"CL","2026-08-02T23:00:00.000000",21.6777229309082
"CL","2026-08-03T00:00:00.000000",21.735502243042
"CL","2026-08-03T01:00:00.000000",21.7243270874023
"CL","2026-08-03T02:00:00.000000",21.7077674865723
"CL","2026-08-03T03:00:00.000000",21.6801109313965
"CL","2026-08-03T04:00:00.000000",21.6579723358154
"CL","2026-08-03T05:00:00.000000",21.6564426422119
"CL","2026-08-03T06:00:00.000000",21.6167793273926
"CL","2026-08-03T07:00:00.000000",21.5697956085205
"CL","2026-08-03T08:00:00.000000",21.4890060424805
"CL","2026-08-03T09:00:00.000000",21.414587020874
"CL","2026-08-03T10:00:00.000000",21.337194442749
"CL","2026-08-03T11:00:00.000000",21.3973064422607
"CL","2026-08-03T12:00:00.000000",21.5720767974854
"CL","2026-08-03T13:00:00.000000",21.549072265625
"CL","2026-08-03T14:00:00.000000",21.5317306518555
"CL","2026-08-03T15:00:00.000000",21.5165538787842
"CL","2026-08-03T16:00:00.000000",21.5045852661133
"CL","2026-08-03T17:00:00.000000",21.5253849029541
"CL","2026-08-03T18:00:00.000000",21.5155448913574
"CL","2026-08-03T19:00:00.000000",21.352294921875
"CL","2026-08-03T20:00:00.000000",21.0913581848145
"CL","2026-08-03T21:00:00.000000",21.0340442657471
"CL","2026-08-03T22:00:00.000000",21.0036449432373
"CL","2026-08-03T23:00:00.000000",20.9898128509521
"CL","2026-08-04T00:00:00.000000",21.2989444732666
"CL","2026-08-04T01:00:00.000000",21.3135356903076
"CL","2026-08-04T02:00:00.000000",21.2907466888428
"CL","2026-08-04T03:00:00.000000",21.2823047637939
"CL","2026-08-04T04:00:00.000000",21.2728633880615
"CL","2026-08-04T05:00:00.000000",21.2741851806641
"CL","2026-08-04T06:00:00.000000",21.2786598205566
"CL","2026-08-04T07:00:00.000000",21.2737083435059
"CL","2026-08-04T08:00:00.000000",21.1581401824951
"CL","2026-08-04T09:00:00.000000",21.0512599945068
"CL","2026-08-04T10:00:00.000000",21.0230121612549
"CL","2026-08-04T11:00:00.000000",21.0079574584961
"CL","2026-08-04T12:00:00.000000",21.0727939605713
"CL","2026-08-04T13:00:00.000000",21.0814418792725
"CL","2026-08-04T14:00:00.000000",20.9586181640625
"CL","2026-08-04T15:00:00.000000",20.8734016418457
"CL","2026-08-04T16:00:00.000000",20.8250751495361
"CL","2026-08-04T17:00:00.000000",20.8175773620605
"CL","2026-08-04T18:00:00.000000",20.9221134185791
"CL","2026-08-04T19:00:00.000000",20.9812927246094
"CL","2026-08-04T20:00:00.000000",21.0796089172363
"CL","2026-08-04T21:00:00.000000",21.1105213165283
"CL","2026-08-04T22:00:00.000000",21.1063041687012
"CL","2026-08-04T23:00:00.000000",21.0900363922119
"CL","2026-08-05T00:00:00.000000",21.0796527862549
"CL","2026-08-05T01:00:00.000000",21.3401031494141
"CL","2026-08-05T02:00:00.000000",21.5476226806641
"CL","2026-08-05T03:00:00.000000",21.5275707244873
"CL","2026-08-05T04:00:00.000000",21.4867839813232
"CL","2026-08-05T05:00:00.000000",21.4409484863281
"CL","2026-08-05T06:00:00.000000",21.4658584594727
"CL","2026-08-05T07:00:00.000000",21.5000782012939
"CL","2026-08-05T08:00:00.000000",21.4554462432861
"CL","2026-08-05T09:00:00.000000",21.2251815795898
"CL","2026-08-05T10:00:00.000000",21.1209278106689
"CL","2026-08-05T11:00:00.000000",21.0939655303955
"CL","2026-08-05T12:00:00.000000",21.0746517181396
"CL","2026-08-05T13:00:00.000000",21.3525676727295
"CL","2026-08-05T14:00:00.000000",21.4047718048096
"CL","2026-08-05T15:00:00.000000",21.3833999633789
"CL","2026-08-05T16:00:00.000000",21.387170791626
"CL","2026-08-05T17:00:00.000000",21.4043064117432
"CL","2026-08-05T18:00:00.000000",21.4156761169434
"CL","2026-08-05T19:00:00.000000",21.4202041625977
"CL","2026-08-05T20:00:00.000000",21.4288101196289
"CL","2026-08-05T21:00:00.000000",21.4346599578857
"CL","2026-08-05T22:00:00.000000",21.4178867340088
"CL","2026-08-05T23:00:00.000000",21.3704204559326
"CL","2026-08-06T00:00:00.000000",21.3093566894531
"FG","2026-07-29T00:00:00.000000",21.9345073699951
"FG","2026-07-29T01:00:00.000000",22.0646419525146
"FG","2026-07-29T02:00:00.000000",22.1090087890625
"FG","2026-07-29T03:00:00.000000",22.1547336578369
"FG","2026-07-29T04:00:00.000000",22.1974220275879
"FG","2026-07-29T05:00:00.000000",22.2223510742188
"FG","2026-07-29T06:00:00.000000",21.9094505310059
"FG","2026-07-29T07:00:00.000000",21.955696105957
"FG","2026-07-29T08:00:00.000000",21.9302539825439
"FG","2026-07-29T09:00:00.000000",21.8624877929688
"FG","2026-07-29T10:00:00.000000",21.816089630127
"FG","2026-07-29T11:00:00.000000",21.8355331420898
"FG","2026-07-29T12:00:00.000000",21.9004802703857
"FG","2026-07-29T13:00:00.000000",21.9892578125
"FG","2026-07-29T14:00:00.000000",21.97580909729
"FG","2026-07-29T15:00:00.000000",21.9789848327637
"FG","2026-07-29T16:00:00.000000",22.0301036834717
"FG","2026-07-29T17:00:00.000000",22.0808429718018
"FG","2026-07-29T18:00:00.000000",21.9468479156494
"FG","2026-07-29T19:00:00.000000",21.8896503448486
"FG","2026-07-29T20:00:00.000000",21.9107227325439
"FG","2026-07-29T21:00:00.000000",21.9123497009277
"FG","2026-07-29T22:00:00.000000",21.8534832000732
"FG","2026-07-29T23:00:00.000000",21.8322849273682
"FG","2026-07-30T00:00:00.000000",21.8865413665771
"FG","2026-07-30T01:00:00.000000",21.9704914093018
"FG","2026-07-30T02:00:00.000000",21.9824657440186
"FG","2026-07-30T03:00:00.000000",21.9839515686035
"FG","2026-07-30T04:00:00.000000",22.0214500427246
"FG","2026-07-30T05:00:00.000000",22.0440902709961
"FG","2026-07-30T06:00:00.000000",21.9886779785156
"FG","2026-07-30T07:00:00.000000",21.8592205047607
"FG","2026-07-30T08:00:00.000000",21.9393310546875
"FG","2026-07-30T09:00:00.000000",21.9003009796143
"FG","2026-07-30T10:00:00.000000",21.7842826843262
"FG","2026-07-30T11:00:00.000000",21.7788982391357
"FG","2026-07-30T12:00:00.000000",21.8256416320801
"FG","2026-07-30T13:00:00.000000",21.8980674743652
"FG","2026-07-30T14:00:00.000000",21.9237213134766
"FG","2026-07-30T15:00:00.000000",21.8875923156738
"FG","2026-07-30T16:00:00.000000",21.945405960083
"FG","2026-07-30T17:00:00.000000",21.9973258972168
"FG","2026-07-30T18:00:00.000000",22.0277881622314
"FG","2026-07-30T19:00:00.000000",21.8141403198242
"FG","2026-07-30T20:00:00.000000",21.8208103179932
"FG","2026-07-30T21:00:00.000000",21.8733882904053
"FG","2026-07-30T22:00:00.000000",21.8087368011475
"FG","2026-07-30T23:00:00.000000",21.7954654693604
"FG","2026-07-31T00:00:00.000000",21.8129558563232
"FG","2026-07-31T01:00:00.000000",21.8469104766846
"FG","2026-07-31T02:00:00.000000",21.9314098358154
"FG","2026-07-31T03:00:00.000000",21.9344882965088
"FG","2026-07-31T04:00:00.000000",21.9757518768311
"FG","2026-07-31T05:00:00.000000",22.0071678161621
"FG","2026-07-31T06:00:00.000000",22.0347213745117
"FG","2026-07-31T07:00:00.000000",21.8061923980713
"FG","2026-07-31T08:00:00.000000",21.8671417236328
"FG","2026-07-31T09:00:00.000000",21.8597850799561
"FG","2026-07-31T10:00:00.000000",21.7947273254395
"FG","2026-07-31T11:00:00.000000",21.7333698272705
"FG","2026-07-31T12:00:00.000000",21.7616424560547
"FG","2026-07-31T13:00:00.000000",21.79296875
"FG","2026-07-31T14:00:00.000000",21.9129257202148
"FG","2026-07-31T15:00:00.000000",21.9679660797119
"FG","2026-07-31T16:00:00.000000",22.0260906219482
"FG","2026-07-31T17:00:00.000000",22.0719375610352
"FG","2026-07-31T18:00:00.000000",22.1050071716309
"FG","2026-07-31T19:00:00.000000",21.8912773132324
"FG","2026-07-31T20:00:00.000000",21.8376731872559
"FG","2026-07-31T21:00:00.000000",21.9156188964844
"FG","2026-07-31T22:00:00.000000",21.8736019134521
"FG","2026-07-31T23:00:00.000000",21.7628860473633
"FG","2026-08-01T00:00:00.000000",21.757080078125
"FG","2026-08-01T01:00:00.000000",21.7643127441406
"FG","2026-08-01T02:00:00.000000",21.8530216217041
"FG","2026-08-01T03:00:00.000000",21.9659214019775
"FG","2026-08-01T04:00:00.000000",22.0592212677002
"FG","2026-08-01T05:00:00.000000",22.1535091400146
"FG","2026-08-01T06:00:00.000000",22.2207374572754
"FG","2026-08-01T07:00:00.000000",22.1393375396729
"FG","2026-08-01T08:00:00.000000",21.8725833892822
"FG","2026-08-01T09:00:00.000000",21.9633197784424
"FG","2026-08-01T10:00:00.000000",21.9618167877197
"FG","2026-08-01T11:00:00.000000",21.9298152923584
"FG","2026-08-01T12:00:00.000000",21.8733348846436
"FG","2026-08-01T13:00:00.000000",21.8497867584229
"FG","2026-08-01T14:00:00.000000",21.9069194793701
"FG","2026-08-01T15:00:00.000000",22.0680255889893
"FG","2026-08-01T16:00:00.000000",22.1823654174805
"FG","2026-08-01T17:00:00.000000",22.274341583252
"FG","2026-08-01T18:00:00.000000",22.3348293304443
"FG","2026-08-01T19:00:00.000000",22.3352375030518
"FG","2026-08-01T20:00:00.000000",22.006326675415
"FG","2026-08-01T21:00:00.000000",22.0666465759277
"FG","2026-08-01T22:00:00.000000",22.0769596099854
"FG","2026-08-01T23:00:00.000000",22.13600730896
"FG","2026-08-02T00:00:00.000000",22.0695819854736
"FG","2026-08-02T01:00:00.000000",22.010326385498
"FG","2026-08-02T02:00:00.000000",21.9736652374268
"FG","2026-08-02T03:00:00.000000",22.1132621765137
"FG","2026-08-02T04:00:00.000000",22.2303829193115
"FG","2026-08-02T05:00:00.000000",22.2898731231689
"FG","2026-08-02T06:00:00.000000",22.3248119354248
"FG","2026-08-02T07:00:00.000000",22.3385601043701
"FG","2026-08-02T08:00:00.000000",22.1375713348389
"FG","2026-08-02T09:00:00.000000",22.019115447998
"FG","2026-08-02T10:00:00.000000",22.068977355957
"FG","2026-08-02T11:00:00.000000",22.0228042602539
"FG","2026-08-02T12:00:00.000000",21.9124660491943
"FG","2026-08-02T13:00:00.000000",21.8236274719238
"FG","2026-08-02T14:00:00.000000",21.8119792938232
"FG","2026-08-02T15:00:00.000000",21.9944763183594
"FG","2026-08-02T16:00:00.000000",22.1344413757324
"FG","2026-08-02T17:00:00.000000",22.23557472229
"FG","2026-08-02T18:00:00.000000",22.3225917816162
"FG","2026-08-02T19:00:00.000000",22.3852844238281
"FG","2026-08-02T20:00:00.000000",22.2895450592041
"FG","2026-08-02T21:00:00.000000",22.008638381958
"FG","2026-08-02T22:00:00.000000",22.0695648193359
"FG","2026-08-02T23:00:00.000000",22.0966911315918
"FG","2026-08-03T00:00:00.000000",21.9664363861084
"FG","2026-08-03T01:00:00.000000",21.9316749572754
"FG","2026-08-03T02:00:00.000000",21.8731708526611
"FG","2026-08-03T03:00:00.000000",21.8515205383301
"FG","2026-08-03T04:00:00.000000",21.9836349487305
"FG","2026-08-03T05:00:00.000000",22.0711841583252
"FG","2026-08-03T06:00:00.000000",22.1807479858398
"FG","2026-08-03T07:00:00.000000",22.2590675354004
"FG","2026-08-03T08:00:00.000000",22.3083152770996
"FG","2026-08-03T09:00:00.000000",22.083158493042
"FG","2026-08-03T10:00:00.000000",22.0443477630615
"FG","2026-08-03T11:00:00.000000",22.1324329376221
"FG","2026-08-03T12:00:00.000000",22.0483112335205
"FG","2026-08-03T13:00:00.000000",21.8478775024414
"FG","2026-08-03T14:00:00.000000",21.8590221405029
"FG","2026-08-03T15:00:00.000000",21.9623260498047
"FG","2026-08-03T16:00:00.000000",22.0875988006592
"FG","2026-08-03T17:00:00.000000",22.0919151306152
"FG","2026-08-03T18:00:00.000000",22.0568180084229
"FG","2026-08-03T19:00:00.000000",21.9761333465576
"FG","2026-08-03T20:00:00.000000",21.938606262207
"FG","2026-08-03T21:00:00.000000",22.0960063934326
"FG","2026-08-03T22:00:00.000000",22.0493698120117
"FG","2026-08-03T23:00:00.000000",22.1466484069824
"FG","2026-08-04T00:00:00.000000",22.1428184509277
"FG","2026-08-04T01:00:00.000000",21.8931007385254
"FG","2026-08-04T02:00:00.000000",21.7945175170898
"FG","2026-08-04T03:00:00.000000",21.8966464996338
"FG","2026-08-04T04:00:00.000000",22.0347862243652
"FG","2026-08-04T05:00:00.000000",22.0669822692871
"FG","2026-08-04T06:00:00.000000",22.0499210357666
"FG","2026-08-04T07:00:00.000000",22.0478019714355
"FG","2026-08-04T08:00:00.000000",22.123161315918
"FG","2026-08-04T09:00:00.000000",22.1850032806396
"FG","2026-08-04T10:00:00.000000",22.1264019012451
"FG","2026-08-04T11:00:00.000000",22.1666393280029
"FG","2026-08-04T12:00:00.000000",22.1877288818359
"FG","2026-08-04T13:00:00.000000",21.9634380340576
"FG","2026-08-04T14:00:00.000000",21.7969074249268
"FG","2026-08-04T15:00:00.000000",21.6693687438965
"FG","2026-08-04T16:00:00.000000",21.7850494384766
"FG","2026-08-04T17:00:00.000000",22.0010871887207
"FG","2026-08-04T18:00:00.000000",22.1404476165771
"FG","2026-08-04T19:00:00.000000",22.2419090270996
"FG","2026-08-04T20:00:00.000000",22.3154315948486
"FG","2026-08-04T21:00:00.000000",22.3619041442871
"FG","2026-08-04T22:00:00.000000",22.1381416320801
"FG","2026-08-04T23:00:00.000000",22.0484943389893
"FG","2026-08-05T00:00:00.000000",22.2317676544189
"FG","2026-08-05T01:00:00.000000",22.0908718109131
"FG","2026-08-05T02:00:00.000000",22.0471038818359
"FG","2026-08-05T03:00:00.000000",21.9432983398438
"FG","2026-08-05T04:00:00.000000",21.9152431488037
"FG","2026-08-05T05:00:00.000000",22.1425971984863
"FG","2026-08-05T06:00:00.000000",22.2750968933105
"FG","2026-08-05T07:00:00.000000",22.3449420928955
"FG","2026-08-05T08:00:00.000000",22.3814125061035
"FG","2026-08-05T09:00:00.000000",22.4123229980469
"FG","2026-08-05T10:00:00.000000",22.2435321807861
"FG","2026-08-05T11:00:00.000000",22.0639514923096
"FG","2026-08-05T12:00:00.000000",22.1730995178223
"FG","2026-08-05T13:00:00.000000",22.2061614990234
"FG","2026-08-05T14:00:00.000000",21.9004554748535
"FG","2026-08-05T15:00:00.000000",21.6759624481201
"FG","2026-08-05T16:00:00.000000",21.7435302734375
"FG","2026-08-05T17:00:00.000000",21.8076019287109
"FG","2026-08-05T18:00:00.000000",22.0854625701904
"FG","2026-08-05T19:00:00.000000",22.2152843475342
"FG","2026-08-05T20:00:00.000000",22.3231430053711
"FG","2026-08-05T21:00:00.000000",22.4293174743652
"FG","2026-08-05T22:00:00.000000",22.4776172637939
"FG","2026-08-05T23:00:00.000000",22.0534152984619
"FG","2026-08-06T00:00:00.000000",22.1552867889404
"GI","2026-07-29T00:00:00.000000",21.3763618469238
"GI","2026-07-29T01:00:00.000000",21.3782596588135
"GI","2026-07-29T02:00:00.000000",21.3232898712158
"GI","2026-07-29T03:00:00.000000",21.0957851409912
"GI","2026-07-29T04:00:00.000000",21.0082340240479
"GI","2026-07-29T05:00:00.000000",20.9519157409668
"GI","2026-07-29T06:00:00.000000",20.9490642547607
"GI","2026-07-29T07:00:00.000000",20.9190425872803
"GI","2026-07-29T08:00:00.000000",20.9933795928955
"GI","2026-07-29T09:00:00.000000",21.0858001708984
"GI","2026-07-29T10:00:00.000000",21.2383193969727
"GI","2026-07-29T11:00:00.000000",21.2533950805664
"GI","2026-07-29T12:00:00.000000",21.2395534515381
"GI","2026-07-29T13:00:00.000000",21.2286262512207
"GI","2026-07-29T14:00:00.000000",21.0838317871094
"GI","2026-07-29T15:00:00.000000",20.9182510375977
"GI","2026-07-29T16:00:00.000000",20.9027042388916
"GI","2026-07-29T17:00:00.000000",20.8676471710205
"GI","2026-07-29T18:00:00.000000",20.8352108001709
"GI","2026-07-29T19:00:00.000000",20.8050422668457
"GI","2026-07-29T20:00:00.000000",20.8537368774414
"GI","2026-07-29T21:00:00.000000",20.9858112335205
"GI","2026-07-29T22:00:00.000000",21.1892967224121
"GI","2026-07-29T23:00:00.000000",21.2837791442871
"GI","2026-07-30T00:00:00.000000",21.3003559112549
"GI","2026-07-30T01:00:00.000000",21.2994918823242
"GI","2026-07-30T02:00:00.000000",21.2566165924072
"GI","2026-07-30T03:00:00.000000",21.0591011047363
"GI","2026-07-30T04:00:00.000000",21.0084228515625
"GI","2026-07-30T05:00:00.000000",20.9724502563477
"GI","2026-07-30T06:00:00.000000",20.9425964355469
"GI","2026-07-30T07:00:00.000000",20.9367256164551
"GI","2026-07-30T08:00:00.000000",20.9174537658691
"GI","2026-07-30T09:00:00.000000",20.9387989044189
"GI","2026-07-30T10:00:00.000000",20.9838161468506
"GI","2026-07-30T11:00:00.000000",21.1308689117432
"GI","2026-07-30T12:00:00.000000",21.2127857208252
"GI","2026-07-30T13:00:00.000000",21.2410011291504
"GI","2026-07-30T14:00:00.000000",21.231803894043
"GI","2026-07-30T15:00:00.000000",21.1038589477539
"GI","2026-07-30T16:00:00.000000",20.991720199585
"GI","2026-07-30T17:00:00.000000",20.9528465270996
"GI","2026-07-30T18:00:00.000000",20.9330940246582
"GI","2026-07-30T19:00:00.000000",20.9324188232422
"GI","2026-07-30T20:00:00.000000",20.9268283843994
"GI","2026-07-30T21:00:00.000000",20.9386253356934
"GI","2026-07-30T22:00:00.000000",21.1411190032959
"GI","2026-07-30T23:00:00.000000",21.3017978668213
"GI","2026-07-31T00:00:00.000000",21.3231182098389
"GI","2026-07-31T01:00:00.000000",21.3222007751465
"GI","2026-07-31T02:00:00.000000",21.321985244751
"GI","2026-07-31T03:00:00.000000",21.2927017211914
"GI","2026-07-31T04:00:00.000000",21.1642532348633
"GI","2026-07-31T05:00:00.000000",21.0960655212402
"GI","2026-07-31T06:00:00.000000",21.0553302764893
"GI","2026-07-31T07:00:00.000000",21.0478286743164
"GI","2026-07-31T08:00:00.000000",21.0190334320068
"GI","2026-07-31T09:00:00.000000",21.0421905517578
"GI","2026-07-31T10:00:00.000000",21.0552196502686
"GI","2026-07-31T11:00:00.000000",21.1530933380127
"GI","2026-07-31T12:00:00.000000",21.2274646759033
"GI","2026-07-31T13:00:00.000000",21.243106842041
"GI","2026-07-31T14:00:00.000000",21.2527179718018
"GI","2026-07-31T15:00:00.000000",21.2319259643555
"GI","2026-07-31T16:00:00.000000",21.138879776001
"GI","2026-07-31T17:00:00.000000",21.1010704040527
"GI","2026-07-31T18:00:00.000000",21.0817165374756
"GI","2026-07-31T19:00:00.000000",21.0681247711182
"GI","2026-07-31T20:00:00.000000",21.0606060028076
"GI","2026-07-31T21:00:00.000000",21.0935802459717
"GI","2026-07-31T22:00:00.000000",21.1057262420654
"GI","2026-07-31T23:00:00.000000",21.2342472076416
"GI","2026-08-01T00:00:00.000000",21.3172550201416
"GI","2026-08-01T01:00:00.000000",21.3329963684082
"GI","2026-08-01T02:00:00.000000",21.3361225128174
"GI","2026-08-01T03:00:00.000000",21.3344783782959
"GI","2026-08-01T04:00:00.000000",21.2976779937744
"GI","2026-08-01T05:00:00.000000",21.2104206085205
"GI","2026-08-01T06:00:00.000000",21.1555194854736
"GI","2026-08-01T07:00:00.000000",21.1304779052734
"GI","2026-08-01T08:00:00.000000",21.1313972473145
"GI","2026-08-01T09:00:00.000000",21.1209888458252
"GI","2026-08-01T10:00:00.000000",21.1107311248779
"GI","2026-08-01T11:00:00.000000",21.1647148132324
"GI","2026-08-01T12:00:00.000000",21.3211154937744
"GI","2026-08-01T13:00:00.000000",21.3799285888672
"GI","2026-08-01T14:00:00.000000",21.3969383239746
"GI","2026-08-01T15:00:00.000000",21.4034442901611
"GI","2026-08-01T16:00:00.000000",21.3695640563965
"GI","2026-08-01T17:00:00.000000",21.2557735443115
"GI","2026-08-01T18:00:00.000000",21.1961078643799
"GI","2026-08-01T19:00:00.000000",21.1672382354736
"GI","2026-08-01T20:00:00.000000",21.1571655273438
"GI","2026-08-01T21:00:00.000000",21.1559104919434
"GI","2026-08-01T22:00:00.000000",21.1570339202881
"GI","2026-08-01T23:00:00.000000",21.2452239990234
"GI","2026-08-02T00:00:00.000000",21.474588394165
"GI","2026-08-02T01:00:00.000000",21.5797138214111
"GI","2026-08-02T02:00:00.000000",21.6019306182861
"GI","2026-08-02T03:00:00.000000",21.6061325073242
"GI","2026-08-02T04:00:00.000000",21.595043182373
"GI","2026-08-02T05:00:00.000000",21.472599029541
"GI","2026-08-02T06:00:00.000000",21.349739074707
"GI","2026-08-02T07:00:00.000000",21.2790699005127
"GI","2026-08-02T08:00:00.000000",21.2531509399414
"GI","2026-08-02T09:00:00.000000",21.235481262207
"GI","2026-08-02T10:00:00.000000",21.1968879699707
"GI","2026-08-02T11:00:00.000000",21.2605686187744
"GI","2026-08-02T12:00:00.000000",21.4253997802734
"GI","2026-08-02T13:00:00.000000",21.5884761810303
"GI","2026-08-02T14:00:00.000000",21.614782333374
"GI","2026-08-02T15:00:00.000000",21.6212940216064
"GI","2026-08-02T16:00:00.000000",21.6242694854736
"GI","2026-08-02T17:00:00.000000",21.5415515899658
"GI","2026-08-02T18:00:00.000000",21.4352836608887
"GI","2026-08-02T19:00:00.000000",21.3646202087402
"GI","2026-08-02T20:00:00.000000",21.3303642272949
"GI","2026-08-02T21:00:00.000000",21.3520908355713
"GI","2026-08-02T22:00:00.000000",21.317684173584
"GI","2026-08-02T23:00:00.000000",21.3566455841064
"GI","2026-08-03T00:00:00.000000",21.4948921203613
"GI","2026-08-03T01:00:00.000000",21.6626796722412
"GI","2026-08-03T02:00:00.000000",21.6767139434814
"GI","2026-08-03T03:00:00.000000",21.628210067749
"GI","2026-08-03T04:00:00.000000",21.6089267730713
"GI","2026-08-03T05:00:00.000000",21.5833435058594
"GI","2026-08-03T06:00:00.000000",21.4930801391602
"GI","2026-08-03T07:00:00.000000",21.3995914459229
"GI","2026-08-03T08:00:00.000000",21.3340721130371
"GI","2026-08-03T09:00:00.000000",21.2655868530273
"GI","2026-08-03T10:00:00.000000",21.1140842437744
"GI","2026-08-03T11:00:00.000000",21.032829284668
"GI","2026-08-03T12:00:00.000000",21.0805053710938
"GI","2026-08-03T13:00:00.000000",21.3426494598389
"GI","2026-08-03T14:00:00.000000",21.4599113464355
"GI","2026-08-03T15:00:00.000000",21.4765186309814
"GI","2026-08-03T16:00:00.000000",21.480936050415
"GI","2026-08-03T17:00:00.000000",21.4750442504883
"GI","2026-08-03T18:00:00.000000",21.2098083496094
"GI","2026-08-03T19:00:00.000000",21.05837059021
"GI","2026-08-03T20:00:00.000000",20.9653415679932
"GI","2026-08-03T21:00:00.000000",20.9618835449219
"GI","2026-08-03T22:00:00.000000",20.9580841064453
"GI","2026-08-03T23:00:00.000000",20.9509887695312
"GI","2026-08-04T00:00:00.000000",20.9595336914062
"GI","2026-08-04T01:00:00.000000",21.0162715911865
"GI","2026-08-04T02:00:00.000000",21.2239513397217
"GI","2026-08-04T03:00:00.000000",21.2733345031738
"GI","2026-08-04T04:00:00.000000",21.2771739959717
"GI","2026-08-04T05:00:00.000000",21.2704334259033
"GI","2026-08-04T06:00:00.000000",21.1667785644531
"GI","2026-08-04T07:00:00.000000",21.0298309326172
"GI","2026-08-04T08:00:00.000000",20.9825134277344
"GI","2026-08-04T09:00:00.000000",20.9714851379395
"GI","2026-08-04T10:00:00.000000",20.9743232727051
"GI","2026-08-04T11:00:00.000000",20.9850616455078
"GI","2026-08-04T12:00:00.000000",20.9687576293945
"GI","2026-08-04T13:00:00.000000",21.0142841339111
"GI","2026-08-04T14:00:00.000000",21.1167411804199
"GI","2026-08-04T15:00:00.000000",21.0799522399902
"GI","2026-08-04T16:00:00.000000",21.0357685089111
"GI","2026-08-04T17:00:00.000000",21.0208873748779
"GI","2026-08-04T18:00:00.000000",21.0788879394531
"GI","2026-08-04T19:00:00.000000",21.0969009399414
"GI","2026-08-04T20:00:00.000000",21.0917892456055
"GI","2026-08-04T21:00:00.000000",21.0775279998779
"GI","2026-08-04T22:00:00.000000",21.0657024383545
"GI","2026-08-04T23:00:00.000000",21.0702896118164
"GI","2026-08-05T00:00:00.000000",21.0451164245605
"GI","2026-08-05T01:00:00.000000",21.0252799987793
"GI","2026-08-05T02:00:00.000000",21.0870704650879
"GI","2026-08-05T03:00:00.000000",21.3593788146973
"GI","2026-08-05T04:00:00.000000",21.4615726470947
"GI","2026-08-05T05:00:00.000000",21.4770488739014
"GI","2026-08-05T06:00:00.000000",21.4413948059082
"GI","2026-08-05T07:00:00.000000",21.2355155944824
"GI","2026-08-05T08:00:00.000000",21.0719909667969
"GI","2026-08-05T09:00:00.000000",21.0080966949463
"GI","2026-08-05T10:00:00.000000",20.9580230712891
"GI","2026-08-05T11:00:00.000000",20.9515724182129
"GI","2026-08-05T12:00:00.000000",20.9591312408447
"GI","2026-08-05T13:00:00.000000",20.9578704833984
"GI","2026-08-05T14:00:00.000000",21.0743007659912
"GI","2026-08-05T15:00:00.000000",21.3344821929932
"GI","2026-08-05T16:00:00.000000",21.3888740539551
"GI","2026-08-05T17:00:00.000000",21.3944988250732
"GI","2026-08-05T18:00:00.000000",21.40110206604
"GI","2026-08-05T19:00:00.000000",21.4073715209961
"GI","2026-08-05T20:00:00.000000",21.3575420379639
"GI","2026-08-05T21:00:00.000000",21.2606658935547
"GI","2026-08-05T22:00:00.000000",21.212947845459
"GI","2026-08-05T23:00:00.000000",21.1875743865967
"GI","2026-08-06T00:00:00.000000",21.1515045166016
"JB","2026-07-29T00:00:00.000000",21.3639945983887
"JB","2026-07-29T01:00:00.000000",21.4273929595947
"JB","2026-07-29T02:00:00.000000",21.4450130462646
"JB","2026-07-29T03:00:00.000000",21.4838714599609
"JB","2026-07-29T04:00:00.000000",21.5257015228271
"JB","2026-07-29T05:00:00.000000",21.4892578125
"JB","2026-07-29T06:00:00.000000",21.5065536499023
"JB","2026-07-29T07:00:00.000000",21.534496307373
"JB","2026-07-29T08:00:00.000000",21.5453510284424
"JB","2026-07-29T09:00:00.000000",21.5497245788574
"JB","2026-07-29T10:00:00.000000",21.5708045959473
"JB","2026-07-29T11:00:00.000000",21.5504531860352
"JB","2026-07-29T12:00:00.000000",21.5862312316895
"JB","2026-07-29T13:00:00.000000",21.633279800415
"JB","2026-07-29T14:00:00.000000",21.612865447998
"JB","2026-07-29T15:00:00.000000",21.6426315307617
"JB","2026-07-29T16:00:00.000000",21.7070255279541
"JB","2026-07-29T17:00:00.000000",21.69775390625
"JB","2026-07-29T18:00:00.000000",21.6074886322021
"JB","2026-07-29T19:00:00.000000",21.6478691101074
"JB","2026-07-29T20:00:00.000000",21.6775932312012
"JB","2026-07-29T21:00:00.000000",21.6579208374023
"JB","2026-07-29T22:00:00.000000",21.620626449585
"JB","2026-07-29T23:00:00.000000",21.5519371032715
"JB","2026-07-30T00:00:00.000000",21.5339908599854
"JB","2026-07-30T01:00:00.000000",21.6045188903809
"JB","2026-07-30T02:00:00.000000",21.6768589019775
"JB","2026-07-30T03:00:00.000000",21.7162895202637
"JB","2026-07-30T04:00:00.000000",21.7075481414795
"JB","2026-07-30T05:00:00.000000",21.652135848999
"JB","2026-07-30T06:00:00.000000",21.6517658233643
"JB","2026-07-30T07:00:00.000000",21.6826705932617
"JB","2026-07-30T08:00:00.000000",21.6907749176025
"JB","2026-07-30T09:00:00.000000",21.7273387908936
"JB","2026-07-30T10:00:00.000000",21.7243041992188
"JB","2026-07-30T11:00:00.000000",21.7250232696533
"JB","2026-07-30T12:00:00.000000",21.632625579834
"JB","2026-07-30T13:00:00.000000",21.6187286376953
"JB","2026-07-30T14:00:00.000000",21.805082321167
"JB","2026-07-30T15:00:00.000000",21.8066425323486
"JB","2026-07-30T16:00:00.000000",21.7816123962402
"JB","2026-07-30T17:00:00.000000",21.7274951934814
"JB","2026-07-30T18:00:00.000000",21.7113628387451
"JB","2026-07-30T19:00:00.000000",21.7986431121826
"JB","2026-07-30T20:00:00.000000",21.8098239898682
"JB","2026-07-30T21:00:00.000000",21.7140922546387
"JB","2026-07-30T22:00:00.000000",21.6415843963623
"JB","2026-07-30T23:00:00.000000",21.6212062835693
"JB","2026-07-31T00:00:00.000000",21.5917224884033
"JB","2026-07-31T01:00:00.000000",21.5573806762695
"JB","2026-07-31T02:00:00.000000",21.6631603240967
"JB","2026-07-31T03:00:00.000000",21.7897300720215
"JB","2026-07-31T04:00:00.000000",21.798152923584
"JB","2026-07-31T05:00:00.000000",21.7553043365479
"JB","2026-07-31T06:00:00.000000",21.7070617675781
"JB","2026-07-31T07:00:00.000000",21.7535820007324
"JB","2026-07-31T08:00:00.000000",21.7776527404785
"JB","2026-07-31T09:00:00.000000",21.7156734466553
"JB","2026-07-31T10:00:00.000000",21.711446762085
"JB","2026-07-31T11:00:00.000000",21.7442741394043
"JB","2026-07-31T12:00:00.000000",21.7078075408936
"JB","2026-07-31T13:00:00.000000",21.6129398345947
"JB","2026-07-31T14:00:00.000000",21.5873241424561
"JB","2026-07-31T15:00:00.000000",21.7906494140625
"JB","2026-07-31T16:00:00.000000",21.8390274047852
"JB","2026-07-31T17:00:00.000000",21.7712669372559
"JB","2026-07-31T18:00:00.000000",21.6984062194824
"JB","2026-07-31T19:00:00.000000",21.789981842041
"JB","2026-07-31T20:00:00.000000",22.0584468841553
"JB","2026-07-31T21:00:00.000000",21.8253631591797
"JB","2026-07-31T22:00:00.000000",21.66552734375
"JB","2026-07-31T23:00:00.000000",21.6457767486572
"JB","2026-08-01T00:00:00.000000",21.6690254211426
"JB","2026-08-01T01:00:00.000000",21.6068592071533
"JB","2026-08-01T02:00:00.000000",21.5674304962158
"JB","2026-08-01T03:00:00.000000",21.7516555786133
"JB","2026-08-01T04:00:00.000000",21.8133754730225
"JB","2026-08-01T05:00:00.000000",21.8009567260742
"JB","2026-08-01T06:00:00.000000",21.6989116668701
"JB","2026-08-01T07:00:00.000000",21.6880321502686
"JB","2026-08-01T08:00:00.000000",21.800594329834
"JB","2026-08-01T09:00:00.000000",21.8186931610107
"JB","2026-08-01T10:00:00.000000",21.7715282440186
"JB","2026-08-01T11:00:00.000000",21.7493629455566
"JB","2026-08-01T12:00:00.000000",21.7586898803711
"JB","2026-08-01T13:00:00.000000",21.6748161315918
"JB","2026-08-01T14:00:00.000000",21.6344757080078
"JB","2026-08-01T15:00:00.000000",21.6709499359131
"JB","2026-08-01T16:00:00.000000",21.8276290893555
"JB","2026-08-01T17:00:00.000000",21.840913772583
"JB","2026-08-01T18:00:00.000000",21.7549514770508
"JB","2026-08-01T19:00:00.000000",21.7717533111572
"JB","2026-08-01T20:00:00.000000",21.8277492523193
"JB","2026-08-01T21:00:00.000000",21.8940887451172
"JB","2026-08-01T22:00:00.000000",21.8628368377686
"JB","2026-08-01T23:00:00.000000",21.8061809539795
"JB","2026-08-02T00:00:00.000000",21.7593574523926
"JB","2026-08-02T01:00:00.000000",21.6860008239746
"JB","2026-08-02T02:00:00.000000",21.6552639007568
"JB","2026-08-02T03:00:00.000000",21.6292991638184
"JB","2026-08-02T04:00:00.000000",21.834644317627
"JB","2026-08-02T05:00:00.000000",21.8608150482178
"JB","2026-08-02T06:00:00.000000",21.8015117645264
"JB","2026-08-02T07:00:00.000000",21.7537364959717
"JB","2026-08-02T08:00:00.000000",21.8251152038574
"JB","2026-08-02T09:00:00.000000",21.8834056854248
"JB","2026-08-02T10:00:00.000000",21.9004535675049
"JB","2026-08-02T11:00:00.000000",21.8947830200195
"JB","2026-08-02T12:00:00.000000",21.8697967529297
"JB","2026-08-02T13:00:00.000000",21.7053680419922
"JB","2026-08-02T14:00:00.000000",21.6868495941162
"JB","2026-08-02T15:00:00.000000",21.6498775482178
"JB","2026-08-02T16:00:00.000000",21.7804317474365
"JB","2026-08-02T17:00:00.000000",21.9052219390869
"JB","2026-08-02T18:00:00.000000",21.8418006896973
"JB","2026-08-02T19:00:00.000000",21.7226753234863
"JB","2026-08-02T20:00:00.000000",21.759521484375
"JB","2026-08-02T21:00:00.000000",21.9083652496338
"JB","2026-08-02T22:00:00.000000",21.9105072021484
"JB","2026-08-02T23:00:00.000000",21.8663005828857
"JB","2026-08-03T00:00:00.000000",21.8476963043213
"JB","2026-08-03T01:00:00.000000",21.6208114624023
"JB","2026-08-03T02:00:00.000000",21.6249561309814
"JB","2026-08-03T03:00:00.000000",21.6207885742188
"JB","2026-08-03T04:00:00.000000",21.5988254547119
"JB","2026-08-03T05:00:00.000000",21.7689590454102
"JB","2026-08-03T06:00:00.000000",21.7775802612305
"JB","2026-08-03T07:00:00.000000",21.6733055114746
"JB","2026-08-03T08:00:00.000000",21.7277088165283
"JB","2026-08-03T09:00:00.000000",21.7535133361816
"JB","2026-08-03T10:00:00.000000",21.7758731842041
"JB","2026-08-03T11:00:00.000000",21.7291049957275
"JB","2026-08-03T12:00:00.000000",21.7649097442627
"JB","2026-08-03T13:00:00.000000",21.8251266479492
"JB","2026-08-03T14:00:00.000000",21.6251792907715
"JB","2026-08-03T15:00:00.000000",21.7094974517822
"JB","2026-08-03T16:00:00.000000",21.6798553466797
"JB","2026-08-03T17:00:00.000000",21.8717002868652
"JB","2026-08-03T18:00:00.000000",21.9028091430664
"JB","2026-08-03T19:00:00.000000",21.6484336853027
"JB","2026-08-03T20:00:00.000000",21.6670703887939
"JB","2026-08-03T21:00:00.000000",21.7779636383057
"JB","2026-08-03T22:00:00.000000",21.8156490325928
"JB","2026-08-03T23:00:00.000000",21.8816432952881
"JB","2026-08-04T00:00:00.000000",21.9621696472168
"JB","2026-08-04T01:00:00.000000",21.9685287475586
"JB","2026-08-04T02:00:00.000000",21.8736228942871
"JB","2026-08-04T03:00:00.000000",21.7511405944824
"JB","2026-08-04T04:00:00.000000",21.7210693359375
"JB","2026-08-04T05:00:00.000000",21.8743495941162
"JB","2026-08-04T06:00:00.000000",21.9811630249023
"JB","2026-08-04T07:00:00.000000",21.8871116638184
"JB","2026-08-04T08:00:00.000000",21.8005409240723
"JB","2026-08-04T09:00:00.000000",21.8949222564697
"JB","2026-08-04T10:00:00.000000",22.0316429138184
"JB","2026-08-04T11:00:00.000000",22.050708770752
"JB","2026-08-04T12:00:00.000000",21.9765014648438
"JB","2026-08-04T13:00:00.000000",22.0370349884033
"JB","2026-08-04T14:00:00.000000",22.0624561309814
"JB","2026-08-04T15:00:00.000000",21.8035945892334
"JB","2026-08-04T16:00:00.000000",21.6909427642822
"JB","2026-08-04T17:00:00.000000",21.5852756500244
"JB","2026-08-04T18:00:00.000000",21.9033031463623
"JB","2026-08-04T19:00:00.000000",21.8553676605225
"JB","2026-08-04T20:00:00.000000",21.7269382476807
"JB","2026-08-04T21:00:00.000000",21.6966762542725
"JB","2026-08-04T22:00:00.000000",21.8027038574219
"JB","2026-08-04T23:00:00.000000",21.8761863708496
"JB","2026-08-05T00:00:00.000000",21.7992572784424
"JB","2026-08-05T01:00:00.000000",21.7949810028076
"JB","2026-08-05T02:00:00.000000",21.931453704834
"JB","2026-08-05T03:00:00.000000",21.7292327880859
"JB","2026-08-05T04:00:00.000000",21.6127643585205
"JB","2026-08-05T05:00:00.000000",21.6259632110596
"JB","2026-08-05T06:00:00.000000",21.8349571228027
"JB","2026-08-05T07:00:00.000000",21.8183345794678
"JB","2026-08-05T08:00:00.000000",21.716516494751
"JB","2026-08-05T09:00:00.000000",21.70046043396
"JB","2026-08-05T10:00:00.000000",21.7487316131592
"JB","2026-08-05T11:00:00.000000",21.8938846588135
"JB","2026-08-05T12:00:00.000000",21.8295745849609
"JB","2026-08-05T13:00:00.000000",21.7251033782959
"JB","2026-08-05T14:00:00.000000",21.7004241943359
"JB","2026-08-05T15:00:00.000000",21.7243022918701
"JB","2026-08-05T16:00:00.000000",21.6286315917969
"JB","2026-08-05T17:00:00.000000",21.6080741882324
"JB","2026-08-05T18:00:00.000000",21.6480560302734
"JB","2026-08-05T19:00:00.000000",21.7830352783203
"JB","2026-08-05T20:00:00.000000",21.801586151123
"JB","2026-08-05T21:00:00.000000",21.7555885314941
"JB","2026-08-05T22:00:00.000000",21.6794242858887
"JB","2026-08-05T23:00:00.000000",21.6993923187256
"JB","2026-08-06T00:00:00.000000",21.7233867645264
NA,"2026-07-29T00:00:00.000000",20.9181976318359
NA,"2026-07-29T01:00:00.000000",20.9824390411377
NA,"2026-07-29T02:00:00.000000",21.0357551574707
NA,"2026-07-29T03:00:00.000000",21.0670051574707
NA,"2026-07-29T04:00:00.000000",21.0794258117676
NA,"2026-07-29T05:00:00.000000",21.0758399963379
NA,"2026-07-29T06:00:00.000000",21.0618438720703
NA,"2026-07-29T07:00:00.000000",21.0534744262695
NA,"2026-07-29T08:00:00.000000",21.0385208129883
NA,"2026-07-29T09:00:00.000000",21.0415134429932
NA,"2026-07-29T10:00:00.000000",21.027853012085
NA,"2026-07-29T11:00:00.000000",20.975757598877
NA,"2026-07-29T12:00:00.000000",20.9010448455811
NA,"2026-07-29T13:00:00.000000",20.8000164031982
NA,"2026-07-29T14:00:00.000000",20.7757625579834
NA,"2026-07-29T15:00:00.000000",20.8030662536621
NA,"2026-07-29T16:00:00.000000",20.8222846984863
NA,"2026-07-29T17:00:00.000000",20.8231525421143
NA,"2026-07-29T18:00:00.000000",20.8109436035156
NA,"2026-07-29T19:00:00.000000",20.8013134002686
NA,"2026-07-29T20:00:00.000000",20.8089008331299
NA,"2026-07-29T21:00:00.000000",20.8319778442383
NA,"2026-07-29T22:00:00.000000",20.8580207824707
NA,"2026-07-29T23:00:00.000000",20.8398590087891
NA,"2026-07-30T00:00:00.000000",20.8392143249512
NA,"2026-07-30T01:00:00.000000",20.9641132354736
NA,"2026-07-30T02:00:00.000000",21.0363368988037
NA,"2026-07-30T03:00:00.000000",21.0599212646484
NA,"2026-07-30T04:00:00.000000",21.0675964355469
NA,"2026-07-30T05:00:00.000000",21.0400257110596
NA,"2026-07-30T06:00:00.000000",20.9871578216553
NA,"2026-07-30T07:00:00.000000",20.9406433105469
NA,"2026-07-30T08:00:00.000000",20.9072456359863
NA,"2026-07-30T09:00:00.000000",20.8912372589111
NA,"2026-07-30T10:00:00.000000",20.8863945007324
NA,"2026-07-30T11:00:00.000000",20.8889427185059
NA,"2026-07-30T12:00:00.000000",20.9096336364746
NA,"2026-07-30T13:00:00.000000",20.9888801574707
NA,"2026-07-30T14:00:00.000000",21.0162334442139
NA,"2026-07-30T15:00:00.000000",21.031551361084
NA,"2026-07-30T16:00:00.000000",21.0353012084961
NA,"2026-07-30T17:00:00.000000",21.0183792114258
NA,"2026-07-30T18:00:00.000000",20.9955215454102
NA,"2026-07-30T19:00:00.000000",20.970365524292
NA,"2026-07-30T20:00:00.000000",20.9435424804688
NA,"2026-07-30T21:00:00.000000",20.9171829223633
NA,"2026-07-30T22:00:00.000000",20.915096282959
NA,"2026-07-30T23:00:00.000000",20.9473667144775
NA,"2026-07-31T00:00:00.000000",21.0038776397705
NA,"2026-07-31T01:00:00.000000",21.0132637023926
NA,"2026-07-31T02:00:00.000000",21.0716857910156
NA,"2026-07-31T03:00:00.000000",21.1017112731934
NA,"2026-07-31T04:00:00.000000",21.1108341217041
NA,"2026-07-31T05:00:00.000000",21.1121196746826
NA,"2026-07-31T06:00:00.000000",21.1032524108887
NA,"2026-07-31T07:00:00.000000",21.0795974731445
NA,"2026-07-31T08:00:00.000000",21.0538311004639
NA,"2026-07-31T09:00:00.000000",21.0349769592285
NA,"2026-07-31T10:00:00.000000",21.0214557647705
NA,"2026-07-31T11:00:00.000000",21.0171966552734
NA,"2026-07-31T12:00:00.000000",21.0395565032959
NA,"2026-07-31T13:00:00.000000",21.0854663848877
NA,"2026-07-31T14:00:00.000000",21.0882205963135
NA,"2026-07-31T15:00:00.000000",21.0873413085938
NA,"2026-07-31T16:00:00.000000",21.088005065918
NA,"2026-07-31T17:00:00.000000",21.0889568328857
NA,"2026-07-31T18:00:00.000000",21.0898475646973
NA,"2026-07-31T19:00:00.000000",21.0896625518799
NA,"2026-07-31T20:00:00.000000",21.0826892852783
NA,"2026-07-31T21:00:00.000000",21.073637008667
NA,"2026-07-31T22:00:00.000000",21.0560474395752
NA,"2026-07-31T23:00:00.000000",21.0501499176025
NA,"2026-08-01T00:00:00.000000",21.0646877288818
NA,"2026-08-01T01:00:00.000000",21.0685863494873
NA,"2026-08-01T02:00:00.000000",21.055233001709
NA,"2026-08-01T03:00:00.000000",21.0574626922607
NA,"2026-08-01T04:00:00.000000",21.0630130767822
NA,"2026-08-01T05:00:00.000000",21.0649490356445
NA,"2026-08-01T06:00:00.000000",21.060604095459
NA,"2026-08-01T07:00:00.000000",21.0527687072754
NA,"2026-08-01T08:00:00.000000",21.0449409484863
NA,"2026-08-01T09:00:00.000000",21.0380020141602
NA,"2026-08-01T10:00:00.000000",21.0335636138916
NA,"2026-08-01T11:00:00.000000",21.0308418273926
NA,"2026-08-01T12:00:00.000000",21.0307502746582
NA,"2026-08-01T13:00:00.000000",21.038948059082
NA,"2026-08-01T14:00:00.000000",21.0509567260742
NA,"2026-08-01T15:00:00.000000",21.0557308197021
NA,"2026-08-01T16:00:00.000000",21.0646743774414
NA,"2026-08-01T17:00:00.000000",21.0712471008301
NA,"2026-08-01T18:00:00.000000",21.0678958892822
NA,"2026-08-01T19:00:00.000000",21.0587253570557
NA,"2026-08-01T20:00:00.000000",21.0508785247803
NA,"2026-08-01T21:00:00.000000",21.046422958374
NA,"2026-08-01T22:00:00.000000",21.0448913574219
NA,"2026-08-01T23:00:00.000000",21.0442371368408
NA,"2026-08-02T00:00:00.000000",21.0452003479004
NA,"2026-08-02T01:00:00.000000",21.051362991333
NA,"2026-08-02T02:00:00.000000",21.0613384246826
NA,"2026-08-02T03:00:00.000000",21.087760925293
NA,"2026-08-02T04:00:00.000000",21.1178169250488
NA,"2026-08-02T05:00:00.000000",21.1234264373779
NA,"2026-08-02T06:00:00.000000",21.1244258880615
NA,"2026-08-02T07:00:00.000000",21.1208553314209
NA,"2026-08-02T08:00:00.000000",21.1093006134033
NA,"2026-08-02T09:00:00.000000",21.09521484375
NA,"2026-08-02T10:00:00.000000",21.0825576782227
NA,"2026-08-02T11:00:00.000000",21.0729732513428
NA,"2026-08-02T12:00:00.000000",21.0700931549072
NA,"2026-08-02T13:00:00.000000",21.0833625793457
NA,"2026-08-02T14:00:00.000000",21.1115112304688
NA,"2026-08-02T15:00:00.000000",21.1143455505371
NA,"2026-08-02T16:00:00.000000",21.0873279571533
NA,"2026-08-02T17:00:00.000000",21.0688018798828
NA,"2026-08-02T18:00:00.000000",21.0681838989258
NA,"2026-08-02T19:00:00.000000",21.0747680664062
NA,"2026-08-02T20:00:00.000000",21.0836200714111
NA,"2026-08-02T21:00:00.000000",21.0869483947754
NA,"2026-08-02T22:00:00.000000",21.0869197845459
NA,"2026-08-02T23:00:00.000000",21.0858306884766
NA,"2026-08-03T00:00:00.000000",21.0825309753418
NA,"2026-08-03T01:00:00.000000",21.0703563690186
NA,"2026-08-03T02:00:00.000000",21.0310192108154
NA,"2026-08-03T03:00:00.000000",20.9711036682129
NA,"2026-08-03T04:00:00.000000",20.9274024963379
NA,"2026-08-03T05:00:00.000000",20.9166679382324
NA,"2026-08-03T06:00:00.000000",20.8902645111084
NA,"2026-08-03T07:00:00.000000",20.8905143737793
NA,"2026-08-03T08:00:00.000000",20.8914852142334
NA,"2026-08-03T09:00:00.000000",20.856258392334
NA,"2026-08-03T10:00:00.000000",20.8011569976807
NA,"2026-08-03T11:00:00.000000",20.683895111084
NA,"2026-08-03T12:00:00.000000",20.6287822723389
NA,"2026-08-03T13:00:00.000000",20.6173133850098
NA,"2026-08-03T14:00:00.000000",20.6157932281494
NA,"2026-08-03T15:00:00.000000",20.620532989502
NA,"2026-08-03T16:00:00.000000",20.6297607421875
NA,"2026-08-03T17:00:00.000000",20.691047668457
NA,"2026-08-03T18:00:00.000000",20.6631298065186
NA,"2026-08-03T19:00:00.000000",20.6381034851074
NA,"2026-08-03T20:00:00.000000",20.6305980682373
NA,"2026-08-03T21:00:00.000000",20.6322612762451
NA,"2026-08-03T22:00:00.000000",20.6326293945312
NA,"2026-08-03T23:00:00.000000",20.6312866210938
NA,"2026-08-04T00:00:00.000000",20.6305904388428
NA,"2026-08-04T01:00:00.000000",20.630802154541
NA,"2026-08-04T02:00:00.000000",20.6311798095703
NA,"2026-08-04T03:00:00.000000",20.6319541931152
NA,"2026-08-04T04:00:00.000000",20.632755279541
NA,"2026-08-04T05:00:00.000000",20.6248207092285
NA,"2026-08-04T06:00:00.000000",20.6040782928467
NA,"2026-08-04T07:00:00.000000",20.5995941162109
NA,"2026-08-04T08:00:00.000000",20.5982494354248
NA,"2026-08-04T09:00:00.000000",20.5975189208984
NA,"2026-08-04T10:00:00.000000",20.5959224700928
NA,"2026-08-04T11:00:00.000000",20.5943222045898
NA,"2026-08-04T12:00:00.000000",20.5939903259277
NA,"2026-08-04T13:00:00.000000",20.5945568084717
NA,"2026-08-04T14:00:00.000000",20.5958614349365
NA,"2026-08-04T15:00:00.000000",20.5992202758789
NA,"2026-08-04T16:00:00.000000",20.5991363525391
NA,"2026-08-04T17:00:00.000000",20.5718154907227
NA,"2026-08-04T18:00:00.000000",20.4802322387695
NA,"2026-08-04T19:00:00.000000",20.4283962249756
NA,"2026-08-04T20:00:00.000000",20.4176540374756
NA,"2026-08-04T21:00:00.000000",20.4369659423828
NA,"2026-08-04T22:00:00.000000",20.4727764129639
NA,"2026-08-04T23:00:00.000000",20.5041007995605
NA,"2026-08-05T00:00:00.000000",20.5177001953125
NA,"2026-08-05T01:00:00.000000",20.5247421264648
NA,"2026-08-05T02:00:00.000000",20.5257415771484
NA,"2026-08-05T03:00:00.000000",20.5241794586182
NA,"2026-08-05T04:00:00.000000",20.4905452728271
NA,"2026-08-05T05:00:00.000000",20.4503498077393
NA,"2026-08-05T06:00:00.000000",20.4498348236084
NA,"2026-08-05T07:00:00.000000",20.453088760376
NA,"2026-08-05T08:00:00.000000",20.4539432525635
NA,"2026-08-05T09:00:00.000000",20.4541130065918
NA,"2026-08-05T10:00:00.000000",20.4541721343994
NA,"2026-08-05T11:00:00.000000",20.4543800354004
NA,"2026-08-05T12:00:00.000000",20.4548625946045
NA,"2026-08-05T13:00:00.000000",20.4558601379395
NA,"2026-08-05T14:00:00.000000",20.4570503234863
NA,"2026-08-05T15:00:00.000000",20.4591827392578
NA,"2026-08-05T16:00:00.000000",20.4635410308838
NA,"2026-08-05T17:00:00.000000",20.4725608825684
NA,"2026-08-05T18:00:00.000000",20.4896278381348
NA,"2026-08-05T19:00:00.000000",20.5121631622314
NA,"2026-08-05T20:00:00.000000",20.533935546875
NA,"2026-08-05T21:00:00.000000",20.5412559509277
NA,"2026-08-05T22:00:00.000000",20.5295753479004
NA,"2026-08-05T23:00:00.000000",20.5125064849854
NA,"2026-08-06T00:00:00.000000",20.5031127929688
"NK","2026-07-29T00:00:00.000000",20.8348045349121
"NK","2026-07-29T01:00:00.000000",20.9861812591553
"NK","2026-07-29T02:00:00.000000",21.0604801177979
"NK","2026-07-29T03:00:00.000000",21.0865840911865
"NK","2026-07-29T04:00:00.000000",21.074426651001
"NK","2026-07-29T05:00:00.000000",21.0414371490479
"NK","2026-07-29T06:00:00.000000",20.9908905029297
"NK","2026-07-29T07:00:00.000000",20.9156093597412
"NK","2026-07-29T08:00:00.000000",20.8273601531982
"NK","2026-07-29T09:00:00.000000",20.7434310913086
"NK","2026-07-29T10:00:00.000000",20.6744232177734
"NK","2026-07-29T11:00:00.000000",20.5816459655762
"NK","2026-07-29T12:00:00.000000",20.5720672607422
"NK","2026-07-29T13:00:00.000000",20.6092166900635
"NK","2026-07-29T14:00:00.000000",20.6713619232178
"NK","2026-07-29T15:00:00.000000",20.7611427307129
"NK","2026-07-29T16:00:00.000000",20.7244853973389
"NK","2026-07-29T17:00:00.000000",20.641429901123
"NK","2026-07-29T18:00:00.000000",20.5331935882568
"NK","2026-07-29T19:00:00.000000",20.4274024963379
"NK","2026-07-29T20:00:00.000000",20.3686389923096
"NK","2026-07-29T21:00:00.000000",20.3495464324951
"NK","2026-07-29T22:00:00.000000",20.3526420593262
"NK","2026-07-29T23:00:00.000000",20.3983154296875
"NK","2026-07-30T00:00:00.000000",20.5900039672852
"NK","2026-07-30T01:00:00.000000",20.8912391662598
"NK","2026-07-30T02:00:00.000000",21.0635375976562
"NK","2026-07-30T03:00:00.000000",21.0997562408447
"NK","2026-07-30T04:00:00.000000",21.0763263702393
"NK","2026-07-30T05:00:00.000000",21.0286827087402
"NK","2026-07-30T06:00:00.000000",20.9164524078369
"NK","2026-07-30T07:00:00.000000",20.7700176239014
"NK","2026-07-30T08:00:00.000000",20.6302680969238
"NK","2026-07-30T09:00:00.000000",20.5234775543213
"NK","2026-07-30T10:00:00.000000",20.4625549316406
"NK","2026-07-30T11:00:00.000000",20.4427585601807
"NK","2026-07-30T12:00:00.000000",20.4652805328369
"NK","2026-07-30T13:00:00.000000",20.5412120819092
"NK","2026-07-30T14:00:00.000000",20.6811618804932
"NK","2026-07-30T15:00:00.000000",20.7926006317139
"NK","2026-07-30T16:00:00.000000",20.7410202026367
"NK","2026-07-30T17:00:00.000000",20.6524925231934
"NK","2026-07-30T18:00:00.000000",20.5632514953613
"NK","2026-07-30T19:00:00.000000",20.5068302154541
"NK","2026-07-30T20:00:00.000000",20.4778327941895
"NK","2026-07-30T21:00:00.000000",20.4604072570801
"NK","2026-07-30T22:00:00.000000",20.4575214385986
"NK","2026-07-30T23:00:00.000000",20.4632949829102
"NK","2026-07-31T00:00:00.000000",20.5118808746338
"NK","2026-07-31T01:00:00.000000",20.748607635498
"NK","2026-07-31T02:00:00.000000",21.0269908905029
"NK","2026-07-31T03:00:00.000000",21.1082019805908
"NK","2026-07-31T04:00:00.000000",21.1277236938477
"NK","2026-07-31T05:00:00.000000",21.1114406585693
"NK","2026-07-31T06:00:00.000000",21.0763740539551
"NK","2026-07-31T07:00:00.000000",20.9939441680908
"NK","2026-07-31T08:00:00.000000",20.882209777832
"NK","2026-07-31T09:00:00.000000",20.7641353607178
"NK","2026-07-31T10:00:00.000000",20.671257019043
"NK","2026-07-31T11:00:00.000000",20.6204319000244
"NK","2026-07-31T12:00:00.000000",20.6596584320068
"NK","2026-07-31T13:00:00.000000",20.7598991394043
"NK","2026-07-31T14:00:00.000000",20.9114379882812
"NK","2026-07-31T15:00:00.000000",21.023624420166
"NK","2026-07-31T16:00:00.000000",21.0506496429443
"NK","2026-07-31T17:00:00.000000",21.0181293487549
"NK","2026-07-31T18:00:00.000000",20.9487342834473
"NK","2026-07-31T19:00:00.000000",20.8573894500732
"NK","2026-07-31T20:00:00.000000",20.7724952697754
"NK","2026-07-31T21:00:00.000000",20.7045936584473
"NK","2026-07-31T22:00:00.000000",20.6554222106934
"NK","2026-07-31T23:00:00.000000",20.631067276001
"NK","2026-08-01T00:00:00.000000",20.64182472229
"NK","2026-08-01T01:00:00.000000",20.7156276702881
"NK","2026-08-01T02:00:00.000000",20.8906440734863
"NK","2026-08-01T03:00:00.000000",21.0157413482666
"NK","2026-08-01T04:00:00.000000",21.0485382080078
"NK","2026-08-01T05:00:00.000000",21.0488986968994
"NK","2026-08-01T06:00:00.000000",21.0284862518311
"NK","2026-08-01T07:00:00.000000",20.9770545959473
"NK","2026-08-01T08:00:00.000000",20.9031410217285
"NK","2026-08-01T09:00:00.000000",20.8173179626465
"NK","2026-08-01T10:00:00.000000",20.7405223846436
"NK","2026-08-01T11:00:00.000000",20.6850643157959
"NK","2026-08-01T12:00:00.000000",20.6636219024658
"NK","2026-08-01T13:00:00.000000",20.6870899200439
"NK","2026-08-01T14:00:00.000000",20.7814064025879
"NK","2026-08-01T15:00:00.000000",20.9124031066895
"NK","2026-08-01T16:00:00.000000",20.9966316223145
"NK","2026-08-01T17:00:00.000000",21.0178833007812
"NK","2026-08-01T18:00:00.000000",20.9738845825195
"NK","2026-08-01T19:00:00.000000",20.9078731536865
"NK","2026-08-01T20:00:00.000000",20.8348407745361
"NK","2026-08-01T21:00:00.000000",20.770565032959
"NK","2026-08-01T22:00:00.000000",20.7209949493408
"NK","2026-08-01T23:00:00.000000",20.6855850219727
"NK","2026-08-02T00:00:00.000000",20.6718978881836
"NK","2026-08-02T01:00:00.000000",20.6889533996582
"NK","2026-08-02T02:00:00.000000",20.8105354309082
"NK","2026-08-02T03:00:00.000000",20.9964866638184
"NK","2026-08-02T04:00:00.000000",21.1094512939453
"NK","2026-08-02T05:00:00.000000",21.1246643066406
"NK","2026-08-02T06:00:00.000000",21.122257232666
"NK","2026-08-02T07:00:00.000000",21.1086978912354
"NK","2026-08-02T08:00:00.000000",21.0599040985107
"NK","2026-08-02T09:00:00.000000",20.9882144927979
"NK","2026-08-02T10:00:00.000000",20.9025287628174
"NK","2026-08-02T11:00:00.000000",20.8234004974365
"NK","2026-08-02T12:00:00.000000",20.7716636657715
"NK","2026-08-02T13:00:00.000000",20.7894039154053
"NK","2026-08-02T14:00:00.000000",20.8907661437988
"NK","2026-08-02T15:00:00.000000",21.0290813446045
"NK","2026-08-02T16:00:00.000000",21.0540027618408
"NK","2026-08-02T17:00:00.000000",21.0436782836914
"NK","2026-08-02T18:00:00.000000",21.0436000823975
"NK","2026-08-02T19:00:00.000000",21.0505027770996
"NK","2026-08-02T20:00:00.000000",21.049243927002
"NK","2026-08-02T21:00:00.000000",21.0244083404541
"NK","2026-08-02T22:00:00.000000",20.9762401580811
"NK","2026-08-02T23:00:00.000000",20.9136199951172
"NK","2026-08-03T00:00:00.000000",20.8612689971924
"NK","2026-08-03T01:00:00.000000",20.8571929931641
"NK","2026-08-03T02:00:00.000000",20.8717651367188
"NK","2026-08-03T03:00:00.000000",20.8737297058105
"NK","2026-08-03T04:00:00.000000",20.8548851013184
"NK","2026-08-03T05:00:00.000000",20.7919254302979
"NK","2026-08-03T06:00:00.000000",20.7284107208252
"NK","2026-08-03T07:00:00.000000",20.6965808868408
"NK","2026-08-03T08:00:00.000000",20.6447429656982
"NK","2026-08-03T09:00:00.000000",20.6110954284668
"NK","2026-08-03T10:00:00.000000",20.6098365783691
"NK","2026-08-03T11:00:00.000000",20.6098232269287
"NK","2026-08-03T12:00:00.000000",20.6104202270508
"NK","2026-08-03T13:00:00.000000",20.6114845275879
"NK","2026-08-03T14:00:00.000000",20.6125907897949
"NK","2026-08-03T15:00:00.000000",20.6156921386719
"NK","2026-08-03T16:00:00.000000",20.6228885650635
"NK","2026-08-03T17:00:00.000000",20.7027702331543
"NK","2026-08-03T18:00:00.000000",20.7333850860596
"NK","2026-08-03T19:00:00.000000",20.6413135528564
"NK","2026-08-03T20:00:00.000000",20.6277561187744
"NK","2026-08-03T21:00:00.000000",20.6278247833252
"NK","2026-08-03T22:00:00.000000",20.6282825469971
"NK","2026-08-03T23:00:00.000000",20.6287117004395
"NK","2026-08-04T00:00:00.000000",20.628927230835
"NK","2026-08-04T01:00:00.000000",20.6291522979736
"NK","2026-08-04T02:00:00.000000",20.6295413970947
"NK","2026-08-04T03:00:00.000000",20.6298427581787
"NK","2026-08-04T04:00:00.000000",20.6300086975098
"NK","2026-08-04T05:00:00.000000",20.6240901947021
"NK","2026-08-04T06:00:00.000000",20.613260269165
"NK","2026-08-04T07:00:00.000000",20.6137180328369
"NK","2026-08-04T08:00:00.000000",20.6139736175537
"NK","2026-08-04T09:00:00.000000",20.6140079498291
"NK","2026-08-04T10:00:00.000000",20.6139621734619
"NK","2026-08-04T11:00:00.000000",20.614351272583
"NK","2026-08-04T12:00:00.000000",20.6153869628906
"NK","2026-08-04T13:00:00.000000",20.6170024871826
"NK","2026-08-04T14:00:00.000000",20.6190986633301
"NK","2026-08-04T15:00:00.000000",20.6213245391846
"NK","2026-08-04T16:00:00.000000",20.6242599487305
"NK","2026-08-04T17:00:00.000000",20.6160507202148
"NK","2026-08-04T18:00:00.000000",20.4857234954834
"NK","2026-08-04T19:00:00.000000",20.3938026428223
"NK","2026-08-04T20:00:00.000000",20.4350757598877
"NK","2026-08-04T21:00:00.000000",20.4931373596191
"NK","2026-08-04T22:00:00.000000",20.5533885955811
"NK","2026-08-04T23:00:00.000000",20.5926837921143
"NK","2026-08-05T00:00:00.000000",20.6118774414062
"NK","2026-08-05T01:00:00.000000",20.6188182830811
"NK","2026-08-05T02:00:00.000000",20.6217670440674
"NK","2026-08-05T03:00:00.000000",20.6222820281982
"NK","2026-08-05T04:00:00.000000",20.6194972991943
"NK","2026-08-05T05:00:00.000000",20.604305267334
"NK","2026-08-05T06:00:00.000000",20.5534420013428
"NK","2026-08-05T07:00:00.000000",20.5153713226318
"NK","2026-08-05T08:00:00.000000",20.5162544250488
"NK","2026-08-05T09:00:00.000000",20.4933738708496
"NK","2026-08-05T10:00:00.000000",20.4783840179443
"NK","2026-08-05T11:00:00.000000",20.4691677093506
"NK","2026-08-05T12:00:00.000000",20.4794063568115
"NK","2026-08-05T13:00:00.000000",20.4840850830078
"NK","2026-08-05T14:00:00.000000",20.4820575714111
"NK","2026-08-05T15:00:00.000000",20.4806709289551
"NK","2026-08-05T16:00:00.000000",20.4752712249756
"NK","2026-08-05T17:00:00.000000",20.4750308990479
"NK","2026-08-05T18:00:00.000000",20.4945430755615
"NK","2026-08-05T19:00:00.000000",20.521411895752
"NK","2026-08-05T20:00:00.000000",20.5491180419922
"NK","2026-08-05T21:00:00.000000",20.5585765838623
"NK","2026-08-05T22:00:00.000000",20.5508060455322
"NK","2026-08-05T23:00:00.000000",20.5410461425781
"NK","2026-08-06T00:00:00.000000",20.5294342041016
"PI","2026-07-29T00:00:00.000000",22.1382389068604
"PI","2026-07-29T01:00:00.000000",22.1632995605469
"PI","2026-07-29T02:00:00.000000",22.2336311340332
"PI","2026-07-29T03:00:00.000000",22.2066078186035
"PI","2026-07-29T04:00:00.000000",22.2115650177002
"PI","2026-07-29T05:00:00.000000",22.3088817596436
"PI","2026-07-29T06:00:00.000000",22.2700595855713
"PI","2026-07-29T07:00:00.000000",22.255241394043
"PI","2026-07-29T08:00:00.000000",22.2199363708496
"PI","2026-07-29T09:00:00.000000",22.1872482299805
"PI","2026-07-29T10:00:00.000000",22.2250194549561
"PI","2026-07-29T11:00:00.000000",22.2092990875244
"PI","2026-07-29T12:00:00.000000",22.1629085540771
"PI","2026-07-29T13:00:00.000000",22.1496715545654
"PI","2026-07-29T14:00:00.000000",22.1898345947266
"PI","2026-07-29T15:00:00.000000",22.2312030792236
"PI","2026-07-29T16:00:00.000000",22.2471466064453
"PI","2026-07-29T17:00:00.000000",22.2804718017578
"PI","2026-07-29T18:00:00.000000",22.3000564575195
"PI","2026-07-29T19:00:00.000000",22.3033638000488
"PI","2026-07-29T20:00:00.000000",22.3024826049805
"PI","2026-07-29T21:00:00.000000",22.2380332946777
"PI","2026-07-29T22:00:00.000000",22.1844425201416
"PI","2026-07-29T23:00:00.000000",22.1915111541748
"PI","2026-07-30T00:00:00.000000",22.1921901702881
"PI","2026-07-30T01:00:00.000000",22.1577606201172
"PI","2026-07-30T02:00:00.000000",22.1670742034912
"PI","2026-07-30T03:00:00.000000",22.2241458892822
"PI","2026-07-30T04:00:00.000000",22.2531852722168
"PI","2026-07-30T05:00:00.000000",22.2940845489502
"PI","2026-07-30T06:00:00.000000",22.336893081665
"PI","2026-07-30T07:00:00.000000",22.3040199279785
"PI","2026-07-30T08:00:00.000000",22.3095626831055
"PI","2026-07-30T09:00:00.000000",22.3075199127197
"PI","2026-07-30T10:00:00.000000",22.222131729126
"PI","2026-07-30T11:00:00.000000",22.2306308746338
"PI","2026-07-30T12:00:00.000000",22.2174892425537
"PI","2026-07-30T13:00:00.000000",22.1621608734131
"PI","2026-07-30T14:00:00.000000",22.1562061309814
"PI","2026-07-30T15:00:00.000000",22.1983318328857
"PI","2026-07-30T16:00:00.000000",22.238899230957
"PI","2026-07-30T17:00:00.000000",22.3258628845215
"PI","2026-07-30T18:00:00.000000",22.3462924957275
"PI","2026-07-30T19:00:00.000000",22.2927856445312
"PI","2026-07-30T20:00:00.000000",22.267448425293
"PI","2026-07-30T21:00:00.000000",22.1800479888916
"PI","2026-07-30T22:00:00.000000",22.1500988006592
"PI","2026-07-30T23:00:00.000000",22.2052669525146
"PI","2026-07-31T00:00:00.000000",22.2208995819092
"PI","2026-07-31T01:00:00.000000",22.1730651855469
"PI","2026-07-31T02:00:00.000000",22.1144847869873
"PI","2026-07-31T03:00:00.000000",22.1443862915039
"PI","2026-07-31T04:00:00.000000",22.188175201416
"PI","2026-07-31T05:00:00.000000",22.2467670440674
"PI","2026-07-31T06:00:00.000000",22.2887229919434
"PI","2026-07-31T07:00:00.000000",22.2699394226074
"PI","2026-07-31T08:00:00.000000",22.2671794891357
"PI","2026-07-31T09:00:00.000000",22.206995010376
"PI","2026-07-31T10:00:00.000000",22.1501636505127
"PI","2026-07-31T11:00:00.000000",22.1761798858643
"PI","2026-07-31T12:00:00.000000",22.2035026550293
"PI","2026-07-31T13:00:00.000000",22.1639995574951
"PI","2026-07-31T14:00:00.000000",22.0874271392822
"PI","2026-07-31T15:00:00.000000",22.1257972717285
"PI","2026-07-31T16:00:00.000000",22.222692489624
"PI","2026-07-31T17:00:00.000000",22.2546787261963
"PI","2026-07-31T18:00:00.000000",22.3006706237793
"PI","2026-07-31T19:00:00.000000",22.3894844055176
"PI","2026-07-31T20:00:00.000000",22.3049716949463
"PI","2026-07-31T21:00:00.000000",22.248363494873
"PI","2026-07-31T22:00:00.000000",22.1477088928223
"PI","2026-07-31T23:00:00.000000",22.1349906921387
"PI","2026-08-01T00:00:00.000000",22.1931781768799
"PI","2026-08-01T01:00:00.000000",22.1839275360107
"PI","2026-08-01T02:00:00.000000",22.0959453582764
"PI","2026-08-01T03:00:00.000000",22.043643951416
"PI","2026-08-01T04:00:00.000000",22.1890068054199
"PI","2026-08-01T05:00:00.000000",22.2290687561035
"PI","2026-08-01T06:00:00.000000",22.2806644439697
"PI","2026-08-01T07:00:00.000000",22.3488006591797
"PI","2026-08-01T08:00:00.000000",22.2797393798828
"PI","2026-08-01T09:00:00.000000",22.2641925811768
"PI","2026-08-01T10:00:00.000000",22.1865844726562
"PI","2026-08-01T11:00:00.000000",22.1697635650635
"PI","2026-08-01T12:00:00.000000",22.1968364715576
"PI","2026-08-01T13:00:00.000000",22.2002391815186
"PI","2026-08-01T14:00:00.000000",22.155086517334
"PI","2026-08-01T15:00:00.000000",22.0918273925781
"PI","2026-08-01T16:00:00.000000",22.2223281860352
"PI","2026-08-01T17:00:00.000000",22.34592628479
"PI","2026-08-01T18:00:00.000000",22.3821964263916
"PI","2026-08-01T19:00:00.000000",22.4460277557373
"PI","2026-08-01T20:00:00.000000",22.3840370178223
"PI","2026-08-01T21:00:00.000000",22.4628276824951
"PI","2026-08-01T22:00:00.000000",22.3650302886963
"PI","2026-08-01T23:00:00.000000",22.3151245117188
"PI","2026-08-02T00:00:00.000000",22.3232822418213
"PI","2026-08-02T01:00:00.000000",22.3534202575684
"PI","2026-08-02T02:00:00.000000",22.3813934326172
"PI","2026-08-02T03:00:00.000000",22.2575073242188
"PI","2026-08-02T04:00:00.000000",22.2682418823242
"PI","2026-08-02T05:00:00.000000",22.3428936004639
"PI","2026-08-02T06:00:00.000000",22.3738498687744
"PI","2026-08-02T07:00:00.000000",22.4313488006592
"PI","2026-08-02T08:00:00.000000",22.4748668670654
"PI","2026-08-02T09:00:00.000000",22.4012050628662
"PI","2026-08-02T10:00:00.000000",22.3885097503662
"PI","2026-08-02T11:00:00.000000",22.3213596343994
"PI","2026-08-02T12:00:00.000000",22.3333320617676
"PI","2026-08-02T13:00:00.000000",22.3594665527344
"PI","2026-08-02T14:00:00.000000",22.3881187438965
"PI","2026-08-02T15:00:00.000000",22.3337841033936
"PI","2026-08-02T16:00:00.000000",22.3095855712891
"PI","2026-08-02T17:00:00.000000",22.3906326293945
"PI","2026-08-02T18:00:00.000000",22.4709434509277
"PI","2026-08-02T19:00:00.000000",22.5256404876709
"PI","2026-08-02T20:00:00.000000",22.5870971679688
"PI","2026-08-02T21:00:00.000000",22.5446929931641
"PI","2026-08-02T22:00:00.000000",22.5529384613037
"PI","2026-08-02T23:00:00.000000",22.4412899017334
"PI","2026-08-03T00:00:00.000000",22.4272747039795
"PI","2026-08-03T01:00:00.000000",22.4629077911377
"PI","2026-08-03T02:00:00.000000",22.4666786193848
"PI","2026-08-03T03:00:00.000000",22.4567165374756
"PI","2026-08-03T04:00:00.000000",22.388786315918
"PI","2026-08-03T05:00:00.000000",22.3716983795166
"PI","2026-08-03T06:00:00.000000",22.469898223877
"PI","2026-08-03T07:00:00.000000",22.5172004699707
"PI","2026-08-03T08:00:00.000000",22.580415725708
"PI","2026-08-03T09:00:00.000000",22.5610313415527
"PI","2026-08-03T10:00:00.000000",22.539249420166
"PI","2026-08-03T11:00:00.000000",22.5127563476562
"PI","2026-08-03T12:00:00.000000",22.4265022277832
"PI","2026-08-03T13:00:00.000000",22.4958915710449
"PI","2026-08-03T14:00:00.000000",22.5209712982178
"PI","2026-08-03T15:00:00.000000",22.5066146850586
"PI","2026-08-03T16:00:00.000000",22.3673458099365
"PI","2026-08-03T17:00:00.000000",22.4421329498291
"PI","2026-08-03T18:00:00.000000",22.4931221008301
"PI","2026-08-03T19:00:00.000000",22.5305461883545
"PI","2026-08-03T20:00:00.000000",22.5872478485107
"PI","2026-08-03T21:00:00.000000",22.6067028045654
"PI","2026-08-03T22:00:00.000000",22.4830989837646
"PI","2026-08-03T23:00:00.000000",22.5957431793213
"PI","2026-08-04T00:00:00.000000",22.5851459503174
"PI","2026-08-04T01:00:00.000000",22.5083751678467
"PI","2026-08-04T02:00:00.000000",22.5321006774902
"PI","2026-08-04T03:00:00.000000",22.5048027038574
"PI","2026-08-04T04:00:00.000000",22.387134552002
"PI","2026-08-04T05:00:00.000000",22.4094638824463
"PI","2026-08-04T06:00:00.000000",22.4589557647705
"PI","2026-08-04T07:00:00.000000",22.5034980773926
"PI","2026-08-04T08:00:00.000000",22.5926952362061
"PI","2026-08-04T09:00:00.000000",22.6200084686279
"PI","2026-08-04T10:00:00.000000",22.5492610931396
"PI","2026-08-04T11:00:00.000000",22.5249614715576
"PI","2026-08-04T12:00:00.000000",22.4453506469727
"PI","2026-08-04T13:00:00.000000",22.4411087036133
"PI","2026-08-04T14:00:00.000000",22.4586238861084
"PI","2026-08-04T15:00:00.000000",22.4431343078613
"PI","2026-08-04T16:00:00.000000",22.3767833709717
"PI","2026-08-04T17:00:00.000000",22.3170375823975
"PI","2026-08-04T18:00:00.000000",22.4026641845703
"PI","2026-08-04T19:00:00.000000",22.5267772674561
"PI","2026-08-04T20:00:00.000000",22.5156898498535
"PI","2026-08-04T21:00:00.000000",22.5958976745605
"PI","2026-08-04T22:00:00.000000",22.6153240203857
"PI","2026-08-04T23:00:00.000000",22.5169067382812
"PI","2026-08-05T00:00:00.000000",22.5794162750244
"PI","2026-08-05T01:00:00.000000",22.4849605560303
"PI","2026-08-05T02:00:00.000000",22.483585357666
"PI","2026-08-05T03:00:00.000000",22.4814453125
"PI","2026-08-05T04:00:00.000000",22.4658164978027
"PI","2026-08-05T05:00:00.000000",22.3363513946533
"PI","2026-08-05T06:00:00.000000",22.3691692352295
"PI","2026-08-05T07:00:00.000000",22.4960842132568
"PI","2026-08-05T08:00:00.000000",22.5186042785645
"PI","2026-08-05T09:00:00.000000",22.5487308502197
"PI","2026-08-05T10:00:00.000000",22.5777359008789
"PI","2026-08-05T11:00:00.000000",22.5071353912354
"PI","2026-08-05T12:00:00.000000",22.4529647827148
"PI","2026-08-05T13:00:00.000000",22.4171772003174
"PI","2026-08-05T14:00:00.000000",22.4272136688232
"PI","2026-08-05T15:00:00.000000",22.4484672546387
"PI","2026-08-05T16:00:00.000000",22.4415416717529
"PI","2026-08-05T17:00:00.000000",22.3864440917969
"PI","2026-08-05T18:00:00.000000",22.3151226043701
"PI","2026-08-05T19:00:00.000000",22.3298301696777
"PI","2026-08-05T20:00:00.000000",22.513542175293
"PI","2026-08-05T21:00:00.000000",22.5347881317139
"PI","2026-08-05T22:00:00.000000",22.5967388153076
"PI","2026-08-05T23:00:00.000000",22.5871925354004
"PI","2026-08-06T00:00:00.000000",22.555606842041
"QU","2026-07-29T00:00:00.000000",20.396728515625
"QU","2026-07-29T01:00:00.000000",20.436128616333
"QU","2026-07-29T02:00:00.000000",20.4619159698486
"QU","2026-07-29T03:00:00.000000",20.4587898254395
"QU","2026-07-29T04:00:00.000000",20.4351615905762
"QU","2026-07-29T05:00:00.000000",20.4051342010498
"QU","2026-07-29T06:00:00.000000",20.3857135772705
"QU","2026-07-29T07:00:00.000000",20.3717727661133
"QU","2026-07-29T08:00:00.000000",20.3623161315918
"QU","2026-07-29T09:00:00.000000",20.3616409301758
"QU","2026-07-29T10:00:00.000000",20.3648586273193
"QU","2026-07-29T11:00:00.000000",20.3915519714355
"QU","2026-07-29T12:00:00.000000",20.4023208618164
"QU","2026-07-29T13:00:00.000000",20.4007301330566
"QU","2026-07-29T14:00:00.000000",20.3677864074707
"QU","2026-07-29T15:00:00.000000",20.3505210876465
"QU","2026-07-29T16:00:00.000000",20.3524608612061
"QU","2026-07-29T17:00:00.000000",20.3530578613281
"QU","2026-07-29T18:00:00.000000",20.3532123565674
"QU","2026-07-29T19:00:00.000000",20.3503398895264
"QU","2026-07-29T20:00:00.000000",20.3581771850586
"QU","2026-07-29T21:00:00.000000",20.377986907959
"QU","2026-07-29T22:00:00.000000",20.3991165161133
"QU","2026-07-29T23:00:00.000000",20.4199695587158
"QU","2026-07-30T00:00:00.000000",20.4468421936035
"QU","2026-07-30T01:00:00.000000",20.4595184326172
"QU","2026-07-30T02:00:00.000000",20.460636138916
"QU","2026-07-30T03:00:00.000000",20.4556446075439
"QU","2026-07-30T04:00:00.000000",20.4502372741699
"QU","2026-07-30T05:00:00.000000",20.4459953308105
"QU","2026-07-30T06:00:00.000000",20.4445724487305
"QU","2026-07-30T07:00:00.000000",20.4419784545898
"QU","2026-07-30T08:00:00.000000",20.4359760284424
"QU","2026-07-30T09:00:00.000000",20.4370574951172
"QU","2026-07-30T10:00:00.000000",20.4474143981934
"QU","2026-07-30T11:00:00.000000",20.4681930541992
"QU","2026-07-30T12:00:00.000000",20.493688583374
"QU","2026-07-30T13:00:00.000000",20.5137805938721
"QU","2026-07-30T14:00:00.000000",20.523120880127
"QU","2026-07-30T15:00:00.000000",20.512809753418
"QU","2026-07-30T16:00:00.000000",20.4932537078857
"QU","2026-07-30T17:00:00.000000",20.4736652374268
"QU","2026-07-30T18:00:00.000000",20.4629497528076
"QU","2026-07-30T19:00:00.000000",20.4591159820557
"QU","2026-07-30T20:00:00.000000",20.4581203460693
"QU","2026-07-30T21:00:00.000000",20.4624099731445
"QU","2026-07-30T22:00:00.000000",20.4822559356689
"QU","2026-07-30T23:00:00.000000",20.526798248291
"QU","2026-07-31T00:00:00.000000",20.5700340270996
"QU","2026-07-31T01:00:00.000000",20.6023635864258
"QU","2026-07-31T02:00:00.000000",20.622875213623
"QU","2026-07-31T03:00:00.000000",20.6259632110596
"QU","2026-07-31T04:00:00.000000",20.6260566711426
"QU","2026-07-31T05:00:00.000000",20.6275539398193
"QU","2026-07-31T06:00:00.000000",20.6299934387207
"QU","2026-07-31T07:00:00.000000",20.6289920806885
"QU","2026-07-31T08:00:00.000000",20.624662399292
"QU","2026-07-31T09:00:00.000000",20.6163101196289
"QU","2026-07-31T10:00:00.000000",20.6161289215088
"QU","2026-07-31T11:00:00.000000",20.6389713287354
"QU","2026-07-31T12:00:00.000000",20.6675930023193
"QU","2026-07-31T13:00:00.000000",20.6831741333008
"QU","2026-07-31T14:00:00.000000",20.6852931976318
"QU","2026-07-31T15:00:00.000000",20.6837673187256
"QU","2026-07-31T16:00:00.000000",20.6839294433594
"QU","2026-07-31T17:00:00.000000",20.6846656799316
"QU","2026-07-31T18:00:00.000000",20.6856002807617
"QU","2026-07-31T19:00:00.000000",20.6876468658447
"QU","2026-07-31T20:00:00.000000",20.6895542144775
"QU","2026-07-31T21:00:00.000000",20.6873874664307
"QU","2026-07-31T22:00:00.000000",20.6822395324707
"QU","2026-07-31T23:00:00.000000",20.6754188537598
"QU","2026-08-01T00:00:00.000000",20.6708087921143
"QU","2026-08-01T01:00:00.000000",20.6729679107666
"QU","2026-08-01T02:00:00.000000",20.6752223968506
"QU","2026-08-01T03:00:00.000000",20.6778583526611
"QU","2026-08-01T04:00:00.000000",20.6911849975586
"QU","2026-08-01T05:00:00.000000",20.7085723876953
"QU","2026-08-01T06:00:00.000000",20.7074356079102
"QU","2026-08-01T07:00:00.000000",20.7043476104736
"QU","2026-08-01T08:00:00.000000",20.7007064819336
"QU","2026-08-01T09:00:00.000000",20.6960563659668
"QU","2026-08-01T10:00:00.000000",20.6909828186035
"QU","2026-08-01T11:00:00.000000",20.6879577636719
"QU","2026-08-01T12:00:00.000000",20.6876411437988
"QU","2026-08-01T13:00:00.000000",20.6908645629883
"QU","2026-08-01T14:00:00.000000",20.6947345733643
"QU","2026-08-01T15:00:00.000000",20.696704864502
"QU","2026-08-01T16:00:00.000000",20.7003517150879
"QU","2026-08-01T17:00:00.000000",20.702091217041
"QU","2026-08-01T18:00:00.000000",20.7137775421143
"QU","2026-08-01T19:00:00.000000",20.7221393585205
"QU","2026-08-01T20:00:00.000000",20.7273082733154
"QU","2026-08-01T21:00:00.000000",20.7304039001465
"QU","2026-08-01T22:00:00.000000",20.7314701080322
"QU","2026-08-01T23:00:00.000000",20.732027053833
"QU","2026-08-02T00:00:00.000000",20.7304553985596
"QU","2026-08-02T01:00:00.000000",20.7294654846191
"QU","2026-08-02T02:00:00.000000",20.73362159729
"QU","2026-08-02T03:00:00.000000",20.7376594543457
"QU","2026-08-02T04:00:00.000000",20.7392063140869
"QU","2026-08-02T05:00:00.000000",20.7433757781982
"QU","2026-08-02T06:00:00.000000",20.7533874511719
"QU","2026-08-02T07:00:00.000000",20.768274307251
"QU","2026-08-02T08:00:00.000000",20.7624282836914
"QU","2026-08-02T09:00:00.000000",20.7549209594727
"QU","2026-08-02T10:00:00.000000",20.748197555542
"QU","2026-08-02T11:00:00.000000",20.7450180053711
"QU","2026-08-02T12:00:00.000000",20.7493686676025
"QU","2026-08-02T13:00:00.000000",20.7623977661133
"QU","2026-08-02T14:00:00.000000",20.7656631469727
"QU","2026-08-02T15:00:00.000000",20.7463359832764
"QU","2026-08-02T16:00:00.000000",20.7173709869385
"QU","2026-08-02T17:00:00.000000",20.719446182251
"QU","2026-08-02T18:00:00.000000",20.7420215606689
"QU","2026-08-02T19:00:00.000000",20.7615451812744
"QU","2026-08-02T20:00:00.000000",20.77028465271
"QU","2026-08-02T21:00:00.000000",20.7745990753174
"QU","2026-08-02T22:00:00.000000",20.7778224945068
"QU","2026-08-02T23:00:00.000000",20.7783737182617
"QU","2026-08-03T00:00:00.000000",20.7751636505127
"QU","2026-08-03T01:00:00.000000",20.7626152038574
"QU","2026-08-03T02:00:00.000000",20.7207012176514
"QU","2026-08-03T03:00:00.000000",20.6749210357666
"QU","2026-08-03T04:00:00.000000",20.6375274658203
"QU","2026-08-03T05:00:00.000000",20.6030597686768
"QU","2026-08-03T06:00:00.000000",20.5599937438965
"QU","2026-08-03T07:00:00.000000",20.5411624908447
"QU","2026-08-03T08:00:00.000000",20.5311164855957
"QU","2026-08-03T09:00:00.000000",20.5197277069092
"QU","2026-08-03T10:00:00.000000",20.5137386322021
"QU","2026-08-03T11:00:00.000000",20.5045986175537
"QU","2026-08-03T12:00:00.000000",20.5021667480469
"QU","2026-08-03T13:00:00.000000",20.5041961669922
"QU","2026-08-03T14:00:00.000000",20.5074577331543
"QU","2026-08-03T15:00:00.000000",20.5097274780273
"QU","2026-08-03T16:00:00.000000",20.5137386322021
"QU","2026-08-03T17:00:00.000000",20.5160694122314
"QU","2026-08-03T18:00:00.000000",20.5176448822021
"QU","2026-08-03T19:00:00.000000",20.5184230804443
"QU","2026-08-03T20:00:00.000000",20.5186538696289
"QU","2026-08-03T21:00:00.000000",20.5195064544678
"QU","2026-08-03T22:00:00.000000",20.51975440979
"QU","2026-08-03T23:00:00.000000",20.5200328826904
"QU","2026-08-04T00:00:00.000000",20.5205001831055
"QU","2026-08-04T01:00:00.000000",20.5210418701172
"QU","2026-08-04T02:00:00.000000",20.5213813781738
"QU","2026-08-04T03:00:00.000000",20.5205421447754
"QU","2026-08-04T04:00:00.000000",20.5174808502197
"QU","2026-08-04T05:00:00.000000",20.5127906799316
"QU","2026-08-04T06:00:00.000000",20.5126152038574
"QU","2026-08-04T07:00:00.000000",20.5118064880371
"QU","2026-08-04T08:00:00.000000",20.5105686187744
"QU","2026-08-04T09:00:00.000000",20.5104179382324
"QU","2026-08-04T10:00:00.000000",20.5105800628662
"QU","2026-08-04T11:00:00.000000",20.5106391906738
"QU","2026-08-04T12:00:00.000000",20.5111427307129
"QU","2026-08-04T13:00:00.000000",20.5094242095947
"QU","2026-08-04T14:00:00.000000",20.4861068725586
"QU","2026-08-04T15:00:00.000000",20.4635791778564
"QU","2026-08-04T16:00:00.000000",20.4501705169678
"QU","2026-08-04T17:00:00.000000",20.4172649383545
"QU","2026-08-04T18:00:00.000000",20.3983764648438
"QU","2026-08-04T19:00:00.000000",20.4036521911621
"QU","2026-08-04T20:00:00.000000",20.4433765411377
"QU","2026-08-04T21:00:00.000000",20.5212821960449
"QU","2026-08-04T22:00:00.000000",20.5324668884277
"QU","2026-08-04T23:00:00.000000",20.5312843322754
"QU","2026-08-05T00:00:00.000000",20.5272235870361
"QU","2026-08-05T01:00:00.000000",20.5172061920166
"QU","2026-08-05T02:00:00.000000",20.4772663116455
"QU","2026-08-05T03:00:00.000000",20.4090557098389
"QU","2026-08-05T04:00:00.000000",20.3665332794189
"QU","2026-08-05T05:00:00.000000",20.3485317230225
"QU","2026-08-05T06:00:00.000000",20.3438529968262
"QU","2026-08-05T07:00:00.000000",20.3445205688477
"QU","2026-08-05T08:00:00.000000",20.3484172821045
"QU","2026-08-05T09:00:00.000000",20.3571109771729
"QU","2026-08-05T10:00:00.000000",20.3710746765137
"QU","2026-08-05T11:00:00.000000",20.3850135803223
"QU","2026-08-05T12:00:00.000000",20.3933887481689
"QU","2026-08-05T13:00:00.000000",20.391092300415
"QU","2026-08-05T14:00:00.000000",20.3823909759521
"QU","2026-08-05T15:00:00.000000",20.3727569580078
"QU","2026-08-05T16:00:00.000000",20.3651599884033
"QU","2026-08-05T17:00:00.000000",20.3668937683105
"QU","2026-08-05T18:00:00.000000",20.377254486084
"QU","2026-08-05T19:00:00.000000",20.4008598327637
"QU","2026-08-05T20:00:00.000000",20.444221496582
"QU","2026-08-05T21:00:00.000000",20.4877052307129
"QU","2026-08-05T22:00:00.000000",20.4843044281006
"QU","2026-08-05T23:00:00.000000",20.478214263916
"QU","2026-08-06T00:00:00.000000",20.4726505279541
"CC","2026-07-29T00:00:00.000000",23.1667919158936
"CC","2026-07-29T01:00:00.000000",23.1763648986816
"CC","2026-07-29T02:00:00.000000",23.1838645935059
"CC","2026-07-29T03:00:00.000000",23.1910133361816
"CC","2026-07-29T04:00:00.000000",23.1948318481445
"CC","2026-07-29T05:00:00.000000",23.1963386535645
"CC","2026-07-29T06:00:00.000000",23.1949672698975
"CC","2026-07-29T07:00:00.000000",23.1916370391846
"CC","2026-07-29T08:00:00.000000",23.1886463165283
"CC","2026-07-29T09:00:00.000000",23.1841373443604
"CC","2026-07-29T10:00:00.000000",23.1799793243408
"CC","2026-07-29T11:00:00.000000",23.1738834381104
"CC","2026-07-29T12:00:00.000000",23.1696376800537
"CC","2026-07-29T13:00:00.000000",23.1652183532715
"CC","2026-07-29T14:00:00.000000",23.1612720489502
"CC","2026-07-29T15:00:00.000000",23.1572456359863
"CC","2026-07-29T16:00:00.000000",23.1542358398438
"CC","2026-07-29T17:00:00.000000",23.1522388458252
"CC","2026-07-29T18:00:00.000000",23.1501770019531
"CC","2026-07-29T19:00:00.000000",23.1503467559814
"CC","2026-07-29T20:00:00.000000",23.152587890625
"CC","2026-07-29T21:00:00.000000",23.1556339263916
"CC","2026-07-29T22:00:00.000000",23.1600646972656
"CC","2026-07-29T23:00:00.000000",23.1648445129395
"CC","2026-07-30T00:00:00.000000",23.1690120697021
"CC","2026-07-30T01:00:00.000000",23.1709079742432
"CC","2026-07-30T02:00:00.000000",23.1719913482666
"CC","2026-07-30T03:00:00.000000",23.173095703125
"CC","2026-07-30T04:00:00.000000",23.1734428405762
"CC","2026-07-30T05:00:00.000000",23.1731109619141
"CC","2026-07-30T06:00:00.000000",23.1725597381592
"CC","2026-07-30T07:00:00.000000",23.1719646453857
"CC","2026-07-30T08:00:00.000000",23.1709632873535
"CC","2026-07-30T09:00:00.000000",23.1693801879883
"CC","2026-07-30T10:00:00.000000",23.1679801940918
"CC","2026-07-30T11:00:00.000000",23.1662502288818
"CC","2026-07-30T12:00:00.000000",23.1636428833008
"CC","2026-07-30T13:00:00.000000",23.1596755981445
"CC","2026-07-30T14:00:00.000000",23.1552486419678
"CC","2026-07-30T15:00:00.000000",23.1508502960205
"CC","2026-07-30T16:00:00.000000",23.1441955566406
"CC","2026-07-30T17:00:00.000000",23.1375999450684
"CC","2026-07-30T18:00:00.000000",23.1353988647461
"CC","2026-07-30T19:00:00.000000",23.1350975036621
"CC","2026-07-30T20:00:00.000000",23.1336269378662
"CC","2026-07-30T21:00:00.000000",23.1318607330322
"CC","2026-07-30T22:00:00.000000",23.1298313140869
"CC","2026-07-30T23:00:00.000000",23.1286792755127
"CC","2026-07-31T00:00:00.000000",23.1294288635254
"CC","2026-07-31T01:00:00.000000",23.130952835083
"CC","2026-07-31T02:00:00.000000",23.1324806213379
"CC","2026-07-31T03:00:00.000000",23.1334571838379
"CC","2026-07-31T04:00:00.000000",23.1343994140625
"CC","2026-07-31T05:00:00.000000",23.134651184082
"CC","2026-07-31T06:00:00.000000",23.1331310272217
"CC","2026-07-31T07:00:00.000000",23.1230602264404
"CC","2026-07-31T08:00:00.000000",23.1121063232422
"CC","2026-07-31T09:00:00.000000",23.0952339172363
"CC","2026-07-31T10:00:00.000000",23.0869445800781
"CC","2026-07-31T11:00:00.000000",23.0760803222656
"CC","2026-07-31T12:00:00.000000",23.0695247650146
"CC","2026-07-31T13:00:00.000000",23.0684986114502
"CC","2026-07-31T14:00:00.000000",23.0671539306641
"CC","2026-07-31T15:00:00.000000",23.0667781829834
"CC","2026-07-31T16:00:00.000000",23.0666751861572
"CC","2026-07-31T17:00:00.000000",23.0665187835693
"CC","2026-07-31T18:00:00.000000",23.0653591156006
"CC","2026-07-31T19:00:00.000000",23.0621871948242
"CC","2026-07-31T20:00:00.000000",23.0564060211182
"CC","2026-07-31T21:00:00.000000",23.0505714416504
"CC","2026-07-31T22:00:00.000000",23.0444278717041
"CC","2026-07-31T23:00:00.000000",23.037130355835
"CC","2026-08-01T00:00:00.000000",23.0284862518311
"CC","2026-08-01T01:00:00.000000",23.0216484069824
"CC","2026-08-01T02:00:00.000000",23.0189533233643
"CC","2026-08-01T03:00:00.000000",23.0187225341797
"CC","2026-08-01T04:00:00.000000",23.0184707641602
"CC","2026-08-01T05:00:00.000000",23.0186977386475
"CC","2026-08-01T06:00:00.000000",23.0184631347656
"CC","2026-08-01T07:00:00.000000",23.0171413421631
"CC","2026-08-01T08:00:00.000000",23.0117225646973
"CC","2026-08-01T09:00:00.000000",23.002685546875
"CC","2026-08-01T10:00:00.000000",22.9915885925293
"CC","2026-08-01T11:00:00.000000",22.9828205108643
"CC","2026-08-01T12:00:00.000000",22.9731140136719
"CC","2026-08-01T13:00:00.000000",22.9681434631348
"CC","2026-08-01T14:00:00.000000",22.965763092041
"CC","2026-08-01T15:00:00.000000",22.9656562805176
"CC","2026-08-01T16:00:00.000000",22.9652500152588
"CC","2026-08-01T17:00:00.000000",22.9635257720947
"CC","2026-08-01T18:00:00.000000",22.96213722229
"CC","2026-08-01T19:00:00.000000",22.962230682373
"CC","2026-08-01T20:00:00.000000",22.9653453826904
"CC","2026-08-01T21:00:00.000000",22.9716320037842
"CC","2026-08-01T22:00:00.000000",22.9780158996582
"CC","2026-08-01T23:00:00.000000",22.9827632904053
"CC","2026-08-02T00:00:00.000000",22.9872169494629
"CC","2026-08-02T01:00:00.000000",22.9936828613281
"CC","2026-08-02T02:00:00.000000",23.0008926391602
"CC","2026-08-02T03:00:00.000000",23.0079822540283
"CC","2026-08-02T04:00:00.000000",23.0149955749512
"CC","2026-08-02T05:00:00.000000",23.0210876464844
"CC","2026-08-02T06:00:00.000000",23.0259857177734
"CC","2026-08-02T07:00:00.000000",23.0288143157959
"CC","2026-08-02T08:00:00.000000",23.0304622650146
"CC","2026-08-02T09:00:00.000000",23.0305233001709
"CC","2026-08-02T10:00:00.000000",23.0295600891113
"CC","2026-08-02T11:00:00.000000",23.0259857177734
"CC","2026-08-02T12:00:00.000000",23.0176239013672
"CC","2026-08-02T13:00:00.000000",23.0045738220215
"CC","2026-08-02T14:00:00.000000",22.9930286407471
"CC","2026-08-02T15:00:00.000000",22.9841842651367
"CC","2026-08-02T16:00:00.000000",22.9802398681641
"CC","2026-08-02T17:00:00.000000",22.9869728088379
"CC","2026-08-02T18:00:00.000000",23.0046920776367
"CC","2026-08-02T19:00:00.000000",23.025993347168
"CC","2026-08-02T20:00:00.000000",23.0393409729004
"CC","2026-08-02T21:00:00.000000",23.0503635406494
"CC","2026-08-02T22:00:00.000000",23.0634288787842
"CC","2026-08-02T23:00:00.000000",23.0750122070312
"CC","2026-08-03T00:00:00.000000",23.0792579650879
"CC","2026-08-03T01:00:00.000000",23.0837116241455
"CC","2026-08-03T02:00:00.000000",23.0889549255371
"CC","2026-08-03T03:00:00.000000",23.0946731567383
"CC","2026-08-03T04:00:00.000000",23.1033706665039
"CC","2026-08-03T05:00:00.000000",23.0867366790771
"CC","2026-08-03T06:00:00.000000",23.0728302001953
"CC","2026-08-03T07:00:00.000000",23.0610179901123
"CC","2026-08-03T08:00:00.000000",23.0544967651367
"CC","2026-08-03T09:00:00.000000",23.0450496673584
"CC","2026-08-03T10:00:00.000000",23.0350227355957
"CC","2026-08-03T11:00:00.000000",23.0234527587891
"CC","2026-08-03T12:00:00.000000",23.0159587860107
"CC","2026-08-03T13:00:00.000000",23.0086574554443
"CC","2026-08-03T14:00:00.000000",22.9975261688232
"CC","2026-08-03T15:00:00.000000",22.9683780670166
"CC","2026-08-03T16:00:00.000000",22.9346027374268
"CC","2026-08-03T17:00:00.000000",22.8978328704834
"CC","2026-08-03T18:00:00.000000",22.8578758239746
"CC","2026-08-03T19:00:00.000000",22.8185558319092
"CC","2026-08-03T20:00:00.000000",22.7843036651611
"CC","2026-08-03T21:00:00.000000",22.7535381317139
"CC","2026-08-03T22:00:00.000000",22.7215633392334
"CC","2026-08-03T23:00:00.000000",22.6714782714844
"CC","2026-08-04T00:00:00.000000",22.6027145385742
"CC","2026-08-04T01:00:00.000000",22.5578022003174
"CC","2026-08-04T02:00:00.000000",22.518030166626
"CC","2026-08-04T03:00:00.000000",22.4944114685059
"CC","2026-08-04T04:00:00.000000",22.4901790618896
"CC","2026-08-04T05:00:00.000000",22.4989376068115
"CC","2026-08-04T06:00:00.000000",22.5098876953125
"CC","2026-08-04T07:00:00.000000",22.5182113647461
"CC","2026-08-04T08:00:00.000000",22.5257377624512
"CC","2026-08-04T09:00:00.000000",22.5405578613281
"CC","2026-08-04T10:00:00.000000",22.5617256164551
"CC","2026-08-04T11:00:00.000000",22.5882740020752
"CC","2026-08-04T12:00:00.000000",22.6125965118408
"CC","2026-08-04T13:00:00.000000",22.6515865325928
"CC","2026-08-04T14:00:00.000000",22.6877479553223
"CC","2026-08-04T15:00:00.000000",22.7150783538818
"CC","2026-08-04T16:00:00.000000",22.7329597473145
"CC","2026-08-04T17:00:00.000000",22.7459812164307
"CC","2026-08-04T18:00:00.000000",22.753246307373
"CC","2026-08-04T19:00:00.000000",22.7544994354248
"CC","2026-08-04T20:00:00.000000",22.7453594207764
"CC","2026-08-04T21:00:00.000000",22.7295875549316
"CC","2026-08-04T22:00:00.000000",22.7149391174316
"CC","2026-08-04T23:00:00.000000",22.7061367034912
"CC","2026-08-05T00:00:00.000000",22.7040538787842
"CC","2026-08-05T01:00:00.000000",22.7051105499268
"CC","2026-08-05T02:00:00.000000",22.7077789306641
"CC","2026-08-05T03:00:00.000000",22.7145004272461
"CC","2026-08-05T04:00:00.000000",22.7244472503662
"CC","2026-08-05T05:00:00.000000",22.7351913452148
"CC","2026-08-05T06:00:00.000000",22.7444267272949
"CC","2026-08-05T07:00:00.000000",22.7509384155273
"CC","2026-08-05T08:00:00.000000",22.7566070556641
"CC","2026-08-05T09:00:00.000000",22.7611026763916
"CC","2026-08-05T10:00:00.000000",22.7614154815674
"CC","2026-08-05T11:00:00.000000",22.7608242034912
"CC","2026-08-05T12:00:00.000000",22.7604732513428
"CC","2026-08-05T13:00:00.000000",22.7604732513428
"CC","2026-08-05T14:00:00.000000",22.7609043121338
"CC","2026-08-05T15:00:00.000000",22.7622318267822
"CC","2026-08-05T16:00:00.000000",22.7647972106934
"CC","2026-08-05T17:00:00.000000",22.768123626709
"CC","2026-08-05T18:00:00.000000",22.7715835571289
"CC","2026-08-05T19:00:00.000000",22.7744960784912
"CC","2026-08-05T20:00:00.000000",22.776647567749
"CC","2026-08-05T21:00:00.000000",22.778039932251
"CC","2026-08-05T22:00:00.000000",22.7778034210205
"CC","2026-08-05T23:00:00.000000",22.7765254974365
"CC","2026-08-06T00:00:00.000000",22.7752590179443
"DL","2026-07-29T00:00:00.000000",22.4860076904297
"DL","2026-07-29T01:00:00.000000",22.4484081268311
"DL","2026-07-29T02:00:00.000000",22.4434204101562
"DL","2026-07-29T03:00:00.000000",22.4183578491211
"DL","2026-07-29T04:00:00.000000",22.3175106048584
"DL","2026-07-29T05:00:00.000000",22.2926483154297
"DL","2026-07-29T06:00:00.000000",22.2897624969482
"DL","2026-07-29T07:00:00.000000",22.2688369750977
"DL","2026-07-29T08:00:00.000000",22.2935256958008
"DL","2026-07-29T09:00:00.000000",22.2843856811523
"DL","2026-07-29T10:00:00.000000",22.3030948638916
"DL","2026-07-29T11:00:00.000000",22.3160190582275
"DL","2026-07-29T12:00:00.000000",22.3159046173096
"DL","2026-07-29T13:00:00.000000",22.2988910675049
"DL","2026-07-29T14:00:00.000000",22.2766742706299
"DL","2026-07-29T15:00:00.000000",22.2384662628174
"DL","2026-07-29T16:00:00.000000",22.2005653381348
"DL","2026-07-29T17:00:00.000000",22.1912517547607
"DL","2026-07-29T18:00:00.000000",22.1950187683105
"DL","2026-07-29T19:00:00.000000",22.2139205932617
"DL","2026-07-29T20:00:00.000000",22.2496223449707
"DL","2026-07-29T21:00:00.000000",22.2739810943604
"DL","2026-07-29T22:00:00.000000",22.3004550933838
"DL","2026-07-29T23:00:00.000000",22.315601348877
"DL","2026-07-30T00:00:00.000000",22.3319244384766
"DL","2026-07-30T01:00:00.000000",22.3488788604736
"DL","2026-07-30T02:00:00.000000",22.3343410491943
"DL","2026-07-30T03:00:00.000000",22.310583114624
"DL","2026-07-30T04:00:00.000000",22.2449207305908
"DL","2026-07-30T05:00:00.000000",22.2269954681396
"DL","2026-07-30T06:00:00.000000",22.2106018066406
"DL","2026-07-30T07:00:00.000000",22.1841220855713
"DL","2026-07-30T08:00:00.000000",22.2372779846191
"DL","2026-07-30T09:00:00.000000",22.2451000213623
"DL","2026-07-30T10:00:00.000000",22.2539539337158
"DL","2026-07-30T11:00:00.000000",22.262903213501
"DL","2026-07-30T12:00:00.000000",22.2700691223145
"DL","2026-07-30T13:00:00.000000",22.2748203277588
"DL","2026-07-30T14:00:00.000000",22.2547264099121
"DL","2026-07-30T15:00:00.000000",22.2375736236572
"DL","2026-07-30T16:00:00.000000",22.0965480804443
"DL","2026-07-30T17:00:00.000000",22.0728225708008
"DL","2026-07-30T18:00:00.000000",22.0921611785889
"DL","2026-07-30T19:00:00.000000",22.1879768371582
"DL","2026-07-30T20:00:00.000000",22.2617244720459
"DL","2026-07-30T21:00:00.000000",22.3005065917969
"DL","2026-07-30T22:00:00.000000",22.3054904937744
"DL","2026-07-30T23:00:00.000000",22.3177471160889
"DL","2026-07-31T00:00:00.000000",22.3100700378418
"DL","2026-07-31T01:00:00.000000",22.3194713592529
"DL","2026-07-31T02:00:00.000000",22.3378429412842
"DL","2026-07-31T03:00:00.000000",22.2335624694824
"DL","2026-07-31T04:00:00.000000",22.0474071502686
"DL","2026-07-31T05:00:00.000000",22.0083656311035
"DL","2026-07-31T06:00:00.000000",22.0284423828125
"DL","2026-07-31T07:00:00.000000",22.0219898223877
"DL","2026-07-31T08:00:00.000000",22.3017482757568
"DL","2026-07-31T09:00:00.000000",22.2626819610596
"DL","2026-07-31T10:00:00.000000",22.3912868499756
"DL","2026-07-31T11:00:00.000000",22.4077205657959
"DL","2026-07-31T12:00:00.000000",22.3657569885254
"DL","2026-07-31T13:00:00.000000",22.3944396972656
"DL","2026-07-31T14:00:00.000000",22.3707656860352
"DL","2026-07-31T15:00:00.000000",22.3698978424072
"DL","2026-07-31T16:00:00.000000",22.1982135772705
"DL","2026-07-31T17:00:00.000000",22.089262008667
"DL","2026-07-31T18:00:00.000000",22.0736217498779
"DL","2026-07-31T19:00:00.000000",22.1117992401123
"DL","2026-07-31T20:00:00.000000",22.1803455352783
"DL","2026-07-31T21:00:00.000000",22.2737998962402
"DL","2026-07-31T22:00:00.000000",22.3054046630859
"DL","2026-07-31T23:00:00.000000",22.3004627227783
"DL","2026-08-01T00:00:00.000000",22.2915058135986
"DL","2026-08-01T01:00:00.000000",22.3222389221191
"DL","2026-08-01T02:00:00.000000",22.3390674591064
"DL","2026-08-01T03:00:00.000000",22.3390083312988
"DL","2026-08-01T04:00:00.000000",22.3314647674561
"DL","2026-08-01T05:00:00.000000",22.1198425292969
"DL","2026-08-01T06:00:00.000000",22.1160869598389
"DL","2026-08-01T07:00:00.000000",22.1206035614014
"DL","2026-08-01T08:00:00.000000",22.2293510437012
"DL","2026-08-01T09:00:00.000000",22.2650604248047
"DL","2026-08-01T10:00:00.000000",22.2896041870117
"DL","2026-08-01T11:00:00.000000",22.2684116363525
"DL","2026-08-01T12:00:00.000000",22.2636032104492
"DL","2026-08-01T13:00:00.000000",22.2725296020508
"DL","2026-08-01T14:00:00.000000",22.2810573577881
"DL","2026-08-01T15:00:00.000000",22.299654006958
"DL","2026-08-01T16:00:00.000000",22.3100776672363
"DL","2026-08-01T17:00:00.000000",22.2690391540527
"DL","2026-08-01T18:00:00.000000",22.2060623168945
"DL","2026-08-01T19:00:00.000000",22.2307167053223
"DL","2026-08-01T20:00:00.000000",22.2590999603271
"DL","2026-08-01T21:00:00.000000",22.2751293182373
"DL","2026-08-01T22:00:00.000000",22.2649345397949
"DL","2026-08-01T23:00:00.000000",22.255464553833
"DL","2026-08-02T00:00:00.000000",22.2519931793213
"DL","2026-08-02T01:00:00.000000",22.2554664611816
"DL","2026-08-02T02:00:00.000000",22.2690124511719
"DL","2026-08-02T03:00:00.000000",22.2870426177979
"DL","2026-08-02T04:00:00.000000",22.2859725952148
"DL","2026-08-02T05:00:00.000000",22.284252166748
"DL","2026-08-02T06:00:00.000000",22.2281246185303
"DL","2026-08-02T07:00:00.000000",22.221227645874
"DL","2026-08-02T08:00:00.000000",22.2261714935303
"DL","2026-08-02T09:00:00.000000",22.2340431213379
"DL","2026-08-02T10:00:00.000000",22.249418258667
"DL","2026-08-02T11:00:00.000000",22.2544002532959
"DL","2026-08-02T12:00:00.000000",22.2465896606445
"DL","2026-08-02T13:00:00.000000",22.2404689788818
"DL","2026-08-02T14:00:00.000000",22.2486019134521
"DL","2026-08-02T15:00:00.000000",22.2703418731689
"DL","2026-08-02T16:00:00.000000",22.2854633331299
"DL","2026-08-02T17:00:00.000000",22.2833061218262
"DL","2026-08-02T18:00:00.000000",22.2830276489258
"DL","2026-08-02T19:00:00.000000",22.2495994567871
"DL","2026-08-02T20:00:00.000000",22.2550640106201
"DL","2026-08-02T21:00:00.000000",22.2683067321777
"DL","2026-08-02T22:00:00.000000",22.2775821685791
"DL","2026-08-02T23:00:00.000000",22.2592487335205
"DL","2026-08-03T00:00:00.000000",22.2348575592041
"DL","2026-08-03T01:00:00.000000",22.2155113220215
"DL","2026-08-03T02:00:00.000000",22.2021007537842
"DL","2026-08-03T03:00:00.000000",22.1673393249512
"DL","2026-08-03T04:00:00.000000",22.0993270874023
"DL","2026-08-03T05:00:00.000000",22.1075420379639
"DL","2026-08-03T06:00:00.000000",22.0994567871094
"DL","2026-08-03T07:00:00.000000",22.1333694458008
"DL","2026-08-03T08:00:00.000000",21.9759216308594
"DL","2026-08-03T09:00:00.000000",22.0291481018066
"DL","2026-08-03T10:00:00.000000",21.7239818572998
"DL","2026-08-03T11:00:00.000000",21.3915557861328
"DL","2026-08-03T12:00:00.000000",21.2862586975098
"DL","2026-08-03T13:00:00.000000",21.2008285522461
"DL","2026-08-03T14:00:00.000000",21.2303829193115
"DL","2026-08-03T15:00:00.000000",21.3126068115234
"DL","2026-08-03T16:00:00.000000",21.39577293396
"DL","2026-08-03T17:00:00.000000",21.37744140625
"DL","2026-08-03T18:00:00.000000",21.3272151947021
"DL","2026-08-03T19:00:00.000000",21.3368549346924
"DL","2026-08-03T20:00:00.000000",21.3410243988037
"DL","2026-08-03T21:00:00.000000",21.3293323516846
"DL","2026-08-03T22:00:00.000000",21.3769435882568
"DL","2026-08-03T23:00:00.000000",21.4891338348389
"DL","2026-08-04T00:00:00.000000",21.578929901123
"DL","2026-08-04T01:00:00.000000",21.6353950500488
"DL","2026-08-04T02:00:00.000000",21.668830871582
"DL","2026-08-04T03:00:00.000000",21.6792774200439
"DL","2026-08-04T04:00:00.000000",21.6691150665283
"DL","2026-08-04T05:00:00.000000",21.6218070983887
"DL","2026-08-04T06:00:00.000000",21.5829811096191
"DL","2026-08-04T07:00:00.000000",21.4030361175537
"DL","2026-08-04T08:00:00.000000",21.4287357330322
"DL","2026-08-04T09:00:00.000000",21.387752532959
"DL","2026-08-04T10:00:00.000000",21.3526477813721
"DL","2026-08-04T11:00:00.000000",21.4268856048584
"DL","2026-08-04T12:00:00.000000",21.4216270446777
"DL","2026-08-04T13:00:00.000000",21.4624652862549
"DL","2026-08-04T14:00:00.000000",21.515230178833
"DL","2026-08-04T15:00:00.000000",21.5752868652344
"DL","2026-08-04T16:00:00.000000",21.6005973815918
"DL","2026-08-04T17:00:00.000000",21.6375751495361
"DL","2026-08-04T18:00:00.000000",21.6330280303955
"DL","2026-08-04T19:00:00.000000",21.5960464477539
"DL","2026-08-04T20:00:00.000000",21.470064163208
"DL","2026-08-04T21:00:00.000000",21.4648685455322
"DL","2026-08-04T22:00:00.000000",21.4690799713135
"DL","2026-08-04T23:00:00.000000",21.4853477478027
"DL","2026-08-05T00:00:00.000000",21.4775905609131
"DL","2026-08-05T01:00:00.000000",21.6420955657959
"DL","2026-08-05T02:00:00.000000",21.8066349029541
"DL","2026-08-05T03:00:00.000000",21.907865524292
"DL","2026-08-05T04:00:00.000000",21.9428653717041
"DL","2026-08-05T05:00:00.000000",21.9044952392578
"DL","2026-08-05T06:00:00.000000",21.7872161865234
"DL","2026-08-05T07:00:00.000000",21.773609161377
"DL","2026-08-05T08:00:00.000000",21.5374603271484
"DL","2026-08-05T09:00:00.000000",21.4648818969727
"DL","2026-08-05T10:00:00.000000",21.3114852905273
"DL","2026-08-05T11:00:00.000000",21.2971420288086
"DL","2026-08-05T12:00:00.000000",21.2673110961914
"DL","2026-08-05T13:00:00.000000",21.3949718475342
"DL","2026-08-05T14:00:00.000000",21.4551601409912
"DL","2026-08-05T15:00:00.000000",21.6310997009277
"DL","2026-08-05T16:00:00.000000",21.7713451385498
"DL","2026-08-05T17:00:00.000000",21.8172588348389
"DL","2026-08-05T18:00:00.000000",21.7710189819336
"DL","2026-08-05T19:00:00.000000",21.7422008514404
"DL","2026-08-05T20:00:00.000000",21.560230255127
"DL","2026-08-05T21:00:00.000000",20.9634208679199
"DL","2026-08-05T22:00:00.000000",20.9939651489258
"DL","2026-08-05T23:00:00.000000",21.0367450714111
"DL","2026-08-06T00:00:00.000000",21.1452140808105
"GB","2026-07-29T00:00:00.000000",22.3354740142822
"GB","2026-07-29T01:00:00.000000",22.3244686126709
"GB","2026-07-29T02:00:00.000000",22.3214130401611
"GB","2026-07-29T03:00:00.000000",22.3217029571533
"GB","2026-07-29T04:00:00.000000",22.3296356201172
"GB","2026-07-29T05:00:00.000000",22.2410659790039
"GB","2026-07-29T06:00:00.000000",22.1773738861084
"GB","2026-07-29T07:00:00.000000",22.267505645752
"GB","2026-07-29T08:00:00.000000",22.3096294403076
"GB","2026-07-29T09:00:00.000000",22.3519020080566
"GB","2026-07-29T10:00:00.000000",22.3654632568359
"GB","2026-07-29T11:00:00.000000",22.4532871246338
"GB","2026-07-29T12:00:00.000000",22.4298496246338
"GB","2026-07-29T13:00:00.000000",22.3437328338623
"GB","2026-07-29T14:00:00.000000",22.3057041168213
"GB","2026-07-29T15:00:00.000000",22.2807464599609
"GB","2026-07-29T16:00:00.000000",22.2428798675537
"GB","2026-07-29T17:00:00.000000",22.1952285766602
"GB","2026-07-29T18:00:00.000000",22.2493915557861
"GB","2026-07-29T19:00:00.000000",22.3325691223145
"GB","2026-07-29T20:00:00.000000",22.3707141876221
"GB","2026-07-29T21:00:00.000000",22.382661819458
"GB","2026-07-29T22:00:00.000000",22.3872375488281
"GB","2026-07-29T23:00:00.000000",22.4328861236572
"GB","2026-07-30T00:00:00.000000",22.4439067840576
"GB","2026-07-30T01:00:00.000000",22.3515319824219
"GB","2026-07-30T02:00:00.000000",22.2720642089844
"GB","2026-07-30T03:00:00.000000",22.24147605896
"GB","2026-07-30T04:00:00.000000",22.1797714233398
"GB","2026-07-30T05:00:00.000000",22.1939640045166
"GB","2026-07-30T06:00:00.000000",22.3074741363525
"GB","2026-07-30T07:00:00.000000",22.3692474365234
"GB","2026-07-30T08:00:00.000000",22.3779048919678
"GB","2026-07-30T09:00:00.000000",22.3790645599365
"GB","2026-07-30T10:00:00.000000",22.3778285980225
"GB","2026-07-30T11:00:00.000000",22.4395179748535
"GB","2026-07-30T12:00:00.000000",22.5580139160156
"GB","2026-07-30T13:00:00.000000",22.4742336273193
"GB","2026-07-30T14:00:00.000000",22.4269695281982
"GB","2026-07-30T15:00:00.000000",22.4070854187012
"GB","2026-07-30T16:00:00.000000",22.3892517089844
"GB","2026-07-30T17:00:00.000000",22.3576354980469
"GB","2026-07-30T18:00:00.000000",22.3602848052979
"GB","2026-07-30T19:00:00.000000",22.3932685852051
"GB","2026-07-30T20:00:00.000000",22.4576644897461
"GB","2026-07-30T21:00:00.000000",22.4717063903809
"GB","2026-07-30T22:00:00.000000",22.4730548858643
"GB","2026-07-30T23:00:00.000000",22.4773788452148
"GB","2026-07-31T00:00:00.000000",22.5347900390625
"GB","2026-07-31T01:00:00.000000",22.5121669769287
"GB","2026-07-31T02:00:00.000000",22.4624557495117
"GB","2026-07-31T03:00:00.000000",22.4387817382812
"GB","2026-07-31T04:00:00.000000",22.4018573760986
"GB","2026-07-31T05:00:00.000000",22.336067199707
"GB","2026-07-31T06:00:00.000000",22.3656997680664
"GB","2026-07-31T07:00:00.000000",22.4173755645752
"GB","2026-07-31T08:00:00.000000",22.4930362701416
"GB","2026-07-31T09:00:00.000000",22.5002708435059
"GB","2026-07-31T10:00:00.000000",22.4980373382568
"GB","2026-07-31T11:00:00.000000",22.4803085327148
"GB","2026-07-31T12:00:00.000000",22.5664119720459
"GB","2026-07-31T13:00:00.000000",22.5210857391357
"GB","2026-07-31T14:00:00.000000",22.3978843688965
"GB","2026-07-31T15:00:00.000000",22.3088684082031
"GB","2026-07-31T16:00:00.000000",22.2313098907471
"GB","2026-07-31T17:00:00.000000",22.1486377716064
"GB","2026-07-31T18:00:00.000000",22.1894474029541
"GB","2026-07-31T19:00:00.000000",22.2770233154297
"GB","2026-07-31T20:00:00.000000",22.3693523406982
"GB","2026-07-31T21:00:00.000000",22.4066848754883
"GB","2026-07-31T22:00:00.000000",22.3947334289551
"GB","2026-07-31T23:00:00.000000",22.3739070892334
"GB","2026-08-01T00:00:00.000000",22.4161319732666
"GB","2026-08-01T01:00:00.000000",22.4261569976807
"GB","2026-08-01T02:00:00.000000",22.2689094543457
"GB","2026-08-01T03:00:00.000000",22.1295928955078
"GB","2026-08-01T04:00:00.000000",22.0251083374023
"GB","2026-08-01T05:00:00.000000",21.9379138946533
"GB","2026-08-01T06:00:00.000000",21.9292373657227
"GB","2026-08-01T07:00:00.000000",22.1358661651611
"GB","2026-08-01T08:00:00.000000",22.2295341491699
"GB","2026-08-01T09:00:00.000000",22.2626762390137
"GB","2026-08-01T10:00:00.000000",22.2426567077637
"GB","2026-08-01T11:00:00.000000",22.2234783172607
"GB","2026-08-01T12:00:00.000000",22.2639560699463
"GB","2026-08-01T13:00:00.000000",22.3601264953613
"GB","2026-08-01T14:00:00.000000",22.2913818359375
"GB","2026-08-01T15:00:00.000000",22.2605476379395
"GB","2026-08-01T16:00:00.000000",22.250581741333
"GB","2026-08-01T17:00:00.000000",22.2463111877441
"GB","2026-08-01T18:00:00.000000",22.2504615783691
"GB","2026-08-01T19:00:00.000000",22.2701454162598
"GB","2026-08-01T20:00:00.000000",22.2844505310059
"GB","2026-08-01T21:00:00.000000",22.3378925323486
"GB","2026-08-01T22:00:00.000000",22.3671035766602
"GB","2026-08-01T23:00:00.000000",22.3820362091064
"GB","2026-08-02T00:00:00.000000",22.386251449585
"GB","2026-08-02T01:00:00.000000",22.4407444000244
"GB","2026-08-02T02:00:00.000000",22.4518985748291
"GB","2026-08-02T03:00:00.000000",22.4508571624756
"GB","2026-08-02T04:00:00.000000",22.4619197845459
"GB","2026-08-02T05:00:00.000000",22.4772567749023
"GB","2026-08-02T06:00:00.000000",22.4935989379883
"GB","2026-08-02T07:00:00.000000",22.5087261199951
"GB","2026-08-02T08:00:00.000000",22.4373817443848
"GB","2026-08-02T09:00:00.000000",22.4855251312256
"GB","2026-08-02T10:00:00.000000",22.5156955718994
"GB","2026-08-02T11:00:00.000000",22.5287933349609
"GB","2026-08-02T12:00:00.000000",22.5334129333496
"GB","2026-08-02T13:00:00.000000",22.56201171875
"GB","2026-08-02T14:00:00.000000",22.5731678009033
"GB","2026-08-02T15:00:00.000000",22.5484085083008
"GB","2026-08-02T16:00:00.000000",22.5271587371826
"GB","2026-08-02T17:00:00.000000",22.5066070556641
"GB","2026-08-02T18:00:00.000000",22.4603900909424
"GB","2026-08-02T19:00:00.000000",22.4441890716553
"GB","2026-08-02T20:00:00.000000",22.4473056793213
"GB","2026-08-02T21:00:00.000000",22.5093612670898
"GB","2026-08-02T22:00:00.000000",22.5709533691406
"GB","2026-08-02T23:00:00.000000",22.588228225708
"GB","2026-08-03T00:00:00.000000",22.5992889404297
"GB","2026-08-03T01:00:00.000000",22.6248626708984
"GB","2026-08-03T02:00:00.000000",22.6560249328613
"GB","2026-08-03T03:00:00.000000",22.5619964599609
"GB","2026-08-03T04:00:00.000000",22.5014362335205
"GB","2026-08-03T05:00:00.000000",22.4660263061523
"GB","2026-08-03T06:00:00.000000",22.4291877746582
"GB","2026-08-03T07:00:00.000000",22.3804798126221
"GB","2026-08-03T08:00:00.000000",22.3912010192871
"GB","2026-08-03T09:00:00.000000",22.3988666534424
"GB","2026-08-03T10:00:00.000000",22.4229850769043
"GB","2026-08-03T11:00:00.000000",22.4294471740723
"GB","2026-08-03T12:00:00.000000",22.4253597259521
"GB","2026-08-03T13:00:00.000000",22.4202308654785
"GB","2026-08-03T14:00:00.000000",22.4468326568604
"GB","2026-08-03T15:00:00.000000",22.4124317169189
"GB","2026-08-03T16:00:00.000000",22.3921451568604
"GB","2026-08-03T17:00:00.000000",22.4181098937988
"GB","2026-08-03T18:00:00.000000",22.4592056274414
"GB","2026-08-03T19:00:00.000000",22.4976253509521
"GB","2026-08-03T20:00:00.000000",22.4860706329346
"GB","2026-08-03T21:00:00.000000",22.3471660614014
"GB","2026-08-03T22:00:00.000000",22.3723831176758
"GB","2026-08-03T23:00:00.000000",22.4171352386475
"GB","2026-08-04T00:00:00.000000",22.4332275390625
"GB","2026-08-04T01:00:00.000000",22.4453277587891
"GB","2026-08-04T02:00:00.000000",22.4636116027832
"GB","2026-08-04T03:00:00.000000",22.4814739227295
"GB","2026-08-04T04:00:00.000000",22.4821186065674
"GB","2026-08-04T05:00:00.000000",22.4826927185059
"GB","2026-08-04T06:00:00.000000",22.4825000762939
"GB","2026-08-04T07:00:00.000000",22.4884567260742
"GB","2026-08-04T08:00:00.000000",22.4868659973145
"GB","2026-08-04T09:00:00.000000",22.3021125793457
"GB","2026-08-04T10:00:00.000000",22.3173370361328
"GB","2026-08-04T11:00:00.000000",22.4116859436035
"GB","2026-08-04T12:00:00.000000",22.4347801208496
"GB","2026-08-04T13:00:00.000000",22.439453125
"GB","2026-08-04T14:00:00.000000",22.4465637207031
"GB","2026-08-04T15:00:00.000000",22.5010185241699
"GB","2026-08-04T16:00:00.000000",22.48779296875
"GB","2026-08-04T17:00:00.000000",22.4724636077881
"GB","2026-08-04T18:00:00.000000",22.4610919952393
"GB","2026-08-04T19:00:00.000000",22.4465522766113
"GB","2026-08-04T20:00:00.000000",22.4048099517822
"GB","2026-08-04T21:00:00.000000",22.3480987548828
"GB","2026-08-04T22:00:00.000000",22.3035011291504
"GB","2026-08-04T23:00:00.000000",22.4288806915283
"GB","2026-08-05T00:00:00.000000",22.4756984710693
"GB","2026-08-05T01:00:00.000000",22.4937477111816
"GB","2026-08-05T02:00:00.000000",22.4993705749512
"GB","2026-08-05T03:00:00.000000",22.562967300415
"GB","2026-08-05T04:00:00.000000",22.5533409118652
"GB","2026-08-05T05:00:00.000000",22.4940872192383
"GB","2026-08-05T06:00:00.000000",22.4653549194336
"GB","2026-08-05T07:00:00.000000",22.4495506286621
"GB","2026-08-05T08:00:00.000000",22.4421977996826
"GB","2026-08-05T09:00:00.000000",22.4196395874023
"GB","2026-08-05T10:00:00.000000",22.3316669464111
"GB","2026-08-05T11:00:00.000000",22.3710918426514
"GB","2026-08-05T12:00:00.000000",22.4051322937012
"GB","2026-08-05T13:00:00.000000",22.4177589416504
"GB","2026-08-05T14:00:00.000000",22.4274806976318
"GB","2026-08-05T15:00:00.000000",22.4306755065918
"GB","2026-08-05T16:00:00.000000",22.5024490356445
"GB","2026-08-05T17:00:00.000000",22.4658985137939
"GB","2026-08-05T18:00:00.000000",22.4340229034424
"GB","2026-08-05T19:00:00.000000",22.4160499572754
"GB","2026-08-05T20:00:00.000000",22.4103527069092
"GB","2026-08-05T21:00:00.000000",22.3907623291016
"GB","2026-08-05T22:00:00.000000",22.360221862793
"GB","2026-08-05T23:00:00.000000",22.3576812744141
"GB","2026-08-06T00:00:00.000000",22.4224758148193
"LI","2026-07-29T00:00:00.000000",23.4207725524902
"LI","2026-07-29T01:00:00.000000",23.4171600341797
"LI","2026-07-29T02:00:00.000000",23.3990230560303
"LI","2026-07-29T03:00:00.000000",23.3569393157959
"LI","2026-07-29T04:00:00.000000",23.3149032592773
"LI","2026-07-29T05:00:00.000000",23.3010368347168
"LI","2026-07-29T06:00:00.000000",23.2717170715332
"LI","2026-07-29T07:00:00.000000",23.2572345733643
"LI","2026-07-29T08:00:00.000000",23.2589168548584
"LI","2026-07-29T09:00:00.000000",23.2495765686035
"LI","2026-07-29T10:00:00.000000",23.2584438323975
"LI","2026-07-29T11:00:00.000000",23.2556037902832
"LI","2026-07-29T12:00:00.000000",23.2514705657959
"LI","2026-07-29T13:00:00.000000",23.2553806304932
"LI","2026-07-29T14:00:00.000000",23.2602615356445
"LI","2026-07-29T15:00:00.000000",23.2812080383301
"LI","2026-07-29T16:00:00.000000",23.3396816253662
"LI","2026-07-29T17:00:00.000000",23.3596363067627
"LI","2026-07-29T18:00:00.000000",23.2822532653809
"LI","2026-07-29T19:00:00.000000",23.1898498535156
"LI","2026-07-29T20:00:00.000000",23.1514492034912
"LI","2026-07-29T21:00:00.000000",23.143705368042
"LI","2026-07-29T22:00:00.000000",23.1378479003906
"LI","2026-07-29T23:00:00.000000",23.1324863433838
"LI","2026-07-30T00:00:00.000000",23.126672744751
"LI","2026-07-30T01:00:00.000000",23.1320953369141
"LI","2026-07-30T02:00:00.000000",23.1558475494385
"LI","2026-07-30T03:00:00.000000",23.1908264160156
"LI","2026-07-30T04:00:00.000000",23.2128925323486
"LI","2026-07-30T05:00:00.000000",23.2211780548096
"LI","2026-07-30T06:00:00.000000",23.2094612121582
"LI","2026-07-30T07:00:00.000000",23.1826877593994
"LI","2026-07-30T08:00:00.000000",23.1906471252441
"LI","2026-07-30T09:00:00.000000",23.1025886535645
"LI","2026-07-30T10:00:00.000000",23.0951957702637
"LI","2026-07-30T11:00:00.000000",23.120849609375
"LI","2026-07-30T12:00:00.000000",23.1138725280762
"LI","2026-07-30T13:00:00.000000",23.1060371398926
"LI","2026-07-30T14:00:00.000000",23.1012172698975
"LI","2026-07-30T15:00:00.000000",23.1050472259521
"LI","2026-07-30T16:00:00.000000",23.1268329620361
"LI","2026-07-30T17:00:00.000000",23.1436500549316
"LI","2026-07-30T18:00:00.000000",23.1392631530762
"LI","2026-07-30T19:00:00.000000",23.0651016235352
"LI","2026-07-30T20:00:00.000000",23.0560493469238
"LI","2026-07-30T21:00:00.000000",23.0590038299561
"LI","2026-07-30T22:00:00.000000",23.0621089935303
"LI","2026-07-30T23:00:00.000000",23.0595531463623
"LI","2026-07-31T00:00:00.000000",23.0477600097656
"LI","2026-07-31T01:00:00.000000",23.0405464172363
"LI","2026-07-31T02:00:00.000000",23.0303840637207
"LI","2026-07-31T03:00:00.000000",23.0203914642334
"LI","2026-07-31T04:00:00.000000",23.0208320617676
"LI","2026-07-31T05:00:00.000000",23.042573928833
"LI","2026-07-31T06:00:00.000000",23.0532264709473
"LI","2026-07-31T07:00:00.000000",23.0285758972168
"LI","2026-07-31T08:00:00.000000",23.0182571411133
"LI","2026-07-31T09:00:00.000000",23.0210990905762
"LI","2026-07-31T10:00:00.000000",23.0168514251709
"LI","2026-07-31T11:00:00.000000",23.0391788482666
"LI","2026-07-31T12:00:00.000000",23.0496883392334
"LI","2026-07-31T13:00:00.000000",23.0422401428223
"LI","2026-07-31T14:00:00.000000",23.0250816345215
"LI","2026-07-31T15:00:00.000000",23.0165863037109
"LI","2026-07-31T16:00:00.000000",23.023717880249
"LI","2026-07-31T17:00:00.000000",23.066385269165
"LI","2026-07-31T18:00:00.000000",23.0728378295898
"LI","2026-07-31T19:00:00.000000",23.0724086761475
"LI","2026-07-31T20:00:00.000000",23.0588912963867
"LI","2026-07-31T21:00:00.000000",23.0653419494629
"LI","2026-07-31T22:00:00.000000",23.0609893798828
"LI","2026-07-31T23:00:00.000000",22.9820613861084
"LI","2026-08-01T00:00:00.000000",22.8996562957764
"LI","2026-08-01T01:00:00.000000",22.8671951293945
"LI","2026-08-01T02:00:00.000000",22.8694629669189
"LI","2026-08-01T03:00:00.000000",22.8934841156006
"LI","2026-08-01T04:00:00.000000",22.9537773132324
"LI","2026-08-01T05:00:00.000000",23.0445423126221
"LI","2026-08-01T06:00:00.000000",23.0660457611084
"LI","2026-08-01T07:00:00.000000",23.06396484375
"LI","2026-08-01T08:00:00.000000",22.9474296569824
"LI","2026-08-01T09:00:00.000000",22.8765754699707
"LI","2026-08-01T10:00:00.000000",22.8586235046387
"LI","2026-08-01T11:00:00.000000",22.8393459320068
"LI","2026-08-01T12:00:00.000000",22.838924407959
"LI","2026-08-01T13:00:00.000000",22.846923828125
"LI","2026-08-01T14:00:00.000000",22.8531513214111
"LI","2026-08-01T15:00:00.000000",22.8616180419922
"LI","2026-08-01T16:00:00.000000",22.8664398193359
"LI","2026-08-01T17:00:00.000000",22.8707904815674
"LI","2026-08-01T18:00:00.000000",22.9158535003662
"LI","2026-08-01T19:00:00.000000",22.9501285552979
"LI","2026-08-01T20:00:00.000000",22.9038410186768
"LI","2026-08-01T21:00:00.000000",22.9071426391602
"LI","2026-08-01T22:00:00.000000",22.9327297210693
"LI","2026-08-01T23:00:00.000000",22.9994869232178
"LI","2026-08-02T00:00:00.000000",23.0442066192627
"LI","2026-08-02T01:00:00.000000",23.0518074035645
"LI","2026-08-02T02:00:00.000000",23.0543308258057
"LI","2026-08-02T03:00:00.000000",23.0548667907715
"LI","2026-08-02T04:00:00.000000",23.0548114776611
"LI","2026-08-02T05:00:00.000000",23.0457077026367
"LI","2026-08-02T06:00:00.000000",23.032341003418
"LI","2026-08-02T07:00:00.000000",23.0263767242432
"LI","2026-08-02T08:00:00.000000",23.0245761871338
"LI","2026-08-02T09:00:00.000000",23.0002422332764
"LI","2026-08-02T10:00:00.000000",23.0027465820312
"LI","2026-08-02T11:00:00.000000",23.0026397705078
"LI","2026-08-02T12:00:00.000000",23.0565986633301
"LI","2026-08-02T13:00:00.000000",23.0791854858398
"LI","2026-08-02T14:00:00.000000",23.0850200653076
"LI","2026-08-02T15:00:00.000000",23.0872249603271
"LI","2026-08-02T16:00:00.000000",23.0906066894531
"LI","2026-08-02T17:00:00.000000",23.0910530090332
"LI","2026-08-02T18:00:00.000000",23.0934638977051
"LI","2026-08-02T19:00:00.000000",23.0950546264648
"LI","2026-08-02T20:00:00.000000",23.0989036560059
"LI","2026-08-02T21:00:00.000000",23.0815544128418
"LI","2026-08-02T22:00:00.000000",23.086706161499
"LI","2026-08-02T23:00:00.000000",23.1227111816406
"LI","2026-08-03T00:00:00.000000",23.213321685791
"LI","2026-08-03T01:00:00.000000",23.2636909484863
"LI","2026-08-03T02:00:00.000000",23.2612590789795
"LI","2026-08-03T03:00:00.000000",23.2395687103271
"LI","2026-08-03T04:00:00.000000",23.1925487518311
"LI","2026-08-03T05:00:00.000000",23.1771430969238
"LI","2026-08-03T06:00:00.000000",23.1769180297852
"LI","2026-08-03T07:00:00.000000",23.1772785186768
"LI","2026-08-03T08:00:00.000000",23.1749439239502
"LI","2026-08-03T09:00:00.000000",23.0745887756348
"LI","2026-08-03T10:00:00.000000",22.9578456878662
"LI","2026-08-03T11:00:00.000000",22.7332000732422
"LI","2026-08-03T12:00:00.000000",22.7229843139648
"LI","2026-08-03T13:00:00.000000",22.7462959289551
"LI","2026-08-03T14:00:00.000000",22.7441997528076
"LI","2026-08-03T15:00:00.000000",22.7217617034912
"LI","2026-08-03T16:00:00.000000",22.7263336181641
"LI","2026-08-03T17:00:00.000000",22.7469272613525
"LI","2026-08-03T18:00:00.000000",22.7605667114258
"LI","2026-08-03T19:00:00.000000",22.7644176483154
"LI","2026-08-03T20:00:00.000000",22.7684001922607
"LI","2026-08-03T21:00:00.000000",22.65993309021
"LI","2026-08-03T22:00:00.000000",22.6478061676025
"LI","2026-08-03T23:00:00.000000",22.6492080688477
"LI","2026-08-04T00:00:00.000000",22.6615085601807
"LI","2026-08-04T01:00:00.000000",22.6925582885742
"LI","2026-08-04T02:00:00.000000",22.7538375854492
"LI","2026-08-04T03:00:00.000000",22.7902603149414
"LI","2026-08-04T04:00:00.000000",22.8016376495361
"LI","2026-08-04T05:00:00.000000",22.7930335998535
"LI","2026-08-04T06:00:00.000000",22.7778549194336
"LI","2026-08-04T07:00:00.000000",22.7735176086426
"LI","2026-08-04T08:00:00.000000",22.7737159729004
"LI","2026-08-04T09:00:00.000000",22.7736148834229
"LI","2026-08-04T10:00:00.000000",22.7352237701416
"LI","2026-08-04T11:00:00.000000",22.7372798919678
"LI","2026-08-04T12:00:00.000000",22.7389030456543
"LI","2026-08-04T13:00:00.000000",22.8721103668213
"LI","2026-08-04T14:00:00.000000",23.072904586792
"LI","2026-08-04T15:00:00.000000",23.0972080230713
"LI","2026-08-04T16:00:00.000000",23.1024703979492
"LI","2026-08-04T17:00:00.000000",23.0732288360596
"LI","2026-08-04T18:00:00.000000",22.9484310150146
"LI","2026-08-04T19:00:00.000000",22.9450340270996
"LI","2026-08-04T20:00:00.000000",22.9456119537354
"LI","2026-08-04T21:00:00.000000",22.9450645446777
"LI","2026-08-04T22:00:00.000000",22.9614505767822
"LI","2026-08-04T23:00:00.000000",22.9878063201904
"LI","2026-08-05T00:00:00.000000",23.010913848877
"LI","2026-08-05T01:00:00.000000",23.014554977417
"LI","2026-08-05T02:00:00.000000",23.0985012054443
"LI","2026-08-05T03:00:00.000000",23.1152667999268
"LI","2026-08-05T04:00:00.000000",23.10422706604
"LI","2026-08-05T05:00:00.000000",23.1021289825439
"LI","2026-08-05T06:00:00.000000",23.1027355194092
"LI","2026-08-05T07:00:00.000000",23.0887069702148
"LI","2026-08-05T08:00:00.000000",23.0838603973389
"LI","2026-08-05T09:00:00.000000",23.0821514129639
"LI","2026-08-05T10:00:00.000000",22.9862613677979
"LI","2026-08-05T11:00:00.000000",22.8932857513428
"LI","2026-08-05T12:00:00.000000",22.9299507141113
"LI","2026-08-05T13:00:00.000000",23.0108661651611
"LI","2026-08-05T14:00:00.000000",23.0714092254639
"LI","2026-08-05T15:00:00.000000",23.1363830566406
"LI","2026-08-05T16:00:00.000000",23.1199913024902
"LI","2026-08-05T17:00:00.000000",23.0556221008301
"LI","2026-08-05T18:00:00.000000",23.0356273651123
"LI","2026-08-05T19:00:00.000000",23.0386638641357
"LI","2026-08-05T20:00:00.000000",23.0528736114502
"LI","2026-08-05T21:00:00.000000",23.075891494751
"LI","2026-08-05T22:00:00.000000",23.0815544128418
"LI","2026-08-05T23:00:00.000000",23.0189247131348
"LI","2026-08-06T00:00:00.000000",23.0190582275391
"OB","2026-07-29T00:00:00.000000",21.319730758667
"OB","2026-07-29T01:00:00.000000",21.3201313018799
"OB","2026-07-29T02:00:00.000000",21.3096084594727
"OB","2026-07-29T03:00:00.000000",21.2874774932861
"OB","2026-07-29T04:00:00.000000",21.2691974639893
"OB","2026-07-29T05:00:00.000000",21.2608852386475
"OB","2026-07-29T06:00:00.000000",21.2467594146729
"OB","2026-07-29T07:00:00.000000",21.2243595123291
"OB","2026-07-29T08:00:00.000000",21.2101879119873
"OB","2026-07-29T09:00:00.000000",21.1870536804199
"OB","2026-07-29T10:00:00.000000",21.1818046569824
"OB","2026-07-29T11:00:00.000000",21.1806144714355
"OB","2026-07-29T12:00:00.000000",21.1872520446777
"OB","2026-07-29T13:00:00.000000",21.1986293792725
"OB","2026-07-29T14:00:00.000000",21.2028636932373
"OB","2026-07-29T15:00:00.000000",21.2014579772949
"OB","2026-07-29T16:00:00.000000",21.2093563079834
"OB","2026-07-29T17:00:00.000000",21.23122215271
"OB","2026-07-29T18:00:00.000000",21.272632598877
"OB","2026-07-29T19:00:00.000000",21.2925205230713
"OB","2026-07-29T20:00:00.000000",21.2879314422607
"OB","2026-07-29T21:00:00.000000",21.2890453338623
"OB","2026-07-29T22:00:00.000000",21.2831077575684
"OB","2026-07-29T23:00:00.000000",21.274959564209
"OB","2026-07-30T00:00:00.000000",21.2689151763916
"OB","2026-07-30T01:00:00.000000",21.2629070281982
"OB","2026-07-30T02:00:00.000000",21.2553310394287
"OB","2026-07-30T03:00:00.000000",21.2475852966309
"OB","2026-07-30T04:00:00.000000",21.2499866485596
"OB","2026-07-30T05:00:00.000000",21.2529678344727
"OB","2026-07-30T06:00:00.000000",21.2459239959717
"OB","2026-07-30T07:00:00.000000",21.2313766479492
"OB","2026-07-30T08:00:00.000000",21.2171478271484
"OB","2026-07-30T09:00:00.000000",21.2028388977051
"OB","2026-07-30T10:00:00.000000",21.1975994110107
"OB","2026-07-30T11:00:00.000000",21.1948871612549
"OB","2026-07-30T12:00:00.000000",21.2084369659424
"OB","2026-07-30T13:00:00.000000",21.2193374633789
"OB","2026-07-30T14:00:00.000000",21.2027187347412
"OB","2026-07-30T15:00:00.000000",20.947437286377
"OB","2026-07-30T16:00:00.000000",20.6588840484619
"OB","2026-07-30T17:00:00.000000",20.5105533599854
"OB","2026-07-30T18:00:00.000000",20.444938659668
"OB","2026-07-30T19:00:00.000000",20.4361228942871
"OB","2026-07-30T20:00:00.000000",20.4079914093018
"OB","2026-07-30T21:00:00.000000",20.3834495544434
"OB","2026-07-30T22:00:00.000000",20.3875751495361
"OB","2026-07-30T23:00:00.000000",20.3673419952393
"OB","2026-07-31T00:00:00.000000",20.3754787445068
"OB","2026-07-31T01:00:00.000000",20.2830467224121
"OB","2026-07-31T02:00:00.000000",19.7838954925537
"OB","2026-07-31T03:00:00.000000",19.3207931518555
"OB","2026-07-31T04:00:00.000000",19.1466655731201
"OB","2026-07-31T05:00:00.000000",19.0892848968506
"OB","2026-07-31T06:00:00.000000",19.1362323760986
"OB","2026-07-31T07:00:00.000000",19.1993827819824
"OB","2026-07-31T08:00:00.000000",19.1968383789062
"OB","2026-07-31T09:00:00.000000",19.2239589691162
"OB","2026-07-31T10:00:00.000000",19.2857093811035
"OB","2026-07-31T11:00:00.000000",19.3692092895508
"OB","2026-07-31T12:00:00.000000",19.4664058685303
"OB","2026-07-31T13:00:00.000000",19.5382213592529
"OB","2026-07-31T14:00:00.000000",19.408239364624
"OB","2026-07-31T15:00:00.000000",19.169713973999
"OB","2026-07-31T16:00:00.000000",19.0467967987061
"OB","2026-07-31T17:00:00.000000",18.9767875671387
"OB","2026-07-31T18:00:00.000000",18.9470634460449
"OB","2026-07-31T19:00:00.000000",18.9234161376953
"OB","2026-07-31T20:00:00.000000",18.9038600921631
"OB","2026-07-31T21:00:00.000000",18.9163417816162
"OB","2026-07-31T22:00:00.000000",18.9759769439697
"OB","2026-07-31T23:00:00.000000",19.0819530487061
"OB","2026-08-01T00:00:00.000000",19.2070121765137
"OB","2026-08-01T01:00:00.000000",19.3657360076904
"OB","2026-08-01T02:00:00.000000",19.4808921813965
"OB","2026-08-01T03:00:00.000000",19.5033912658691
"OB","2026-08-01T04:00:00.000000",19.4541473388672
"OB","2026-08-01T05:00:00.000000",19.4070510864258
"OB","2026-08-01T06:00:00.000000",19.3360862731934
"OB","2026-08-01T07:00:00.000000",19.3094291687012
"OB","2026-08-01T08:00:00.000000",19.3145866394043
"OB","2026-08-01T09:00:00.000000",19.3250637054443
"OB","2026-08-01T10:00:00.000000",19.3301181793213
"OB","2026-08-01T11:00:00.000000",19.3330917358398
"OB","2026-08-01T12:00:00.000000",19.3702182769775
"OB","2026-08-01T13:00:00.000000",19.4347095489502
"OB","2026-08-01T14:00:00.000000",19.540563583374
"OB","2026-08-01T15:00:00.000000",19.5872192382812
"OB","2026-08-01T16:00:00.000000",19.6230754852295
"OB","2026-08-01T17:00:00.000000",19.769416809082
"OB","2026-08-01T18:00:00.000000",19.9925556182861
"OB","2026-08-01T19:00:00.000000",20.0056438446045
"OB","2026-08-01T20:00:00.000000",19.9850540161133
"OB","2026-08-01T21:00:00.000000",19.9757289886475
"OB","2026-08-01T22:00:00.000000",19.9690704345703
"OB","2026-08-01T23:00:00.000000",19.9709281921387
"OB","2026-08-02T00:00:00.000000",19.969165802002
"OB","2026-08-02T01:00:00.000000",19.9738464355469
"OB","2026-08-02T02:00:00.000000",19.9587688446045
"OB","2026-08-02T03:00:00.000000",19.9353446960449
"OB","2026-08-02T04:00:00.000000",19.9111652374268
"OB","2026-08-02T05:00:00.000000",19.8943424224854
"OB","2026-08-02T06:00:00.000000",19.8673877716064
"OB","2026-08-02T07:00:00.000000",19.851936340332
"OB","2026-08-02T08:00:00.000000",19.8419704437256
"OB","2026-08-02T09:00:00.000000",19.830135345459
"OB","2026-08-02T10:00:00.000000",19.824068069458
"OB","2026-08-02T11:00:00.000000",19.8182392120361
"OB","2026-08-02T12:00:00.000000",19.8121852874756
"OB","2026-08-02T13:00:00.000000",19.8161659240723
"OB","2026-08-02T14:00:00.000000",19.8440093994141
"OB","2026-08-02T15:00:00.000000",19.8907699584961
"OB","2026-08-02T16:00:00.000000",19.9169216156006
"OB","2026-08-02T17:00:00.000000",19.9438972473145
"OB","2026-08-02T18:00:00.000000",19.9898624420166
"OB","2026-08-02T19:00:00.000000",20.005407333374
"OB","2026-08-02T20:00:00.000000",19.9860305786133
"OB","2026-08-02T21:00:00.000000",19.9791393280029
"OB","2026-08-02T22:00:00.000000",19.9776477813721
"OB","2026-08-02T23:00:00.000000",19.9782981872559
"OB","2026-08-03T00:00:00.000000",19.9709854125977
"OB","2026-08-03T01:00:00.000000",19.9725914001465
"OB","2026-08-03T02:00:00.000000",19.9715747833252
"OB","2026-08-03T03:00:00.000000",19.9992065429688
"OB","2026-08-03T04:00:00.000000",19.9896144866943
"OB","2026-08-03T05:00:00.000000",19.9499244689941
"OB","2026-08-03T06:00:00.000000",19.9232234954834
"OB","2026-08-03T07:00:00.000000",19.9130344390869
"OB","2026-08-03T08:00:00.000000",19.9043445587158
"OB","2026-08-03T09:00:00.000000",19.7610130310059
"OB","2026-08-03T10:00:00.000000",19.6836166381836
"OB","2026-08-03T11:00:00.000000",19.6264305114746
"OB","2026-08-03T12:00:00.000000",19.6330623626709
"OB","2026-08-03T13:00:00.000000",19.6107997894287
"OB","2026-08-03T14:00:00.000000",19.4652633666992
"OB","2026-08-03T15:00:00.000000",19.1740417480469
"OB","2026-08-03T16:00:00.000000",18.9291515350342
"OB","2026-08-03T17:00:00.000000",18.9396877288818
"OB","2026-08-03T18:00:00.000000",18.9015846252441
"OB","2026-08-03T19:00:00.000000",18.8922672271729
"OB","2026-08-03T20:00:00.000000",18.9197101593018
"OB","2026-08-03T21:00:00.000000",18.9676780700684
"OB","2026-08-03T22:00:00.000000",19.0150947570801
"OB","2026-08-03T23:00:00.000000",19.0114574432373
"OB","2026-08-04T00:00:00.000000",18.9842491149902
"OB","2026-08-04T01:00:00.000000",18.9403247833252
"OB","2026-08-04T02:00:00.000000",18.9856376647949
"OB","2026-08-04T03:00:00.000000",18.9747257232666
"OB","2026-08-04T04:00:00.000000",18.9806480407715
"OB","2026-08-04T05:00:00.000000",19.0306777954102
"OB","2026-08-04T06:00:00.000000",19.0692024230957
"OB","2026-08-04T07:00:00.000000",19.0868911743164
"OB","2026-08-04T08:00:00.000000",19.1105899810791
"OB","2026-08-04T09:00:00.000000",19.1172199249268
"OB","2026-08-04T10:00:00.000000",19.1238498687744
"OB","2026-08-04T11:00:00.000000",19.1243934631348
"OB","2026-08-04T12:00:00.000000",19.1233234405518
"OB","2026-08-04T13:00:00.000000",19.1342105865479
"OB","2026-08-04T14:00:00.000000",19.1327610015869
"OB","2026-08-04T15:00:00.000000",19.131233215332
"OB","2026-08-04T16:00:00.000000",19.1195869445801
"OB","2026-08-04T17:00:00.000000",19.0822124481201
"OB","2026-08-04T18:00:00.000000",19.0296764373779
"OB","2026-08-04T19:00:00.000000",18.9901008605957
"OB","2026-08-04T20:00:00.000000",18.9941520690918
"OB","2026-08-04T21:00:00.000000",19.0267734527588
"OB","2026-08-04T22:00:00.000000",19.0786247253418
"OB","2026-08-04T23:00:00.000000",19.1712436676025
"OB","2026-08-05T00:00:00.000000",19.1755123138428
"OB","2026-08-05T01:00:00.000000",19.1757793426514
"OB","2026-08-05T02:00:00.000000",19.1615009307861
"OB","2026-08-05T03:00:00.000000",19.1502895355225
"OB","2026-08-05T04:00:00.000000",19.1604404449463
"OB","2026-08-05T05:00:00.000000",19.1954154968262
"OB","2026-08-05T06:00:00.000000",19.1412124633789
"OB","2026-08-05T07:00:00.000000",19.04833984375
"OB","2026-08-05T08:00:00.000000",18.9745330810547
"OB","2026-08-05T09:00:00.000000",18.9319610595703
"OB","2026-08-05T10:00:00.000000",18.9121913909912
"OB","2026-08-05T11:00:00.000000",18.9108142852783
"OB","2026-08-05T12:00:00.000000",18.9208393096924
"OB","2026-08-05T13:00:00.000000",18.9346752166748
"OB","2026-08-05T14:00:00.000000",18.9319515228271
"OB","2026-08-05T15:00:00.000000",18.9433174133301
"OB","2026-08-05T16:00:00.000000",18.9657669067383
"OB","2026-08-05T17:00:00.000000",18.9749622344971
"OB","2026-08-05T18:00:00.000000",18.9649467468262
"OB","2026-08-05T19:00:00.000000",18.961353302002
"OB","2026-08-05T20:00:00.000000",18.9537963867188
"OB","2026-08-05T21:00:00.000000",18.9474468231201
"OB","2026-08-05T22:00:00.000000",18.9203681945801
"OB","2026-08-05T23:00:00.000000",18.9307022094727
"OB","2026-08-06T00:00:00.000000",18.9380836486816
"WC","2026-07-29T00:00:00.000000",23.1504516601562
"WC","2026-07-29T01:00:00.000000",23.1623821258545
"WC","2026-07-29T02:00:00.000000",23.1611366271973
"WC","2026-07-29T03:00:00.000000",23.13356590271
"WC","2026-07-29T04:00:00.000000",22.9239673614502
"WC","2026-07-29T05:00:00.000000",22.7840595245361
"WC","2026-07-29T06:00:00.000000",22.6692314147949
"WC","2026-07-29T07:00:00.000000",22.5780143737793
"WC","2026-07-29T08:00:00.000000",22.4572563171387
"WC","2026-07-29T09:00:00.000000",22.4887504577637
"WC","2026-07-29T10:00:00.000000",22.7993049621582
"WC","2026-07-29T11:00:00.000000",23.0016117095947
"WC","2026-07-29T12:00:00.000000",23.0480861663818
"WC","2026-07-29T13:00:00.000000",23.0502643585205
"WC","2026-07-29T14:00:00.000000",23.0405311584473
"WC","2026-07-29T15:00:00.000000",23.0404663085938
"WC","2026-07-29T16:00:00.000000",23.0317821502686
"WC","2026-07-29T17:00:00.000000",22.8655071258545
"WC","2026-07-29T18:00:00.000000",22.7297859191895
"WC","2026-07-29T19:00:00.000000",22.6676063537598
"WC","2026-07-29T20:00:00.000000",22.6286811828613
"WC","2026-07-29T21:00:00.000000",22.6121978759766
"WC","2026-07-29T22:00:00.000000",22.8028564453125
"WC","2026-07-29T23:00:00.000000",23.0094432830811
"WC","2026-07-30T00:00:00.000000",23.0525226593018
"WC","2026-07-30T01:00:00.000000",23.0699424743652
"WC","2026-07-30T02:00:00.000000",23.0659122467041
"WC","2026-07-30T03:00:00.000000",23.0565795898438
"WC","2026-07-30T04:00:00.000000",22.9934387207031
"WC","2026-07-30T05:00:00.000000",22.8398914337158
"WC","2026-07-30T06:00:00.000000",22.7467021942139
"WC","2026-07-30T07:00:00.000000",22.6761665344238
"WC","2026-07-30T08:00:00.000000",22.5923233032227
"WC","2026-07-30T09:00:00.000000",22.5490684509277
"WC","2026-07-30T10:00:00.000000",22.5794296264648
"WC","2026-07-30T11:00:00.000000",22.8599090576172
"WC","2026-07-30T12:00:00.000000",22.9476318359375
"WC","2026-07-30T13:00:00.000000",22.9599914550781
"WC","2026-07-30T14:00:00.000000",22.9521064758301
"WC","2026-07-30T15:00:00.000000",22.9522647857666
"WC","2026-07-30T16:00:00.000000",22.95627784729
"WC","2026-07-30T17:00:00.000000",22.8812408447266
"WC","2026-07-30T18:00:00.000000",22.7270927429199
"WC","2026-07-30T19:00:00.000000",22.6475219726562
"WC","2026-07-30T20:00:00.000000",22.5366725921631
"WC","2026-07-30T21:00:00.000000",22.4556941986084
"WC","2026-07-30T22:00:00.000000",22.4872856140137
"WC","2026-07-30T23:00:00.000000",22.8144664764404
"WC","2026-07-31T00:00:00.000000",22.9613342285156
"WC","2026-07-31T01:00:00.000000",22.9823360443115
"WC","2026-07-31T02:00:00.000000",22.9796733856201
"WC","2026-07-31T03:00:00.000000",22.9728488922119
"WC","2026-07-31T04:00:00.000000",22.9613876342773
"WC","2026-07-31T05:00:00.000000",22.813793182373
"WC","2026-07-31T06:00:00.000000",22.5928173065186
"WC","2026-07-31T07:00:00.000000",22.4091892242432
"WC","2026-07-31T08:00:00.000000",22.056676864624
"WC","2026-07-31T09:00:00.000000",21.7639713287354
"WC","2026-07-31T10:00:00.000000",21.8004856109619
"WC","2026-07-31T11:00:00.000000",22.5705814361572
"WC","2026-07-31T12:00:00.000000",22.8608551025391
"WC","2026-07-31T13:00:00.000000",22.8871192932129
"WC","2026-07-31T14:00:00.000000",22.8990745544434
"WC","2026-07-31T15:00:00.000000",22.907751083374
"WC","2026-07-31T16:00:00.000000",22.9018783569336
"WC","2026-07-31T17:00:00.000000",22.8261184692383
"WC","2026-07-31T18:00:00.000000",22.477029800415
"WC","2026-07-31T19:00:00.000000",22.2976036071777
"WC","2026-07-31T20:00:00.000000",22.0867004394531
"WC","2026-07-31T21:00:00.000000",21.8875999450684
"WC","2026-07-31T22:00:00.000000",21.8257732391357
"WC","2026-07-31T23:00:00.000000",22.2972354888916
"WC","2026-08-01T00:00:00.000000",22.7620906829834
"WC","2026-08-01T01:00:00.000000",22.8158359527588
"WC","2026-08-01T02:00:00.000000",22.8396492004395
"WC","2026-08-01T03:00:00.000000",22.85107421875
"WC","2026-08-01T04:00:00.000000",22.8495273590088
"WC","2026-08-01T05:00:00.000000",22.7812423706055
"WC","2026-08-01T06:00:00.000000",22.4610977172852
"WC","2026-08-01T07:00:00.000000",22.3189105987549
"WC","2026-08-01T08:00:00.000000",22.1160507202148
"WC","2026-08-01T09:00:00.000000",21.9307136535645
"WC","2026-08-01T10:00:00.000000",21.8059749603271
"WC","2026-08-01T11:00:00.000000",22.0096168518066
"WC","2026-08-01T12:00:00.000000",22.6367568969727
"WC","2026-08-01T13:00:00.000000",22.8500862121582
"WC","2026-08-01T14:00:00.000000",22.886791229248
"WC","2026-08-01T15:00:00.000000",22.8971309661865
"WC","2026-08-01T16:00:00.000000",22.8956966400146
"WC","2026-08-01T17:00:00.000000",22.8638134002686
"WC","2026-08-01T18:00:00.000000",22.6564350128174
"WC","2026-08-01T19:00:00.000000",22.4609527587891
"WC","2026-08-01T20:00:00.000000",22.3538722991943
"WC","2026-08-01T21:00:00.000000",22.2113933563232
"WC","2026-08-01T22:00:00.000000",22.0949020385742
"WC","2026-08-01T23:00:00.000000",22.1398677825928
"WC","2026-08-02T00:00:00.000000",22.6757736206055
"WC","2026-08-02T01:00:00.000000",22.938362121582
"WC","2026-08-02T02:00:00.000000",22.9251804351807
"WC","2026-08-02T03:00:00.000000",22.9156188964844
"WC","2026-08-02T04:00:00.000000",22.9095478057861
"WC","2026-08-02T05:00:00.000000",22.8673343658447
"WC","2026-08-02T06:00:00.000000",22.7929782867432
"WC","2026-08-02T07:00:00.000000",22.5703582763672
"WC","2026-08-02T08:00:00.000000",22.460054397583
"WC","2026-08-02T09:00:00.000000",22.304443359375
"WC","2026-08-02T10:00:00.000000",22.188138961792
"WC","2026-08-02T11:00:00.000000",22.1617126464844
"WC","2026-08-02T12:00:00.000000",22.4919929504395
"WC","2026-08-02T13:00:00.000000",22.8668994903564
"WC","2026-08-02T14:00:00.000000",22.9115543365479
"WC","2026-08-02T15:00:00.000000",22.9198894500732
"WC","2026-08-02T16:00:00.000000",22.9357089996338
"WC","2026-08-02T17:00:00.000000",22.9241313934326
"WC","2026-08-02T18:00:00.000000",22.8707885742188
"WC","2026-08-02T19:00:00.000000",22.6773872375488
"WC","2026-08-02T20:00:00.000000",22.5522804260254
"WC","2026-08-02T21:00:00.000000",22.448657989502
"WC","2026-08-02T22:00:00.000000",22.3273792266846
"WC","2026-08-02T23:00:00.000000",22.2295322418213
"WC","2026-08-03T00:00:00.000000",22.398588180542
"WC","2026-08-03T01:00:00.000000",22.9220390319824
"WC","2026-08-03T02:00:00.000000",23.0157127380371
"WC","2026-08-03T03:00:00.000000",23.020975112915
"WC","2026-08-03T04:00:00.000000",23.0037422180176
"WC","2026-08-03T05:00:00.000000",22.9852714538574
"WC","2026-08-03T06:00:00.000000",22.9657402038574
"WC","2026-08-03T07:00:00.000000",22.8271007537842
"WC","2026-08-03T08:00:00.000000",22.5874881744385
"WC","2026-08-03T09:00:00.000000",22.5040626525879
"WC","2026-08-03T10:00:00.000000",22.371057510376
"WC","2026-08-03T11:00:00.000000",22.2790603637695
"WC","2026-08-03T12:00:00.000000",22.2286987304688
"WC","2026-08-03T13:00:00.000000",22.4921722412109
"WC","2026-08-03T14:00:00.000000",22.6397876739502
"WC","2026-08-03T15:00:00.000000",22.6668605804443
"WC","2026-08-03T16:00:00.000000",22.6683025360107
"WC","2026-08-03T17:00:00.000000",22.6761264801025
"WC","2026-08-03T18:00:00.000000",22.6879177093506
"WC","2026-08-03T19:00:00.000000",22.647066116333
"WC","2026-08-03T20:00:00.000000",22.4528198242188
"WC","2026-08-03T21:00:00.000000",22.3483753204346
"WC","2026-08-03T22:00:00.000000",22.2190189361572
"WC","2026-08-03T23:00:00.000000",22.1329460144043
"WC","2026-08-04T00:00:00.000000",22.0468425750732
"WC","2026-08-04T01:00:00.000000",22.2110595703125
"WC","2026-08-04T02:00:00.000000",22.6202335357666
"WC","2026-08-04T03:00:00.000000",22.7248878479004
"WC","2026-08-04T04:00:00.000000",22.7341480255127
"WC","2026-08-04T05:00:00.000000",22.7199249267578
"WC","2026-08-04T06:00:00.000000",22.7172985076904
"WC","2026-08-04T07:00:00.000000",22.6911849975586
"WC","2026-08-04T08:00:00.000000",22.4760627746582
"WC","2026-08-04T09:00:00.000000",22.3273372650146
"WC","2026-08-04T10:00:00.000000",22.1604957580566
"WC","2026-08-04T11:00:00.000000",22.0112533569336
"WC","2026-08-04T12:00:00.000000",21.8721694946289
"WC","2026-08-04T13:00:00.000000",21.9427585601807
"WC","2026-08-04T14:00:00.000000",22.4768543243408
"WC","2026-08-04T15:00:00.000000",22.6700019836426
"WC","2026-08-04T16:00:00.000000",22.6922378540039
"WC","2026-08-04T17:00:00.000000",22.7185173034668
"WC","2026-08-04T18:00:00.000000",22.7264442443848
"WC","2026-08-04T19:00:00.000000",22.73486328125
"WC","2026-08-04T20:00:00.000000",22.6306343078613
"WC","2026-08-04T21:00:00.000000",22.3783264160156
"WC","2026-08-04T22:00:00.000000",22.261157989502
"WC","2026-08-04T23:00:00.000000",22.0200653076172
"WC","2026-08-05T00:00:00.000000",21.7526245117188
"WC","2026-08-05T01:00:00.000000",21.6035671234131
"WC","2026-08-05T02:00:00.000000",22.1879806518555
"WC","2026-08-05T03:00:00.000000",22.6870403289795
"WC","2026-08-05T04:00:00.000000",22.8062362670898
"WC","2026-08-05T05:00:00.000000",22.8492565155029
"WC","2026-08-05T06:00:00.000000",22.860912322998
"WC","2026-08-05T07:00:00.000000",22.8652744293213
"WC","2026-08-05T08:00:00.000000",22.7295398712158
"WC","2026-08-05T09:00:00.000000",22.3328475952148
"WC","2026-08-05T10:00:00.000000",22.1927490234375
"WC","2026-08-05T11:00:00.000000",21.9522552490234
"WC","2026-08-05T12:00:00.000000",21.6312313079834
"WC","2026-08-05T13:00:00.000000",21.2766952514648
"WC","2026-08-05T14:00:00.000000",21.6546154022217
"WC","2026-08-05T15:00:00.000000",22.4935321807861
"WC","2026-08-05T16:00:00.000000",22.7069931030273
"WC","2026-08-05T17:00:00.000000",22.7482643127441
"WC","2026-08-05T18:00:00.000000",22.7948436737061
"WC","2026-08-05T19:00:00.000000",22.8174896240234
"WC","2026-08-05T20:00:00.000000",22.8067626953125
"WC","2026-08-05T21:00:00.000000",22.2910900115967
"WC","2026-08-05T22:00:00.000000",22.144983291626
"WC","2026-08-05T23:00:00.000000",22.0285167694092
"WC","2026-08-06T00:00:00.000000",21.7507839202881
"WI","2026-07-29T00:00:00.000000",23.255786895752
"WI","2026-07-29T01:00:00.000000",23.173376083374
"WI","2026-07-29T02:00:00.000000",22.9555244445801
"WI","2026-07-29T03:00:00.000000",22.8875312805176
"WI","2026-07-29T04:00:00.000000",23.0156421661377
"WI","2026-07-29T05:00:00.000000",23.0324974060059
"WI","2026-07-29T06:00:00.000000",23.0383358001709
"WI","2026-07-29T07:00:00.000000",23.0259399414062
"WI","2026-07-29T08:00:00.000000",22.9943599700928
"WI","2026-07-29T09:00:00.000000",23.038013458252
"WI","2026-07-29T10:00:00.000000",23.1131763458252
"WI","2026-07-29T11:00:00.000000",23.133243560791
"WI","2026-07-29T12:00:00.000000",23.0484199523926
"WI","2026-07-29T13:00:00.000000",22.9923992156982
"WI","2026-07-29T14:00:00.000000",22.9708232879639
"WI","2026-07-29T15:00:00.000000",22.96555519104
"WI","2026-07-29T16:00:00.000000",23.0330772399902
"WI","2026-07-29T17:00:00.000000",23.1095809936523
"WI","2026-07-29T18:00:00.000000",23.0691013336182
"WI","2026-07-29T19:00:00.000000",23.058931350708
"WI","2026-07-29T20:00:00.000000",23.0585441589355
"WI","2026-07-29T21:00:00.000000",23.0522060394287
"WI","2026-07-29T22:00:00.000000",23.0403251647949
"WI","2026-07-29T23:00:00.000000",23.0297813415527
"WI","2026-07-30T00:00:00.000000",23.008825302124
"WI","2026-07-30T01:00:00.000000",23.0325241088867
"WI","2026-07-30T02:00:00.000000",23.0697765350342
"WI","2026-07-30T03:00:00.000000",23.1180553436279
"WI","2026-07-30T04:00:00.000000",23.1717777252197
"WI","2026-07-30T05:00:00.000000",23.1937198638916
"WI","2026-07-30T06:00:00.000000",23.1020908355713
"WI","2026-07-30T07:00:00.000000",23.0804042816162
"WI","2026-07-30T08:00:00.000000",23.1482887268066
"WI","2026-07-30T09:00:00.000000",23.0727405548096
"WI","2026-07-30T10:00:00.000000",23.0449104309082
"WI","2026-07-30T11:00:00.000000",23.0550079345703
"WI","2026-07-30T12:00:00.000000",23.0462169647217
"WI","2026-07-30T13:00:00.000000",23.0758075714111
"WI","2026-07-30T14:00:00.000000",23.1181716918945
"WI","2026-07-30T15:00:00.000000",23.1426315307617
"WI","2026-07-30T16:00:00.000000",23.1513652801514
"WI","2026-07-30T17:00:00.000000",23.1641025543213
"WI","2026-07-30T18:00:00.000000",23.1188907623291
"WI","2026-07-30T19:00:00.000000",23.0970993041992
"WI","2026-07-30T20:00:00.000000",23.0769538879395
"WI","2026-07-30T21:00:00.000000",23.0722141265869
"WI","2026-07-30T22:00:00.000000",23.0284461975098
"WI","2026-07-30T23:00:00.000000",23.0263576507568
"WI","2026-07-31T00:00:00.000000",23.0235576629639
"WI","2026-07-31T01:00:00.000000",23.0208034515381
"WI","2026-07-31T02:00:00.000000",22.9886875152588
"WI","2026-07-31T03:00:00.000000",22.9609184265137
"WI","2026-07-31T04:00:00.000000",23.0142517089844
"WI","2026-07-31T05:00:00.000000",23.058349609375
"WI","2026-07-31T06:00:00.000000",23.0438423156738
"WI","2026-07-31T07:00:00.000000",22.9973983764648
"WI","2026-07-31T08:00:00.000000",23.010196685791
"WI","2026-07-31T09:00:00.000000",23.030403137207
"WI","2026-07-31T10:00:00.000000",22.8551330566406
"WI","2026-07-31T11:00:00.000000",22.8221111297607
"WI","2026-07-31T12:00:00.000000",22.8181171417236
"WI","2026-07-31T13:00:00.000000",22.8266525268555
"WI","2026-07-31T14:00:00.000000",22.856782913208
"WI","2026-07-31T15:00:00.000000",22.8875694274902
"WI","2026-07-31T16:00:00.000000",22.9297389984131
"WI","2026-07-31T17:00:00.000000",22.9690952301025
"WI","2026-07-31T18:00:00.000000",22.9799537658691
"WI","2026-07-31T19:00:00.000000",22.9048480987549
"WI","2026-07-31T20:00:00.000000",22.8364715576172
"WI","2026-07-31T21:00:00.000000",22.9103565216064
"WI","2026-07-31T22:00:00.000000",22.7996826171875
"WI","2026-07-31T23:00:00.000000",22.6758193969727
"WI","2026-08-01T00:00:00.000000",22.6593551635742
"WI","2026-08-01T01:00:00.000000",22.6691379547119
"WI","2026-08-01T02:00:00.000000",22.6768264770508
"WI","2026-08-01T03:00:00.000000",22.7831382751465
"WI","2026-08-01T04:00:00.000000",22.9475841522217
"WI","2026-08-01T05:00:00.000000",23.0049266815186
"WI","2026-08-01T06:00:00.000000",23.011209487915
"WI","2026-08-01T07:00:00.000000",22.8574523925781
"WI","2026-08-01T08:00:00.000000",22.8360824584961
"WI","2026-08-01T09:00:00.000000",22.8259944915771
"WI","2026-08-01T10:00:00.000000",22.8075561523438
"WI","2026-08-01T11:00:00.000000",22.7463474273682
"WI","2026-08-01T12:00:00.000000",22.6682033538818
"WI","2026-08-01T13:00:00.000000",22.6421985626221
"WI","2026-08-01T14:00:00.000000",22.6936092376709
"WI","2026-08-01T15:00:00.000000",22.8397121429443
"WI","2026-08-01T16:00:00.000000",22.973445892334
"WI","2026-08-01T17:00:00.000000",23.0028858184814
"WI","2026-08-01T18:00:00.000000",23.0433216094971
"WI","2026-08-01T19:00:00.000000",22.9335479736328
"WI","2026-08-01T20:00:00.000000",22.85400390625
"WI","2026-08-01T21:00:00.000000",22.8334980010986
"WI","2026-08-01T22:00:00.000000",22.8261737823486
"WI","2026-08-01T23:00:00.000000",22.8013858795166
"WI","2026-08-02T00:00:00.000000",22.7641830444336
"WI","2026-08-02T01:00:00.000000",22.7658863067627
"WI","2026-08-02T02:00:00.000000",22.7856292724609
"WI","2026-08-02T03:00:00.000000",22.7799949645996
"WI","2026-08-02T04:00:00.000000",22.7511692047119
"WI","2026-08-02T05:00:00.000000",22.7171478271484
"WI","2026-08-02T06:00:00.000000",22.7983207702637
"WI","2026-08-02T07:00:00.000000",22.8607769012451
"WI","2026-08-02T08:00:00.000000",22.801399230957
"WI","2026-08-02T09:00:00.000000",22.8499984741211
"WI","2026-08-02T10:00:00.000000",22.8643131256104
"WI","2026-08-02T11:00:00.000000",22.8665199279785
"WI","2026-08-02T12:00:00.000000",22.8538722991943
"WI","2026-08-02T13:00:00.000000",22.8640232086182
"WI","2026-08-02T14:00:00.000000",22.8846435546875
"WI","2026-08-02T15:00:00.000000",22.8183078765869
"WI","2026-08-02T16:00:00.000000",22.7170581817627
"WI","2026-08-02T17:00:00.000000",22.6939601898193
"WI","2026-08-02T18:00:00.000000",22.7924728393555
"WI","2026-08-02T19:00:00.000000",22.8732051849365
"WI","2026-08-02T20:00:00.000000",22.8740348815918
"WI","2026-08-02T21:00:00.000000",22.9147415161133
"WI","2026-08-02T22:00:00.000000",22.9245452880859
"WI","2026-08-02T23:00:00.000000",22.9523124694824
"WI","2026-08-03T00:00:00.000000",22.9254856109619
"WI","2026-08-03T01:00:00.000000",22.8673229217529
"WI","2026-08-03T02:00:00.000000",22.8486347198486
"WI","2026-08-03T03:00:00.000000",22.8209819793701
"WI","2026-08-03T04:00:00.000000",22.7809257507324
"WI","2026-08-03T05:00:00.000000",22.7656669616699
"WI","2026-08-03T06:00:00.000000",22.7887916564941
"WI","2026-08-03T07:00:00.000000",22.8565101623535
"WI","2026-08-03T08:00:00.000000",22.8267021179199
"WI","2026-08-03T09:00:00.000000",22.7475433349609
"WI","2026-08-03T10:00:00.000000",22.5570030212402
"WI","2026-08-03T11:00:00.000000",22.4906368255615
"WI","2026-08-03T12:00:00.000000",22.4665908813477
"WI","2026-08-03T13:00:00.000000",22.4358215332031
"WI","2026-08-03T14:00:00.000000",22.4241733551025
"WI","2026-08-03T15:00:00.000000",22.4198017120361
"WI","2026-08-03T16:00:00.000000",22.4219646453857
"WI","2026-08-03T17:00:00.000000",22.4602031707764
"WI","2026-08-03T18:00:00.000000",22.5409564971924
"WI","2026-08-03T19:00:00.000000",22.5766201019287
"WI","2026-08-03T20:00:00.000000",22.5733337402344
"WI","2026-08-03T21:00:00.000000",22.4442539215088
"WI","2026-08-03T22:00:00.000000",22.4143238067627
"WI","2026-08-03T23:00:00.000000",22.4243869781494
"WI","2026-08-04T00:00:00.000000",22.4549465179443
"WI","2026-08-04T01:00:00.000000",22.4607467651367
"WI","2026-08-04T02:00:00.000000",22.461404800415
"WI","2026-08-04T03:00:00.000000",22.4617404937744
"WI","2026-08-04T04:00:00.000000",22.4722003936768
"WI","2026-08-04T05:00:00.000000",22.5117092132568
"WI","2026-08-04T06:00:00.000000",22.5286655426025
"WI","2026-08-04T07:00:00.000000",22.5448360443115
"WI","2026-08-04T08:00:00.000000",22.5634651184082
"WI","2026-08-04T09:00:00.000000",22.5009231567383
"WI","2026-08-04T10:00:00.000000",22.4888191223145
"WI","2026-08-04T11:00:00.000000",22.4885425567627
"WI","2026-08-04T12:00:00.000000",22.5353355407715
"WI","2026-08-04T13:00:00.000000",22.4594058990479
"WI","2026-08-04T14:00:00.000000",22.4523792266846
"WI","2026-08-04T15:00:00.000000",22.4540195465088
"WI","2026-08-04T16:00:00.000000",22.4666805267334
"WI","2026-08-04T17:00:00.000000",22.5207080841064
"WI","2026-08-04T18:00:00.000000",22.5621128082275
"WI","2026-08-04T19:00:00.000000",22.6169414520264
"WI","2026-08-04T20:00:00.000000",22.6566638946533
"WI","2026-08-04T21:00:00.000000",22.6771774291992
"WI","2026-08-04T22:00:00.000000",22.5850524902344
"WI","2026-08-04T23:00:00.000000",22.6173419952393
"WI","2026-08-05T00:00:00.000000",22.6965293884277
"WI","2026-08-05T01:00:00.000000",22.5511932373047
"WI","2026-08-05T02:00:00.000000",22.5179672241211
"WI","2026-08-05T03:00:00.000000",22.5399875640869
"WI","2026-08-05T04:00:00.000000",22.5395526885986
"WI","2026-08-05T05:00:00.000000",22.5861129760742
"WI","2026-08-05T06:00:00.000000",22.6648845672607
"WI","2026-08-05T07:00:00.000000",22.7092666625977
"WI","2026-08-05T08:00:00.000000",22.7292442321777
"WI","2026-08-05T09:00:00.000000",22.7300472259521
"WI","2026-08-05T10:00:00.000000",22.541223526001
"WI","2026-08-05T11:00:00.000000",22.2575283050537
"WI","2026-08-05T12:00:00.000000",22.598840713501
"WI","2026-08-05T13:00:00.000000",22.3471508026123
"WI","2026-08-05T14:00:00.000000",22.3892650604248
"WI","2026-08-05T15:00:00.000000",22.3157730102539
"WI","2026-08-05T16:00:00.000000",22.087345123291
"WI","2026-08-05T17:00:00.000000",22.2110061645508
"WI","2026-08-05T18:00:00.000000",22.6259803771973
"WI","2026-08-05T19:00:00.000000",22.7779064178467
"WI","2026-08-05T20:00:00.000000",22.8280563354492
"WI","2026-08-05T21:00:00.000000",22.8552017211914
"WI","2026-08-05T22:00:00.000000",22.8180522918701
"WI","2026-08-05T23:00:00.000000",22.4556102752686
"WI","2026-08-06T00:00:00.000000",22.4579277038574
