"site_id","time","temp"
"AQ","2026-08-09T00:00:00.000000",14.8755826950073
"AQ","2026-08-09T01:00:00.000000",14.9362955093384
"AQ","2026-08-09T02:00:00.000000",15.0114307403564
"AQ","2026-08-09T03:00:00.000000",15.0627527236938
"AQ","2026-08-09T04:00:00.000000",15.101993560791
"AQ","2026-08-09T05:00:00.000000",15.1182537078857
"AQ","2026-08-09T06:00:00.000000",15.133900642395
"AQ","2026-08-09T07:00:00.000000",15.1676397323608
"AQ","2026-08-09T08:00:00.000000",15.1217241287231
"AQ","2026-08-09T09:00:00.000000",15.0001411437988
"AQ","2026-08-09T10:00:00.000000",14.8693838119507
"AQ","2026-08-09T11:00:00.000000",14.7803916931152
"AQ","2026-08-09T12:00:00.000000",14.7333087921143
"AQ","2026-08-09T13:00:00.000000",14.7546138763428
"AQ","2026-08-09T14:00:00.000000",14.8197164535522
"AQ","2026-08-09T15:00:00.000000",14.8944549560547
"AQ","2026-08-09T16:00:00.000000",14.9412965774536
"AQ","2026-08-09T17:00:00.000000",14.9732847213745
"AQ","2026-08-09T18:00:00.000000",14.9693012237549
"AQ","2026-08-09T19:00:00.000000",14.9784688949585
"AQ","2026-08-09T20:00:00.000000",14.9803495407104
"AQ","2026-08-09T21:00:00.000000",14.9103679656982
"AQ","2026-08-09T22:00:00.000000",14.7527055740356
"AQ","2026-08-09T23:00:00.000000",14.6270236968994
"AQ","2026-08-10T00:00:00.000000",14.5676050186157
"AQ","2026-08-10T01:00:00.000000",14.5578079223633
"AQ","2026-08-10T02:00:00.000000",14.598126411438
"AQ","2026-08-10T03:00:00.000000",14.6764831542969
"AQ","2026-08-10T04:00:00.000000",14.7358341217041
"AQ","2026-08-10T05:00:00.000000",14.7725372314453
"AQ","2026-08-10T06:00:00.000000",14.7929983139038
"AQ","2026-08-10T07:00:00.000000",14.7929382324219
"AQ","2026-08-10T08:00:00.000000",14.8243579864502
"AQ","2026-08-10T09:00:00.000000",14.782000541687
"AQ","2026-08-10T10:00:00.000000",14.6781520843506
"AQ","2026-08-10T11:00:00.000000",14.5513935089111
"AQ","2026-08-10T12:00:00.000000",14.4836845397949
"AQ","2026-08-10T13:00:00.000000",14.464750289917
"AQ","2026-08-10T14:00:00.000000",14.4896392822266
"AQ","2026-08-10T15:00:00.000000",14.5698595046997
"AQ","2026-08-10T16:00:00.000000",14.6557912826538
"AQ","2026-08-10T17:00:00.000000",14.7402448654175
"AQ","2026-08-10T18:00:00.000000",14.8721542358398
"AQ","2026-08-10T19:00:00.000000",14.8990926742554
"AQ","2026-08-10T20:00:00.000000",14.9263896942139
"AQ","2026-08-10T21:00:00.000000",14.9746551513672
"AQ","2026-08-10T22:00:00.000000",15.007248878479
"AQ","2026-08-10T23:00:00.000000",14.9757404327393
"AQ","2026-08-11T00:00:00.000000",14.9424667358398
"AQ","2026-08-11T01:00:00.000000",14.9291610717773
"AQ","2026-08-11T02:00:00.000000",14.936185836792
"AQ","2026-08-11T03:00:00.000000",14.9694490432739
"AQ","2026-08-11T04:00:00.000000",15.018045425415
"AQ","2026-08-11T05:00:00.000000",15.0943212509155
"AQ","2026-08-11T06:00:00.000000",15.162525177002
"AQ","2026-08-11T07:00:00.000000",15.1777381896973
"AQ","2026-08-11T08:00:00.000000",15.2015390396118
"AQ","2026-08-11T09:00:00.000000",15.3032579421997
"AQ","2026-08-11T10:00:00.000000",15.3499374389648
"AQ","2026-08-11T11:00:00.000000",15.3007764816284
"AQ","2026-08-11T12:00:00.000000",15.1972007751465
"AQ","2026-08-11T13:00:00.000000",15.1302661895752
"AQ","2026-08-11T14:00:00.000000",15.0855751037598
"AQ","2026-08-11T15:00:00.000000",15.0808715820312
"AQ","2026-08-11T16:00:00.000000",15.1043653488159
"AQ","2026-08-11T17:00:00.000000",15.1342535018921
"AQ","2026-08-11T18:00:00.000000",15.1571073532104
"AQ","2026-08-11T19:00:00.000000",15.181999206543
"AQ","2026-08-11T20:00:00.000000",15.2094802856445
"AQ","2026-08-11T21:00:00.000000",15.2564325332642
"AQ","2026-08-11T22:00:00.000000",15.3075971603394
"AQ","2026-08-11T23:00:00.000000",15.2955226898193
"AQ","2026-08-12T00:00:00.000000",15.2204675674438
"AQ","2026-08-12T01:00:00.000000",15.123459815979
"AQ","2026-08-12T02:00:00.000000",15.0426149368286
"AQ","2026-08-12T03:00:00.000000",15.006552696228
"AQ","2026-08-12T04:00:00.000000",15.015664100647
"AQ","2026-08-12T05:00:00.000000",15.0782089233398
"AQ","2026-08-12T06:00:00.000000",15.1587705612183
"AQ","2026-08-12T07:00:00.000000",15.2292490005493
"AQ","2026-08-12T08:00:00.000000",15.2826528549194
"AQ","2026-08-12T09:00:00.000000",15.3221759796143
"AQ","2026-08-12T10:00:00.000000",15.4023408889771
"AQ","2026-08-12T11:00:00.000000",15.3630704879761
"AQ","2026-08-12T12:00:00.000000",15.2668828964233
"AQ","2026-08-12T13:00:00.000000",15.1210222244263
"AQ","2026-08-12T14:00:00.000000",15.0213289260864
"AQ","2026-08-12T15:00:00.000000",14.9792623519897
"AQ","2026-08-12T16:00:00.000000",14.9807167053223
"AQ","2026-08-12T17:00:00.000000",15.0458469390869
"AQ","2026-08-12T18:00:00.000000",15.1453828811646
"AQ","2026-08-12T19:00:00.000000",15.2591123580933
"AQ","2026-08-12T20:00:00.000000",15.3424396514893
"AQ","2026-08-12T21:00:00.000000",15.3633375167847
"AQ","2026-08-12T22:00:00.000000",15.3662462234497
"AQ","2026-08-12T23:00:00.000000",15.4095249176025
"AQ","2026-08-13T00:00:00.000000",15.4322118759155
"AQ","2026-08-13T01:00:00.000000",15.390191078186
"AQ","2026-08-13T02:00:00.000000",15.3482522964478
"AQ","2026-08-13T03:00:00.000000",15.3387603759766
"AQ","2026-08-13T04:00:00.000000",15.3519487380981
"AQ","2026-08-13T05:00:00.000000",15.395546913147
"AQ","2026-08-13T06:00:00.000000",15.455286026001
"AQ","2026-08-13T07:00:00.000000",15.5096454620361
"AQ","2026-08-13T08:00:00.000000",15.5460710525513
"AQ","2026-08-13T09:00:00.000000",15.5819044113159
"AQ","2026-08-13T10:00:00.000000",15.609676361084
"AQ","2026-08-13T11:00:00.000000",15.6466732025146
"AQ","2026-08-13T12:00:00.000000",15.6992082595825
"AQ","2026-08-13T13:00:00.000000",15.711368560791
"AQ","2026-08-13T14:00:00.000000",15.6892137527466
"AQ","2026-08-13T15:00:00.000000",15.6834125518799
"AQ","2026-08-13T16:00:00.000000",15.6793174743652
"AQ","2026-08-13T17:00:00.000000",15.6877841949463
"AQ","2026-08-13T18:00:00.000000",15.7355833053589
"AQ","2026-08-13T19:00:00.000000",15.7903299331665
"AQ","2026-08-13T20:00:00.000000",15.8174295425415
"AQ","2026-08-13T21:00:00.000000",15.8291025161743
"AQ","2026-08-13T22:00:00.000000",15.832483291626
"AQ","2026-08-13T23:00:00.000000",15.8508424758911
"AQ","2026-08-14T00:00:00.000000",15.8804864883423
"AQ","2026-08-14T01:00:00.000000",15.8373985290527
"AQ","2026-08-14T02:00:00.000000",15.7811431884766
"AQ","2026-08-14T03:00:00.000000",15.7385845184326
"AQ","2026-08-14T04:00:00.000000",15.725248336792
"AQ","2026-08-14T05:00:00.000000",15.7240238189697
"AQ","2026-08-14T06:00:00.000000",15.7301006317139
"AQ","2026-08-14T07:00:00.000000",15.7453212738037
"AQ","2026-08-14T08:00:00.000000",15.7739505767822
"AQ","2026-08-14T09:00:00.000000",15.8113918304443
"AQ","2026-08-14T10:00:00.000000",15.8421792984009
"AQ","2026-08-14T11:00:00.000000",15.8673400878906
"AQ","2026-08-14T12:00:00.000000",15.859169960022
"AQ","2026-08-14T13:00:00.000000",15.74817943573
"AQ","2026-08-14T14:00:00.000000",15.6082134246826
"AQ","2026-08-14T15:00:00.000000",15.5285358428955
"AQ","2026-08-14T16:00:00.000000",15.5028200149536
"AQ","2026-08-14T17:00:00.000000",15.5230531692505
"AQ","2026-08-14T18:00:00.000000",15.5698137283325
"AQ","2026-08-14T19:00:00.000000",15.6570854187012
"AQ","2026-08-14T20:00:00.000000",15.7629413604736
"AQ","2026-08-14T21:00:00.000000",15.8192100524902
"AQ","2026-08-14T22:00:00.000000",15.8551893234253
"AQ","2026-08-14T23:00:00.000000",15.8544244766235
"AQ","2026-08-15T00:00:00.000000",15.8628530502319
"AQ","2026-08-15T01:00:00.000000",15.7809724807739
"AQ","2026-08-15T02:00:00.000000",15.524959564209
"AQ","2026-08-15T03:00:00.000000",15.3635873794556
"AQ","2026-08-15T04:00:00.000000",15.2714557647705
"AQ","2026-08-15T05:00:00.000000",15.2332315444946
"AQ","2026-08-15T06:00:00.000000",15.2127342224121
"AQ","2026-08-15T07:00:00.000000",15.2074031829834
"AQ","2026-08-15T08:00:00.000000",15.2397794723511
"AQ","2026-08-15T09:00:00.000000",15.2926959991455
"AQ","2026-08-15T10:00:00.000000",15.3904132843018
"AQ","2026-08-15T11:00:00.000000",15.4485206604004
"AQ","2026-08-15T12:00:00.000000",15.4820327758789
"AQ","2026-08-15T13:00:00.000000",15.5208854675293
"AQ","2026-08-15T14:00:00.000000",15.5112257003784
"AQ","2026-08-15T15:00:00.000000",15.5001668930054
"AQ","2026-08-15T16:00:00.000000",15.4586067199707
"AQ","2026-08-15T17:00:00.000000",15.4500246047974
"AQ","2026-08-15T18:00:00.000000",15.4522581100464
"AQ","2026-08-15T19:00:00.000000",15.4881553649902
"AQ","2026-08-15T20:00:00.000000",15.562931060791
"AQ","2026-08-15T21:00:00.000000",15.6168804168701
"AQ","2026-08-15T22:00:00.000000",15.6720581054688
"AQ","2026-08-15T23:00:00.000000",15.6980104446411
"AQ","2026-08-16T00:00:00.000000",15.7032775878906
"AQ","2026-08-16T01:00:00.000000",15.7093896865845
"AQ","2026-08-16T02:00:00.000000",15.7172470092773
"AQ","2026-08-16T03:00:00.000000",15.6695499420166
"AQ","2026-08-16T04:00:00.000000",15.6044139862061
"AQ","2026-08-16T05:00:00.000000",15.5579566955566
"AQ","2026-08-16T06:00:00.000000",15.540078163147
"AQ","2026-08-16T07:00:00.000000",15.5398836135864
"AQ","2026-08-16T08:00:00.000000",15.54958152771
"AQ","2026-08-16T09:00:00.000000",15.5664615631104
"AQ","2026-08-16T10:00:00.000000",15.5890798568726
"AQ","2026-08-16T11:00:00.000000",15.6144876480103
"AQ","2026-08-16T12:00:00.000000",15.6210479736328
"AQ","2026-08-16T13:00:00.000000",15.6492767333984
"AQ","2026-08-16T14:00:00.000000",15.713529586792
"AQ","2026-08-16T15:00:00.000000",15.697265625
"AQ","2026-08-16T16:00:00.000000",15.6549730300903
"AQ","2026-08-16T17:00:00.000000",15.6222410202026
"AQ","2026-08-16T18:00:00.000000",15.5984916687012
"AQ","2026-08-16T19:00:00.000000",15.5787830352783
"AQ","2026-08-16T20:00:00.000000",15.5762634277344
"AQ","2026-08-16T21:00:00.000000",15.5888080596924
"AQ","2026-08-16T22:00:00.000000",15.6810970306396
"AQ","2026-08-16T23:00:00.000000",15.8143682479858
"AQ","2026-08-17T00:00:00.000000",15.8526096343994
"CB","2026-08-09T00:00:00.000000",15.0725803375244
"CB","2026-08-09T01:00:00.000000",15.0326471328735
"CB","2026-08-09T02:00:00.000000",15.0120687484741
"CB","2026-08-09T03:00:00.000000",15.0101184844971
"CB","2026-08-09T04:00:00.000000",15.0549144744873
"CB","2026-08-09T05:00:00.000000",15.2010173797607
"CB","2026-08-09T06:00:00.000000",15.2211093902588
"CB","2026-08-09T07:00:00.000000",15.2947616577148
"CB","2026-08-09T08:00:00.000000",15.3092861175537
"CB","2026-08-09T09:00:00.000000",15.3292198181152
"CB","2026-08-09T10:00:00.000000",15.2927255630493
"CB","2026-08-09T11:00:00.000000",15.3130884170532
"CB","2026-08-09T12:00:00.000000",15.34885597229
"CB","2026-08-09T13:00:00.000000",15.3665800094604
"CB","2026-08-09T14:00:00.000000",15.3864421844482
"CB","2026-08-09T15:00:00.000000",15.4339199066162
"CB","2026-08-09T16:00:00.000000",15.5536651611328
"CB","2026-08-09T17:00:00.000000",15.7141456604004
"CB","2026-08-09T18:00:00.000000",15.7922353744507
"CB","2026-08-09T19:00:00.000000",15.7910537719727
"CB","2026-08-09T20:00:00.000000",15.8118801116943
"CB","2026-08-09T21:00:00.000000",15.7779693603516
"CB","2026-08-09T22:00:00.000000",15.6962442398071
"CB","2026-08-09T23:00:00.000000",15.6677131652832
"CB","2026-08-10T00:00:00.000000",15.6848382949829
"CB","2026-08-10T01:00:00.000000",15.6887741088867
"CB","2026-08-10T02:00:00.000000",15.7036924362183
"CB","2026-08-10T03:00:00.000000",15.7796306610107
"CB","2026-08-10T04:00:00.000000",15.9899940490723
"CB","2026-08-10T05:00:00.000000",16.4372997283936
"CB","2026-08-10T06:00:00.000000",16.7063579559326
"CB","2026-08-10T07:00:00.000000",16.7693710327148
"CB","2026-08-10T08:00:00.000000",16.7854404449463
"CB","2026-08-10T09:00:00.000000",16.9221458435059
"CB","2026-08-10T10:00:00.000000",17.0404644012451
"CB","2026-08-10T11:00:00.000000",16.9629077911377
"CB","2026-08-10T12:00:00.000000",16.9027290344238
"CB","2026-08-10T13:00:00.000000",16.8041400909424
"CB","2026-08-10T14:00:00.000000",16.6807079315186
"CB","2026-08-10T15:00:00.000000",16.6260871887207
"CB","2026-08-10T16:00:00.000000",16.5882549285889
"CB","2026-08-10T17:00:00.000000",16.5854816436768
"CB","2026-08-10T18:00:00.000000",16.5939159393311
"CB","2026-08-10T19:00:00.000000",16.5127277374268
"CB","2026-08-10T20:00:00.000000",16.2002811431885
"CB","2026-08-10T21:00:00.000000",15.9500608444214
"CB","2026-08-10T22:00:00.000000",15.673228263855
"CB","2026-08-10T23:00:00.000000",15.4643964767456
"CB","2026-08-11T00:00:00.000000",15.3630094528198
"CB","2026-08-11T01:00:00.000000",15.2979383468628
"CB","2026-08-11T02:00:00.000000",15.2809743881226
"CB","2026-08-11T03:00:00.000000",15.281530380249
"CB","2026-08-11T04:00:00.000000",15.2691516876221
"CB","2026-08-11T05:00:00.000000",15.3123693466187
"CB","2026-08-11T06:00:00.000000",15.3932857513428
"CB","2026-08-11T07:00:00.000000",15.6992025375366
"CB","2026-08-11T08:00:00.000000",15.7935523986816
"CB","2026-08-11T09:00:00.000000",15.7425222396851
"CB","2026-08-11T10:00:00.000000",15.8232765197754
"CB","2026-08-11T11:00:00.000000",15.9786863327026
"CB","2026-08-11T12:00:00.000000",15.9925174713135
"CB","2026-08-11T13:00:00.000000",16.0683879852295
"CB","2026-08-11T14:00:00.000000",16.1344146728516
"CB","2026-08-11T15:00:00.000000",16.2437934875488
"CB","2026-08-11T16:00:00.000000",16.4236125946045
"CB","2026-08-11T17:00:00.000000",16.6588897705078
"CB","2026-08-11T18:00:00.000000",16.8654003143311
"CB","2026-08-11T19:00:00.000000",17.0518932342529
"CB","2026-08-11T20:00:00.000000",17.1601238250732
"CB","2026-08-11T21:00:00.000000",17.1782264709473
"CB","2026-08-11T22:00:00.000000",17.3098583221436
"CB","2026-08-11T23:00:00.000000",17.7593994140625
"CB","2026-08-12T00:00:00.000000",17.837495803833
"CB","2026-08-12T01:00:00.000000",17.9031372070312
"CB","2026-08-12T02:00:00.000000",17.9588222503662
"CB","2026-08-12T03:00:00.000000",17.9965496063232
"CB","2026-08-12T04:00:00.000000",18.0397796630859
"CB","2026-08-12T05:00:00.000000",18.0844993591309
"CB","2026-08-12T06:00:00.000000",18.0947303771973
"CB","2026-08-12T07:00:00.000000",18.1036987304688
"CB","2026-08-12T08:00:00.000000",18.2275257110596
"CB","2026-08-12T09:00:00.000000",18.2623271942139
"CB","2026-08-12T10:00:00.000000",18.3129234313965
"CB","2026-08-12T11:00:00.000000",18.5545692443848
"CB","2026-08-12T12:00:00.000000",18.8505859375
"CB","2026-08-12T13:00:00.000000",18.938138961792
"CB","2026-08-12T14:00:00.000000",18.9704895019531
"CB","2026-08-12T15:00:00.000000",18.9918766021729
"CB","2026-08-12T16:00:00.000000",18.9356803894043
"CB","2026-08-12T17:00:00.000000",18.8831577301025
"CB","2026-08-12T18:00:00.000000",18.8705749511719
"CB","2026-08-12T19:00:00.000000",18.8930797576904
"CB","2026-08-12T20:00:00.000000",18.9179420471191
"CB","2026-08-12T21:00:00.000000",18.7995185852051
"CB","2026-08-12T22:00:00.000000",18.0331115722656
"CB","2026-08-12T23:00:00.000000",17.5138530731201
"CB","2026-08-13T00:00:00.000000",17.3925399780273
"CB","2026-08-13T01:00:00.000000",17.2631969451904
"CB","2026-08-13T02:00:00.000000",17.1570053100586
"CB","2026-08-13T03:00:00.000000",17.0052871704102
"CB","2026-08-13T04:00:00.000000",16.8152923583984
"CB","2026-08-13T05:00:00.000000",16.6673793792725
"CB","2026-08-13T06:00:00.000000",16.5549392700195
"CB","2026-08-13T07:00:00.000000",16.5203075408936
"CB","2026-08-13T08:00:00.000000",16.7742233276367
"CB","2026-08-13T09:00:00.000000",17.5487327575684
"CB","2026-08-13T10:00:00.000000",17.6580638885498
"CB","2026-08-13T11:00:00.000000",17.5558013916016
"CB","2026-08-13T12:00:00.000000",17.7871265411377
"CB","2026-08-13T13:00:00.000000",17.9509258270264
"CB","2026-08-13T14:00:00.000000",17.9349365234375
"CB","2026-08-13T15:00:00.000000",17.9174957275391
"CB","2026-08-13T16:00:00.000000",17.8407230377197
"CB","2026-08-13T17:00:00.000000",17.7397613525391
"CB","2026-08-13T18:00:00.000000",17.6633167266846
"CB","2026-08-13T19:00:00.000000",17.6027755737305
"CB","2026-08-13T20:00:00.000000",17.6084594726562
"CB","2026-08-13T21:00:00.000000",18.0134773254395
"CB","2026-08-13T22:00:00.000000",18.1853199005127
"CB","2026-08-13T23:00:00.000000",17.5817623138428
"CB","2026-08-14T00:00:00.000000",16.977352142334
"CB","2026-08-14T01:00:00.000000",16.7040519714355
"CB","2026-08-14T02:00:00.000000",16.5755939483643
"CB","2026-08-14T03:00:00.000000",16.5316829681396
"CB","2026-08-14T04:00:00.000000",16.5396308898926
"CB","2026-08-14T05:00:00.000000",16.5413513183594
"CB","2026-08-14T06:00:00.000000",16.5431365966797
"CB","2026-08-14T07:00:00.000000",16.6264553070068
"CB","2026-08-14T08:00:00.000000",16.8728275299072
"CB","2026-08-14T09:00:00.000000",17.4438571929932
"CB","2026-08-14T10:00:00.000000",17.8842334747314
"CB","2026-08-14T11:00:00.000000",17.9187908172607
"CB","2026-08-14T12:00:00.000000",17.9084987640381
"CB","2026-08-14T13:00:00.000000",17.8805637359619
"CB","2026-08-14T14:00:00.000000",17.7708377838135
"CB","2026-08-14T15:00:00.000000",17.6730098724365
"CB","2026-08-14T16:00:00.000000",17.5960311889648
"CB","2026-08-14T17:00:00.000000",17.5594596862793
"CB","2026-08-14T18:00:00.000000",17.5544281005859
"CB","2026-08-14T19:00:00.000000",17.6198177337646
"CB","2026-08-14T20:00:00.000000",17.7442264556885
"CB","2026-08-14T21:00:00.000000",17.9165687561035
"CB","2026-08-14T22:00:00.000000",18.1000556945801
"CB","2026-08-14T23:00:00.000000",18.1816177368164
"CB","2026-08-15T00:00:00.000000",18.0560779571533
"CB","2026-08-15T01:00:00.000000",17.8924179077148
"CB","2026-08-15T02:00:00.000000",17.700138092041
"CB","2026-08-15T03:00:00.000000",17.5780448913574
"CB","2026-08-15T04:00:00.000000",17.512523651123
"CB","2026-08-15T05:00:00.000000",17.4973392486572
"CB","2026-08-15T06:00:00.000000",17.5016288757324
"CB","2026-08-15T07:00:00.000000",17.5854301452637
"CB","2026-08-15T08:00:00.000000",17.6749782562256
"CB","2026-08-15T09:00:00.000000",17.7664794921875
"CB","2026-08-15T10:00:00.000000",17.9061450958252
"CB","2026-08-15T11:00:00.000000",17.999963760376
"CB","2026-08-15T12:00:00.000000",18.0170440673828
"CB","2026-08-15T13:00:00.000000",17.9366092681885
"CB","2026-08-15T14:00:00.000000",17.6213855743408
"CB","2026-08-15T15:00:00.000000",17.379810333252
"CB","2026-08-15T16:00:00.000000",17.2091331481934
"CB","2026-08-15T17:00:00.000000",17.1480293273926
"CB","2026-08-15T18:00:00.000000",17.1171779632568
"CB","2026-08-15T19:00:00.000000",17.1261081695557
"CB","2026-08-15T20:00:00.000000",17.2058200836182
"CB","2026-08-15T21:00:00.000000",17.344367980957
"CB","2026-08-15T22:00:00.000000",17.5944747924805
"CB","2026-08-15T23:00:00.000000",17.8070602416992
"CB","2026-08-16T00:00:00.000000",17.7709407806396
"CB","2026-08-16T01:00:00.000000",17.4954605102539
"CB","2026-08-16T02:00:00.000000",17.1148281097412
"CB","2026-08-16T03:00:00.000000",16.7430076599121
"CB","2026-08-16T04:00:00.000000",16.5422840118408
"CB","2026-08-16T05:00:00.000000",16.4233932495117
"CB","2026-08-16T06:00:00.000000",16.3158626556396
"CB","2026-08-16T07:00:00.000000",16.2359046936035
"CB","2026-08-16T08:00:00.000000",16.1621360778809
"CB","2026-08-16T09:00:00.000000",16.113374710083
"CB","2026-08-16T10:00:00.000000",16.1008644104004
"CB","2026-08-16T11:00:00.000000",16.3194065093994
"CB","2026-08-16T12:00:00.000000",16.324914932251
"CB","2026-08-16T13:00:00.000000",16.175817489624
"CB","2026-08-16T14:00:00.000000",16.1904754638672
"CB","2026-08-16T15:00:00.000000",16.2208652496338
"CB","2026-08-16T16:00:00.000000",16.130823135376
"CB","2026-08-16T17:00:00.000000",16.0250053405762
"CB","2026-08-16T18:00:00.000000",15.7863006591797
"CB","2026-08-16T19:00:00.000000",15.5418977737427
"CB","2026-08-16T20:00:00.000000",15.3328733444214
"CB","2026-08-16T21:00:00.000000",15.1911373138428
"CB","2026-08-16T22:00:00.000000",15.0924558639526
"CB","2026-08-16T23:00:00.000000",15.2964487075806
"CB","2026-08-17T00:00:00.000000",15.6785106658936
"CI","2026-08-09T00:00:00.000000",16.2007598876953
"CI","2026-08-09T01:00:00.000000",16.8039360046387
"CI","2026-08-09T02:00:00.000000",17.3201808929443
"CI","2026-08-09T03:00:00.000000",17.7650699615479
"CI","2026-08-09T04:00:00.000000",18.0514717102051
"CI","2026-08-09T05:00:00.000000",18.2535552978516
"CI","2026-08-09T06:00:00.000000",18.3442802429199
"CI","2026-08-09T07:00:00.000000",18.1882801055908
"CI","2026-08-09T08:00:00.000000",17.9900074005127
"CI","2026-08-09T09:00:00.000000",17.6123123168945
"CI","2026-08-09T10:00:00.000000",16.6979522705078
"CI","2026-08-09T11:00:00.000000",15.8127822875977
"CI","2026-08-09T12:00:00.000000",15.4984550476074
"CI","2026-08-09T13:00:00.000000",15.7839012145996
"CI","2026-08-09T14:00:00.000000",16.7587928771973
"CI","2026-08-09T15:00:00.000000",17.5720882415771
"CI","2026-08-09T16:00:00.000000",17.9799480438232
"CI","2026-08-09T17:00:00.000000",18.2180442810059
"CI","2026-08-09T18:00:00.000000",18.4081954956055
"CI","2026-08-09T19:00:00.000000",18.2855396270752
"CI","2026-08-09T20:00:00.000000",17.80126953125
"CI","2026-08-09T21:00:00.000000",17.2327156066895
"CI","2026-08-09T22:00:00.000000",16.5260982513428
"CI","2026-08-09T23:00:00.000000",16.1343402862549
"CI","2026-08-10T00:00:00.000000",16.008674621582
"CI","2026-08-10T01:00:00.000000",16.0917167663574
"CI","2026-08-10T02:00:00.000000",16.5306015014648
"CI","2026-08-10T03:00:00.000000",17.1583137512207
"CI","2026-08-10T04:00:00.000000",17.701244354248
"CI","2026-08-10T05:00:00.000000",18.0619049072266
"CI","2026-08-10T06:00:00.000000",18.2798843383789
"CI","2026-08-10T07:00:00.000000",18.3764457702637
"CI","2026-08-10T08:00:00.000000",18.2497901916504
"CI","2026-08-10T09:00:00.000000",17.9812355041504
"CI","2026-08-10T10:00:00.000000",17.6403427124023
"CI","2026-08-10T11:00:00.000000",17.1950759887695
"CI","2026-08-10T12:00:00.000000",16.8941268920898
"CI","2026-08-10T13:00:00.000000",16.7889842987061
"CI","2026-08-10T14:00:00.000000",16.8684616088867
"CI","2026-08-10T15:00:00.000000",17.293270111084
"CI","2026-08-10T16:00:00.000000",17.6572952270508
"CI","2026-08-10T17:00:00.000000",18.0093231201172
"CI","2026-08-10T18:00:00.000000",18.2078380584717
"CI","2026-08-10T19:00:00.000000",18.3680076599121
"CI","2026-08-10T20:00:00.000000",18.3489742279053
"CI","2026-08-10T21:00:00.000000",18.1488056182861
"CI","2026-08-10T22:00:00.000000",17.9018402099609
"CI","2026-08-10T23:00:00.000000",17.0936622619629
"CI","2026-08-11T00:00:00.000000",16.3946514129639
"CI","2026-08-11T01:00:00.000000",16.1838283538818
"CI","2026-08-11T02:00:00.000000",16.2927093505859
"CI","2026-08-11T03:00:00.000000",16.8806858062744
"CI","2026-08-11T04:00:00.000000",17.495246887207
"CI","2026-08-11T05:00:00.000000",17.9856338500977
"CI","2026-08-11T06:00:00.000000",18.32053565979
"CI","2026-08-11T07:00:00.000000",18.5192642211914
"CI","2026-08-11T08:00:00.000000",18.6161861419678
"CI","2026-08-11T09:00:00.000000",18.6034278869629
"CI","2026-08-11T10:00:00.000000",18.3959312438965
"CI","2026-08-11T11:00:00.000000",17.9339447021484
"CI","2026-08-11T12:00:00.000000",16.5523586273193
"CI","2026-08-11T13:00:00.000000",15.4695463180542
"CI","2026-08-11T14:00:00.000000",15.0791826248169
"CI","2026-08-11T15:00:00.000000",15.3203058242798
"CI","2026-08-11T16:00:00.000000",16.4233150482178
"CI","2026-08-11T17:00:00.000000",17.5976600646973
"CI","2026-08-11T18:00:00.000000",18.1821041107178
"CI","2026-08-11T19:00:00.000000",18.5226745605469
"CI","2026-08-11T20:00:00.000000",18.7279930114746
"CI","2026-08-11T21:00:00.000000",18.7619800567627
"CI","2026-08-11T22:00:00.000000",18.2008209228516
"CI","2026-08-11T23:00:00.000000",17.5452785491943
"CI","2026-08-12T00:00:00.000000",16.8384552001953
"CI","2026-08-12T01:00:00.000000",16.4128112792969
"CI","2026-08-12T02:00:00.000000",16.1744976043701
"CI","2026-08-12T03:00:00.000000",16.2650699615479
"CI","2026-08-12T04:00:00.000000",16.7696895599365
"CI","2026-08-12T05:00:00.000000",17.3971424102783
"CI","2026-08-12T06:00:00.000000",17.8754940032959
"CI","2026-08-12T07:00:00.000000",18.2109661102295
"CI","2026-08-12T08:00:00.000000",18.451810836792
"CI","2026-08-12T09:00:00.000000",18.6119709014893
"CI","2026-08-12T10:00:00.000000",18.6413230895996
"CI","2026-08-12T11:00:00.000000",18.1539211273193
"CI","2026-08-12T12:00:00.000000",17.5954723358154
"CI","2026-08-12T13:00:00.000000",16.9540748596191
"CI","2026-08-12T14:00:00.000000",16.7138919830322
"CI","2026-08-12T15:00:00.000000",16.7294883728027
"CI","2026-08-12T16:00:00.000000",16.7823390960693
"CI","2026-08-12T17:00:00.000000",17.0374927520752
"CI","2026-08-12T18:00:00.000000",17.5501251220703
"CI","2026-08-12T19:00:00.000000",17.9315948486328
"CI","2026-08-12T20:00:00.000000",18.1622734069824
"CI","2026-08-12T21:00:00.000000",18.3179111480713
"CI","2026-08-12T22:00:00.000000",18.3197822570801
"CI","2026-08-12T23:00:00.000000",17.9932899475098
"CI","2026-08-13T00:00:00.000000",17.7021312713623
"CI","2026-08-13T01:00:00.000000",16.8888492584229
"CI","2026-08-13T02:00:00.000000",16.2490634918213
"CI","2026-08-13T03:00:00.000000",16.0589866638184
"CI","2026-08-13T04:00:00.000000",16.1773643493652
"CI","2026-08-13T05:00:00.000000",16.6966323852539
"CI","2026-08-13T06:00:00.000000",17.3012599945068
"CI","2026-08-13T07:00:00.000000",17.7302932739258
"CI","2026-08-13T08:00:00.000000",18.0044288635254
"CI","2026-08-13T09:00:00.000000",18.1816940307617
"CI","2026-08-13T10:00:00.000000",18.3094043731689
"CI","2026-08-13T11:00:00.000000",18.1920948028564
"CI","2026-08-13T12:00:00.000000",17.8801250457764
"CI","2026-08-13T13:00:00.000000",17.0434017181396
"CI","2026-08-13T14:00:00.000000",15.6071605682373
"CI","2026-08-13T15:00:00.000000",14.8980331420898
"CI","2026-08-13T16:00:00.000000",14.7584648132324
"CI","2026-08-13T17:00:00.000000",14.9657411575317
"CI","2026-08-13T18:00:00.000000",16.0104885101318
"CI","2026-08-13T19:00:00.000000",16.9419536590576
"CI","2026-08-13T20:00:00.000000",17.4984855651855
"CI","2026-08-13T21:00:00.000000",17.8009757995605
"CI","2026-08-13T22:00:00.000000",17.9387817382812
"CI","2026-08-13T23:00:00.000000",17.798303604126
"CI","2026-08-14T00:00:00.000000",17.4852981567383
"CI","2026-08-14T01:00:00.000000",16.8071765899658
"CI","2026-08-14T02:00:00.000000",15.5966348648071
"CI","2026-08-14T03:00:00.000000",15.0494079589844
"CI","2026-08-14T04:00:00.000000",14.9058609008789
"CI","2026-08-14T05:00:00.000000",15.0038805007935
"CI","2026-08-14T06:00:00.000000",15.6254377365112
"CI","2026-08-14T07:00:00.000000",16.4610176086426
"CI","2026-08-14T08:00:00.000000",16.9975700378418
"CI","2026-08-14T09:00:00.000000",17.3301601409912
"CI","2026-08-14T10:00:00.000000",17.5114116668701
"CI","2026-08-14T11:00:00.000000",17.5535106658936
"CI","2026-08-14T12:00:00.000000",17.4430351257324
"CI","2026-08-14T13:00:00.000000",17.0816040039062
"CI","2026-08-14T14:00:00.000000",16.2386817932129
"CI","2026-08-14T15:00:00.000000",15.709641456604
"CI","2026-08-14T16:00:00.000000",15.6381092071533
"CI","2026-08-14T17:00:00.000000",15.6596479415894
"CI","2026-08-14T18:00:00.000000",15.6989450454712
"CI","2026-08-14T19:00:00.000000",16.115743637085
"CI","2026-08-14T20:00:00.000000",16.6414527893066
"CI","2026-08-14T21:00:00.000000",17.0087985992432
"CI","2026-08-14T22:00:00.000000",17.1922264099121
"CI","2026-08-14T23:00:00.000000",17.2735824584961
"CI","2026-08-15T00:00:00.000000",17.3015480041504
"CI","2026-08-15T01:00:00.000000",16.8650150299072
"CI","2026-08-15T02:00:00.000000",16.4208583831787
"CI","2026-08-15T03:00:00.000000",15.5132637023926
"CI","2026-08-15T04:00:00.000000",15.0555391311646
"CI","2026-08-15T05:00:00.000000",14.9488277435303
"CI","2026-08-15T06:00:00.000000",15.0467348098755
"CI","2026-08-15T07:00:00.000000",15.6041097640991
"CI","2026-08-15T08:00:00.000000",16.281192779541
"CI","2026-08-15T09:00:00.000000",16.6533756256104
"CI","2026-08-15T10:00:00.000000",16.8415374755859
"CI","2026-08-15T11:00:00.000000",16.9383125305176
"CI","2026-08-15T12:00:00.000000",16.9806060791016
"CI","2026-08-15T13:00:00.000000",16.9016628265381
"CI","2026-08-15T14:00:00.000000",16.5382137298584
"CI","2026-08-15T15:00:00.000000",16.0467910766602
"CI","2026-08-15T16:00:00.000000",16.0050525665283
"CI","2026-08-15T17:00:00.000000",16.1248893737793
"CI","2026-08-15T18:00:00.000000",16.1983165740967
"CI","2026-08-15T19:00:00.000000",16.1576309204102
"CI","2026-08-15T20:00:00.000000",16.2736358642578
"CI","2026-08-15T21:00:00.000000",16.5181446075439
"CI","2026-08-15T22:00:00.000000",16.7092971801758
"CI","2026-08-15T23:00:00.000000",16.8252582550049
"CI","2026-08-16T00:00:00.000000",16.8745632171631
"CI","2026-08-16T01:00:00.000000",16.8394813537598
"CI","2026-08-16T02:00:00.000000",16.6584434509277
"CI","2026-08-16T03:00:00.000000",16.4169540405273
"CI","2026-08-16T04:00:00.000000",16.0584831237793
"CI","2026-08-16T05:00:00.000000",15.8434066772461
"CI","2026-08-16T06:00:00.000000",15.8080797195435
"CI","2026-08-16T07:00:00.000000",15.8929662704468
"CI","2026-08-16T08:00:00.000000",16.2435626983643
"CI","2026-08-16T09:00:00.000000",16.5127658843994
"CI","2026-08-16T10:00:00.000000",16.6681613922119
"CI","2026-08-16T11:00:00.000000",16.766185760498
"CI","2026-08-16T12:00:00.000000",16.8184509277344
"CI","2026-08-16T13:00:00.000000",16.8531894683838
"CI","2026-08-16T14:00:00.000000",16.7162952423096
"CI","2026-08-16T15:00:00.000000",16.5231418609619
"CI","2026-08-16T16:00:00.000000",15.7346725463867
"CI","2026-08-16T17:00:00.000000",15.12864112854
"CI","2026-08-16T18:00:00.000000",14.9280443191528
"CI","2026-08-16T19:00:00.000000",15.0043020248413
"CI","2026-08-16T20:00:00.000000",15.4891214370728
"CI","2026-08-16T21:00:00.000000",16.0895824432373
"CI","2026-08-16T22:00:00.000000",16.5124893188477
"CI","2026-08-16T23:00:00.000000",16.7089061737061
"CI","2026-08-17T00:00:00.000000",16.8265914916992
"DC","2026-08-09T00:00:00.000000",14.2426748275757
"DC","2026-08-09T01:00:00.000000",14.3136510848999
"DC","2026-08-09T02:00:00.000000",14.5835962295532
"DC","2026-08-09T03:00:00.000000",14.8515901565552
"DC","2026-08-09T04:00:00.000000",15.282169342041
"DC","2026-08-09T05:00:00.000000",15.4276762008667
"DC","2026-08-09T06:00:00.000000",15.324028968811
"DC","2026-08-09T07:00:00.000000",15.1590223312378
"DC","2026-08-09T08:00:00.000000",15.1878061294556
"DC","2026-08-09T09:00:00.000000",15.129376411438
"DC","2026-08-09T10:00:00.000000",14.9768800735474
"DC","2026-08-09T11:00:00.000000",14.8868579864502
"DC","2026-08-09T12:00:00.000000",14.869086265564
"DC","2026-08-09T13:00:00.000000",14.8938074111938
"DC","2026-08-09T14:00:00.000000",14.9887886047363
"DC","2026-08-09T15:00:00.000000",15.1870861053467
"DC","2026-08-09T16:00:00.000000",15.6153364181519
"DC","2026-08-09T17:00:00.000000",16.0496120452881
"DC","2026-08-09T18:00:00.000000",15.8947782516479
"DC","2026-08-09T19:00:00.000000",15.3895235061646
"DC","2026-08-09T20:00:00.000000",14.8940467834473
"DC","2026-08-09T21:00:00.000000",14.7462034225464
"DC","2026-08-09T22:00:00.000000",14.6990566253662
"DC","2026-08-09T23:00:00.000000",14.7659540176392
"DC","2026-08-10T00:00:00.000000",14.831205368042
"DC","2026-08-10T01:00:00.000000",14.8555507659912
"DC","2026-08-10T02:00:00.000000",14.9218511581421
"DC","2026-08-10T03:00:00.000000",15.3046703338623
"DC","2026-08-10T04:00:00.000000",15.9593172073364
"DC","2026-08-10T05:00:00.000000",16.8997764587402
"DC","2026-08-10T06:00:00.000000",17.411018371582
"DC","2026-08-10T07:00:00.000000",17.496223449707
"DC","2026-08-10T08:00:00.000000",17.3725776672363
"DC","2026-08-10T09:00:00.000000",16.9546775817871
"DC","2026-08-10T10:00:00.000000",16.6507339477539
"DC","2026-08-10T11:00:00.000000",16.2581996917725
"DC","2026-08-10T12:00:00.000000",16.0198059082031
"DC","2026-08-10T13:00:00.000000",15.8341178894043
"DC","2026-08-10T14:00:00.000000",15.7002267837524
"DC","2026-08-10T15:00:00.000000",15.6747150421143
"DC","2026-08-10T16:00:00.000000",15.6658334732056
"DC","2026-08-10T17:00:00.000000",15.6821823120117
"DC","2026-08-10T18:00:00.000000",15.5732688903809
"DC","2026-08-10T19:00:00.000000",15.4202947616577
"DC","2026-08-10T20:00:00.000000",15.1069250106812
"DC","2026-08-10T21:00:00.000000",14.7368364334106
"DC","2026-08-10T22:00:00.000000",14.6120595932007
"DC","2026-08-10T23:00:00.000000",14.521448135376
"DC","2026-08-11T00:00:00.000000",14.5855903625488
"DC","2026-08-11T01:00:00.000000",14.7083930969238
"DC","2026-08-11T02:00:00.000000",14.7679653167725
"DC","2026-08-11T03:00:00.000000",14.7762479782104
"DC","2026-08-11T04:00:00.000000",14.8639936447144
"DC","2026-08-11T05:00:00.000000",15.0781574249268
"DC","2026-08-11T06:00:00.000000",15.611026763916
"DC","2026-08-11T07:00:00.000000",16.24880027771
"DC","2026-08-11T08:00:00.000000",16.4672470092773
"DC","2026-08-11T09:00:00.000000",16.22633934021
"DC","2026-08-11T10:00:00.000000",16.7003841400146
"DC","2026-08-11T11:00:00.000000",16.7936973571777
"DC","2026-08-11T12:00:00.000000",16.3243465423584
"DC","2026-08-11T13:00:00.000000",16.0353260040283
"DC","2026-08-11T14:00:00.000000",15.8749094009399
"DC","2026-08-11T15:00:00.000000",15.7608680725098
"DC","2026-08-11T16:00:00.000000",15.8877582550049
"DC","2026-08-11T17:00:00.000000",16.5194206237793
"DC","2026-08-11T18:00:00.000000",17.4605979919434
"DC","2026-08-11T19:00:00.000000",17.9954242706299
"DC","2026-08-11T20:00:00.000000",18.2406635284424
"DC","2026-08-11T21:00:00.000000",18.2783451080322
"DC","2026-08-11T22:00:00.000000",18.3939895629883
"DC","2026-08-11T23:00:00.000000",18.6752319335938
"DC","2026-08-12T00:00:00.000000",18.2469425201416
"DC","2026-08-12T01:00:00.000000",17.4380226135254
"DC","2026-08-12T02:00:00.000000",17.0545978546143
"DC","2026-08-12T03:00:00.000000",16.7998065948486
"DC","2026-08-12T04:00:00.000000",16.724084854126
"DC","2026-08-12T05:00:00.000000",16.8713893890381
"DC","2026-08-12T06:00:00.000000",17.6229877471924
"DC","2026-08-12T07:00:00.000000",18.4042549133301
"DC","2026-08-12T08:00:00.000000",18.7525424957275
"DC","2026-08-12T09:00:00.000000",18.8484802246094
"DC","2026-08-12T10:00:00.000000",19.084400177002
"DC","2026-08-12T11:00:00.000000",20.2235488891602
"DC","2026-08-12T12:00:00.000000",19.2927989959717
"DC","2026-08-12T13:00:00.000000",18.2634563446045
"DC","2026-08-12T14:00:00.000000",17.4236869812012
"DC","2026-08-12T15:00:00.000000",16.9117851257324
"DC","2026-08-12T16:00:00.000000",16.572338104248
"DC","2026-08-12T17:00:00.000000",16.4687080383301
"DC","2026-08-12T18:00:00.000000",16.3604888916016
"DC","2026-08-12T19:00:00.000000",16.2618293762207
"DC","2026-08-12T20:00:00.000000",16.1688423156738
"DC","2026-08-12T21:00:00.000000",17.4755344390869
"DC","2026-08-12T22:00:00.000000",17.0978164672852
"DC","2026-08-12T23:00:00.000000",17.3157520294189
"DC","2026-08-13T00:00:00.000000",17.3296966552734
"DC","2026-08-13T01:00:00.000000",16.7188377380371
"DC","2026-08-13T02:00:00.000000",16.0668926239014
"DC","2026-08-13T03:00:00.000000",15.6559591293335
"DC","2026-08-13T04:00:00.000000",15.460768699646
"DC","2026-08-13T05:00:00.000000",15.3672971725464
"DC","2026-08-13T06:00:00.000000",15.3856983184814
"DC","2026-08-13T07:00:00.000000",15.5869646072388
"DC","2026-08-13T08:00:00.000000",16.7447986602783
"DC","2026-08-13T09:00:00.000000",17.8376045227051
"DC","2026-08-13T10:00:00.000000",18.26881980896
"DC","2026-08-13T11:00:00.000000",18.9332828521729
"DC","2026-08-13T12:00:00.000000",18.4620170593262
"DC","2026-08-13T13:00:00.000000",17.2295265197754
"DC","2026-08-13T14:00:00.000000",16.5037670135498
"DC","2026-08-13T15:00:00.000000",16.2274341583252
"DC","2026-08-13T16:00:00.000000",16.1104602813721
"DC","2026-08-13T17:00:00.000000",16.0415191650391
"DC","2026-08-13T18:00:00.000000",16.0353412628174
"DC","2026-08-13T19:00:00.000000",16.0544567108154
"DC","2026-08-13T20:00:00.000000",16.0445747375488
"DC","2026-08-13T21:00:00.000000",17.5576820373535
"DC","2026-08-13T22:00:00.000000",17.8608226776123
"DC","2026-08-13T23:00:00.000000",16.628812789917
"DC","2026-08-14T00:00:00.000000",16.1924057006836
"DC","2026-08-14T01:00:00.000000",16.1846408843994
"DC","2026-08-14T02:00:00.000000",16.4419078826904
"DC","2026-08-14T03:00:00.000000",16.2430992126465
"DC","2026-08-14T04:00:00.000000",16.0783195495605
"DC","2026-08-14T05:00:00.000000",15.9451856613159
"DC","2026-08-14T06:00:00.000000",15.9931669235229
"DC","2026-08-14T07:00:00.000000",16.3657531738281
"DC","2026-08-14T08:00:00.000000",17.1402568817139
"DC","2026-08-14T09:00:00.000000",17.7388648986816
"DC","2026-08-14T10:00:00.000000",17.9363288879395
"DC","2026-08-14T11:00:00.000000",17.9071922302246
"DC","2026-08-14T12:00:00.000000",17.5763187408447
"DC","2026-08-14T13:00:00.000000",17.1945781707764
"DC","2026-08-14T14:00:00.000000",16.8165225982666
"DC","2026-08-14T15:00:00.000000",16.5754508972168
"DC","2026-08-14T16:00:00.000000",16.4349670410156
"DC","2026-08-14T17:00:00.000000",16.3807716369629
"DC","2026-08-14T18:00:00.000000",16.3451385498047
"DC","2026-08-14T19:00:00.000000",16.4155426025391
"DC","2026-08-14T20:00:00.000000",16.4493064880371
"DC","2026-08-14T21:00:00.000000",16.5970096588135
"DC","2026-08-14T22:00:00.000000",17.6421318054199
"DC","2026-08-14T23:00:00.000000",17.8727188110352
"DC","2026-08-15T00:00:00.000000",17.4681930541992
"DC","2026-08-15T01:00:00.000000",16.9963970184326
"DC","2026-08-15T02:00:00.000000",17.1279048919678
"DC","2026-08-15T03:00:00.000000",16.9959735870361
"DC","2026-08-15T04:00:00.000000",16.824728012085
"DC","2026-08-15T05:00:00.000000",16.7853965759277
"DC","2026-08-15T06:00:00.000000",16.8526744842529
"DC","2026-08-15T07:00:00.000000",16.9734230041504
"DC","2026-08-15T08:00:00.000000",17.1792640686035
"DC","2026-08-15T09:00:00.000000",17.4313735961914
"DC","2026-08-15T10:00:00.000000",17.6358051300049
"DC","2026-08-15T11:00:00.000000",17.7548904418945
"DC","2026-08-15T12:00:00.000000",17.6188735961914
"DC","2026-08-15T13:00:00.000000",17.2685070037842
"DC","2026-08-15T14:00:00.000000",16.9091815948486
"DC","2026-08-15T15:00:00.000000",16.6672592163086
"DC","2026-08-15T16:00:00.000000",16.4683799743652
"DC","2026-08-15T17:00:00.000000",16.3891067504883
"DC","2026-08-15T18:00:00.000000",16.3022937774658
"DC","2026-08-15T19:00:00.000000",16.2713851928711
"DC","2026-08-15T20:00:00.000000",16.2612571716309
"DC","2026-08-15T21:00:00.000000",16.2157745361328
"DC","2026-08-15T22:00:00.000000",16.2987060546875
"DC","2026-08-15T23:00:00.000000",17.2618350982666
"DC","2026-08-16T00:00:00.000000",17.07497215271
"DC","2026-08-16T01:00:00.000000",16.3975238800049
"DC","2026-08-16T02:00:00.000000",16.0707759857178
"DC","2026-08-16T03:00:00.000000",15.9172945022583
"DC","2026-08-16T04:00:00.000000",15.7034149169922
"DC","2026-08-16T05:00:00.000000",15.4867820739746
"DC","2026-08-16T06:00:00.000000",15.3054275512695
"DC","2026-08-16T07:00:00.000000",15.1953601837158
"DC","2026-08-16T08:00:00.000000",15.1089506149292
"DC","2026-08-16T09:00:00.000000",15.0605936050415
"DC","2026-08-16T10:00:00.000000",15.1078100204468
"DC","2026-08-16T11:00:00.000000",17.103385925293
"DC","2026-08-16T12:00:00.000000",17.2668972015381
"DC","2026-08-16T13:00:00.000000",17.0387096405029
"DC","2026-08-16T14:00:00.000000",16.5045852661133
"DC","2026-08-16T15:00:00.000000",15.9864253997803
"DC","2026-08-16T16:00:00.000000",15.4449996948242
"DC","2026-08-16T17:00:00.000000",15.1375875473022
"DC","2026-08-16T18:00:00.000000",14.917462348938
"DC","2026-08-16T19:00:00.000000",14.7321472167969
"DC","2026-08-16T20:00:00.000000",14.5474901199341
"DC","2026-08-16T21:00:00.000000",14.3301391601562
"DC","2026-08-16T22:00:00.000000",14.2334442138672
"DC","2026-08-16T23:00:00.000000",14.4108781814575
"DC","2026-08-17T00:00:00.000000",15.652304649353
"LH","2026-08-09T00:00:00.000000",16.0866050720215
"LH","2026-08-09T01:00:00.000000",16.0889911651611
"LH","2026-08-09T02:00:00.000000",16.1642570495605
"LH","2026-08-09T03:00:00.000000",16.2912940979004
"LH","2026-08-09T04:00:00.000000",16.6311836242676
"LH","2026-08-09T05:00:00.000000",17.0685062408447
"LH","2026-08-09T06:00:00.000000",17.1494941711426
"LH","2026-08-09T07:00:00.000000",16.9523162841797
"LH","2026-08-09T08:00:00.000000",16.8429889678955
"LH","2026-08-09T09:00:00.000000",16.658145904541
"LH","2026-08-09T10:00:00.000000",16.4470672607422
"LH","2026-08-09T11:00:00.000000",16.2891254425049
"LH","2026-08-09T12:00:00.000000",16.1836795806885
"LH","2026-08-09T13:00:00.000000",16.1345157623291
"LH","2026-08-09T14:00:00.000000",16.1325378417969
"LH","2026-08-09T15:00:00.000000",16.2009658813477
"LH","2026-08-09T16:00:00.000000",16.2964897155762
"LH","2026-08-09T17:00:00.000000",16.5554809570312
"LH","2026-08-09T18:00:00.000000",16.6336612701416
"LH","2026-08-09T19:00:00.000000",16.5116271972656
"LH","2026-08-09T20:00:00.000000",16.4291896820068
"LH","2026-08-09T21:00:00.000000",16.3467769622803
"LH","2026-08-09T22:00:00.000000",16.1277751922607
"LH","2026-08-09T23:00:00.000000",15.9225540161133
"LH","2026-08-10T00:00:00.000000",15.7887859344482
"LH","2026-08-10T01:00:00.000000",15.738712310791
"LH","2026-08-10T02:00:00.000000",15.7440509796143
"LH","2026-08-10T03:00:00.000000",15.8320713043213
"LH","2026-08-10T04:00:00.000000",15.9991540908813
"LH","2026-08-10T05:00:00.000000",16.5263175964355
"LH","2026-08-10T06:00:00.000000",17.1827144622803
"LH","2026-08-10T07:00:00.000000",17.322883605957
"LH","2026-08-10T08:00:00.000000",17.0066471099854
"LH","2026-08-10T09:00:00.000000",16.7015476226807
"LH","2026-08-10T10:00:00.000000",16.3923931121826
"LH","2026-08-10T11:00:00.000000",16.1119480133057
"LH","2026-08-10T12:00:00.000000",15.9674730300903
"LH","2026-08-10T13:00:00.000000",15.9057464599609
"LH","2026-08-10T14:00:00.000000",15.8549098968506
"LH","2026-08-10T15:00:00.000000",15.8745260238647
"LH","2026-08-10T16:00:00.000000",15.9812755584717
"LH","2026-08-10T17:00:00.000000",16.1271820068359
"LH","2026-08-10T18:00:00.000000",16.6230068206787
"LH","2026-08-10T19:00:00.000000",16.8016014099121
"LH","2026-08-10T20:00:00.000000",16.6950950622559
"LH","2026-08-10T21:00:00.000000",16.60915184021
"LH","2026-08-10T22:00:00.000000",16.7463493347168
"LH","2026-08-10T23:00:00.000000",16.8343372344971
"LH","2026-08-11T00:00:00.000000",16.8536472320557
"LH","2026-08-11T01:00:00.000000",16.8275451660156
"LH","2026-08-11T02:00:00.000000",16.7870845794678
"LH","2026-08-11T03:00:00.000000",16.7902565002441
"LH","2026-08-11T04:00:00.000000",16.944507598877
"LH","2026-08-11T05:00:00.000000",17.2759017944336
"LH","2026-08-11T06:00:00.000000",17.6365814208984
"LH","2026-08-11T07:00:00.000000",17.8464050292969
"LH","2026-08-11T08:00:00.000000",17.9615039825439
"LH","2026-08-11T09:00:00.000000",17.8166923522949
"LH","2026-08-11T10:00:00.000000",17.7649326324463
"LH","2026-08-11T11:00:00.000000",17.5042209625244
"LH","2026-08-11T12:00:00.000000",17.1189403533936
"LH","2026-08-11T13:00:00.000000",16.8466129302979
"LH","2026-08-11T14:00:00.000000",16.608470916748
"LH","2026-08-11T15:00:00.000000",16.4224338531494
"LH","2026-08-11T16:00:00.000000",16.3592872619629
"LH","2026-08-11T17:00:00.000000",16.4070224761963
"LH","2026-08-11T18:00:00.000000",16.5884227752686
"LH","2026-08-11T19:00:00.000000",17.1722030639648
"LH","2026-08-11T20:00:00.000000",17.5003356933594
"LH","2026-08-11T21:00:00.000000",17.3587913513184
"LH","2026-08-11T22:00:00.000000",17.0905017852783
"LH","2026-08-11T23:00:00.000000",16.6751346588135
"LH","2026-08-12T00:00:00.000000",16.2517852783203
"LH","2026-08-12T01:00:00.000000",15.9647178649902
"LH","2026-08-12T02:00:00.000000",15.8079624176025
"LH","2026-08-12T03:00:00.000000",15.7611513137817
"LH","2026-08-12T04:00:00.000000",15.7414541244507
"LH","2026-08-12T05:00:00.000000",15.8464260101318
"LH","2026-08-12T06:00:00.000000",16.2110576629639
"LH","2026-08-12T07:00:00.000000",16.8955917358398
"LH","2026-08-12T08:00:00.000000",17.7714138031006
"LH","2026-08-12T09:00:00.000000",18.0417327880859
"LH","2026-08-12T10:00:00.000000",17.5405082702637
"LH","2026-08-12T11:00:00.000000",17.0808753967285
"LH","2026-08-12T12:00:00.000000",16.5541820526123
"LH","2026-08-12T13:00:00.000000",16.2809734344482
"LH","2026-08-12T14:00:00.000000",16.1310272216797
"LH","2026-08-12T15:00:00.000000",16.0790596008301
"LH","2026-08-12T16:00:00.000000",16.0637626647949
"LH","2026-08-12T17:00:00.000000",16.1252574920654
"LH","2026-08-12T18:00:00.000000",16.3659629821777
"LH","2026-08-12T19:00:00.000000",16.7459163665771
"LH","2026-08-12T20:00:00.000000",17.2741851806641
"LH","2026-08-12T21:00:00.000000",17.5611476898193
"LH","2026-08-12T22:00:00.000000",17.5413970947266
"LH","2026-08-12T23:00:00.000000",17.2540702819824
"LH","2026-08-13T00:00:00.000000",16.8262729644775
"LH","2026-08-13T01:00:00.000000",16.7563285827637
"LH","2026-08-13T02:00:00.000000",16.7657814025879
"LH","2026-08-13T03:00:00.000000",16.784688949585
"LH","2026-08-13T04:00:00.000000",16.7888126373291
"LH","2026-08-13T05:00:00.000000",16.7950191497803
"LH","2026-08-13T06:00:00.000000",16.8170185089111
"LH","2026-08-13T07:00:00.000000",16.9300212860107
"LH","2026-08-13T08:00:00.000000",17.2099647521973
"LH","2026-08-13T09:00:00.000000",17.5457210540771
"LH","2026-08-13T10:00:00.000000",17.7259845733643
"LH","2026-08-13T11:00:00.000000",17.5689888000488
"LH","2026-08-13T12:00:00.000000",17.3085155487061
"LH","2026-08-13T13:00:00.000000",16.8581027984619
"LH","2026-08-13T14:00:00.000000",16.5080661773682
"LH","2026-08-13T15:00:00.000000",16.3174057006836
"LH","2026-08-13T16:00:00.000000",16.2201957702637
"LH","2026-08-13T17:00:00.000000",16.1733341217041
"LH","2026-08-13T18:00:00.000000",16.2092876434326
"LH","2026-08-13T19:00:00.000000",16.3994922637939
"LH","2026-08-13T20:00:00.000000",16.8030643463135
"LH","2026-08-13T21:00:00.000000",17.2301425933838
"LH","2026-08-13T22:00:00.000000",17.3067989349365
"LH","2026-08-13T23:00:00.000000",17.1003532409668
"LH","2026-08-14T00:00:00.000000",16.8079891204834
"LH","2026-08-14T01:00:00.000000",16.5455074310303
"LH","2026-08-14T02:00:00.000000",16.3974647521973
"LH","2026-08-14T03:00:00.000000",16.334981918335
"LH","2026-08-14T04:00:00.000000",16.2970142364502
"LH","2026-08-14T05:00:00.000000",16.2661590576172
"LH","2026-08-14T06:00:00.000000",16.2641105651855
"LH","2026-08-14T07:00:00.000000",16.3224468231201
"LH","2026-08-14T08:00:00.000000",16.4481353759766
"LH","2026-08-14T09:00:00.000000",16.6251373291016
"LH","2026-08-14T10:00:00.000000",16.8042316436768
"LH","2026-08-14T11:00:00.000000",16.853141784668
"LH","2026-08-14T12:00:00.000000",16.75315284729
"LH","2026-08-14T13:00:00.000000",16.5304927825928
"LH","2026-08-14T14:00:00.000000",16.2608375549316
"LH","2026-08-14T15:00:00.000000",16.0895690917969
"LH","2026-08-14T16:00:00.000000",16.0011253356934
"LH","2026-08-14T17:00:00.000000",15.9692430496216
"LH","2026-08-14T18:00:00.000000",15.9491891860962
"LH","2026-08-14T19:00:00.000000",15.9909744262695
"LH","2026-08-14T20:00:00.000000",16.1183681488037
"LH","2026-08-14T21:00:00.000000",16.3745346069336
"LH","2026-08-14T22:00:00.000000",16.7399024963379
"LH","2026-08-14T23:00:00.000000",16.8311100006104
"LH","2026-08-15T00:00:00.000000",16.6995620727539
"LH","2026-08-15T01:00:00.000000",16.491340637207
"LH","2026-08-15T02:00:00.000000",16.2403621673584
"LH","2026-08-15T03:00:00.000000",16.0971412658691
"LH","2026-08-15T04:00:00.000000",16.0231990814209
"LH","2026-08-15T05:00:00.000000",15.9893836975098
"LH","2026-08-15T06:00:00.000000",15.9619140625
"LH","2026-08-15T07:00:00.000000",15.9611396789551
"LH","2026-08-15T08:00:00.000000",16.0167808532715
"LH","2026-08-15T09:00:00.000000",16.1500072479248
"LH","2026-08-15T10:00:00.000000",16.3657283782959
"LH","2026-08-15T11:00:00.000000",16.5059547424316
"LH","2026-08-15T12:00:00.000000",16.4543228149414
"LH","2026-08-15T13:00:00.000000",16.3636074066162
"LH","2026-08-15T14:00:00.000000",16.1658115386963
"LH","2026-08-15T15:00:00.000000",15.9354667663574
"LH","2026-08-15T16:00:00.000000",15.7778787612915
"LH","2026-08-15T17:00:00.000000",15.715799331665
"LH","2026-08-15T18:00:00.000000",15.6969223022461
"LH","2026-08-15T19:00:00.000000",15.6931705474854
"LH","2026-08-15T20:00:00.000000",15.7660093307495
"LH","2026-08-15T21:00:00.000000",15.9330816268921
"LH","2026-08-15T22:00:00.000000",16.2277431488037
"LH","2026-08-15T23:00:00.000000",16.4866638183594
"LH","2026-08-16T00:00:00.000000",16.5250434875488
"LH","2026-08-16T01:00:00.000000",16.3667125701904
"LH","2026-08-16T02:00:00.000000",16.222864151001
"LH","2026-08-16T03:00:00.000000",15.9859895706177
"LH","2026-08-16T04:00:00.000000",15.8520393371582
"LH","2026-08-16T05:00:00.000000",15.7922506332397
"LH","2026-08-16T06:00:00.000000",15.7719259262085
"LH","2026-08-16T07:00:00.000000",15.76185131073
"LH","2026-08-16T08:00:00.000000",15.777606010437
"LH","2026-08-16T09:00:00.000000",15.8633975982666
"LH","2026-08-16T10:00:00.000000",16.0548286437988
"LH","2026-08-16T11:00:00.000000",16.2879829406738
"LH","2026-08-16T12:00:00.000000",16.3830871582031
"LH","2026-08-16T13:00:00.000000",16.2956829071045
"LH","2026-08-16T14:00:00.000000",16.1666278839111
"LH","2026-08-16T15:00:00.000000",16.025146484375
"LH","2026-08-16T16:00:00.000000",15.8979377746582
"LH","2026-08-16T17:00:00.000000",15.8208074569702
"LH","2026-08-16T18:00:00.000000",15.7969560623169
"LH","2026-08-16T19:00:00.000000",15.7862148284912
"LH","2026-08-16T20:00:00.000000",15.8193883895874
"LH","2026-08-16T21:00:00.000000",15.9287528991699
"LH","2026-08-16T22:00:00.000000",16.076358795166
"LH","2026-08-16T23:00:00.000000",16.2318344116211
"LH","2026-08-17T00:00:00.000000",16.3435707092285
"NB","2026-08-09T00:00:00.000000",13.6257600784302
"NB","2026-08-09T01:00:00.000000",13.6090135574341
"NB","2026-08-09T02:00:00.000000",13.6099605560303
"NB","2026-08-09T03:00:00.000000",13.6155233383179
"NB","2026-08-09T04:00:00.000000",13.6264429092407
"NB","2026-08-09T05:00:00.000000",13.637619972229
"NB","2026-08-09T06:00:00.000000",13.6454305648804
"NB","2026-08-09T07:00:00.000000",13.6458501815796
"NB","2026-08-09T08:00:00.000000",13.6416816711426
"NB","2026-08-09T09:00:00.000000",13.6310663223267
"NB","2026-08-09T10:00:00.000000",13.6116390228271
"NB","2026-08-09T11:00:00.000000",13.5719079971313
"NB","2026-08-09T12:00:00.000000",13.5302896499634
"NB","2026-08-09T13:00:00.000000",13.4904947280884
"NB","2026-08-09T14:00:00.000000",13.4664611816406
"NB","2026-08-09T15:00:00.000000",13.4569826126099
"NB","2026-08-09T16:00:00.000000",13.4511404037476
"NB","2026-08-09T17:00:00.000000",13.4527044296265
"NB","2026-08-09T18:00:00.000000",13.4553241729736
"NB","2026-08-09T19:00:00.000000",13.4482555389404
"NB","2026-08-09T20:00:00.000000",13.4177093505859
"NB","2026-08-09T21:00:00.000000",13.4025535583496
"NB","2026-08-09T22:00:00.000000",13.3967990875244
"NB","2026-08-09T23:00:00.000000",13.3918418884277
"NB","2026-08-10T00:00:00.000000",13.3868436813354
"NB","2026-08-10T01:00:00.000000",13.3871431350708
"NB","2026-08-10T02:00:00.000000",13.3926210403442
"NB","2026-08-10T03:00:00.000000",13.3971796035767
"NB","2026-08-10T04:00:00.000000",13.4003610610962
"NB","2026-08-10T05:00:00.000000",13.4094772338867
"NB","2026-08-10T06:00:00.000000",13.4246110916138
"NB","2026-08-10T07:00:00.000000",13.4375333786011
"NB","2026-08-10T08:00:00.000000",13.4448518753052
"NB","2026-08-10T09:00:00.000000",13.4371614456177
"NB","2026-08-10T10:00:00.000000",13.42857837677
"NB","2026-08-10T11:00:00.000000",13.4159669876099
"NB","2026-08-10T12:00:00.000000",13.400728225708
"NB","2026-08-10T13:00:00.000000",13.3887062072754
"NB","2026-08-10T14:00:00.000000",13.3872680664062
"NB","2026-08-10T15:00:00.000000",13.3930721282959
"NB","2026-08-10T16:00:00.000000",13.4003267288208
"NB","2026-08-10T17:00:00.000000",13.4152431488037
"NB","2026-08-10T18:00:00.000000",13.4391622543335
"NB","2026-08-10T19:00:00.000000",13.4595718383789
"NB","2026-08-10T20:00:00.000000",13.4763402938843
"NB","2026-08-10T21:00:00.000000",13.4842987060547
"NB","2026-08-10T22:00:00.000000",13.4946928024292
"NB","2026-08-10T23:00:00.000000",13.5197601318359
"NB","2026-08-11T00:00:00.000000",13.5712795257568
"NB","2026-08-11T01:00:00.000000",13.6753549575806
"NB","2026-08-11T02:00:00.000000",13.8531942367554
"NB","2026-08-11T03:00:00.000000",14.1336765289307
"NB","2026-08-11T04:00:00.000000",14.3851270675659
"NB","2026-08-11T05:00:00.000000",14.5897207260132
"NB","2026-08-11T06:00:00.000000",14.8049535751343
"NB","2026-08-11T07:00:00.000000",14.978217124939
"NB","2026-08-11T08:00:00.000000",15.1164169311523
"NB","2026-08-11T09:00:00.000000",15.260048866272
"NB","2026-08-11T10:00:00.000000",15.3558177947998
"NB","2026-08-11T11:00:00.000000",15.3343238830566
"NB","2026-08-11T12:00:00.000000",15.1345300674438
"NB","2026-08-11T13:00:00.000000",14.7582483291626
"NB","2026-08-11T14:00:00.000000",14.4298124313354
"NB","2026-08-11T15:00:00.000000",14.2508974075317
"NB","2026-08-11T16:00:00.000000",14.1550722122192
"NB","2026-08-11T17:00:00.000000",14.0905590057373
"NB","2026-08-11T18:00:00.000000",14.0638370513916
"NB","2026-08-11T19:00:00.000000",14.045919418335
"NB","2026-08-11T20:00:00.000000",14.0205535888672
"NB","2026-08-11T21:00:00.000000",13.9970693588257
"NB","2026-08-11T22:00:00.000000",13.9820375442505
"NB","2026-08-11T23:00:00.000000",13.9824886322021
"NB","2026-08-12T00:00:00.000000",13.9807157516479
"NB","2026-08-12T01:00:00.000000",13.9793224334717
"NB","2026-08-12T02:00:00.000000",13.9659814834595
"NB","2026-08-12T03:00:00.000000",13.9542932510376
"NB","2026-08-12T04:00:00.000000",13.953330039978
"NB","2026-08-12T05:00:00.000000",13.9614582061768
"NB","2026-08-12T06:00:00.000000",13.9661378860474
"NB","2026-08-12T07:00:00.000000",13.9742441177368
"NB","2026-08-12T08:00:00.000000",13.989143371582
"NB","2026-08-12T09:00:00.000000",13.9890203475952
"NB","2026-08-12T10:00:00.000000",13.982684135437
"NB","2026-08-12T11:00:00.000000",13.9762668609619
"NB","2026-08-12T12:00:00.000000",13.9766788482666
"NB","2026-08-12T13:00:00.000000",13.9795293807983
"NB","2026-08-12T14:00:00.000000",13.9808912277222
"NB","2026-08-12T15:00:00.000000",13.9820566177368
"NB","2026-08-12T16:00:00.000000",13.9875831604004
"NB","2026-08-12T17:00:00.000000",14.0004825592041
"NB","2026-08-12T18:00:00.000000",14.1320037841797
"NB","2026-08-12T19:00:00.000000",14.2928504943848
"NB","2026-08-12T20:00:00.000000",14.4325942993164
"NB","2026-08-12T21:00:00.000000",14.5335788726807
"NB","2026-08-12T22:00:00.000000",14.5559406280518
"NB","2026-08-12T23:00:00.000000",14.5400581359863
"NB","2026-08-13T00:00:00.000000",14.5222034454346
"NB","2026-08-13T01:00:00.000000",14.5092296600342
"NB","2026-08-13T02:00:00.000000",14.5047006607056
"NB","2026-08-13T03:00:00.000000",14.5085134506226
"NB","2026-08-13T04:00:00.000000",14.5198459625244
"NB","2026-08-13T05:00:00.000000",14.5305376052856
"NB","2026-08-13T06:00:00.000000",14.5453624725342
"NB","2026-08-13T07:00:00.000000",14.5672540664673
"NB","2026-08-13T08:00:00.000000",14.6011791229248
"NB","2026-08-13T09:00:00.000000",14.6475210189819
"NB","2026-08-13T10:00:00.000000",14.724232673645
"NB","2026-08-13T11:00:00.000000",14.8860778808594
"NB","2026-08-13T12:00:00.000000",15.0513181686401
"NB","2026-08-13T13:00:00.000000",15.1348552703857
"NB","2026-08-13T14:00:00.000000",15.1508703231812
"NB","2026-08-13T15:00:00.000000",15.0304412841797
"NB","2026-08-13T16:00:00.000000",14.8462066650391
"NB","2026-08-13T17:00:00.000000",14.6683959960938
"NB","2026-08-13T18:00:00.000000",14.5747156143188
"NB","2026-08-13T19:00:00.000000",14.5269556045532
"NB","2026-08-13T20:00:00.000000",14.517258644104
"NB","2026-08-13T21:00:00.000000",14.5238418579102
"NB","2026-08-13T22:00:00.000000",14.5347785949707
"NB","2026-08-13T23:00:00.000000",14.5342702865601
"NB","2026-08-14T00:00:00.000000",14.5203666687012
"NB","2026-08-14T01:00:00.000000",14.5134658813477
"NB","2026-08-14T02:00:00.000000",14.5157012939453
"NB","2026-08-14T03:00:00.000000",14.52419090271
"NB","2026-08-14T04:00:00.000000",14.5361280441284
"NB","2026-08-14T05:00:00.000000",14.6099166870117
"NB","2026-08-14T06:00:00.000000",14.6293525695801
"NB","2026-08-14T07:00:00.000000",14.6262035369873
"NB","2026-08-14T08:00:00.000000",14.6229276657104
"NB","2026-08-14T09:00:00.000000",14.6213426589966
"NB","2026-08-14T10:00:00.000000",14.6190671920776
"NB","2026-08-14T11:00:00.000000",14.6242122650146
"NB","2026-08-14T12:00:00.000000",14.6227445602417
"NB","2026-08-14T13:00:00.000000",14.6099529266357
"NB","2026-08-14T14:00:00.000000",14.5755920410156
"NB","2026-08-14T15:00:00.000000",14.4983425140381
"NB","2026-08-14T16:00:00.000000",14.4080352783203
"NB","2026-08-14T17:00:00.000000",14.3303623199463
"NB","2026-08-14T18:00:00.000000",14.2995443344116
"NB","2026-08-14T19:00:00.000000",14.3017387390137
"NB","2026-08-14T20:00:00.000000",14.3077020645142
"NB","2026-08-14T21:00:00.000000",14.3216218948364
"NB","2026-08-14T22:00:00.000000",14.3418989181519
"NB","2026-08-14T23:00:00.000000",14.3566951751709
"NB","2026-08-15T00:00:00.000000",14.3891496658325
"NB","2026-08-15T01:00:00.000000",14.4056978225708
"NB","2026-08-15T02:00:00.000000",14.4335803985596
"NB","2026-08-15T03:00:00.000000",14.5129890441895
"NB","2026-08-15T04:00:00.000000",14.6179370880127
"NB","2026-08-15T05:00:00.000000",14.7053194046021
"NB","2026-08-15T06:00:00.000000",14.7719478607178
"NB","2026-08-15T07:00:00.000000",14.8187189102173
"NB","2026-08-15T08:00:00.000000",14.834490776062
"NB","2026-08-15T09:00:00.000000",14.828763961792
"NB","2026-08-15T10:00:00.000000",14.8141078948975
"NB","2026-08-15T11:00:00.000000",14.7906303405762
"NB","2026-08-15T12:00:00.000000",14.7479648590088
"NB","2026-08-15T13:00:00.000000",14.6633491516113
"NB","2026-08-15T14:00:00.000000",14.5761852264404
"NB","2026-08-15T15:00:00.000000",14.5071754455566
"NB","2026-08-15T16:00:00.000000",14.4640254974365
"NB","2026-08-15T17:00:00.000000",14.4509763717651
"NB","2026-08-15T18:00:00.000000",14.4537954330444
"NB","2026-08-15T19:00:00.000000",14.4622964859009
"NB","2026-08-15T20:00:00.000000",14.4767742156982
"NB","2026-08-15T21:00:00.000000",14.5383348464966
"NB","2026-08-15T22:00:00.000000",14.6583967208862
"NB","2026-08-15T23:00:00.000000",14.7297048568726
"NB","2026-08-16T00:00:00.000000",14.7515153884888
"NB","2026-08-16T01:00:00.000000",14.7571792602539
"NB","2026-08-16T02:00:00.000000",14.7655839920044
"NB","2026-08-16T03:00:00.000000",14.8542222976685
"NB","2026-08-16T04:00:00.000000",14.9364013671875
"NB","2026-08-16T05:00:00.000000",15.0162792205811
"NB","2026-08-16T06:00:00.000000",15.0579538345337
"NB","2026-08-16T07:00:00.000000",15.1073246002197
"NB","2026-08-16T08:00:00.000000",15.1627683639526
"NB","2026-08-16T09:00:00.000000",15.2211952209473
"NB","2026-08-16T10:00:00.000000",15.3010196685791
"NB","2026-08-16T11:00:00.000000",15.4014749526978
"NB","2026-08-16T12:00:00.000000",15.4261913299561
"NB","2026-08-16T13:00:00.000000",15.4225559234619
"NB","2026-08-16T14:00:00.000000",15.4109687805176
"NB","2026-08-16T15:00:00.000000",15.4005880355835
"NB","2026-08-16T16:00:00.000000",15.3917655944824
"NB","2026-08-16T17:00:00.000000",15.3828687667847
"NB","2026-08-16T18:00:00.000000",15.3618936538696
"NB","2026-08-16T19:00:00.000000",15.3365659713745
"NB","2026-08-16T20:00:00.000000",15.3675546646118
"NB","2026-08-16T21:00:00.000000",15.4487895965576
"NB","2026-08-16T22:00:00.000000",15.509744644165
"NB","2026-08-16T23:00:00.000000",15.547043800354
"NB","2026-08-17T00:00:00.000000",15.5522623062134
"PC","2026-08-09T00:00:00.000000",18.1440124511719
"PC","2026-08-09T01:00:00.000000",18.124792098999
"PC","2026-08-09T02:00:00.000000",18.1267719268799
"PC","2026-08-09T03:00:00.000000",18.1428680419922
"PC","2026-08-09T04:00:00.000000",18.1697425842285
"PC","2026-08-09T05:00:00.000000",18.2011547088623
"PC","2026-08-09T06:00:00.000000",18.2181205749512
"PC","2026-08-09T07:00:00.000000",18.2366886138916
"PC","2026-08-09T08:00:00.000000",18.2650909423828
"PC","2026-08-09T09:00:00.000000",18.2773246765137
"PC","2026-08-09T10:00:00.000000",18.2805843353271
"PC","2026-08-09T11:00:00.000000",18.279914855957
"PC","2026-08-09T12:00:00.000000",18.2711811065674
"PC","2026-08-09T13:00:00.000000",18.2618885040283
"PC","2026-08-09T14:00:00.000000",18.2621765136719
"PC","2026-08-09T15:00:00.000000",18.2726821899414
"PC","2026-08-09T16:00:00.000000",18.287052154541
"PC","2026-08-09T17:00:00.000000",18.3003597259521
"PC","2026-08-09T18:00:00.000000",18.311149597168
"PC","2026-08-09T19:00:00.000000",18.3331851959229
"PC","2026-08-09T20:00:00.000000",18.3762512207031
"PC","2026-08-09T21:00:00.000000",18.4031944274902
"PC","2026-08-09T22:00:00.000000",18.4141368865967
"PC","2026-08-09T23:00:00.000000",18.3935279846191
"PC","2026-08-10T00:00:00.000000",18.3165798187256
"PC","2026-08-10T01:00:00.000000",18.24977684021
"PC","2026-08-10T02:00:00.000000",18.2185897827148
"PC","2026-08-10T03:00:00.000000",18.2281913757324
"PC","2026-08-10T04:00:00.000000",18.2595081329346
"PC","2026-08-10T05:00:00.000000",18.3103694915771
"PC","2026-08-10T06:00:00.000000",18.3750553131104
"PC","2026-08-10T07:00:00.000000",18.4171733856201
"PC","2026-08-10T08:00:00.000000",18.4345874786377
"PC","2026-08-10T09:00:00.000000",18.4717254638672
"PC","2026-08-10T10:00:00.000000",18.4984111785889
"PC","2026-08-10T11:00:00.000000",18.4922981262207
"PC","2026-08-10T12:00:00.000000",18.4528865814209
"PC","2026-08-10T13:00:00.000000",18.3681545257568
"PC","2026-08-10T14:00:00.000000",18.3361282348633
"PC","2026-08-10T15:00:00.000000",18.3479881286621
"PC","2026-08-10T16:00:00.000000",18.3814506530762
"PC","2026-08-10T17:00:00.000000",18.4137897491455
"PC","2026-08-10T18:00:00.000000",18.4366626739502
"PC","2026-08-10T19:00:00.000000",18.4587116241455
"PC","2026-08-10T20:00:00.000000",18.4653625488281
"PC","2026-08-10T21:00:00.000000",18.4798622131348
"PC","2026-08-10T22:00:00.000000",18.4762115478516
"PC","2026-08-10T23:00:00.000000",18.4663314819336
"PC","2026-08-11T00:00:00.000000",18.4549808502197
"PC","2026-08-11T01:00:00.000000",18.425931930542
"PC","2026-08-11T02:00:00.000000",18.3957195281982
"PC","2026-08-11T03:00:00.000000",18.3821201324463
"PC","2026-08-11T04:00:00.000000",18.3947105407715
"PC","2026-08-11T05:00:00.000000",18.4274673461914
"PC","2026-08-11T06:00:00.000000",18.4671440124512
"PC","2026-08-11T07:00:00.000000",18.5213813781738
"PC","2026-08-11T08:00:00.000000",18.5544204711914
"PC","2026-08-11T09:00:00.000000",18.5565128326416
"PC","2026-08-11T10:00:00.000000",18.5785751342773
"PC","2026-08-11T11:00:00.000000",18.5989170074463
"PC","2026-08-11T12:00:00.000000",18.6036930084229
"PC","2026-08-11T13:00:00.000000",18.5998668670654
"PC","2026-08-11T14:00:00.000000",18.5770931243896
"PC","2026-08-11T15:00:00.000000",18.5355930328369
"PC","2026-08-11T16:00:00.000000",18.5176639556885
"PC","2026-08-11T17:00:00.000000",18.5219917297363
"PC","2026-08-11T18:00:00.000000",18.5655059814453
"PC","2026-08-11T19:00:00.000000",18.6296215057373
"PC","2026-08-11T20:00:00.000000",18.6912326812744
"PC","2026-08-11T21:00:00.000000",18.7136764526367
"PC","2026-08-11T22:00:00.000000",18.7347297668457
"PC","2026-08-11T23:00:00.000000",18.7348327636719
"PC","2026-08-12T00:00:00.000000",18.7102470397949
"PC","2026-08-12T01:00:00.000000",18.611852645874
"PC","2026-08-12T02:00:00.000000",18.4645900726318
"PC","2026-08-12T03:00:00.000000",18.3784008026123
"PC","2026-08-12T04:00:00.000000",18.3306846618652
"PC","2026-08-12T05:00:00.000000",18.3495559692383
"PC","2026-08-12T06:00:00.000000",18.4036540985107
"PC","2026-08-12T07:00:00.000000",18.481107711792
"PC","2026-08-12T08:00:00.000000",18.6027412414551
"PC","2026-08-12T09:00:00.000000",18.6784172058105
"PC","2026-08-12T10:00:00.000000",18.6922435760498
"PC","2026-08-12T11:00:00.000000",18.7094879150391
"PC","2026-08-12T12:00:00.000000",18.6342315673828
"PC","2026-08-12T13:00:00.000000",18.5092830657959
"PC","2026-08-12T14:00:00.000000",18.3935623168945
"PC","2026-08-12T15:00:00.000000",18.2802352905273
"PC","2026-08-12T16:00:00.000000",18.2518348693848
"PC","2026-08-12T17:00:00.000000",18.2852363586426
"PC","2026-08-12T18:00:00.000000",18.3550319671631
"PC","2026-08-12T19:00:00.000000",18.438289642334
"PC","2026-08-12T20:00:00.000000",18.5236396789551
"PC","2026-08-12T21:00:00.000000",18.5975399017334
"PC","2026-08-12T22:00:00.000000",18.6168193817139
"PC","2026-08-12T23:00:00.000000",18.6272754669189
"PC","2026-08-13T00:00:00.000000",18.5923519134521
"PC","2026-08-13T01:00:00.000000",18.419563293457
"PC","2026-08-13T02:00:00.000000",18.2929458618164
"PC","2026-08-13T03:00:00.000000",18.1989936828613
"PC","2026-08-13T04:00:00.000000",18.1631011962891
"PC","2026-08-13T05:00:00.000000",18.1502685546875
"PC","2026-08-13T06:00:00.000000",18.1762752532959
"PC","2026-08-13T07:00:00.000000",18.2192287445068
"PC","2026-08-13T08:00:00.000000",18.2843894958496
"PC","2026-08-13T09:00:00.000000",18.3737659454346
"PC","2026-08-13T10:00:00.000000",18.4115753173828
"PC","2026-08-13T11:00:00.000000",18.4252796173096
"PC","2026-08-13T12:00:00.000000",18.4460792541504
"PC","2026-08-13T13:00:00.000000",18.3953285217285
"PC","2026-08-13T14:00:00.000000",18.3101348876953
"PC","2026-08-13T15:00:00.000000",18.2377815246582
"PC","2026-08-13T16:00:00.000000",18.1373252868652
"PC","2026-08-13T17:00:00.000000",18.090503692627
"PC","2026-08-13T18:00:00.000000",18.0893535614014
"PC","2026-08-13T19:00:00.000000",18.127046585083
"PC","2026-08-13T20:00:00.000000",18.1773719787598
"PC","2026-08-13T21:00:00.000000",18.2376976013184
"PC","2026-08-13T22:00:00.000000",18.30641746521
"PC","2026-08-13T23:00:00.000000",18.3244361877441
"PC","2026-08-14T00:00:00.000000",18.341817855835
"PC","2026-08-14T01:00:00.000000",18.295877456665
"PC","2026-08-14T02:00:00.000000",18.1803340911865
"PC","2026-08-14T03:00:00.000000",18.0314960479736
"PC","2026-08-14T04:00:00.000000",17.8781356811523
"PC","2026-08-14T05:00:00.000000",17.7959938049316
"PC","2026-08-14T06:00:00.000000",17.7620429992676
"PC","2026-08-14T07:00:00.000000",17.7876586914062
"PC","2026-08-14T08:00:00.000000",17.8577194213867
"PC","2026-08-14T09:00:00.000000",17.9754447937012
"PC","2026-08-14T10:00:00.000000",18.08864402771
"PC","2026-08-14T11:00:00.000000",18.1210403442383
"PC","2026-08-14T12:00:00.000000",18.1509323120117
"PC","2026-08-14T13:00:00.000000",18.1757736206055
"PC","2026-08-14T14:00:00.000000",18.0339546203613
"PC","2026-08-14T15:00:00.000000",17.8616981506348
"PC","2026-08-14T16:00:00.000000",17.6906986236572
"PC","2026-08-14T17:00:00.000000",17.5693511962891
"PC","2026-08-14T18:00:00.000000",17.5496711730957
"PC","2026-08-14T19:00:00.000000",17.6047248840332
"PC","2026-08-14T20:00:00.000000",17.7019557952881
"PC","2026-08-14T21:00:00.000000",17.8218364715576
"PC","2026-08-14T22:00:00.000000",17.9372081756592
"PC","2026-08-14T23:00:00.000000",18.0075016021729
"PC","2026-08-15T00:00:00.000000",18.0024223327637
"PC","2026-08-15T01:00:00.000000",18.0310363769531
"PC","2026-08-15T02:00:00.000000",17.9729328155518
"PC","2026-08-15T03:00:00.000000",17.7206878662109
"PC","2026-08-15T04:00:00.000000",17.5487232208252
"PC","2026-08-15T05:00:00.000000",17.4304695129395
"PC","2026-08-15T06:00:00.000000",17.3663063049316
"PC","2026-08-15T07:00:00.000000",17.3467350006104
"PC","2026-08-15T08:00:00.000000",17.3722114562988
"PC","2026-08-15T09:00:00.000000",17.4433746337891
"PC","2026-08-15T10:00:00.000000",17.554859161377
"PC","2026-08-15T11:00:00.000000",17.6256923675537
"PC","2026-08-15T12:00:00.000000",17.647045135498
"PC","2026-08-15T13:00:00.000000",17.6854782104492
"PC","2026-08-15T14:00:00.000000",17.7184314727783
"PC","2026-08-15T15:00:00.000000",17.5824108123779
"PC","2026-08-15T16:00:00.000000",17.3863124847412
"PC","2026-08-15T17:00:00.000000",17.2304725646973
"PC","2026-08-15T18:00:00.000000",17.1475219726562
"PC","2026-08-15T19:00:00.000000",17.145881652832
"PC","2026-08-15T20:00:00.000000",17.1946048736572
"PC","2026-08-15T21:00:00.000000",17.2750511169434
"PC","2026-08-15T22:00:00.000000",17.373706817627
"PC","2026-08-15T23:00:00.000000",17.4668998718262
"PC","2026-08-16T00:00:00.000000",17.5082759857178
"PC","2026-08-16T01:00:00.000000",17.5339546203613
"PC","2026-08-16T02:00:00.000000",17.5679817199707
"PC","2026-08-16T03:00:00.000000",17.4761581420898
"PC","2026-08-16T04:00:00.000000",17.2537250518799
"PC","2026-08-16T05:00:00.000000",17.1234664916992
"PC","2026-08-16T06:00:00.000000",17.0510272979736
"PC","2026-08-16T07:00:00.000000",17.0094985961914
"PC","2026-08-16T08:00:00.000000",17.0112209320068
"PC","2026-08-16T09:00:00.000000",17.0415897369385
"PC","2026-08-16T10:00:00.000000",17.0852642059326
"PC","2026-08-16T11:00:00.000000",17.1460819244385
"PC","2026-08-16T12:00:00.000000",17.1978054046631
"PC","2026-08-16T13:00:00.000000",17.2224140167236
"PC","2026-08-16T14:00:00.000000",17.2610206604004
"PC","2026-08-16T15:00:00.000000",17.2545070648193
"PC","2026-08-16T16:00:00.000000",17.1762962341309
"PC","2026-08-16T17:00:00.000000",17.1066989898682
"PC","2026-08-16T18:00:00.000000",17.0507164001465
"PC","2026-08-16T19:00:00.000000",17.0114574432373
"PC","2026-08-16T20:00:00.000000",16.9879150390625
"PC","2026-08-16T21:00:00.000000",17.0086307525635
"PC","2026-08-16T22:00:00.000000",17.0694046020508
"PC","2026-08-16T23:00:00.000000",17.1367511749268
"PC","2026-08-17T00:00:00.000000",17.1954517364502
"PV","2026-08-09T00:00:00.000000",14.6001558303833
"PV","2026-08-09T01:00:00.000000",14.8543615341187
"PV","2026-08-09T02:00:00.000000",15.1057929992676
"PV","2026-08-09T03:00:00.000000",15.2187776565552
"PV","2026-08-09T04:00:00.000000",15.1970729827881
"PV","2026-08-09T05:00:00.000000",15.1932420730591
"PV","2026-08-09T06:00:00.000000",14.7622270584106
"PV","2026-08-09T07:00:00.000000",14.0387964248657
"PV","2026-08-09T08:00:00.000000",14.4325695037842
"PV","2026-08-09T09:00:00.000000",14.3721132278442
"PV","2026-08-09T10:00:00.000000",14.2840595245361
"PV","2026-08-09T11:00:00.000000",14.2687406539917
"PV","2026-08-09T12:00:00.000000",14.2970342636108
"PV","2026-08-09T13:00:00.000000",14.4675693511963
"PV","2026-08-09T14:00:00.000000",14.790488243103
"PV","2026-08-09T15:00:00.000000",14.9778528213501
"PV","2026-08-09T16:00:00.000000",15.0287780761719
"PV","2026-08-09T17:00:00.000000",15.0149698257446
"PV","2026-08-09T18:00:00.000000",14.9397325515747
"PV","2026-08-09T19:00:00.000000",14.4931793212891
"PV","2026-08-09T20:00:00.000000",14.1362047195435
"PV","2026-08-09T21:00:00.000000",14.1722354888916
"PV","2026-08-09T22:00:00.000000",14.0984573364258
"PV","2026-08-09T23:00:00.000000",14.0967884063721
"PV","2026-08-10T00:00:00.000000",14.0740394592285
"PV","2026-08-10T01:00:00.000000",14.1546773910522
"PV","2026-08-10T02:00:00.000000",14.3582191467285
"PV","2026-08-10T03:00:00.000000",14.597240447998
"PV","2026-08-10T04:00:00.000000",14.7743434906006
"PV","2026-08-10T05:00:00.000000",14.9041776657104
"PV","2026-08-10T06:00:00.000000",14.8561716079712
"PV","2026-08-10T07:00:00.000000",14.5782804489136
"PV","2026-08-10T08:00:00.000000",13.9564609527588
"PV","2026-08-10T09:00:00.000000",14.611011505127
"PV","2026-08-10T10:00:00.000000",14.6697187423706
"PV","2026-08-10T11:00:00.000000",14.420539855957
"PV","2026-08-10T12:00:00.000000",14.2919282913208
"PV","2026-08-10T13:00:00.000000",14.5307149887085
"PV","2026-08-10T14:00:00.000000",15.0827713012695
"PV","2026-08-10T15:00:00.000000",15.5707817077637
"PV","2026-08-10T16:00:00.000000",15.824200630188
"PV","2026-08-10T17:00:00.000000",15.920129776001
"PV","2026-08-10T18:00:00.000000",16.3323173522949
"PV","2026-08-10T19:00:00.000000",17.1549091339111
"PV","2026-08-10T20:00:00.000000",16.9637641906738
"PV","2026-08-10T21:00:00.000000",15.9328441619873
"PV","2026-08-10T22:00:00.000000",15.2700815200806
"PV","2026-08-10T23:00:00.000000",15.1017227172852
"PV","2026-08-11T00:00:00.000000",15.165228843689
"PV","2026-08-11T01:00:00.000000",15.1332778930664
"PV","2026-08-11T02:00:00.000000",14.9960536956787
"PV","2026-08-11T03:00:00.000000",15.0253877639771
"PV","2026-08-11T04:00:00.000000",15.2795543670654
"PV","2026-08-11T05:00:00.000000",15.5402011871338
"PV","2026-08-11T06:00:00.000000",15.6787996292114
"PV","2026-08-11T07:00:00.000000",15.6886949539185
"PV","2026-08-11T08:00:00.000000",15.0475673675537
"PV","2026-08-11T09:00:00.000000",14.130560874939
"PV","2026-08-11T10:00:00.000000",14.2798280715942
"PV","2026-08-11T11:00:00.000000",14.2135171890259
"PV","2026-08-11T12:00:00.000000",14.1087808609009
"PV","2026-08-11T13:00:00.000000",14.0711421966553
"PV","2026-08-11T14:00:00.000000",14.0862073898315
"PV","2026-08-11T15:00:00.000000",14.2330017089844
"PV","2026-08-11T16:00:00.000000",14.5805234909058
"PV","2026-08-11T17:00:00.000000",14.9095983505249
"PV","2026-08-11T18:00:00.000000",15.2733516693115
"PV","2026-08-11T19:00:00.000000",15.2501583099365
"PV","2026-08-11T20:00:00.000000",15.1670198440552
"PV","2026-08-11T21:00:00.000000",14.5334444046021
"PV","2026-08-11T22:00:00.000000",14.0448379516602
"PV","2026-08-11T23:00:00.000000",14.0876865386963
"PV","2026-08-12T00:00:00.000000",14.0864715576172
"PV","2026-08-12T01:00:00.000000",14.0936946868896
"PV","2026-08-12T02:00:00.000000",14.1479711532593
"PV","2026-08-12T03:00:00.000000",14.4986429214478
"PV","2026-08-12T04:00:00.000000",15.001350402832
"PV","2026-08-12T05:00:00.000000",15.4272403717041
"PV","2026-08-12T06:00:00.000000",15.6706266403198
"PV","2026-08-12T07:00:00.000000",15.6738090515137
"PV","2026-08-12T08:00:00.000000",15.5825967788696
"PV","2026-08-12T09:00:00.000000",14.7691640853882
"PV","2026-08-12T10:00:00.000000",14.5287265777588
"PV","2026-08-12T11:00:00.000000",14.5216035842896
"PV","2026-08-12T12:00:00.000000",14.3913345336914
"PV","2026-08-12T13:00:00.000000",14.2477149963379
"PV","2026-08-12T14:00:00.000000",14.1902084350586
"PV","2026-08-12T15:00:00.000000",14.2551507949829
"PV","2026-08-12T16:00:00.000000",14.551568031311
"PV","2026-08-12T17:00:00.000000",14.9419174194336
"PV","2026-08-12T18:00:00.000000",15.3223524093628
"PV","2026-08-12T19:00:00.000000",15.700159072876
"PV","2026-08-12T20:00:00.000000",15.9024057388306
"PV","2026-08-12T21:00:00.000000",16.1722011566162
"PV","2026-08-12T22:00:00.000000",16.3209819793701
"PV","2026-08-12T23:00:00.000000",15.5470447540283
"PV","2026-08-13T00:00:00.000000",15.256519317627
"PV","2026-08-13T01:00:00.000000",15.2115335464478
"PV","2026-08-13T02:00:00.000000",15.1514453887939
"PV","2026-08-13T03:00:00.000000",15.1537828445435
"PV","2026-08-13T04:00:00.000000",15.2746553421021
"PV","2026-08-13T05:00:00.000000",15.3752965927124
"PV","2026-08-13T06:00:00.000000",15.4579744338989
"PV","2026-08-13T07:00:00.000000",15.5576086044312
"PV","2026-08-13T08:00:00.000000",15.4361381530762
"PV","2026-08-13T09:00:00.000000",15.357795715332
"PV","2026-08-13T10:00:00.000000",14.8044052124023
"PV","2026-08-13T11:00:00.000000",14.618200302124
"PV","2026-08-13T12:00:00.000000",14.6731872558594
"PV","2026-08-13T13:00:00.000000",14.5376272201538
"PV","2026-08-13T14:00:00.000000",14.4091930389404
"PV","2026-08-13T15:00:00.000000",14.3621921539307
"PV","2026-08-13T16:00:00.000000",14.4794950485229
"PV","2026-08-13T17:00:00.000000",14.788462638855
"PV","2026-08-13T18:00:00.000000",15.2947578430176
"PV","2026-08-13T19:00:00.000000",15.6930160522461
"PV","2026-08-13T20:00:00.000000",15.8486442565918
"PV","2026-08-13T21:00:00.000000",16.0223846435547
"PV","2026-08-13T22:00:00.000000",16.0520629882812
"PV","2026-08-13T23:00:00.000000",15.3378868103027
"PV","2026-08-14T00:00:00.000000",14.9093112945557
"PV","2026-08-14T01:00:00.000000",14.7509679794312
"PV","2026-08-14T02:00:00.000000",14.778377532959
"PV","2026-08-14T03:00:00.000000",14.7837581634521
"PV","2026-08-14T04:00:00.000000",14.7742156982422
"PV","2026-08-14T05:00:00.000000",14.8197202682495
"PV","2026-08-14T06:00:00.000000",14.931957244873
"PV","2026-08-14T07:00:00.000000",15.2574691772461
"PV","2026-08-14T08:00:00.000000",15.3464097976685
"PV","2026-08-14T09:00:00.000000",15.3155937194824
"PV","2026-08-14T10:00:00.000000",15.268835067749
"PV","2026-08-14T11:00:00.000000",14.686372756958
"PV","2026-08-14T12:00:00.000000",14.4900960922241
"PV","2026-08-14T13:00:00.000000",14.5163106918335
"PV","2026-08-14T14:00:00.000000",14.4921035766602
"PV","2026-08-14T15:00:00.000000",14.4368171691895
"PV","2026-08-14T16:00:00.000000",14.43674659729
"PV","2026-08-14T17:00:00.000000",14.6342296600342
"PV","2026-08-14T18:00:00.000000",15.0285272598267
"PV","2026-08-14T19:00:00.000000",15.4780740737915
"PV","2026-08-14T20:00:00.000000",15.6148242950439
"PV","2026-08-14T21:00:00.000000",15.6623125076294
"PV","2026-08-14T22:00:00.000000",15.7223672866821
"PV","2026-08-14T23:00:00.000000",15.6006288528442
"PV","2026-08-15T00:00:00.000000",14.9279088973999
"PV","2026-08-15T01:00:00.000000",14.5965824127197
"PV","2026-08-15T02:00:00.000000",14.5679912567139
"PV","2026-08-15T03:00:00.000000",14.5867834091187
"PV","2026-08-15T04:00:00.000000",14.558521270752
"PV","2026-08-15T05:00:00.000000",14.5238418579102
"PV","2026-08-15T06:00:00.000000",14.5658674240112
"PV","2026-08-15T07:00:00.000000",14.7020969390869
"PV","2026-08-15T08:00:00.000000",14.8788747787476
"PV","2026-08-15T09:00:00.000000",14.942850112915
"PV","2026-08-15T10:00:00.000000",14.9688062667847
"PV","2026-08-15T11:00:00.000000",14.9533557891846
"PV","2026-08-15T12:00:00.000000",14.6878604888916
"PV","2026-08-15T13:00:00.000000",14.5838031768799
"PV","2026-08-15T14:00:00.000000",14.6841058731079
"PV","2026-08-15T15:00:00.000000",14.7189273834229
"PV","2026-08-15T16:00:00.000000",14.7165393829346
"PV","2026-08-15T17:00:00.000000",14.825795173645
"PV","2026-08-15T18:00:00.000000",15.0884838104248
"PV","2026-08-15T19:00:00.000000",15.408296585083
"PV","2026-08-15T20:00:00.000000",15.6931705474854
"PV","2026-08-15T21:00:00.000000",15.7333507537842
"PV","2026-08-15T22:00:00.000000",15.6826477050781
"PV","2026-08-15T23:00:00.000000",15.5927362442017
"PV","2026-08-16T00:00:00.000000",15.5323829650879
"PV","2026-08-16T01:00:00.000000",15.1595735549927
"PV","2026-08-16T02:00:00.000000",14.8809518814087
"PV","2026-08-16T03:00:00.000000",14.8782787322998
"PV","2026-08-16T04:00:00.000000",14.9342546463013
"PV","2026-08-16T05:00:00.000000",14.9841470718384
"PV","2026-08-16T06:00:00.000000",15.1233186721802
"PV","2026-08-16T07:00:00.000000",15.3148622512817
"PV","2026-08-16T08:00:00.000000",15.4478940963745
"PV","2026-08-16T09:00:00.000000",15.4351425170898
"PV","2026-08-16T10:00:00.000000",15.4158983230591
"PV","2026-08-16T11:00:00.000000",15.3809604644775
"PV","2026-08-16T12:00:00.000000",15.0869045257568
"PV","2026-08-16T13:00:00.000000",14.4980401992798
"PV","2026-08-16T14:00:00.000000",14.386646270752
"PV","2026-08-16T15:00:00.000000",14.4531278610229
"PV","2026-08-16T16:00:00.000000",14.4814109802246
"PV","2026-08-16T17:00:00.000000",14.5065212249756
"PV","2026-08-16T18:00:00.000000",14.6072864532471
"PV","2026-08-16T19:00:00.000000",14.8056735992432
"PV","2026-08-16T20:00:00.000000",15.0261840820312
"PV","2026-08-16T21:00:00.000000",15.2077350616455
"PV","2026-08-16T22:00:00.000000",15.2829837799072
"PV","2026-08-16T23:00:00.000000",15.3166542053223
"PV","2026-08-17T00:00:00.000000",15.3305559158325
"SH","2026-08-09T00:00:00.000000",14.6522264480591
"SH","2026-08-09T01:00:00.000000",15.0930986404419
"SH","2026-08-09T02:00:00.000000",15.4960975646973
"SH","2026-08-09T03:00:00.000000",15.8808269500732
"SH","2026-08-09T04:00:00.000000",16.4287166595459
"SH","2026-08-09T05:00:00.000000",17.0098896026611
"SH","2026-08-09T06:00:00.000000",17.3631954193115
"SH","2026-08-09T07:00:00.000000",17.2669734954834
"SH","2026-08-09T08:00:00.000000",16.3947238922119
"SH","2026-08-09T09:00:00.000000",15.0312023162842
"SH","2026-08-09T10:00:00.000000",14.4687309265137
"SH","2026-08-09T11:00:00.000000",14.2586278915405
"SH","2026-08-09T12:00:00.000000",14.1774406433105
"SH","2026-08-09T13:00:00.000000",14.2313442230225
"SH","2026-08-09T14:00:00.000000",14.5443525314331
"SH","2026-08-09T15:00:00.000000",14.9331331253052
"SH","2026-08-09T16:00:00.000000",15.2594614028931
"SH","2026-08-09T17:00:00.000000",15.6135635375977
"SH","2026-08-09T18:00:00.000000",15.8826217651367
"SH","2026-08-09T19:00:00.000000",15.8021564483643
"SH","2026-08-09T20:00:00.000000",15.6873712539673
"SH","2026-08-09T21:00:00.000000",15.5556344985962
"SH","2026-08-09T22:00:00.000000",15.0412044525146
"SH","2026-08-09T23:00:00.000000",14.6627540588379
"SH","2026-08-10T00:00:00.000000",14.5142393112183
"SH","2026-08-10T01:00:00.000000",14.5426578521729
"SH","2026-08-10T02:00:00.000000",14.839412689209
"SH","2026-08-10T03:00:00.000000",15.3400497436523
"SH","2026-08-10T04:00:00.000000",15.7478857040405
"SH","2026-08-10T05:00:00.000000",16.2921447753906
"SH","2026-08-10T06:00:00.000000",16.9716911315918
"SH","2026-08-10T07:00:00.000000",17.412223815918
"SH","2026-08-10T08:00:00.000000",17.3559150695801
"SH","2026-08-10T09:00:00.000000",16.7529296875
"SH","2026-08-10T10:00:00.000000",15.7821931838989
"SH","2026-08-10T11:00:00.000000",15.3704137802124
"SH","2026-08-10T12:00:00.000000",15.0918560028076
"SH","2026-08-10T13:00:00.000000",14.9906578063965
"SH","2026-08-10T14:00:00.000000",15.160267829895
"SH","2026-08-10T15:00:00.000000",15.9831380844116
"SH","2026-08-10T16:00:00.000000",16.4826908111572
"SH","2026-08-10T17:00:00.000000",16.7351455688477
"SH","2026-08-10T18:00:00.000000",16.9862747192383
"SH","2026-08-10T19:00:00.000000",17.2254619598389
"SH","2026-08-10T20:00:00.000000",17.2842864990234
"SH","2026-08-10T21:00:00.000000",17.2100772857666
"SH","2026-08-10T22:00:00.000000",16.0142555236816
"SH","2026-08-10T23:00:00.000000",15.176477432251
"SH","2026-08-11T00:00:00.000000",14.8264627456665
"SH","2026-08-11T01:00:00.000000",14.6991472244263
"SH","2026-08-11T02:00:00.000000",14.7557897567749
"SH","2026-08-11T03:00:00.000000",15.1783924102783
"SH","2026-08-11T04:00:00.000000",15.7397203445435
"SH","2026-08-11T05:00:00.000000",16.1228485107422
"SH","2026-08-11T06:00:00.000000",16.7671737670898
"SH","2026-08-11T07:00:00.000000",17.4713039398193
"SH","2026-08-11T08:00:00.000000",17.8746604919434
"SH","2026-08-11T09:00:00.000000",17.8748989105225
"SH","2026-08-11T10:00:00.000000",17.0875797271729
"SH","2026-08-11T11:00:00.000000",14.8829441070557
"SH","2026-08-11T12:00:00.000000",14.1407957077026
"SH","2026-08-11T13:00:00.000000",13.9344854354858
"SH","2026-08-11T14:00:00.000000",13.8439626693726
"SH","2026-08-11T15:00:00.000000",13.8680515289307
"SH","2026-08-11T16:00:00.000000",14.0510931015015
"SH","2026-08-11T17:00:00.000000",14.6115598678589
"SH","2026-08-11T18:00:00.000000",15.1832313537598
"SH","2026-08-11T19:00:00.000000",15.8345937728882
"SH","2026-08-11T20:00:00.000000",16.3424968719482
"SH","2026-08-11T21:00:00.000000",16.3646697998047
"SH","2026-08-11T22:00:00.000000",16.2615699768066
"SH","2026-08-11T23:00:00.000000",15.8738403320312
"SH","2026-08-12T00:00:00.000000",15.1654386520386
"SH","2026-08-12T01:00:00.000000",14.7638473510742
"SH","2026-08-12T02:00:00.000000",14.5655632019043
"SH","2026-08-12T03:00:00.000000",14.5718984603882
"SH","2026-08-12T04:00:00.000000",14.8238859176636
"SH","2026-08-12T05:00:00.000000",15.5069446563721
"SH","2026-08-12T06:00:00.000000",16.1379776000977
"SH","2026-08-12T07:00:00.000000",16.8143749237061
"SH","2026-08-12T08:00:00.000000",17.3479766845703
"SH","2026-08-12T09:00:00.000000",17.7276706695557
"SH","2026-08-12T10:00:00.000000",17.7132053375244
"SH","2026-08-12T11:00:00.000000",16.9543685913086
"SH","2026-08-12T12:00:00.000000",15.7614583969116
"SH","2026-08-12T13:00:00.000000",15.581521987915
"SH","2026-08-12T14:00:00.000000",15.4974155426025
"SH","2026-08-12T15:00:00.000000",15.5445499420166
"SH","2026-08-12T16:00:00.000000",15.861234664917
"SH","2026-08-12T17:00:00.000000",16.8652019500732
"SH","2026-08-12T18:00:00.000000",17.2732925415039
"SH","2026-08-12T19:00:00.000000",17.2580795288086
"SH","2026-08-12T20:00:00.000000",17.3560104370117
"SH","2026-08-12T21:00:00.000000",17.5266571044922
"SH","2026-08-12T22:00:00.000000",17.5824394226074
"SH","2026-08-12T23:00:00.000000",17.3966064453125
"SH","2026-08-13T00:00:00.000000",16.0410060882568
"SH","2026-08-13T01:00:00.000000",15.0872755050659
"SH","2026-08-13T02:00:00.000000",14.7813596725464
"SH","2026-08-13T03:00:00.000000",14.6749153137207
"SH","2026-08-13T04:00:00.000000",14.7896213531494
"SH","2026-08-13T05:00:00.000000",15.412070274353
"SH","2026-08-13T06:00:00.000000",15.94713306427
"SH","2026-08-13T07:00:00.000000",16.1939220428467
"SH","2026-08-13T08:00:00.000000",16.7320499420166
"SH","2026-08-13T09:00:00.000000",17.3122940063477
"SH","2026-08-13T10:00:00.000000",17.6013374328613
"SH","2026-08-13T11:00:00.000000",17.5672035217285
"SH","2026-08-13T12:00:00.000000",16.1625366210938
"SH","2026-08-13T13:00:00.000000",14.3565673828125
"SH","2026-08-13T14:00:00.000000",13.9989309310913
"SH","2026-08-13T15:00:00.000000",13.8765316009521
"SH","2026-08-13T16:00:00.000000",13.8473606109619
"SH","2026-08-13T17:00:00.000000",13.9595136642456
"SH","2026-08-13T18:00:00.000000",14.5656929016113
"SH","2026-08-13T19:00:00.000000",15.1076822280884
"SH","2026-08-13T20:00:00.000000",15.5058679580688
"SH","2026-08-13T21:00:00.000000",16.1609973907471
"SH","2026-08-13T22:00:00.000000",16.4825572967529
"SH","2026-08-13T23:00:00.000000",15.9088077545166
"SH","2026-08-14T00:00:00.000000",15.5713520050049
"SH","2026-08-14T01:00:00.000000",14.7468662261963
"SH","2026-08-14T02:00:00.000000",14.2778053283691
"SH","2026-08-14T03:00:00.000000",14.0879602432251
"SH","2026-08-14T04:00:00.000000",13.998067855835
"SH","2026-08-14T05:00:00.000000",14.0208396911621
"SH","2026-08-14T06:00:00.000000",14.2326498031616
"SH","2026-08-14T07:00:00.000000",14.7102403640747
"SH","2026-08-14T08:00:00.000000",15.2492351531982
"SH","2026-08-14T09:00:00.000000",15.9354133605957
"SH","2026-08-14T10:00:00.000000",16.5503273010254
"SH","2026-08-14T11:00:00.000000",16.8277778625488
"SH","2026-08-14T12:00:00.000000",16.6863212585449
"SH","2026-08-14T13:00:00.000000",15.6136198043823
"SH","2026-08-14T14:00:00.000000",15.2598514556885
"SH","2026-08-14T15:00:00.000000",15.3595771789551
"SH","2026-08-14T16:00:00.000000",15.446252822876
"SH","2026-08-14T17:00:00.000000",15.5281496047974
"SH","2026-08-14T18:00:00.000000",15.8096675872803
"SH","2026-08-14T19:00:00.000000",16.4412689208984
"SH","2026-08-14T20:00:00.000000",16.2263431549072
"SH","2026-08-14T21:00:00.000000",16.1727714538574
"SH","2026-08-14T22:00:00.000000",16.3210201263428
"SH","2026-08-14T23:00:00.000000",16.5038146972656
"SH","2026-08-15T00:00:00.000000",16.1444149017334
"SH","2026-08-15T01:00:00.000000",15.5126571655273
"SH","2026-08-15T02:00:00.000000",14.7204256057739
"SH","2026-08-15T03:00:00.000000",14.3288049697876
"SH","2026-08-15T04:00:00.000000",14.1759967803955
"SH","2026-08-15T05:00:00.000000",14.1302814483643
"SH","2026-08-15T06:00:00.000000",14.1668510437012
"SH","2026-08-15T07:00:00.000000",14.4182624816895
"SH","2026-08-15T08:00:00.000000",14.8748912811279
"SH","2026-08-15T09:00:00.000000",15.3207626342773
"SH","2026-08-15T10:00:00.000000",15.85862159729
"SH","2026-08-15T11:00:00.000000",16.2747020721436
"SH","2026-08-15T12:00:00.000000",16.4018592834473
"SH","2026-08-15T13:00:00.000000",16.1548175811768
"SH","2026-08-15T14:00:00.000000",15.7317008972168
"SH","2026-08-15T15:00:00.000000",15.9472522735596
"SH","2026-08-15T16:00:00.000000",16.2441005706787
"SH","2026-08-15T17:00:00.000000",16.3391036987305
"SH","2026-08-15T18:00:00.000000",16.3993053436279
"SH","2026-08-15T19:00:00.000000",16.7081661224365
"SH","2026-08-15T20:00:00.000000",17.1275863647461
"SH","2026-08-15T21:00:00.000000",16.7310771942139
"SH","2026-08-15T22:00:00.000000",16.4931640625
"SH","2026-08-15T23:00:00.000000",16.4846057891846
"SH","2026-08-16T00:00:00.000000",16.5520057678223
"SH","2026-08-16T01:00:00.000000",16.5134334564209
"SH","2026-08-16T02:00:00.000000",16.1986045837402
"SH","2026-08-16T03:00:00.000000",15.4844760894775
"SH","2026-08-16T04:00:00.000000",15.1682949066162
"SH","2026-08-16T05:00:00.000000",15.0442810058594
"SH","2026-08-16T06:00:00.000000",15.0405569076538
"SH","2026-08-16T07:00:00.000000",15.1921539306641
"SH","2026-08-16T08:00:00.000000",15.6460285186768
"SH","2026-08-16T09:00:00.000000",15.8499021530151
"SH","2026-08-16T10:00:00.000000",16.0602378845215
"SH","2026-08-16T11:00:00.000000",16.2877712249756
"SH","2026-08-16T12:00:00.000000",16.4438514709473
"SH","2026-08-16T13:00:00.000000",16.4591159820557
"SH","2026-08-16T14:00:00.000000",16.1873836517334
"SH","2026-08-16T15:00:00.000000",14.846266746521
"SH","2026-08-16T16:00:00.000000",14.2577428817749
"SH","2026-08-16T17:00:00.000000",14.1393671035767
"SH","2026-08-16T18:00:00.000000",14.1162662506104
"SH","2026-08-16T19:00:00.000000",14.1990804672241
"SH","2026-08-16T20:00:00.000000",14.6037578582764
"SH","2026-08-16T21:00:00.000000",14.9973573684692
"SH","2026-08-16T22:00:00.000000",15.3253660202026
"SH","2026-08-16T23:00:00.000000",15.7348718643188
"SH","2026-08-17T00:00:00.000000",16.0951652526855
"WB","2026-08-09T00:00:00.000000",14.6383085250854
"WB","2026-08-09T01:00:00.000000",14.7031803131104
"WB","2026-08-09T02:00:00.000000",14.8161516189575
"WB","2026-08-09T03:00:00.000000",14.895489692688
"WB","2026-08-09T04:00:00.000000",14.9453659057617
"WB","2026-08-09T05:00:00.000000",14.9865436553955
"WB","2026-08-09T06:00:00.000000",14.9015550613403
"WB","2026-08-09T07:00:00.000000",14.7421283721924
"WB","2026-08-09T08:00:00.000000",14.6409673690796
"WB","2026-08-09T09:00:00.000000",14.5620832443237
"WB","2026-08-09T10:00:00.000000",14.4629554748535
"WB","2026-08-09T11:00:00.000000",14.3790063858032
"WB","2026-08-09T12:00:00.000000",14.3361568450928
"WB","2026-08-09T13:00:00.000000",14.3821315765381
"WB","2026-08-09T14:00:00.000000",14.5050373077393
"WB","2026-08-09T15:00:00.000000",14.6464252471924
"WB","2026-08-09T16:00:00.000000",14.7343330383301
"WB","2026-08-09T17:00:00.000000",14.786150932312
"WB","2026-08-09T18:00:00.000000",14.7873697280884
"WB","2026-08-09T19:00:00.000000",14.6662673950195
"WB","2026-08-09T20:00:00.000000",14.4942407608032
"WB","2026-08-09T21:00:00.000000",14.4049730300903
"WB","2026-08-09T22:00:00.000000",14.3182182312012
"WB","2026-08-09T23:00:00.000000",14.2296190261841
"WB","2026-08-10T00:00:00.000000",14.1807613372803
"WB","2026-08-10T01:00:00.000000",14.1920375823975
"WB","2026-08-10T02:00:00.000000",14.2768611907959
"WB","2026-08-10T03:00:00.000000",14.4422187805176
"WB","2026-08-10T04:00:00.000000",14.5841188430786
"WB","2026-08-10T05:00:00.000000",14.6852560043335
"WB","2026-08-10T06:00:00.000000",14.7469129562378
"WB","2026-08-10T07:00:00.000000",14.7410373687744
"WB","2026-08-10T08:00:00.000000",14.5829916000366
"WB","2026-08-10T09:00:00.000000",14.3959159851074
"WB","2026-08-10T10:00:00.000000",14.2688102722168
"WB","2026-08-10T11:00:00.000000",14.1754531860352
"WB","2026-08-10T12:00:00.000000",14.1087789535522
"WB","2026-08-10T13:00:00.000000",14.0861406326294
"WB","2026-08-10T14:00:00.000000",14.1152372360229
"WB","2026-08-10T15:00:00.000000",14.2340335845947
"WB","2026-08-10T16:00:00.000000",14.3553419113159
"WB","2026-08-10T17:00:00.000000",14.482533454895
"WB","2026-08-10T18:00:00.000000",14.7024631500244
"WB","2026-08-10T19:00:00.000000",14.8509578704834
"WB","2026-08-10T20:00:00.000000",15.3747053146362
"WB","2026-08-10T21:00:00.000000",16.6967506408691
"WB","2026-08-10T22:00:00.000000",16.806941986084
"WB","2026-08-10T23:00:00.000000",16.3628005981445
"WB","2026-08-11T00:00:00.000000",15.8573751449585
"WB","2026-08-11T01:00:00.000000",15.5359706878662
"WB","2026-08-11T02:00:00.000000",15.3986663818359
"WB","2026-08-11T03:00:00.000000",15.4136381149292
"WB","2026-08-11T04:00:00.000000",15.5132246017456
"WB","2026-08-11T05:00:00.000000",15.5594110488892
"WB","2026-08-11T06:00:00.000000",15.5077209472656
"WB","2026-08-11T07:00:00.000000",15.4202842712402
"WB","2026-08-11T08:00:00.000000",15.301643371582
"WB","2026-08-11T09:00:00.000000",15.2465686798096
"WB","2026-08-11T10:00:00.000000",15.4388399124146
"WB","2026-08-11T11:00:00.000000",15.3637590408325
"WB","2026-08-11T12:00:00.000000",15.1395244598389
"WB","2026-08-11T13:00:00.000000",14.9321975708008
"WB","2026-08-11T14:00:00.000000",14.8006229400635
"WB","2026-08-11T15:00:00.000000",14.7763729095459
"WB","2026-08-11T16:00:00.000000",14.8529767990112
"WB","2026-08-11T17:00:00.000000",14.9747047424316
"WB","2026-08-11T18:00:00.000000",15.0460777282715
"WB","2026-08-11T19:00:00.000000",15.0785474777222
"WB","2026-08-11T20:00:00.000000",15.0822772979736
"WB","2026-08-11T21:00:00.000000",15.009693145752
"WB","2026-08-11T22:00:00.000000",14.8349685668945
"WB","2026-08-11T23:00:00.000000",14.6632747650146
"WB","2026-08-12T00:00:00.000000",14.5655469894409
"WB","2026-08-12T01:00:00.000000",14.4988613128662
"WB","2026-08-12T02:00:00.000000",14.4655828475952
"WB","2026-08-12T03:00:00.000000",14.4957361221313
"WB","2026-08-12T04:00:00.000000",14.5950021743774
"WB","2026-08-12T05:00:00.000000",14.766224861145
"WB","2026-08-12T06:00:00.000000",14.891131401062
"WB","2026-08-12T07:00:00.000000",14.9686651229858
"WB","2026-08-12T08:00:00.000000",15.0148010253906
"WB","2026-08-12T09:00:00.000000",14.9878902435303
"WB","2026-08-12T10:00:00.000000",14.8588056564331
"WB","2026-08-12T11:00:00.000000",14.6585378646851
"WB","2026-08-12T12:00:00.000000",14.5778188705444
"WB","2026-08-12T13:00:00.000000",14.555700302124
"WB","2026-08-12T14:00:00.000000",14.5321102142334
"WB","2026-08-12T15:00:00.000000",14.5369510650635
"WB","2026-08-12T16:00:00.000000",14.5921516418457
"WB","2026-08-12T17:00:00.000000",14.7559938430786
"WB","2026-08-12T18:00:00.000000",15.1678438186646
"WB","2026-08-12T19:00:00.000000",15.6207656860352
"WB","2026-08-12T20:00:00.000000",15.6413974761963
"WB","2026-08-12T21:00:00.000000",15.6693105697632
"WB","2026-08-12T22:00:00.000000",15.6820116043091
"WB","2026-08-12T23:00:00.000000",15.8600997924805
"WB","2026-08-13T00:00:00.000000",16.2199878692627
"WB","2026-08-13T01:00:00.000000",16.328145980835
"WB","2026-08-13T02:00:00.000000",16.3465156555176
"WB","2026-08-13T03:00:00.000000",16.3682632446289
"WB","2026-08-13T04:00:00.000000",16.4084739685059
"WB","2026-08-13T05:00:00.000000",16.4801406860352
"WB","2026-08-13T06:00:00.000000",16.5694217681885
"WB","2026-08-13T07:00:00.000000",16.650764465332
"WB","2026-08-13T08:00:00.000000",16.549840927124
"WB","2026-08-13T09:00:00.000000",16.2769069671631
"WB","2026-08-13T10:00:00.000000",16.0767993927002
"WB","2026-08-13T11:00:00.000000",15.9441013336182
"WB","2026-08-13T12:00:00.000000",15.8881464004517
"WB","2026-08-13T13:00:00.000000",15.7189712524414
"WB","2026-08-13T14:00:00.000000",15.5110244750977
"WB","2026-08-13T15:00:00.000000",15.4005222320557
"WB","2026-08-13T16:00:00.000000",15.3770017623901
"WB","2026-08-13T17:00:00.000000",15.442328453064
"WB","2026-08-13T18:00:00.000000",15.6251592636108
"WB","2026-08-13T19:00:00.000000",15.8206691741943
"WB","2026-08-13T20:00:00.000000",15.9805812835693
"WB","2026-08-13T21:00:00.000000",16.1209526062012
"WB","2026-08-13T22:00:00.000000",16.1598834991455
"WB","2026-08-13T23:00:00.000000",16.0858898162842
"WB","2026-08-14T00:00:00.000000",15.9364671707153
"WB","2026-08-14T01:00:00.000000",15.7586011886597
"WB","2026-08-14T02:00:00.000000",15.5873260498047
"WB","2026-08-14T03:00:00.000000",15.4573459625244
"WB","2026-08-14T04:00:00.000000",15.386209487915
"WB","2026-08-14T05:00:00.000000",15.3856401443481
"WB","2026-08-14T06:00:00.000000",15.4746160507202
"WB","2026-08-14T07:00:00.000000",15.620964050293
"WB","2026-08-14T08:00:00.000000",15.7145042419434
"WB","2026-08-14T09:00:00.000000",15.7594566345215
"WB","2026-08-14T10:00:00.000000",15.7738418579102
"WB","2026-08-14T11:00:00.000000",15.7048168182373
"WB","2026-08-14T12:00:00.000000",15.5571146011353
"WB","2026-08-14T13:00:00.000000",15.3563241958618
"WB","2026-08-14T14:00:00.000000",15.2124061584473
"WB","2026-08-14T15:00:00.000000",15.1329021453857
"WB","2026-08-14T16:00:00.000000",15.0993194580078
"WB","2026-08-14T17:00:00.000000",15.1210298538208
"WB","2026-08-14T18:00:00.000000",15.2244501113892
"WB","2026-08-14T19:00:00.000000",15.4289150238037
"WB","2026-08-14T20:00:00.000000",15.5693063735962
"WB","2026-08-14T21:00:00.000000",15.6839656829834
"WB","2026-08-14T22:00:00.000000",15.78098487854
"WB","2026-08-14T23:00:00.000000",15.7971601486206
"WB","2026-08-15T00:00:00.000000",15.7301616668701
"WB","2026-08-15T01:00:00.000000",15.5457544326782
"WB","2026-08-15T02:00:00.000000",15.3930921554565
"WB","2026-08-15T03:00:00.000000",15.2797412872314
"WB","2026-08-15T04:00:00.000000",15.1868906021118
"WB","2026-08-15T05:00:00.000000",15.1249856948853
"WB","2026-08-15T06:00:00.000000",15.117919921875
"WB","2026-08-15T07:00:00.000000",15.2036733627319
"WB","2026-08-15T08:00:00.000000",15.3344640731812
"WB","2026-08-15T09:00:00.000000",15.4382848739624
"WB","2026-08-15T10:00:00.000000",15.5019083023071
"WB","2026-08-15T11:00:00.000000",15.524209022522
"WB","2026-08-15T12:00:00.000000",15.4746475219727
"WB","2026-08-15T13:00:00.000000",15.3788394927979
"WB","2026-08-15T14:00:00.000000",15.202654838562
"WB","2026-08-15T15:00:00.000000",15.1102771759033
"WB","2026-08-15T16:00:00.000000",15.0584688186646
"WB","2026-08-15T17:00:00.000000",15.0334148406982
"WB","2026-08-15T18:00:00.000000",15.0381374359131
"WB","2026-08-15T19:00:00.000000",15.00328540802
"WB","2026-08-15T20:00:00.000000",15.0066680908203
"WB","2026-08-15T21:00:00.000000",15.0413990020752
"WB","2026-08-15T22:00:00.000000",15.0739431381226
"WB","2026-08-15T23:00:00.000000",15.092227935791
"WB","2026-08-16T00:00:00.000000",15.0942163467407
"WB","2026-08-16T01:00:00.000000",15.2855176925659
"WB","2026-08-16T02:00:00.000000",15.6836242675781
"WB","2026-08-16T03:00:00.000000",15.8578205108643
"WB","2026-08-16T04:00:00.000000",15.8907442092896
"WB","2026-08-16T05:00:00.000000",15.8941602706909
"WB","2026-08-16T06:00:00.000000",15.8851165771484
"WB","2026-08-16T07:00:00.000000",15.8264255523682
"WB","2026-08-16T08:00:00.000000",15.8589658737183
"WB","2026-08-16T09:00:00.000000",15.8754835128784
"WB","2026-08-16T10:00:00.000000",15.7754621505737
"WB","2026-08-16T11:00:00.000000",15.6667890548706
"WB","2026-08-16T12:00:00.000000",15.5948657989502
"WB","2026-08-16T13:00:00.000000",15.5421619415283
"WB","2026-08-16T14:00:00.000000",15.5168533325195
"WB","2026-08-16T15:00:00.000000",15.4458532333374
"WB","2026-08-16T16:00:00.000000",15.3290042877197
"WB","2026-08-16T17:00:00.000000",15.2577571868896
"WB","2026-08-16T18:00:00.000000",15.2356624603271
"WB","2026-08-16T19:00:00.000000",15.229284286499
"WB","2026-08-16T20:00:00.000000",15.5546760559082
"WB","2026-08-16T21:00:00.000000",15.6399583816528
"WB","2026-08-16T22:00:00.000000",15.6663236618042
"WB","2026-08-16T23:00:00.000000",15.6733312606812
"WB","2026-08-17T00:00:00.000000",15.6793088912964
"CL","2026-08-09T00:00:00.000000",21.0989551544189
"CL","2026-08-09T01:00:00.000000",21.1144256591797
"CL","2026-08-09T02:00:00.000000",21.2333927154541
"CL","2026-08-09T03:00:00.000000",21.4733753204346
"CL","2026-08-09T04:00:00.000000",21.625904083252
"CL","2026-08-09T05:00:00.000000",21.398078918457
"CL","2026-08-09T06:00:00.000000",21.0277233123779
"CL","2026-08-09T07:00:00.000000",20.9633598327637
"CL","2026-08-09T08:00:00.000000",20.9382991790771
"CL","2026-08-09T09:00:00.000000",21.0139503479004
"CL","2026-08-09T10:00:00.000000",21.0362071990967
"CL","2026-08-09T11:00:00.000000",21.0328922271729
"CL","2026-08-09T12:00:00.000000",21.0848693847656
"CL","2026-08-09T13:00:00.000000",21.3489780426025
"CL","2026-08-09T14:00:00.000000",21.5330390930176
"CL","2026-08-09T15:00:00.000000",21.5409317016602
"CL","2026-08-09T16:00:00.000000",21.5972480773926
"CL","2026-08-09T17:00:00.000000",21.1876182556152
"CL","2026-08-09T18:00:00.000000",20.9591674804688
"CL","2026-08-09T19:00:00.000000",20.967321395874
"CL","2026-08-09T20:00:00.000000",21.0078506469727
"CL","2026-08-09T21:00:00.000000",21.118595123291
"CL","2026-08-09T22:00:00.000000",21.1687393188477
"CL","2026-08-09T23:00:00.000000",21.1639175415039
"CL","2026-08-10T00:00:00.000000",21.1076755523682
"CL","2026-08-10T01:00:00.000000",21.0566539764404
"CL","2026-08-10T02:00:00.000000",21.1039924621582
"CL","2026-08-10T03:00:00.000000",21.3287677764893
"CL","2026-08-10T04:00:00.000000",21.5354671478271
"CL","2026-08-10T05:00:00.000000",21.6850852966309
"CL","2026-08-10T06:00:00.000000",21.6259593963623
"CL","2026-08-10T07:00:00.000000",20.9008731842041
"CL","2026-08-10T08:00:00.000000",20.822696685791
"CL","2026-08-10T09:00:00.000000",20.7920360565186
"CL","2026-08-10T10:00:00.000000",20.7716217041016
"CL","2026-08-10T11:00:00.000000",20.8037662506104
"CL","2026-08-10T12:00:00.000000",20.8512744903564
"CL","2026-08-10T13:00:00.000000",20.9417476654053
"CL","2026-08-10T14:00:00.000000",21.2604122161865
"CL","2026-08-10T15:00:00.000000",21.5114822387695
"CL","2026-08-10T16:00:00.000000",21.6020660400391
"CL","2026-08-10T17:00:00.000000",21.6043434143066
"CL","2026-08-10T18:00:00.000000",21.4398555755615
"CL","2026-08-10T19:00:00.000000",21.7854251861572
"CL","2026-08-10T20:00:00.000000",21.7718067169189
"CL","2026-08-10T21:00:00.000000",21.7204875946045
"CL","2026-08-10T22:00:00.000000",21.704532623291
"CL","2026-08-10T23:00:00.000000",21.6953239440918
"CL","2026-08-11T00:00:00.000000",21.7136554718018
"CL","2026-08-11T01:00:00.000000",21.7330837249756
"CL","2026-08-11T02:00:00.000000",21.7863445281982
"CL","2026-08-11T03:00:00.000000",21.8046035766602
"CL","2026-08-11T04:00:00.000000",21.7862186431885
"CL","2026-08-11T05:00:00.000000",21.782075881958
"CL","2026-08-11T06:00:00.000000",21.8064346313477
"CL","2026-08-11T07:00:00.000000",21.7975940704346
"CL","2026-08-11T08:00:00.000000",21.7293376922607
"CL","2026-08-11T09:00:00.000000",21.6076545715332
"CL","2026-08-11T10:00:00.000000",21.5886154174805
"CL","2026-08-11T11:00:00.000000",21.6627826690674
"CL","2026-08-11T12:00:00.000000",21.6854610443115
"CL","2026-08-11T13:00:00.000000",21.6330184936523
"CL","2026-08-11T14:00:00.000000",21.6944236755371
"CL","2026-08-11T15:00:00.000000",21.8296661376953
"CL","2026-08-11T16:00:00.000000",21.89914894104
"CL","2026-08-11T17:00:00.000000",21.9279956817627
"CL","2026-08-11T18:00:00.000000",21.9252605438232
"CL","2026-08-11T19:00:00.000000",21.8969192504883
"CL","2026-08-11T20:00:00.000000",20.7795753479004
"CL","2026-08-11T21:00:00.000000",20.635404586792
"CL","2026-08-11T22:00:00.000000",20.6935272216797
"CL","2026-08-11T23:00:00.000000",20.8787212371826
"CL","2026-08-12T00:00:00.000000",20.8641510009766
"CL","2026-08-12T01:00:00.000000",20.9326190948486
"CL","2026-08-12T02:00:00.000000",20.8583488464355
"CL","2026-08-12T03:00:00.000000",20.7150974273682
"CL","2026-08-12T04:00:00.000000",20.9665374755859
"CL","2026-08-12T05:00:00.000000",21.3458595275879
"CL","2026-08-12T06:00:00.000000",21.5630168914795
"CL","2026-08-12T07:00:00.000000",21.648588180542
"CL","2026-08-12T08:00:00.000000",21.1437530517578
"CL","2026-08-12T09:00:00.000000",20.557746887207
"CL","2026-08-12T10:00:00.000000",20.5425224304199
"CL","2026-08-12T11:00:00.000000",20.5423030853271
"CL","2026-08-12T12:00:00.000000",20.5558280944824
"CL","2026-08-12T13:00:00.000000",20.5807552337646
"CL","2026-08-12T14:00:00.000000",20.592041015625
"CL","2026-08-12T15:00:00.000000",20.6291961669922
"CL","2026-08-12T16:00:00.000000",21.026819229126
"CL","2026-08-12T17:00:00.000000",21.387077331543
"CL","2026-08-12T18:00:00.000000",21.4704666137695
"CL","2026-08-12T19:00:00.000000",21.4919662475586
"CL","2026-08-12T20:00:00.000000",21.410083770752
"CL","2026-08-12T21:00:00.000000",21.7898941040039
"CL","2026-08-12T22:00:00.000000",21.8025054931641
"CL","2026-08-12T23:00:00.000000",21.6430339813232
"CL","2026-08-13T00:00:00.000000",21.5545654296875
"CL","2026-08-13T01:00:00.000000",21.5420875549316
"CL","2026-08-13T02:00:00.000000",21.6235103607178
"CL","2026-08-13T03:00:00.000000",21.690523147583
"CL","2026-08-13T04:00:00.000000",21.7732276916504
"CL","2026-08-13T05:00:00.000000",21.724308013916
"CL","2026-08-13T06:00:00.000000",21.6553840637207
"CL","2026-08-13T07:00:00.000000",21.6276397705078
"CL","2026-08-13T08:00:00.000000",21.6255645751953
"CL","2026-08-13T09:00:00.000000",21.6283359527588
"CL","2026-08-13T10:00:00.000000",21.3647403717041
"CL","2026-08-13T11:00:00.000000",21.2474918365479
"CL","2026-08-13T12:00:00.000000",21.2150402069092
"CL","2026-08-13T13:00:00.000000",21.2190265655518
"CL","2026-08-13T14:00:00.000000",21.2617034912109
"CL","2026-08-13T15:00:00.000000",21.2849388122559
"CL","2026-08-13T16:00:00.000000",21.366361618042
"CL","2026-08-13T17:00:00.000000",21.5315246582031
"CL","2026-08-13T18:00:00.000000",21.6096515655518
"CL","2026-08-13T19:00:00.000000",21.6376190185547
"CL","2026-08-13T20:00:00.000000",21.6484775543213
"CL","2026-08-13T21:00:00.000000",21.4547061920166
"CL","2026-08-13T22:00:00.000000",20.9666500091553
"CL","2026-08-13T23:00:00.000000",21.0147609710693
"CL","2026-08-14T00:00:00.000000",21.0619525909424
"CL","2026-08-14T01:00:00.000000",21.1109981536865
"CL","2026-08-14T02:00:00.000000",21.1272983551025
"CL","2026-08-14T03:00:00.000000",21.0897045135498
"CL","2026-08-14T04:00:00.000000",21.0443000793457
"CL","2026-08-14T05:00:00.000000",21.0318450927734
"CL","2026-08-14T06:00:00.000000",21.1445541381836
"CL","2026-08-14T07:00:00.000000",21.2824745178223
"CL","2026-08-14T08:00:00.000000",21.4110584259033
"CL","2026-08-14T09:00:00.000000",21.4382286071777
"CL","2026-08-14T10:00:00.000000",20.9606590270996
"CL","2026-08-14T11:00:00.000000",20.8421821594238
"CL","2026-08-14T12:00:00.000000",20.7920341491699
"CL","2026-08-14T13:00:00.000000",20.7816829681396
"CL","2026-08-14T14:00:00.000000",20.7971992492676
"CL","2026-08-14T15:00:00.000000",20.8305206298828
"CL","2026-08-14T16:00:00.000000",20.8614063262939
"CL","2026-08-14T17:00:00.000000",20.9545917510986
"CL","2026-08-14T18:00:00.000000",21.2374458312988
"CL","2026-08-14T19:00:00.000000",21.3599739074707
"CL","2026-08-14T20:00:00.000000",21.3850135803223
"CL","2026-08-14T21:00:00.000000",21.3699378967285
"CL","2026-08-14T22:00:00.000000",21.1804676055908
"CL","2026-08-14T23:00:00.000000",21.2053699493408
"CL","2026-08-15T00:00:00.000000",21.1921997070312
"CL","2026-08-15T01:00:00.000000",21.1603717803955
"CL","2026-08-15T02:00:00.000000",21.1417446136475
"CL","2026-08-15T03:00:00.000000",21.1345977783203
"CL","2026-08-15T04:00:00.000000",21.1409816741943
"CL","2026-08-15T05:00:00.000000",21.1437702178955
"CL","2026-08-15T06:00:00.000000",21.1442432403564
"CL","2026-08-15T07:00:00.000000",21.1756782531738
"CL","2026-08-15T08:00:00.000000",21.2166004180908
"CL","2026-08-15T09:00:00.000000",21.244213104248
"CL","2026-08-15T10:00:00.000000",21.2456932067871
"CL","2026-08-15T11:00:00.000000",21.0143527984619
"CL","2026-08-15T12:00:00.000000",20.9080009460449
"CL","2026-08-15T13:00:00.000000",20.8654327392578
"CL","2026-08-15T14:00:00.000000",20.8470458984375
"CL","2026-08-15T15:00:00.000000",20.8692493438721
"CL","2026-08-15T16:00:00.000000",20.922004699707
"CL","2026-08-15T17:00:00.000000",20.9455051422119
"CL","2026-08-15T18:00:00.000000",21.0431251525879
"CL","2026-08-15T19:00:00.000000",21.1752243041992
"CL","2026-08-15T20:00:00.000000",21.2152271270752
"CL","2026-08-15T21:00:00.000000",21.2366790771484
"CL","2026-08-15T22:00:00.000000",21.2235641479492
"CL","2026-08-15T23:00:00.000000",20.9739761352539
"CL","2026-08-16T00:00:00.000000",20.998233795166
"CL","2026-08-16T01:00:00.000000",21.0148448944092
"CL","2026-08-16T02:00:00.000000",21.0064487457275
"CL","2026-08-16T03:00:00.000000",20.9978637695312
"CL","2026-08-16T04:00:00.000000",21.0027713775635
"CL","2026-08-16T05:00:00.000000",21.0055866241455
"CL","2026-08-16T06:00:00.000000",20.9992771148682
"CL","2026-08-16T07:00:00.000000",21.0304946899414
"CL","2026-08-16T08:00:00.000000",21.0977878570557
"CL","2026-08-16T09:00:00.000000",21.1196804046631
"CL","2026-08-16T10:00:00.000000",21.1391086578369
"CL","2026-08-16T11:00:00.000000",21.0195293426514
"CL","2026-08-16T12:00:00.000000",21.0108871459961
"CL","2026-08-16T13:00:00.000000",21.0144367218018
"CL","2026-08-16T14:00:00.000000",21.0233592987061
"CL","2026-08-16T15:00:00.000000",21.0365200042725
"CL","2026-08-16T16:00:00.000000",21.0440902709961
"CL","2026-08-16T17:00:00.000000",21.0481567382812
"CL","2026-08-16T18:00:00.000000",21.0546588897705
"CL","2026-08-16T19:00:00.000000",21.0663738250732
"CL","2026-08-16T20:00:00.000000",21.1350612640381
"CL","2026-08-16T21:00:00.000000",21.1614818572998
"CL","2026-08-16T22:00:00.000000",21.1878128051758
"CL","2026-08-16T23:00:00.000000",21.1281433105469
"CL","2026-08-17T00:00:00.000000",21.1170978546143
"FG","2026-08-09T00:00:00.000000",23.2273807525635
"FG","2026-08-09T01:00:00.000000",23.3049297332764
"FG","2026-08-09T02:00:00.000000",23.2322597503662
"FG","2026-08-09T03:00:00.000000",23.2104358673096
"FG","2026-08-09T04:00:00.000000",23.2720260620117
"FG","2026-08-09T05:00:00.000000",22.6409473419189
"FG","2026-08-09T06:00:00.000000",22.5733547210693
"FG","2026-08-09T07:00:00.000000",22.2125225067139
"FG","2026-08-09T08:00:00.000000",22.2956237792969
"FG","2026-08-09T09:00:00.000000",22.5618953704834
"FG","2026-08-09T10:00:00.000000",22.9089527130127
"FG","2026-08-09T11:00:00.000000",23.2508354187012
"FG","2026-08-09T12:00:00.000000",23.4404582977295
"FG","2026-08-09T13:00:00.000000",23.5502510070801
"FG","2026-08-09T14:00:00.000000",23.3127021789551
"FG","2026-08-09T15:00:00.000000",22.5994472503662
"FG","2026-08-09T16:00:00.000000",22.9180374145508
"FG","2026-08-09T17:00:00.000000",22.9224681854248
"FG","2026-08-09T18:00:00.000000",23.0528240203857
"FG","2026-08-09T19:00:00.000000",22.4561500549316
"FG","2026-08-09T20:00:00.000000",22.0824317932129
"FG","2026-08-09T21:00:00.000000",21.7418231964111
"FG","2026-08-09T22:00:00.000000",22.2302742004395
"FG","2026-08-09T23:00:00.000000",22.8502731323242
"FG","2026-08-10T00:00:00.000000",23.3595008850098
"FG","2026-08-10T01:00:00.000000",23.5246524810791
"FG","2026-08-10T02:00:00.000000",23.5562324523926
"FG","2026-08-10T03:00:00.000000",23.2704658508301
"FG","2026-08-10T04:00:00.000000",23.2389373779297
"FG","2026-08-10T05:00:00.000000",23.2557392120361
"FG","2026-08-10T06:00:00.000000",22.9588108062744
"FG","2026-08-10T07:00:00.000000",22.5099086761475
"FG","2026-08-10T08:00:00.000000",21.9442653656006
"FG","2026-08-10T09:00:00.000000",21.5496349334717
"FG","2026-08-10T10:00:00.000000",21.9879188537598
"FG","2026-08-10T11:00:00.000000",22.7101650238037
"FG","2026-08-10T12:00:00.000000",23.3600940704346
"FG","2026-08-10T13:00:00.000000",23.5161380767822
"FG","2026-08-10T14:00:00.000000",23.5547695159912
"FG","2026-08-10T15:00:00.000000",23.2980823516846
"FG","2026-08-10T16:00:00.000000",22.501220703125
"FG","2026-08-10T17:00:00.000000",22.9729690551758
"FG","2026-08-10T18:00:00.000000",22.8474769592285
"FG","2026-08-10T19:00:00.000000",22.8483238220215
"FG","2026-08-10T20:00:00.000000",22.1141567230225
"FG","2026-08-10T21:00:00.000000",21.9033031463623
"FG","2026-08-10T22:00:00.000000",21.5126686096191
"FG","2026-08-10T23:00:00.000000",22.2084732055664
"FG","2026-08-11T00:00:00.000000",22.6774063110352
"FG","2026-08-11T01:00:00.000000",23.1082458496094
"FG","2026-08-11T02:00:00.000000",23.3641872406006
"FG","2026-08-11T03:00:00.000000",23.5283584594727
"FG","2026-08-11T04:00:00.000000",23.529655456543
"FG","2026-08-11T05:00:00.000000",22.8009338378906
"FG","2026-08-11T06:00:00.000000",23.0966014862061
"FG","2026-08-11T07:00:00.000000",22.5123252868652
"FG","2026-08-11T08:00:00.000000",22.63427734375
"FG","2026-08-11T09:00:00.000000",21.8978366851807
"FG","2026-08-11T10:00:00.000000",21.7509384155273
"FG","2026-08-11T11:00:00.000000",22.2956466674805
"FG","2026-08-11T12:00:00.000000",22.9775676727295
"FG","2026-08-11T13:00:00.000000",23.438383102417
"FG","2026-08-11T14:00:00.000000",23.6755599975586
"FG","2026-08-11T15:00:00.000000",23.7238750457764
"FG","2026-08-11T16:00:00.000000",23.5280227661133
"FG","2026-08-11T17:00:00.000000",22.644136428833
"FG","2026-08-11T18:00:00.000000",23.1664485931396
"FG","2026-08-11T19:00:00.000000",23.2660446166992
"FG","2026-08-11T20:00:00.000000",22.7681293487549
"FG","2026-08-11T21:00:00.000000",22.0625476837158
"FG","2026-08-11T22:00:00.000000",21.7300224304199
"FG","2026-08-11T23:00:00.000000",21.4121322631836
"FG","2026-08-12T00:00:00.000000",21.9049530029297
"FG","2026-08-12T01:00:00.000000",22.4992637634277
"FG","2026-08-12T02:00:00.000000",23.1669616699219
"FG","2026-08-12T03:00:00.000000",23.4505367279053
"FG","2026-08-12T04:00:00.000000",23.4946269989014
"FG","2026-08-12T05:00:00.000000",23.0369262695312
"FG","2026-08-12T06:00:00.000000",22.6454315185547
"FG","2026-08-12T07:00:00.000000",22.6840209960938
"FG","2026-08-12T08:00:00.000000",22.7710647583008
"FG","2026-08-12T09:00:00.000000",22.1505489349365
"FG","2026-08-12T10:00:00.000000",21.3465175628662
"FG","2026-08-12T11:00:00.000000",21.3143692016602
"FG","2026-08-12T12:00:00.000000",21.7581157684326
"FG","2026-08-12T13:00:00.000000",22.513916015625
"FG","2026-08-12T14:00:00.000000",23.0548114776611
"FG","2026-08-12T15:00:00.000000",23.3084545135498
"FG","2026-08-12T16:00:00.000000",23.3601818084717
"FG","2026-08-12T17:00:00.000000",23.2326812744141
"FG","2026-08-12T18:00:00.000000",22.3397083282471
"FG","2026-08-12T19:00:00.000000",22.9282512664795
"FG","2026-08-12T20:00:00.000000",22.9048538208008
"FG","2026-08-12T21:00:00.000000",22.1031112670898
"FG","2026-08-12T22:00:00.000000",21.6154766082764
"FG","2026-08-12T23:00:00.000000",21.7016086578369
"FG","2026-08-13T00:00:00.000000",21.5784854888916
"FG","2026-08-13T01:00:00.000000",22.1973094940186
"FG","2026-08-13T02:00:00.000000",22.5571479797363
"FG","2026-08-13T03:00:00.000000",22.8926105499268
"FG","2026-08-13T04:00:00.000000",23.1168403625488
"FG","2026-08-13T05:00:00.000000",23.2592830657959
"FG","2026-08-13T06:00:00.000000",22.8183879852295
"FG","2026-08-13T07:00:00.000000",22.7196788787842
"FG","2026-08-13T08:00:00.000000",22.9002227783203
"FG","2026-08-13T09:00:00.000000",22.2526378631592
"FG","2026-08-13T10:00:00.000000",21.766902923584
"FG","2026-08-13T11:00:00.000000",21.5774803161621
"FG","2026-08-13T12:00:00.000000",21.4439353942871
"FG","2026-08-13T13:00:00.000000",22.09055519104
"FG","2026-08-13T14:00:00.000000",22.6338272094727
"FG","2026-08-13T15:00:00.000000",23.0289478302002
"FG","2026-08-13T16:00:00.000000",23.2279644012451
"FG","2026-08-13T17:00:00.000000",23.3623371124268
"FG","2026-08-13T18:00:00.000000",22.8330497741699
"FG","2026-08-13T19:00:00.000000",22.3192176818848
"FG","2026-08-13T20:00:00.000000",22.6273536682129
"FG","2026-08-13T21:00:00.000000",22.7306423187256
"FG","2026-08-13T22:00:00.000000",22.0614604949951
"FG","2026-08-13T23:00:00.000000",21.5316543579102
"FG","2026-08-14T00:00:00.000000",21.5467052459717
"FG","2026-08-14T01:00:00.000000",21.5597915649414
"FG","2026-08-14T02:00:00.000000",22.1441669464111
"FG","2026-08-14T03:00:00.000000",22.5925407409668
"FG","2026-08-14T04:00:00.000000",22.9668426513672
"FG","2026-08-14T05:00:00.000000",23.1044940948486
"FG","2026-08-14T06:00:00.000000",23.2003726959229
"FG","2026-08-14T07:00:00.000000",22.0645542144775
"FG","2026-08-14T08:00:00.000000",22.6660270690918
"FG","2026-08-14T09:00:00.000000",22.6924476623535
"FG","2026-08-14T10:00:00.000000",22.031925201416
"FG","2026-08-14T11:00:00.000000",21.4584865570068
"FG","2026-08-14T12:00:00.000000",21.4391708374023
"FG","2026-08-14T13:00:00.000000",21.2820739746094
"FG","2026-08-14T14:00:00.000000",21.9133052825928
"FG","2026-08-14T15:00:00.000000",22.4630565643311
"FG","2026-08-14T16:00:00.000000",22.8825969696045
"FG","2026-08-14T17:00:00.000000",23.1600570678711
"FG","2026-08-14T18:00:00.000000",22.8521785736084
"FG","2026-08-14T19:00:00.000000",22.1556911468506
"FG","2026-08-14T20:00:00.000000",22.300745010376
"FG","2026-08-14T21:00:00.000000",22.6070213317871
"FG","2026-08-14T22:00:00.000000",22.8763828277588
"FG","2026-08-14T23:00:00.000000",22.0130996704102
"FG","2026-08-15T00:00:00.000000",21.7197570800781
"FG","2026-08-15T01:00:00.000000",21.4468879699707
"FG","2026-08-15T02:00:00.000000",21.8747577667236
"FG","2026-08-15T03:00:00.000000",22.444507598877
"FG","2026-08-15T04:00:00.000000",22.75852394104
"FG","2026-08-15T05:00:00.000000",22.9508323669434
"FG","2026-08-15T06:00:00.000000",23.044002532959
"FG","2026-08-15T07:00:00.000000",23.1286754608154
"FG","2026-08-15T08:00:00.000000",22.5486583709717
"FG","2026-08-15T09:00:00.000000",22.2587928771973
"FG","2026-08-15T10:00:00.000000",22.4635143280029
"FG","2026-08-15T11:00:00.000000",21.9392223358154
"FG","2026-08-15T12:00:00.000000",21.241382598877
"FG","2026-08-15T13:00:00.000000",21.4068393707275
"FG","2026-08-15T14:00:00.000000",21.5417938232422
"FG","2026-08-15T15:00:00.000000",22.2695999145508
"FG","2026-08-15T16:00:00.000000",22.7474536895752
"FG","2026-08-15T17:00:00.000000",22.977123260498
"FG","2026-08-15T18:00:00.000000",23.1288223266602
"FG","2026-08-15T19:00:00.000000",23.1380252838135
"FG","2026-08-15T20:00:00.000000",21.9755859375
"FG","2026-08-15T21:00:00.000000",22.3722019195557
"FG","2026-08-15T22:00:00.000000",22.6071662902832
"FG","2026-08-15T23:00:00.000000",22.6005744934082
"FG","2026-08-16T00:00:00.000000",22.1088314056396
"FG","2026-08-16T01:00:00.000000",21.819263458252
"FG","2026-08-16T02:00:00.000000",21.6202945709229
"FG","2026-08-16T03:00:00.000000",22.1034603118896
"FG","2026-08-16T04:00:00.000000",22.5296649932861
"FG","2026-08-16T05:00:00.000000",22.8835754394531
"FG","2026-08-16T06:00:00.000000",23.063419342041
"FG","2026-08-16T07:00:00.000000",23.1501083374023
"FG","2026-08-16T08:00:00.000000",22.5828495025635
"FG","2026-08-16T09:00:00.000000",22.1017513275146
"FG","2026-08-16T10:00:00.000000",22.4709167480469
"FG","2026-08-16T11:00:00.000000",22.4326286315918
"FG","2026-08-16T12:00:00.000000",21.8789386749268
"FG","2026-08-16T13:00:00.000000",21.7356491088867
"FG","2026-08-16T14:00:00.000000",21.6569805145264
"FG","2026-08-16T15:00:00.000000",21.8886699676514
"FG","2026-08-16T16:00:00.000000",22.4425888061523
"FG","2026-08-16T17:00:00.000000",22.6804599761963
"FG","2026-08-16T18:00:00.000000",22.858606338501
"FG","2026-08-16T19:00:00.000000",23.0047416687012
"FG","2026-08-16T20:00:00.000000",22.9309425354004
"FG","2026-08-16T21:00:00.000000",22.2888431549072
"FG","2026-08-16T22:00:00.000000",22.2596206665039
"FG","2026-08-16T23:00:00.000000",22.3016471862793
"FG","2026-08-17T00:00:00.000000",22.252477645874
"GI","2026-08-09T00:00:00.000000",21.2744827270508
"GI","2026-08-09T01:00:00.000000",21.3962593078613
"GI","2026-08-09T02:00:00.000000",21.5026798248291
"GI","2026-08-09T03:00:00.000000",21.6483135223389
"GI","2026-08-09T04:00:00.000000",21.8408031463623
"GI","2026-08-09T05:00:00.000000",21.6461791992188
"GI","2026-08-09T06:00:00.000000",21.6241397857666
"GI","2026-08-09T07:00:00.000000",21.4531898498535
"GI","2026-08-09T08:00:00.000000",21.2491588592529
"GI","2026-08-09T09:00:00.000000",21.1351413726807
"GI","2026-08-09T10:00:00.000000",21.1922264099121
"GI","2026-08-09T11:00:00.000000",21.397876739502
"GI","2026-08-09T12:00:00.000000",21.5943126678467
"GI","2026-08-09T13:00:00.000000",21.7173442840576
"GI","2026-08-09T14:00:00.000000",21.7718029022217
"GI","2026-08-09T15:00:00.000000",21.7780818939209
"GI","2026-08-09T16:00:00.000000",21.8563442230225
"GI","2026-08-09T17:00:00.000000",21.6649036407471
"GI","2026-08-09T18:00:00.000000",21.6754455566406
"GI","2026-08-09T19:00:00.000000",21.22434425354
"GI","2026-08-09T20:00:00.000000",21.0392265319824
"GI","2026-08-09T21:00:00.000000",21.0353679656982
"GI","2026-08-09T22:00:00.000000",21.0554256439209
"GI","2026-08-09T23:00:00.000000",21.0566864013672
"GI","2026-08-10T00:00:00.000000",21.1228160858154
"GI","2026-08-10T01:00:00.000000",21.3426723480225
"GI","2026-08-10T02:00:00.000000",21.47731590271
"GI","2026-08-10T03:00:00.000000",21.5875854492188
"GI","2026-08-10T04:00:00.000000",21.7390384674072
"GI","2026-08-10T05:00:00.000000",21.8957958221436
"GI","2026-08-10T06:00:00.000000",21.8653373718262
"GI","2026-08-10T07:00:00.000000",21.6789283752441
"GI","2026-08-10T08:00:00.000000",21.4602584838867
"GI","2026-08-10T09:00:00.000000",21.0461845397949
"GI","2026-08-10T10:00:00.000000",20.9577922821045
"GI","2026-08-10T11:00:00.000000",20.9828624725342
"GI","2026-08-10T12:00:00.000000",21.2691802978516
"GI","2026-08-10T13:00:00.000000",21.5202922821045
"GI","2026-08-10T14:00:00.000000",21.6123428344727
"GI","2026-08-10T15:00:00.000000",21.7690353393555
"GI","2026-08-10T16:00:00.000000",21.7992782592773
"GI","2026-08-10T17:00:00.000000",21.7948226928711
"GI","2026-08-10T18:00:00.000000",21.8023529052734
"GI","2026-08-10T19:00:00.000000",21.6656551361084
"GI","2026-08-10T20:00:00.000000",21.6648845672607
"GI","2026-08-10T21:00:00.000000",21.7673301696777
"GI","2026-08-10T22:00:00.000000",21.7613658905029
"GI","2026-08-10T23:00:00.000000",21.758731842041
"GI","2026-08-11T00:00:00.000000",21.7724418640137
"GI","2026-08-11T01:00:00.000000",21.7804565429688
"GI","2026-08-11T02:00:00.000000",21.7595233917236
"GI","2026-08-11T03:00:00.000000",21.7586269378662
"GI","2026-08-11T04:00:00.000000",21.7720012664795
"GI","2026-08-11T05:00:00.000000",21.7899322509766
"GI","2026-08-11T06:00:00.000000",21.8160362243652
"GI","2026-08-11T07:00:00.000000",21.8169574737549
"GI","2026-08-11T08:00:00.000000",21.8115653991699
"GI","2026-08-11T09:00:00.000000",21.7982807159424
"GI","2026-08-11T10:00:00.000000",21.7222728729248
"GI","2026-08-11T11:00:00.000000",21.6905670166016
"GI","2026-08-11T12:00:00.000000",21.7075233459473
"GI","2026-08-11T13:00:00.000000",21.797664642334
"GI","2026-08-11T14:00:00.000000",21.8541393280029
"GI","2026-08-11T15:00:00.000000",21.8882331848145
"GI","2026-08-11T16:00:00.000000",22.0098552703857
"GI","2026-08-11T17:00:00.000000",21.9920310974121
"GI","2026-08-11T18:00:00.000000",21.9840660095215
"GI","2026-08-11T19:00:00.000000",22.0073146820068
"GI","2026-08-11T20:00:00.000000",21.9459571838379
"GI","2026-08-11T21:00:00.000000",21.2040214538574
"GI","2026-08-11T22:00:00.000000",20.8087100982666
"GI","2026-08-11T23:00:00.000000",20.7734241485596
"GI","2026-08-12T00:00:00.000000",20.8022708892822
"GI","2026-08-12T01:00:00.000000",20.779972076416
"GI","2026-08-12T02:00:00.000000",20.9545230865479
"GI","2026-08-12T03:00:00.000000",21.2774658203125
"GI","2026-08-12T04:00:00.000000",21.5106315612793
"GI","2026-08-12T05:00:00.000000",21.6788425445557
"GI","2026-08-12T06:00:00.000000",21.9273929595947
"GI","2026-08-12T07:00:00.000000",21.8722705841064
"GI","2026-08-12T08:00:00.000000",21.7762699127197
"GI","2026-08-12T09:00:00.000000",21.5809631347656
"GI","2026-08-12T10:00:00.000000",20.8408546447754
"GI","2026-08-12T11:00:00.000000",20.6676063537598
"GI","2026-08-12T12:00:00.000000",20.6366920471191
"GI","2026-08-12T13:00:00.000000",20.6606845855713
"GI","2026-08-12T14:00:00.000000",20.9899196624756
"GI","2026-08-12T15:00:00.000000",21.1965160369873
"GI","2026-08-12T16:00:00.000000",21.3144092559814
"GI","2026-08-12T17:00:00.000000",21.499813079834
"GI","2026-08-12T18:00:00.000000",21.532564163208
"GI","2026-08-12T19:00:00.000000",21.7195491790771
"GI","2026-08-12T20:00:00.000000",21.7202415466309
"GI","2026-08-12T21:00:00.000000",21.4620876312256
"GI","2026-08-12T22:00:00.000000",21.6677627563477
"GI","2026-08-12T23:00:00.000000",21.7508544921875
"GI","2026-08-13T00:00:00.000000",21.7303161621094
"GI","2026-08-13T01:00:00.000000",21.7199001312256
"GI","2026-08-13T02:00:00.000000",21.7404766082764
"GI","2026-08-13T03:00:00.000000",21.6820373535156
"GI","2026-08-13T04:00:00.000000",21.624626159668
"GI","2026-08-13T05:00:00.000000",21.5978622436523
"GI","2026-08-13T06:00:00.000000",21.5978317260742
"GI","2026-08-13T07:00:00.000000",21.7292728424072
"GI","2026-08-13T08:00:00.000000",21.6773338317871
"GI","2026-08-13T09:00:00.000000",21.6648979187012
"GI","2026-08-13T10:00:00.000000",21.6424121856689
"GI","2026-08-13T11:00:00.000000",21.4764423370361
"GI","2026-08-13T12:00:00.000000",21.3873291015625
"GI","2026-08-13T13:00:00.000000",21.3704032897949
"GI","2026-08-13T14:00:00.000000",21.3919429779053
"GI","2026-08-13T15:00:00.000000",21.5379734039307
"GI","2026-08-13T16:00:00.000000",21.6164150238037
"GI","2026-08-13T17:00:00.000000",21.6512718200684
"GI","2026-08-13T18:00:00.000000",21.7259540557861
"GI","2026-08-13T19:00:00.000000",21.7075386047363
"GI","2026-08-13T20:00:00.000000",21.7482891082764
"GI","2026-08-13T21:00:00.000000",21.6623764038086
"GI","2026-08-13T22:00:00.000000",21.5745544433594
"GI","2026-08-13T23:00:00.000000",21.0611515045166
"GI","2026-08-14T00:00:00.000000",21.047456741333
"GI","2026-08-14T01:00:00.000000",21.0552997589111
"GI","2026-08-14T02:00:00.000000",21.0546588897705
"GI","2026-08-14T03:00:00.000000",21.049654006958
"GI","2026-08-14T04:00:00.000000",21.1914844512939
"GI","2026-08-14T05:00:00.000000",21.3188533782959
"GI","2026-08-14T06:00:00.000000",21.4362239837646
"GI","2026-08-14T07:00:00.000000",21.4991645812988
"GI","2026-08-14T08:00:00.000000",21.6396560668945
"GI","2026-08-14T09:00:00.000000",21.6219329833984
"GI","2026-08-14T10:00:00.000000",21.5389709472656
"GI","2026-08-14T11:00:00.000000",21.27024269104
"GI","2026-08-14T12:00:00.000000",20.9488677978516
"GI","2026-08-14T13:00:00.000000",20.8959846496582
"GI","2026-08-14T14:00:00.000000",20.8871955871582
"GI","2026-08-14T15:00:00.000000",20.9602203369141
"GI","2026-08-14T16:00:00.000000",21.1844043731689
"GI","2026-08-14T17:00:00.000000",21.3043785095215
"GI","2026-08-14T18:00:00.000000",21.4790897369385
"GI","2026-08-14T19:00:00.000000",21.5735301971436
"GI","2026-08-14T20:00:00.000000",21.5304107666016
"GI","2026-08-14T21:00:00.000000",21.6095771789551
"GI","2026-08-14T22:00:00.000000",21.4311199188232
"GI","2026-08-14T23:00:00.000000",21.2687568664551
"GI","2026-08-15T00:00:00.000000",21.1319274902344
"GI","2026-08-15T01:00:00.000000",21.128791809082
"GI","2026-08-15T02:00:00.000000",21.1332054138184
"GI","2026-08-15T03:00:00.000000",21.1231441497803
"GI","2026-08-15T04:00:00.000000",21.1278877258301
"GI","2026-08-15T05:00:00.000000",21.167085647583
"GI","2026-08-15T06:00:00.000000",21.2083625793457
"GI","2026-08-15T07:00:00.000000",21.2536945343018
"GI","2026-08-15T08:00:00.000000",21.3797492980957
"GI","2026-08-15T09:00:00.000000",21.3430423736572
"GI","2026-08-15T10:00:00.000000",21.3879165649414
"GI","2026-08-15T11:00:00.000000",21.2702884674072
"GI","2026-08-15T12:00:00.000000",21.1035861968994
"GI","2026-08-15T13:00:00.000000",20.9846782684326
"GI","2026-08-15T14:00:00.000000",20.9577007293701
"GI","2026-08-15T15:00:00.000000",20.9610462188721
"GI","2026-08-15T16:00:00.000000",21.0855655670166
"GI","2026-08-15T17:00:00.000000",21.173656463623
"GI","2026-08-15T18:00:00.000000",21.2013893127441
"GI","2026-08-15T19:00:00.000000",21.2370281219482
"GI","2026-08-15T20:00:00.000000",21.310359954834
"GI","2026-08-15T21:00:00.000000",21.2915306091309
"GI","2026-08-15T22:00:00.000000",21.2822704315186
"GI","2026-08-15T23:00:00.000000",21.2873764038086
"GI","2026-08-16T00:00:00.000000",21.1244487762451
"GI","2026-08-16T01:00:00.000000",21.0097389221191
"GI","2026-08-16T02:00:00.000000",21.0104026794434
"GI","2026-08-16T03:00:00.000000",21.0104656219482
"GI","2026-08-16T04:00:00.000000",21.0060501098633
"GI","2026-08-16T05:00:00.000000",21.040470123291
"GI","2026-08-16T06:00:00.000000",21.1108303070068
"GI","2026-08-16T07:00:00.000000",21.1697006225586
"GI","2026-08-16T08:00:00.000000",21.2024230957031
"GI","2026-08-16T09:00:00.000000",21.2050704956055
"GI","2026-08-16T10:00:00.000000",21.275390625
"GI","2026-08-16T11:00:00.000000",21.1953163146973
"GI","2026-08-16T12:00:00.000000",21.1203651428223
"GI","2026-08-16T13:00:00.000000",21.0326633453369
"GI","2026-08-16T14:00:00.000000",21.023681640625
"GI","2026-08-16T15:00:00.000000",21.0281505584717
"GI","2026-08-16T16:00:00.000000",21.0333614349365
"GI","2026-08-16T17:00:00.000000",21.0396842956543
"GI","2026-08-16T18:00:00.000000",21.1042499542236
"GI","2026-08-16T19:00:00.000000",21.146879196167
"GI","2026-08-16T20:00:00.000000",21.1682910919189
"GI","2026-08-16T21:00:00.000000",21.1959209442139
"GI","2026-08-16T22:00:00.000000",21.2291679382324
"GI","2026-08-16T23:00:00.000000",21.2402019500732
"GI","2026-08-17T00:00:00.000000",21.1936683654785
"JB","2026-08-09T00:00:00.000000",21.8041877746582
"JB","2026-08-09T01:00:00.000000",21.7012119293213
"JB","2026-08-09T02:00:00.000000",21.6775379180908
"JB","2026-08-09T03:00:00.000000",21.7732582092285
"JB","2026-08-09T04:00:00.000000",21.8717079162598
"JB","2026-08-09T05:00:00.000000",22.0367984771729
"JB","2026-08-09T06:00:00.000000",22.219705581665
"JB","2026-08-09T07:00:00.000000",22.0886306762695
"JB","2026-08-09T08:00:00.000000",21.9040012359619
"JB","2026-08-09T09:00:00.000000",21.8211040496826
"JB","2026-08-09T10:00:00.000000",21.7601013183594
"JB","2026-08-09T11:00:00.000000",22.0234069824219
"JB","2026-08-09T12:00:00.000000",21.9731769561768
"JB","2026-08-09T13:00:00.000000",21.8519420623779
"JB","2026-08-09T14:00:00.000000",21.9558696746826
"JB","2026-08-09T15:00:00.000000",22.4753742218018
"JB","2026-08-09T16:00:00.000000",22.071475982666
"JB","2026-08-09T17:00:00.000000",21.8294124603271
"JB","2026-08-09T18:00:00.000000",21.739818572998
"JB","2026-08-09T19:00:00.000000",21.6538696289062
"JB","2026-08-09T20:00:00.000000",21.6190204620361
"JB","2026-08-09T21:00:00.000000",21.5150966644287
"JB","2026-08-09T22:00:00.000000",21.3293724060059
"JB","2026-08-09T23:00:00.000000",21.4180355072021
"JB","2026-08-10T00:00:00.000000",21.617748260498
"JB","2026-08-10T01:00:00.000000",21.4938907623291
"JB","2026-08-10T02:00:00.000000",21.338809967041
"JB","2026-08-10T03:00:00.000000",21.4051513671875
"JB","2026-08-10T04:00:00.000000",22.0988140106201
"JB","2026-08-10T05:00:00.000000",22.2607612609863
"JB","2026-08-10T06:00:00.000000",22.4279727935791
"JB","2026-08-10T07:00:00.000000",23.0027675628662
"JB","2026-08-10T08:00:00.000000",22.1905269622803
"JB","2026-08-10T09:00:00.000000",21.7808322906494
"JB","2026-08-10T10:00:00.000000",21.6030025482178
"JB","2026-08-10T11:00:00.000000",21.4825592041016
"JB","2026-08-10T12:00:00.000000",21.9433040618896
"JB","2026-08-10T13:00:00.000000",21.7743530273438
"JB","2026-08-10T14:00:00.000000",21.6349143981934
"JB","2026-08-10T15:00:00.000000",23.1916522979736
"JB","2026-08-10T16:00:00.000000",22.9274559020996
"JB","2026-08-10T17:00:00.000000",22.0452842712402
"JB","2026-08-10T18:00:00.000000",21.6386642456055
"JB","2026-08-10T19:00:00.000000",21.6975002288818
"JB","2026-08-10T20:00:00.000000",21.532751083374
"JB","2026-08-10T21:00:00.000000",21.3402481079102
"JB","2026-08-10T22:00:00.000000",21.2047271728516
"JB","2026-08-10T23:00:00.000000",21.0729579925537
"JB","2026-08-11T00:00:00.000000",21.2577800750732
"JB","2026-08-11T01:00:00.000000",21.3111190795898
"JB","2026-08-11T02:00:00.000000",21.294490814209
"JB","2026-08-11T03:00:00.000000",21.2442264556885
"JB","2026-08-11T04:00:00.000000",21.2885627746582
"JB","2026-08-11T05:00:00.000000",21.5186462402344
"JB","2026-08-11T06:00:00.000000",21.7538986206055
"JB","2026-08-11T07:00:00.000000",21.8527774810791
"JB","2026-08-11T08:00:00.000000",22.042875289917
"JB","2026-08-11T09:00:00.000000",21.558443069458
"JB","2026-08-11T10:00:00.000000",21.4409408569336
"JB","2026-08-11T11:00:00.000000",21.3994331359863
"JB","2026-08-11T12:00:00.000000",21.393383026123
"JB","2026-08-11T13:00:00.000000",21.6895503997803
"JB","2026-08-11T14:00:00.000000",21.6145706176758
"JB","2026-08-11T15:00:00.000000",21.5056552886963
"JB","2026-08-11T16:00:00.000000",21.6685810089111
"JB","2026-08-11T17:00:00.000000",22.5844573974609
"JB","2026-08-11T18:00:00.000000",22.0151176452637
"JB","2026-08-11T19:00:00.000000",21.652982711792
"JB","2026-08-11T20:00:00.000000",21.5641651153564
"JB","2026-08-11T21:00:00.000000",21.8277969360352
"JB","2026-08-11T22:00:00.000000",21.616512298584
"JB","2026-08-11T23:00:00.000000",21.4098701477051
"JB","2026-08-12T00:00:00.000000",21.1399707794189
"JB","2026-08-12T01:00:00.000000",21.2948608398438
"JB","2026-08-12T02:00:00.000000",21.5215167999268
"JB","2026-08-12T03:00:00.000000",21.5112781524658
"JB","2026-08-12T04:00:00.000000",21.4068756103516
"JB","2026-08-12T05:00:00.000000",21.5794506072998
"JB","2026-08-12T06:00:00.000000",22.4416103363037
"JB","2026-08-12T07:00:00.000000",21.8784503936768
"JB","2026-08-12T08:00:00.000000",21.8778705596924
"JB","2026-08-12T09:00:00.000000",22.7231063842773
"JB","2026-08-12T10:00:00.000000",21.9181289672852
"JB","2026-08-12T11:00:00.000000",21.6457996368408
"JB","2026-08-12T12:00:00.000000",21.4344654083252
"JB","2026-08-12T13:00:00.000000",21.7144813537598
"JB","2026-08-12T14:00:00.000000",21.8619174957275
"JB","2026-08-12T15:00:00.000000",21.5702438354492
"JB","2026-08-12T16:00:00.000000",21.5119342803955
"JB","2026-08-12T17:00:00.000000",22.262996673584
"JB","2026-08-12T18:00:00.000000",22.262996673584
"JB","2026-08-12T19:00:00.000000",22.2491931915283
"JB","2026-08-12T20:00:00.000000",21.6249618530273
"JB","2026-08-12T21:00:00.000000",21.4719924926758
"JB","2026-08-12T22:00:00.000000",21.4239234924316
"JB","2026-08-12T23:00:00.000000",21.3360977172852
"JB","2026-08-13T00:00:00.000000",21.1748352050781
"JB","2026-08-13T01:00:00.000000",21.0457553863525
"JB","2026-08-13T02:00:00.000000",21.3514003753662
"JB","2026-08-13T03:00:00.000000",21.4016532897949
"JB","2026-08-13T04:00:00.000000",21.2289123535156
"JB","2026-08-13T05:00:00.000000",21.2079296112061
"JB","2026-08-13T06:00:00.000000",21.3488655090332
"JB","2026-08-13T07:00:00.000000",21.6119117736816
"JB","2026-08-13T08:00:00.000000",21.5548610687256
"JB","2026-08-13T09:00:00.000000",21.7561168670654
"JB","2026-08-13T10:00:00.000000",21.9518642425537
"JB","2026-08-13T11:00:00.000000",21.5834083557129
"JB","2026-08-13T12:00:00.000000",21.4123764038086
"JB","2026-08-13T13:00:00.000000",21.010290145874
"JB","2026-08-13T14:00:00.000000",21.5379428863525
"JB","2026-08-13T15:00:00.000000",21.5734462738037
"JB","2026-08-13T16:00:00.000000",21.3185424804688
"JB","2026-08-13T17:00:00.000000",21.2507934570312
"JB","2026-08-13T18:00:00.000000",21.8727054595947
"JB","2026-08-13T19:00:00.000000",22.2228450775146
"JB","2026-08-13T20:00:00.000000",21.656063079834
"JB","2026-08-13T21:00:00.000000",21.3996124267578
"JB","2026-08-13T22:00:00.000000",21.2370452880859
"JB","2026-08-13T23:00:00.000000",21.199613571167
"JB","2026-08-14T00:00:00.000000",21.1473655700684
"JB","2026-08-14T01:00:00.000000",20.9774284362793
"JB","2026-08-14T02:00:00.000000",20.885627746582
"JB","2026-08-14T03:00:00.000000",21.3374805450439
"JB","2026-08-14T04:00:00.000000",21.3926563262939
"JB","2026-08-14T05:00:00.000000",21.1734981536865
"JB","2026-08-14T06:00:00.000000",21.1523532867432
"JB","2026-08-14T07:00:00.000000",21.422830581665
"JB","2026-08-14T08:00:00.000000",21.5791797637939
"JB","2026-08-14T09:00:00.000000",21.4223556518555
"JB","2026-08-14T10:00:00.000000",21.7327556610107
"JB","2026-08-14T11:00:00.000000",22.1059761047363
"JB","2026-08-14T12:00:00.000000",21.5643157958984
"JB","2026-08-14T13:00:00.000000",21.3064212799072
"JB","2026-08-14T14:00:00.000000",20.9760246276855
"JB","2026-08-14T15:00:00.000000",21.5974655151367
"JB","2026-08-14T16:00:00.000000",21.6775016784668
"JB","2026-08-14T17:00:00.000000",21.359395980835
"JB","2026-08-14T18:00:00.000000",21.3511123657227
"JB","2026-08-14T19:00:00.000000",22.0874271392822
"JB","2026-08-14T20:00:00.000000",21.886344909668
"JB","2026-08-14T21:00:00.000000",21.5013294219971
"JB","2026-08-14T22:00:00.000000",21.246826171875
"JB","2026-08-14T23:00:00.000000",21.351921081543
"JB","2026-08-15T00:00:00.000000",21.2720699310303
"JB","2026-08-15T01:00:00.000000",21.1881408691406
"JB","2026-08-15T02:00:00.000000",21.1170387268066
"JB","2026-08-15T03:00:00.000000",21.5389213562012
"JB","2026-08-15T04:00:00.000000",21.5752449035645
"JB","2026-08-15T05:00:00.000000",21.326265335083
"JB","2026-08-15T06:00:00.000000",21.2370586395264
"JB","2026-08-15T07:00:00.000000",21.3486766815186
"JB","2026-08-15T08:00:00.000000",21.9055709838867
"JB","2026-08-15T09:00:00.000000",22.0576000213623
"JB","2026-08-15T10:00:00.000000",21.5776271820068
"JB","2026-08-15T11:00:00.000000",21.7590961456299
"JB","2026-08-15T12:00:00.000000",21.5959796905518
"JB","2026-08-15T13:00:00.000000",21.4210395812988
"JB","2026-08-15T14:00:00.000000",21.2023525238037
"JB","2026-08-15T15:00:00.000000",21.2323322296143
"JB","2026-08-15T16:00:00.000000",21.7862243652344
"JB","2026-08-15T17:00:00.000000",21.5107498168945
"JB","2026-08-15T18:00:00.000000",21.2501964569092
"JB","2026-08-15T19:00:00.000000",21.6061954498291
"JB","2026-08-15T20:00:00.000000",22.3627281188965
"JB","2026-08-15T21:00:00.000000",21.8132705688477
"JB","2026-08-15T22:00:00.000000",21.4020195007324
"JB","2026-08-15T23:00:00.000000",21.2663154602051
"JB","2026-08-16T00:00:00.000000",21.2364959716797
"JB","2026-08-16T01:00:00.000000",21.1932544708252
"JB","2026-08-16T02:00:00.000000",21.1586494445801
"JB","2026-08-16T03:00:00.000000",21.108097076416
"JB","2026-08-16T04:00:00.000000",21.4270496368408
"JB","2026-08-16T05:00:00.000000",21.5117015838623
"JB","2026-08-16T06:00:00.000000",21.4177742004395
"JB","2026-08-16T07:00:00.000000",21.3028659820557
"JB","2026-08-16T08:00:00.000000",21.4006614685059
"JB","2026-08-16T09:00:00.000000",21.6107730865479
"JB","2026-08-16T10:00:00.000000",21.6137619018555
"JB","2026-08-16T11:00:00.000000",21.5246810913086
"JB","2026-08-16T12:00:00.000000",21.4783554077148
"JB","2026-08-16T13:00:00.000000",21.3322696685791
"JB","2026-08-16T14:00:00.000000",21.3278522491455
"JB","2026-08-16T15:00:00.000000",21.3028182983398
"JB","2026-08-16T16:00:00.000000",21.5004615783691
"JB","2026-08-16T17:00:00.000000",21.6360893249512
"JB","2026-08-16T18:00:00.000000",21.5106163024902
"JB","2026-08-16T19:00:00.000000",21.4101753234863
"JB","2026-08-16T20:00:00.000000",21.4844951629639
"JB","2026-08-16T21:00:00.000000",21.5435314178467
"JB","2026-08-16T22:00:00.000000",21.580545425415
"JB","2026-08-16T23:00:00.000000",21.6039905548096
"JB","2026-08-17T00:00:00.000000",21.6317710876465
NA,"2026-08-09T00:00:00.000000",20.298641204834
NA,"2026-08-09T01:00:00.000000",20.3116283416748
NA,"2026-08-09T02:00:00.000000",20.3657379150391
NA,"2026-08-09T03:00:00.000000",20.4637985229492
NA,"2026-08-09T04:00:00.000000",20.564380645752
NA,"2026-08-09T05:00:00.000000",20.6463947296143
NA,"2026-08-09T06:00:00.000000",20.7063293457031
NA,"2026-08-09T07:00:00.000000",20.7407817840576
NA,"2026-08-09T08:00:00.000000",20.7539958953857
NA,"2026-08-09T09:00:00.000000",20.7047500610352
NA,"2026-08-09T10:00:00.000000",20.6208839416504
NA,"2026-08-09T11:00:00.000000",20.5880565643311
NA,"2026-08-09T12:00:00.000000",20.5858306884766
NA,"2026-08-09T13:00:00.000000",20.6215496063232
NA,"2026-08-09T14:00:00.000000",20.6925945281982
NA,"2026-08-09T15:00:00.000000",20.7781639099121
NA,"2026-08-09T16:00:00.000000",20.8450908660889
NA,"2026-08-09T17:00:00.000000",20.8759765625
NA,"2026-08-09T18:00:00.000000",20.8796901702881
NA,"2026-08-09T19:00:00.000000",20.8562984466553
NA,"2026-08-09T20:00:00.000000",20.8164520263672
NA,"2026-08-09T21:00:00.000000",20.7430801391602
NA,"2026-08-09T22:00:00.000000",20.4634895324707
NA,"2026-08-09T23:00:00.000000",20.2060546875
NA,"2026-08-10T00:00:00.000000",20.1483192443848
NA,"2026-08-10T01:00:00.000000",20.1424865722656
NA,"2026-08-10T02:00:00.000000",20.1739253997803
NA,"2026-08-10T03:00:00.000000",20.241382598877
NA,"2026-08-10T04:00:00.000000",20.338888168335
NA,"2026-08-10T05:00:00.000000",20.4108829498291
NA,"2026-08-10T06:00:00.000000",20.4766731262207
NA,"2026-08-10T07:00:00.000000",20.5411071777344
NA,"2026-08-10T08:00:00.000000",20.5681324005127
NA,"2026-08-10T09:00:00.000000",20.5286560058594
NA,"2026-08-10T10:00:00.000000",20.4340057373047
NA,"2026-08-10T11:00:00.000000",20.3688163757324
NA,"2026-08-10T12:00:00.000000",20.359094619751
NA,"2026-08-10T13:00:00.000000",20.3395500183105
NA,"2026-08-10T14:00:00.000000",20.3347301483154
NA,"2026-08-10T15:00:00.000000",20.351016998291
NA,"2026-08-10T16:00:00.000000",20.4636402130127
NA,"2026-08-10T17:00:00.000000",20.5942649841309
NA,"2026-08-10T18:00:00.000000",20.6737194061279
NA,"2026-08-10T19:00:00.000000",20.7207489013672
NA,"2026-08-10T20:00:00.000000",20.6981506347656
NA,"2026-08-10T21:00:00.000000",20.5784683227539
NA,"2026-08-10T22:00:00.000000",20.5539073944092
NA,"2026-08-10T23:00:00.000000",20.3835830688477
NA,"2026-08-11T00:00:00.000000",20.3038234710693
NA,"2026-08-11T01:00:00.000000",20.348108291626
NA,"2026-08-11T02:00:00.000000",20.4074249267578
NA,"2026-08-11T03:00:00.000000",20.439281463623
NA,"2026-08-11T04:00:00.000000",20.4728813171387
NA,"2026-08-11T05:00:00.000000",20.5262851715088
NA,"2026-08-11T06:00:00.000000",20.5870227813721
NA,"2026-08-11T07:00:00.000000",20.6533374786377
NA,"2026-08-11T08:00:00.000000",20.6958332061768
NA,"2026-08-11T09:00:00.000000",20.7165718078613
NA,"2026-08-11T10:00:00.000000",20.7153663635254
NA,"2026-08-11T11:00:00.000000",20.6830253601074
NA,"2026-08-11T12:00:00.000000",20.6553268432617
NA,"2026-08-11T13:00:00.000000",20.5739765167236
NA,"2026-08-11T14:00:00.000000",20.5665988922119
NA,"2026-08-11T15:00:00.000000",20.6370601654053
NA,"2026-08-11T16:00:00.000000",20.7186031341553
NA,"2026-08-11T17:00:00.000000",20.7734088897705
NA,"2026-08-11T18:00:00.000000",20.7980136871338
NA,"2026-08-11T19:00:00.000000",20.798978805542
NA,"2026-08-11T20:00:00.000000",20.7907562255859
NA,"2026-08-11T21:00:00.000000",20.7728137969971
NA,"2026-08-11T22:00:00.000000",20.7619533538818
NA,"2026-08-11T23:00:00.000000",20.6824245452881
NA,"2026-08-12T00:00:00.000000",20.2438354492188
NA,"2026-08-12T01:00:00.000000",19.8269805908203
NA,"2026-08-12T02:00:00.000000",19.7000255584717
NA,"2026-08-12T03:00:00.000000",19.6810550689697
NA,"2026-08-12T04:00:00.000000",19.7247657775879
NA,"2026-08-12T05:00:00.000000",19.8614139556885
NA,"2026-08-12T06:00:00.000000",20.0205612182617
NA,"2026-08-12T07:00:00.000000",20.1460247039795
NA,"2026-08-12T08:00:00.000000",20.2561988830566
NA,"2026-08-12T09:00:00.000000",20.3271312713623
NA,"2026-08-12T10:00:00.000000",20.3005657196045
NA,"2026-08-12T11:00:00.000000",20.102840423584
NA,"2026-08-12T12:00:00.000000",19.8696537017822
NA,"2026-08-12T13:00:00.000000",19.7928619384766
NA,"2026-08-12T14:00:00.000000",19.7008934020996
NA,"2026-08-12T15:00:00.000000",19.6622009277344
NA,"2026-08-12T16:00:00.000000",19.657585144043
NA,"2026-08-12T17:00:00.000000",19.6940422058105
NA,"2026-08-12T18:00:00.000000",19.7995929718018
NA,"2026-08-12T19:00:00.000000",19.9888019561768
NA,"2026-08-12T20:00:00.000000",20.086763381958
NA,"2026-08-12T21:00:00.000000",20.1432266235352
NA,"2026-08-12T22:00:00.000000",20.0769424438477
NA,"2026-08-12T23:00:00.000000",19.8462409973145
NA,"2026-08-13T00:00:00.000000",19.8319873809814
NA,"2026-08-13T01:00:00.000000",19.7384185791016
NA,"2026-08-13T02:00:00.000000",19.7263107299805
NA,"2026-08-13T03:00:00.000000",19.7687740325928
NA,"2026-08-13T04:00:00.000000",19.7981948852539
NA,"2026-08-13T05:00:00.000000",19.8078594207764
NA,"2026-08-13T06:00:00.000000",19.8175735473633
NA,"2026-08-13T07:00:00.000000",19.8352966308594
NA,"2026-08-13T08:00:00.000000",19.8643264770508
NA,"2026-08-13T09:00:00.000000",19.8956451416016
NA,"2026-08-13T10:00:00.000000",19.9223651885986
NA,"2026-08-13T11:00:00.000000",19.9197025299072
NA,"2026-08-13T12:00:00.000000",19.8966617584229
NA,"2026-08-13T13:00:00.000000",19.9140796661377
NA,"2026-08-13T14:00:00.000000",19.9023342132568
NA,"2026-08-13T15:00:00.000000",19.8670673370361
NA,"2026-08-13T16:00:00.000000",19.8549003601074
NA,"2026-08-13T17:00:00.000000",19.8701877593994
NA,"2026-08-13T18:00:00.000000",19.9001007080078
NA,"2026-08-13T19:00:00.000000",19.9374847412109
NA,"2026-08-13T20:00:00.000000",19.9608936309814
NA,"2026-08-13T21:00:00.000000",19.9725685119629
NA,"2026-08-13T22:00:00.000000",19.9759960174561
NA,"2026-08-13T23:00:00.000000",19.9572334289551
NA,"2026-08-14T00:00:00.000000",19.9360389709473
NA,"2026-08-14T01:00:00.000000",19.9407520294189
NA,"2026-08-14T02:00:00.000000",19.8720264434814
NA,"2026-08-14T03:00:00.000000",19.8475170135498
NA,"2026-08-14T04:00:00.000000",19.8498420715332
NA,"2026-08-14T05:00:00.000000",19.8535022735596
NA,"2026-08-14T06:00:00.000000",19.856237411499
NA,"2026-08-14T07:00:00.000000",19.8659515380859
NA,"2026-08-14T08:00:00.000000",19.8826770782471
NA,"2026-08-14T09:00:00.000000",19.8994770050049
NA,"2026-08-14T10:00:00.000000",19.9122886657715
NA,"2026-08-14T11:00:00.000000",19.9182109832764
NA,"2026-08-14T12:00:00.000000",19.9098815917969
NA,"2026-08-14T13:00:00.000000",19.9068794250488
NA,"2026-08-14T14:00:00.000000",19.9165172576904
NA,"2026-08-14T15:00:00.000000",19.8907279968262
NA,"2026-08-14T16:00:00.000000",19.8596267700195
NA,"2026-08-14T17:00:00.000000",19.8596458435059
NA,"2026-08-14T18:00:00.000000",19.8865299224854
NA,"2026-08-14T19:00:00.000000",19.9122524261475
NA,"2026-08-14T20:00:00.000000",19.9246864318848
NA,"2026-08-14T21:00:00.000000",19.9264869689941
NA,"2026-08-14T22:00:00.000000",19.9051780700684
NA,"2026-08-14T23:00:00.000000",19.8360061645508
NA,"2026-08-15T00:00:00.000000",19.8090515136719
NA,"2026-08-15T01:00:00.000000",19.8135986328125
NA,"2026-08-15T02:00:00.000000",19.8271427154541
NA,"2026-08-15T03:00:00.000000",19.8137855529785
NA,"2026-08-15T04:00:00.000000",19.8106327056885
NA,"2026-08-15T05:00:00.000000",19.8123073577881
NA,"2026-08-15T06:00:00.000000",19.8120594024658
NA,"2026-08-15T07:00:00.000000",19.8093509674072
NA,"2026-08-15T08:00:00.000000",19.8064632415771
NA,"2026-08-15T09:00:00.000000",19.804048538208
NA,"2026-08-15T10:00:00.000000",19.8025760650635
NA,"2026-08-15T11:00:00.000000",19.8021545410156
NA,"2026-08-15T12:00:00.000000",19.8047485351562
NA,"2026-08-15T13:00:00.000000",19.8276538848877
NA,"2026-08-15T14:00:00.000000",19.8866424560547
NA,"2026-08-15T15:00:00.000000",19.923713684082
NA,"2026-08-15T16:00:00.000000",19.9295425415039
NA,"2026-08-15T17:00:00.000000",19.9329833984375
NA,"2026-08-15T18:00:00.000000",19.9377002716064
NA,"2026-08-15T19:00:00.000000",19.932445526123
NA,"2026-08-15T20:00:00.000000",19.91184425354
NA,"2026-08-15T21:00:00.000000",19.891134262085
NA,"2026-08-15T22:00:00.000000",19.8722267150879
NA,"2026-08-15T23:00:00.000000",19.8593673706055
NA,"2026-08-16T00:00:00.000000",19.8545951843262
NA,"2026-08-16T01:00:00.000000",19.8755340576172
NA,"2026-08-16T02:00:00.000000",19.9390525817871
NA,"2026-08-16T03:00:00.000000",20.0421600341797
NA,"2026-08-16T04:00:00.000000",20.1226463317871
NA,"2026-08-16T05:00:00.000000",20.1639556884766
NA,"2026-08-16T06:00:00.000000",20.1746292114258
NA,"2026-08-16T07:00:00.000000",20.1364860534668
NA,"2026-08-16T08:00:00.000000",20.07448387146
NA,"2026-08-16T09:00:00.000000",20.0220966339111
NA,"2026-08-16T10:00:00.000000",19.9786109924316
NA,"2026-08-16T11:00:00.000000",19.9544582366943
NA,"2026-08-16T12:00:00.000000",19.9465446472168
NA,"2026-08-16T13:00:00.000000",19.970588684082
NA,"2026-08-16T14:00:00.000000",20.1069316864014
NA,"2026-08-16T15:00:00.000000",20.2194538116455
NA,"2026-08-16T16:00:00.000000",20.2912445068359
NA,"2026-08-16T17:00:00.000000",20.318151473999
NA,"2026-08-16T18:00:00.000000",20.3213577270508
NA,"2026-08-16T19:00:00.000000",20.2793884277344
NA,"2026-08-16T20:00:00.000000",20.1959934234619
NA,"2026-08-16T21:00:00.000000",20.1386623382568
NA,"2026-08-16T22:00:00.000000",20.1051330566406
NA,"2026-08-16T23:00:00.000000",20.103588104248
NA,"2026-08-17T00:00:00.000000",20.095775604248
"NK","2026-08-09T00:00:00.000000",20.1920070648193
"NK","2026-08-09T01:00:00.000000",20.1980476379395
"NK","2026-08-09T02:00:00.000000",20.2202491760254
"NK","2026-08-09T03:00:00.000000",20.261812210083
"NK","2026-08-09T04:00:00.000000",20.3393707275391
"NK","2026-08-09T05:00:00.000000",20.4546432495117
"NK","2026-08-09T06:00:00.000000",20.5506687164307
"NK","2026-08-09T07:00:00.000000",20.6602668762207
"NK","2026-08-09T08:00:00.000000",20.7698192596436
"NK","2026-08-09T09:00:00.000000",20.8031444549561
"NK","2026-08-09T10:00:00.000000",20.6972675323486
"NK","2026-08-09T11:00:00.000000",20.6572341918945
"NK","2026-08-09T12:00:00.000000",20.6668586730957
"NK","2026-08-09T13:00:00.000000",20.7390365600586
"NK","2026-08-09T14:00:00.000000",20.8342037200928
"NK","2026-08-09T15:00:00.000000",20.98415184021
"NK","2026-08-09T16:00:00.000000",21.1247539520264
"NK","2026-08-09T17:00:00.000000",21.2560424804688
"NK","2026-08-09T18:00:00.000000",21.3637275695801
"NK","2026-08-09T19:00:00.000000",21.3977298736572
"NK","2026-08-09T20:00:00.000000",21.3024711608887
"NK","2026-08-09T21:00:00.000000",21.1033573150635
"NK","2026-08-09T22:00:00.000000",20.4997425079346
"NK","2026-08-09T23:00:00.000000",20.0670680999756
"NK","2026-08-10T00:00:00.000000",19.9970302581787
"NK","2026-08-10T01:00:00.000000",19.9922943115234
"NK","2026-08-10T02:00:00.000000",20.0124835968018
"NK","2026-08-10T03:00:00.000000",20.0546283721924
"NK","2026-08-10T04:00:00.000000",20.1468658447266
"NK","2026-08-10T05:00:00.000000",20.2801723480225
"NK","2026-08-10T06:00:00.000000",20.4379100799561
"NK","2026-08-10T07:00:00.000000",20.6018695831299
"NK","2026-08-10T08:00:00.000000",20.7485237121582
"NK","2026-08-10T09:00:00.000000",20.8444480895996
"NK","2026-08-10T10:00:00.000000",20.8062877655029
"NK","2026-08-10T11:00:00.000000",20.7720527648926
"NK","2026-08-10T12:00:00.000000",20.7016506195068
"NK","2026-08-10T13:00:00.000000",20.6940746307373
"NK","2026-08-10T14:00:00.000000",20.7700500488281
"NK","2026-08-10T15:00:00.000000",20.8690376281738
"NK","2026-08-10T16:00:00.000000",21.0099449157715
"NK","2026-08-10T17:00:00.000000",21.1458435058594
"NK","2026-08-10T18:00:00.000000",21.277904510498
"NK","2026-08-10T19:00:00.000000",21.38818359375
"NK","2026-08-10T20:00:00.000000",21.4186325073242
"NK","2026-08-10T21:00:00.000000",21.3186511993408
"NK","2026-08-10T22:00:00.000000",21.0573406219482
"NK","2026-08-10T23:00:00.000000",20.4515399932861
"NK","2026-08-11T00:00:00.000000",20.2518978118896
"NK","2026-08-11T01:00:00.000000",20.2902336120605
"NK","2026-08-11T02:00:00.000000",20.3580875396729
"NK","2026-08-11T03:00:00.000000",20.3427581787109
"NK","2026-08-11T04:00:00.000000",20.345911026001
"NK","2026-08-11T05:00:00.000000",20.361141204834
"NK","2026-08-11T06:00:00.000000",20.405797958374
"NK","2026-08-11T07:00:00.000000",20.5285453796387
"NK","2026-08-11T08:00:00.000000",20.7035903930664
"NK","2026-08-11T09:00:00.000000",20.8425254821777
"NK","2026-08-11T10:00:00.000000",20.7786540985107
"NK","2026-08-11T11:00:00.000000",20.6572113037109
"NK","2026-08-11T12:00:00.000000",20.6253681182861
"NK","2026-08-11T13:00:00.000000",20.5803527832031
"NK","2026-08-11T14:00:00.000000",20.5824451446533
"NK","2026-08-11T15:00:00.000000",20.6511344909668
"NK","2026-08-11T16:00:00.000000",20.7571868896484
"NK","2026-08-11T17:00:00.000000",20.8898906707764
"NK","2026-08-11T18:00:00.000000",21.0414047241211
"NK","2026-08-11T19:00:00.000000",21.2055549621582
"NK","2026-08-11T20:00:00.000000",21.3576164245605
"NK","2026-08-11T21:00:00.000000",21.4289779663086
"NK","2026-08-11T22:00:00.000000",21.2850074768066
"NK","2026-08-11T23:00:00.000000",21.0828456878662
"NK","2026-08-12T00:00:00.000000",20.297664642334
"NK","2026-08-12T01:00:00.000000",19.6318683624268
"NK","2026-08-12T02:00:00.000000",19.4672679901123
"NK","2026-08-12T03:00:00.000000",19.4526634216309
"NK","2026-08-12T04:00:00.000000",19.5054492950439
"NK","2026-08-12T05:00:00.000000",19.6427993774414
"NK","2026-08-12T06:00:00.000000",19.8458271026611
"NK","2026-08-12T07:00:00.000000",20.0960674285889
"NK","2026-08-12T08:00:00.000000",20.3661842346191
"NK","2026-08-12T09:00:00.000000",20.6182479858398
"NK","2026-08-12T10:00:00.000000",20.7658843994141
"NK","2026-08-12T11:00:00.000000",20.698127746582
"NK","2026-08-12T12:00:00.000000",20.4993534088135
"NK","2026-08-12T13:00:00.000000",20.2692050933838
"NK","2026-08-12T14:00:00.000000",19.9839324951172
"NK","2026-08-12T15:00:00.000000",20.0315055847168
"NK","2026-08-12T16:00:00.000000",20.2111740112305
"NK","2026-08-12T17:00:00.000000",20.439489364624
"NK","2026-08-12T18:00:00.000000",20.6830921173096
"NK","2026-08-12T19:00:00.000000",20.8910751342773
"NK","2026-08-12T20:00:00.000000",21.0790634155273
"NK","2026-08-12T21:00:00.000000",21.2304935455322
"NK","2026-08-12T22:00:00.000000",21.2384338378906
"NK","2026-08-12T23:00:00.000000",21.005823135376
"NK","2026-08-13T00:00:00.000000",20.4807739257812
"NK","2026-08-13T01:00:00.000000",19.8311023712158
"NK","2026-08-13T02:00:00.000000",19.7346668243408
"NK","2026-08-13T03:00:00.000000",19.753812789917
"NK","2026-08-13T04:00:00.000000",19.7628078460693
"NK","2026-08-13T05:00:00.000000",19.7637939453125
"NK","2026-08-13T06:00:00.000000",19.7748737335205
"NK","2026-08-13T07:00:00.000000",19.8670616149902
"NK","2026-08-13T08:00:00.000000",20.0519638061523
"NK","2026-08-13T09:00:00.000000",20.3044528961182
"NK","2026-08-13T10:00:00.000000",20.5269756317139
"NK","2026-08-13T11:00:00.000000",20.5539836883545
"NK","2026-08-13T12:00:00.000000",20.2714176177979
"NK","2026-08-13T13:00:00.000000",20.1074523925781
"NK","2026-08-13T14:00:00.000000",19.9969825744629
"NK","2026-08-13T15:00:00.000000",19.9108009338379
"NK","2026-08-13T16:00:00.000000",19.9334831237793
"NK","2026-08-13T17:00:00.000000",19.9907817840576
"NK","2026-08-13T18:00:00.000000",20.1089305877686
"NK","2026-08-13T19:00:00.000000",20.284610748291
"NK","2026-08-13T20:00:00.000000",20.4879913330078
"NK","2026-08-13T21:00:00.000000",20.6993541717529
"NK","2026-08-13T22:00:00.000000",20.8784599304199
"NK","2026-08-13T23:00:00.000000",20.8567237854004
"NK","2026-08-14T00:00:00.000000",20.5520648956299
"NK","2026-08-14T01:00:00.000000",20.1867523193359
"NK","2026-08-14T02:00:00.000000",19.912935256958
"NK","2026-08-14T03:00:00.000000",19.8492565155029
"NK","2026-08-14T04:00:00.000000",19.8483695983887
"NK","2026-08-14T05:00:00.000000",19.8488845825195
"NK","2026-08-14T06:00:00.000000",19.8574199676514
"NK","2026-08-14T07:00:00.000000",19.9230003356934
"NK","2026-08-14T08:00:00.000000",20.0321235656738
"NK","2026-08-14T09:00:00.000000",20.1928234100342
"NK","2026-08-14T10:00:00.000000",20.3863563537598
"NK","2026-08-14T11:00:00.000000",20.5498332977295
"NK","2026-08-14T12:00:00.000000",20.5134677886963
"NK","2026-08-14T13:00:00.000000",20.3110790252686
"NK","2026-08-14T14:00:00.000000",20.1490707397461
"NK","2026-08-14T15:00:00.000000",19.9986171722412
"NK","2026-08-14T16:00:00.000000",19.9293041229248
"NK","2026-08-14T17:00:00.000000",20.0012760162354
"NK","2026-08-14T18:00:00.000000",20.1089630126953
"NK","2026-08-14T19:00:00.000000",20.2485942840576
"NK","2026-08-14T20:00:00.000000",20.4047679901123
"NK","2026-08-14T21:00:00.000000",20.5759906768799
"NK","2026-08-14T22:00:00.000000",20.7227611541748
"NK","2026-08-14T23:00:00.000000",20.8742160797119
"NK","2026-08-15T00:00:00.000000",20.6971836090088
"NK","2026-08-15T01:00:00.000000",20.2906265258789
"NK","2026-08-15T02:00:00.000000",20.0805149078369
"NK","2026-08-15T03:00:00.000000",19.9143104553223
"NK","2026-08-15T04:00:00.000000",19.8408584594727
"NK","2026-08-15T05:00:00.000000",19.835298538208
"NK","2026-08-15T06:00:00.000000",19.846004486084
"NK","2026-08-15T07:00:00.000000",19.8897666931152
"NK","2026-08-15T08:00:00.000000",19.9807357788086
"NK","2026-08-15T09:00:00.000000",20.1136569976807
"NK","2026-08-15T10:00:00.000000",20.2742252349854
"NK","2026-08-15T11:00:00.000000",20.4358291625977
"NK","2026-08-15T12:00:00.000000",20.5341320037842
"NK","2026-08-15T13:00:00.000000",20.3852653503418
"NK","2026-08-15T14:00:00.000000",20.1640090942383
"NK","2026-08-15T15:00:00.000000",20.0250759124756
"NK","2026-08-15T16:00:00.000000",19.9855976104736
"NK","2026-08-15T17:00:00.000000",19.9797859191895
"NK","2026-08-15T18:00:00.000000",20.0099658966064
"NK","2026-08-15T19:00:00.000000",20.0663261413574
"NK","2026-08-15T20:00:00.000000",20.1513290405273
"NK","2026-08-15T21:00:00.000000",20.2553977966309
"NK","2026-08-15T22:00:00.000000",20.3731899261475
"NK","2026-08-15T23:00:00.000000",20.4936561584473
"NK","2026-08-16T00:00:00.000000",20.5846080780029
"NK","2026-08-16T01:00:00.000000",20.487434387207
"NK","2026-08-16T02:00:00.000000",20.2573490142822
"NK","2026-08-16T03:00:00.000000",20.1434097290039
"NK","2026-08-16T04:00:00.000000",20.1924610137939
"NK","2026-08-16T05:00:00.000000",20.2326736450195
"NK","2026-08-16T06:00:00.000000",20.2343692779541
"NK","2026-08-16T07:00:00.000000",20.2098503112793
"NK","2026-08-16T08:00:00.000000",20.2020473480225
"NK","2026-08-16T09:00:00.000000",20.2016639709473
"NK","2026-08-16T10:00:00.000000",20.2171192169189
"NK","2026-08-16T11:00:00.000000",20.286527633667
"NK","2026-08-16T12:00:00.000000",20.3831558227539
"NK","2026-08-16T13:00:00.000000",20.3681259155273
"NK","2026-08-16T14:00:00.000000",20.2646179199219
"NK","2026-08-16T15:00:00.000000",20.2355785369873
"NK","2026-08-16T16:00:00.000000",20.3065376281738
"NK","2026-08-16T17:00:00.000000",20.3609085083008
"NK","2026-08-16T18:00:00.000000",20.372652053833
"NK","2026-08-16T19:00:00.000000",20.366792678833
"NK","2026-08-16T20:00:00.000000",20.3512706756592
"NK","2026-08-16T21:00:00.000000",20.3346652984619
"NK","2026-08-16T22:00:00.000000",20.3328628540039
"NK","2026-08-16T23:00:00.000000",20.3434906005859
"NK","2026-08-17T00:00:00.000000",20.3804626464844
"PI","2026-08-09T00:00:00.000000",23.1732978820801
"PI","2026-08-09T01:00:00.000000",23.2478065490723
"PI","2026-08-09T02:00:00.000000",23.3084468841553
"PI","2026-08-09T03:00:00.000000",23.5091037750244
"PI","2026-08-09T04:00:00.000000",23.6408615112305
"PI","2026-08-09T05:00:00.000000",23.7306289672852
"PI","2026-08-09T06:00:00.000000",23.5786647796631
"PI","2026-08-09T07:00:00.000000",23.2775821685791
"PI","2026-08-09T08:00:00.000000",23.1550960540771
"PI","2026-08-09T09:00:00.000000",22.9770603179932
"PI","2026-08-09T10:00:00.000000",22.9544258117676
"PI","2026-08-09T11:00:00.000000",23.2090797424316
"PI","2026-08-09T12:00:00.000000",23.4345359802246
"PI","2026-08-09T13:00:00.000000",23.4946842193604
"PI","2026-08-09T14:00:00.000000",23.7027111053467
"PI","2026-08-09T15:00:00.000000",23.4786720275879
"PI","2026-08-09T16:00:00.000000",23.2765979766846
"PI","2026-08-09T17:00:00.000000",23.3047924041748
"PI","2026-08-09T18:00:00.000000",23.3551273345947
"PI","2026-08-09T19:00:00.000000",23.1527843475342
"PI","2026-08-09T20:00:00.000000",23.1728000640869
"PI","2026-08-09T21:00:00.000000",23.1139392852783
"PI","2026-08-09T22:00:00.000000",22.9062728881836
"PI","2026-08-09T23:00:00.000000",22.8385143280029
"PI","2026-08-10T00:00:00.000000",23.218090057373
"PI","2026-08-10T01:00:00.000000",23.2895259857178
"PI","2026-08-10T02:00:00.000000",23.4847507476807
"PI","2026-08-10T03:00:00.000000",23.8203220367432
"PI","2026-08-10T04:00:00.000000",23.9163150787354
"PI","2026-08-10T05:00:00.000000",24.0273361206055
"PI","2026-08-10T06:00:00.000000",23.9511432647705
"PI","2026-08-10T07:00:00.000000",23.516622543335
"PI","2026-08-10T08:00:00.000000",23.26025390625
"PI","2026-08-10T09:00:00.000000",23.2025413513184
"PI","2026-08-10T10:00:00.000000",22.9737281799316
"PI","2026-08-10T11:00:00.000000",22.8873901367188
"PI","2026-08-10T12:00:00.000000",23.5076999664307
"PI","2026-08-10T13:00:00.000000",23.4554805755615
"PI","2026-08-10T14:00:00.000000",23.5276432037354
"PI","2026-08-10T15:00:00.000000",23.8582515716553
"PI","2026-08-10T16:00:00.000000",23.497594833374
"PI","2026-08-10T17:00:00.000000",23.2667045593262
"PI","2026-08-10T18:00:00.000000",23.3045425415039
"PI","2026-08-10T19:00:00.000000",23.2605571746826
"PI","2026-08-10T20:00:00.000000",23.1235504150391
"PI","2026-08-10T21:00:00.000000",23.2066879272461
"PI","2026-08-10T22:00:00.000000",23.1824111938477
"PI","2026-08-10T23:00:00.000000",22.9167041778564
"PI","2026-08-11T00:00:00.000000",22.8264789581299
"PI","2026-08-11T01:00:00.000000",23.1255989074707
"PI","2026-08-11T02:00:00.000000",23.2316970825195
"PI","2026-08-11T03:00:00.000000",23.4008541107178
"PI","2026-08-11T04:00:00.000000",23.6651973724365
"PI","2026-08-11T05:00:00.000000",23.7375144958496
"PI","2026-08-11T06:00:00.000000",23.8562908172607
"PI","2026-08-11T07:00:00.000000",23.8607234954834
"PI","2026-08-11T08:00:00.000000",23.5402126312256
"PI","2026-08-11T09:00:00.000000",23.2917098999023
"PI","2026-08-11T10:00:00.000000",23.2699241638184
"PI","2026-08-11T11:00:00.000000",23.0080413818359
"PI","2026-08-11T12:00:00.000000",22.9479694366455
"PI","2026-08-11T13:00:00.000000",23.2492427825928
"PI","2026-08-11T14:00:00.000000",23.4178676605225
"PI","2026-08-11T15:00:00.000000",23.6871662139893
"PI","2026-08-11T16:00:00.000000",23.9007740020752
"PI","2026-08-11T17:00:00.000000",23.701452255249
"PI","2026-08-11T18:00:00.000000",23.4620018005371
"PI","2026-08-11T19:00:00.000000",23.2309017181396
"PI","2026-08-11T20:00:00.000000",23.1967658996582
"PI","2026-08-11T21:00:00.000000",23.27001953125
"PI","2026-08-11T22:00:00.000000",23.3548431396484
"PI","2026-08-11T23:00:00.000000",23.2668533325195
"PI","2026-08-12T00:00:00.000000",22.9317874908447
"PI","2026-08-12T01:00:00.000000",22.8078880310059
"PI","2026-08-12T02:00:00.000000",23.080717086792
"PI","2026-08-12T03:00:00.000000",23.2126903533936
"PI","2026-08-12T04:00:00.000000",23.5771636962891
"PI","2026-08-12T05:00:00.000000",23.9791793823242
"PI","2026-08-12T06:00:00.000000",23.6569328308105
"PI","2026-08-12T07:00:00.000000",23.7316761016846
"PI","2026-08-12T08:00:00.000000",23.3980731964111
"PI","2026-08-12T09:00:00.000000",23.2372589111328
"PI","2026-08-12T10:00:00.000000",23.1883125305176
"PI","2026-08-12T11:00:00.000000",23.2256507873535
"PI","2026-08-12T12:00:00.000000",22.9221019744873
"PI","2026-08-12T13:00:00.000000",22.8808498382568
"PI","2026-08-12T14:00:00.000000",23.2405185699463
"PI","2026-08-12T15:00:00.000000",23.2858638763428
"PI","2026-08-12T16:00:00.000000",23.4449195861816
"PI","2026-08-12T17:00:00.000000",23.7843151092529
"PI","2026-08-12T18:00:00.000000",23.6514644622803
"PI","2026-08-12T19:00:00.000000",23.3151454925537
"PI","2026-08-12T20:00:00.000000",23.2022514343262
"PI","2026-08-12T21:00:00.000000",23.2206230163574
"PI","2026-08-12T22:00:00.000000",23.2576122283936
"PI","2026-08-12T23:00:00.000000",23.281530380249
"PI","2026-08-13T00:00:00.000000",23.1040744781494
"PI","2026-08-13T01:00:00.000000",22.7482280731201
"PI","2026-08-13T02:00:00.000000",22.8225727081299
"PI","2026-08-13T03:00:00.000000",23.0009994506836
"PI","2026-08-13T04:00:00.000000",23.095890045166
"PI","2026-08-13T05:00:00.000000",23.385705947876
"PI","2026-08-13T06:00:00.000000",23.5206031799316
"PI","2026-08-13T07:00:00.000000",23.4337348937988
"PI","2026-08-13T08:00:00.000000",23.5858249664307
"PI","2026-08-13T09:00:00.000000",23.2398586273193
"PI","2026-08-13T10:00:00.000000",23.1038799285889
"PI","2026-08-13T11:00:00.000000",23.0919017791748
"PI","2026-08-13T12:00:00.000000",23.0803489685059
"PI","2026-08-13T13:00:00.000000",22.7418613433838
"PI","2026-08-13T14:00:00.000000",22.8190746307373
"PI","2026-08-13T15:00:00.000000",22.9962520599365
"PI","2026-08-13T16:00:00.000000",23.0936298370361
"PI","2026-08-13T17:00:00.000000",23.3855323791504
"PI","2026-08-13T18:00:00.000000",23.6700325012207
"PI","2026-08-13T19:00:00.000000",23.2907791137695
"PI","2026-08-13T20:00:00.000000",23.1626815795898
"PI","2026-08-13T21:00:00.000000",23.0428848266602
"PI","2026-08-13T22:00:00.000000",23.0078678131104
"PI","2026-08-13T23:00:00.000000",23.0924034118652
"PI","2026-08-14T00:00:00.000000",23.1031856536865
"PI","2026-08-14T01:00:00.000000",22.8964977264404
"PI","2026-08-14T02:00:00.000000",22.6707324981689
"PI","2026-08-14T03:00:00.000000",22.774829864502
"PI","2026-08-14T04:00:00.000000",22.8965435028076
"PI","2026-08-14T05:00:00.000000",23.1117210388184
"PI","2026-08-14T06:00:00.000000",23.3856220245361
"PI","2026-08-14T07:00:00.000000",23.3466739654541
"PI","2026-08-14T08:00:00.000000",23.3938674926758
"PI","2026-08-14T09:00:00.000000",23.5070915222168
"PI","2026-08-14T10:00:00.000000",23.0690937042236
"PI","2026-08-14T11:00:00.000000",22.9732837677002
"PI","2026-08-14T12:00:00.000000",22.9821224212646
"PI","2026-08-14T13:00:00.000000",22.9440612792969
"PI","2026-08-14T14:00:00.000000",22.6280956268311
"PI","2026-08-14T15:00:00.000000",22.7323398590088
"PI","2026-08-14T16:00:00.000000",22.9249877929688
"PI","2026-08-14T17:00:00.000000",23.0860767364502
"PI","2026-08-14T18:00:00.000000",23.3981513977051
"PI","2026-08-14T19:00:00.000000",23.6008796691895
"PI","2026-08-14T20:00:00.000000",23.1581993103027
"PI","2026-08-14T21:00:00.000000",22.9649238586426
"PI","2026-08-14T22:00:00.000000",22.8419818878174
"PI","2026-08-14T23:00:00.000000",22.9171371459961
"PI","2026-08-15T00:00:00.000000",22.9235801696777
"PI","2026-08-15T01:00:00.000000",22.9133949279785
"PI","2026-08-15T02:00:00.000000",22.6730728149414
"PI","2026-08-15T03:00:00.000000",22.5952205657959
"PI","2026-08-15T04:00:00.000000",22.7436046600342
"PI","2026-08-15T05:00:00.000000",22.9214458465576
"PI","2026-08-15T06:00:00.000000",23.0624008178711
"PI","2026-08-15T07:00:00.000000",23.2596645355225
"PI","2026-08-15T08:00:00.000000",23.3980503082275
"PI","2026-08-15T09:00:00.000000",23.248477935791
"PI","2026-08-15T10:00:00.000000",22.9763793945312
"PI","2026-08-15T11:00:00.000000",22.8291397094727
"PI","2026-08-15T12:00:00.000000",22.8290977478027
"PI","2026-08-15T13:00:00.000000",22.8445720672607
"PI","2026-08-15T14:00:00.000000",22.6146068572998
"PI","2026-08-15T15:00:00.000000",22.4393844604492
"PI","2026-08-15T16:00:00.000000",22.6978931427002
"PI","2026-08-15T17:00:00.000000",22.8427791595459
"PI","2026-08-15T18:00:00.000000",22.9199028015137
"PI","2026-08-15T19:00:00.000000",23.2438468933105
"PI","2026-08-15T20:00:00.000000",23.2254447937012
"PI","2026-08-15T21:00:00.000000",22.9552726745605
"PI","2026-08-15T22:00:00.000000",22.7899894714355
"PI","2026-08-15T23:00:00.000000",22.7687664031982
"PI","2026-08-16T00:00:00.000000",22.7332420349121
"PI","2026-08-16T01:00:00.000000",22.8224716186523
"PI","2026-08-16T02:00:00.000000",22.791654586792
"PI","2026-08-16T03:00:00.000000",22.5029449462891
"PI","2026-08-16T04:00:00.000000",22.4302883148193
"PI","2026-08-16T05:00:00.000000",22.5689640045166
"PI","2026-08-16T06:00:00.000000",22.7427196502686
"PI","2026-08-16T07:00:00.000000",22.999490737915
"PI","2026-08-16T08:00:00.000000",23.1544494628906
"PI","2026-08-16T09:00:00.000000",22.9427585601807
"PI","2026-08-16T10:00:00.000000",22.8284721374512
"PI","2026-08-16T11:00:00.000000",22.6380023956299
"PI","2026-08-16T12:00:00.000000",22.6656017303467
"PI","2026-08-16T13:00:00.000000",22.6688671112061
"PI","2026-08-16T14:00:00.000000",22.6889724731445
"PI","2026-08-16T15:00:00.000000",22.7527351379395
"PI","2026-08-16T16:00:00.000000",22.4801025390625
"PI","2026-08-16T17:00:00.000000",22.6093654632568
"PI","2026-08-16T18:00:00.000000",22.7567081451416
"PI","2026-08-16T19:00:00.000000",22.9098033905029
"PI","2026-08-16T20:00:00.000000",23.084415435791
"PI","2026-08-16T21:00:00.000000",23.098217010498
"PI","2026-08-16T22:00:00.000000",23.1701049804688
"PI","2026-08-16T23:00:00.000000",23.0016098022461
"PI","2026-08-17T00:00:00.000000",23.0762062072754
"QU","2026-08-09T00:00:00.000000",20.6700477600098
"QU","2026-08-09T01:00:00.000000",20.7651290893555
"QU","2026-08-09T02:00:00.000000",20.9003505706787
"QU","2026-08-09T03:00:00.000000",21.0725517272949
"QU","2026-08-09T04:00:00.000000",21.1693820953369
"QU","2026-08-09T05:00:00.000000",21.1954593658447
"QU","2026-08-09T06:00:00.000000",21.1349544525146
"QU","2026-08-09T07:00:00.000000",20.9700927734375
"QU","2026-08-09T08:00:00.000000",20.8064975738525
"QU","2026-08-09T09:00:00.000000",20.6715698242188
"QU","2026-08-09T10:00:00.000000",20.5801067352295
"QU","2026-08-09T11:00:00.000000",20.532018661499
"QU","2026-08-09T12:00:00.000000",20.5021953582764
"QU","2026-08-09T13:00:00.000000",20.4899272918701
"QU","2026-08-09T14:00:00.000000",20.5074081420898
"QU","2026-08-09T15:00:00.000000",20.5706768035889
"QU","2026-08-09T16:00:00.000000",20.6928672790527
"QU","2026-08-09T17:00:00.000000",20.8691921234131
"QU","2026-08-09T18:00:00.000000",21.00364112854
"QU","2026-08-09T19:00:00.000000",21.0340595245361
"QU","2026-08-09T20:00:00.000000",20.8803539276123
"QU","2026-08-09T21:00:00.000000",20.6973705291748
"QU","2026-08-09T22:00:00.000000",20.5119514465332
"QU","2026-08-09T23:00:00.000000",20.4375743865967
"QU","2026-08-10T00:00:00.000000",20.4187870025635
"QU","2026-08-10T01:00:00.000000",20.3896350860596
"QU","2026-08-10T02:00:00.000000",20.3965644836426
"QU","2026-08-10T03:00:00.000000",20.449254989624
"QU","2026-08-10T04:00:00.000000",20.5196990966797
"QU","2026-08-10T05:00:00.000000",20.5794143676758
"QU","2026-08-10T06:00:00.000000",20.5947780609131
"QU","2026-08-10T07:00:00.000000",20.5337753295898
"QU","2026-08-10T08:00:00.000000",20.3794384002686
"QU","2026-08-10T09:00:00.000000",20.249044418335
"QU","2026-08-10T10:00:00.000000",20.2233219146729
"QU","2026-08-10T11:00:00.000000",20.2236709594727
"QU","2026-08-10T12:00:00.000000",20.2209644317627
"QU","2026-08-10T13:00:00.000000",20.2205028533936
"QU","2026-08-10T14:00:00.000000",20.2269592285156
"QU","2026-08-10T15:00:00.000000",20.2527847290039
"QU","2026-08-10T16:00:00.000000",20.3103523254395
"QU","2026-08-10T17:00:00.000000",20.4233875274658
"QU","2026-08-10T18:00:00.000000",20.6360874176025
"QU","2026-08-10T19:00:00.000000",20.7904434204102
"QU","2026-08-10T20:00:00.000000",20.8110084533691
"QU","2026-08-10T21:00:00.000000",20.7082328796387
"QU","2026-08-10T22:00:00.000000",20.6442394256592
"QU","2026-08-10T23:00:00.000000",20.6290035247803
"QU","2026-08-11T00:00:00.000000",20.6560497283936
"QU","2026-08-11T01:00:00.000000",20.7800235748291
"QU","2026-08-11T02:00:00.000000",20.8682041168213
"QU","2026-08-11T03:00:00.000000",20.9575958251953
"QU","2026-08-11T04:00:00.000000",21.0290470123291
"QU","2026-08-11T05:00:00.000000",21.0622711181641
"QU","2026-08-11T06:00:00.000000",21.068868637085
"QU","2026-08-11T07:00:00.000000",21.0586032867432
"QU","2026-08-11T08:00:00.000000",21.0242252349854
"QU","2026-08-11T09:00:00.000000",20.9672145843506
"QU","2026-08-11T10:00:00.000000",20.925422668457
"QU","2026-08-11T11:00:00.000000",20.8784675598145
"QU","2026-08-11T12:00:00.000000",20.8130073547363
"QU","2026-08-11T13:00:00.000000",20.8004875183105
"QU","2026-08-11T14:00:00.000000",20.8274192810059
"QU","2026-08-11T15:00:00.000000",20.8505344390869
"QU","2026-08-11T16:00:00.000000",20.8741340637207
"QU","2026-08-11T17:00:00.000000",20.9039154052734
"QU","2026-08-11T18:00:00.000000",20.9583644866943
"QU","2026-08-11T19:00:00.000000",21.0174160003662
"QU","2026-08-11T20:00:00.000000",21.0572910308838
"QU","2026-08-11T21:00:00.000000",21.0546855926514
"QU","2026-08-11T22:00:00.000000",20.9973926544189
"QU","2026-08-11T23:00:00.000000",20.7315940856934
"QU","2026-08-12T00:00:00.000000",20.4069023132324
"QU","2026-08-12T01:00:00.000000",20.2206687927246
"QU","2026-08-12T02:00:00.000000",20.2585487365723
"QU","2026-08-12T03:00:00.000000",20.3331241607666
"QU","2026-08-12T04:00:00.000000",20.3967533111572
"QU","2026-08-12T05:00:00.000000",20.4379825592041
"QU","2026-08-12T06:00:00.000000",20.4443740844727
"QU","2026-08-12T07:00:00.000000",20.4174728393555
"QU","2026-08-12T08:00:00.000000",20.3595237731934
"QU","2026-08-12T09:00:00.000000",20.2062225341797
"QU","2026-08-12T10:00:00.000000",19.9671058654785
"QU","2026-08-12T11:00:00.000000",19.8623943328857
"QU","2026-08-12T12:00:00.000000",19.8539066314697
"QU","2026-08-12T13:00:00.000000",19.8510398864746
"QU","2026-08-12T14:00:00.000000",19.8421173095703
"QU","2026-08-12T15:00:00.000000",19.841890335083
"QU","2026-08-12T16:00:00.000000",19.8586578369141
"QU","2026-08-12T17:00:00.000000",19.9279804229736
"QU","2026-08-12T18:00:00.000000",20.085693359375
"QU","2026-08-12T19:00:00.000000",20.3062839508057
"QU","2026-08-12T20:00:00.000000",20.5148048400879
"QU","2026-08-12T21:00:00.000000",20.5327701568604
"QU","2026-08-12T22:00:00.000000",20.3510055541992
"QU","2026-08-12T23:00:00.000000",20.1506023406982
"QU","2026-08-13T00:00:00.000000",20.0564918518066
"QU","2026-08-13T01:00:00.000000",20.0082988739014
"QU","2026-08-13T02:00:00.000000",19.9984359741211
"QU","2026-08-13T03:00:00.000000",20.0359210968018
"QU","2026-08-13T04:00:00.000000",20.0688800811768
"QU","2026-08-13T05:00:00.000000",20.0973739624023
"QU","2026-08-13T06:00:00.000000",20.1177158355713
"QU","2026-08-13T07:00:00.000000",20.1373138427734
"QU","2026-08-13T08:00:00.000000",20.147777557373
"QU","2026-08-13T09:00:00.000000",20.1413631439209
"QU","2026-08-13T10:00:00.000000",20.0804977416992
"QU","2026-08-13T11:00:00.000000",19.9683742523193
"QU","2026-08-13T12:00:00.000000",19.8915824890137
"QU","2026-08-13T13:00:00.000000",19.8572311401367
"QU","2026-08-13T14:00:00.000000",19.8345336914062
"QU","2026-08-13T15:00:00.000000",19.8578033447266
"QU","2026-08-13T16:00:00.000000",19.8953342437744
"QU","2026-08-13T17:00:00.000000",19.9534244537354
"QU","2026-08-13T18:00:00.000000",20.0331287384033
"QU","2026-08-13T19:00:00.000000",20.1503295898438
"QU","2026-08-13T20:00:00.000000",20.3015422821045
"QU","2026-08-13T21:00:00.000000",20.3793029785156
"QU","2026-08-13T22:00:00.000000",20.3462886810303
"QU","2026-08-13T23:00:00.000000",20.2243118286133
"QU","2026-08-14T00:00:00.000000",19.9834976196289
"QU","2026-08-14T01:00:00.000000",19.7756290435791
"QU","2026-08-14T02:00:00.000000",19.687313079834
"QU","2026-08-14T03:00:00.000000",19.7010021209717
"QU","2026-08-14T04:00:00.000000",19.754638671875
"QU","2026-08-14T05:00:00.000000",19.7892150878906
"QU","2026-08-14T06:00:00.000000",19.8070030212402
"QU","2026-08-14T07:00:00.000000",19.8078651428223
"QU","2026-08-14T08:00:00.000000",19.8087520599365
"QU","2026-08-14T09:00:00.000000",19.8088436126709
"QU","2026-08-14T10:00:00.000000",19.8025245666504
"QU","2026-08-14T11:00:00.000000",19.7408008575439
"QU","2026-08-14T12:00:00.000000",19.6366481781006
"QU","2026-08-14T13:00:00.000000",19.6082725524902
"QU","2026-08-14T14:00:00.000000",19.5807342529297
"QU","2026-08-14T15:00:00.000000",19.5518856048584
"QU","2026-08-14T16:00:00.000000",19.5637588500977
"QU","2026-08-14T17:00:00.000000",19.6038265228271
"QU","2026-08-14T18:00:00.000000",19.7331314086914
"QU","2026-08-14T19:00:00.000000",19.9648056030273
"QU","2026-08-14T20:00:00.000000",20.1891918182373
"QU","2026-08-14T21:00:00.000000",20.2252674102783
"QU","2026-08-14T22:00:00.000000",20.2081508636475
"QU","2026-08-14T23:00:00.000000",20.0953254699707
"QU","2026-08-15T00:00:00.000000",19.9414081573486
"QU","2026-08-15T01:00:00.000000",19.7157421112061
"QU","2026-08-15T02:00:00.000000",19.5536766052246
"QU","2026-08-15T03:00:00.000000",19.49680519104
"QU","2026-08-15T04:00:00.000000",19.5075836181641
"QU","2026-08-15T05:00:00.000000",19.5357608795166
"QU","2026-08-15T06:00:00.000000",19.5562400817871
"QU","2026-08-15T07:00:00.000000",19.5727100372314
"QU","2026-08-15T08:00:00.000000",19.5863838195801
"QU","2026-08-15T09:00:00.000000",19.5941505432129
"QU","2026-08-15T10:00:00.000000",19.644157409668
"QU","2026-08-15T11:00:00.000000",19.6437950134277
"QU","2026-08-15T12:00:00.000000",19.5873374938965
"QU","2026-08-15T13:00:00.000000",19.5472583770752
"QU","2026-08-15T14:00:00.000000",19.5047054290771
"QU","2026-08-15T15:00:00.000000",19.470193862915
"QU","2026-08-15T16:00:00.000000",19.4634284973145
"QU","2026-08-15T17:00:00.000000",19.4718494415283
"QU","2026-08-15T18:00:00.000000",19.4870662689209
"QU","2026-08-15T19:00:00.000000",19.5382614135742
"QU","2026-08-15T20:00:00.000000",19.7078170776367
"QU","2026-08-15T21:00:00.000000",19.7710285186768
"QU","2026-08-15T22:00:00.000000",19.7921123504639
"QU","2026-08-15T23:00:00.000000",19.7967510223389
"QU","2026-08-16T00:00:00.000000",19.7775268554688
"QU","2026-08-16T01:00:00.000000",19.7019653320312
"QU","2026-08-16T02:00:00.000000",19.615571975708
"QU","2026-08-16T03:00:00.000000",19.5947170257568
"QU","2026-08-16T04:00:00.000000",19.5997333526611
"QU","2026-08-16T05:00:00.000000",19.6088523864746
"QU","2026-08-16T06:00:00.000000",19.6129093170166
"QU","2026-08-16T07:00:00.000000",19.6108837127686
"QU","2026-08-16T08:00:00.000000",19.6216068267822
"QU","2026-08-16T09:00:00.000000",19.6531772613525
"QU","2026-08-16T10:00:00.000000",19.6803817749023
"QU","2026-08-16T11:00:00.000000",19.6941719055176
"QU","2026-08-16T12:00:00.000000",19.6911010742188
"QU","2026-08-16T13:00:00.000000",19.6586170196533
"QU","2026-08-16T14:00:00.000000",19.6233539581299
"QU","2026-08-16T15:00:00.000000",19.5970020294189
"QU","2026-08-16T16:00:00.000000",19.5870170593262
"QU","2026-08-16T17:00:00.000000",19.5955696105957
"QU","2026-08-16T18:00:00.000000",19.6228485107422
"QU","2026-08-16T19:00:00.000000",19.6567249298096
"QU","2026-08-16T20:00:00.000000",19.6915626525879
"QU","2026-08-16T21:00:00.000000",19.7210350036621
"QU","2026-08-16T22:00:00.000000",19.7443675994873
"QU","2026-08-16T23:00:00.000000",19.7604923248291
"QU","2026-08-17T00:00:00.000000",19.7614803314209
"CC","2026-08-09T00:00:00.000000",23.1631832122803
"CC","2026-08-09T01:00:00.000000",23.1767520904541
"CC","2026-08-09T02:00:00.000000",23.19016456604
"CC","2026-08-09T03:00:00.000000",23.2035274505615
"CC","2026-08-09T04:00:00.000000",23.2230358123779
"CC","2026-08-09T05:00:00.000000",23.2359657287598
"CC","2026-08-09T06:00:00.000000",23.2410888671875
"CC","2026-08-09T07:00:00.000000",23.2389965057373
"CC","2026-08-09T08:00:00.000000",23.2310028076172
"CC","2026-08-09T09:00:00.000000",23.2225742340088
"CC","2026-08-09T10:00:00.000000",23.218677520752
"CC","2026-08-09T11:00:00.000000",23.2177543640137
"CC","2026-08-09T12:00:00.000000",23.2190074920654
"CC","2026-08-09T13:00:00.000000",23.2215156555176
"CC","2026-08-09T14:00:00.000000",23.2237396240234
"CC","2026-08-09T15:00:00.000000",23.2273941040039
"CC","2026-08-09T16:00:00.000000",23.2314262390137
"CC","2026-08-09T17:00:00.000000",23.2377910614014
"CC","2026-08-09T18:00:00.000000",23.2437648773193
"CC","2026-08-09T19:00:00.000000",23.2506561279297
"CC","2026-08-09T20:00:00.000000",23.2627124786377
"CC","2026-08-09T21:00:00.000000",23.2800483703613
"CC","2026-08-09T22:00:00.000000",23.3012161254883
"CC","2026-08-09T23:00:00.000000",23.3221302032471
"CC","2026-08-10T00:00:00.000000",23.3413486480713
"CC","2026-08-10T01:00:00.000000",23.3547420501709
"CC","2026-08-10T02:00:00.000000",23.3630180358887
"CC","2026-08-10T03:00:00.000000",23.3707008361816
"CC","2026-08-10T04:00:00.000000",23.3828029632568
"CC","2026-08-10T05:00:00.000000",23.3920249938965
"CC","2026-08-10T06:00:00.000000",23.3976974487305
"CC","2026-08-10T07:00:00.000000",23.4044284820557
"CC","2026-08-10T08:00:00.000000",23.4085712432861
"CC","2026-08-10T09:00:00.000000",23.4083652496338
"CC","2026-08-10T10:00:00.000000",23.4078960418701
"CC","2026-08-10T11:00:00.000000",23.4070148468018
"CC","2026-08-10T12:00:00.000000",23.4074420928955
"CC","2026-08-10T13:00:00.000000",23.4095478057861
"CC","2026-08-10T14:00:00.000000",23.4118537902832
"CC","2026-08-10T15:00:00.000000",23.4152221679688
"CC","2026-08-10T16:00:00.000000",23.4188537597656
"CC","2026-08-10T17:00:00.000000",23.427318572998
"CC","2026-08-10T18:00:00.000000",23.4520950317383
"CC","2026-08-10T19:00:00.000000",23.4683818817139
"CC","2026-08-10T20:00:00.000000",23.4892616271973
"CC","2026-08-10T21:00:00.000000",23.5304889678955
"CC","2026-08-10T22:00:00.000000",23.6006031036377
"CC","2026-08-10T23:00:00.000000",23.6947860717773
"CC","2026-08-11T00:00:00.000000",23.7814292907715
"CC","2026-08-11T01:00:00.000000",23.8433475494385
"CC","2026-08-11T02:00:00.000000",23.8862972259521
"CC","2026-08-11T03:00:00.000000",23.9232578277588
"CC","2026-08-11T04:00:00.000000",23.9494895935059
"CC","2026-08-11T05:00:00.000000",23.976842880249
"CC","2026-08-11T06:00:00.000000",23.9883422851562
"CC","2026-08-11T07:00:00.000000",24.0027179718018
"CC","2026-08-11T08:00:00.000000",24.0108909606934
"CC","2026-08-11T09:00:00.000000",24.0182037353516
"CC","2026-08-11T10:00:00.000000",24.0180740356445
"CC","2026-08-11T11:00:00.000000",24.0134906768799
"CC","2026-08-11T12:00:00.000000",24.0065269470215
"CC","2026-08-11T13:00:00.000000",24.0015068054199
"CC","2026-08-11T14:00:00.000000",23.9957370758057
"CC","2026-08-11T15:00:00.000000",23.9905605316162
"CC","2026-08-11T16:00:00.000000",23.9842185974121
"CC","2026-08-11T17:00:00.000000",23.9777126312256
"CC","2026-08-11T18:00:00.000000",23.9721794128418
"CC","2026-08-11T19:00:00.000000",23.9702854156494
"CC","2026-08-11T20:00:00.000000",23.96750831604
"CC","2026-08-11T21:00:00.000000",23.9643592834473
"CC","2026-08-11T22:00:00.000000",23.9600524902344
"CC","2026-08-11T23:00:00.000000",23.9541893005371
"CC","2026-08-12T00:00:00.000000",23.9483985900879
"CC","2026-08-12T01:00:00.000000",23.9452095031738
"CC","2026-08-12T02:00:00.000000",23.9443321228027
"CC","2026-08-12T03:00:00.000000",23.9474239349365
"CC","2026-08-12T04:00:00.000000",23.9491539001465
"CC","2026-08-12T05:00:00.000000",23.9490699768066
"CC","2026-08-12T06:00:00.000000",23.9464740753174
"CC","2026-08-12T07:00:00.000000",23.9429512023926
"CC","2026-08-12T08:00:00.000000",23.9352149963379
"CC","2026-08-12T09:00:00.000000",23.9216556549072
"CC","2026-08-12T10:00:00.000000",23.9053707122803
"CC","2026-08-12T11:00:00.000000",23.8889904022217
"CC","2026-08-12T12:00:00.000000",23.8765048980713
"CC","2026-08-12T13:00:00.000000",23.8701686859131
"CC","2026-08-12T14:00:00.000000",23.8680152893066
"CC","2026-08-12T15:00:00.000000",23.8683414459229
"CC","2026-08-12T16:00:00.000000",23.8697280883789
"CC","2026-08-12T17:00:00.000000",23.8719959259033
"CC","2026-08-12T18:00:00.000000",23.8752098083496
"CC","2026-08-12T19:00:00.000000",23.8791217803955
"CC","2026-08-12T20:00:00.000000",23.8861198425293
"CC","2026-08-12T21:00:00.000000",23.8962020874023
"CC","2026-08-12T22:00:00.000000",23.9120292663574
"CC","2026-08-12T23:00:00.000000",23.9435596466064
"CC","2026-08-13T00:00:00.000000",23.9874267578125
"CC","2026-08-13T01:00:00.000000",24.0224075317383
"CC","2026-08-13T02:00:00.000000",24.0564060211182
"CC","2026-08-13T03:00:00.000000",24.0937824249268
"CC","2026-08-13T04:00:00.000000",24.1210079193115
"CC","2026-08-13T05:00:00.000000",24.1404991149902
"CC","2026-08-13T06:00:00.000000",24.1539173126221
"CC","2026-08-13T07:00:00.000000",24.1659660339355
"CC","2026-08-13T08:00:00.000000",24.1770553588867
"CC","2026-08-13T09:00:00.000000",24.1899681091309
"CC","2026-08-13T10:00:00.000000",24.201358795166
"CC","2026-08-13T11:00:00.000000",24.2032623291016
"CC","2026-08-13T12:00:00.000000",24.1968078613281
"CC","2026-08-13T13:00:00.000000",24.1873989105225
"CC","2026-08-13T14:00:00.000000",24.1773300170898
"CC","2026-08-13T15:00:00.000000",24.1732845306396
"CC","2026-08-13T16:00:00.000000",24.1702308654785
"CC","2026-08-13T17:00:00.000000",24.1715660095215
"CC","2026-08-13T18:00:00.000000",24.1738300323486
"CC","2026-08-13T19:00:00.000000",24.1800880432129
"CC","2026-08-13T20:00:00.000000",24.1879978179932
"CC","2026-08-13T21:00:00.000000",24.198392868042
"CC","2026-08-13T22:00:00.000000",24.2077713012695
"CC","2026-08-13T23:00:00.000000",24.220422744751
"CC","2026-08-14T00:00:00.000000",24.2365589141846
"CC","2026-08-14T01:00:00.000000",24.2512645721436
"CC","2026-08-14T02:00:00.000000",24.2586231231689
"CC","2026-08-14T03:00:00.000000",24.2635078430176
"CC","2026-08-14T04:00:00.000000",24.2660045623779
"CC","2026-08-14T05:00:00.000000",24.2675933837891
"CC","2026-08-14T06:00:00.000000",24.2663688659668
"CC","2026-08-14T07:00:00.000000",24.2630367279053
"CC","2026-08-14T08:00:00.000000",24.2566928863525
"CC","2026-08-14T09:00:00.000000",24.2466106414795
"CC","2026-08-14T10:00:00.000000",24.2242393493652
"CC","2026-08-14T11:00:00.000000",24.1944026947021
"CC","2026-08-14T12:00:00.000000",24.1641941070557
"CC","2026-08-14T13:00:00.000000",24.1414527893066
"CC","2026-08-14T14:00:00.000000",24.1285820007324
"CC","2026-08-14T15:00:00.000000",24.1222915649414
"CC","2026-08-14T16:00:00.000000",24.1212749481201
"CC","2026-08-14T17:00:00.000000",24.1258182525635
"CC","2026-08-14T18:00:00.000000",24.1329383850098
"CC","2026-08-14T19:00:00.000000",24.1404933929443
"CC","2026-08-14T20:00:00.000000",24.1473274230957
"CC","2026-08-14T21:00:00.000000",24.1599731445312
"CC","2026-08-14T22:00:00.000000",24.1694145202637
"CC","2026-08-14T23:00:00.000000",24.1762046813965
"CC","2026-08-15T00:00:00.000000",24.1898727416992
"CC","2026-08-15T01:00:00.000000",24.1892242431641
"CC","2026-08-15T02:00:00.000000",24.1852264404297
"CC","2026-08-15T03:00:00.000000",24.1813774108887
"CC","2026-08-15T04:00:00.000000",24.1782188415527
"CC","2026-08-15T05:00:00.000000",24.1757659912109
"CC","2026-08-15T06:00:00.000000",24.1743659973145
"CC","2026-08-15T07:00:00.000000",24.1718196868896
"CC","2026-08-15T08:00:00.000000",24.1673183441162
"CC","2026-08-15T09:00:00.000000",24.1580085754395
"CC","2026-08-15T10:00:00.000000",24.1480884552002
"CC","2026-08-15T11:00:00.000000",24.1369590759277
"CC","2026-08-15T12:00:00.000000",24.1296558380127
"CC","2026-08-15T13:00:00.000000",24.1242389678955
"CC","2026-08-15T14:00:00.000000",24.1220302581787
"CC","2026-08-15T15:00:00.000000",24.1212120056152
"CC","2026-08-15T16:00:00.000000",24.1221675872803
"CC","2026-08-15T17:00:00.000000",24.1230049133301
"CC","2026-08-15T18:00:00.000000",24.1241722106934
"CC","2026-08-15T19:00:00.000000",24.1253356933594
"CC","2026-08-15T20:00:00.000000",24.1268692016602
"CC","2026-08-15T21:00:00.000000",24.128267288208
"CC","2026-08-15T22:00:00.000000",24.1318550109863
"CC","2026-08-15T23:00:00.000000",24.1349315643311
"CC","2026-08-16T00:00:00.000000",24.1368312835693
"CC","2026-08-16T01:00:00.000000",24.1400699615479
"CC","2026-08-16T02:00:00.000000",24.1536674499512
"CC","2026-08-16T03:00:00.000000",24.1704330444336
"CC","2026-08-16T04:00:00.000000",24.1875953674316
"CC","2026-08-16T05:00:00.000000",24.2020225524902
"CC","2026-08-16T06:00:00.000000",24.2163219451904
"CC","2026-08-16T07:00:00.000000",24.2268848419189
"CC","2026-08-16T08:00:00.000000",24.2352561950684
"CC","2026-08-16T09:00:00.000000",24.2419242858887
"CC","2026-08-16T10:00:00.000000",24.247688293457
"CC","2026-08-16T11:00:00.000000",24.2522506713867
"CC","2026-08-16T12:00:00.000000",24.2563285827637
"CC","2026-08-16T13:00:00.000000",24.259859085083
"CC","2026-08-16T14:00:00.000000",24.2625293731689
"CC","2026-08-16T15:00:00.000000",24.2652015686035
"CC","2026-08-16T16:00:00.000000",24.2673587799072
"CC","2026-08-16T17:00:00.000000",24.2703399658203
"CC","2026-08-16T18:00:00.000000",24.2824878692627
"CC","2026-08-16T19:00:00.000000",24.3002166748047
"CC","2026-08-16T20:00:00.000000",24.3194389343262
"CC","2026-08-16T21:00:00.000000",24.3380870819092
"CC","2026-08-16T22:00:00.000000",24.3547210693359
"CC","2026-08-16T23:00:00.000000",24.366943359375
"CC","2026-08-17T00:00:00.000000",24.3736476898193
"DL","2026-08-09T00:00:00.000000",22.2745666503906
"DL","2026-08-09T01:00:00.000000",22.6551265716553
"DL","2026-08-09T02:00:00.000000",22.7439441680908
"DL","2026-08-09T03:00:00.000000",22.7800273895264
"DL","2026-08-09T04:00:00.000000",22.7717399597168
"DL","2026-08-09T05:00:00.000000",22.3817539215088
"DL","2026-08-09T06:00:00.000000",22.2115631103516
"DL","2026-08-09T07:00:00.000000",22.1884346008301
"DL","2026-08-09T08:00:00.000000",22.1664276123047
"DL","2026-08-09T09:00:00.000000",22.2006340026855
"DL","2026-08-09T10:00:00.000000",22.3096103668213
"DL","2026-08-09T11:00:00.000000",22.3712882995605
"DL","2026-08-09T12:00:00.000000",22.5302963256836
"DL","2026-08-09T13:00:00.000000",22.7991600036621
"DL","2026-08-09T14:00:00.000000",22.7180233001709
"DL","2026-08-09T15:00:00.000000",22.8396759033203
"DL","2026-08-09T16:00:00.000000",22.4381084442139
"DL","2026-08-09T17:00:00.000000",22.2260513305664
"DL","2026-08-09T18:00:00.000000",22.1629390716553
"DL","2026-08-09T19:00:00.000000",22.1378688812256
"DL","2026-08-09T20:00:00.000000",22.1319446563721
"DL","2026-08-09T21:00:00.000000",22.1470737457275
"DL","2026-08-09T22:00:00.000000",22.1826152801514
"DL","2026-08-09T23:00:00.000000",22.2435569763184
"DL","2026-08-10T00:00:00.000000",22.2697849273682
"DL","2026-08-10T01:00:00.000000",22.7096366882324
"DL","2026-08-10T02:00:00.000000",22.7554130554199
"DL","2026-08-10T03:00:00.000000",22.79736328125
"DL","2026-08-10T04:00:00.000000",22.8506889343262
"DL","2026-08-10T05:00:00.000000",22.7839813232422
"DL","2026-08-10T06:00:00.000000",22.6307506561279
"DL","2026-08-10T07:00:00.000000",22.4607448577881
"DL","2026-08-10T08:00:00.000000",22.4006786346436
"DL","2026-08-10T09:00:00.000000",22.2817916870117
"DL","2026-08-10T10:00:00.000000",22.2928428649902
"DL","2026-08-10T11:00:00.000000",22.3148212432861
"DL","2026-08-10T12:00:00.000000",22.387487411499
"DL","2026-08-10T13:00:00.000000",22.7058963775635
"DL","2026-08-10T14:00:00.000000",22.8605155944824
"DL","2026-08-10T15:00:00.000000",22.8944511413574
"DL","2026-08-10T16:00:00.000000",22.8061485290527
"DL","2026-08-10T17:00:00.000000",22.5881690979004
"DL","2026-08-10T18:00:00.000000",22.5455169677734
"DL","2026-08-10T19:00:00.000000",22.4917068481445
"DL","2026-08-10T20:00:00.000000",22.5208148956299
"DL","2026-08-10T21:00:00.000000",22.5707759857178
"DL","2026-08-10T22:00:00.000000",22.623571395874
"DL","2026-08-10T23:00:00.000000",22.6243000030518
"DL","2026-08-11T00:00:00.000000",22.6110992431641
"DL","2026-08-11T01:00:00.000000",22.5727939605713
"DL","2026-08-11T02:00:00.000000",22.6276016235352
"DL","2026-08-11T03:00:00.000000",22.8338222503662
"DL","2026-08-11T04:00:00.000000",22.8216094970703
"DL","2026-08-11T05:00:00.000000",22.8147659301758
"DL","2026-08-11T06:00:00.000000",22.9122676849365
"DL","2026-08-11T07:00:00.000000",22.7625865936279
"DL","2026-08-11T08:00:00.000000",22.7610855102539
"DL","2026-08-11T09:00:00.000000",22.7622528076172
"DL","2026-08-11T10:00:00.000000",22.7739677429199
"DL","2026-08-11T11:00:00.000000",22.7924556732178
"DL","2026-08-11T12:00:00.000000",22.8103542327881
"DL","2026-08-11T13:00:00.000000",22.8282051086426
"DL","2026-08-11T14:00:00.000000",22.9571342468262
"DL","2026-08-11T15:00:00.000000",23.0231647491455
"DL","2026-08-11T16:00:00.000000",23.0393257141113
"DL","2026-08-11T17:00:00.000000",23.0066261291504
"DL","2026-08-11T18:00:00.000000",22.8448467254639
"DL","2026-08-11T19:00:00.000000",22.7966270446777
"DL","2026-08-11T20:00:00.000000",22.7854881286621
"DL","2026-08-11T21:00:00.000000",22.7869968414307
"DL","2026-08-11T22:00:00.000000",22.7962436676025
"DL","2026-08-11T23:00:00.000000",22.8140258789062
"DL","2026-08-12T00:00:00.000000",22.8425712585449
"DL","2026-08-12T01:00:00.000000",22.8578147888184
"DL","2026-08-12T02:00:00.000000",22.8468799591064
"DL","2026-08-12T03:00:00.000000",23.0566349029541
"DL","2026-08-12T04:00:00.000000",23.0827331542969
"DL","2026-08-12T05:00:00.000000",23.1153030395508
"DL","2026-08-12T06:00:00.000000",23.1173114776611
"DL","2026-08-12T07:00:00.000000",23.1217250823975
"DL","2026-08-12T08:00:00.000000",22.9734764099121
"DL","2026-08-12T09:00:00.000000",22.9139614105225
"DL","2026-08-12T10:00:00.000000",22.8336639404297
"DL","2026-08-12T11:00:00.000000",22.8095474243164
"DL","2026-08-12T12:00:00.000000",22.8045749664307
"DL","2026-08-12T13:00:00.000000",22.7937755584717
"DL","2026-08-12T14:00:00.000000",22.8392238616943
"DL","2026-08-12T15:00:00.000000",22.9714965820312
"DL","2026-08-12T16:00:00.000000",23.0549583435059
"DL","2026-08-12T17:00:00.000000",23.0816345214844
"DL","2026-08-12T18:00:00.000000",23.0938472747803
"DL","2026-08-12T19:00:00.000000",23.0411605834961
"DL","2026-08-12T20:00:00.000000",22.945764541626
"DL","2026-08-12T21:00:00.000000",22.8258590698242
"DL","2026-08-12T22:00:00.000000",22.7783145904541
"DL","2026-08-12T23:00:00.000000",22.7894859313965
"DL","2026-08-13T00:00:00.000000",22.8221130371094
"DL","2026-08-13T01:00:00.000000",22.8330039978027
"DL","2026-08-13T02:00:00.000000",22.8085117340088
"DL","2026-08-13T03:00:00.000000",22.8033103942871
"DL","2026-08-13T04:00:00.000000",22.9249610900879
"DL","2026-08-13T05:00:00.000000",22.9840087890625
"DL","2026-08-13T06:00:00.000000",23.0079193115234
"DL","2026-08-13T07:00:00.000000",23.0347537994385
"DL","2026-08-13T08:00:00.000000",23.0202941894531
"DL","2026-08-13T09:00:00.000000",22.9444961547852
"DL","2026-08-13T10:00:00.000000",22.9596042633057
"DL","2026-08-13T11:00:00.000000",22.9912033081055
"DL","2026-08-13T12:00:00.000000",23.0052299499512
"DL","2026-08-13T13:00:00.000000",23.006649017334
"DL","2026-08-13T14:00:00.000000",22.9966583251953
"DL","2026-08-13T15:00:00.000000",22.9630718231201
"DL","2026-08-13T16:00:00.000000",22.9946823120117
"DL","2026-08-13T17:00:00.000000",23.0256633758545
"DL","2026-08-13T18:00:00.000000",23.017391204834
"DL","2026-08-13T19:00:00.000000",23.0380878448486
"DL","2026-08-13T20:00:00.000000",23.0217914581299
"DL","2026-08-13T21:00:00.000000",23.0394878387451
"DL","2026-08-13T22:00:00.000000",23.0539932250977
"DL","2026-08-13T23:00:00.000000",23.058177947998
"DL","2026-08-14T00:00:00.000000",23.0611171722412
"DL","2026-08-14T01:00:00.000000",23.0622692108154
"DL","2026-08-14T02:00:00.000000",23.0610160827637
"DL","2026-08-14T03:00:00.000000",23.0569343566895
"DL","2026-08-14T04:00:00.000000",23.0429401397705
"DL","2026-08-14T05:00:00.000000",23.0420627593994
"DL","2026-08-14T06:00:00.000000",23.0424938201904
"DL","2026-08-14T07:00:00.000000",23.0419864654541
"DL","2026-08-14T08:00:00.000000",23.04172706604
"DL","2026-08-14T09:00:00.000000",23.04128074646
"DL","2026-08-14T10:00:00.000000",23.0398750305176
"DL","2026-08-14T11:00:00.000000",23.0306568145752
"DL","2026-08-14T12:00:00.000000",23.0171089172363
"DL","2026-08-14T13:00:00.000000",23.0096607208252
"DL","2026-08-14T14:00:00.000000",23.0119876861572
"DL","2026-08-14T15:00:00.000000",23.0283546447754
"DL","2026-08-14T16:00:00.000000",23.0525932312012
"DL","2026-08-14T17:00:00.000000",23.0684146881104
"DL","2026-08-14T18:00:00.000000",23.0731678009033
"DL","2026-08-14T19:00:00.000000",23.0760059356689
"DL","2026-08-14T20:00:00.000000",23.0388679504395
"DL","2026-08-14T21:00:00.000000",22.994556427002
"DL","2026-08-14T22:00:00.000000",22.9578704833984
"DL","2026-08-14T23:00:00.000000",22.9442806243896
"DL","2026-08-15T00:00:00.000000",22.9108791351318
"DL","2026-08-15T01:00:00.000000",22.8897323608398
"DL","2026-08-15T02:00:00.000000",22.895191192627
"DL","2026-08-15T03:00:00.000000",22.908576965332
"DL","2026-08-15T04:00:00.000000",22.8943042755127
"DL","2026-08-15T05:00:00.000000",22.9181499481201
"DL","2026-08-15T06:00:00.000000",22.9318103790283
"DL","2026-08-15T07:00:00.000000",22.9447212219238
"DL","2026-08-15T08:00:00.000000",22.9551734924316
"DL","2026-08-15T09:00:00.000000",22.9529495239258
"DL","2026-08-15T10:00:00.000000",22.9436435699463
"DL","2026-08-15T11:00:00.000000",22.921947479248
"DL","2026-08-15T12:00:00.000000",22.9134349822998
"DL","2026-08-15T13:00:00.000000",22.9110107421875
"DL","2026-08-15T14:00:00.000000",22.9136066436768
"DL","2026-08-15T15:00:00.000000",22.9238681793213
"DL","2026-08-15T16:00:00.000000",22.93505859375
"DL","2026-08-15T17:00:00.000000",22.9497604370117
"DL","2026-08-15T18:00:00.000000",22.9783306121826
"DL","2026-08-15T19:00:00.000000",22.9849166870117
"DL","2026-08-15T20:00:00.000000",22.9832324981689
"DL","2026-08-15T21:00:00.000000",22.9766178131104
"DL","2026-08-15T22:00:00.000000",22.98193359375
"DL","2026-08-15T23:00:00.000000",22.9441547393799
"DL","2026-08-16T00:00:00.000000",22.9346733093262
"DL","2026-08-16T01:00:00.000000",22.9331436157227
"DL","2026-08-16T02:00:00.000000",22.9356327056885
"DL","2026-08-16T03:00:00.000000",22.9410076141357
"DL","2026-08-16T04:00:00.000000",22.9362468719482
"DL","2026-08-16T05:00:00.000000",22.9347743988037
"DL","2026-08-16T06:00:00.000000",22.9439086914062
"DL","2026-08-16T07:00:00.000000",22.9468059539795
"DL","2026-08-16T08:00:00.000000",22.9453811645508
"DL","2026-08-16T09:00:00.000000",22.9554462432861
"DL","2026-08-16T10:00:00.000000",22.9626598358154
"DL","2026-08-16T11:00:00.000000",23.0195293426514
"DL","2026-08-16T12:00:00.000000",23.0477027893066
"DL","2026-08-16T13:00:00.000000",23.0715732574463
"DL","2026-08-16T14:00:00.000000",23.0862274169922
"DL","2026-08-16T15:00:00.000000",23.093807220459
"DL","2026-08-16T16:00:00.000000",23.0766563415527
"DL","2026-08-16T17:00:00.000000",23.0643463134766
"DL","2026-08-16T18:00:00.000000",23.041971206665
"DL","2026-08-16T19:00:00.000000",23.0207862854004
"DL","2026-08-16T20:00:00.000000",23.0662975311279
"DL","2026-08-16T21:00:00.000000",23.1034030914307
"DL","2026-08-16T22:00:00.000000",23.0681648254395
"DL","2026-08-16T23:00:00.000000",23.0253849029541
"DL","2026-08-17T00:00:00.000000",23.0060005187988
"GB","2026-08-09T00:00:00.000000",23.6851043701172
"GB","2026-08-09T01:00:00.000000",23.5380191802979
"GB","2026-08-09T02:00:00.000000",23.4214286804199
"GB","2026-08-09T03:00:00.000000",23.4963474273682
"GB","2026-08-09T04:00:00.000000",23.5958042144775
"GB","2026-08-09T05:00:00.000000",23.6307773590088
"GB","2026-08-09T06:00:00.000000",23.6284675598145
"GB","2026-08-09T07:00:00.000000",23.6501598358154
"GB","2026-08-09T08:00:00.000000",23.6728839874268
"GB","2026-08-09T09:00:00.000000",23.6819686889648
"GB","2026-08-09T10:00:00.000000",23.6924304962158
"GB","2026-08-09T11:00:00.000000",23.707986831665
"GB","2026-08-09T12:00:00.000000",23.7196369171143
"GB","2026-08-09T13:00:00.000000",23.7219505310059
"GB","2026-08-09T14:00:00.000000",23.4677257537842
"GB","2026-08-09T15:00:00.000000",23.480525970459
"GB","2026-08-09T16:00:00.000000",23.5752449035645
"GB","2026-08-09T17:00:00.000000",23.6269683837891
"GB","2026-08-09T18:00:00.000000",23.6652069091797
"GB","2026-08-09T19:00:00.000000",23.727933883667
"GB","2026-08-09T20:00:00.000000",23.8013324737549
"GB","2026-08-09T21:00:00.000000",23.8307685852051
"GB","2026-08-09T22:00:00.000000",23.8392906188965
"GB","2026-08-09T23:00:00.000000",23.8444347381592
"GB","2026-08-10T00:00:00.000000",23.8631477355957
"GB","2026-08-10T01:00:00.000000",23.8888568878174
"GB","2026-08-10T02:00:00.000000",23.6945152282715
"GB","2026-08-10T03:00:00.000000",23.5629100799561
"GB","2026-08-10T04:00:00.000000",23.7058887481689
"GB","2026-08-10T05:00:00.000000",23.7705059051514
"GB","2026-08-10T06:00:00.000000",23.7975673675537
"GB","2026-08-10T07:00:00.000000",23.7865657806396
"GB","2026-08-10T08:00:00.000000",23.8059940338135
"GB","2026-08-10T09:00:00.000000",23.8292083740234
"GB","2026-08-10T10:00:00.000000",23.7990913391113
"GB","2026-08-10T11:00:00.000000",23.7525577545166
"GB","2026-08-10T12:00:00.000000",23.702075958252
"GB","2026-08-10T13:00:00.000000",23.6575527191162
"GB","2026-08-10T14:00:00.000000",23.6316623687744
"GB","2026-08-10T15:00:00.000000",23.5190525054932
"GB","2026-08-10T16:00:00.000000",23.5571422576904
"GB","2026-08-10T17:00:00.000000",23.6885299682617
"GB","2026-08-10T18:00:00.000000",23.7382984161377
"GB","2026-08-10T19:00:00.000000",23.7600994110107
"GB","2026-08-10T20:00:00.000000",23.8045539855957
"GB","2026-08-10T21:00:00.000000",23.8821430206299
"GB","2026-08-10T22:00:00.000000",23.8384552001953
"GB","2026-08-10T23:00:00.000000",23.7967777252197
"GB","2026-08-11T00:00:00.000000",23.7646141052246
"GB","2026-08-11T01:00:00.000000",23.7478656768799
"GB","2026-08-11T02:00:00.000000",23.7321739196777
"GB","2026-08-11T03:00:00.000000",23.6498489379883
"GB","2026-08-11T04:00:00.000000",23.5803413391113
"GB","2026-08-11T05:00:00.000000",23.6829833984375
"GB","2026-08-11T06:00:00.000000",23.7590103149414
"GB","2026-08-11T07:00:00.000000",23.770845413208
"GB","2026-08-11T08:00:00.000000",23.7727203369141
"GB","2026-08-11T09:00:00.000000",23.7998924255371
"GB","2026-08-11T10:00:00.000000",23.8333492279053
"GB","2026-08-11T11:00:00.000000",23.8378276824951
"GB","2026-08-11T12:00:00.000000",23.86696434021
"GB","2026-08-11T13:00:00.000000",23.8926124572754
"GB","2026-08-11T14:00:00.000000",23.9161701202393
"GB","2026-08-11T15:00:00.000000",23.9405059814453
"GB","2026-08-11T16:00:00.000000",23.645471572876
"GB","2026-08-11T17:00:00.000000",23.703742980957
"GB","2026-08-11T18:00:00.000000",23.8576183319092
"GB","2026-08-11T19:00:00.000000",23.8973140716553
"GB","2026-08-11T20:00:00.000000",23.9159755706787
"GB","2026-08-11T21:00:00.000000",23.9202461242676
"GB","2026-08-11T22:00:00.000000",23.9727535247803
"GB","2026-08-11T23:00:00.000000",23.9939002990723
"GB","2026-08-12T00:00:00.000000",24.0328750610352
"GB","2026-08-12T01:00:00.000000",24.074764251709
"GB","2026-08-12T02:00:00.000000",24.1178684234619
"GB","2026-08-12T03:00:00.000000",24.1690521240234
"GB","2026-08-12T04:00:00.000000",23.925874710083
"GB","2026-08-12T05:00:00.000000",23.7419757843018
"GB","2026-08-12T06:00:00.000000",23.9209461212158
"GB","2026-08-12T07:00:00.000000",23.983341217041
"GB","2026-08-12T08:00:00.000000",23.997537612915
"GB","2026-08-12T09:00:00.000000",23.9847640991211
"GB","2026-08-12T10:00:00.000000",24.014347076416
"GB","2026-08-12T11:00:00.000000",24.0344123840332
"GB","2026-08-12T12:00:00.000000",23.9705848693848
"GB","2026-08-12T13:00:00.000000",23.8776893615723
"GB","2026-08-12T14:00:00.000000",23.7866249084473
"GB","2026-08-12T15:00:00.000000",23.6931018829346
"GB","2026-08-12T16:00:00.000000",23.6605243682861
"GB","2026-08-12T17:00:00.000000",23.5641613006592
"GB","2026-08-12T18:00:00.000000",23.77370262146
"GB","2026-08-12T19:00:00.000000",23.9486522674561
"GB","2026-08-12T20:00:00.000000",23.9855575561523
"GB","2026-08-12T21:00:00.000000",23.9610443115234
"GB","2026-08-12T22:00:00.000000",23.993480682373
"GB","2026-08-12T23:00:00.000000",24.0548324584961
"GB","2026-08-13T00:00:00.000000",23.8632869720459
"GB","2026-08-13T01:00:00.000000",23.739818572998
"GB","2026-08-13T02:00:00.000000",23.6702461242676
"GB","2026-08-13T03:00:00.000000",23.6270275115967
"GB","2026-08-13T04:00:00.000000",23.5588836669922
"GB","2026-08-13T05:00:00.000000",23.5112495422363
"GB","2026-08-13T06:00:00.000000",23.5845279693604
"GB","2026-08-13T07:00:00.000000",23.6535549163818
"GB","2026-08-13T08:00:00.000000",23.701000213623
"GB","2026-08-13T09:00:00.000000",23.738224029541
"GB","2026-08-13T10:00:00.000000",23.6965732574463
"GB","2026-08-13T11:00:00.000000",23.796760559082
"GB","2026-08-13T12:00:00.000000",23.8240375518799
"GB","2026-08-13T13:00:00.000000",23.7404975891113
"GB","2026-08-13T14:00:00.000000",23.6646137237549
"GB","2026-08-13T15:00:00.000000",23.6141872406006
"GB","2026-08-13T16:00:00.000000",23.5656585693359
"GB","2026-08-13T17:00:00.000000",23.6059856414795
"GB","2026-08-13T18:00:00.000000",23.586145401001
"GB","2026-08-13T19:00:00.000000",23.7454128265381
"GB","2026-08-13T20:00:00.000000",23.8062362670898
"GB","2026-08-13T21:00:00.000000",23.8173198699951
"GB","2026-08-13T22:00:00.000000",23.8244857788086
"GB","2026-08-13T23:00:00.000000",23.8628387451172
"GB","2026-08-14T00:00:00.000000",23.9468441009521
"GB","2026-08-14T01:00:00.000000",23.8418788909912
"GB","2026-08-14T02:00:00.000000",23.7779197692871
"GB","2026-08-14T03:00:00.000000",23.7444629669189
"GB","2026-08-14T04:00:00.000000",23.7151622772217
"GB","2026-08-14T05:00:00.000000",23.7151279449463
"GB","2026-08-14T06:00:00.000000",23.6449699401855
"GB","2026-08-14T07:00:00.000000",23.6937255859375
"GB","2026-08-14T08:00:00.000000",23.7798824310303
"GB","2026-08-14T09:00:00.000000",23.8114738464355
"GB","2026-08-14T10:00:00.000000",23.8451309204102
"GB","2026-08-14T11:00:00.000000",23.8132019042969
"GB","2026-08-14T12:00:00.000000",23.9066219329834
"GB","2026-08-14T13:00:00.000000",23.8303680419922
"GB","2026-08-14T14:00:00.000000",23.6483001708984
"GB","2026-08-14T15:00:00.000000",23.4866313934326
"GB","2026-08-14T16:00:00.000000",23.3638553619385
"GB","2026-08-14T17:00:00.000000",23.2460517883301
"GB","2026-08-14T18:00:00.000000",23.3619403839111
"GB","2026-08-14T19:00:00.000000",23.5593547821045
"GB","2026-08-14T20:00:00.000000",23.7158298492432
"GB","2026-08-14T21:00:00.000000",23.743371963501
"GB","2026-08-14T22:00:00.000000",23.7354202270508
"GB","2026-08-14T23:00:00.000000",23.7251453399658
"GB","2026-08-15T00:00:00.000000",23.8270435333252
"GB","2026-08-15T01:00:00.000000",23.8184585571289
"GB","2026-08-15T02:00:00.000000",23.6191120147705
"GB","2026-08-15T03:00:00.000000",23.4551277160645
"GB","2026-08-15T04:00:00.000000",23.3228321075439
"GB","2026-08-15T05:00:00.000000",23.185245513916
"GB","2026-08-15T06:00:00.000000",23.1185436248779
"GB","2026-08-15T07:00:00.000000",23.4355449676514
"GB","2026-08-15T08:00:00.000000",23.5687656402588
"GB","2026-08-15T09:00:00.000000",23.6425304412842
"GB","2026-08-15T10:00:00.000000",23.6943454742432
"GB","2026-08-15T11:00:00.000000",23.6462287902832
"GB","2026-08-15T12:00:00.000000",23.5453395843506
"GB","2026-08-15T13:00:00.000000",23.6863574981689
"GB","2026-08-15T14:00:00.000000",23.4455051422119
"GB","2026-08-15T15:00:00.000000",23.1558074951172
"GB","2026-08-15T16:00:00.000000",22.9522838592529
"GB","2026-08-15T17:00:00.000000",22.7814426422119
"GB","2026-08-15T18:00:00.000000",22.6537952423096
"GB","2026-08-15T19:00:00.000000",23.1756019592285
"GB","2026-08-15T20:00:00.000000",23.3244476318359
"GB","2026-08-15T21:00:00.000000",23.4208374023438
"GB","2026-08-15T22:00:00.000000",23.4419574737549
"GB","2026-08-15T23:00:00.000000",23.4128341674805
"GB","2026-08-16T00:00:00.000000",23.395486831665
"GB","2026-08-16T01:00:00.000000",23.607250213623
"GB","2026-08-16T02:00:00.000000",23.4911556243896
"GB","2026-08-16T03:00:00.000000",23.1274967193604
"GB","2026-08-16T04:00:00.000000",22.9555950164795
"GB","2026-08-16T05:00:00.000000",22.8581371307373
"GB","2026-08-16T06:00:00.000000",22.7186107635498
"GB","2026-08-16T07:00:00.000000",22.6870021820068
"GB","2026-08-16T08:00:00.000000",22.9903125762939
"GB","2026-08-16T09:00:00.000000",23.0514087677002
"GB","2026-08-16T10:00:00.000000",23.1025848388672
"GB","2026-08-16T11:00:00.000000",23.0751628875732
"GB","2026-08-16T12:00:00.000000",23.0437793731689
"GB","2026-08-16T13:00:00.000000",23.1262969970703
"GB","2026-08-16T14:00:00.000000",23.2479057312012
"GB","2026-08-16T15:00:00.000000",23.1104564666748
"GB","2026-08-16T16:00:00.000000",23.0252933502197
"GB","2026-08-16T17:00:00.000000",22.9719753265381
"GB","2026-08-16T18:00:00.000000",22.9493274688721
"GB","2026-08-16T19:00:00.000000",22.9587249755859
"GB","2026-08-16T20:00:00.000000",23.05055809021
"GB","2026-08-16T21:00:00.000000",23.1519355773926
"GB","2026-08-16T22:00:00.000000",23.2127838134766
"GB","2026-08-16T23:00:00.000000",23.2479953765869
"GB","2026-08-17T00:00:00.000000",23.2517127990723
"LI","2026-08-09T00:00:00.000000",24.0783958435059
"LI","2026-08-09T01:00:00.000000",24.0950183868408
"LI","2026-08-09T02:00:00.000000",24.0977096557617
"LI","2026-08-09T03:00:00.000000",24.0878601074219
"LI","2026-08-09T04:00:00.000000",24.0804538726807
"LI","2026-08-09T05:00:00.000000",24.0359992980957
"LI","2026-08-09T06:00:00.000000",24.0498828887939
"LI","2026-08-09T07:00:00.000000",24.110221862793
"LI","2026-08-09T08:00:00.000000",24.1413116455078
"LI","2026-08-09T09:00:00.000000",24.1467990875244
"LI","2026-08-09T10:00:00.000000",24.155330657959
"LI","2026-08-09T11:00:00.000000",24.1335258483887
"LI","2026-08-09T12:00:00.000000",24.1531066894531
"LI","2026-08-09T13:00:00.000000",24.179615020752
"LI","2026-08-09T14:00:00.000000",24.2130470275879
"LI","2026-08-09T15:00:00.000000",24.1732330322266
"LI","2026-08-09T16:00:00.000000",24.1791229248047
"LI","2026-08-09T17:00:00.000000",24.1834735870361
"LI","2026-08-09T18:00:00.000000",24.25319480896
"LI","2026-08-09T19:00:00.000000",24.3191623687744
"LI","2026-08-09T20:00:00.000000",24.3447074890137
"LI","2026-08-09T21:00:00.000000",24.3534374237061
"LI","2026-08-09T22:00:00.000000",24.3575019836426
"LI","2026-08-09T23:00:00.000000",24.3600616455078
"LI","2026-08-10T00:00:00.000000",24.3614883422852
"LI","2026-08-10T01:00:00.000000",24.3705902099609
"LI","2026-08-10T02:00:00.000000",24.3765163421631
"LI","2026-08-10T03:00:00.000000",24.3817195892334
"LI","2026-08-10T04:00:00.000000",24.3865261077881
"LI","2026-08-10T05:00:00.000000",24.3946018218994
"LI","2026-08-10T06:00:00.000000",24.3093547821045
"LI","2026-08-10T07:00:00.000000",24.3002910614014
"LI","2026-08-10T08:00:00.000000",24.365140914917
"LI","2026-08-10T09:00:00.000000",24.3979511260986
"LI","2026-08-10T10:00:00.000000",24.3994903564453
"LI","2026-08-10T11:00:00.000000",24.3690605163574
"LI","2026-08-10T12:00:00.000000",24.3606605529785
"LI","2026-08-10T13:00:00.000000",24.3566188812256
"LI","2026-08-10T14:00:00.000000",24.388011932373
"LI","2026-08-10T15:00:00.000000",24.4201374053955
"LI","2026-08-10T16:00:00.000000",24.4000091552734
"LI","2026-08-10T17:00:00.000000",24.3988819122314
"LI","2026-08-10T18:00:00.000000",24.4000968933105
"LI","2026-08-10T19:00:00.000000",24.4629135131836
"LI","2026-08-10T20:00:00.000000",24.5306224822998
"LI","2026-08-10T21:00:00.000000",24.5448799133301
"LI","2026-08-10T22:00:00.000000",24.5477027893066
"LI","2026-08-10T23:00:00.000000",24.5499515533447
"LI","2026-08-11T00:00:00.000000",24.55006980896
"LI","2026-08-11T01:00:00.000000",24.546781539917
"LI","2026-08-11T02:00:00.000000",24.5381336212158
"LI","2026-08-11T03:00:00.000000",24.5337810516357
"LI","2026-08-11T04:00:00.000000",24.5329742431641
"LI","2026-08-11T05:00:00.000000",24.5011196136475
"LI","2026-08-11T06:00:00.000000",24.4754676818848
"LI","2026-08-11T07:00:00.000000",24.4592056274414
"LI","2026-08-11T08:00:00.000000",24.4559497833252
"LI","2026-08-11T09:00:00.000000",24.4572238922119
"LI","2026-08-11T10:00:00.000000",24.4584636688232
"LI","2026-08-11T11:00:00.000000",24.4599494934082
"LI","2026-08-11T12:00:00.000000",24.4628200531006
"LI","2026-08-11T13:00:00.000000",24.48610496521
"LI","2026-08-11T14:00:00.000000",24.5165004730225
"LI","2026-08-11T15:00:00.000000",24.5551910400391
"LI","2026-08-11T16:00:00.000000",24.5919990539551
"LI","2026-08-11T17:00:00.000000",24.512035369873
"LI","2026-08-11T18:00:00.000000",24.513219833374
"LI","2026-08-11T19:00:00.000000",24.519115447998
"LI","2026-08-11T20:00:00.000000",24.5659942626953
"LI","2026-08-11T21:00:00.000000",24.6199684143066
"LI","2026-08-11T22:00:00.000000",24.6312675476074
"LI","2026-08-11T23:00:00.000000",24.6299171447754
"LI","2026-08-12T00:00:00.000000",24.6279201507568
"LI","2026-08-12T01:00:00.000000",24.628396987915
"LI","2026-08-12T02:00:00.000000",24.6304588317871
"LI","2026-08-12T03:00:00.000000",24.6286697387695
"LI","2026-08-12T04:00:00.000000",24.6337032318115
"LI","2026-08-12T05:00:00.000000",24.6341247558594
"LI","2026-08-12T06:00:00.000000",24.5876007080078
"LI","2026-08-12T07:00:00.000000",24.5962352752686
"LI","2026-08-12T08:00:00.000000",24.5758666992188
"LI","2026-08-12T09:00:00.000000",24.5785942077637
"LI","2026-08-12T10:00:00.000000",24.6380863189697
"LI","2026-08-12T11:00:00.000000",24.648099899292
"LI","2026-08-12T12:00:00.000000",24.6408596038818
"LI","2026-08-12T13:00:00.000000",24.6301937103271
"LI","2026-08-12T14:00:00.000000",24.6286640167236
"LI","2026-08-12T15:00:00.000000",24.6366786956787
"LI","2026-08-12T16:00:00.000000",24.7319889068604
"LI","2026-08-12T17:00:00.000000",24.7614326477051
"LI","2026-08-12T18:00:00.000000",24.7468166351318
"LI","2026-08-12T19:00:00.000000",24.7065391540527
"LI","2026-08-12T20:00:00.000000",24.6545734405518
"LI","2026-08-12T21:00:00.000000",24.6719360351562
"LI","2026-08-12T22:00:00.000000",24.6910572052002
"LI","2026-08-12T23:00:00.000000",24.6926078796387
"LI","2026-08-13T00:00:00.000000",24.6930484771729
"LI","2026-08-13T01:00:00.000000",24.6896781921387
"LI","2026-08-13T02:00:00.000000",24.6847667694092
"LI","2026-08-13T03:00:00.000000",24.6809120178223
"LI","2026-08-13T04:00:00.000000",24.6907043457031
"LI","2026-08-13T05:00:00.000000",24.7204093933105
"LI","2026-08-13T06:00:00.000000",24.7098731994629
"LI","2026-08-13T07:00:00.000000",24.6737270355225
"LI","2026-08-13T08:00:00.000000",24.6843948364258
"LI","2026-08-13T09:00:00.000000",24.6567096710205
"LI","2026-08-13T10:00:00.000000",24.6931705474854
"LI","2026-08-13T11:00:00.000000",24.7406883239746
"LI","2026-08-13T12:00:00.000000",24.7394046783447
"LI","2026-08-13T13:00:00.000000",24.7261066436768
"LI","2026-08-13T14:00:00.000000",24.7208023071289
"LI","2026-08-13T15:00:00.000000",24.7219791412354
"LI","2026-08-13T16:00:00.000000",24.7308311462402
"LI","2026-08-13T17:00:00.000000",24.8105449676514
"LI","2026-08-13T18:00:00.000000",24.8072948455811
"LI","2026-08-13T19:00:00.000000",24.7153205871582
"LI","2026-08-13T20:00:00.000000",24.7135887145996
"LI","2026-08-13T21:00:00.000000",24.7115840911865
"LI","2026-08-13T22:00:00.000000",24.7401008605957
"LI","2026-08-13T23:00:00.000000",24.7913799285889
"LI","2026-08-14T00:00:00.000000",24.7978515625
"LI","2026-08-14T01:00:00.000000",24.790657043457
"LI","2026-08-14T02:00:00.000000",24.7822513580322
"LI","2026-08-14T03:00:00.000000",24.7781620025635
"LI","2026-08-14T04:00:00.000000",24.775032043457
"LI","2026-08-14T05:00:00.000000",24.7729263305664
"LI","2026-08-14T06:00:00.000000",24.7822036743164
"LI","2026-08-14T07:00:00.000000",24.7582740783691
"LI","2026-08-14T08:00:00.000000",24.764575958252
"LI","2026-08-14T09:00:00.000000",24.7962837219238
"LI","2026-08-14T10:00:00.000000",24.7474250793457
"LI","2026-08-14T11:00:00.000000",24.7481651306152
"LI","2026-08-14T12:00:00.000000",24.7440013885498
"LI","2026-08-14T13:00:00.000000",24.7412281036377
"LI","2026-08-14T14:00:00.000000",24.7486515045166
"LI","2026-08-14T15:00:00.000000",24.7756423950195
"LI","2026-08-14T16:00:00.000000",24.8371486663818
"LI","2026-08-14T17:00:00.000000",24.8946151733398
"LI","2026-08-14T18:00:00.000000",24.9132080078125
"LI","2026-08-14T19:00:00.000000",24.8511657714844
"LI","2026-08-14T20:00:00.000000",24.7603664398193
"LI","2026-08-14T21:00:00.000000",24.7500648498535
"LI","2026-08-14T22:00:00.000000",24.7139568328857
"LI","2026-08-14T23:00:00.000000",24.692512512207
"LI","2026-08-15T00:00:00.000000",24.6484279632568
"LI","2026-08-15T01:00:00.000000",24.5949459075928
"LI","2026-08-15T02:00:00.000000",24.5809268951416
"LI","2026-08-15T03:00:00.000000",24.5668449401855
"LI","2026-08-15T04:00:00.000000",24.5669841766357
"LI","2026-08-15T05:00:00.000000",24.5835113525391
"LI","2026-08-15T06:00:00.000000",24.6249675750732
"LI","2026-08-15T07:00:00.000000",24.7095565795898
"LI","2026-08-15T08:00:00.000000",24.7274265289307
"LI","2026-08-15T09:00:00.000000",24.7374687194824
"LI","2026-08-15T10:00:00.000000",24.6670093536377
"LI","2026-08-15T11:00:00.000000",24.4813556671143
"LI","2026-08-15T12:00:00.000000",24.416597366333
"LI","2026-08-15T13:00:00.000000",24.3789100646973
"LI","2026-08-15T14:00:00.000000",24.3796825408936
"LI","2026-08-15T15:00:00.000000",24.4572715759277
"LI","2026-08-15T16:00:00.000000",24.5830955505371
"LI","2026-08-15T17:00:00.000000",24.6457633972168
"LI","2026-08-15T18:00:00.000000",24.698055267334
"LI","2026-08-15T19:00:00.000000",24.7445068359375
"LI","2026-08-15T20:00:00.000000",24.6969661712646
"LI","2026-08-15T21:00:00.000000",24.7257556915283
"LI","2026-08-15T22:00:00.000000",24.7169723510742
"LI","2026-08-15T23:00:00.000000",24.5175895690918
"LI","2026-08-16T00:00:00.000000",24.1533107757568
"LI","2026-08-16T01:00:00.000000",24.0641937255859
"LI","2026-08-16T02:00:00.000000",24.0467338562012
"LI","2026-08-16T03:00:00.000000",24.0858154296875
"LI","2026-08-16T04:00:00.000000",24.1588153839111
"LI","2026-08-16T05:00:00.000000",24.417200088501
"LI","2026-08-16T06:00:00.000000",24.5677871704102
"LI","2026-08-16T07:00:00.000000",24.5993099212646
"LI","2026-08-16T08:00:00.000000",24.5840511322021
"LI","2026-08-16T09:00:00.000000",24.32177734375
"LI","2026-08-16T10:00:00.000000",24.2814903259277
"LI","2026-08-16T11:00:00.000000",24.2651081085205
"LI","2026-08-16T12:00:00.000000",24.2499561309814
"LI","2026-08-16T13:00:00.000000",24.2578468322754
"LI","2026-08-16T14:00:00.000000",24.2826824188232
"LI","2026-08-16T15:00:00.000000",24.2964935302734
"LI","2026-08-16T16:00:00.000000",24.308012008667
"LI","2026-08-16T17:00:00.000000",24.3108806610107
"LI","2026-08-16T18:00:00.000000",24.3185844421387
"LI","2026-08-16T19:00:00.000000",24.3332424163818
"LI","2026-08-16T20:00:00.000000",24.3368434906006
"LI","2026-08-16T21:00:00.000000",24.3476676940918
"LI","2026-08-16T22:00:00.000000",24.3886985778809
"LI","2026-08-16T23:00:00.000000",24.3851222991943
"LI","2026-08-17T00:00:00.000000",24.3012275695801
"OB","2026-08-09T00:00:00.000000",20.6255950927734
"OB","2026-08-09T01:00:00.000000",20.4775257110596
"OB","2026-08-09T02:00:00.000000",20.3794746398926
"OB","2026-08-09T03:00:00.000000",20.3383159637451
"OB","2026-08-09T04:00:00.000000",20.3421001434326
"OB","2026-08-09T05:00:00.000000",20.326473236084
"OB","2026-08-09T06:00:00.000000",20.3343734741211
"OB","2026-08-09T07:00:00.000000",20.3508739471436
"OB","2026-08-09T08:00:00.000000",20.4329891204834
"OB","2026-08-09T09:00:00.000000",20.4662189483643
"OB","2026-08-09T10:00:00.000000",20.3837184906006
"OB","2026-08-09T11:00:00.000000",20.2442779541016
"OB","2026-08-09T12:00:00.000000",20.1652698516846
"OB","2026-08-09T13:00:00.000000",20.1069831848145
"OB","2026-08-09T14:00:00.000000",20.0736503601074
"OB","2026-08-09T15:00:00.000000",20.043270111084
"OB","2026-08-09T16:00:00.000000",20.1334438323975
"OB","2026-08-09T17:00:00.000000",20.5403652191162
"OB","2026-08-09T18:00:00.000000",21.0739459991455
"OB","2026-08-09T19:00:00.000000",21.121000289917
"OB","2026-08-09T20:00:00.000000",21.0833206176758
"OB","2026-08-09T21:00:00.000000",20.9653739929199
"OB","2026-08-09T22:00:00.000000",20.6438007354736
"OB","2026-08-09T23:00:00.000000",20.281982421875
"OB","2026-08-10T00:00:00.000000",20.0488395690918
"OB","2026-08-10T01:00:00.000000",19.9407348632812
"OB","2026-08-10T02:00:00.000000",19.8978633880615
"OB","2026-08-10T03:00:00.000000",19.9040031433105
"OB","2026-08-10T04:00:00.000000",19.9535007476807
"OB","2026-08-10T05:00:00.000000",19.969820022583
"OB","2026-08-10T06:00:00.000000",20.0186557769775
"OB","2026-08-10T07:00:00.000000",20.0666656494141
"OB","2026-08-10T08:00:00.000000",20.0495491027832
"OB","2026-08-10T09:00:00.000000",20.0797538757324
"OB","2026-08-10T10:00:00.000000",20.1403636932373
"OB","2026-08-10T11:00:00.000000",20.1020965576172
"OB","2026-08-10T12:00:00.000000",20.0181522369385
"OB","2026-08-10T13:00:00.000000",19.9343585968018
"OB","2026-08-10T14:00:00.000000",19.9089431762695
"OB","2026-08-10T15:00:00.000000",19.9053287506104
"OB","2026-08-10T16:00:00.000000",19.9607181549072
"OB","2026-08-10T17:00:00.000000",20.1976871490479
"OB","2026-08-10T18:00:00.000000",20.5361766815186
"OB","2026-08-10T19:00:00.000000",20.9055767059326
"OB","2026-08-10T20:00:00.000000",21.1038417816162
"OB","2026-08-10T21:00:00.000000",21.0613384246826
"OB","2026-08-10T22:00:00.000000",20.9392604827881
"OB","2026-08-10T23:00:00.000000",20.8290500640869
"OB","2026-08-11T00:00:00.000000",20.623929977417
"OB","2026-08-11T01:00:00.000000",20.4235992431641
"OB","2026-08-11T02:00:00.000000",20.3002967834473
"OB","2026-08-11T03:00:00.000000",20.265718460083
"OB","2026-08-11T04:00:00.000000",20.2737216949463
"OB","2026-08-11T05:00:00.000000",20.2785549163818
"OB","2026-08-11T06:00:00.000000",20.2809066772461
"OB","2026-08-11T07:00:00.000000",20.2977828979492
"OB","2026-08-11T08:00:00.000000",20.3341217041016
"OB","2026-08-11T09:00:00.000000",20.4254493713379
"OB","2026-08-11T10:00:00.000000",20.6009635925293
"OB","2026-08-11T11:00:00.000000",20.6196022033691
"OB","2026-08-11T12:00:00.000000",20.4374980926514
"OB","2026-08-11T13:00:00.000000",20.2537727355957
"OB","2026-08-11T14:00:00.000000",20.1458606719971
"OB","2026-08-11T15:00:00.000000",20.0682716369629
"OB","2026-08-11T16:00:00.000000",20.0453510284424
"OB","2026-08-11T17:00:00.000000",20.0787773132324
"OB","2026-08-11T18:00:00.000000",20.1122245788574
"OB","2026-08-11T19:00:00.000000",20.1305027008057
"OB","2026-08-11T20:00:00.000000",20.1197147369385
"OB","2026-08-11T21:00:00.000000",20.1439361572266
"OB","2026-08-11T22:00:00.000000",20.2023849487305
"OB","2026-08-11T23:00:00.000000",20.28515625
"OB","2026-08-12T00:00:00.000000",20.194803237915
"OB","2026-08-12T01:00:00.000000",19.9770526885986
"OB","2026-08-12T02:00:00.000000",19.8701133728027
"OB","2026-08-12T03:00:00.000000",19.8333988189697
"OB","2026-08-12T04:00:00.000000",19.8298797607422
"OB","2026-08-12T05:00:00.000000",19.8481903076172
"OB","2026-08-12T06:00:00.000000",19.8654727935791
"OB","2026-08-12T07:00:00.000000",19.8553085327148
"OB","2026-08-12T08:00:00.000000",19.8402214050293
"OB","2026-08-12T09:00:00.000000",19.8428802490234
"OB","2026-08-12T10:00:00.000000",19.8923873901367
"OB","2026-08-12T11:00:00.000000",19.964469909668
"OB","2026-08-12T12:00:00.000000",20.0718364715576
"OB","2026-08-12T13:00:00.000000",20.0962810516357
"OB","2026-08-12T14:00:00.000000",20.0132350921631
"OB","2026-08-12T15:00:00.000000",19.9458141326904
"OB","2026-08-12T16:00:00.000000",19.9174880981445
"OB","2026-08-12T17:00:00.000000",19.9174480438232
"OB","2026-08-12T18:00:00.000000",19.9386577606201
"OB","2026-08-12T19:00:00.000000",20.0388221740723
"OB","2026-08-12T20:00:00.000000",20.2129707336426
"OB","2026-08-12T21:00:00.000000",20.512659072876
"OB","2026-08-12T22:00:00.000000",20.5883750915527
"OB","2026-08-12T23:00:00.000000",20.6697063446045
"OB","2026-08-13T00:00:00.000000",20.6857852935791
"OB","2026-08-13T01:00:00.000000",20.4428081512451
"OB","2026-08-13T02:00:00.000000",20.2366027832031
"OB","2026-08-13T03:00:00.000000",20.1353607177734
"OB","2026-08-13T04:00:00.000000",20.1119499206543
"OB","2026-08-13T05:00:00.000000",20.0976371765137
"OB","2026-08-13T06:00:00.000000",20.117561340332
"OB","2026-08-13T07:00:00.000000",20.1331806182861
"OB","2026-08-13T08:00:00.000000",20.1233654022217
"OB","2026-08-13T09:00:00.000000",20.1057281494141
"OB","2026-08-13T10:00:00.000000",20.1380138397217
"OB","2026-08-13T11:00:00.000000",20.1853790283203
"OB","2026-08-13T12:00:00.000000",20.2568340301514
"OB","2026-08-13T13:00:00.000000",20.3085632324219
"OB","2026-08-13T14:00:00.000000",20.2298316955566
"OB","2026-08-13T15:00:00.000000",20.1175899505615
"OB","2026-08-13T16:00:00.000000",20.0719661712646
"OB","2026-08-13T17:00:00.000000",20.0457553863525
"OB","2026-08-13T18:00:00.000000",20.0924663543701
"OB","2026-08-13T19:00:00.000000",20.3607578277588
"OB","2026-08-13T20:00:00.000000",20.4704093933105
"OB","2026-08-13T21:00:00.000000",20.4948558807373
"OB","2026-08-13T22:00:00.000000",20.4984016418457
"OB","2026-08-13T23:00:00.000000",20.4724731445312
"OB","2026-08-14T00:00:00.000000",20.3846530914307
"OB","2026-08-14T01:00:00.000000",20.30983543396
"OB","2026-08-14T02:00:00.000000",20.2312030792236
"OB","2026-08-14T03:00:00.000000",20.1331977844238
"OB","2026-08-14T04:00:00.000000",20.0814399719238
"OB","2026-08-14T05:00:00.000000",20.062385559082
"OB","2026-08-14T06:00:00.000000",20.0544681549072
"OB","2026-08-14T07:00:00.000000",20.0447692871094
"OB","2026-08-14T08:00:00.000000",20.0367374420166
"OB","2026-08-14T09:00:00.000000",20.0235939025879
"OB","2026-08-14T10:00:00.000000",20.0055351257324
"OB","2026-08-14T11:00:00.000000",20.0130386352539
"OB","2026-08-14T12:00:00.000000",20.0176067352295
"OB","2026-08-14T13:00:00.000000",20.0506629943848
"OB","2026-08-14T14:00:00.000000",20.0851573944092
"OB","2026-08-14T15:00:00.000000",20.0651760101318
"OB","2026-08-14T16:00:00.000000",19.9883327484131
"OB","2026-08-14T17:00:00.000000",19.9478302001953
"OB","2026-08-14T18:00:00.000000",19.9362545013428
"OB","2026-08-14T19:00:00.000000",19.9308605194092
"OB","2026-08-14T20:00:00.000000",19.9462776184082
"OB","2026-08-14T21:00:00.000000",20.0010414123535
"OB","2026-08-14T22:00:00.000000",20.0771369934082
"OB","2026-08-14T23:00:00.000000",20.0955066680908
"OB","2026-08-15T00:00:00.000000",20.1315650939941
"OB","2026-08-15T01:00:00.000000",20.184211730957
"OB","2026-08-15T02:00:00.000000",20.1924209594727
"OB","2026-08-15T03:00:00.000000",20.0754642486572
"OB","2026-08-15T04:00:00.000000",19.9377994537354
"OB","2026-08-15T05:00:00.000000",19.8644466400146
"OB","2026-08-15T06:00:00.000000",19.8241100311279
"OB","2026-08-15T07:00:00.000000",19.8106021881104
"OB","2026-08-15T08:00:00.000000",19.8248863220215
"OB","2026-08-15T09:00:00.000000",19.8579940795898
"OB","2026-08-15T10:00:00.000000",19.867317199707
"OB","2026-08-15T11:00:00.000000",19.8698062896729
"OB","2026-08-15T12:00:00.000000",19.9209537506104
"OB","2026-08-15T13:00:00.000000",19.9794998168945
"OB","2026-08-15T14:00:00.000000",20.0453910827637
"OB","2026-08-15T15:00:00.000000",20.0359115600586
"OB","2026-08-15T16:00:00.000000",19.8998184204102
"OB","2026-08-15T17:00:00.000000",19.8089179992676
"OB","2026-08-15T18:00:00.000000",19.8029174804688
"OB","2026-08-15T19:00:00.000000",19.8143692016602
"OB","2026-08-15T20:00:00.000000",19.7842483520508
"OB","2026-08-15T21:00:00.000000",19.7732353210449
"OB","2026-08-15T22:00:00.000000",19.7633838653564
"OB","2026-08-15T23:00:00.000000",19.8173904418945
"OB","2026-08-16T00:00:00.000000",19.8582153320312
"OB","2026-08-16T01:00:00.000000",19.954927444458
"OB","2026-08-16T02:00:00.000000",20.0428504943848
"OB","2026-08-16T03:00:00.000000",20.0458641052246
"OB","2026-08-16T04:00:00.000000",19.9886722564697
"OB","2026-08-16T05:00:00.000000",19.9003257751465
"OB","2026-08-16T06:00:00.000000",19.8344497680664
"OB","2026-08-16T07:00:00.000000",19.8000240325928
"OB","2026-08-16T08:00:00.000000",19.7784099578857
"OB","2026-08-16T09:00:00.000000",19.7676830291748
"OB","2026-08-16T10:00:00.000000",19.7428112030029
"OB","2026-08-16T11:00:00.000000",19.7281684875488
"OB","2026-08-16T12:00:00.000000",19.6827335357666
"OB","2026-08-16T13:00:00.000000",19.6737461090088
"OB","2026-08-16T14:00:00.000000",19.7224979400635
"OB","2026-08-16T15:00:00.000000",19.853853225708
"OB","2026-08-16T16:00:00.000000",20.0310230255127
"OB","2026-08-16T17:00:00.000000",20.0563335418701
"OB","2026-08-16T18:00:00.000000",20.0619506835938
"OB","2026-08-16T19:00:00.000000",20.0580139160156
"OB","2026-08-16T20:00:00.000000",20.0471897125244
"OB","2026-08-16T21:00:00.000000",20.0409469604492
"OB","2026-08-16T22:00:00.000000",20.0401458740234
"OB","2026-08-16T23:00:00.000000",20.0435009002686
"OB","2026-08-17T00:00:00.000000",20.0470657348633
"WC","2026-08-09T00:00:00.000000",23.5739364624023
"WC","2026-08-09T01:00:00.000000",23.2727165222168
"WC","2026-08-09T02:00:00.000000",23.1372833251953
"WC","2026-08-09T03:00:00.000000",22.8551025390625
"WC","2026-08-09T04:00:00.000000",22.4772472381592
"WC","2026-08-09T05:00:00.000000",22.2735462188721
"WC","2026-08-09T06:00:00.000000",22.8471794128418
"WC","2026-08-09T07:00:00.000000",23.6718006134033
"WC","2026-08-09T08:00:00.000000",23.8316631317139
"WC","2026-08-09T09:00:00.000000",23.8746585845947
"WC","2026-08-09T10:00:00.000000",23.8925437927246
"WC","2026-08-09T11:00:00.000000",23.8714179992676
"WC","2026-08-09T12:00:00.000000",23.7670345306396
"WC","2026-08-09T13:00:00.000000",23.4151802062988
"WC","2026-08-09T14:00:00.000000",23.2405071258545
"WC","2026-08-09T15:00:00.000000",23.0899925231934
"WC","2026-08-09T16:00:00.000000",22.804292678833
"WC","2026-08-09T17:00:00.000000",22.5348796844482
"WC","2026-08-09T18:00:00.000000",22.7620849609375
"WC","2026-08-09T19:00:00.000000",23.7848949432373
"WC","2026-08-09T20:00:00.000000",24.0601119995117
"WC","2026-08-09T21:00:00.000000",24.134033203125
"WC","2026-08-09T22:00:00.000000",24.1658134460449
"WC","2026-08-09T23:00:00.000000",24.1706676483154
"WC","2026-08-10T00:00:00.000000",24.1304759979248
"WC","2026-08-10T01:00:00.000000",23.8522052764893
"WC","2026-08-10T02:00:00.000000",23.5314559936523
"WC","2026-08-10T03:00:00.000000",23.3466510772705
"WC","2026-08-10T04:00:00.000000",23.0010643005371
"WC","2026-08-10T05:00:00.000000",22.5423984527588
"WC","2026-08-10T06:00:00.000000",22.145959854126
"WC","2026-08-10T07:00:00.000000",23.0091438293457
"WC","2026-08-10T08:00:00.000000",23.7969150543213
"WC","2026-08-10T09:00:00.000000",24.0203399658203
"WC","2026-08-10T10:00:00.000000",24.0123882293701
"WC","2026-08-10T11:00:00.000000",24.0339431762695
"WC","2026-08-10T12:00:00.000000",24.0208854675293
"WC","2026-08-10T13:00:00.000000",23.9733009338379
"WC","2026-08-10T14:00:00.000000",23.5889110565186
"WC","2026-08-10T15:00:00.000000",23.3791084289551
"WC","2026-08-10T16:00:00.000000",23.2344150543213
"WC","2026-08-10T17:00:00.000000",22.9610996246338
"WC","2026-08-10T18:00:00.000000",22.6641063690186
"WC","2026-08-10T19:00:00.000000",22.7558250427246
"WC","2026-08-10T20:00:00.000000",23.9302749633789
"WC","2026-08-10T21:00:00.000000",24.2729187011719
"WC","2026-08-10T22:00:00.000000",24.349292755127
"WC","2026-08-10T23:00:00.000000",24.3898620605469
"WC","2026-08-11T00:00:00.000000",24.3975467681885
"WC","2026-08-11T01:00:00.000000",24.3773708343506
"WC","2026-08-11T02:00:00.000000",24.0965805053711
"WC","2026-08-11T03:00:00.000000",23.7018032073975
"WC","2026-08-11T04:00:00.000000",23.5016002655029
"WC","2026-08-11T05:00:00.000000",23.2018089294434
"WC","2026-08-11T06:00:00.000000",22.7131423950195
"WC","2026-08-11T07:00:00.000000",22.395133972168
"WC","2026-08-11T08:00:00.000000",23.1913661956787
"WC","2026-08-11T09:00:00.000000",24.1832656860352
"WC","2026-08-11T10:00:00.000000",24.341215133667
"WC","2026-08-11T11:00:00.000000",24.3607177734375
"WC","2026-08-11T12:00:00.000000",24.364013671875
"WC","2026-08-11T13:00:00.000000",24.366174697876
"WC","2026-08-11T14:00:00.000000",24.3062610626221
"WC","2026-08-11T15:00:00.000000",23.8685722351074
"WC","2026-08-11T16:00:00.000000",23.6500663757324
"WC","2026-08-11T17:00:00.000000",23.4693775177002
"WC","2026-08-11T18:00:00.000000",23.1782646179199
"WC","2026-08-11T19:00:00.000000",22.8720054626465
"WC","2026-08-11T20:00:00.000000",23.0337142944336
"WC","2026-08-11T21:00:00.000000",24.0675315856934
"WC","2026-08-11T22:00:00.000000",24.4817028045654
"WC","2026-08-11T23:00:00.000000",24.5475940704346
"WC","2026-08-12T00:00:00.000000",24.5800952911377
"WC","2026-08-12T01:00:00.000000",24.5818424224854
"WC","2026-08-12T02:00:00.000000",24.5528373718262
"WC","2026-08-12T03:00:00.000000",24.2714557647705
"WC","2026-08-12T04:00:00.000000",23.8986530303955
"WC","2026-08-12T05:00:00.000000",23.686882019043
"WC","2026-08-12T06:00:00.000000",23.3198852539062
"WC","2026-08-12T07:00:00.000000",22.8429870605469
"WC","2026-08-12T08:00:00.000000",22.6601848602295
"WC","2026-08-12T09:00:00.000000",23.5893974304199
"WC","2026-08-12T10:00:00.000000",24.3257255554199
"WC","2026-08-12T11:00:00.000000",24.4400901794434
"WC","2026-08-12T12:00:00.000000",24.4262619018555
"WC","2026-08-12T13:00:00.000000",24.4197101593018
"WC","2026-08-12T14:00:00.000000",24.4010181427002
"WC","2026-08-12T15:00:00.000000",24.3785934448242
"WC","2026-08-12T16:00:00.000000",23.9557838439941
"WC","2026-08-12T17:00:00.000000",23.7480125427246
"WC","2026-08-12T18:00:00.000000",23.515697479248
"WC","2026-08-12T19:00:00.000000",23.0986595153809
"WC","2026-08-12T20:00:00.000000",22.6853485107422
"WC","2026-08-12T21:00:00.000000",22.9788360595703
"WC","2026-08-12T22:00:00.000000",24.3633689880371
"WC","2026-08-12T23:00:00.000000",24.5813255310059
"WC","2026-08-13T00:00:00.000000",24.6225452423096
"WC","2026-08-13T01:00:00.000000",24.6490516662598
"WC","2026-08-13T02:00:00.000000",24.6445140838623
"WC","2026-08-13T03:00:00.000000",24.604907989502
"WC","2026-08-13T04:00:00.000000",24.0956726074219
"WC","2026-08-13T05:00:00.000000",23.790807723999
"WC","2026-08-13T06:00:00.000000",23.5487461090088
"WC","2026-08-13T07:00:00.000000",23.1591892242432
"WC","2026-08-13T08:00:00.000000",22.6066436767578
"WC","2026-08-13T09:00:00.000000",22.4370784759521
"WC","2026-08-13T10:00:00.000000",23.7303657531738
"WC","2026-08-13T11:00:00.000000",24.4620170593262
"WC","2026-08-13T12:00:00.000000",24.5588874816895
"WC","2026-08-13T13:00:00.000000",24.5869407653809
"WC","2026-08-13T14:00:00.000000",24.5836753845215
"WC","2026-08-13T15:00:00.000000",24.5829811096191
"WC","2026-08-13T16:00:00.000000",24.357780456543
"WC","2026-08-13T17:00:00.000000",23.8315391540527
"WC","2026-08-13T18:00:00.000000",23.6594524383545
"WC","2026-08-13T19:00:00.000000",23.3898677825928
"WC","2026-08-13T20:00:00.000000",22.9059009552002
"WC","2026-08-13T21:00:00.000000",22.5464401245117
"WC","2026-08-13T22:00:00.000000",23.0875339508057
"WC","2026-08-13T23:00:00.000000",24.51953125
"WC","2026-08-14T00:00:00.000000",24.6609210968018
"WC","2026-08-14T01:00:00.000000",24.6871013641357
"WC","2026-08-14T02:00:00.000000",24.7040157318115
"WC","2026-08-14T03:00:00.000000",24.6800975799561
"WC","2026-08-14T04:00:00.000000",24.5816631317139
"WC","2026-08-14T05:00:00.000000",24.0440483093262
"WC","2026-08-14T06:00:00.000000",23.8099689483643
"WC","2026-08-14T07:00:00.000000",23.5875453948975
"WC","2026-08-14T08:00:00.000000",23.2016925811768
"WC","2026-08-14T09:00:00.000000",22.6686058044434
"WC","2026-08-14T10:00:00.000000",22.6205520629883
"WC","2026-08-14T11:00:00.000000",24.128116607666
"WC","2026-08-14T12:00:00.000000",24.5383701324463
"WC","2026-08-14T13:00:00.000000",24.5374794006348
"WC","2026-08-14T14:00:00.000000",24.5312061309814
"WC","2026-08-14T15:00:00.000000",24.5163631439209
"WC","2026-08-14T16:00:00.000000",24.4795360565186
"WC","2026-08-14T17:00:00.000000",24.230411529541
"WC","2026-08-14T18:00:00.000000",23.8324451446533
"WC","2026-08-14T19:00:00.000000",23.6663093566895
"WC","2026-08-14T20:00:00.000000",23.3141021728516
"WC","2026-08-14T21:00:00.000000",22.7516345977783
"WC","2026-08-14T22:00:00.000000",22.429573059082
"WC","2026-08-14T23:00:00.000000",23.3578624725342
"WC","2026-08-15T00:00:00.000000",24.4143180847168
"WC","2026-08-15T01:00:00.000000",24.5023593902588
"WC","2026-08-15T02:00:00.000000",24.5146198272705
"WC","2026-08-15T03:00:00.000000",24.522310256958
"WC","2026-08-15T04:00:00.000000",24.485559463501
"WC","2026-08-15T05:00:00.000000",24.3132152557373
"WC","2026-08-15T06:00:00.000000",23.7917804718018
"WC","2026-08-15T07:00:00.000000",23.5914173126221
"WC","2026-08-15T08:00:00.000000",23.1679077148438
"WC","2026-08-15T09:00:00.000000",22.4409275054932
"WC","2026-08-15T10:00:00.000000",21.8439903259277
"WC","2026-08-15T11:00:00.000000",22.1000804901123
"WC","2026-08-15T12:00:00.000000",24.0511226654053
"WC","2026-08-15T13:00:00.000000",24.2887439727783
"WC","2026-08-15T14:00:00.000000",24.3227119445801
"WC","2026-08-15T15:00:00.000000",24.3471717834473
"WC","2026-08-15T16:00:00.000000",24.3351745605469
"WC","2026-08-15T17:00:00.000000",24.2336158752441
"WC","2026-08-15T18:00:00.000000",23.7428436279297
"WC","2026-08-15T19:00:00.000000",23.4720439910889
"WC","2026-08-15T20:00:00.000000",23.1832847595215
"WC","2026-08-15T21:00:00.000000",22.6211204528809
"WC","2026-08-15T22:00:00.000000",21.9988880157471
"WC","2026-08-15T23:00:00.000000",21.7065467834473
"WC","2026-08-16T00:00:00.000000",23.2380638122559
"WC","2026-08-16T01:00:00.000000",24.128791809082
"WC","2026-08-16T02:00:00.000000",24.219877243042
"WC","2026-08-16T03:00:00.000000",24.2700023651123
"WC","2026-08-16T04:00:00.000000",24.291561126709
"WC","2026-08-16T05:00:00.000000",24.246244430542
"WC","2026-08-16T06:00:00.000000",23.8652000427246
"WC","2026-08-16T07:00:00.000000",23.4530086517334
"WC","2026-08-16T08:00:00.000000",23.2898464202881
"WC","2026-08-16T09:00:00.000000",22.999885559082
"WC","2026-08-16T10:00:00.000000",22.6260776519775
"WC","2026-08-16T11:00:00.000000",22.3622856140137
"WC","2026-08-16T12:00:00.000000",23.2121658325195
"WC","2026-08-16T13:00:00.000000",24.2591876983643
"WC","2026-08-16T14:00:00.000000",24.3569087982178
"WC","2026-08-16T15:00:00.000000",24.3792858123779
"WC","2026-08-16T16:00:00.000000",24.3904895782471
"WC","2026-08-16T17:00:00.000000",24.3620109558105
"WC","2026-08-16T18:00:00.000000",24.2425861358643
"WC","2026-08-16T19:00:00.000000",23.9039001464844
"WC","2026-08-16T20:00:00.000000",23.7322635650635
"WC","2026-08-16T21:00:00.000000",23.5436744689941
"WC","2026-08-16T22:00:00.000000",23.2858276367188
"WC","2026-08-16T23:00:00.000000",22.9603595733643
"WC","2026-08-17T00:00:00.000000",23.377124786377
"WI","2026-08-09T00:00:00.000000",23.5429172515869
"WI","2026-08-09T01:00:00.000000",23.5984077453613
"WI","2026-08-09T02:00:00.000000",23.670768737793
"WI","2026-08-09T03:00:00.000000",23.6450881958008
"WI","2026-08-09T04:00:00.000000",23.8249492645264
"WI","2026-08-09T05:00:00.000000",23.8813762664795
"WI","2026-08-09T06:00:00.000000",23.8982677459717
"WI","2026-08-09T07:00:00.000000",23.9000473022461
"WI","2026-08-09T08:00:00.000000",23.9050102233887
"WI","2026-08-09T09:00:00.000000",23.865104675293
"WI","2026-08-09T10:00:00.000000",23.7934913635254
"WI","2026-08-09T11:00:00.000000",23.7044563293457
"WI","2026-08-09T12:00:00.000000",23.7365550994873
"WI","2026-08-09T13:00:00.000000",23.7681064605713
"WI","2026-08-09T14:00:00.000000",23.8848762512207
"WI","2026-08-09T15:00:00.000000",23.9427719116211
"WI","2026-08-09T16:00:00.000000",23.8718299865723
"WI","2026-08-09T17:00:00.000000",24.0057353973389
"WI","2026-08-09T18:00:00.000000",24.0398101806641
"WI","2026-08-09T19:00:00.000000",24.0071868896484
"WI","2026-08-09T20:00:00.000000",23.9828395843506
"WI","2026-08-09T21:00:00.000000",24.0182418823242
"WI","2026-08-09T22:00:00.000000",23.9945678710938
"WI","2026-08-09T23:00:00.000000",23.8265895843506
"WI","2026-08-10T00:00:00.000000",23.8190689086914
"WI","2026-08-10T01:00:00.000000",23.8951835632324
"WI","2026-08-10T02:00:00.000000",23.9593849182129
"WI","2026-08-10T03:00:00.000000",23.991361618042
"WI","2026-08-10T04:00:00.000000",24.0440425872803
"WI","2026-08-10T05:00:00.000000",24.0253582000732
"WI","2026-08-10T06:00:00.000000",24.1393489837646
"WI","2026-08-10T07:00:00.000000",24.1232147216797
"WI","2026-08-10T08:00:00.000000",24.085319519043
"WI","2026-08-10T09:00:00.000000",24.1019687652588
"WI","2026-08-10T10:00:00.000000",24.0913791656494
"WI","2026-08-10T11:00:00.000000",24.0544281005859
"WI","2026-08-10T12:00:00.000000",24.098913192749
"WI","2026-08-10T13:00:00.000000",24.1598205566406
"WI","2026-08-10T14:00:00.000000",24.2261409759521
"WI","2026-08-10T15:00:00.000000",24.1972312927246
"WI","2026-08-10T16:00:00.000000",24.2010402679443
"WI","2026-08-10T17:00:00.000000",24.2471981048584
"WI","2026-08-10T18:00:00.000000",24.2309684753418
"WI","2026-08-10T19:00:00.000000",24.2221298217773
"WI","2026-08-10T20:00:00.000000",24.2194976806641
"WI","2026-08-10T21:00:00.000000",24.1932697296143
"WI","2026-08-10T22:00:00.000000",24.1896877288818
"WI","2026-08-10T23:00:00.000000",24.2300033569336
"WI","2026-08-11T00:00:00.000000",24.2886428833008
"WI","2026-08-11T01:00:00.000000",24.2907218933105
"WI","2026-08-11T02:00:00.000000",24.2896709442139
"WI","2026-08-11T03:00:00.000000",24.3126106262207
"WI","2026-08-11T04:00:00.000000",24.282299041748
"WI","2026-08-11T05:00:00.000000",24.2981452941895
"WI","2026-08-11T06:00:00.000000",24.2994766235352
"WI","2026-08-11T07:00:00.000000",24.304386138916
"WI","2026-08-11T08:00:00.000000",24.3178119659424
"WI","2026-08-11T09:00:00.000000",24.2983779907227
"WI","2026-08-11T10:00:00.000000",24.2896995544434
"WI","2026-08-11T11:00:00.000000",24.3147468566895
"WI","2026-08-11T12:00:00.000000",24.3192844390869
"WI","2026-08-11T13:00:00.000000",24.2451400756836
"WI","2026-08-11T14:00:00.000000",24.2964420318604
"WI","2026-08-11T15:00:00.000000",24.3543834686279
"WI","2026-08-11T16:00:00.000000",24.3709201812744
"WI","2026-08-11T17:00:00.000000",24.3611068725586
"WI","2026-08-11T18:00:00.000000",24.361930847168
"WI","2026-08-11T19:00:00.000000",24.3853454589844
"WI","2026-08-11T20:00:00.000000",24.3967761993408
"WI","2026-08-11T21:00:00.000000",24.3756999969482
"WI","2026-08-11T22:00:00.000000",24.4012451171875
"WI","2026-08-11T23:00:00.000000",24.378002166748
"WI","2026-08-12T00:00:00.000000",24.2735500335693
"WI","2026-08-12T01:00:00.000000",24.1930694580078
"WI","2026-08-12T02:00:00.000000",24.2428531646729
"WI","2026-08-12T03:00:00.000000",24.3517684936523
"WI","2026-08-12T04:00:00.000000",24.436975479126
"WI","2026-08-12T05:00:00.000000",24.474609375
"WI","2026-08-12T06:00:00.000000",24.4603538513184
"WI","2026-08-12T07:00:00.000000",24.4546241760254
"WI","2026-08-12T08:00:00.000000",24.3864803314209
"WI","2026-08-12T09:00:00.000000",24.2333030700684
"WI","2026-08-12T10:00:00.000000",24.1496982574463
"WI","2026-08-12T11:00:00.000000",24.1579895019531
"WI","2026-08-12T12:00:00.000000",24.2266597747803
"WI","2026-08-12T13:00:00.000000",24.3354454040527
"WI","2026-08-12T14:00:00.000000",24.4306449890137
"WI","2026-08-12T15:00:00.000000",24.517786026001
"WI","2026-08-12T16:00:00.000000",24.5636615753174
"WI","2026-08-12T17:00:00.000000",24.442346572876
"WI","2026-08-12T18:00:00.000000",24.4504985809326
"WI","2026-08-12T19:00:00.000000",24.5332107543945
"WI","2026-08-12T20:00:00.000000",24.3350734710693
"WI","2026-08-12T21:00:00.000000",24.2635917663574
"WI","2026-08-12T22:00:00.000000",24.2596683502197
"WI","2026-08-12T23:00:00.000000",24.2028903961182
"WI","2026-08-13T00:00:00.000000",24.2486095428467
"WI","2026-08-13T01:00:00.000000",24.4116706848145
"WI","2026-08-13T02:00:00.000000",24.5496940612793
"WI","2026-08-13T03:00:00.000000",24.602840423584
"WI","2026-08-13T04:00:00.000000",24.630558013916
"WI","2026-08-13T05:00:00.000000",24.6031951904297
"WI","2026-08-13T06:00:00.000000",24.4402446746826
"WI","2026-08-13T07:00:00.000000",24.5382499694824
"WI","2026-08-13T08:00:00.000000",24.6116390228271
"WI","2026-08-13T09:00:00.000000",24.4344577789307
"WI","2026-08-13T10:00:00.000000",24.3575229644775
"WI","2026-08-13T11:00:00.000000",24.2950267791748
"WI","2026-08-13T12:00:00.000000",24.2958145141602
"WI","2026-08-13T13:00:00.000000",24.4230766296387
"WI","2026-08-13T14:00:00.000000",24.4405670166016
"WI","2026-08-13T15:00:00.000000",24.4574375152588
"WI","2026-08-13T16:00:00.000000",24.5177154541016
"WI","2026-08-13T17:00:00.000000",24.563362121582
"WI","2026-08-13T18:00:00.000000",24.4467868804932
"WI","2026-08-13T19:00:00.000000",24.4457511901855
"WI","2026-08-13T20:00:00.000000",24.4827117919922
"WI","2026-08-13T21:00:00.000000",24.4458866119385
"WI","2026-08-13T22:00:00.000000",24.3716907501221
"WI","2026-08-13T23:00:00.000000",24.3250522613525
"WI","2026-08-14T00:00:00.000000",24.3230476379395
"WI","2026-08-14T01:00:00.000000",24.3421897888184
"WI","2026-08-14T02:00:00.000000",24.3446655273438
"WI","2026-08-14T03:00:00.000000",24.3001441955566
"WI","2026-08-14T04:00:00.000000",24.3658638000488
"WI","2026-08-14T05:00:00.000000",24.4497470855713
"WI","2026-08-14T06:00:00.000000",24.4797897338867
"WI","2026-08-14T07:00:00.000000",24.5171985626221
"WI","2026-08-14T08:00:00.000000",24.478816986084
"WI","2026-08-14T09:00:00.000000",24.4952526092529
"WI","2026-08-14T10:00:00.000000",24.3937587738037
"WI","2026-08-14T11:00:00.000000",24.3259258270264
"WI","2026-08-14T12:00:00.000000",24.3081092834473
"WI","2026-08-14T13:00:00.000000",24.3223667144775
"WI","2026-08-14T14:00:00.000000",24.3146934509277
"WI","2026-08-14T15:00:00.000000",24.3204250335693
"WI","2026-08-14T16:00:00.000000",24.4305362701416
"WI","2026-08-14T17:00:00.000000",24.5480403900146
"WI","2026-08-14T18:00:00.000000",24.5718955993652
"WI","2026-08-14T19:00:00.000000",24.4848136901855
"WI","2026-08-14T20:00:00.000000",24.4619388580322
"WI","2026-08-14T21:00:00.000000",24.5305709838867
"WI","2026-08-14T22:00:00.000000",24.466625213623
"WI","2026-08-14T23:00:00.000000",24.313907623291
"WI","2026-08-15T00:00:00.000000",24.2545013427734
"WI","2026-08-15T01:00:00.000000",24.2262554168701
"WI","2026-08-15T02:00:00.000000",24.3218765258789
"WI","2026-08-15T03:00:00.000000",24.4244785308838
"WI","2026-08-15T04:00:00.000000",24.4479999542236
"WI","2026-08-15T05:00:00.000000",24.4800567626953
"WI","2026-08-15T06:00:00.000000",24.5300731658936
"WI","2026-08-15T07:00:00.000000",24.5281848907471
"WI","2026-08-15T08:00:00.000000",24.5003261566162
"WI","2026-08-15T09:00:00.000000",24.5323886871338
"WI","2026-08-15T10:00:00.000000",24.366756439209
"WI","2026-08-15T11:00:00.000000",24.1903648376465
"WI","2026-08-15T12:00:00.000000",24.2100524902344
"WI","2026-08-15T13:00:00.000000",24.1660861968994
"WI","2026-08-15T14:00:00.000000",24.1731910705566
"WI","2026-08-15T15:00:00.000000",24.2932777404785
"WI","2026-08-15T16:00:00.000000",24.3886528015137
"WI","2026-08-15T17:00:00.000000",24.5169887542725
"WI","2026-08-15T18:00:00.000000",24.5810432434082
"WI","2026-08-15T19:00:00.000000",24.5616989135742
"WI","2026-08-15T20:00:00.000000",24.3848476409912
"WI","2026-08-15T21:00:00.000000",24.5655250549316
"WI","2026-08-15T22:00:00.000000",24.62034034729
"WI","2026-08-15T23:00:00.000000",24.297233581543
"WI","2026-08-16T00:00:00.000000",24.2032985687256
"WI","2026-08-16T01:00:00.000000",24.1505298614502
"WI","2026-08-16T02:00:00.000000",24.1282253265381
"WI","2026-08-16T03:00:00.000000",24.2800712585449
"WI","2026-08-16T04:00:00.000000",24.4757347106934
"WI","2026-08-16T05:00:00.000000",24.5642623901367
"WI","2026-08-16T06:00:00.000000",24.6134662628174
"WI","2026-08-16T07:00:00.000000",24.6284980773926
"WI","2026-08-16T08:00:00.000000",24.3912734985352
"WI","2026-08-16T09:00:00.000000",24.4011344909668
"WI","2026-08-16T10:00:00.000000",24.4235858917236
"WI","2026-08-16T11:00:00.000000",24.4162349700928
"WI","2026-08-16T12:00:00.000000",24.2337284088135
"WI","2026-08-16T13:00:00.000000",24.1539192199707
"WI","2026-08-16T14:00:00.000000",24.1251220703125
"WI","2026-08-16T15:00:00.000000",24.1845092773438
"WI","2026-08-16T16:00:00.000000",24.0776672363281
"WI","2026-08-16T17:00:00.000000",23.8350791931152
"WI","2026-08-16T18:00:00.000000",23.9172496795654
"WI","2026-08-16T19:00:00.000000",24.0145950317383
"WI","2026-08-16T20:00:00.000000",24.0587062835693
"WI","2026-08-16T21:00:00.000000",24.0916786193848
"WI","2026-08-16T22:00:00.000000",24.0923480987549
"WI","2026-08-16T23:00:00.000000",24.0888023376465
"WI","2026-08-17T00:00:00.000000",24.1063270568848
