"site_id","time","temp"
"AQ","2026-08-18T00:00:00.000000",18.2681579589844
"AQ","2026-08-18T01:00:00.000000",18.2784633636475
"AQ","2026-08-18T02:00:00.000000",18.261079788208
"AQ","2026-08-18T03:00:00.000000",18.2114143371582
"AQ","2026-08-18T04:00:00.000000",18.098876953125
"AQ","2026-08-18T05:00:00.000000",17.9033164978027
"AQ","2026-08-18T06:00:00.000000",17.720422744751
"AQ","2026-08-18T07:00:00.000000",17.5623779296875
"AQ","2026-08-18T08:00:00.000000",17.4678173065186
"AQ","2026-08-18T09:00:00.000000",17.4209365844727
"AQ","2026-08-18T10:00:00.000000",17.4086742401123
"AQ","2026-08-18T11:00:00.000000",17.41042137146
"AQ","2026-08-18T12:00:00.000000",17.4271755218506
"AQ","2026-08-18T13:00:00.000000",17.460018157959
"AQ","2026-08-18T14:00:00.000000",17.4858360290527
"AQ","2026-08-18T15:00:00.000000",17.4513530731201
"AQ","2026-08-18T16:00:00.000000",17.2796745300293
"AQ","2026-08-18T17:00:00.000000",17.0290088653564
"AQ","2026-08-18T18:00:00.000000",16.7359390258789
"AQ","2026-08-18T19:00:00.000000",16.4946231842041
"AQ","2026-08-18T20:00:00.000000",16.3422107696533
"AQ","2026-08-18T21:00:00.000000",16.2797088623047
"AQ","2026-08-18T22:00:00.000000",16.2905559539795
"AQ","2026-08-18T23:00:00.000000",16.3128299713135
"AQ","2026-08-19T00:00:00.000000",16.343297958374
"AQ","2026-08-19T01:00:00.000000",16.3999404907227
"AQ","2026-08-19T02:00:00.000000",16.5121288299561
"AQ","2026-08-19T03:00:00.000000",16.6314525604248
"AQ","2026-08-19T04:00:00.000000",16.7501277923584
"AQ","2026-08-19T05:00:00.000000",16.7429828643799
"AQ","2026-08-19T06:00:00.000000",16.5389175415039
"AQ","2026-08-19T07:00:00.000000",16.3005523681641
"AQ","2026-08-19T08:00:00.000000",16.1392059326172
"AQ","2026-08-19T09:00:00.000000",16.0508937835693
"AQ","2026-08-19T10:00:00.000000",16.0470447540283
"AQ","2026-08-19T11:00:00.000000",16.0509624481201
"AQ","2026-08-19T12:00:00.000000",16.0512104034424
"AQ","2026-08-19T13:00:00.000000",16.0501651763916
"AQ","2026-08-19T14:00:00.000000",16.0634136199951
"AQ","2026-08-19T15:00:00.000000",16.1303024291992
"AQ","2026-08-19T16:00:00.000000",16.2423152923584
"AQ","2026-08-19T17:00:00.000000",16.2651214599609
"AQ","2026-08-19T18:00:00.000000",16.1567497253418
"AQ","2026-08-19T19:00:00.000000",16.0225028991699
"AQ","2026-08-19T20:00:00.000000",15.9213571548462
"AQ","2026-08-19T21:00:00.000000",15.864821434021
"AQ","2026-08-19T22:00:00.000000",15.8781213760376
"AQ","2026-08-19T23:00:00.000000",15.9262886047363
"AQ","2026-08-20T00:00:00.000000",15.9506998062134
"AQ","2026-08-20T01:00:00.000000",15.9908752441406
"AQ","2026-08-20T02:00:00.000000",16.0398826599121
"AQ","2026-08-20T03:00:00.000000",16.0983753204346
"AQ","2026-08-20T04:00:00.000000",16.1692771911621
"AQ","2026-08-20T05:00:00.000000",16.2916927337646
"AQ","2026-08-20T06:00:00.000000",16.2577896118164
"AQ","2026-08-20T07:00:00.000000",16.2001304626465
"AQ","2026-08-20T08:00:00.000000",16.1355266571045
"AQ","2026-08-20T09:00:00.000000",16.0851917266846
"AQ","2026-08-20T10:00:00.000000",16.0604782104492
"AQ","2026-08-20T11:00:00.000000",16.0638961791992
"AQ","2026-08-20T12:00:00.000000",16.0728187561035
"AQ","2026-08-20T13:00:00.000000",16.0812759399414
"AQ","2026-08-20T14:00:00.000000",16.0959186553955
"AQ","2026-08-20T15:00:00.000000",16.1152763366699
"AQ","2026-08-20T16:00:00.000000",16.1556625366211
"AQ","2026-08-20T17:00:00.000000",16.2029266357422
"AQ","2026-08-20T18:00:00.000000",16.2212085723877
"AQ","2026-08-20T19:00:00.000000",16.2087478637695
"AQ","2026-08-20T20:00:00.000000",16.2219543457031
"AQ","2026-08-20T21:00:00.000000",16.2733592987061
"AQ","2026-08-20T22:00:00.000000",16.3407745361328
"AQ","2026-08-20T23:00:00.000000",16.4205303192139
"AQ","2026-08-21T00:00:00.000000",16.5051193237305
"AQ","2026-08-21T01:00:00.000000",16.574878692627
"AQ","2026-08-21T02:00:00.000000",16.6384868621826
"AQ","2026-08-21T03:00:00.000000",16.6937198638916
"AQ","2026-08-21T04:00:00.000000",16.7593193054199
"AQ","2026-08-21T05:00:00.000000",16.8656215667725
"AQ","2026-08-21T06:00:00.000000",16.9805507659912
"AQ","2026-08-21T07:00:00.000000",16.9773902893066
"AQ","2026-08-21T08:00:00.000000",16.9282875061035
"AQ","2026-08-21T09:00:00.000000",16.871976852417
"AQ","2026-08-21T10:00:00.000000",16.8272895812988
"AQ","2026-08-21T11:00:00.000000",16.8145446777344
"AQ","2026-08-21T12:00:00.000000",16.8136024475098
"AQ","2026-08-21T13:00:00.000000",16.8182163238525
"AQ","2026-08-21T14:00:00.000000",16.8254642486572
"AQ","2026-08-21T15:00:00.000000",16.8736114501953
"AQ","2026-08-21T16:00:00.000000",16.9426555633545
"AQ","2026-08-21T17:00:00.000000",16.9673118591309
"AQ","2026-08-21T18:00:00.000000",16.988302230835
"AQ","2026-08-21T19:00:00.000000",17.0097942352295
"AQ","2026-08-21T20:00:00.000000",17.0577659606934
"AQ","2026-08-21T21:00:00.000000",17.1401920318604
"AQ","2026-08-21T22:00:00.000000",17.2493305206299
"AQ","2026-08-21T23:00:00.000000",17.2849445343018
"AQ","2026-08-22T00:00:00.000000",17.2989883422852
"AQ","2026-08-22T01:00:00.000000",17.3177394866943
"AQ","2026-08-22T02:00:00.000000",17.3328113555908
"AQ","2026-08-22T03:00:00.000000",17.340404510498
"AQ","2026-08-22T04:00:00.000000",17.3467998504639
"AQ","2026-08-22T05:00:00.000000",17.3612823486328
"AQ","2026-08-22T06:00:00.000000",17.384557723999
"AQ","2026-08-22T07:00:00.000000",17.4096412658691
"AQ","2026-08-22T08:00:00.000000",17.415454864502
"AQ","2026-08-22T09:00:00.000000",17.42848777771
"AQ","2026-08-22T10:00:00.000000",17.4358348846436
"AQ","2026-08-22T11:00:00.000000",17.4403285980225
"AQ","2026-08-22T12:00:00.000000",17.4496402740479
"AQ","2026-08-22T13:00:00.000000",17.4556789398193
"AQ","2026-08-22T14:00:00.000000",17.4578647613525
"AQ","2026-08-22T15:00:00.000000",17.4670848846436
"AQ","2026-08-22T16:00:00.000000",17.4868183135986
"AQ","2026-08-22T17:00:00.000000",17.5078601837158
"AQ","2026-08-22T18:00:00.000000",17.5253124237061
"AQ","2026-08-22T19:00:00.000000",17.5384044647217
"AQ","2026-08-22T20:00:00.000000",17.5472526550293
"AQ","2026-08-22T21:00:00.000000",17.5551528930664
"AQ","2026-08-22T22:00:00.000000",17.5597476959229
"AQ","2026-08-22T23:00:00.000000",17.563159942627
"AQ","2026-08-23T00:00:00.000000",17.5638637542725
"AQ","2026-08-23T01:00:00.000000",17.5547561645508
"AQ","2026-08-23T02:00:00.000000",17.5468864440918
"AQ","2026-08-23T03:00:00.000000",17.5404472351074
"AQ","2026-08-23T04:00:00.000000",17.5380744934082
"AQ","2026-08-23T05:00:00.000000",17.5441112518311
"AQ","2026-08-23T06:00:00.000000",17.5535583496094
"AQ","2026-08-23T07:00:00.000000",17.5607452392578
"AQ","2026-08-23T08:00:00.000000",17.5636978149414
"AQ","2026-08-23T09:00:00.000000",17.5662269592285
"AQ","2026-08-23T10:00:00.000000",17.5665607452393
"AQ","2026-08-23T11:00:00.000000",17.565221786499
"AQ","2026-08-23T12:00:00.000000",17.5639457702637
"AQ","2026-08-23T13:00:00.000000",17.5642795562744
"AQ","2026-08-23T14:00:00.000000",17.5727806091309
"AQ","2026-08-23T15:00:00.000000",17.5868606567383
"AQ","2026-08-23T16:00:00.000000",17.5957546234131
"AQ","2026-08-23T17:00:00.000000",17.6066226959229
"AQ","2026-08-23T18:00:00.000000",17.6191806793213
"AQ","2026-08-23T19:00:00.000000",17.6291809082031
"AQ","2026-08-23T20:00:00.000000",17.636251449585
"AQ","2026-08-23T21:00:00.000000",17.6344833374023
"AQ","2026-08-23T22:00:00.000000",17.6161689758301
"AQ","2026-08-23T23:00:00.000000",17.5849323272705
"AQ","2026-08-24T00:00:00.000000",17.5636177062988
"AQ","2026-08-24T01:00:00.000000",17.5543575286865
"AQ","2026-08-24T02:00:00.000000",17.5531272888184
"AQ","2026-08-24T03:00:00.000000",17.5584106445312
"AQ","2026-08-24T04:00:00.000000",17.5726127624512
"AQ","2026-08-24T05:00:00.000000",17.5924339294434
"AQ","2026-08-24T06:00:00.000000",17.6109809875488
"AQ","2026-08-24T07:00:00.000000",17.6221828460693
"AQ","2026-08-24T08:00:00.000000",17.6350650787354
"AQ","2026-08-24T09:00:00.000000",17.6430034637451
"AQ","2026-08-24T10:00:00.000000",17.6484680175781
"AQ","2026-08-24T11:00:00.000000",17.6502132415771
"AQ","2026-08-24T12:00:00.000000",17.6506824493408
"AQ","2026-08-24T13:00:00.000000",17.6513366699219
"AQ","2026-08-24T14:00:00.000000",17.6524810791016
"AQ","2026-08-24T15:00:00.000000",17.6587924957275
"AQ","2026-08-24T16:00:00.000000",17.6758670806885
"AQ","2026-08-24T17:00:00.000000",17.687744140625
"AQ","2026-08-24T18:00:00.000000",17.6910266876221
"AQ","2026-08-24T19:00:00.000000",17.6962299346924
"AQ","2026-08-24T20:00:00.000000",17.7072830200195
"AQ","2026-08-24T21:00:00.000000",17.7211799621582
"AQ","2026-08-24T22:00:00.000000",17.7315502166748
"AQ","2026-08-24T23:00:00.000000",17.7366676330566
"AQ","2026-08-25T00:00:00.000000",17.7393684387207
"AQ","2026-08-25T01:00:00.000000",17.7389106750488
"AQ","2026-08-25T02:00:00.000000",17.7356796264648
"AQ","2026-08-25T03:00:00.000000",17.7310752868652
"AQ","2026-08-25T04:00:00.000000",17.7278079986572
"AQ","2026-08-25T05:00:00.000000",17.7264976501465
"AQ","2026-08-25T06:00:00.000000",17.7279052734375
"AQ","2026-08-25T07:00:00.000000",17.7295455932617
"AQ","2026-08-25T08:00:00.000000",17.7343254089355
"AQ","2026-08-25T09:00:00.000000",17.7418785095215
"AQ","2026-08-25T10:00:00.000000",17.7409763336182
"AQ","2026-08-25T11:00:00.000000",17.6788768768311
"AQ","2026-08-25T12:00:00.000000",17.582878112793
"AQ","2026-08-25T13:00:00.000000",17.4991416931152
"AQ","2026-08-25T14:00:00.000000",17.4305973052979
"AQ","2026-08-25T15:00:00.000000",17.3936157226562
"AQ","2026-08-25T16:00:00.000000",17.3771820068359
"AQ","2026-08-25T17:00:00.000000",17.358814239502
"AQ","2026-08-25T18:00:00.000000",17.338508605957
"AQ","2026-08-25T19:00:00.000000",17.3142223358154
"AQ","2026-08-25T20:00:00.000000",17.2954292297363
"AQ","2026-08-25T21:00:00.000000",17.2624034881592
"AQ","2026-08-25T22:00:00.000000",17.1705474853516
"AQ","2026-08-25T23:00:00.000000",17.0437564849854
"AQ","2026-08-26T00:00:00.000000",16.9209327697754
"CB","2026-08-18T00:00:00.000000",15.1581382751465
"CB","2026-08-18T01:00:00.000000",15.1715078353882
"CB","2026-08-18T02:00:00.000000",15.1673917770386
"CB","2026-08-18T03:00:00.000000",15.1024684906006
"CB","2026-08-18T04:00:00.000000",15.0467128753662
"CB","2026-08-18T05:00:00.000000",14.9808511734009
"CB","2026-08-18T06:00:00.000000",14.9660968780518
"CB","2026-08-18T07:00:00.000000",14.9744892120361
"CB","2026-08-18T08:00:00.000000",14.9821548461914
"CB","2026-08-18T09:00:00.000000",15.0027799606323
"CB","2026-08-18T10:00:00.000000",15.0625267028809
"CB","2026-08-18T11:00:00.000000",15.153678894043
"CB","2026-08-18T12:00:00.000000",15.2418012619019
"CB","2026-08-18T13:00:00.000000",15.3031272888184
"CB","2026-08-18T14:00:00.000000",15.3195838928223
"CB","2026-08-18T15:00:00.000000",15.3839073181152
"CB","2026-08-18T16:00:00.000000",15.4741868972778
"CB","2026-08-18T17:00:00.000000",15.4942789077759
"CB","2026-08-18T18:00:00.000000",15.5010051727295
"CB","2026-08-18T19:00:00.000000",15.4985637664795
"CB","2026-08-18T20:00:00.000000",15.4476823806763
"CB","2026-08-18T21:00:00.000000",15.4171886444092
"CB","2026-08-18T22:00:00.000000",15.4303569793701
"CB","2026-08-18T23:00:00.000000",15.4469375610352
"CB","2026-08-19T00:00:00.000000",15.5060529708862
"CB","2026-08-19T01:00:00.000000",15.63596534729
"CB","2026-08-19T02:00:00.000000",15.6573457717896
"CB","2026-08-19T03:00:00.000000",15.6188068389893
"CB","2026-08-19T04:00:00.000000",15.5089445114136
"CB","2026-08-19T05:00:00.000000",15.3646068572998
"CB","2026-08-19T06:00:00.000000",15.266993522644
"CB","2026-08-19T07:00:00.000000",15.2484149932861
"CB","2026-08-19T08:00:00.000000",15.2650623321533
"CB","2026-08-19T09:00:00.000000",15.2882623672485
"CB","2026-08-19T10:00:00.000000",15.3705682754517
"CB","2026-08-19T11:00:00.000000",15.5443916320801
"CB","2026-08-19T12:00:00.000000",15.7541599273682
"CB","2026-08-19T13:00:00.000000",15.9216156005859
"CB","2026-08-19T14:00:00.000000",16.0127124786377
"CB","2026-08-19T15:00:00.000000",16.0254573822021
"CB","2026-08-19T16:00:00.000000",16.0917911529541
"CB","2026-08-19T17:00:00.000000",16.1653690338135
"CB","2026-08-19T18:00:00.000000",16.1210346221924
"CB","2026-08-19T19:00:00.000000",15.9395608901978
"CB","2026-08-19T20:00:00.000000",15.8272542953491
"CB","2026-08-19T21:00:00.000000",15.6557970046997
"CB","2026-08-19T22:00:00.000000",15.5266418457031
"CB","2026-08-19T23:00:00.000000",15.4430150985718
"CB","2026-08-20T00:00:00.000000",15.3977451324463
"CB","2026-08-20T01:00:00.000000",15.3613033294678
"CB","2026-08-20T02:00:00.000000",15.3525228500366
"CB","2026-08-20T03:00:00.000000",15.327374458313
"CB","2026-08-20T04:00:00.000000",15.2495756149292
"CB","2026-08-20T05:00:00.000000",15.0993795394897
"CB","2026-08-20T06:00:00.000000",15.0189371109009
"CB","2026-08-20T07:00:00.000000",14.9634265899658
"CB","2026-08-20T08:00:00.000000",15.0094032287598
"CB","2026-08-20T09:00:00.000000",15.0532999038696
"CB","2026-08-20T10:00:00.000000",15.1198806762695
"CB","2026-08-20T11:00:00.000000",15.2517890930176
"CB","2026-08-20T12:00:00.000000",15.4318380355835
"CB","2026-08-20T13:00:00.000000",15.5368547439575
"CB","2026-08-20T14:00:00.000000",15.652138710022
"CB","2026-08-20T15:00:00.000000",15.710036277771
"CB","2026-08-20T16:00:00.000000",15.7499485015869
"CB","2026-08-20T17:00:00.000000",15.7929439544678
"CB","2026-08-20T18:00:00.000000",15.8409652709961
"CB","2026-08-20T19:00:00.000000",15.9065160751343
"CB","2026-08-20T20:00:00.000000",15.9920787811279
"CB","2026-08-20T21:00:00.000000",16.0904350280762
"CB","2026-08-20T22:00:00.000000",16.1610164642334
"CB","2026-08-20T23:00:00.000000",16.2144069671631
"CB","2026-08-21T00:00:00.000000",16.2855186462402
"CB","2026-08-21T01:00:00.000000",16.3671226501465
"CB","2026-08-21T02:00:00.000000",16.4598598480225
"CB","2026-08-21T03:00:00.000000",16.5745296478271
"CB","2026-08-21T04:00:00.000000",16.6619892120361
"CB","2026-08-21T05:00:00.000000",16.6887130737305
"CB","2026-08-21T06:00:00.000000",16.7560787200928
"CB","2026-08-21T07:00:00.000000",16.8125743865967
"CB","2026-08-21T08:00:00.000000",16.8316669464111
"CB","2026-08-21T09:00:00.000000",16.8434410095215
"CB","2026-08-21T10:00:00.000000",16.8726921081543
"CB","2026-08-21T11:00:00.000000",16.8928470611572
"CB","2026-08-21T12:00:00.000000",16.9148368835449
"CB","2026-08-21T13:00:00.000000",16.9336051940918
"CB","2026-08-21T14:00:00.000000",16.959939956665
"CB","2026-08-21T15:00:00.000000",16.9942436218262
"CB","2026-08-21T16:00:00.000000",17.0154571533203
"CB","2026-08-21T17:00:00.000000",17.0237503051758
"CB","2026-08-21T18:00:00.000000",17.0396213531494
"CB","2026-08-21T19:00:00.000000",17.09010887146
"CB","2026-08-21T20:00:00.000000",17.1443042755127
"CB","2026-08-21T21:00:00.000000",17.1923503875732
"CB","2026-08-21T22:00:00.000000",17.2324123382568
"CB","2026-08-21T23:00:00.000000",17.2534599304199
"CB","2026-08-22T00:00:00.000000",17.2629661560059
"CB","2026-08-22T01:00:00.000000",17.2603340148926
"CB","2026-08-22T02:00:00.000000",17.2520046234131
"CB","2026-08-22T03:00:00.000000",17.2420978546143
"CB","2026-08-22T04:00:00.000000",17.2348747253418
"CB","2026-08-22T05:00:00.000000",17.2351989746094
"CB","2026-08-22T06:00:00.000000",17.2473373413086
"CB","2026-08-22T07:00:00.000000",17.2839660644531
"CB","2026-08-22T08:00:00.000000",17.3389720916748
"CB","2026-08-22T09:00:00.000000",17.372673034668
"CB","2026-08-22T10:00:00.000000",17.3870143890381
"CB","2026-08-22T11:00:00.000000",17.3834438323975
"CB","2026-08-22T12:00:00.000000",17.3657283782959
"CB","2026-08-22T13:00:00.000000",17.34983253479
"CB","2026-08-22T14:00:00.000000",17.33154296875
"CB","2026-08-22T15:00:00.000000",17.3034534454346
"CB","2026-08-22T16:00:00.000000",17.2802963256836
"CB","2026-08-22T17:00:00.000000",17.2714023590088
"CB","2026-08-22T18:00:00.000000",17.2711372375488
"CB","2026-08-22T19:00:00.000000",17.2758541107178
"CB","2026-08-22T20:00:00.000000",17.2838172912598
"CB","2026-08-22T21:00:00.000000",17.2955989837646
"CB","2026-08-22T22:00:00.000000",17.3104152679443
"CB","2026-08-22T23:00:00.000000",17.3213882446289
"CB","2026-08-23T00:00:00.000000",17.3289241790771
"CB","2026-08-23T01:00:00.000000",17.33131980896
"CB","2026-08-23T02:00:00.000000",17.3257293701172
"CB","2026-08-23T03:00:00.000000",17.3118419647217
"CB","2026-08-23T04:00:00.000000",17.2959976196289
"CB","2026-08-23T05:00:00.000000",17.2844314575195
"CB","2026-08-23T06:00:00.000000",17.2821502685547
"CB","2026-08-23T07:00:00.000000",17.287389755249
"CB","2026-08-23T08:00:00.000000",17.2917575836182
"CB","2026-08-23T09:00:00.000000",17.2940711975098
"CB","2026-08-23T10:00:00.000000",17.2942886352539
"CB","2026-08-23T11:00:00.000000",17.2967662811279
"CB","2026-08-23T12:00:00.000000",17.3022270202637
"CB","2026-08-23T13:00:00.000000",17.3128814697266
"CB","2026-08-23T14:00:00.000000",17.3174438476562
"CB","2026-08-23T15:00:00.000000",17.3105430603027
"CB","2026-08-23T16:00:00.000000",17.3058624267578
"CB","2026-08-23T17:00:00.000000",17.3055229187012
"CB","2026-08-23T18:00:00.000000",17.3072357177734
"CB","2026-08-23T19:00:00.000000",17.3104839324951
"CB","2026-08-23T20:00:00.000000",17.314998626709
"CB","2026-08-23T21:00:00.000000",17.3182430267334
"CB","2026-08-23T22:00:00.000000",17.3214340209961
"CB","2026-08-23T23:00:00.000000",17.3263835906982
"CB","2026-08-24T00:00:00.000000",17.3356037139893
"CB","2026-08-24T01:00:00.000000",17.3540458679199
"CB","2026-08-24T02:00:00.000000",17.3692893981934
"CB","2026-08-24T03:00:00.000000",17.3780479431152
"CB","2026-08-24T04:00:00.000000",17.3824844360352
"CB","2026-08-24T05:00:00.000000",17.3784618377686
"CB","2026-08-24T06:00:00.000000",17.3727264404297
"CB","2026-08-24T07:00:00.000000",17.3719387054443
"CB","2026-08-24T08:00:00.000000",17.3832340240479
"CB","2026-08-24T09:00:00.000000",17.3886241912842
"CB","2026-08-24T10:00:00.000000",17.394962310791
"CB","2026-08-24T11:00:00.000000",17.398265838623
"CB","2026-08-24T12:00:00.000000",17.4037399291992
"CB","2026-08-24T13:00:00.000000",17.4116039276123
"CB","2026-08-24T14:00:00.000000",17.4221820831299
"CB","2026-08-24T15:00:00.000000",17.4267807006836
"CB","2026-08-24T16:00:00.000000",17.4252147674561
"CB","2026-08-24T17:00:00.000000",17.4244060516357
"CB","2026-08-24T18:00:00.000000",17.4247245788574
"CB","2026-08-24T19:00:00.000000",17.4268817901611
"CB","2026-08-24T20:00:00.000000",17.4314765930176
"CB","2026-08-24T21:00:00.000000",17.4366779327393
"CB","2026-08-24T22:00:00.000000",17.4351005554199
"CB","2026-08-24T23:00:00.000000",17.415771484375
"CB","2026-08-25T00:00:00.000000",17.3711166381836
"CB","2026-08-25T01:00:00.000000",17.3684234619141
"CB","2026-08-25T02:00:00.000000",17.3847503662109
"CB","2026-08-25T03:00:00.000000",17.411283493042
"CB","2026-08-25T04:00:00.000000",17.4323139190674
"CB","2026-08-25T05:00:00.000000",17.4472198486328
"CB","2026-08-25T06:00:00.000000",17.4548950195312
"CB","2026-08-25T07:00:00.000000",17.4579219818115
"CB","2026-08-25T08:00:00.000000",17.4556636810303
"CB","2026-08-25T09:00:00.000000",17.4679641723633
"CB","2026-08-25T10:00:00.000000",17.4771499633789
"CB","2026-08-25T11:00:00.000000",17.4818897247314
"CB","2026-08-25T12:00:00.000000",17.4841842651367
"CB","2026-08-25T13:00:00.000000",17.4870738983154
"CB","2026-08-25T14:00:00.000000",17.4917812347412
"CB","2026-08-25T15:00:00.000000",17.5001792907715
"CB","2026-08-25T16:00:00.000000",17.5073757171631
"CB","2026-08-25T17:00:00.000000",17.512622833252
"CB","2026-08-25T18:00:00.000000",17.5180835723877
"CB","2026-08-25T19:00:00.000000",17.5211410522461
"CB","2026-08-25T20:00:00.000000",17.5229644775391
"CB","2026-08-25T21:00:00.000000",17.526819229126
"CB","2026-08-25T22:00:00.000000",17.5391597747803
"CB","2026-08-25T23:00:00.000000",17.5417900085449
"CB","2026-08-26T00:00:00.000000",17.5422267913818
"CI","2026-08-18T00:00:00.000000",18.1553573608398
"CI","2026-08-18T01:00:00.000000",18.3312206268311
"CI","2026-08-18T02:00:00.000000",18.2978210449219
"CI","2026-08-18T03:00:00.000000",17.9755744934082
"CI","2026-08-18T04:00:00.000000",17.5142707824707
"CI","2026-08-18T05:00:00.000000",16.2395915985107
"CI","2026-08-18T06:00:00.000000",15.2440118789673
"CI","2026-08-18T07:00:00.000000",14.8299446105957
"CI","2026-08-18T08:00:00.000000",14.8445377349854
"CI","2026-08-18T09:00:00.000000",15.655686378479
"CI","2026-08-18T10:00:00.000000",16.750150680542
"CI","2026-08-18T11:00:00.000000",17.5196857452393
"CI","2026-08-18T12:00:00.000000",17.8559379577637
"CI","2026-08-18T13:00:00.000000",18.0753059387207
"CI","2026-08-18T14:00:00.000000",18.1629428863525
"CI","2026-08-18T15:00:00.000000",17.801887512207
"CI","2026-08-18T16:00:00.000000",17.1852169036865
"CI","2026-08-18T17:00:00.000000",16.2076072692871
"CI","2026-08-18T18:00:00.000000",15.5092306137085
"CI","2026-08-18T19:00:00.000000",15.2421293258667
"CI","2026-08-18T20:00:00.000000",15.2471923828125
"CI","2026-08-18T21:00:00.000000",15.3620004653931
"CI","2026-08-18T22:00:00.000000",16.2782173156738
"CI","2026-08-18T23:00:00.000000",16.9164123535156
"CI","2026-08-19T00:00:00.000000",17.431827545166
"CI","2026-08-19T01:00:00.000000",17.6888084411621
"CI","2026-08-19T02:00:00.000000",17.8743476867676
"CI","2026-08-19T03:00:00.000000",17.6818828582764
"CI","2026-08-19T04:00:00.000000",17.3726978302002
"CI","2026-08-19T05:00:00.000000",16.9779052734375
"CI","2026-08-19T06:00:00.000000",16.3963603973389
"CI","2026-08-19T07:00:00.000000",15.945182800293
"CI","2026-08-19T08:00:00.000000",15.7604131698608
"CI","2026-08-19T09:00:00.000000",15.853572845459
"CI","2026-08-19T10:00:00.000000",16.5060958862305
"CI","2026-08-19T11:00:00.000000",17.1342906951904
"CI","2026-08-19T12:00:00.000000",17.5288772583008
"CI","2026-08-19T13:00:00.000000",17.7411060333252
"CI","2026-08-19T14:00:00.000000",17.8836154937744
"CI","2026-08-19T15:00:00.000000",17.797306060791
"CI","2026-08-19T16:00:00.000000",17.4554996490479
"CI","2026-08-19T17:00:00.000000",17.0480937957764
"CI","2026-08-19T18:00:00.000000",16.6211414337158
"CI","2026-08-19T19:00:00.000000",16.3931446075439
"CI","2026-08-19T20:00:00.000000",16.3415851593018
"CI","2026-08-19T21:00:00.000000",16.3739471435547
"CI","2026-08-19T22:00:00.000000",16.6190090179443
"CI","2026-08-19T23:00:00.000000",17.042932510376
"CI","2026-08-20T00:00:00.000000",17.3989028930664
"CI","2026-08-20T01:00:00.000000",17.6401710510254
"CI","2026-08-20T02:00:00.000000",17.8530254364014
"CI","2026-08-20T03:00:00.000000",18.0196418762207
"CI","2026-08-20T04:00:00.000000",17.8625316619873
"CI","2026-08-20T05:00:00.000000",17.6294059753418
"CI","2026-08-20T06:00:00.000000",17.4246959686279
"CI","2026-08-20T07:00:00.000000",17.0649585723877
"CI","2026-08-20T08:00:00.000000",16.6280384063721
"CI","2026-08-20T09:00:00.000000",16.3632297515869
"CI","2026-08-20T10:00:00.000000",16.5023708343506
"CI","2026-08-20T11:00:00.000000",17.1331348419189
"CI","2026-08-20T12:00:00.000000",17.6182994842529
"CI","2026-08-20T13:00:00.000000",17.8578910827637
"CI","2026-08-20T14:00:00.000000",17.9824924468994
"CI","2026-08-20T15:00:00.000000",18.0583152770996
"CI","2026-08-20T16:00:00.000000",17.8886833190918
"CI","2026-08-20T17:00:00.000000",17.6033401489258
"CI","2026-08-20T18:00:00.000000",17.2367572784424
"CI","2026-08-20T19:00:00.000000",16.7884540557861
"CI","2026-08-20T20:00:00.000000",16.4192047119141
"CI","2026-08-20T21:00:00.000000",16.2911701202393
"CI","2026-08-20T22:00:00.000000",16.3083305358887
"CI","2026-08-20T23:00:00.000000",16.6188259124756
"CI","2026-08-21T00:00:00.000000",17.2575550079346
"CI","2026-08-21T01:00:00.000000",17.6016635894775
"CI","2026-08-21T02:00:00.000000",17.8480911254883
"CI","2026-08-21T03:00:00.000000",17.9012928009033
"CI","2026-08-21T04:00:00.000000",17.9621028900146
"CI","2026-08-21T05:00:00.000000",17.6662254333496
"CI","2026-08-21T06:00:00.000000",17.4648971557617
"CI","2026-08-21T07:00:00.000000",17.2055759429932
"CI","2026-08-21T08:00:00.000000",16.9678077697754
"CI","2026-08-21T09:00:00.000000",16.7678756713867
"CI","2026-08-21T10:00:00.000000",16.7297439575195
"CI","2026-08-21T11:00:00.000000",16.7617855072021
"CI","2026-08-21T12:00:00.000000",17.0655002593994
"CI","2026-08-21T13:00:00.000000",17.3576698303223
"CI","2026-08-21T14:00:00.000000",17.5331478118896
"CI","2026-08-21T15:00:00.000000",17.6135139465332
"CI","2026-08-21T16:00:00.000000",17.6388874053955
"CI","2026-08-21T17:00:00.000000",17.5330295562744
"CI","2026-08-21T18:00:00.000000",17.3742389678955
"CI","2026-08-21T19:00:00.000000",17.1901969909668
"CI","2026-08-21T20:00:00.000000",17.1499996185303
"CI","2026-08-21T21:00:00.000000",17.1932563781738
"CI","2026-08-21T22:00:00.000000",17.2590808868408
"CI","2026-08-21T23:00:00.000000",17.2821769714355
"CI","2026-08-22T00:00:00.000000",17.2529525756836
"CI","2026-08-22T01:00:00.000000",17.3213081359863
"CI","2026-08-22T02:00:00.000000",17.4174747467041
"CI","2026-08-22T03:00:00.000000",17.4923477172852
"CI","2026-08-22T04:00:00.000000",17.5428333282471
"CI","2026-08-22T05:00:00.000000",17.5835571289062
"CI","2026-08-22T06:00:00.000000",17.5203094482422
"CI","2026-08-22T07:00:00.000000",17.44850730896
"CI","2026-08-22T08:00:00.000000",17.4225826263428
"CI","2026-08-22T09:00:00.000000",17.4421787261963
"CI","2026-08-22T10:00:00.000000",17.5525760650635
"CI","2026-08-22T11:00:00.000000",17.6268043518066
"CI","2026-08-22T12:00:00.000000",17.5632781982422
"CI","2026-08-22T13:00:00.000000",17.477783203125
"CI","2026-08-22T14:00:00.000000",17.4816284179688
"CI","2026-08-22T15:00:00.000000",17.4925727844238
"CI","2026-08-22T16:00:00.000000",17.5278587341309
"CI","2026-08-22T17:00:00.000000",17.5494022369385
"CI","2026-08-22T18:00:00.000000",17.5267353057861
"CI","2026-08-22T19:00:00.000000",17.5327587127686
"CI","2026-08-22T20:00:00.000000",17.6002559661865
"CI","2026-08-22T21:00:00.000000",17.75270652771
"CI","2026-08-22T22:00:00.000000",17.8628768920898
"CI","2026-08-22T23:00:00.000000",17.8898849487305
"CI","2026-08-23T00:00:00.000000",17.8740253448486
"CI","2026-08-23T01:00:00.000000",17.712869644165
"CI","2026-08-23T02:00:00.000000",17.6290092468262
"CI","2026-08-23T03:00:00.000000",17.5996398925781
"CI","2026-08-23T04:00:00.000000",17.595911026001
"CI","2026-08-23T05:00:00.000000",17.6153926849365
"CI","2026-08-23T06:00:00.000000",17.6268405914307
"CI","2026-08-23T07:00:00.000000",17.620512008667
"CI","2026-08-23T08:00:00.000000",17.6385192871094
"CI","2026-08-23T09:00:00.000000",17.7041206359863
"CI","2026-08-23T10:00:00.000000",17.7719345092773
"CI","2026-08-23T11:00:00.000000",17.8462467193604
"CI","2026-08-23T12:00:00.000000",17.9003791809082
"CI","2026-08-23T13:00:00.000000",17.8740730285645
"CI","2026-08-23T14:00:00.000000",17.7556667327881
"CI","2026-08-23T15:00:00.000000",17.6851654052734
"CI","2026-08-23T16:00:00.000000",17.6546001434326
"CI","2026-08-23T17:00:00.000000",17.6585578918457
"CI","2026-08-23T18:00:00.000000",17.6377658843994
"CI","2026-08-23T19:00:00.000000",17.6669960021973
"CI","2026-08-23T20:00:00.000000",17.7455368041992
"CI","2026-08-23T21:00:00.000000",17.8881511688232
"CI","2026-08-23T22:00:00.000000",17.9662456512451
"CI","2026-08-23T23:00:00.000000",17.9694652557373
"CI","2026-08-24T00:00:00.000000",17.9563236236572
"CI","2026-08-24T01:00:00.000000",17.9498615264893
"CI","2026-08-24T02:00:00.000000",17.8763103485107
"CI","2026-08-24T03:00:00.000000",17.7794780731201
"CI","2026-08-24T04:00:00.000000",17.7240314483643
"CI","2026-08-24T05:00:00.000000",17.7068538665771
"CI","2026-08-24T06:00:00.000000",17.7088661193848
"CI","2026-08-24T07:00:00.000000",17.7052936553955
"CI","2026-08-24T08:00:00.000000",17.744743347168
"CI","2026-08-24T09:00:00.000000",17.8099975585938
"CI","2026-08-24T10:00:00.000000",17.8622570037842
"CI","2026-08-24T11:00:00.000000",17.900182723999
"CI","2026-08-24T12:00:00.000000",17.91015625
"CI","2026-08-24T13:00:00.000000",17.9044208526611
"CI","2026-08-24T14:00:00.000000",17.9077167510986
"CI","2026-08-24T15:00:00.000000",17.894416809082
"CI","2026-08-24T16:00:00.000000",17.8345470428467
"CI","2026-08-24T17:00:00.000000",17.8131675720215
"CI","2026-08-24T18:00:00.000000",17.8035011291504
"CI","2026-08-24T19:00:00.000000",17.8019123077393
"CI","2026-08-24T20:00:00.000000",17.8081283569336
"CI","2026-08-24T21:00:00.000000",17.8627700805664
"CI","2026-08-24T22:00:00.000000",17.8430099487305
"CI","2026-08-24T23:00:00.000000",17.8258514404297
"CI","2026-08-25T00:00:00.000000",17.8157768249512
"CI","2026-08-25T01:00:00.000000",17.8153324127197
"CI","2026-08-25T02:00:00.000000",17.8178653717041
"CI","2026-08-25T03:00:00.000000",17.8118724822998
"CI","2026-08-25T04:00:00.000000",17.815113067627
"CI","2026-08-25T05:00:00.000000",17.8150234222412
"CI","2026-08-25T06:00:00.000000",17.802906036377
"CI","2026-08-25T07:00:00.000000",17.7979145050049
"CI","2026-08-25T08:00:00.000000",17.798755645752
"CI","2026-08-25T09:00:00.000000",17.8016891479492
"CI","2026-08-25T10:00:00.000000",17.8136806488037
"CI","2026-08-25T11:00:00.000000",17.8072261810303
"CI","2026-08-25T12:00:00.000000",17.7250537872314
"CI","2026-08-25T13:00:00.000000",17.5475025177002
"CI","2026-08-25T14:00:00.000000",17.4688472747803
"CI","2026-08-25T15:00:00.000000",17.5765647888184
"CI","2026-08-25T16:00:00.000000",17.7735786437988
"CI","2026-08-25T17:00:00.000000",17.8423843383789
"CI","2026-08-25T18:00:00.000000",17.8611583709717
"CI","2026-08-25T19:00:00.000000",17.865047454834
"CI","2026-08-25T20:00:00.000000",17.8635005950928
"CI","2026-08-25T21:00:00.000000",17.8651371002197
"CI","2026-08-25T22:00:00.000000",17.7913074493408
"CI","2026-08-25T23:00:00.000000",17.7047939300537
"CI","2026-08-26T00:00:00.000000",17.5786628723145
"DC","2026-08-18T00:00:00.000000",15.0792989730835
"DC","2026-08-18T01:00:00.000000",14.91002368927
"DC","2026-08-18T02:00:00.000000",14.7379856109619
"DC","2026-08-18T03:00:00.000000",14.572943687439
"DC","2026-08-18T04:00:00.000000",14.5034046173096
"DC","2026-08-18T05:00:00.000000",14.4343843460083
"DC","2026-08-18T06:00:00.000000",14.4272022247314
"DC","2026-08-18T07:00:00.000000",14.4573726654053
"DC","2026-08-18T08:00:00.000000",14.5383033752441
"DC","2026-08-18T09:00:00.000000",14.7408504486084
"DC","2026-08-18T10:00:00.000000",14.9837026596069
"DC","2026-08-18T11:00:00.000000",15.1623725891113
"DC","2026-08-18T12:00:00.000000",15.4063329696655
"DC","2026-08-18T13:00:00.000000",15.6050834655762
"DC","2026-08-18T14:00:00.000000",15.4576816558838
"DC","2026-08-18T15:00:00.000000",15.2234935760498
"DC","2026-08-18T16:00:00.000000",15.087007522583
"DC","2026-08-18T17:00:00.000000",14.9455442428589
"DC","2026-08-18T18:00:00.000000",14.8370227813721
"DC","2026-08-18T19:00:00.000000",14.8309860229492
"DC","2026-08-18T20:00:00.000000",14.8640365600586
"DC","2026-08-18T21:00:00.000000",14.9348611831665
"DC","2026-08-18T22:00:00.000000",15.0371627807617
"DC","2026-08-18T23:00:00.000000",15.1832466125488
"DC","2026-08-19T00:00:00.000000",15.2948894500732
"DC","2026-08-19T01:00:00.000000",15.272406578064
"DC","2026-08-19T02:00:00.000000",15.0843753814697
"DC","2026-08-19T03:00:00.000000",14.8043079376221
"DC","2026-08-19T04:00:00.000000",14.6367597579956
"DC","2026-08-19T05:00:00.000000",14.5306949615479
"DC","2026-08-19T06:00:00.000000",14.5076198577881
"DC","2026-08-19T07:00:00.000000",14.5705432891846
"DC","2026-08-19T08:00:00.000000",14.693455696106
"DC","2026-08-19T09:00:00.000000",14.8030958175659
"DC","2026-08-19T10:00:00.000000",15.0948848724365
"DC","2026-08-19T11:00:00.000000",15.4241209030151
"DC","2026-08-19T12:00:00.000000",15.9154043197632
"DC","2026-08-19T13:00:00.000000",16.350025177002
"DC","2026-08-19T14:00:00.000000",16.625020980835
"DC","2026-08-19T15:00:00.000000",16.2590179443359
"DC","2026-08-19T16:00:00.000000",15.6081209182739
"DC","2026-08-19T17:00:00.000000",15.1881523132324
"DC","2026-08-19T18:00:00.000000",14.9515552520752
"DC","2026-08-19T19:00:00.000000",14.7739515304565
"DC","2026-08-19T20:00:00.000000",14.7597551345825
"DC","2026-08-19T21:00:00.000000",14.7300853729248
"DC","2026-08-19T22:00:00.000000",14.70654296875
"DC","2026-08-19T23:00:00.000000",14.6708154678345
"DC","2026-08-20T00:00:00.000000",14.6523914337158
"DC","2026-08-20T01:00:00.000000",14.6093559265137
"DC","2026-08-20T02:00:00.000000",14.534707069397
"DC","2026-08-20T03:00:00.000000",14.3931198120117
"DC","2026-08-20T04:00:00.000000",14.3221712112427
"DC","2026-08-20T05:00:00.000000",14.332911491394
"DC","2026-08-20T06:00:00.000000",14.3144960403442
"DC","2026-08-20T07:00:00.000000",14.4349393844604
"DC","2026-08-20T08:00:00.000000",14.6959400177002
"DC","2026-08-20T09:00:00.000000",14.8559427261353
"DC","2026-08-20T10:00:00.000000",14.9604415893555
"DC","2026-08-20T11:00:00.000000",15.1778802871704
"DC","2026-08-20T12:00:00.000000",15.3756437301636
"DC","2026-08-20T13:00:00.000000",15.6089372634888
"DC","2026-08-20T14:00:00.000000",15.8258504867554
"DC","2026-08-20T15:00:00.000000",15.8709001541138
"DC","2026-08-20T16:00:00.000000",15.5923490524292
"DC","2026-08-20T17:00:00.000000",15.2692089080811
"DC","2026-08-20T18:00:00.000000",15.1175575256348
"DC","2026-08-20T19:00:00.000000",15.0720443725586
"DC","2026-08-20T20:00:00.000000",15.1210422515869
"DC","2026-08-20T21:00:00.000000",15.3355255126953
"DC","2026-08-20T22:00:00.000000",15.5535831451416
"DC","2026-08-20T23:00:00.000000",15.7380990982056
"DC","2026-08-21T00:00:00.000000",15.9418163299561
"DC","2026-08-21T01:00:00.000000",16.2390060424805
"DC","2026-08-21T02:00:00.000000",16.5697250366211
"DC","2026-08-21T03:00:00.000000",16.840030670166
"DC","2026-08-21T04:00:00.000000",16.9439258575439
"DC","2026-08-21T05:00:00.000000",16.92405128479
"DC","2026-08-21T06:00:00.000000",16.9202308654785
"DC","2026-08-21T07:00:00.000000",17.111234664917
"DC","2026-08-21T08:00:00.000000",17.5719013214111
"DC","2026-08-21T09:00:00.000000",17.6292858123779
"DC","2026-08-21T10:00:00.000000",17.6589527130127
"DC","2026-08-21T11:00:00.000000",17.6114177703857
"DC","2026-08-21T12:00:00.000000",17.5461750030518
"DC","2026-08-21T13:00:00.000000",17.4921054840088
"DC","2026-08-21T14:00:00.000000",17.4280776977539
"DC","2026-08-21T15:00:00.000000",17.358829498291
"DC","2026-08-21T16:00:00.000000",17.3231010437012
"DC","2026-08-21T17:00:00.000000",17.3209095001221
"DC","2026-08-21T18:00:00.000000",17.3209190368652
"DC","2026-08-21T19:00:00.000000",17.335033416748
"DC","2026-08-21T20:00:00.000000",17.3204040527344
"DC","2026-08-21T21:00:00.000000",17.2541980743408
"DC","2026-08-21T22:00:00.000000",17.2166347503662
"DC","2026-08-21T23:00:00.000000",17.221715927124
"DC","2026-08-22T00:00:00.000000",17.2800960540771
"DC","2026-08-22T01:00:00.000000",17.4094085693359
"DC","2026-08-22T02:00:00.000000",17.4612884521484
"DC","2026-08-22T03:00:00.000000",17.4661140441895
"DC","2026-08-22T04:00:00.000000",17.4608993530273
"DC","2026-08-22T05:00:00.000000",17.4368419647217
"DC","2026-08-22T06:00:00.000000",17.4056911468506
"DC","2026-08-22T07:00:00.000000",17.3979377746582
"DC","2026-08-22T08:00:00.000000",17.3908309936523
"DC","2026-08-22T09:00:00.000000",17.3471450805664
"DC","2026-08-22T10:00:00.000000",17.2672252655029
"DC","2026-08-22T11:00:00.000000",17.1962604522705
"DC","2026-08-22T12:00:00.000000",17.2085437774658
"DC","2026-08-22T13:00:00.000000",17.2737865447998
"DC","2026-08-22T14:00:00.000000",17.3311576843262
"DC","2026-08-22T15:00:00.000000",17.3705005645752
"DC","2026-08-22T16:00:00.000000",17.38427734375
"DC","2026-08-22T17:00:00.000000",17.3826332092285
"DC","2026-08-22T18:00:00.000000",17.3781490325928
"DC","2026-08-22T19:00:00.000000",17.383752822876
"DC","2026-08-22T20:00:00.000000",17.3917007446289
"DC","2026-08-22T21:00:00.000000",17.3972702026367
"DC","2026-08-22T22:00:00.000000",17.4034690856934
"DC","2026-08-22T23:00:00.000000",17.4128093719482
"DC","2026-08-23T00:00:00.000000",17.4226093292236
"DC","2026-08-23T01:00:00.000000",17.4306449890137
"DC","2026-08-23T02:00:00.000000",17.4351711273193
"DC","2026-08-23T03:00:00.000000",17.4377403259277
"DC","2026-08-23T04:00:00.000000",17.4324569702148
"DC","2026-08-23T05:00:00.000000",17.4244823455811
"DC","2026-08-23T06:00:00.000000",17.4202175140381
"DC","2026-08-23T07:00:00.000000",17.4249057769775
"DC","2026-08-23T08:00:00.000000",17.4357433319092
"DC","2026-08-23T09:00:00.000000",17.4472465515137
"DC","2026-08-23T10:00:00.000000",17.4553489685059
"DC","2026-08-23T11:00:00.000000",17.4518985748291
"DC","2026-08-23T12:00:00.000000",17.4495735168457
"DC","2026-08-23T13:00:00.000000",17.4556217193604
"DC","2026-08-23T14:00:00.000000",17.4894428253174
"DC","2026-08-23T15:00:00.000000",17.4930610656738
"DC","2026-08-23T16:00:00.000000",17.4686965942383
"DC","2026-08-23T17:00:00.000000",17.4421939849854
"DC","2026-08-23T18:00:00.000000",17.4280319213867
"DC","2026-08-23T19:00:00.000000",17.4314117431641
"DC","2026-08-23T20:00:00.000000",17.4450244903564
"DC","2026-08-23T21:00:00.000000",17.4580421447754
"DC","2026-08-23T22:00:00.000000",17.4720935821533
"DC","2026-08-23T23:00:00.000000",17.4553127288818
"DC","2026-08-24T00:00:00.000000",17.3644924163818
"DC","2026-08-24T01:00:00.000000",17.2614822387695
"DC","2026-08-24T02:00:00.000000",17.1601104736328
"DC","2026-08-24T03:00:00.000000",17.0674819946289
"DC","2026-08-24T04:00:00.000000",17.0123157501221
"DC","2026-08-24T05:00:00.000000",16.969596862793
"DC","2026-08-24T06:00:00.000000",17.1529521942139
"DC","2026-08-24T07:00:00.000000",17.2822170257568
"DC","2026-08-24T08:00:00.000000",17.3061962127686
"DC","2026-08-24T09:00:00.000000",17.3021965026855
"DC","2026-08-24T10:00:00.000000",17.2464962005615
"DC","2026-08-24T11:00:00.000000",17.1631317138672
"DC","2026-08-24T12:00:00.000000",17.0687980651855
"DC","2026-08-24T13:00:00.000000",17.0345363616943
"DC","2026-08-24T14:00:00.000000",17.0691623687744
"DC","2026-08-24T15:00:00.000000",17.112060546875
"DC","2026-08-24T16:00:00.000000",17.1382427215576
"DC","2026-08-24T17:00:00.000000",17.1111450195312
"DC","2026-08-24T18:00:00.000000",17.061882019043
"DC","2026-08-24T19:00:00.000000",16.9607830047607
"DC","2026-08-24T20:00:00.000000",16.8431053161621
"DC","2026-08-24T21:00:00.000000",16.7282066345215
"DC","2026-08-24T22:00:00.000000",16.6652793884277
"DC","2026-08-24T23:00:00.000000",16.6426277160645
"DC","2026-08-25T00:00:00.000000",16.6468811035156
"DC","2026-08-25T01:00:00.000000",16.6939239501953
"DC","2026-08-25T02:00:00.000000",16.8003635406494
"DC","2026-08-25T03:00:00.000000",16.9674110412598
"DC","2026-08-25T04:00:00.000000",17.2374801635742
"DC","2026-08-25T05:00:00.000000",17.5667304992676
"DC","2026-08-25T06:00:00.000000",17.6128978729248
"DC","2026-08-25T07:00:00.000000",17.6111145019531
"DC","2026-08-25T08:00:00.000000",17.5701103210449
"DC","2026-08-25T09:00:00.000000",17.388277053833
"DC","2026-08-25T10:00:00.000000",17.2407531738281
"DC","2026-08-25T11:00:00.000000",17.1623668670654
"DC","2026-08-25T12:00:00.000000",17.164867401123
"DC","2026-08-25T13:00:00.000000",17.1338024139404
"DC","2026-08-25T14:00:00.000000",17.0903873443604
"DC","2026-08-25T15:00:00.000000",17.1345863342285
"DC","2026-08-25T16:00:00.000000",17.2586059570312
"DC","2026-08-25T17:00:00.000000",17.3818626403809
"DC","2026-08-25T18:00:00.000000",17.4557228088379
"DC","2026-08-25T19:00:00.000000",17.5293750762939
"DC","2026-08-25T20:00:00.000000",17.5425891876221
"DC","2026-08-25T21:00:00.000000",17.3721771240234
"DC","2026-08-25T22:00:00.000000",17.1547985076904
"DC","2026-08-25T23:00:00.000000",17.0241622924805
"DC","2026-08-26T00:00:00.000000",16.9405975341797
"LH","2026-08-18T00:00:00.000000",18.0481472015381
"LH","2026-08-18T01:00:00.000000",18.0526809692383
"LH","2026-08-18T02:00:00.000000",18.0538082122803
"LH","2026-08-18T03:00:00.000000",18.061767578125
"LH","2026-08-18T04:00:00.000000",18.1316986083984
"LH","2026-08-18T05:00:00.000000",18.1723747253418
"LH","2026-08-18T06:00:00.000000",18.1314926147461
"LH","2026-08-18T07:00:00.000000",18.0660305023193
"LH","2026-08-18T08:00:00.000000",17.9862976074219
"LH","2026-08-18T09:00:00.000000",17.9536209106445
"LH","2026-08-18T10:00:00.000000",17.9933795928955
"LH","2026-08-18T11:00:00.000000",18.0344181060791
"LH","2026-08-18T12:00:00.000000",18.104679107666
"LH","2026-08-18T13:00:00.000000",18.1719856262207
"LH","2026-08-18T14:00:00.000000",18.1303291320801
"LH","2026-08-18T15:00:00.000000",18.0657501220703
"LH","2026-08-18T16:00:00.000000",17.9965591430664
"LH","2026-08-18T17:00:00.000000",17.8752880096436
"LH","2026-08-18T18:00:00.000000",17.7567710876465
"LH","2026-08-18T19:00:00.000000",17.6672134399414
"LH","2026-08-18T20:00:00.000000",17.6003379821777
"LH","2026-08-18T21:00:00.000000",17.5612239837646
"LH","2026-08-18T22:00:00.000000",17.5856266021729
"LH","2026-08-18T23:00:00.000000",17.6692047119141
"LH","2026-08-19T00:00:00.000000",17.8164024353027
"LH","2026-08-19T01:00:00.000000",18.038688659668
"LH","2026-08-19T02:00:00.000000",18.0383472442627
"LH","2026-08-19T03:00:00.000000",17.9317874908447
"LH","2026-08-19T04:00:00.000000",17.8817481994629
"LH","2026-08-19T05:00:00.000000",17.8419132232666
"LH","2026-08-19T06:00:00.000000",17.8112545013428
"LH","2026-08-19T07:00:00.000000",17.7524261474609
"LH","2026-08-19T08:00:00.000000",17.6864891052246
"LH","2026-08-19T09:00:00.000000",17.6223106384277
"LH","2026-08-19T10:00:00.000000",17.6191558837891
"LH","2026-08-19T11:00:00.000000",17.6496753692627
"LH","2026-08-19T12:00:00.000000",17.6936264038086
"LH","2026-08-19T13:00:00.000000",17.7790699005127
"LH","2026-08-19T14:00:00.000000",17.8227653503418
"LH","2026-08-19T15:00:00.000000",17.8182468414307
"LH","2026-08-19T16:00:00.000000",17.81711769104
"LH","2026-08-19T17:00:00.000000",17.8027782440186
"LH","2026-08-19T18:00:00.000000",17.7199115753174
"LH","2026-08-19T19:00:00.000000",17.6265544891357
"LH","2026-08-19T20:00:00.000000",17.5834102630615
"LH","2026-08-19T21:00:00.000000",17.5694408416748
"LH","2026-08-19T22:00:00.000000",17.5963954925537
"LH","2026-08-19T23:00:00.000000",17.7037124633789
"LH","2026-08-20T00:00:00.000000",17.802698135376
"LH","2026-08-20T01:00:00.000000",17.9620456695557
"LH","2026-08-20T02:00:00.000000",18.127254486084
"LH","2026-08-20T03:00:00.000000",18.1025714874268
"LH","2026-08-20T04:00:00.000000",18.0079441070557
"LH","2026-08-20T05:00:00.000000",17.9994564056396
"LH","2026-08-20T06:00:00.000000",17.9669742584229
"LH","2026-08-20T07:00:00.000000",17.9627323150635
"LH","2026-08-20T08:00:00.000000",17.9535617828369
"LH","2026-08-20T09:00:00.000000",17.9296550750732
"LH","2026-08-20T10:00:00.000000",17.9171314239502
"LH","2026-08-20T11:00:00.000000",17.9314193725586
"LH","2026-08-20T12:00:00.000000",17.9773750305176
"LH","2026-08-20T13:00:00.000000",18.0177211761475
"LH","2026-08-20T14:00:00.000000",18.0660152435303
"LH","2026-08-20T15:00:00.000000",18.0919666290283
"LH","2026-08-20T16:00:00.000000",18.0992336273193
"LH","2026-08-20T17:00:00.000000",18.1243991851807
"LH","2026-08-20T18:00:00.000000",18.135986328125
"LH","2026-08-20T19:00:00.000000",18.1088447570801
"LH","2026-08-20T20:00:00.000000",18.0462532043457
"LH","2026-08-20T21:00:00.000000",18.0058841705322
"LH","2026-08-20T22:00:00.000000",17.9885673522949
"LH","2026-08-20T23:00:00.000000",17.9955673217773
"LH","2026-08-21T00:00:00.000000",18.0218830108643
"LH","2026-08-21T01:00:00.000000",18.054759979248
"LH","2026-08-21T02:00:00.000000",18.1627216339111
"LH","2026-08-21T03:00:00.000000",18.239818572998
"LH","2026-08-21T04:00:00.000000",18.1804904937744
"LH","2026-08-21T05:00:00.000000",18.0797100067139
"LH","2026-08-21T06:00:00.000000",17.9830932617188
"LH","2026-08-21T07:00:00.000000",17.9477062225342
"LH","2026-08-21T08:00:00.000000",17.9249477386475
"LH","2026-08-21T09:00:00.000000",17.907527923584
"LH","2026-08-21T10:00:00.000000",17.8902053833008
"LH","2026-08-21T11:00:00.000000",17.8779239654541
"LH","2026-08-21T12:00:00.000000",17.8747081756592
"LH","2026-08-21T13:00:00.000000",17.880298614502
"LH","2026-08-21T14:00:00.000000",17.8841648101807
"LH","2026-08-21T15:00:00.000000",17.8975887298584
"LH","2026-08-21T16:00:00.000000",17.9318199157715
"LH","2026-08-21T17:00:00.000000",17.9838428497314
"LH","2026-08-21T18:00:00.000000",18.0487442016602
"LH","2026-08-21T19:00:00.000000",18.0905570983887
"LH","2026-08-21T20:00:00.000000",18.1152648925781
"LH","2026-08-21T21:00:00.000000",18.1373691558838
"LH","2026-08-21T22:00:00.000000",18.1554355621338
"LH","2026-08-21T23:00:00.000000",18.1614036560059
"LH","2026-08-22T00:00:00.000000",18.1637592315674
"LH","2026-08-22T01:00:00.000000",18.1686611175537
"LH","2026-08-22T02:00:00.000000",18.1787948608398
"LH","2026-08-22T03:00:00.000000",18.197338104248
"LH","2026-08-22T04:00:00.000000",18.2146701812744
"LH","2026-08-22T05:00:00.000000",18.2105751037598
"LH","2026-08-22T06:00:00.000000",18.2141647338867
"LH","2026-08-22T07:00:00.000000",18.2313842773438
"LH","2026-08-22T08:00:00.000000",18.2327632904053
"LH","2026-08-22T09:00:00.000000",18.2319946289062
"LH","2026-08-22T10:00:00.000000",18.2351570129395
"LH","2026-08-22T11:00:00.000000",18.2411975860596
"LH","2026-08-22T12:00:00.000000",18.2430019378662
"LH","2026-08-22T13:00:00.000000",18.2426128387451
"LH","2026-08-22T14:00:00.000000",18.2428340911865
"LH","2026-08-22T15:00:00.000000",18.2451496124268
"LH","2026-08-22T16:00:00.000000",18.2505493164062
"LH","2026-08-22T17:00:00.000000",18.2573184967041
"LH","2026-08-22T18:00:00.000000",18.2641487121582
"LH","2026-08-22T19:00:00.000000",18.270959854126
"LH","2026-08-22T20:00:00.000000",18.2746639251709
"LH","2026-08-22T21:00:00.000000",18.2777996063232
"LH","2026-08-22T22:00:00.000000",18.2847938537598
"LH","2026-08-22T23:00:00.000000",18.2945594787598
"LH","2026-08-23T00:00:00.000000",18.2969608306885
"LH","2026-08-23T01:00:00.000000",18.2961082458496
"LH","2026-08-23T02:00:00.000000",18.2930335998535
"LH","2026-08-23T03:00:00.000000",18.289119720459
"LH","2026-08-23T04:00:00.000000",18.2873973846436
"LH","2026-08-23T05:00:00.000000",18.2881450653076
"LH","2026-08-23T06:00:00.000000",18.2852897644043
"LH","2026-08-23T07:00:00.000000",18.2834358215332
"LH","2026-08-23T08:00:00.000000",18.2880973815918
"LH","2026-08-23T09:00:00.000000",18.2981567382812
"LH","2026-08-23T10:00:00.000000",18.3115348815918
"LH","2026-08-23T11:00:00.000000",18.3272075653076
"LH","2026-08-23T12:00:00.000000",18.3404502868652
"LH","2026-08-23T13:00:00.000000",18.341625213623
"LH","2026-08-23T14:00:00.000000",18.3376216888428
"LH","2026-08-23T15:00:00.000000",18.32666015625
"LH","2026-08-23T16:00:00.000000",18.3221588134766
"LH","2026-08-23T17:00:00.000000",18.3203926086426
"LH","2026-08-23T18:00:00.000000",18.3226795196533
"LH","2026-08-23T19:00:00.000000",18.3351993560791
"LH","2026-08-23T20:00:00.000000",18.3614082336426
"LH","2026-08-23T21:00:00.000000",18.3936328887939
"LH","2026-08-23T22:00:00.000000",18.399694442749
"LH","2026-08-23T23:00:00.000000",18.3991641998291
"LH","2026-08-24T00:00:00.000000",18.393102645874
"LH","2026-08-24T01:00:00.000000",18.3797264099121
"LH","2026-08-24T02:00:00.000000",18.3611068725586
"LH","2026-08-24T03:00:00.000000",18.3493461608887
"LH","2026-08-24T04:00:00.000000",18.3393669128418
"LH","2026-08-24T05:00:00.000000",18.3326930999756
"LH","2026-08-24T06:00:00.000000",18.3296318054199
"LH","2026-08-24T07:00:00.000000",18.3278617858887
"LH","2026-08-24T08:00:00.000000",18.3313999176025
"LH","2026-08-24T09:00:00.000000",18.344518661499
"LH","2026-08-24T10:00:00.000000",18.3792667388916
"LH","2026-08-24T11:00:00.000000",18.4162693023682
"LH","2026-08-24T12:00:00.000000",18.4401149749756
"LH","2026-08-24T13:00:00.000000",18.455717086792
"LH","2026-08-24T14:00:00.000000",18.4518260955811
"LH","2026-08-24T15:00:00.000000",18.4401893615723
"LH","2026-08-24T16:00:00.000000",18.4317035675049
"LH","2026-08-24T17:00:00.000000",18.4178295135498
"LH","2026-08-24T18:00:00.000000",18.4103679656982
"LH","2026-08-24T19:00:00.000000",18.4101257324219
"LH","2026-08-24T20:00:00.000000",18.4247989654541
"LH","2026-08-24T21:00:00.000000",18.456937789917
"LH","2026-08-24T22:00:00.000000",18.4902248382568
"LH","2026-08-24T23:00:00.000000",18.5141105651855
"LH","2026-08-25T00:00:00.000000",18.5381946563721
"LH","2026-08-25T01:00:00.000000",18.5443000793457
"LH","2026-08-25T02:00:00.000000",18.5382862091064
"LH","2026-08-25T03:00:00.000000",18.5251522064209
"LH","2026-08-25T04:00:00.000000",18.511661529541
"LH","2026-08-25T05:00:00.000000",18.4885730743408
"LH","2026-08-25T06:00:00.000000",18.4577503204346
"LH","2026-08-25T07:00:00.000000",18.4403553009033
"LH","2026-08-25T08:00:00.000000",18.4450263977051
"LH","2026-08-25T09:00:00.000000",18.4740047454834
"LH","2026-08-25T10:00:00.000000",18.5204219818115
"LH","2026-08-25T11:00:00.000000",18.572193145752
"LH","2026-08-25T12:00:00.000000",18.6129875183105
"LH","2026-08-25T13:00:00.000000",18.644681930542
"LH","2026-08-25T14:00:00.000000",18.6671829223633
"LH","2026-08-25T15:00:00.000000",18.6752548217773
"LH","2026-08-25T16:00:00.000000",18.6663436889648
"LH","2026-08-25T17:00:00.000000",18.6505794525146
"LH","2026-08-25T18:00:00.000000",18.6207103729248
"LH","2026-08-25T19:00:00.000000",18.6064682006836
"LH","2026-08-25T20:00:00.000000",18.6106357574463
"LH","2026-08-25T21:00:00.000000",18.6300506591797
"LH","2026-08-25T22:00:00.000000",18.6621379852295
"LH","2026-08-25T23:00:00.000000",18.6837310791016
"LH","2026-08-26T00:00:00.000000",18.6884613037109
"NB","2026-08-18T00:00:00.000000",17.462963104248
"NB","2026-08-18T01:00:00.000000",17.3723106384277
"NB","2026-08-18T02:00:00.000000",17.2487621307373
"NB","2026-08-18T03:00:00.000000",17.06618309021
"NB","2026-08-18T04:00:00.000000",16.8194332122803
"NB","2026-08-18T05:00:00.000000",16.3921184539795
"NB","2026-08-18T06:00:00.000000",15.7624282836914
"NB","2026-08-18T07:00:00.000000",15.2545471191406
"NB","2026-08-18T08:00:00.000000",14.8485803604126
"NB","2026-08-18T09:00:00.000000",14.6184568405151
"NB","2026-08-18T10:00:00.000000",14.4730005264282
"NB","2026-08-18T11:00:00.000000",14.3678665161133
"NB","2026-08-18T12:00:00.000000",14.2800617218018
"NB","2026-08-18T13:00:00.000000",14.2069854736328
"NB","2026-08-18T14:00:00.000000",14.1408987045288
"NB","2026-08-18T15:00:00.000000",14.0930156707764
"NB","2026-08-18T16:00:00.000000",14.0639696121216
"NB","2026-08-18T17:00:00.000000",14.0514163970947
"NB","2026-08-18T18:00:00.000000",14.0613918304443
"NB","2026-08-18T19:00:00.000000",14.1032028198242
"NB","2026-08-18T20:00:00.000000",14.1301441192627
"NB","2026-08-18T21:00:00.000000",14.1444225311279
"NB","2026-08-18T22:00:00.000000",14.153660774231
"NB","2026-08-18T23:00:00.000000",14.1594314575195
"NB","2026-08-19T00:00:00.000000",14.164698600769
"NB","2026-08-19T01:00:00.000000",14.1721696853638
"NB","2026-08-19T02:00:00.000000",14.1760568618774
"NB","2026-08-19T03:00:00.000000",14.174750328064
"NB","2026-08-19T04:00:00.000000",14.1720666885376
"NB","2026-08-19T05:00:00.000000",14.1765537261963
"NB","2026-08-19T06:00:00.000000",14.1845970153809
"NB","2026-08-19T07:00:00.000000",14.1939296722412
"NB","2026-08-19T08:00:00.000000",14.2028551101685
"NB","2026-08-19T09:00:00.000000",14.2125453948975
"NB","2026-08-19T10:00:00.000000",14.2244548797607
"NB","2026-08-19T11:00:00.000000",14.2369222640991
"NB","2026-08-19T12:00:00.000000",14.2504901885986
"NB","2026-08-19T13:00:00.000000",14.2697353363037
"NB","2026-08-19T14:00:00.000000",14.2881298065186
"NB","2026-08-19T15:00:00.000000",14.3005208969116
"NB","2026-08-19T16:00:00.000000",14.3058433532715
"NB","2026-08-19T17:00:00.000000",14.3030519485474
"NB","2026-08-19T18:00:00.000000",14.2955617904663
"NB","2026-08-19T19:00:00.000000",14.2867975234985
"NB","2026-08-19T20:00:00.000000",14.2595643997192
"NB","2026-08-19T21:00:00.000000",14.2208700180054
"NB","2026-08-19T22:00:00.000000",14.1964254379272
"NB","2026-08-19T23:00:00.000000",14.1946077346802
"NB","2026-08-20T00:00:00.000000",14.1996173858643
"NB","2026-08-20T01:00:00.000000",14.2175807952881
"NB","2026-08-20T02:00:00.000000",14.2365007400513
"NB","2026-08-20T03:00:00.000000",14.2575330734253
"NB","2026-08-20T04:00:00.000000",14.2774610519409
"NB","2026-08-20T05:00:00.000000",14.3029680252075
"NB","2026-08-20T06:00:00.000000",14.3315000534058
"NB","2026-08-20T07:00:00.000000",14.3506765365601
"NB","2026-08-20T08:00:00.000000",14.3617658615112
"NB","2026-08-20T09:00:00.000000",14.3339614868164
"NB","2026-08-20T10:00:00.000000",14.2777366638184
"NB","2026-08-20T11:00:00.000000",14.2149496078491
"NB","2026-08-20T12:00:00.000000",14.1605587005615
"NB","2026-08-20T13:00:00.000000",14.1150827407837
"NB","2026-08-20T14:00:00.000000",14.0774412155151
"NB","2026-08-20T15:00:00.000000",14.0339488983154
"NB","2026-08-20T16:00:00.000000",13.9727401733398
"NB","2026-08-20T17:00:00.000000",13.9270353317261
"NB","2026-08-20T18:00:00.000000",13.9284029006958
"NB","2026-08-20T19:00:00.000000",13.9282398223877
"NB","2026-08-20T20:00:00.000000",13.8922185897827
"NB","2026-08-20T21:00:00.000000",13.8296709060669
"NB","2026-08-20T22:00:00.000000",13.776442527771
"NB","2026-08-20T23:00:00.000000",13.7443161010742
"NB","2026-08-21T00:00:00.000000",13.7270097732544
"NB","2026-08-21T01:00:00.000000",13.7211580276489
"NB","2026-08-21T02:00:00.000000",13.719539642334
"NB","2026-08-21T03:00:00.000000",13.7156753540039
"NB","2026-08-21T04:00:00.000000",13.7117261886597
"NB","2026-08-21T05:00:00.000000",13.7227048873901
"NB","2026-08-21T06:00:00.000000",13.7448978424072
"NB","2026-08-21T07:00:00.000000",13.7538795471191
"NB","2026-08-21T08:00:00.000000",13.7717885971069
"NB","2026-08-21T09:00:00.000000",13.8045263290405
"NB","2026-08-21T10:00:00.000000",13.8521270751953
"NB","2026-08-21T11:00:00.000000",13.9053602218628
"NB","2026-08-21T12:00:00.000000",13.9568500518799
"NB","2026-08-21T13:00:00.000000",13.9985084533691
"NB","2026-08-21T14:00:00.000000",14.0266895294189
"NB","2026-08-21T15:00:00.000000",14.0513935089111
"NB","2026-08-21T16:00:00.000000",14.0784568786621
"NB","2026-08-21T17:00:00.000000",14.1051464080811
"NB","2026-08-21T18:00:00.000000",14.1297826766968
"NB","2026-08-21T19:00:00.000000",14.1439542770386
"NB","2026-08-21T20:00:00.000000",14.1533679962158
"NB","2026-08-21T21:00:00.000000",14.1603527069092
"NB","2026-08-21T22:00:00.000000",14.1718273162842
"NB","2026-08-21T23:00:00.000000",14.1866216659546
"NB","2026-08-22T00:00:00.000000",14.2085857391357
"NB","2026-08-22T01:00:00.000000",14.2582387924194
"NB","2026-08-22T02:00:00.000000",14.3242702484131
"NB","2026-08-22T03:00:00.000000",14.3735971450806
"NB","2026-08-22T04:00:00.000000",14.3852739334106
"NB","2026-08-22T05:00:00.000000",14.3818445205688
"NB","2026-08-22T06:00:00.000000",14.3795194625854
"NB","2026-08-22T07:00:00.000000",14.3788890838623
"NB","2026-08-22T08:00:00.000000",14.3802032470703
"NB","2026-08-22T09:00:00.000000",14.3822460174561
"NB","2026-08-22T10:00:00.000000",14.3874206542969
"NB","2026-08-22T11:00:00.000000",14.393105506897
"NB","2026-08-22T12:00:00.000000",14.401819229126
"NB","2026-08-22T13:00:00.000000",14.4125308990479
"NB","2026-08-22T14:00:00.000000",14.425199508667
"NB","2026-08-22T15:00:00.000000",14.4518737792969
"NB","2026-08-22T16:00:00.000000",14.5175218582153
"NB","2026-08-22T17:00:00.000000",14.5587816238403
"NB","2026-08-22T18:00:00.000000",14.5804042816162
"NB","2026-08-22T19:00:00.000000",14.6036472320557
"NB","2026-08-22T20:00:00.000000",14.6200828552246
"NB","2026-08-22T21:00:00.000000",14.6300115585327
"NB","2026-08-22T22:00:00.000000",14.6434326171875
"NB","2026-08-22T23:00:00.000000",14.670991897583
"NB","2026-08-23T00:00:00.000000",14.7248096466064
"NB","2026-08-23T01:00:00.000000",14.7893381118774
"NB","2026-08-23T02:00:00.000000",14.8307867050171
"NB","2026-08-23T03:00:00.000000",14.8519344329834
"NB","2026-08-23T04:00:00.000000",14.8615770339966
"NB","2026-08-23T05:00:00.000000",14.8362312316895
"NB","2026-08-23T06:00:00.000000",14.799765586853
"NB","2026-08-23T07:00:00.000000",14.7644205093384
"NB","2026-08-23T08:00:00.000000",14.734091758728
"NB","2026-08-23T09:00:00.000000",14.7127895355225
"NB","2026-08-23T10:00:00.000000",14.701153755188
"NB","2026-08-23T11:00:00.000000",14.6950902938843
"NB","2026-08-23T12:00:00.000000",14.6925792694092
"NB","2026-08-23T13:00:00.000000",14.6926460266113
"NB","2026-08-23T14:00:00.000000",14.694766998291
"NB","2026-08-23T15:00:00.000000",14.7000579833984
"NB","2026-08-23T16:00:00.000000",14.7106046676636
"NB","2026-08-23T17:00:00.000000",14.7192735671997
"NB","2026-08-23T18:00:00.000000",14.7207536697388
"NB","2026-08-23T19:00:00.000000",14.7220478057861
"NB","2026-08-23T20:00:00.000000",14.7263040542603
"NB","2026-08-23T21:00:00.000000",14.7494354248047
"NB","2026-08-23T22:00:00.000000",14.7955265045166
"NB","2026-08-23T23:00:00.000000",14.8646373748779
"NB","2026-08-24T00:00:00.000000",15.0321760177612
"NB","2026-08-24T01:00:00.000000",15.3575496673584
"NB","2026-08-24T02:00:00.000000",15.8781261444092
"NB","2026-08-24T03:00:00.000000",16.1673011779785
"NB","2026-08-24T04:00:00.000000",16.1983699798584
"NB","2026-08-24T05:00:00.000000",16.1808071136475
"NB","2026-08-24T06:00:00.000000",16.1374111175537
"NB","2026-08-24T07:00:00.000000",16.0528774261475
"NB","2026-08-24T08:00:00.000000",15.9716749191284
"NB","2026-08-24T09:00:00.000000",15.9115295410156
"NB","2026-08-24T10:00:00.000000",15.8723497390747
"NB","2026-08-24T11:00:00.000000",15.8406562805176
"NB","2026-08-24T12:00:00.000000",15.8054790496826
"NB","2026-08-24T13:00:00.000000",15.7710371017456
"NB","2026-08-24T14:00:00.000000",15.7343463897705
"NB","2026-08-24T15:00:00.000000",15.6993398666382
"NB","2026-08-24T16:00:00.000000",15.6642751693726
"NB","2026-08-24T17:00:00.000000",15.6314420700073
"NB","2026-08-24T18:00:00.000000",15.5983200073242
"NB","2026-08-24T19:00:00.000000",15.5657567977905
"NB","2026-08-24T20:00:00.000000",15.5403385162354
"NB","2026-08-24T21:00:00.000000",15.5279312133789
"NB","2026-08-24T22:00:00.000000",15.5319557189941
"NB","2026-08-24T23:00:00.000000",15.5463762283325
"NB","2026-08-25T00:00:00.000000",15.5758609771729
"NB","2026-08-25T01:00:00.000000",15.6565752029419
"NB","2026-08-25T02:00:00.000000",15.7462921142578
"NB","2026-08-25T03:00:00.000000",15.8341026306152
"NB","2026-08-25T04:00:00.000000",15.9076347351074
"NB","2026-08-25T05:00:00.000000",15.9572229385376
"NB","2026-08-25T06:00:00.000000",15.9865674972534
"NB","2026-08-25T07:00:00.000000",15.9979629516602
"NB","2026-08-25T08:00:00.000000",16.0061988830566
"NB","2026-08-25T09:00:00.000000",16.0187854766846
"NB","2026-08-25T10:00:00.000000",16.0414772033691
"NB","2026-08-25T11:00:00.000000",16.0740547180176
"NB","2026-08-25T12:00:00.000000",16.108678817749
"NB","2026-08-25T13:00:00.000000",16.1228637695312
"NB","2026-08-25T14:00:00.000000",16.1114120483398
"NB","2026-08-25T15:00:00.000000",16.0653209686279
"NB","2026-08-25T16:00:00.000000",16.0031929016113
"NB","2026-08-25T17:00:00.000000",15.9187278747559
"NB","2026-08-25T18:00:00.000000",15.8319883346558
"NB","2026-08-25T19:00:00.000000",15.7456893920898
"NB","2026-08-25T20:00:00.000000",15.6693830490112
"NB","2026-08-25T21:00:00.000000",15.5981483459473
"NB","2026-08-25T22:00:00.000000",15.5429582595825
"NB","2026-08-25T23:00:00.000000",15.5108919143677
"NB","2026-08-26T00:00:00.000000",15.4912214279175
"PC","2026-08-18T00:00:00.000000",18.6776103973389
"PC","2026-08-18T01:00:00.000000",18.7144374847412
"PC","2026-08-18T02:00:00.000000",18.7325592041016
"PC","2026-08-18T03:00:00.000000",18.7496070861816
"PC","2026-08-18T04:00:00.000000",18.7450504302979
"PC","2026-08-18T05:00:00.000000",18.696849822998
"PC","2026-08-18T06:00:00.000000",18.6474208831787
"PC","2026-08-18T07:00:00.000000",18.5777359008789
"PC","2026-08-18T08:00:00.000000",18.5162887573242
"PC","2026-08-18T09:00:00.000000",18.4951572418213
"PC","2026-08-18T10:00:00.000000",18.5062046051025
"PC","2026-08-18T11:00:00.000000",18.5294570922852
"PC","2026-08-18T12:00:00.000000",18.5667495727539
"PC","2026-08-18T13:00:00.000000",18.6124362945557
"PC","2026-08-18T14:00:00.000000",18.6512184143066
"PC","2026-08-18T15:00:00.000000",18.7022438049316
"PC","2026-08-18T16:00:00.000000",18.7287368774414
"PC","2026-08-18T17:00:00.000000",18.719352722168
"PC","2026-08-18T18:00:00.000000",18.6524276733398
"PC","2026-08-18T19:00:00.000000",18.5209693908691
"PC","2026-08-18T20:00:00.000000",18.4303379058838
"PC","2026-08-18T21:00:00.000000",18.3827781677246
"PC","2026-08-18T22:00:00.000000",18.3930473327637
"PC","2026-08-18T23:00:00.000000",18.4138031005859
"PC","2026-08-19T00:00:00.000000",18.442813873291
"PC","2026-08-19T01:00:00.000000",18.4864807128906
"PC","2026-08-19T02:00:00.000000",18.5405387878418
"PC","2026-08-19T03:00:00.000000",18.5997524261475
"PC","2026-08-19T04:00:00.000000",18.6406764984131
"PC","2026-08-19T05:00:00.000000",18.625602722168
"PC","2026-08-19T06:00:00.000000",18.5766067504883
"PC","2026-08-19T07:00:00.000000",18.4955081939697
"PC","2026-08-19T08:00:00.000000",18.3751621246338
"PC","2026-08-19T09:00:00.000000",18.2911911010742
"PC","2026-08-19T10:00:00.000000",18.2628078460693
"PC","2026-08-19T11:00:00.000000",18.2664222717285
"PC","2026-08-19T12:00:00.000000",18.2749500274658
"PC","2026-08-19T13:00:00.000000",18.2936420440674
"PC","2026-08-19T14:00:00.000000",18.3235855102539
"PC","2026-08-19T15:00:00.000000",18.3706207275391
"PC","2026-08-19T16:00:00.000000",18.4200057983398
"PC","2026-08-19T17:00:00.000000",18.4326438903809
"PC","2026-08-19T18:00:00.000000",18.403938293457
"PC","2026-08-19T19:00:00.000000",18.3625202178955
"PC","2026-08-19T20:00:00.000000",18.3110485076904
"PC","2026-08-19T21:00:00.000000",18.2589645385742
"PC","2026-08-19T22:00:00.000000",18.2312183380127
"PC","2026-08-19T23:00:00.000000",18.2362442016602
"PC","2026-08-20T00:00:00.000000",18.2559375762939
"PC","2026-08-20T01:00:00.000000",18.269624710083
"PC","2026-08-20T02:00:00.000000",18.2943572998047
"PC","2026-08-20T03:00:00.000000",18.3166103363037
"PC","2026-08-20T04:00:00.000000",18.3451519012451
"PC","2026-08-20T05:00:00.000000",18.3460998535156
"PC","2026-08-20T06:00:00.000000",18.3087730407715
"PC","2026-08-20T07:00:00.000000",18.2627201080322
"PC","2026-08-20T08:00:00.000000",18.2162475585938
"PC","2026-08-20T09:00:00.000000",18.178295135498
"PC","2026-08-20T10:00:00.000000",18.1576404571533
"PC","2026-08-20T11:00:00.000000",18.1594257354736
"PC","2026-08-20T12:00:00.000000",18.1765422821045
"PC","2026-08-20T13:00:00.000000",18.1929359436035
"PC","2026-08-20T14:00:00.000000",18.2103805541992
"PC","2026-08-20T15:00:00.000000",18.230899810791
"PC","2026-08-20T16:00:00.000000",18.2618446350098
"PC","2026-08-20T17:00:00.000000",18.2881374359131
"PC","2026-08-20T18:00:00.000000",18.2913589477539
"PC","2026-08-20T19:00:00.000000",18.2855606079102
"PC","2026-08-20T20:00:00.000000",18.2827014923096
"PC","2026-08-20T21:00:00.000000",18.2783432006836
"PC","2026-08-20T22:00:00.000000",18.2685947418213
"PC","2026-08-20T23:00:00.000000",18.2680988311768
"PC","2026-08-21T00:00:00.000000",18.2826232910156
"PC","2026-08-21T01:00:00.000000",18.2948894500732
"PC","2026-08-21T02:00:00.000000",18.3199901580811
"PC","2026-08-21T03:00:00.000000",18.3604259490967
"PC","2026-08-21T04:00:00.000000",18.4030361175537
"PC","2026-08-21T05:00:00.000000",18.4451713562012
"PC","2026-08-21T06:00:00.000000",18.4607391357422
"PC","2026-08-21T07:00:00.000000",18.4595565795898
"PC","2026-08-21T08:00:00.000000",18.4464416503906
"PC","2026-08-21T09:00:00.000000",18.4049339294434
"PC","2026-08-21T10:00:00.000000",18.3512020111084
"PC","2026-08-21T11:00:00.000000",18.3228988647461
"PC","2026-08-21T12:00:00.000000",18.3302974700928
"PC","2026-08-21T13:00:00.000000",18.3410243988037
"PC","2026-08-21T14:00:00.000000",18.3549919128418
"PC","2026-08-21T15:00:00.000000",18.3735980987549
"PC","2026-08-21T16:00:00.000000",18.3973121643066
"PC","2026-08-21T17:00:00.000000",18.4114952087402
"PC","2026-08-21T18:00:00.000000",18.4046096801758
"PC","2026-08-21T19:00:00.000000",18.3789081573486
"PC","2026-08-21T20:00:00.000000",18.2474937438965
"PC","2026-08-21T21:00:00.000000",18.1646766662598
"PC","2026-08-21T22:00:00.000000",18.09423828125
"PC","2026-08-21T23:00:00.000000",18.0470600128174
"PC","2026-08-22T00:00:00.000000",18.055233001709
"PC","2026-08-22T01:00:00.000000",18.0737495422363
"PC","2026-08-22T02:00:00.000000",18.0936012268066
"PC","2026-08-22T03:00:00.000000",18.1175003051758
"PC","2026-08-22T04:00:00.000000",18.1451416015625
"PC","2026-08-22T05:00:00.000000",18.1736125946045
"PC","2026-08-22T06:00:00.000000",18.1994609832764
"PC","2026-08-22T07:00:00.000000",18.2045288085938
"PC","2026-08-22T08:00:00.000000",18.1985855102539
"PC","2026-08-22T09:00:00.000000",18.1520175933838
"PC","2026-08-22T10:00:00.000000",18.0491466522217
"PC","2026-08-22T11:00:00.000000",17.9542083740234
"PC","2026-08-22T12:00:00.000000",17.9236221313477
"PC","2026-08-22T13:00:00.000000",17.9307842254639
"PC","2026-08-22T14:00:00.000000",17.9487133026123
"PC","2026-08-22T15:00:00.000000",17.965518951416
"PC","2026-08-22T16:00:00.000000",17.9889888763428
"PC","2026-08-22T17:00:00.000000",18.0111846923828
"PC","2026-08-22T18:00:00.000000",18.0302181243896
"PC","2026-08-22T19:00:00.000000",18.0358371734619
"PC","2026-08-22T20:00:00.000000",18.0194530487061
"PC","2026-08-22T21:00:00.000000",17.981517791748
"PC","2026-08-22T22:00:00.000000",17.9232425689697
"PC","2026-08-22T23:00:00.000000",17.8887271881104
"PC","2026-08-23T00:00:00.000000",17.8711795806885
"PC","2026-08-23T01:00:00.000000",17.8755550384521
"PC","2026-08-23T02:00:00.000000",17.8845481872559
"PC","2026-08-23T03:00:00.000000",17.8906421661377
"PC","2026-08-23T04:00:00.000000",17.8995971679688
"PC","2026-08-23T05:00:00.000000",17.91282081604
"PC","2026-08-23T06:00:00.000000",17.9262142181396
"PC","2026-08-23T07:00:00.000000",17.9351921081543
"PC","2026-08-23T08:00:00.000000",17.9356555938721
"PC","2026-08-23T09:00:00.000000",17.9315280914307
"PC","2026-08-23T10:00:00.000000",17.9252243041992
"PC","2026-08-23T11:00:00.000000",17.9177665710449
"PC","2026-08-23T12:00:00.000000",17.9109039306641
"PC","2026-08-23T13:00:00.000000",17.9109268188477
"PC","2026-08-23T14:00:00.000000",17.917423248291
"PC","2026-08-23T15:00:00.000000",17.9221973419189
"PC","2026-08-23T16:00:00.000000",17.9269790649414
"PC","2026-08-23T17:00:00.000000",17.9345970153809
"PC","2026-08-23T18:00:00.000000",17.9435939788818
"PC","2026-08-23T19:00:00.000000",17.9542560577393
"PC","2026-08-23T20:00:00.000000",17.9602794647217
"PC","2026-08-23T21:00:00.000000",17.9577312469482
"PC","2026-08-23T22:00:00.000000",17.9579238891602
"PC","2026-08-23T23:00:00.000000",17.9579811096191
"PC","2026-08-24T00:00:00.000000",17.9528465270996
"PC","2026-08-24T01:00:00.000000",17.941104888916
"PC","2026-08-24T02:00:00.000000",17.9368343353271
"PC","2026-08-24T03:00:00.000000",17.9404697418213
"PC","2026-08-24T04:00:00.000000",17.9459648132324
"PC","2026-08-24T05:00:00.000000",17.949312210083
"PC","2026-08-24T06:00:00.000000",17.9542198181152
"PC","2026-08-24T07:00:00.000000",17.9583377838135
"PC","2026-08-24T08:00:00.000000",17.9556751251221
"PC","2026-08-24T09:00:00.000000",17.9465866088867
"PC","2026-08-24T10:00:00.000000",17.9413509368896
"PC","2026-08-24T11:00:00.000000",17.935962677002
"PC","2026-08-24T12:00:00.000000",17.9294834136963
"PC","2026-08-24T13:00:00.000000",17.9248085021973
"PC","2026-08-24T14:00:00.000000",17.9244251251221
"PC","2026-08-24T15:00:00.000000",17.9272422790527
"PC","2026-08-24T16:00:00.000000",17.9313354492188
"PC","2026-08-24T17:00:00.000000",17.9338779449463
"PC","2026-08-24T18:00:00.000000",17.9352531433105
"PC","2026-08-24T19:00:00.000000",17.9365367889404
"PC","2026-08-24T20:00:00.000000",17.9390354156494
"PC","2026-08-24T21:00:00.000000",17.9433479309082
"PC","2026-08-24T22:00:00.000000",17.94873046875
"PC","2026-08-24T23:00:00.000000",17.9518184661865
"PC","2026-08-25T00:00:00.000000",17.9537258148193
"PC","2026-08-25T01:00:00.000000",17.9561347961426
"PC","2026-08-25T02:00:00.000000",17.9581356048584
"PC","2026-08-25T03:00:00.000000",17.9591960906982
"PC","2026-08-25T04:00:00.000000",17.9599151611328
"PC","2026-08-25T05:00:00.000000",17.9605293273926
"PC","2026-08-25T06:00:00.000000",17.9612159729004
"PC","2026-08-25T07:00:00.000000",17.9618663787842
"PC","2026-08-25T08:00:00.000000",17.9630374908447
"PC","2026-08-25T09:00:00.000000",17.965856552124
"PC","2026-08-25T10:00:00.000000",17.9698619842529
"PC","2026-08-25T11:00:00.000000",17.9730739593506
"PC","2026-08-25T12:00:00.000000",17.9752235412598
"PC","2026-08-25T13:00:00.000000",17.9777202606201
"PC","2026-08-25T14:00:00.000000",17.9805355072021
"PC","2026-08-25T15:00:00.000000",17.983829498291
"PC","2026-08-25T16:00:00.000000",17.9876518249512
"PC","2026-08-25T17:00:00.000000",17.991231918335
"PC","2026-08-25T18:00:00.000000",17.9954967498779
"PC","2026-08-25T19:00:00.000000",17.9998512268066
"PC","2026-08-25T20:00:00.000000",18.00412940979
"PC","2026-08-25T21:00:00.000000",18.0123138427734
"PC","2026-08-25T22:00:00.000000",18.0227928161621
"PC","2026-08-25T23:00:00.000000",18.0281600952148
"PC","2026-08-26T00:00:00.000000",18.0292472839355
"PV","2026-08-18T00:00:00.000000",16.8433170318604
"PV","2026-08-18T01:00:00.000000",16.7518196105957
"PV","2026-08-18T02:00:00.000000",15.9464826583862
"PV","2026-08-18T03:00:00.000000",15.4861316680908
"PV","2026-08-18T04:00:00.000000",15.6672973632812
"PV","2026-08-18T05:00:00.000000",15.7228546142578
"PV","2026-08-18T06:00:00.000000",15.818320274353
"PV","2026-08-18T07:00:00.000000",15.9700202941895
"PV","2026-08-18T08:00:00.000000",16.1232109069824
"PV","2026-08-18T09:00:00.000000",16.2804317474365
"PV","2026-08-18T10:00:00.000000",16.4879989624023
"PV","2026-08-18T11:00:00.000000",16.5592384338379
"PV","2026-08-18T12:00:00.000000",16.5448150634766
"PV","2026-08-18T13:00:00.000000",16.5012969970703
"PV","2026-08-18T14:00:00.000000",16.0255565643311
"PV","2026-08-18T15:00:00.000000",15.2656450271606
"PV","2026-08-18T16:00:00.000000",15.2587003707886
"PV","2026-08-18T17:00:00.000000",15.3168239593506
"PV","2026-08-18T18:00:00.000000",15.3570547103882
"PV","2026-08-18T19:00:00.000000",15.4201488494873
"PV","2026-08-18T20:00:00.000000",15.7572841644287
"PV","2026-08-18T21:00:00.000000",16.2194004058838
"PV","2026-08-18T22:00:00.000000",16.8388767242432
"PV","2026-08-18T23:00:00.000000",17.4222736358643
"PV","2026-08-19T00:00:00.000000",17.5291576385498
"PV","2026-08-19T01:00:00.000000",17.658073425293
"PV","2026-08-19T02:00:00.000000",17.6590118408203
"PV","2026-08-19T03:00:00.000000",16.4231338500977
"PV","2026-08-19T04:00:00.000000",15.7949409484863
"PV","2026-08-19T05:00:00.000000",15.4924097061157
"PV","2026-08-19T06:00:00.000000",15.4561910629272
"PV","2026-08-19T07:00:00.000000",15.3695278167725
"PV","2026-08-19T08:00:00.000000",15.3411388397217
"PV","2026-08-19T09:00:00.000000",15.4190397262573
"PV","2026-08-19T10:00:00.000000",15.6331472396851
"PV","2026-08-19T11:00:00.000000",16.0181865692139
"PV","2026-08-19T12:00:00.000000",16.2839698791504
"PV","2026-08-19T13:00:00.000000",16.2597503662109
"PV","2026-08-19T14:00:00.000000",16.1388034820557
"PV","2026-08-19T15:00:00.000000",15.8065900802612
"PV","2026-08-19T16:00:00.000000",15.2854852676392
"PV","2026-08-19T17:00:00.000000",15.2899522781372
"PV","2026-08-19T18:00:00.000000",15.3133897781372
"PV","2026-08-19T19:00:00.000000",15.4245471954346
"PV","2026-08-19T20:00:00.000000",15.8373146057129
"PV","2026-08-19T21:00:00.000000",16.7994384765625
"PV","2026-08-19T22:00:00.000000",17.7141666412354
"PV","2026-08-19T23:00:00.000000",18.1845016479492
"PV","2026-08-20T00:00:00.000000",18.6180572509766
"PV","2026-08-20T01:00:00.000000",18.5822410583496
"PV","2026-08-20T02:00:00.000000",18.4323654174805
"PV","2026-08-20T03:00:00.000000",17.7798614501953
"PV","2026-08-20T04:00:00.000000",16.3558750152588
"PV","2026-08-20T05:00:00.000000",15.5550861358643
"PV","2026-08-20T06:00:00.000000",15.4404544830322
"PV","2026-08-20T07:00:00.000000",15.3464679718018
"PV","2026-08-20T08:00:00.000000",15.2777032852173
"PV","2026-08-20T09:00:00.000000",15.3243865966797
"PV","2026-08-20T10:00:00.000000",15.4296216964722
"PV","2026-08-20T11:00:00.000000",15.7231168746948
"PV","2026-08-20T12:00:00.000000",16.0863742828369
"PV","2026-08-20T13:00:00.000000",16.2161598205566
"PV","2026-08-20T14:00:00.000000",16.2181777954102
"PV","2026-08-20T15:00:00.000000",16.14333152771
"PV","2026-08-20T16:00:00.000000",15.7596855163574
"PV","2026-08-20T17:00:00.000000",15.2754392623901
"PV","2026-08-20T18:00:00.000000",15.1882581710815
"PV","2026-08-20T19:00:00.000000",15.1729459762573
"PV","2026-08-20T20:00:00.000000",15.1534881591797
"PV","2026-08-20T21:00:00.000000",15.245997428894
"PV","2026-08-20T22:00:00.000000",15.6024990081787
"PV","2026-08-20T23:00:00.000000",16.1575012207031
"PV","2026-08-21T00:00:00.000000",17.0417556762695
"PV","2026-08-21T01:00:00.000000",17.5001354217529
"PV","2026-08-21T02:00:00.000000",17.7678527832031
"PV","2026-08-21T03:00:00.000000",17.9701595306396
"PV","2026-08-21T04:00:00.000000",17.8485641479492
"PV","2026-08-21T05:00:00.000000",17.226411819458
"PV","2026-08-21T06:00:00.000000",16.9972896575928
"PV","2026-08-21T07:00:00.000000",16.8975315093994
"PV","2026-08-21T08:00:00.000000",16.7334823608398
"PV","2026-08-21T09:00:00.000000",16.6067237854004
"PV","2026-08-21T10:00:00.000000",16.635066986084
"PV","2026-08-21T11:00:00.000000",16.7364482879639
"PV","2026-08-21T12:00:00.000000",16.9598255157471
"PV","2026-08-21T13:00:00.000000",17.1552925109863
"PV","2026-08-21T14:00:00.000000",17.2529983520508
"PV","2026-08-21T15:00:00.000000",17.1906147003174
"PV","2026-08-21T16:00:00.000000",17.1050930023193
"PV","2026-08-21T17:00:00.000000",17.5844573974609
"PV","2026-08-21T18:00:00.000000",18.0321197509766
"PV","2026-08-21T19:00:00.000000",18.2611408233643
"PV","2026-08-21T20:00:00.000000",18.1519985198975
"PV","2026-08-21T21:00:00.000000",18.0900573730469
"PV","2026-08-21T22:00:00.000000",18.1286201477051
"PV","2026-08-21T23:00:00.000000",18.432107925415
"PV","2026-08-22T00:00:00.000000",18.7469234466553
"PV","2026-08-22T01:00:00.000000",18.8284683227539
"PV","2026-08-22T02:00:00.000000",18.7631187438965
"PV","2026-08-22T03:00:00.000000",18.6382961273193
"PV","2026-08-22T04:00:00.000000",18.5112400054932
"PV","2026-08-22T05:00:00.000000",18.3041572570801
"PV","2026-08-22T06:00:00.000000",17.9071445465088
"PV","2026-08-22T07:00:00.000000",17.681583404541
"PV","2026-08-22T08:00:00.000000",17.5777931213379
"PV","2026-08-22T09:00:00.000000",17.532506942749
"PV","2026-08-22T10:00:00.000000",17.6399726867676
"PV","2026-08-22T11:00:00.000000",17.8509826660156
"PV","2026-08-22T12:00:00.000000",18.1648235321045
"PV","2026-08-22T13:00:00.000000",18.4700946807861
"PV","2026-08-22T14:00:00.000000",18.614408493042
"PV","2026-08-22T15:00:00.000000",18.6514663696289
"PV","2026-08-22T16:00:00.000000",18.658447265625
"PV","2026-08-22T17:00:00.000000",18.5957431793213
"PV","2026-08-22T18:00:00.000000",18.5666313171387
"PV","2026-08-22T19:00:00.000000",18.5089416503906
"PV","2026-08-22T20:00:00.000000",18.4664478302002
"PV","2026-08-22T21:00:00.000000",18.4593715667725
"PV","2026-08-22T22:00:00.000000",18.5164089202881
"PV","2026-08-22T23:00:00.000000",18.6378593444824
"PV","2026-08-23T00:00:00.000000",18.7511005401611
"PV","2026-08-23T01:00:00.000000",18.8776397705078
"PV","2026-08-23T02:00:00.000000",18.944206237793
"PV","2026-08-23T03:00:00.000000",18.9747314453125
"PV","2026-08-23T04:00:00.000000",18.9764137268066
"PV","2026-08-23T05:00:00.000000",18.9669857025146
"PV","2026-08-23T06:00:00.000000",18.9485816955566
"PV","2026-08-23T07:00:00.000000",18.8930549621582
"PV","2026-08-23T08:00:00.000000",18.6799125671387
"PV","2026-08-23T09:00:00.000000",18.6339836120605
"PV","2026-08-23T10:00:00.000000",18.6294078826904
"PV","2026-08-23T11:00:00.000000",18.6338386535645
"PV","2026-08-23T12:00:00.000000",18.6597347259521
"PV","2026-08-23T13:00:00.000000",18.731014251709
"PV","2026-08-23T14:00:00.000000",18.8211154937744
"PV","2026-08-23T15:00:00.000000",18.856372833252
"PV","2026-08-23T16:00:00.000000",18.8502750396729
"PV","2026-08-23T17:00:00.000000",18.8148593902588
"PV","2026-08-23T18:00:00.000000",18.7944602966309
"PV","2026-08-23T19:00:00.000000",18.8400096893311
"PV","2026-08-23T20:00:00.000000",18.8386859893799
"PV","2026-08-23T21:00:00.000000",18.8029232025146
"PV","2026-08-23T22:00:00.000000",18.8273830413818
"PV","2026-08-23T23:00:00.000000",18.9056034088135
"PV","2026-08-24T00:00:00.000000",19.0406723022461
"PV","2026-08-24T01:00:00.000000",19.1233596801758
"PV","2026-08-24T02:00:00.000000",19.266149520874
"PV","2026-08-24T03:00:00.000000",19.3413715362549
"PV","2026-08-24T04:00:00.000000",19.3274707794189
"PV","2026-08-24T05:00:00.000000",19.2773704528809
"PV","2026-08-24T06:00:00.000000",19.2125282287598
"PV","2026-08-24T07:00:00.000000",19.075963973999
"PV","2026-08-24T08:00:00.000000",18.4792518615723
"PV","2026-08-24T09:00:00.000000",18.1355857849121
"PV","2026-08-24T10:00:00.000000",18.0671005249023
"PV","2026-08-24T11:00:00.000000",18.0549468994141
"PV","2026-08-24T12:00:00.000000",18.0881519317627
"PV","2026-08-24T13:00:00.000000",18.1456851959229
"PV","2026-08-24T14:00:00.000000",18.2972831726074
"PV","2026-08-24T15:00:00.000000",18.4730548858643
"PV","2026-08-24T16:00:00.000000",18.5691585540771
"PV","2026-08-24T17:00:00.000000",18.6118583679199
"PV","2026-08-24T18:00:00.000000",18.6216125488281
"PV","2026-08-24T19:00:00.000000",18.6137180328369
"PV","2026-08-24T20:00:00.000000",18.6621589660645
"PV","2026-08-24T21:00:00.000000",18.5140266418457
"PV","2026-08-24T22:00:00.000000",18.3985481262207
"PV","2026-08-24T23:00:00.000000",18.3599720001221
"PV","2026-08-25T00:00:00.000000",18.3151836395264
"PV","2026-08-25T01:00:00.000000",18.3034172058105
"PV","2026-08-25T02:00:00.000000",18.3079319000244
"PV","2026-08-25T03:00:00.000000",18.2542209625244
"PV","2026-08-25T04:00:00.000000",18.2528114318848
"PV","2026-08-25T05:00:00.000000",18.2812347412109
"PV","2026-08-25T06:00:00.000000",18.2801475524902
"PV","2026-08-25T07:00:00.000000",18.2518405914307
"PV","2026-08-25T08:00:00.000000",18.1602039337158
"PV","2026-08-25T09:00:00.000000",17.5744667053223
"PV","2026-08-25T10:00:00.000000",17.3104000091553
"PV","2026-08-25T11:00:00.000000",17.2789993286133
"PV","2026-08-25T12:00:00.000000",17.3128433227539
"PV","2026-08-25T13:00:00.000000",17.3769760131836
"PV","2026-08-25T14:00:00.000000",17.4753398895264
"PV","2026-08-25T15:00:00.000000",17.5884265899658
"PV","2026-08-25T16:00:00.000000",17.7281856536865
"PV","2026-08-25T17:00:00.000000",17.9614486694336
"PV","2026-08-25T18:00:00.000000",17.9640617370605
"PV","2026-08-25T19:00:00.000000",17.9406127929688
"PV","2026-08-25T20:00:00.000000",17.8971195220947
"PV","2026-08-25T21:00:00.000000",17.5235424041748
"PV","2026-08-25T22:00:00.000000",16.8813419342041
"PV","2026-08-25T23:00:00.000000",16.8089847564697
"PV","2026-08-26T00:00:00.000000",16.8351402282715
"SH","2026-08-18T00:00:00.000000",15.9241323471069
"SH","2026-08-18T01:00:00.000000",16.4301223754883
"SH","2026-08-18T02:00:00.000000",16.5207996368408
"SH","2026-08-18T03:00:00.000000",16.0555763244629
"SH","2026-08-18T04:00:00.000000",14.3495016098022
"SH","2026-08-18T05:00:00.000000",13.7189712524414
"SH","2026-08-18T06:00:00.000000",13.5604619979858
"SH","2026-08-18T07:00:00.000000",13.4929008483887
"SH","2026-08-18T08:00:00.000000",13.5033674240112
"SH","2026-08-18T09:00:00.000000",13.6699666976929
"SH","2026-08-18T10:00:00.000000",14.235182762146
"SH","2026-08-18T11:00:00.000000",14.7202558517456
"SH","2026-08-18T12:00:00.000000",15.1468887329102
"SH","2026-08-18T13:00:00.000000",15.4672031402588
"SH","2026-08-18T14:00:00.000000",15.6025371551514
"SH","2026-08-18T15:00:00.000000",15.5686597824097
"SH","2026-08-18T16:00:00.000000",15.0328254699707
"SH","2026-08-18T17:00:00.000000",14.5883502960205
"SH","2026-08-18T18:00:00.000000",14.4546089172363
"SH","2026-08-18T19:00:00.000000",14.3902587890625
"SH","2026-08-18T20:00:00.000000",14.4452962875366
"SH","2026-08-18T21:00:00.000000",14.6522560119629
"SH","2026-08-18T22:00:00.000000",15.1506624221802
"SH","2026-08-18T23:00:00.000000",15.4353628158569
"SH","2026-08-19T00:00:00.000000",15.6344499588013
"SH","2026-08-19T01:00:00.000000",15.9352903366089
"SH","2026-08-19T02:00:00.000000",16.2095775604248
"SH","2026-08-19T03:00:00.000000",16.192195892334
"SH","2026-08-19T04:00:00.000000",15.8992872238159
"SH","2026-08-19T05:00:00.000000",15.3259906768799
"SH","2026-08-19T06:00:00.000000",14.9169263839722
"SH","2026-08-19T07:00:00.000000",14.6617279052734
"SH","2026-08-19T08:00:00.000000",14.5207262039185
"SH","2026-08-19T09:00:00.000000",14.5380811691284
"SH","2026-08-19T10:00:00.000000",14.8209295272827
"SH","2026-08-19T11:00:00.000000",15.2211084365845
"SH","2026-08-19T12:00:00.000000",15.5119714736938
"SH","2026-08-19T13:00:00.000000",15.7817115783691
"SH","2026-08-19T14:00:00.000000",15.9228096008301
"SH","2026-08-19T15:00:00.000000",15.9372539520264
"SH","2026-08-19T16:00:00.000000",15.9280385971069
"SH","2026-08-19T17:00:00.000000",15.7461605072021
"SH","2026-08-19T18:00:00.000000",15.434476852417
"SH","2026-08-19T19:00:00.000000",15.1850967407227
"SH","2026-08-19T20:00:00.000000",15.1281280517578
"SH","2026-08-19T21:00:00.000000",15.2475681304932
"SH","2026-08-19T22:00:00.000000",15.8762149810791
"SH","2026-08-19T23:00:00.000000",16.5944652557373
"SH","2026-08-20T00:00:00.000000",16.6244945526123
"SH","2026-08-20T01:00:00.000000",16.6471652984619
"SH","2026-08-20T02:00:00.000000",16.7775192260742
"SH","2026-08-20T03:00:00.000000",16.8821067810059
"SH","2026-08-20T04:00:00.000000",16.8702926635742
"SH","2026-08-20T05:00:00.000000",16.4712677001953
"SH","2026-08-20T06:00:00.000000",15.5424242019653
"SH","2026-08-20T07:00:00.000000",14.9479331970215
"SH","2026-08-20T08:00:00.000000",14.653844833374
"SH","2026-08-20T09:00:00.000000",14.5336771011353
"SH","2026-08-20T10:00:00.000000",14.6129693984985
"SH","2026-08-20T11:00:00.000000",15.0469789505005
"SH","2026-08-20T12:00:00.000000",15.4563989639282
"SH","2026-08-20T13:00:00.000000",15.7046566009521
"SH","2026-08-20T14:00:00.000000",15.8397016525269
"SH","2026-08-20T15:00:00.000000",15.8840208053589
"SH","2026-08-20T16:00:00.000000",15.9184398651123
"SH","2026-08-20T17:00:00.000000",15.8607892990112
"SH","2026-08-20T18:00:00.000000",15.5021591186523
"SH","2026-08-20T19:00:00.000000",15.1786241531372
"SH","2026-08-20T20:00:00.000000",14.9851627349854
"SH","2026-08-20T21:00:00.000000",14.9421129226685
"SH","2026-08-20T22:00:00.000000",15.0479526519775
"SH","2026-08-20T23:00:00.000000",15.4327211380005
"SH","2026-08-21T00:00:00.000000",15.8804769515991
"SH","2026-08-21T01:00:00.000000",16.0452766418457
"SH","2026-08-21T02:00:00.000000",16.2003631591797
"SH","2026-08-21T03:00:00.000000",16.3631496429443
"SH","2026-08-21T04:00:00.000000",16.3895702362061
"SH","2026-08-21T05:00:00.000000",16.2323951721191
"SH","2026-08-21T06:00:00.000000",16.1243534088135
"SH","2026-08-21T07:00:00.000000",16.2044830322266
"SH","2026-08-21T08:00:00.000000",16.2349014282227
"SH","2026-08-21T09:00:00.000000",16.2099132537842
"SH","2026-08-21T10:00:00.000000",16.2388191223145
"SH","2026-08-21T11:00:00.000000",16.3713474273682
"SH","2026-08-21T12:00:00.000000",16.70578956604
"SH","2026-08-21T13:00:00.000000",16.9269924163818
"SH","2026-08-21T14:00:00.000000",16.9682636260986
"SH","2026-08-21T15:00:00.000000",16.976634979248
"SH","2026-08-21T16:00:00.000000",16.9733219146729
"SH","2026-08-21T17:00:00.000000",16.9509925842285
"SH","2026-08-21T18:00:00.000000",17.0538177490234
"SH","2026-08-21T19:00:00.000000",17.7010269165039
"SH","2026-08-21T20:00:00.000000",17.9099502563477
"SH","2026-08-21T21:00:00.000000",17.9375343322754
"SH","2026-08-21T22:00:00.000000",17.9388694763184
"SH","2026-08-21T23:00:00.000000",17.967601776123
"SH","2026-08-22T00:00:00.000000",18.0610389709473
"SH","2026-08-22T01:00:00.000000",18.0945930480957
"SH","2026-08-22T02:00:00.000000",17.8949356079102
"SH","2026-08-22T03:00:00.000000",17.7020874023438
"SH","2026-08-22T04:00:00.000000",17.5704250335693
"SH","2026-08-22T05:00:00.000000",17.5071678161621
"SH","2026-08-22T06:00:00.000000",17.5205841064453
"SH","2026-08-22T07:00:00.000000",17.7797603607178
"SH","2026-08-22T08:00:00.000000",18.2032279968262
"SH","2026-08-22T09:00:00.000000",18.4539756774902
"SH","2026-08-22T10:00:00.000000",18.6098823547363
"SH","2026-08-22T11:00:00.000000",18.6991577148438
"SH","2026-08-22T12:00:00.000000",18.7456359863281
"SH","2026-08-22T13:00:00.000000",18.7265338897705
"SH","2026-08-22T14:00:00.000000",18.5565013885498
"SH","2026-08-22T15:00:00.000000",18.3977909088135
"SH","2026-08-22T16:00:00.000000",18.2413845062256
"SH","2026-08-22T17:00:00.000000",18.1190414428711
"SH","2026-08-22T18:00:00.000000",18.1088619232178
"SH","2026-08-22T19:00:00.000000",18.3130435943604
"SH","2026-08-22T20:00:00.000000",18.4963874816895
"SH","2026-08-22T21:00:00.000000",18.430326461792
"SH","2026-08-22T22:00:00.000000",18.2636470794678
"SH","2026-08-22T23:00:00.000000",18.2058181762695
"SH","2026-08-23T00:00:00.000000",18.2553863525391
"SH","2026-08-23T01:00:00.000000",18.5059928894043
"SH","2026-08-23T02:00:00.000000",18.6085319519043
"SH","2026-08-23T03:00:00.000000",18.5587825775146
"SH","2026-08-23T04:00:00.000000",18.3757839202881
"SH","2026-08-23T05:00:00.000000",18.1596508026123
"SH","2026-08-23T06:00:00.000000",18.0603256225586
"SH","2026-08-23T07:00:00.000000",17.9834938049316
"SH","2026-08-23T08:00:00.000000",17.9852313995361
"SH","2026-08-23T09:00:00.000000",17.9984455108643
"SH","2026-08-23T10:00:00.000000",17.9993553161621
"SH","2026-08-23T11:00:00.000000",17.9829502105713
"SH","2026-08-23T12:00:00.000000",17.9844303131104
"SH","2026-08-23T13:00:00.000000",18.0510025024414
"SH","2026-08-23T14:00:00.000000",18.2232284545898
"SH","2026-08-23T15:00:00.000000",18.31565284729
"SH","2026-08-23T16:00:00.000000",18.3044128417969
"SH","2026-08-23T17:00:00.000000",18.2814521789551
"SH","2026-08-23T18:00:00.000000",18.2462177276611
"SH","2026-08-23T19:00:00.000000",18.2210655212402
"SH","2026-08-23T20:00:00.000000",18.1804447174072
"SH","2026-08-23T21:00:00.000000",17.8336277008057
"SH","2026-08-23T22:00:00.000000",17.5195503234863
"SH","2026-08-23T23:00:00.000000",17.5036487579346
"SH","2026-08-24T00:00:00.000000",17.5706405639648
"SH","2026-08-24T01:00:00.000000",17.5970363616943
"SH","2026-08-24T02:00:00.000000",17.9274501800537
"SH","2026-08-24T03:00:00.000000",18.13405418396
"SH","2026-08-24T04:00:00.000000",18.1249256134033
"SH","2026-08-24T05:00:00.000000",18.069164276123
"SH","2026-08-24T06:00:00.000000",18.0183048248291
"SH","2026-08-24T07:00:00.000000",17.9908885955811
"SH","2026-08-24T08:00:00.000000",17.98899269104
"SH","2026-08-24T09:00:00.000000",17.9231967926025
"SH","2026-08-24T10:00:00.000000",17.5376014709473
"SH","2026-08-24T11:00:00.000000",17.10085105896
"SH","2026-08-24T12:00:00.000000",16.7572135925293
"SH","2026-08-24T13:00:00.000000",16.633171081543
"SH","2026-08-24T14:00:00.000000",16.7437324523926
"SH","2026-08-24T15:00:00.000000",17.0163593292236
"SH","2026-08-24T16:00:00.000000",17.1524028778076
"SH","2026-08-24T17:00:00.000000",17.1568088531494
"SH","2026-08-24T18:00:00.000000",17.1605739593506
"SH","2026-08-24T19:00:00.000000",17.1742515563965
"SH","2026-08-24T20:00:00.000000",17.2240772247314
"SH","2026-08-24T21:00:00.000000",17.3373870849609
"SH","2026-08-24T22:00:00.000000",17.2391300201416
"SH","2026-08-24T23:00:00.000000",17.0738735198975
"SH","2026-08-25T00:00:00.000000",16.9384269714355
"SH","2026-08-25T01:00:00.000000",16.8758029937744
"SH","2026-08-25T02:00:00.000000",16.8869285583496
"SH","2026-08-25T03:00:00.000000",17.0909996032715
"SH","2026-08-25T04:00:00.000000",17.3145122528076
"SH","2026-08-25T05:00:00.000000",17.4506416320801
"SH","2026-08-25T06:00:00.000000",17.5611991882324
"SH","2026-08-25T07:00:00.000000",17.6088066101074
"SH","2026-08-25T08:00:00.000000",17.6232604980469
"SH","2026-08-25T09:00:00.000000",17.6078662872314
"SH","2026-08-25T10:00:00.000000",17.3318061828613
"SH","2026-08-25T11:00:00.000000",16.8957233428955
"SH","2026-08-25T12:00:00.000000",16.7124099731445
"SH","2026-08-25T13:00:00.000000",16.6316909790039
"SH","2026-08-25T14:00:00.000000",16.6333904266357
"SH","2026-08-25T15:00:00.000000",16.7150592803955
"SH","2026-08-25T16:00:00.000000",16.9522800445557
"SH","2026-08-25T17:00:00.000000",17.1429824829102
"SH","2026-08-25T18:00:00.000000",17.2072639465332
"SH","2026-08-25T19:00:00.000000",17.242115020752
"SH","2026-08-25T20:00:00.000000",17.2524528503418
"SH","2026-08-25T21:00:00.000000",17.2642230987549
"SH","2026-08-25T22:00:00.000000",17.1541309356689
"SH","2026-08-25T23:00:00.000000",16.8546466827393
"SH","2026-08-26T00:00:00.000000",16.6542320251465
"WB","2026-08-18T00:00:00.000000",18.1118297576904
"WB","2026-08-18T01:00:00.000000",18.0826091766357
"WB","2026-08-18T02:00:00.000000",17.8356189727783
"WB","2026-08-18T03:00:00.000000",17.5803394317627
"WB","2026-08-18T04:00:00.000000",17.4045600891113
"WB","2026-08-18T05:00:00.000000",17.2318210601807
"WB","2026-08-18T06:00:00.000000",17.1008739471436
"WB","2026-08-18T07:00:00.000000",17.0269088745117
"WB","2026-08-18T08:00:00.000000",17.0140838623047
"WB","2026-08-18T09:00:00.000000",17.089168548584
"WB","2026-08-18T10:00:00.000000",17.1910629272461
"WB","2026-08-18T11:00:00.000000",17.18678855896
"WB","2026-08-18T12:00:00.000000",17.1354866027832
"WB","2026-08-18T13:00:00.000000",17.0559120178223
"WB","2026-08-18T14:00:00.000000",16.9479198455811
"WB","2026-08-18T15:00:00.000000",16.7985572814941
"WB","2026-08-18T16:00:00.000000",16.6761684417725
"WB","2026-08-18T17:00:00.000000",16.5879058837891
"WB","2026-08-18T18:00:00.000000",16.4959869384766
"WB","2026-08-18T19:00:00.000000",16.4429550170898
"WB","2026-08-18T20:00:00.000000",16.4396305084229
"WB","2026-08-18T21:00:00.000000",16.4917964935303
"WB","2026-08-18T22:00:00.000000",16.6375312805176
"WB","2026-08-18T23:00:00.000000",16.7744026184082
"WB","2026-08-19T00:00:00.000000",16.8345432281494
"WB","2026-08-19T01:00:00.000000",16.8155899047852
"WB","2026-08-19T02:00:00.000000",16.6801528930664
"WB","2026-08-19T03:00:00.000000",16.6014175415039
"WB","2026-08-19T04:00:00.000000",16.7591552734375
"WB","2026-08-19T05:00:00.000000",16.7590675354004
"WB","2026-08-19T06:00:00.000000",16.6059093475342
"WB","2026-08-19T07:00:00.000000",16.425163269043
"WB","2026-08-19T08:00:00.000000",16.3029937744141
"WB","2026-08-19T09:00:00.000000",16.2273788452148
"WB","2026-08-19T10:00:00.000000",16.2297115325928
"WB","2026-08-19T11:00:00.000000",16.2631969451904
"WB","2026-08-19T12:00:00.000000",16.2237243652344
"WB","2026-08-19T13:00:00.000000",16.1806964874268
"WB","2026-08-19T14:00:00.000000",16.1487312316895
"WB","2026-08-19T15:00:00.000000",16.0954666137695
"WB","2026-08-19T16:00:00.000000",16.0301761627197
"WB","2026-08-19T17:00:00.000000",16.0179672241211
"WB","2026-08-19T18:00:00.000000",16.0124855041504
"WB","2026-08-19T19:00:00.000000",16.0182285308838
"WB","2026-08-19T20:00:00.000000",16.071418762207
"WB","2026-08-19T21:00:00.000000",16.2421951293945
"WB","2026-08-19T22:00:00.000000",16.6968746185303
"WB","2026-08-19T23:00:00.000000",17.4309749603271
"WB","2026-08-20T00:00:00.000000",18.1422119140625
"WB","2026-08-20T01:00:00.000000",18.1105308532715
"WB","2026-08-20T02:00:00.000000",17.7833404541016
"WB","2026-08-20T03:00:00.000000",17.4232578277588
"WB","2026-08-20T04:00:00.000000",17.1816158294678
"WB","2026-08-20T05:00:00.000000",17.2747135162354
"WB","2026-08-20T06:00:00.000000",17.1409339904785
"WB","2026-08-20T07:00:00.000000",16.8755130767822
"WB","2026-08-20T08:00:00.000000",16.6386547088623
"WB","2026-08-20T09:00:00.000000",16.4805431365967
"WB","2026-08-20T10:00:00.000000",16.3739070892334
"WB","2026-08-20T11:00:00.000000",16.3442039489746
"WB","2026-08-20T12:00:00.000000",16.3589038848877
"WB","2026-08-20T13:00:00.000000",16.3367443084717
"WB","2026-08-20T14:00:00.000000",16.2953968048096
"WB","2026-08-20T15:00:00.000000",16.2484130859375
"WB","2026-08-20T16:00:00.000000",16.1689300537109
"WB","2026-08-20T17:00:00.000000",16.0913791656494
"WB","2026-08-20T18:00:00.000000",16.2299652099609
"WB","2026-08-20T19:00:00.000000",16.3509502410889
"WB","2026-08-20T20:00:00.000000",16.3731174468994
"WB","2026-08-20T21:00:00.000000",16.3810977935791
"WB","2026-08-20T22:00:00.000000",16.4577236175537
"WB","2026-08-20T23:00:00.000000",16.7024440765381
"WB","2026-08-21T00:00:00.000000",16.9910659790039
"WB","2026-08-21T01:00:00.000000",17.2485065460205
"WB","2026-08-21T02:00:00.000000",17.2978935241699
"WB","2026-08-21T03:00:00.000000",17.1917133331299
"WB","2026-08-21T04:00:00.000000",17.0297088623047
"WB","2026-08-21T05:00:00.000000",16.9115924835205
"WB","2026-08-21T06:00:00.000000",16.8490047454834
"WB","2026-08-21T07:00:00.000000",16.7510643005371
"WB","2026-08-21T08:00:00.000000",16.622241973877
"WB","2026-08-21T09:00:00.000000",16.4895534515381
"WB","2026-08-21T10:00:00.000000",16.3992576599121
"WB","2026-08-21T11:00:00.000000",16.3823623657227
"WB","2026-08-21T12:00:00.000000",16.4253997802734
"WB","2026-08-21T13:00:00.000000",16.4758415222168
"WB","2026-08-21T14:00:00.000000",16.4840469360352
"WB","2026-08-21T15:00:00.000000",16.4672660827637
"WB","2026-08-21T16:00:00.000000",16.4570903778076
"WB","2026-08-21T17:00:00.000000",16.4348735809326
"WB","2026-08-21T18:00:00.000000",16.3869781494141
"WB","2026-08-21T19:00:00.000000",16.3812637329102
"WB","2026-08-21T20:00:00.000000",16.4346103668213
"WB","2026-08-21T21:00:00.000000",16.5231666564941
"WB","2026-08-21T22:00:00.000000",16.6325626373291
"WB","2026-08-21T23:00:00.000000",16.7539520263672
"WB","2026-08-22T00:00:00.000000",16.8680858612061
"WB","2026-08-22T01:00:00.000000",17.0797920227051
"WB","2026-08-22T02:00:00.000000",17.1659603118896
"WB","2026-08-22T03:00:00.000000",17.2066326141357
"WB","2026-08-22T04:00:00.000000",17.2203178405762
"WB","2026-08-22T05:00:00.000000",17.197301864624
"WB","2026-08-22T06:00:00.000000",17.1267318725586
"WB","2026-08-22T07:00:00.000000",17.0308284759521
"WB","2026-08-22T08:00:00.000000",16.9955959320068
"WB","2026-08-22T09:00:00.000000",17.024715423584
"WB","2026-08-22T10:00:00.000000",17.0953350067139
"WB","2026-08-22T11:00:00.000000",17.1838531494141
"WB","2026-08-22T12:00:00.000000",17.295072555542
"WB","2026-08-22T13:00:00.000000",17.3842487335205
"WB","2026-08-22T14:00:00.000000",17.422384262085
"WB","2026-08-22T15:00:00.000000",17.4165153503418
"WB","2026-08-22T16:00:00.000000",17.3906879425049
"WB","2026-08-22T17:00:00.000000",17.3727989196777
"WB","2026-08-22T18:00:00.000000",17.3905658721924
"WB","2026-08-22T19:00:00.000000",17.3898296356201
"WB","2026-08-22T20:00:00.000000",17.3357009887695
"WB","2026-08-22T21:00:00.000000",17.2945384979248
"WB","2026-08-22T22:00:00.000000",17.2889423370361
"WB","2026-08-22T23:00:00.000000",17.2967548370361
"WB","2026-08-23T00:00:00.000000",17.313793182373
"WB","2026-08-23T01:00:00.000000",17.3467826843262
"WB","2026-08-23T02:00:00.000000",17.3941955566406
"WB","2026-08-23T03:00:00.000000",17.4578075408936
"WB","2026-08-23T04:00:00.000000",17.4878826141357
"WB","2026-08-23T05:00:00.000000",17.4834632873535
"WB","2026-08-23T06:00:00.000000",17.4668598175049
"WB","2026-08-23T07:00:00.000000",17.4556922912598
"WB","2026-08-23T08:00:00.000000",17.4789619445801
"WB","2026-08-23T09:00:00.000000",17.4977931976318
"WB","2026-08-23T10:00:00.000000",17.5045127868652
"WB","2026-08-23T11:00:00.000000",17.5107765197754
"WB","2026-08-23T12:00:00.000000",17.5181655883789
"WB","2026-08-23T13:00:00.000000",17.5331192016602
"WB","2026-08-23T14:00:00.000000",17.5240383148193
"WB","2026-08-23T15:00:00.000000",17.5147972106934
"WB","2026-08-23T16:00:00.000000",17.5175895690918
"WB","2026-08-23T17:00:00.000000",17.5201263427734
"WB","2026-08-23T18:00:00.000000",17.5186748504639
"WB","2026-08-23T19:00:00.000000",17.5202140808105
"WB","2026-08-23T20:00:00.000000",17.5237922668457
"WB","2026-08-23T21:00:00.000000",17.5633544921875
"WB","2026-08-23T22:00:00.000000",17.5867443084717
"WB","2026-08-23T23:00:00.000000",17.5872325897217
"WB","2026-08-24T00:00:00.000000",17.5688037872314
"WB","2026-08-24T01:00:00.000000",17.5223560333252
"WB","2026-08-24T02:00:00.000000",17.4902420043945
"WB","2026-08-24T03:00:00.000000",17.4764385223389
"WB","2026-08-24T04:00:00.000000",17.4722480773926
"WB","2026-08-24T05:00:00.000000",17.4716472625732
"WB","2026-08-24T06:00:00.000000",17.4707546234131
"WB","2026-08-24T07:00:00.000000",17.4650115966797
"WB","2026-08-24T08:00:00.000000",17.4401073455811
"WB","2026-08-24T09:00:00.000000",17.3986721038818
"WB","2026-08-24T10:00:00.000000",17.3575534820557
"WB","2026-08-24T11:00:00.000000",17.3413028717041
"WB","2026-08-24T12:00:00.000000",17.3296356201172
"WB","2026-08-24T13:00:00.000000",17.32546043396
"WB","2026-08-24T14:00:00.000000",17.3499221801758
"WB","2026-08-24T15:00:00.000000",17.4035835266113
"WB","2026-08-24T16:00:00.000000",17.4499893188477
"WB","2026-08-24T17:00:00.000000",17.4930000305176
"WB","2026-08-24T18:00:00.000000",17.5251121520996
"WB","2026-08-24T19:00:00.000000",17.548303604126
"WB","2026-08-24T20:00:00.000000",17.5511207580566
"WB","2026-08-24T21:00:00.000000",17.5292263031006
"WB","2026-08-24T22:00:00.000000",17.5023097991943
"WB","2026-08-24T23:00:00.000000",17.481632232666
"WB","2026-08-25T00:00:00.000000",17.4554309844971
"WB","2026-08-25T01:00:00.000000",17.4234981536865
"WB","2026-08-25T02:00:00.000000",17.4091815948486
"WB","2026-08-25T03:00:00.000000",17.4193134307861
"WB","2026-08-25T04:00:00.000000",17.459659576416
"WB","2026-08-25T05:00:00.000000",17.4968185424805
"WB","2026-08-25T06:00:00.000000",17.5093307495117
"WB","2026-08-25T07:00:00.000000",17.4750385284424
"WB","2026-08-25T08:00:00.000000",17.3973751068115
"WB","2026-08-25T09:00:00.000000",17.3187408447266
"WB","2026-08-25T10:00:00.000000",17.2560615539551
"WB","2026-08-25T11:00:00.000000",17.2110939025879
"WB","2026-08-25T12:00:00.000000",17.1893634796143
"WB","2026-08-25T13:00:00.000000",17.1834754943848
"WB","2026-08-25T14:00:00.000000",17.194507598877
"WB","2026-08-25T15:00:00.000000",17.2409133911133
"WB","2026-08-25T16:00:00.000000",17.3327255249023
"WB","2026-08-25T17:00:00.000000",17.4258346557617
"WB","2026-08-25T18:00:00.000000",17.4776630401611
"WB","2026-08-25T19:00:00.000000",17.4901847839355
"WB","2026-08-25T20:00:00.000000",17.4707851409912
"WB","2026-08-25T21:00:00.000000",17.4100456237793
"WB","2026-08-25T22:00:00.000000",17.3020782470703
"WB","2026-08-25T23:00:00.000000",17.1977767944336
"WB","2026-08-26T00:00:00.000000",17.111888885498
"CL","2026-08-18T00:00:00.000000",21.338041305542
"CL","2026-08-18T01:00:00.000000",21.3208541870117
"CL","2026-08-18T02:00:00.000000",21.3201217651367
"CL","2026-08-18T03:00:00.000000",21.3183059692383
"CL","2026-08-18T04:00:00.000000",21.3140811920166
"CL","2026-08-18T05:00:00.000000",21.3156833648682
"CL","2026-08-18T06:00:00.000000",21.3256092071533
"CL","2026-08-18T07:00:00.000000",21.3307704925537
"CL","2026-08-18T08:00:00.000000",21.3392677307129
"CL","2026-08-18T09:00:00.000000",21.3512020111084
"CL","2026-08-18T10:00:00.000000",21.3465042114258
"CL","2026-08-18T11:00:00.000000",21.3524169921875
"CL","2026-08-18T12:00:00.000000",21.3450603485107
"CL","2026-08-18T13:00:00.000000",21.1994457244873
"CL","2026-08-18T14:00:00.000000",21.1351490020752
"CL","2026-08-18T15:00:00.000000",21.0936164855957
"CL","2026-08-18T16:00:00.000000",21.0696411132812
"CL","2026-08-18T17:00:00.000000",21.0844478607178
"CL","2026-08-18T18:00:00.000000",21.1223564147949
"CL","2026-08-18T19:00:00.000000",21.1893558502197
"CL","2026-08-18T20:00:00.000000",21.2573986053467
"CL","2026-08-18T21:00:00.000000",21.3433437347412
"CL","2026-08-18T22:00:00.000000",21.3734359741211
"CL","2026-08-18T23:00:00.000000",21.4001235961914
"CL","2026-08-19T00:00:00.000000",21.4380931854248
"CL","2026-08-19T01:00:00.000000",21.2356090545654
"CL","2026-08-19T02:00:00.000000",21.1777725219727
"CL","2026-08-19T03:00:00.000000",21.1628570556641
"CL","2026-08-19T04:00:00.000000",21.1617012023926
"CL","2026-08-19T05:00:00.000000",21.1590709686279
"CL","2026-08-19T06:00:00.000000",21.1712188720703
"CL","2026-08-19T07:00:00.000000",21.1933708190918
"CL","2026-08-19T08:00:00.000000",21.2338466644287
"CL","2026-08-19T09:00:00.000000",21.324010848999
"CL","2026-08-19T10:00:00.000000",21.3628807067871
"CL","2026-08-19T11:00:00.000000",21.3512229919434
"CL","2026-08-19T12:00:00.000000",21.3938121795654
"CL","2026-08-19T13:00:00.000000",21.2563705444336
"CL","2026-08-19T14:00:00.000000",21.1327228546143
"CL","2026-08-19T15:00:00.000000",21.1442050933838
"CL","2026-08-19T16:00:00.000000",21.1561946868896
"CL","2026-08-19T17:00:00.000000",21.1727733612061
"CL","2026-08-19T18:00:00.000000",21.19162940979
"CL","2026-08-19T19:00:00.000000",21.203556060791
"CL","2026-08-19T20:00:00.000000",21.2217044830322
"CL","2026-08-19T21:00:00.000000",21.2502059936523
"CL","2026-08-19T22:00:00.000000",21.3170700073242
"CL","2026-08-19T23:00:00.000000",21.3493366241455
"CL","2026-08-20T00:00:00.000000",21.4067363739014
"CL","2026-08-20T01:00:00.000000",21.4411678314209
"CL","2026-08-20T02:00:00.000000",21.3882846832275
"CL","2026-08-20T03:00:00.000000",21.4916439056396
"CL","2026-08-20T04:00:00.000000",21.6043071746826
"CL","2026-08-20T05:00:00.000000",21.5931758880615
"CL","2026-08-20T06:00:00.000000",21.6211566925049
"CL","2026-08-20T07:00:00.000000",21.6012535095215
"CL","2026-08-20T08:00:00.000000",21.5584602355957
"CL","2026-08-20T09:00:00.000000",21.5075855255127
"CL","2026-08-20T10:00:00.000000",21.5037174224854
"CL","2026-08-20T11:00:00.000000",21.5244522094727
"CL","2026-08-20T12:00:00.000000",21.524829864502
"CL","2026-08-20T13:00:00.000000",21.5259704589844
"CL","2026-08-20T14:00:00.000000",21.709716796875
"CL","2026-08-20T15:00:00.000000",21.7530460357666
"CL","2026-08-20T16:00:00.000000",21.7697048187256
"CL","2026-08-20T17:00:00.000000",21.7659816741943
"CL","2026-08-20T18:00:00.000000",21.7615833282471
"CL","2026-08-20T19:00:00.000000",21.7633495330811
"CL","2026-08-20T20:00:00.000000",21.7826404571533
"CL","2026-08-20T21:00:00.000000",21.8124237060547
"CL","2026-08-20T22:00:00.000000",21.8210487365723
"CL","2026-08-20T23:00:00.000000",21.7791862487793
"CL","2026-08-21T00:00:00.000000",21.7532176971436
"CL","2026-08-21T01:00:00.000000",21.6993541717529
"CL","2026-08-21T02:00:00.000000",21.6763381958008
"CL","2026-08-21T03:00:00.000000",21.72633934021
"CL","2026-08-21T04:00:00.000000",21.7255554199219
"CL","2026-08-21T05:00:00.000000",21.7088260650635
"CL","2026-08-21T06:00:00.000000",21.7051582336426
"CL","2026-08-21T07:00:00.000000",21.7230815887451
"CL","2026-08-21T08:00:00.000000",21.7041168212891
"CL","2026-08-21T09:00:00.000000",21.6874961853027
"CL","2026-08-21T10:00:00.000000",21.6344966888428
"CL","2026-08-21T11:00:00.000000",21.6007099151611
"CL","2026-08-21T12:00:00.000000",21.5630760192871
"CL","2026-08-21T13:00:00.000000",21.5430812835693
"CL","2026-08-21T14:00:00.000000",21.4701862335205
"CL","2026-08-21T15:00:00.000000",21.195068359375
"CL","2026-08-21T16:00:00.000000",21.1056232452393
"CL","2026-08-21T17:00:00.000000",21.0640716552734
"CL","2026-08-21T18:00:00.000000",21.0329990386963
"CL","2026-08-21T19:00:00.000000",21.014289855957
"CL","2026-08-21T20:00:00.000000",21.0253219604492
"CL","2026-08-21T21:00:00.000000",21.056547164917
"CL","2026-08-21T22:00:00.000000",21.1049175262451
"CL","2026-08-21T23:00:00.000000",21.1035842895508
"CL","2026-08-22T00:00:00.000000",21.1062164306641
"CL","2026-08-22T01:00:00.000000",21.1264400482178
"CL","2026-08-22T02:00:00.000000",21.1737194061279
"CL","2026-08-22T03:00:00.000000",21.2079658508301
"CL","2026-08-22T04:00:00.000000",21.21604347229
"CL","2026-08-22T05:00:00.000000",21.0563411712646
"CL","2026-08-22T06:00:00.000000",21.0681133270264
"CL","2026-08-22T07:00:00.000000",21.081880569458
"CL","2026-08-22T08:00:00.000000",21.092248916626
"CL","2026-08-22T09:00:00.000000",21.0928287506104
"CL","2026-08-22T10:00:00.000000",21.1147327423096
"CL","2026-08-22T11:00:00.000000",21.1526107788086
"CL","2026-08-22T12:00:00.000000",21.2073097229004
"CL","2026-08-22T13:00:00.000000",21.1780529022217
"CL","2026-08-22T14:00:00.000000",21.1965312957764
"CL","2026-08-22T15:00:00.000000",21.1149444580078
"CL","2026-08-22T16:00:00.000000",21.0563564300537
"CL","2026-08-22T17:00:00.000000",21.0468044281006
"CL","2026-08-22T18:00:00.000000",21.0532836914062
"CL","2026-08-22T19:00:00.000000",21.0612945556641
"CL","2026-08-22T20:00:00.000000",21.0685939788818
"CL","2026-08-22T21:00:00.000000",21.0773315429688
"CL","2026-08-22T22:00:00.000000",21.0775566101074
"CL","2026-08-22T23:00:00.000000",21.0738315582275
"CL","2026-08-23T00:00:00.000000",21.0733757019043
"CL","2026-08-23T01:00:00.000000",21.0748310089111
"CL","2026-08-23T02:00:00.000000",21.092306137085
"CL","2026-08-23T03:00:00.000000",21.1202239990234
"CL","2026-08-23T04:00:00.000000",21.1402263641357
"CL","2026-08-23T05:00:00.000000",21.116756439209
"CL","2026-08-23T06:00:00.000000",21.1740398406982
"CL","2026-08-23T07:00:00.000000",21.1678466796875
"CL","2026-08-23T08:00:00.000000",21.1577186584473
"CL","2026-08-23T09:00:00.000000",21.1568832397461
"CL","2026-08-23T10:00:00.000000",21.1510925292969
"CL","2026-08-23T11:00:00.000000",21.1107330322266
"CL","2026-08-23T12:00:00.000000",21.0547618865967
"CL","2026-08-23T13:00:00.000000",20.9954643249512
"CL","2026-08-23T14:00:00.000000",20.9483489990234
"CL","2026-08-23T15:00:00.000000",20.9587497711182
"CL","2026-08-23T16:00:00.000000",21.0049724578857
"CL","2026-08-23T17:00:00.000000",21.0585479736328
"CL","2026-08-23T18:00:00.000000",21.0427417755127
"CL","2026-08-23T19:00:00.000000",21.0537719726562
"CL","2026-08-23T20:00:00.000000",21.0897407531738
"CL","2026-08-23T21:00:00.000000",21.1058921813965
"CL","2026-08-23T22:00:00.000000",21.1095161437988
"CL","2026-08-23T23:00:00.000000",21.0998420715332
"CL","2026-08-24T00:00:00.000000",21.0684051513672
"CL","2026-08-24T01:00:00.000000",21.0389347076416
"CL","2026-08-24T02:00:00.000000",20.9834003448486
"CL","2026-08-24T03:00:00.000000",20.9602298736572
"CL","2026-08-24T04:00:00.000000",20.9466781616211
"CL","2026-08-24T05:00:00.000000",20.9410762786865
"CL","2026-08-24T06:00:00.000000",21.0737972259521
"CL","2026-08-24T07:00:00.000000",21.0839138031006
"CL","2026-08-24T08:00:00.000000",21.0902309417725
"CL","2026-08-24T09:00:00.000000",21.0901679992676
"CL","2026-08-24T10:00:00.000000",21.0906143188477
"CL","2026-08-24T11:00:00.000000",21.0901565551758
"CL","2026-08-24T12:00:00.000000",21.0764083862305
"CL","2026-08-24T13:00:00.000000",21.0103073120117
"CL","2026-08-24T14:00:00.000000",20.976936340332
"CL","2026-08-24T15:00:00.000000",20.9793376922607
"CL","2026-08-24T16:00:00.000000",21.0020503997803
"CL","2026-08-24T17:00:00.000000",21.0062732696533
"CL","2026-08-24T18:00:00.000000",21.0721206665039
"CL","2026-08-24T19:00:00.000000",21.056604385376
"CL","2026-08-24T20:00:00.000000",21.0518589019775
"CL","2026-08-24T21:00:00.000000",21.0493354797363
"CL","2026-08-24T22:00:00.000000",21.0452117919922
"CL","2026-08-24T23:00:00.000000",21.0466690063477
"CL","2026-08-25T00:00:00.000000",21.0502338409424
"CL","2026-08-25T01:00:00.000000",21.0530891418457
"CL","2026-08-25T02:00:00.000000",21.0500755310059
"CL","2026-08-25T03:00:00.000000",21.0318622589111
"CL","2026-08-25T04:00:00.000000",21.0190811157227
"CL","2026-08-25T05:00:00.000000",21.0113983154297
"CL","2026-08-25T06:00:00.000000",21.0207080841064
"CL","2026-08-25T07:00:00.000000",20.9779987335205
"CL","2026-08-25T08:00:00.000000",20.8955860137939
"CL","2026-08-25T09:00:00.000000",20.8589515686035
"CL","2026-08-25T10:00:00.000000",20.8557720184326
"CL","2026-08-25T11:00:00.000000",20.8637599945068
"CL","2026-08-25T12:00:00.000000",20.8715591430664
"CL","2026-08-25T13:00:00.000000",20.8942279815674
"CL","2026-08-25T14:00:00.000000",20.9937267303467
"CL","2026-08-25T15:00:00.000000",21.0128269195557
"CL","2026-08-25T16:00:00.000000",21.0197505950928
"CL","2026-08-25T17:00:00.000000",21.0135116577148
"CL","2026-08-25T18:00:00.000000",20.8215160369873
"CL","2026-08-25T19:00:00.000000",20.7481498718262
"CL","2026-08-25T20:00:00.000000",20.7331428527832
"CL","2026-08-25T21:00:00.000000",20.7203311920166
"CL","2026-08-25T22:00:00.000000",20.7293148040771
"CL","2026-08-25T23:00:00.000000",20.7590045928955
"CL","2026-08-26T00:00:00.000000",20.7581958770752
"FG","2026-08-18T00:00:00.000000",22.3224086761475
"FG","2026-08-18T01:00:00.000000",22.0212821960449
"FG","2026-08-18T02:00:00.000000",21.9997653961182
"FG","2026-08-18T03:00:00.000000",21.9733257293701
"FG","2026-08-18T04:00:00.000000",22.1110591888428
"FG","2026-08-18T05:00:00.000000",22.3622283935547
"FG","2026-08-18T06:00:00.000000",22.4703788757324
"FG","2026-08-18T07:00:00.000000",22.576602935791
"FG","2026-08-18T08:00:00.000000",22.6561069488525
"FG","2026-08-18T09:00:00.000000",22.2572231292725
"FG","2026-08-18T10:00:00.000000",22.0019760131836
"FG","2026-08-18T11:00:00.000000",22.1663513183594
"FG","2026-08-18T12:00:00.000000",22.3890171051025
"FG","2026-08-18T13:00:00.000000",22.2134685516357
"FG","2026-08-18T14:00:00.000000",21.9168682098389
"FG","2026-08-18T15:00:00.000000",21.8810787200928
"FG","2026-08-18T16:00:00.000000",21.9184589385986
"FG","2026-08-18T17:00:00.000000",22.2618312835693
"FG","2026-08-18T18:00:00.000000",22.4563026428223
"FG","2026-08-18T19:00:00.000000",22.6119003295898
"FG","2026-08-18T20:00:00.000000",22.7293071746826
"FG","2026-08-18T21:00:00.000000",22.7792625427246
"FG","2026-08-18T22:00:00.000000",22.0666103363037
"FG","2026-08-18T23:00:00.000000",22.1730937957764
"FG","2026-08-19T00:00:00.000000",22.4473419189453
"FG","2026-08-19T01:00:00.000000",22.4459781646729
"FG","2026-08-19T02:00:00.000000",22.0578784942627
"FG","2026-08-19T03:00:00.000000",22.0422077178955
"FG","2026-08-19T04:00:00.000000",22.073823928833
"FG","2026-08-19T05:00:00.000000",22.3255310058594
"FG","2026-08-19T06:00:00.000000",22.530403137207
"FG","2026-08-19T07:00:00.000000",22.6391181945801
"FG","2026-08-19T08:00:00.000000",22.7177543640137
"FG","2026-08-19T09:00:00.000000",22.7441577911377
"FG","2026-08-19T10:00:00.000000",22.3080902099609
"FG","2026-08-19T11:00:00.000000",22.1313781738281
"FG","2026-08-19T12:00:00.000000",22.3508281707764
"FG","2026-08-19T13:00:00.000000",22.479455947876
"FG","2026-08-19T14:00:00.000000",22.0784320831299
"FG","2026-08-19T15:00:00.000000",22.0500564575195
"FG","2026-08-19T16:00:00.000000",22.0367679595947
"FG","2026-08-19T17:00:00.000000",22.1699504852295
"FG","2026-08-19T18:00:00.000000",22.4435062408447
"FG","2026-08-19T19:00:00.000000",22.5971775054932
"FG","2026-08-19T20:00:00.000000",22.676197052002
"FG","2026-08-19T21:00:00.000000",22.7264060974121
"FG","2026-08-19T22:00:00.000000",22.724983215332
"FG","2026-08-19T23:00:00.000000",22.3109359741211
"FG","2026-08-20T00:00:00.000000",22.3556499481201
"FG","2026-08-20T01:00:00.000000",22.5963401794434
"FG","2026-08-20T02:00:00.000000",22.5877170562744
"FG","2026-08-20T03:00:00.000000",22.2081966400146
"FG","2026-08-20T04:00:00.000000",22.2660446166992
"FG","2026-08-20T05:00:00.000000",22.2857627868652
"FG","2026-08-20T06:00:00.000000",22.5552501678467
"FG","2026-08-20T07:00:00.000000",22.6766452789307
"FG","2026-08-20T08:00:00.000000",22.7310695648193
"FG","2026-08-20T09:00:00.000000",22.7744522094727
"FG","2026-08-20T10:00:00.000000",22.7923240661621
"FG","2026-08-20T11:00:00.000000",22.5399169921875
"FG","2026-08-20T12:00:00.000000",22.2955284118652
"FG","2026-08-20T13:00:00.000000",22.3870296478271
"FG","2026-08-20T14:00:00.000000",22.5153656005859
"FG","2026-08-20T15:00:00.000000",22.2562351226807
"FG","2026-08-20T16:00:00.000000",22.1516628265381
"FG","2026-08-20T17:00:00.000000",22.170934677124
"FG","2026-08-20T18:00:00.000000",22.3684787750244
"FG","2026-08-20T19:00:00.000000",22.5437355041504
"FG","2026-08-20T20:00:00.000000",22.6732921600342
"FG","2026-08-20T21:00:00.000000",22.7291259765625
"FG","2026-08-20T22:00:00.000000",22.7841510772705
"FG","2026-08-20T23:00:00.000000",22.823184967041
"FG","2026-08-21T00:00:00.000000",22.6839084625244
"FG","2026-08-21T01:00:00.000000",22.6718845367432
"FG","2026-08-21T02:00:00.000000",22.7391910552979
"FG","2026-08-21T03:00:00.000000",22.5217876434326
"FG","2026-08-21T04:00:00.000000",22.4285278320312
"FG","2026-08-21T05:00:00.000000",22.4499778747559
"FG","2026-08-21T06:00:00.000000",22.5673866271973
"FG","2026-08-21T07:00:00.000000",22.6655502319336
"FG","2026-08-21T08:00:00.000000",22.7353897094727
"FG","2026-08-21T09:00:00.000000",22.7046813964844
"FG","2026-08-21T10:00:00.000000",22.7722225189209
"FG","2026-08-21T11:00:00.000000",22.8366966247559
"FG","2026-08-21T12:00:00.000000",22.7311592102051
"FG","2026-08-21T13:00:00.000000",22.4204235076904
"FG","2026-08-21T14:00:00.000000",22.4317970275879
"FG","2026-08-21T15:00:00.000000",22.4879703521729
"FG","2026-08-21T16:00:00.000000",22.3709812164307
"FG","2026-08-21T17:00:00.000000",22.2915363311768
"FG","2026-08-21T18:00:00.000000",22.2587909698486
"FG","2026-08-21T19:00:00.000000",22.4066619873047
"FG","2026-08-21T20:00:00.000000",22.5637893676758
"FG","2026-08-21T21:00:00.000000",22.7340927124023
"FG","2026-08-21T22:00:00.000000",22.7619724273682
"FG","2026-08-21T23:00:00.000000",22.7768211364746
"FG","2026-08-22T00:00:00.000000",22.8026428222656
"FG","2026-08-22T01:00:00.000000",22.7542839050293
"FG","2026-08-22T02:00:00.000000",22.7606220245361
"FG","2026-08-22T03:00:00.000000",22.7791137695312
"FG","2026-08-22T04:00:00.000000",22.698543548584
"FG","2026-08-22T05:00:00.000000",22.4880504608154
"FG","2026-08-22T06:00:00.000000",22.6388263702393
"FG","2026-08-22T07:00:00.000000",22.6895313262939
"FG","2026-08-22T08:00:00.000000",22.8474025726318
"FG","2026-08-22T09:00:00.000000",22.9406223297119
"FG","2026-08-22T10:00:00.000000",22.9893589019775
"FG","2026-08-22T11:00:00.000000",23.0038585662842
"FG","2026-08-22T12:00:00.000000",23.0416145324707
"FG","2026-08-22T13:00:00.000000",22.7721767425537
"FG","2026-08-22T14:00:00.000000",22.6017436981201
"FG","2026-08-22T15:00:00.000000",22.8782157897949
"FG","2026-08-22T16:00:00.000000",22.7342624664307
"FG","2026-08-22T17:00:00.000000",22.6438255310059
"FG","2026-08-22T18:00:00.000000",22.3924770355225
"FG","2026-08-22T19:00:00.000000",22.3811683654785
"FG","2026-08-22T20:00:00.000000",22.4995880126953
"FG","2026-08-22T21:00:00.000000",22.6831207275391
"FG","2026-08-22T22:00:00.000000",22.7571048736572
"FG","2026-08-22T23:00:00.000000",22.8004684448242
"FG","2026-08-23T00:00:00.000000",22.8818588256836
"FG","2026-08-23T01:00:00.000000",22.9351119995117
"FG","2026-08-23T02:00:00.000000",22.776330947876
"FG","2026-08-23T03:00:00.000000",22.7392711639404
"FG","2026-08-23T04:00:00.000000",22.7015533447266
"FG","2026-08-23T05:00:00.000000",22.4938354492188
"FG","2026-08-23T06:00:00.000000",22.5605773925781
"FG","2026-08-23T07:00:00.000000",22.7405338287354
"FG","2026-08-23T08:00:00.000000",22.6084823608398
"FG","2026-08-23T09:00:00.000000",22.6315116882324
"FG","2026-08-23T10:00:00.000000",22.5666790008545
"FG","2026-08-23T11:00:00.000000",22.6507453918457
"FG","2026-08-23T12:00:00.000000",22.8054504394531
"FG","2026-08-23T13:00:00.000000",22.8091144561768
"FG","2026-08-23T14:00:00.000000",22.6184253692627
"FG","2026-08-23T15:00:00.000000",22.4427604675293
"FG","2026-08-23T16:00:00.000000",22.4872779846191
"FG","2026-08-23T17:00:00.000000",22.448860168457
"FG","2026-08-23T18:00:00.000000",22.258337020874
"FG","2026-08-23T19:00:00.000000",22.2008399963379
"FG","2026-08-23T20:00:00.000000",22.3440628051758
"FG","2026-08-23T21:00:00.000000",22.575611114502
"FG","2026-08-23T22:00:00.000000",22.7070999145508
"FG","2026-08-23T23:00:00.000000",22.8156871795654
"FG","2026-08-24T00:00:00.000000",22.8946762084961
"FG","2026-08-24T01:00:00.000000",22.95188331604
"FG","2026-08-24T02:00:00.000000",22.9508819580078
"FG","2026-08-24T03:00:00.000000",22.522331237793
"FG","2026-08-24T04:00:00.000000",22.6363887786865
"FG","2026-08-24T05:00:00.000000",22.7321453094482
"FG","2026-08-24T06:00:00.000000",22.5698165893555
"FG","2026-08-24T07:00:00.000000",22.5446376800537
"FG","2026-08-24T08:00:00.000000",22.4390144348145
"FG","2026-08-24T09:00:00.000000",22.5396423339844
"FG","2026-08-24T10:00:00.000000",22.6874504089355
"FG","2026-08-24T11:00:00.000000",22.820219039917
"FG","2026-08-24T12:00:00.000000",22.8977470397949
"FG","2026-08-24T13:00:00.000000",22.9713439941406
"FG","2026-08-24T14:00:00.000000",22.9907531738281
"FG","2026-08-24T15:00:00.000000",22.5404434204102
"FG","2026-08-24T16:00:00.000000",22.8401737213135
"FG","2026-08-24T17:00:00.000000",22.7239990234375
"FG","2026-08-24T18:00:00.000000",22.7756061553955
"FG","2026-08-24T19:00:00.000000",22.5107975006104
"FG","2026-08-24T20:00:00.000000",22.4081916809082
"FG","2026-08-24T21:00:00.000000",22.4196071624756
"FG","2026-08-24T22:00:00.000000",22.5278491973877
"FG","2026-08-24T23:00:00.000000",22.7489242553711
"FG","2026-08-25T00:00:00.000000",23.0609893798828
"FG","2026-08-25T01:00:00.000000",23.1415958404541
"FG","2026-08-25T02:00:00.000000",23.1322288513184
"FG","2026-08-25T03:00:00.000000",23.0676651000977
"FG","2026-08-25T04:00:00.000000",22.8426933288574
"FG","2026-08-25T05:00:00.000000",22.8342418670654
"FG","2026-08-25T06:00:00.000000",22.8571186065674
"FG","2026-08-25T07:00:00.000000",22.6303081512451
"FG","2026-08-25T08:00:00.000000",22.5005970001221
"FG","2026-08-25T09:00:00.000000",22.4904594421387
"FG","2026-08-25T10:00:00.000000",22.6186218261719
"FG","2026-08-25T11:00:00.000000",22.7732982635498
"FG","2026-08-25T12:00:00.000000",22.9582195281982
"FG","2026-08-25T13:00:00.000000",23.0291614532471
"FG","2026-08-25T14:00:00.000000",23.0963897705078
"FG","2026-08-25T15:00:00.000000",23.1294193267822
"FG","2026-08-25T16:00:00.000000",22.6416969299316
"FG","2026-08-25T17:00:00.000000",22.840950012207
"FG","2026-08-25T18:00:00.000000",22.6381607055664
"FG","2026-08-25T19:00:00.000000",22.721471786499
"FG","2026-08-25T20:00:00.000000",22.4463500976562
"FG","2026-08-25T21:00:00.000000",22.2377014160156
"FG","2026-08-25T22:00:00.000000",22.3131542205811
"FG","2026-08-25T23:00:00.000000",22.6291427612305
"FG","2026-08-26T00:00:00.000000",22.8608379364014
"GI","2026-08-18T00:00:00.000000",21.347339630127
"GI","2026-08-18T01:00:00.000000",21.3409061431885
"GI","2026-08-18T02:00:00.000000",21.3377227783203
"GI","2026-08-18T03:00:00.000000",21.3332614898682
"GI","2026-08-18T04:00:00.000000",21.3321781158447
"GI","2026-08-18T05:00:00.000000",21.3336544036865
"GI","2026-08-18T06:00:00.000000",21.3453845977783
"GI","2026-08-18T07:00:00.000000",21.3593654632568
"GI","2026-08-18T08:00:00.000000",21.3682460784912
"GI","2026-08-18T09:00:00.000000",21.372802734375
"GI","2026-08-18T10:00:00.000000",21.378963470459
"GI","2026-08-18T11:00:00.000000",21.3824768066406
"GI","2026-08-18T12:00:00.000000",21.3901557922363
"GI","2026-08-18T13:00:00.000000",21.372127532959
"GI","2026-08-18T14:00:00.000000",21.354850769043
"GI","2026-08-18T15:00:00.000000",21.2697010040283
"GI","2026-08-18T16:00:00.000000",21.2298984527588
"GI","2026-08-18T17:00:00.000000",21.2133140563965
"GI","2026-08-18T18:00:00.000000",21.2685890197754
"GI","2026-08-18T19:00:00.000000",21.3704452514648
"GI","2026-08-18T20:00:00.000000",21.4280395507812
"GI","2026-08-18T21:00:00.000000",21.4526462554932
"GI","2026-08-18T22:00:00.000000",21.4567451477051
"GI","2026-08-18T23:00:00.000000",21.4742488861084
"GI","2026-08-19T00:00:00.000000",21.4818954467773
"GI","2026-08-19T01:00:00.000000",21.45774269104
"GI","2026-08-19T02:00:00.000000",21.4347381591797
"GI","2026-08-19T03:00:00.000000",21.3821258544922
"GI","2026-08-19T04:00:00.000000",21.3108863830566
"GI","2026-08-19T05:00:00.000000",21.2791175842285
"GI","2026-08-19T06:00:00.000000",21.3251399993896
"GI","2026-08-19T07:00:00.000000",21.4088230133057
"GI","2026-08-19T08:00:00.000000",21.4753646850586
"GI","2026-08-19T09:00:00.000000",21.4945526123047
"GI","2026-08-19T10:00:00.000000",21.499382019043
"GI","2026-08-19T11:00:00.000000",21.498950958252
"GI","2026-08-19T12:00:00.000000",21.5110111236572
"GI","2026-08-19T13:00:00.000000",21.4981098175049
"GI","2026-08-19T14:00:00.000000",21.4430999755859
"GI","2026-08-19T15:00:00.000000",21.3532581329346
"GI","2026-08-19T16:00:00.000000",21.25417137146
"GI","2026-08-19T17:00:00.000000",21.2217025756836
"GI","2026-08-19T18:00:00.000000",21.2286624908447
"GI","2026-08-19T19:00:00.000000",21.2741851806641
"GI","2026-08-19T20:00:00.000000",21.4188899993896
"GI","2026-08-19T21:00:00.000000",21.5012607574463
"GI","2026-08-19T22:00:00.000000",21.5278377532959
"GI","2026-08-19T23:00:00.000000",21.5298042297363
"GI","2026-08-20T00:00:00.000000",21.5499591827393
"GI","2026-08-20T01:00:00.000000",21.5573387145996
"GI","2026-08-20T02:00:00.000000",21.5385799407959
"GI","2026-08-20T03:00:00.000000",21.5114517211914
"GI","2026-08-20T04:00:00.000000",21.4772357940674
"GI","2026-08-20T05:00:00.000000",21.4658966064453
"GI","2026-08-20T06:00:00.000000",21.4730701446533
"GI","2026-08-20T07:00:00.000000",21.47975730896
"GI","2026-08-20T08:00:00.000000",21.5274391174316
"GI","2026-08-20T09:00:00.000000",21.5668487548828
"GI","2026-08-20T10:00:00.000000",21.5871143341064
"GI","2026-08-20T11:00:00.000000",21.5928153991699
"GI","2026-08-20T12:00:00.000000",21.5827770233154
"GI","2026-08-20T13:00:00.000000",21.5921173095703
"GI","2026-08-20T14:00:00.000000",21.5609092712402
"GI","2026-08-20T15:00:00.000000",21.5503807067871
"GI","2026-08-20T16:00:00.000000",21.6077880859375
"GI","2026-08-20T17:00:00.000000",21.6904487609863
"GI","2026-08-20T18:00:00.000000",21.7326354980469
"GI","2026-08-20T19:00:00.000000",21.7531337738037
"GI","2026-08-20T20:00:00.000000",21.7400398254395
"GI","2026-08-20T21:00:00.000000",21.6642513275146
"GI","2026-08-20T22:00:00.000000",21.644947052002
"GI","2026-08-20T23:00:00.000000",21.6478137969971
"GI","2026-08-21T00:00:00.000000",21.6527690887451
"GI","2026-08-21T01:00:00.000000",21.6574020385742
"GI","2026-08-21T02:00:00.000000",21.6577529907227
"GI","2026-08-21T03:00:00.000000",21.6188316345215
"GI","2026-08-21T04:00:00.000000",21.6119995117188
"GI","2026-08-21T05:00:00.000000",21.6121158599854
"GI","2026-08-21T06:00:00.000000",21.6114101409912
"GI","2026-08-21T07:00:00.000000",21.6197528839111
"GI","2026-08-21T08:00:00.000000",21.5921783447266
"GI","2026-08-21T09:00:00.000000",21.5703735351562
"GI","2026-08-21T10:00:00.000000",21.5586166381836
"GI","2026-08-21T11:00:00.000000",21.5389385223389
"GI","2026-08-21T12:00:00.000000",21.503833770752
"GI","2026-08-21T13:00:00.000000",21.4849510192871
"GI","2026-08-21T14:00:00.000000",21.4593143463135
"GI","2026-08-21T15:00:00.000000",21.4157466888428
"GI","2026-08-21T16:00:00.000000",21.3695392608643
"GI","2026-08-21T17:00:00.000000",21.3176307678223
"GI","2026-08-21T18:00:00.000000",21.2566967010498
"GI","2026-08-21T19:00:00.000000",21.1806221008301
"GI","2026-08-21T20:00:00.000000",21.1682643890381
"GI","2026-08-21T21:00:00.000000",21.2134857177734
"GI","2026-08-21T22:00:00.000000",21.2704334259033
"GI","2026-08-21T23:00:00.000000",21.3116645812988
"GI","2026-08-22T00:00:00.000000",21.3214340209961
"GI","2026-08-22T01:00:00.000000",21.3260936737061
"GI","2026-08-22T02:00:00.000000",21.3315258026123
"GI","2026-08-22T03:00:00.000000",21.330753326416
"GI","2026-08-22T04:00:00.000000",21.3239212036133
"GI","2026-08-22T05:00:00.000000",21.2846164703369
"GI","2026-08-22T06:00:00.000000",21.2629528045654
"GI","2026-08-22T07:00:00.000000",21.2525100708008
"GI","2026-08-22T08:00:00.000000",21.2463455200195
"GI","2026-08-22T09:00:00.000000",21.2898216247559
"GI","2026-08-22T10:00:00.000000",21.3102951049805
"GI","2026-08-22T11:00:00.000000",21.3218364715576
"GI","2026-08-22T12:00:00.000000",21.3244094848633
"GI","2026-08-22T13:00:00.000000",21.3111591339111
"GI","2026-08-22T14:00:00.000000",21.3183612823486
"GI","2026-08-22T15:00:00.000000",21.3006896972656
"GI","2026-08-22T16:00:00.000000",21.2745628356934
"GI","2026-08-22T17:00:00.000000",21.2146778106689
"GI","2026-08-22T18:00:00.000000",21.1541023254395
"GI","2026-08-22T19:00:00.000000",21.0864505767822
"GI","2026-08-22T20:00:00.000000",21.0723190307617
"GI","2026-08-22T21:00:00.000000",21.0718879699707
"GI","2026-08-22T22:00:00.000000",21.0782375335693
"GI","2026-08-22T23:00:00.000000",21.1139640808105
"GI","2026-08-23T00:00:00.000000",21.1781826019287
"GI","2026-08-23T01:00:00.000000",21.2101345062256
"GI","2026-08-23T02:00:00.000000",21.2233047485352
"GI","2026-08-23T03:00:00.000000",21.2337341308594
"GI","2026-08-23T04:00:00.000000",21.2356033325195
"GI","2026-08-23T05:00:00.000000",21.2071075439453
"GI","2026-08-23T06:00:00.000000",21.1918964385986
"GI","2026-08-23T07:00:00.000000",21.1633605957031
"GI","2026-08-23T08:00:00.000000",21.1436405181885
"GI","2026-08-23T09:00:00.000000",21.0785884857178
"GI","2026-08-23T10:00:00.000000",20.9814834594727
"GI","2026-08-23T11:00:00.000000",20.7994899749756
"GI","2026-08-23T12:00:00.000000",20.7968826293945
"GI","2026-08-23T13:00:00.000000",20.8191394805908
"GI","2026-08-23T14:00:00.000000",20.8124389648438
"GI","2026-08-23T15:00:00.000000",20.8100109100342
"GI","2026-08-23T16:00:00.000000",20.781120300293
"GI","2026-08-23T17:00:00.000000",20.7650451660156
"GI","2026-08-23T18:00:00.000000",20.794620513916
"GI","2026-08-23T19:00:00.000000",20.8761234283447
"GI","2026-08-23T20:00:00.000000",20.971565246582
"GI","2026-08-23T21:00:00.000000",21.008861541748
"GI","2026-08-23T22:00:00.000000",21.0192680358887
"GI","2026-08-23T23:00:00.000000",21.0144004821777
"GI","2026-08-24T00:00:00.000000",20.9392852783203
"GI","2026-08-24T01:00:00.000000",20.9009647369385
"GI","2026-08-24T02:00:00.000000",20.8870754241943
"GI","2026-08-24T03:00:00.000000",20.8833618164062
"GI","2026-08-24T04:00:00.000000",20.8810138702393
"GI","2026-08-24T05:00:00.000000",20.8924350738525
"GI","2026-08-24T06:00:00.000000",20.9159030914307
"GI","2026-08-24T07:00:00.000000",20.9182415008545
"GI","2026-08-24T08:00:00.000000",20.9268131256104
"GI","2026-08-24T09:00:00.000000",20.9353351593018
"GI","2026-08-24T10:00:00.000000",20.9452857971191
"GI","2026-08-24T11:00:00.000000",20.9368591308594
"GI","2026-08-24T12:00:00.000000",20.9193305969238
"GI","2026-08-24T13:00:00.000000",20.9090595245361
"GI","2026-08-24T14:00:00.000000",20.9085292816162
"GI","2026-08-24T15:00:00.000000",20.9137191772461
"GI","2026-08-24T16:00:00.000000",20.9443225860596
"GI","2026-08-24T17:00:00.000000",20.9516067504883
"GI","2026-08-24T18:00:00.000000",20.9657344818115
"GI","2026-08-24T19:00:00.000000",20.9839572906494
"GI","2026-08-24T20:00:00.000000",21.0322666168213
"GI","2026-08-24T21:00:00.000000",21.0592727661133
"GI","2026-08-24T22:00:00.000000",21.06227684021
"GI","2026-08-24T23:00:00.000000",21.059196472168
"GI","2026-08-25T00:00:00.000000",21.052339553833
"GI","2026-08-25T01:00:00.000000",21.0220909118652
"GI","2026-08-25T02:00:00.000000",20.9937477111816
"GI","2026-08-25T03:00:00.000000",20.9785442352295
"GI","2026-08-25T04:00:00.000000",20.9717998504639
"GI","2026-08-25T05:00:00.000000",20.9664459228516
"GI","2026-08-25T06:00:00.000000",20.9761905670166
"GI","2026-08-25T07:00:00.000000",20.9870567321777
"GI","2026-08-25T08:00:00.000000",20.9961967468262
"GI","2026-08-25T09:00:00.000000",21.000373840332
"GI","2026-08-25T10:00:00.000000",20.9980411529541
"GI","2026-08-25T11:00:00.000000",20.9963626861572
"GI","2026-08-25T12:00:00.000000",20.9965915679932
"GI","2026-08-25T13:00:00.000000",20.9864082336426
"GI","2026-08-25T14:00:00.000000",20.9763126373291
"GI","2026-08-25T15:00:00.000000",20.9691867828369
"GI","2026-08-25T16:00:00.000000",20.9705829620361
"GI","2026-08-25T17:00:00.000000",20.9863319396973
"GI","2026-08-25T18:00:00.000000",20.9974536895752
"GI","2026-08-25T19:00:00.000000",21.0234260559082
"GI","2026-08-25T20:00:00.000000",20.939868927002
"GI","2026-08-25T21:00:00.000000",20.8093566894531
"GI","2026-08-25T22:00:00.000000",20.7691078186035
"GI","2026-08-25T23:00:00.000000",20.7539386749268
"GI","2026-08-26T00:00:00.000000",20.7504920959473
"JB","2026-08-18T00:00:00.000000",21.9715671539307
"JB","2026-08-18T01:00:00.000000",22.0033092498779
"JB","2026-08-18T02:00:00.000000",22.0235252380371
"JB","2026-08-18T03:00:00.000000",21.8193225860596
"JB","2026-08-18T04:00:00.000000",21.7273921966553
"JB","2026-08-18T05:00:00.000000",21.9586315155029
"JB","2026-08-18T06:00:00.000000",22.1281394958496
"JB","2026-08-18T07:00:00.000000",21.9551486968994
"JB","2026-08-18T08:00:00.000000",21.7995052337646
"JB","2026-08-18T09:00:00.000000",21.89235496521
"JB","2026-08-18T10:00:00.000000",22.257719039917
"JB","2026-08-18T11:00:00.000000",21.9474945068359
"JB","2026-08-18T12:00:00.000000",21.7786464691162
"JB","2026-08-18T13:00:00.000000",21.810417175293
"JB","2026-08-18T14:00:00.000000",22.2157077789307
"JB","2026-08-18T15:00:00.000000",21.9411869049072
"JB","2026-08-18T16:00:00.000000",21.7452735900879
"JB","2026-08-18T17:00:00.000000",21.6767158508301
"JB","2026-08-18T18:00:00.000000",21.9699440002441
"JB","2026-08-18T19:00:00.000000",21.9574222564697
"JB","2026-08-18T20:00:00.000000",21.8233795166016
"JB","2026-08-18T21:00:00.000000",21.7571983337402
"JB","2026-08-18T22:00:00.000000",22.1908397674561
"JB","2026-08-18T23:00:00.000000",22.1987571716309
"JB","2026-08-19T00:00:00.000000",21.833475112915
"JB","2026-08-19T01:00:00.000000",21.8024444580078
"JB","2026-08-19T02:00:00.000000",22.4518146514893
"JB","2026-08-19T03:00:00.000000",22.1410522460938
"JB","2026-08-19T04:00:00.000000",21.8523941040039
"JB","2026-08-19T05:00:00.000000",21.7768611907959
"JB","2026-08-19T06:00:00.000000",22.07102394104
"JB","2026-08-19T07:00:00.000000",22.0204410552979
"JB","2026-08-19T08:00:00.000000",21.8999404907227
"JB","2026-08-19T09:00:00.000000",21.8352756500244
"JB","2026-08-19T10:00:00.000000",21.8431129455566
"JB","2026-08-19T11:00:00.000000",22.1116027832031
"JB","2026-08-19T12:00:00.000000",21.9096946716309
"JB","2026-08-19T13:00:00.000000",21.8174705505371
"JB","2026-08-19T14:00:00.000000",21.9588928222656
"JB","2026-08-19T15:00:00.000000",22.2244720458984
"JB","2026-08-19T16:00:00.000000",21.9456195831299
"JB","2026-08-19T17:00:00.000000",21.8273410797119
"JB","2026-08-19T18:00:00.000000",21.9020023345947
"JB","2026-08-19T19:00:00.000000",22.0179767608643
"JB","2026-08-19T20:00:00.000000",21.9788360595703
"JB","2026-08-19T21:00:00.000000",21.9264221191406
"JB","2026-08-19T22:00:00.000000",21.8959846496582
"JB","2026-08-19T23:00:00.000000",21.873649597168
"JB","2026-08-20T00:00:00.000000",21.8750839233398
"JB","2026-08-20T01:00:00.000000",21.9239826202393
"JB","2026-08-20T02:00:00.000000",22.0288181304932
"JB","2026-08-20T03:00:00.000000",21.9713459014893
"JB","2026-08-20T04:00:00.000000",22.0215797424316
"JB","2026-08-20T05:00:00.000000",21.9637145996094
"JB","2026-08-20T06:00:00.000000",21.8995742797852
"JB","2026-08-20T07:00:00.000000",22.0562744140625
"JB","2026-08-20T08:00:00.000000",22.0627155303955
"JB","2026-08-20T09:00:00.000000",22.064022064209
"JB","2026-08-20T10:00:00.000000",21.9976119995117
"JB","2026-08-20T11:00:00.000000",21.9763050079346
"JB","2026-08-20T12:00:00.000000",22.1136741638184
"JB","2026-08-20T13:00:00.000000",22.0600528717041
"JB","2026-08-20T14:00:00.000000",21.9824466705322
"JB","2026-08-20T15:00:00.000000",21.9647903442383
"JB","2026-08-20T16:00:00.000000",21.99609375
"JB","2026-08-20T17:00:00.000000",21.9771423339844
"JB","2026-08-20T18:00:00.000000",21.9129180908203
"JB","2026-08-20T19:00:00.000000",21.9322071075439
"JB","2026-08-20T20:00:00.000000",22.0617294311523
"JB","2026-08-20T21:00:00.000000",22.0218276977539
"JB","2026-08-20T22:00:00.000000",21.953088760376
"JB","2026-08-20T23:00:00.000000",22.02392578125
"JB","2026-08-21T00:00:00.000000",21.9791412353516
"JB","2026-08-21T01:00:00.000000",21.9520072937012
"JB","2026-08-21T02:00:00.000000",21.9952583312988
"JB","2026-08-21T03:00:00.000000",22.0291843414307
"JB","2026-08-21T04:00:00.000000",22.0801811218262
"JB","2026-08-21T05:00:00.000000",22.0737819671631
"JB","2026-08-21T06:00:00.000000",22.0115699768066
"JB","2026-08-21T07:00:00.000000",22.0561943054199
"JB","2026-08-21T08:00:00.000000",22.2974662780762
"JB","2026-08-21T09:00:00.000000",22.3210353851318
"JB","2026-08-21T10:00:00.000000",22.1390552520752
"JB","2026-08-21T11:00:00.000000",22.1094074249268
"JB","2026-08-21T12:00:00.000000",22.1375141143799
"JB","2026-08-21T13:00:00.000000",22.6345520019531
"JB","2026-08-21T14:00:00.000000",22.40061378479
"JB","2026-08-21T15:00:00.000000",22.1482067108154
"JB","2026-08-21T16:00:00.000000",22.0983982086182
"JB","2026-08-21T17:00:00.000000",22.4110641479492
"JB","2026-08-21T18:00:00.000000",22.4086132049561
"JB","2026-08-21T19:00:00.000000",22.1869773864746
"JB","2026-08-21T20:00:00.000000",22.264009475708
"JB","2026-08-21T21:00:00.000000",22.3847236633301
"JB","2026-08-21T22:00:00.000000",22.4773197174072
"JB","2026-08-21T23:00:00.000000",22.3216114044189
"JB","2026-08-22T00:00:00.000000",22.3312435150146
"JB","2026-08-22T01:00:00.000000",22.3942050933838
"JB","2026-08-22T02:00:00.000000",22.305004119873
"JB","2026-08-22T03:00:00.000000",22.2080497741699
"JB","2026-08-22T04:00:00.000000",22.190221786499
"JB","2026-08-22T05:00:00.000000",22.3955612182617
"JB","2026-08-22T06:00:00.000000",22.272575378418
"JB","2026-08-22T07:00:00.000000",22.1306076049805
"JB","2026-08-22T08:00:00.000000",22.1322975158691
"JB","2026-08-22T09:00:00.000000",22.215202331543
"JB","2026-08-22T10:00:00.000000",22.190071105957
"JB","2026-08-22T11:00:00.000000",22.1030330657959
"JB","2026-08-22T12:00:00.000000",22.1220397949219
"JB","2026-08-22T13:00:00.000000",22.1930522918701
"JB","2026-08-22T14:00:00.000000",22.4216423034668
"JB","2026-08-22T15:00:00.000000",22.2269020080566
"JB","2026-08-22T16:00:00.000000",22.1297359466553
"JB","2026-08-22T17:00:00.000000",22.2112655639648
"JB","2026-08-22T18:00:00.000000",22.3627796173096
"JB","2026-08-22T19:00:00.000000",22.1604404449463
"JB","2026-08-22T20:00:00.000000",22.0880641937256
"JB","2026-08-22T21:00:00.000000",22.1381778717041
"JB","2026-08-22T22:00:00.000000",22.1553783416748
"JB","2026-08-22T23:00:00.000000",22.1319923400879
"JB","2026-08-23T00:00:00.000000",22.1079864501953
"JB","2026-08-23T01:00:00.000000",22.1373176574707
"JB","2026-08-23T02:00:00.000000",22.1227035522461
"JB","2026-08-23T03:00:00.000000",22.1106452941895
"JB","2026-08-23T04:00:00.000000",22.1317024230957
"JB","2026-08-23T05:00:00.000000",22.113073348999
"JB","2026-08-23T06:00:00.000000",22.1638965606689
"JB","2026-08-23T07:00:00.000000",22.1907539367676
"JB","2026-08-23T08:00:00.000000",22.1311283111572
"JB","2026-08-23T09:00:00.000000",22.04443359375
"JB","2026-08-23T10:00:00.000000",22.0014743804932
"JB","2026-08-23T11:00:00.000000",22.022481918335
"JB","2026-08-23T12:00:00.000000",22.1223526000977
"JB","2026-08-23T13:00:00.000000",22.1175689697266
"JB","2026-08-23T14:00:00.000000",22.1267185211182
"JB","2026-08-23T15:00:00.000000",22.2024250030518
"JB","2026-08-23T16:00:00.000000",22.1732273101807
"JB","2026-08-23T17:00:00.000000",22.1463775634766
"JB","2026-08-23T18:00:00.000000",22.1770210266113
"JB","2026-08-23T19:00:00.000000",22.1698665618896
"JB","2026-08-23T20:00:00.000000",22.1258392333984
"JB","2026-08-23T21:00:00.000000",22.1255493164062
"JB","2026-08-23T22:00:00.000000",22.1805229187012
"JB","2026-08-23T23:00:00.000000",22.1765117645264
"JB","2026-08-24T00:00:00.000000",22.178840637207
"JB","2026-08-24T01:00:00.000000",22.1875782012939
"JB","2026-08-24T02:00:00.000000",22.1981220245361
"JB","2026-08-24T03:00:00.000000",22.1843967437744
"JB","2026-08-24T04:00:00.000000",22.2067165374756
"JB","2026-08-24T05:00:00.000000",22.2716770172119
"JB","2026-08-24T06:00:00.000000",22.2768859863281
"JB","2026-08-24T07:00:00.000000",22.2914352416992
"JB","2026-08-24T08:00:00.000000",22.2986488342285
"JB","2026-08-24T09:00:00.000000",22.2650775909424
"JB","2026-08-24T10:00:00.000000",22.2585144042969
"JB","2026-08-24T11:00:00.000000",22.3854656219482
"JB","2026-08-24T12:00:00.000000",22.3607311248779
"JB","2026-08-24T13:00:00.000000",22.294921875
"JB","2026-08-24T14:00:00.000000",22.2633304595947
"JB","2026-08-24T15:00:00.000000",22.2957592010498
"JB","2026-08-24T16:00:00.000000",22.4153079986572
"JB","2026-08-24T17:00:00.000000",22.3179779052734
"JB","2026-08-24T18:00:00.000000",22.259334564209
"JB","2026-08-24T19:00:00.000000",22.26198387146
"JB","2026-08-24T20:00:00.000000",22.2503700256348
"JB","2026-08-24T21:00:00.000000",22.2061023712158
"JB","2026-08-24T22:00:00.000000",22.1462287902832
"JB","2026-08-24T23:00:00.000000",22.1643009185791
"JB","2026-08-25T00:00:00.000000",22.2709712982178
"JB","2026-08-25T01:00:00.000000",22.3092231750488
"JB","2026-08-25T02:00:00.000000",22.2724666595459
"JB","2026-08-25T03:00:00.000000",22.2389335632324
"JB","2026-08-25T04:00:00.000000",22.2397327423096
"JB","2026-08-25T05:00:00.000000",22.2543163299561
"JB","2026-08-25T06:00:00.000000",22.2623023986816
"JB","2026-08-25T07:00:00.000000",22.3363227844238
"JB","2026-08-25T08:00:00.000000",22.3993473052979
"JB","2026-08-25T09:00:00.000000",22.3492221832275
"JB","2026-08-25T10:00:00.000000",22.2365303039551
"JB","2026-08-25T11:00:00.000000",22.2386817932129
"JB","2026-08-25T12:00:00.000000",22.3479976654053
"JB","2026-08-25T13:00:00.000000",22.3297157287598
"JB","2026-08-25T14:00:00.000000",22.2849102020264
"JB","2026-08-25T15:00:00.000000",22.2612495422363
"JB","2026-08-25T16:00:00.000000",22.6051845550537
"JB","2026-08-25T17:00:00.000000",22.5792541503906
"JB","2026-08-25T18:00:00.000000",22.235107421875
"JB","2026-08-25T19:00:00.000000",22.1084423065186
"JB","2026-08-25T20:00:00.000000",22.0975532531738
"JB","2026-08-25T21:00:00.000000",22.0901222229004
"JB","2026-08-25T22:00:00.000000",22.0255260467529
"JB","2026-08-25T23:00:00.000000",21.8924102783203
"JB","2026-08-26T00:00:00.000000",21.9118843078613
NA,"2026-08-18T00:00:00.000000",20.7872657775879
NA,"2026-08-18T01:00:00.000000",20.7882633209229
NA,"2026-08-18T02:00:00.000000",20.7914409637451
NA,"2026-08-18T03:00:00.000000",20.7973289489746
NA,"2026-08-18T04:00:00.000000",20.8139781951904
NA,"2026-08-18T05:00:00.000000",20.818941116333
NA,"2026-08-18T06:00:00.000000",20.8072776794434
NA,"2026-08-18T07:00:00.000000",20.7959613800049
NA,"2026-08-18T08:00:00.000000",20.8004722595215
NA,"2026-08-18T09:00:00.000000",20.8087253570557
NA,"2026-08-18T10:00:00.000000",20.8137550354004
NA,"2026-08-18T11:00:00.000000",20.8174915313721
NA,"2026-08-18T12:00:00.000000",20.8210716247559
NA,"2026-08-18T13:00:00.000000",20.82444190979
NA,"2026-08-18T14:00:00.000000",20.8271484375
NA,"2026-08-18T15:00:00.000000",20.8220081329346
NA,"2026-08-18T16:00:00.000000",20.8179168701172
NA,"2026-08-18T17:00:00.000000",20.799783706665
NA,"2026-08-18T18:00:00.000000",20.757884979248
NA,"2026-08-18T19:00:00.000000",20.7480869293213
NA,"2026-08-18T20:00:00.000000",20.7542686462402
NA,"2026-08-18T21:00:00.000000",20.76784324646
NA,"2026-08-18T22:00:00.000000",20.7899951934814
NA,"2026-08-18T23:00:00.000000",20.8142356872559
NA,"2026-08-19T00:00:00.000000",20.8313503265381
NA,"2026-08-19T01:00:00.000000",20.8416175842285
NA,"2026-08-19T02:00:00.000000",20.8495903015137
NA,"2026-08-19T03:00:00.000000",20.8475379943848
NA,"2026-08-19T04:00:00.000000",20.8399448394775
NA,"2026-08-19T05:00:00.000000",20.8245162963867
NA,"2026-08-19T06:00:00.000000",20.8180065155029
NA,"2026-08-19T07:00:00.000000",20.7874717712402
NA,"2026-08-19T08:00:00.000000",20.770149230957
NA,"2026-08-19T09:00:00.000000",20.7777729034424
NA,"2026-08-19T10:00:00.000000",20.7978057861328
NA,"2026-08-19T11:00:00.000000",20.8235855102539
NA,"2026-08-19T12:00:00.000000",20.8486843109131
NA,"2026-08-19T13:00:00.000000",20.8671112060547
NA,"2026-08-19T14:00:00.000000",20.880069732666
NA,"2026-08-19T15:00:00.000000",20.8698596954346
NA,"2026-08-19T16:00:00.000000",20.8173217773438
NA,"2026-08-19T17:00:00.000000",20.8054218292236
NA,"2026-08-19T18:00:00.000000",20.7844944000244
NA,"2026-08-19T19:00:00.000000",20.7542953491211
NA,"2026-08-19T20:00:00.000000",20.7505550384521
NA,"2026-08-19T21:00:00.000000",20.7581729888916
NA,"2026-08-19T22:00:00.000000",20.7800273895264
NA,"2026-08-19T23:00:00.000000",20.8171443939209
NA,"2026-08-20T00:00:00.000000",20.8506336212158
NA,"2026-08-20T01:00:00.000000",20.8761177062988
NA,"2026-08-20T02:00:00.000000",20.9024791717529
NA,"2026-08-20T03:00:00.000000",20.9219131469727
NA,"2026-08-20T04:00:00.000000",20.9339561462402
NA,"2026-08-20T05:00:00.000000",20.9362411499023
NA,"2026-08-20T06:00:00.000000",20.9191303253174
NA,"2026-08-20T07:00:00.000000",20.8981189727783
NA,"2026-08-20T08:00:00.000000",20.8956813812256
NA,"2026-08-20T09:00:00.000000",20.9021110534668
NA,"2026-08-20T10:00:00.000000",20.9168949127197
NA,"2026-08-20T11:00:00.000000",20.9364643096924
NA,"2026-08-20T12:00:00.000000",20.9590492248535
NA,"2026-08-20T13:00:00.000000",20.9780292510986
NA,"2026-08-20T14:00:00.000000",20.9952831268311
NA,"2026-08-20T15:00:00.000000",21.0039768218994
NA,"2026-08-20T16:00:00.000000",21.0021514892578
NA,"2026-08-20T17:00:00.000000",20.9930324554443
NA,"2026-08-20T18:00:00.000000",20.9934673309326
NA,"2026-08-20T19:00:00.000000",20.9440288543701
NA,"2026-08-20T20:00:00.000000",20.8798408508301
NA,"2026-08-20T21:00:00.000000",20.8468856811523
NA,"2026-08-20T22:00:00.000000",20.846284866333
NA,"2026-08-20T23:00:00.000000",20.8637409210205
NA,"2026-08-21T00:00:00.000000",20.8969783782959
NA,"2026-08-21T01:00:00.000000",20.9260063171387
NA,"2026-08-21T02:00:00.000000",20.9387245178223
NA,"2026-08-21T03:00:00.000000",20.9350719451904
NA,"2026-08-21T04:00:00.000000",20.896520614624
NA,"2026-08-21T05:00:00.000000",20.8571643829346
NA,"2026-08-21T06:00:00.000000",20.8413600921631
NA,"2026-08-21T07:00:00.000000",20.8222255706787
NA,"2026-08-21T08:00:00.000000",20.7948207855225
NA,"2026-08-21T09:00:00.000000",20.7685527801514
NA,"2026-08-21T10:00:00.000000",20.7450923919678
NA,"2026-08-21T11:00:00.000000",20.7245655059814
NA,"2026-08-21T12:00:00.000000",20.706371307373
NA,"2026-08-21T13:00:00.000000",20.6886444091797
NA,"2026-08-21T14:00:00.000000",20.6736469268799
NA,"2026-08-21T15:00:00.000000",20.6636791229248
NA,"2026-08-21T16:00:00.000000",20.6565036773682
NA,"2026-08-21T17:00:00.000000",20.6519031524658
NA,"2026-08-21T18:00:00.000000",20.6455898284912
NA,"2026-08-21T19:00:00.000000",20.6476020812988
NA,"2026-08-21T20:00:00.000000",20.6772575378418
NA,"2026-08-21T21:00:00.000000",20.742696762085
NA,"2026-08-21T22:00:00.000000",20.7866344451904
NA,"2026-08-21T23:00:00.000000",20.8069076538086
NA,"2026-08-22T00:00:00.000000",20.813835144043
NA,"2026-08-22T01:00:00.000000",20.8144798278809
NA,"2026-08-22T02:00:00.000000",20.8098793029785
NA,"2026-08-22T03:00:00.000000",20.7991218566895
NA,"2026-08-22T04:00:00.000000",20.7879867553711
NA,"2026-08-22T05:00:00.000000",20.7784824371338
NA,"2026-08-22T06:00:00.000000",20.7748355865479
NA,"2026-08-22T07:00:00.000000",20.7768573760986
NA,"2026-08-22T08:00:00.000000",20.7954998016357
NA,"2026-08-22T09:00:00.000000",20.8212490081787
NA,"2026-08-22T10:00:00.000000",20.8317489624023
NA,"2026-08-22T11:00:00.000000",20.8332252502441
NA,"2026-08-22T12:00:00.000000",20.8305320739746
NA,"2026-08-22T13:00:00.000000",20.827033996582
NA,"2026-08-22T14:00:00.000000",20.8266181945801
NA,"2026-08-22T15:00:00.000000",20.8247261047363
NA,"2026-08-22T16:00:00.000000",20.8250255584717
NA,"2026-08-22T17:00:00.000000",20.8329486846924
NA,"2026-08-22T18:00:00.000000",20.831392288208
NA,"2026-08-22T19:00:00.000000",20.8065490722656
NA,"2026-08-22T20:00:00.000000",20.8208065032959
NA,"2026-08-22T21:00:00.000000",20.9130992889404
NA,"2026-08-22T22:00:00.000000",20.986988067627
NA,"2026-08-22T23:00:00.000000",21.0267372131348
NA,"2026-08-23T00:00:00.000000",21.0456676483154
NA,"2026-08-23T01:00:00.000000",21.0538425445557
NA,"2026-08-23T02:00:00.000000",21.0554542541504
NA,"2026-08-23T03:00:00.000000",21.047664642334
NA,"2026-08-23T04:00:00.000000",21.0304355621338
NA,"2026-08-23T05:00:00.000000",21.0193424224854
NA,"2026-08-23T06:00:00.000000",21.0153293609619
NA,"2026-08-23T07:00:00.000000",21.0129280090332
NA,"2026-08-23T08:00:00.000000",21.0191459655762
NA,"2026-08-23T09:00:00.000000",21.0001697540283
NA,"2026-08-23T10:00:00.000000",20.9544143676758
NA,"2026-08-23T11:00:00.000000",20.9461097717285
NA,"2026-08-23T12:00:00.000000",20.9163131713867
NA,"2026-08-23T13:00:00.000000",20.8514919281006
NA,"2026-08-23T14:00:00.000000",20.7638816833496
NA,"2026-08-23T15:00:00.000000",20.6808395385742
NA,"2026-08-23T16:00:00.000000",20.6381130218506
NA,"2026-08-23T17:00:00.000000",20.6088886260986
NA,"2026-08-23T18:00:00.000000",20.5998783111572
NA,"2026-08-23T19:00:00.000000",20.6297721862793
NA,"2026-08-23T20:00:00.000000",20.7125301361084
NA,"2026-08-23T21:00:00.000000",20.7399063110352
NA,"2026-08-23T22:00:00.000000",20.7855567932129
NA,"2026-08-23T23:00:00.000000",20.8755435943604
NA,"2026-08-24T00:00:00.000000",20.9293403625488
NA,"2026-08-24T01:00:00.000000",20.9344730377197
NA,"2026-08-24T02:00:00.000000",20.894344329834
NA,"2026-08-24T03:00:00.000000",20.8378448486328
NA,"2026-08-24T04:00:00.000000",20.7842540740967
NA,"2026-08-24T05:00:00.000000",20.7351875305176
NA,"2026-08-24T06:00:00.000000",20.7030010223389
NA,"2026-08-24T07:00:00.000000",20.6878643035889
NA,"2026-08-24T08:00:00.000000",20.6824913024902
NA,"2026-08-24T09:00:00.000000",20.6831760406494
NA,"2026-08-24T10:00:00.000000",20.7131614685059
NA,"2026-08-24T11:00:00.000000",20.7930812835693
NA,"2026-08-24T12:00:00.000000",20.8360958099365
NA,"2026-08-24T13:00:00.000000",20.8376369476318
NA,"2026-08-24T14:00:00.000000",20.7927875518799
NA,"2026-08-24T15:00:00.000000",20.7360801696777
NA,"2026-08-24T16:00:00.000000",20.6962242126465
NA,"2026-08-24T17:00:00.000000",20.6901588439941
NA,"2026-08-24T18:00:00.000000",20.6976757049561
NA,"2026-08-24T19:00:00.000000",20.7114734649658
NA,"2026-08-24T20:00:00.000000",20.7246875762939
NA,"2026-08-24T21:00:00.000000",20.753791809082
NA,"2026-08-24T22:00:00.000000",20.7868423461914
NA,"2026-08-24T23:00:00.000000",20.811014175415
NA,"2026-08-25T00:00:00.000000",20.8091697692871
NA,"2026-08-25T01:00:00.000000",20.7912979125977
NA,"2026-08-25T02:00:00.000000",20.7794704437256
NA,"2026-08-25T03:00:00.000000",20.7737922668457
NA,"2026-08-25T04:00:00.000000",20.7635498046875
NA,"2026-08-25T05:00:00.000000",20.7454223632812
NA,"2026-08-25T06:00:00.000000",20.7215023040771
NA,"2026-08-25T07:00:00.000000",20.701042175293
NA,"2026-08-25T08:00:00.000000",20.6918296813965
NA,"2026-08-25T09:00:00.000000",20.6883888244629
NA,"2026-08-25T10:00:00.000000",20.6927757263184
NA,"2026-08-25T11:00:00.000000",20.7078876495361
NA,"2026-08-25T12:00:00.000000",20.7147407531738
NA,"2026-08-25T13:00:00.000000",20.7164402008057
NA,"2026-08-25T14:00:00.000000",20.7172775268555
NA,"2026-08-25T15:00:00.000000",20.7121067047119
NA,"2026-08-25T16:00:00.000000",20.6985836029053
NA,"2026-08-25T17:00:00.000000",20.6882247924805
NA,"2026-08-25T18:00:00.000000",20.6782932281494
NA,"2026-08-25T19:00:00.000000",20.6696338653564
NA,"2026-08-25T20:00:00.000000",20.6649169921875
NA,"2026-08-25T21:00:00.000000",20.6626453399658
NA,"2026-08-25T22:00:00.000000",20.6564025878906
NA,"2026-08-25T23:00:00.000000",20.5744285583496
NA,"2026-08-26T00:00:00.000000",20.3923492431641
"NK","2026-08-18T00:00:00.000000",20.8408889770508
"NK","2026-08-18T01:00:00.000000",20.8596897125244
"NK","2026-08-18T02:00:00.000000",20.8704700469971
"NK","2026-08-18T03:00:00.000000",20.8580837249756
"NK","2026-08-18T04:00:00.000000",20.8472385406494
"NK","2026-08-18T05:00:00.000000",20.8436489105225
"NK","2026-08-18T06:00:00.000000",20.8265571594238
"NK","2026-08-18T07:00:00.000000",20.826301574707
"NK","2026-08-18T08:00:00.000000",20.8403358459473
"NK","2026-08-18T09:00:00.000000",20.8534965515137
"NK","2026-08-18T10:00:00.000000",20.8663463592529
"NK","2026-08-18T11:00:00.000000",20.8825035095215
"NK","2026-08-18T12:00:00.000000",20.9043922424316
"NK","2026-08-18T13:00:00.000000",20.9280757904053
"NK","2026-08-18T14:00:00.000000",20.9356174468994
"NK","2026-08-18T15:00:00.000000",20.9189052581787
"NK","2026-08-18T16:00:00.000000",20.9129791259766
"NK","2026-08-18T17:00:00.000000",20.8628978729248
"NK","2026-08-18T18:00:00.000000",20.7584819793701
"NK","2026-08-18T19:00:00.000000",20.7294292449951
"NK","2026-08-18T20:00:00.000000",20.739429473877
"NK","2026-08-18T21:00:00.000000",20.7696266174316
"NK","2026-08-18T22:00:00.000000",20.8098316192627
"NK","2026-08-18T23:00:00.000000",20.8525066375732
"NK","2026-08-19T00:00:00.000000",20.8964366912842
"NK","2026-08-19T01:00:00.000000",20.9307098388672
"NK","2026-08-19T02:00:00.000000",20.9632015228271
"NK","2026-08-19T03:00:00.000000",20.9759197235107
"NK","2026-08-19T04:00:00.000000",20.9654293060303
"NK","2026-08-19T05:00:00.000000",20.9451637268066
"NK","2026-08-19T06:00:00.000000",20.9266510009766
"NK","2026-08-19T07:00:00.000000",20.874095916748
"NK","2026-08-19T08:00:00.000000",20.8878345489502
"NK","2026-08-19T09:00:00.000000",20.9295768737793
"NK","2026-08-19T10:00:00.000000",20.9680023193359
"NK","2026-08-19T11:00:00.000000",20.9968318939209
"NK","2026-08-19T12:00:00.000000",21.0247535705566
"NK","2026-08-19T13:00:00.000000",21.0530853271484
"NK","2026-08-19T14:00:00.000000",21.0727729797363
"NK","2026-08-19T15:00:00.000000",21.0849113464355
"NK","2026-08-19T16:00:00.000000",21.0754985809326
"NK","2026-08-19T17:00:00.000000",21.0351657867432
"NK","2026-08-19T18:00:00.000000",20.8986835479736
"NK","2026-08-19T19:00:00.000000",20.7681522369385
"NK","2026-08-19T20:00:00.000000",20.7386245727539
"NK","2026-08-19T21:00:00.000000",20.7487087249756
"NK","2026-08-19T22:00:00.000000",20.7757740020752
"NK","2026-08-19T23:00:00.000000",20.8235931396484
"NK","2026-08-20T00:00:00.000000",20.8877983093262
"NK","2026-08-20T01:00:00.000000",20.9507999420166
"NK","2026-08-20T02:00:00.000000",21.0237998962402
"NK","2026-08-20T03:00:00.000000",21.0804996490479
"NK","2026-08-20T04:00:00.000000",21.1093292236328
"NK","2026-08-20T05:00:00.000000",21.1211795806885
"NK","2026-08-20T06:00:00.000000",21.1053981781006
"NK","2026-08-20T07:00:00.000000",21.0647659301758
"NK","2026-08-20T08:00:00.000000",21.0431594848633
"NK","2026-08-20T09:00:00.000000",21.0681095123291
"NK","2026-08-20T10:00:00.000000",21.1147651672363
"NK","2026-08-20T11:00:00.000000",21.1550273895264
"NK","2026-08-20T12:00:00.000000",21.1875553131104
"NK","2026-08-20T13:00:00.000000",21.2178478240967
"NK","2026-08-20T14:00:00.000000",21.2456073760986
"NK","2026-08-20T15:00:00.000000",21.2617721557617
"NK","2026-08-20T16:00:00.000000",21.2682571411133
"NK","2026-08-20T17:00:00.000000",21.2417545318604
"NK","2026-08-20T18:00:00.000000",21.1864318847656
"NK","2026-08-20T19:00:00.000000",21.0544834136963
"NK","2026-08-20T20:00:00.000000",20.8912620544434
"NK","2026-08-20T21:00:00.000000",20.8140735626221
"NK","2026-08-20T22:00:00.000000",20.8041572570801
"NK","2026-08-20T23:00:00.000000",20.8344135284424
"NK","2026-08-21T00:00:00.000000",20.8751182556152
"NK","2026-08-21T01:00:00.000000",20.9287605285645
"NK","2026-08-21T02:00:00.000000",21.0072555541992
"NK","2026-08-21T03:00:00.000000",21.0892219543457
"NK","2026-08-21T04:00:00.000000",21.1401443481445
"NK","2026-08-21T05:00:00.000000",21.1428546905518
"NK","2026-08-21T06:00:00.000000",21.1197299957275
"NK","2026-08-21T07:00:00.000000",21.0013866424561
"NK","2026-08-21T08:00:00.000000",20.86741065979
"NK","2026-08-21T09:00:00.000000",20.7851715087891
"NK","2026-08-21T10:00:00.000000",20.8045997619629
"NK","2026-08-21T11:00:00.000000",20.8080139160156
"NK","2026-08-21T12:00:00.000000",20.7497577667236
"NK","2026-08-21T13:00:00.000000",20.7343425750732
"NK","2026-08-21T14:00:00.000000",20.7437381744385
"NK","2026-08-21T15:00:00.000000",20.7063426971436
"NK","2026-08-21T16:00:00.000000",20.646110534668
"NK","2026-08-21T17:00:00.000000",20.6421165466309
"NK","2026-08-21T18:00:00.000000",20.6422958374023
"NK","2026-08-21T19:00:00.000000",20.6424789428711
"NK","2026-08-21T20:00:00.000000",20.6614379882812
"NK","2026-08-21T21:00:00.000000",20.737247467041
"NK","2026-08-21T22:00:00.000000",20.7948093414307
"NK","2026-08-21T23:00:00.000000",20.8091945648193
"NK","2026-08-22T00:00:00.000000",20.7782306671143
"NK","2026-08-22T01:00:00.000000",20.747989654541
"NK","2026-08-22T02:00:00.000000",20.7150821685791
"NK","2026-08-22T03:00:00.000000",20.6855278015137
"NK","2026-08-22T04:00:00.000000",20.6644058227539
"NK","2026-08-22T05:00:00.000000",20.6554260253906
"NK","2026-08-22T06:00:00.000000",20.65185546875
"NK","2026-08-22T07:00:00.000000",20.6511459350586
"NK","2026-08-22T08:00:00.000000",20.6531257629395
"NK","2026-08-22T09:00:00.000000",20.6550807952881
"NK","2026-08-22T10:00:00.000000",20.6538982391357
"NK","2026-08-22T11:00:00.000000",20.6509456634521
"NK","2026-08-22T12:00:00.000000",20.6499538421631
"NK","2026-08-22T13:00:00.000000",20.6503448486328
"NK","2026-08-22T14:00:00.000000",20.6514625549316
"NK","2026-08-22T15:00:00.000000",20.6556968688965
"NK","2026-08-22T16:00:00.000000",20.6647205352783
"NK","2026-08-22T17:00:00.000000",20.6618938446045
"NK","2026-08-22T18:00:00.000000",20.659782409668
"NK","2026-08-22T19:00:00.000000",20.6616630554199
"NK","2026-08-22T20:00:00.000000",20.7184238433838
"NK","2026-08-22T21:00:00.000000",20.9063396453857
"NK","2026-08-22T22:00:00.000000",21.0298767089844
"NK","2026-08-22T23:00:00.000000",21.0779399871826
"NK","2026-08-23T00:00:00.000000",21.0945167541504
"NK","2026-08-23T01:00:00.000000",21.0880851745605
"NK","2026-08-23T02:00:00.000000",21.0706481933594
"NK","2026-08-23T03:00:00.000000",21.0388507843018
"NK","2026-08-23T04:00:00.000000",20.9898853302002
"NK","2026-08-23T05:00:00.000000",20.9364452362061
"NK","2026-08-23T06:00:00.000000",20.8953952789307
"NK","2026-08-23T07:00:00.000000",20.8494472503662
"NK","2026-08-23T08:00:00.000000",20.8049812316895
"NK","2026-08-23T09:00:00.000000",20.742883682251
"NK","2026-08-23T10:00:00.000000",20.6827793121338
"NK","2026-08-23T11:00:00.000000",20.6837902069092
"NK","2026-08-23T12:00:00.000000",20.6477298736572
"NK","2026-08-23T13:00:00.000000",20.614595413208
"NK","2026-08-23T14:00:00.000000",20.582878112793
"NK","2026-08-23T15:00:00.000000",20.5570831298828
"NK","2026-08-23T16:00:00.000000",20.5253257751465
"NK","2026-08-23T17:00:00.000000",20.524543762207
"NK","2026-08-23T18:00:00.000000",20.5257949829102
"NK","2026-08-23T19:00:00.000000",20.5242938995361
"NK","2026-08-23T20:00:00.000000",20.5281066894531
"NK","2026-08-23T21:00:00.000000",20.5496006011963
"NK","2026-08-23T22:00:00.000000",20.7033386230469
"NK","2026-08-23T23:00:00.000000",20.8937702178955
"NK","2026-08-24T00:00:00.000000",20.9873828887939
"NK","2026-08-24T01:00:00.000000",20.9844837188721
"NK","2026-08-24T02:00:00.000000",20.9299163818359
"NK","2026-08-24T03:00:00.000000",20.8456954956055
"NK","2026-08-24T04:00:00.000000",20.7523651123047
"NK","2026-08-24T05:00:00.000000",20.6586570739746
"NK","2026-08-24T06:00:00.000000",20.5950546264648
"NK","2026-08-24T07:00:00.000000",20.5600757598877
"NK","2026-08-24T08:00:00.000000",20.5430183410645
"NK","2026-08-24T09:00:00.000000",20.5426502227783
"NK","2026-08-24T10:00:00.000000",20.5494651794434
"NK","2026-08-24T11:00:00.000000",20.5637435913086
"NK","2026-08-24T12:00:00.000000",20.571590423584
"NK","2026-08-24T13:00:00.000000",20.5509338378906
"NK","2026-08-24T14:00:00.000000",20.5359477996826
"NK","2026-08-24T15:00:00.000000",20.5298652648926
"NK","2026-08-24T16:00:00.000000",20.5266151428223
"NK","2026-08-24T17:00:00.000000",20.5247611999512
"NK","2026-08-24T18:00:00.000000",20.5244331359863
"NK","2026-08-24T19:00:00.000000",20.5241222381592
"NK","2026-08-24T20:00:00.000000",20.523307800293
"NK","2026-08-24T21:00:00.000000",20.5419101715088
"NK","2026-08-24T22:00:00.000000",20.6569309234619
"NK","2026-08-24T23:00:00.000000",20.7881546020508
"NK","2026-08-25T00:00:00.000000",20.8031730651855
"NK","2026-08-25T01:00:00.000000",20.7914581298828
"NK","2026-08-25T02:00:00.000000",20.7833404541016
"NK","2026-08-25T03:00:00.000000",20.7794399261475
"NK","2026-08-25T04:00:00.000000",20.771276473999
"NK","2026-08-25T05:00:00.000000",20.7377471923828
"NK","2026-08-25T06:00:00.000000",20.6872673034668
"NK","2026-08-25T07:00:00.000000",20.6376094818115
"NK","2026-08-25T08:00:00.000000",20.5999851226807
"NK","2026-08-25T09:00:00.000000",20.5835571289062
"NK","2026-08-25T10:00:00.000000",20.5904731750488
"NK","2026-08-25T11:00:00.000000",20.6115875244141
"NK","2026-08-25T12:00:00.000000",20.6473217010498
"NK","2026-08-25T13:00:00.000000",20.6577606201172
"NK","2026-08-25T14:00:00.000000",20.6269550323486
"NK","2026-08-25T15:00:00.000000",20.5971012115479
"NK","2026-08-25T16:00:00.000000",20.5710353851318
"NK","2026-08-25T17:00:00.000000",20.5531272888184
"NK","2026-08-25T18:00:00.000000",20.5423946380615
"NK","2026-08-25T19:00:00.000000",20.5360889434814
"NK","2026-08-25T20:00:00.000000",20.5335807800293
"NK","2026-08-25T21:00:00.000000",20.5336303710938
"NK","2026-08-25T22:00:00.000000",20.5906028747559
"NK","2026-08-25T23:00:00.000000",20.5861930847168
"NK","2026-08-26T00:00:00.000000",20.3138275146484
"PI","2026-08-18T00:00:00.000000",23.1723022460938
"PI","2026-08-18T01:00:00.000000",23.0031185150146
"PI","2026-08-18T02:00:00.000000",23.0625
"PI","2026-08-18T03:00:00.000000",23.0054664611816
"PI","2026-08-18T04:00:00.000000",22.8770179748535
"PI","2026-08-18T05:00:00.000000",22.8071441650391
"PI","2026-08-18T06:00:00.000000",22.9413166046143
"PI","2026-08-18T07:00:00.000000",23.0819320678711
"PI","2026-08-18T08:00:00.000000",23.1636695861816
"PI","2026-08-18T09:00:00.000000",23.1859874725342
"PI","2026-08-18T10:00:00.000000",23.0950393676758
"PI","2026-08-18T11:00:00.000000",22.964937210083
"PI","2026-08-18T12:00:00.000000",22.9198322296143
"PI","2026-08-18T13:00:00.000000",22.9573020935059
"PI","2026-08-18T14:00:00.000000",22.9438667297363
"PI","2026-08-18T15:00:00.000000",22.9248332977295
"PI","2026-08-18T16:00:00.000000",22.8534069061279
"PI","2026-08-18T17:00:00.000000",22.6500682830811
"PI","2026-08-18T18:00:00.000000",22.7195796966553
"PI","2026-08-18T19:00:00.000000",23.0491886138916
"PI","2026-08-18T20:00:00.000000",23.0597457885742
"PI","2026-08-18T21:00:00.000000",23.1680297851562
"PI","2026-08-18T22:00:00.000000",23.2060565948486
"PI","2026-08-18T23:00:00.000000",23.0494289398193
"PI","2026-08-19T00:00:00.000000",23.1333484649658
"PI","2026-08-19T01:00:00.000000",23.2398929595947
"PI","2026-08-19T02:00:00.000000",22.9936866760254
"PI","2026-08-19T03:00:00.000000",22.9613800048828
"PI","2026-08-19T04:00:00.000000",22.9098014831543
"PI","2026-08-19T05:00:00.000000",22.6814594268799
"PI","2026-08-19T06:00:00.000000",22.7782573699951
"PI","2026-08-19T07:00:00.000000",23.0652313232422
"PI","2026-08-19T08:00:00.000000",23.1077518463135
"PI","2026-08-19T09:00:00.000000",23.1358947753906
"PI","2026-08-19T10:00:00.000000",23.1292457580566
"PI","2026-08-19T11:00:00.000000",23.0346870422363
"PI","2026-08-19T12:00:00.000000",22.8700294494629
"PI","2026-08-19T13:00:00.000000",22.9711380004883
"PI","2026-08-19T14:00:00.000000",22.9047107696533
"PI","2026-08-19T15:00:00.000000",22.9352378845215
"PI","2026-08-19T16:00:00.000000",22.8585262298584
"PI","2026-08-19T17:00:00.000000",22.6811027526855
"PI","2026-08-19T18:00:00.000000",22.5942478179932
"PI","2026-08-19T19:00:00.000000",22.9835052490234
"PI","2026-08-19T20:00:00.000000",23.0841331481934
"PI","2026-08-19T21:00:00.000000",23.0742645263672
"PI","2026-08-19T22:00:00.000000",23.0861053466797
"PI","2026-08-19T23:00:00.000000",22.9892349243164
"PI","2026-08-20T00:00:00.000000",22.8997821807861
"PI","2026-08-20T01:00:00.000000",22.9925918579102
"PI","2026-08-20T02:00:00.000000",23.0712566375732
"PI","2026-08-20T03:00:00.000000",22.9717655181885
"PI","2026-08-20T04:00:00.000000",22.9852142333984
"PI","2026-08-20T05:00:00.000000",22.8746185302734
"PI","2026-08-20T06:00:00.000000",22.7677745819092
"PI","2026-08-20T07:00:00.000000",22.8801116943359
"PI","2026-08-20T08:00:00.000000",23.1199264526367
"PI","2026-08-20T09:00:00.000000",23.1045703887939
"PI","2026-08-20T10:00:00.000000",23.1588554382324
"PI","2026-08-20T11:00:00.000000",23.1855010986328
"PI","2026-08-20T12:00:00.000000",23.072732925415
"PI","2026-08-20T13:00:00.000000",22.9331169128418
"PI","2026-08-20T14:00:00.000000",22.87424659729
"PI","2026-08-20T15:00:00.000000",22.8949794769287
"PI","2026-08-20T16:00:00.000000",22.880464553833
"PI","2026-08-20T17:00:00.000000",22.8435821533203
"PI","2026-08-20T18:00:00.000000",22.7489280700684
"PI","2026-08-20T19:00:00.000000",22.7884750366211
"PI","2026-08-20T20:00:00.000000",23.3549156188965
"PI","2026-08-20T21:00:00.000000",23.2951774597168
"PI","2026-08-20T22:00:00.000000",23.2247714996338
"PI","2026-08-20T23:00:00.000000",23.1485271453857
"PI","2026-08-21T00:00:00.000000",23.1544990539551
"PI","2026-08-21T01:00:00.000000",23.1078968048096
"PI","2026-08-21T02:00:00.000000",23.2133541107178
"PI","2026-08-21T03:00:00.000000",23.273509979248
"PI","2026-08-21T04:00:00.000000",23.0541248321533
"PI","2026-08-21T05:00:00.000000",22.9787712097168
"PI","2026-08-21T06:00:00.000000",22.8656539916992
"PI","2026-08-21T07:00:00.000000",23.0555458068848
"PI","2026-08-21T08:00:00.000000",23.4055233001709
"PI","2026-08-21T09:00:00.000000",23.2879848480225
"PI","2026-08-21T10:00:00.000000",23.4333171844482
"PI","2026-08-21T11:00:00.000000",23.3680267333984
"PI","2026-08-21T12:00:00.000000",23.286304473877
"PI","2026-08-21T13:00:00.000000",22.9890518188477
"PI","2026-08-21T14:00:00.000000",22.8912868499756
"PI","2026-08-21T15:00:00.000000",22.7412376403809
"PI","2026-08-21T16:00:00.000000",22.6616497039795
"PI","2026-08-21T17:00:00.000000",22.708475112915
"PI","2026-08-21T18:00:00.000000",22.6859359741211
"PI","2026-08-21T19:00:00.000000",22.5751457214355
"PI","2026-08-21T20:00:00.000000",22.646951675415
"PI","2026-08-21T21:00:00.000000",23.0330619812012
"PI","2026-08-21T22:00:00.000000",23.088846206665
"PI","2026-08-21T23:00:00.000000",23.1336269378662
"PI","2026-08-22T00:00:00.000000",23.1146430969238
"PI","2026-08-22T01:00:00.000000",22.9854717254639
"PI","2026-08-22T02:00:00.000000",22.9618835449219
"PI","2026-08-22T03:00:00.000000",22.92751121521
"PI","2026-08-22T04:00:00.000000",22.8042888641357
"PI","2026-08-22T05:00:00.000000",22.6760482788086
"PI","2026-08-22T06:00:00.000000",22.5897674560547
"PI","2026-08-22T07:00:00.000000",22.5289669036865
"PI","2026-08-22T08:00:00.000000",22.7834129333496
"PI","2026-08-22T09:00:00.000000",22.9867877960205
"PI","2026-08-22T10:00:00.000000",22.9824714660645
"PI","2026-08-22T11:00:00.000000",23.0421810150146
"PI","2026-08-22T12:00:00.000000",23.0198764801025
"PI","2026-08-22T13:00:00.000000",22.8087596893311
"PI","2026-08-22T14:00:00.000000",22.7248630523682
"PI","2026-08-22T15:00:00.000000",22.6602230072021
"PI","2026-08-22T16:00:00.000000",22.5920104980469
"PI","2026-08-22T17:00:00.000000",22.5617733001709
"PI","2026-08-22T18:00:00.000000",22.5323009490967
"PI","2026-08-22T19:00:00.000000",22.5256042480469
"PI","2026-08-22T20:00:00.000000",22.4877548217773
"PI","2026-08-22T21:00:00.000000",22.628303527832
"PI","2026-08-22T22:00:00.000000",22.8497276306152
"PI","2026-08-22T23:00:00.000000",22.867847442627
"PI","2026-08-23T00:00:00.000000",22.8335914611816
"PI","2026-08-23T01:00:00.000000",22.7912750244141
"PI","2026-08-23T02:00:00.000000",22.7889652252197
"PI","2026-08-23T03:00:00.000000",22.7307586669922
"PI","2026-08-23T04:00:00.000000",22.7441310882568
"PI","2026-08-23T05:00:00.000000",22.6854152679443
"PI","2026-08-23T06:00:00.000000",22.6293544769287
"PI","2026-08-23T07:00:00.000000",22.5982494354248
"PI","2026-08-23T08:00:00.000000",22.6049633026123
"PI","2026-08-23T09:00:00.000000",22.671443939209
"PI","2026-08-23T10:00:00.000000",22.7231616973877
"PI","2026-08-23T11:00:00.000000",22.7785129547119
"PI","2026-08-23T12:00:00.000000",22.8096523284912
"PI","2026-08-23T13:00:00.000000",22.8132228851318
"PI","2026-08-23T14:00:00.000000",22.7094802856445
"PI","2026-08-23T15:00:00.000000",22.6422309875488
"PI","2026-08-23T16:00:00.000000",22.6090888977051
"PI","2026-08-23T17:00:00.000000",22.5954399108887
"PI","2026-08-23T18:00:00.000000",22.5957946777344
"PI","2026-08-23T19:00:00.000000",22.5928745269775
"PI","2026-08-23T20:00:00.000000",22.5614814758301
"PI","2026-08-23T21:00:00.000000",22.5512943267822
"PI","2026-08-23T22:00:00.000000",22.6085319519043
"PI","2026-08-23T23:00:00.000000",22.8269653320312
"PI","2026-08-24T00:00:00.000000",22.7859172821045
"PI","2026-08-24T01:00:00.000000",22.7149963378906
"PI","2026-08-24T02:00:00.000000",22.7546825408936
"PI","2026-08-24T03:00:00.000000",22.7661552429199
"PI","2026-08-24T04:00:00.000000",22.7604141235352
"PI","2026-08-24T05:00:00.000000",22.9051494598389
"PI","2026-08-24T06:00:00.000000",22.8674907684326
"PI","2026-08-24T07:00:00.000000",22.7872581481934
"PI","2026-08-24T08:00:00.000000",22.7530574798584
"PI","2026-08-24T09:00:00.000000",22.7015933990479
"PI","2026-08-24T10:00:00.000000",22.7602806091309
"PI","2026-08-24T11:00:00.000000",22.9998340606689
"PI","2026-08-24T12:00:00.000000",22.9587783813477
"PI","2026-08-24T13:00:00.000000",22.8944206237793
"PI","2026-08-24T14:00:00.000000",22.9547672271729
"PI","2026-08-24T15:00:00.000000",22.9732036590576
"PI","2026-08-24T16:00:00.000000",22.8970928192139
"PI","2026-08-24T17:00:00.000000",22.8023204803467
"PI","2026-08-24T18:00:00.000000",22.7631759643555
"PI","2026-08-24T19:00:00.000000",22.8031558990479
"PI","2026-08-24T20:00:00.000000",22.8210773468018
"PI","2026-08-24T21:00:00.000000",22.7990989685059
"PI","2026-08-24T22:00:00.000000",22.7932720184326
"PI","2026-08-24T23:00:00.000000",22.813549041748
"PI","2026-08-25T00:00:00.000000",22.9135494232178
"PI","2026-08-25T01:00:00.000000",22.9883575439453
"PI","2026-08-25T02:00:00.000000",22.9823455810547
"PI","2026-08-25T03:00:00.000000",23.0220890045166
"PI","2026-08-25T04:00:00.000000",23.0208225250244
"PI","2026-08-25T05:00:00.000000",23.0033798217773
"PI","2026-08-25T06:00:00.000000",22.9639358520508
"PI","2026-08-25T07:00:00.000000",22.8914966583252
"PI","2026-08-25T08:00:00.000000",22.9239082336426
"PI","2026-08-25T09:00:00.000000",22.8997573852539
"PI","2026-08-25T10:00:00.000000",22.8402881622314
"PI","2026-08-25T11:00:00.000000",22.8798522949219
"PI","2026-08-25T12:00:00.000000",23.0933227539062
"PI","2026-08-25T13:00:00.000000",23.1098175048828
"PI","2026-08-25T14:00:00.000000",23.0765399932861
"PI","2026-08-25T15:00:00.000000",23.0854988098145
"PI","2026-08-25T16:00:00.000000",23.1210632324219
"PI","2026-08-25T17:00:00.000000",23.0188789367676
"PI","2026-08-25T18:00:00.000000",22.992696762085
"PI","2026-08-25T19:00:00.000000",22.969554901123
"PI","2026-08-25T20:00:00.000000",23.0187110900879
"PI","2026-08-25T21:00:00.000000",23.038459777832
"PI","2026-08-25T22:00:00.000000",22.9396343231201
"PI","2026-08-25T23:00:00.000000",22.9655628204346
"PI","2026-08-26T00:00:00.000000",22.9280452728271
"QU","2026-08-18T00:00:00.000000",20.4931221008301
"QU","2026-08-18T01:00:00.000000",20.4861354827881
"QU","2026-08-18T02:00:00.000000",20.4647426605225
"QU","2026-08-18T03:00:00.000000",20.428150177002
"QU","2026-08-18T04:00:00.000000",20.3909816741943
"QU","2026-08-18T05:00:00.000000",20.364595413208
"QU","2026-08-18T06:00:00.000000",20.3551235198975
"QU","2026-08-18T07:00:00.000000",20.3579330444336
"QU","2026-08-18T08:00:00.000000",20.3662414550781
"QU","2026-08-18T09:00:00.000000",20.3731517791748
"QU","2026-08-18T10:00:00.000000",20.3742961883545
"QU","2026-08-18T11:00:00.000000",20.3716163635254
"QU","2026-08-18T12:00:00.000000",20.3662662506104
"QU","2026-08-18T13:00:00.000000",20.3491134643555
"QU","2026-08-18T14:00:00.000000",20.3154029846191
"QU","2026-08-18T15:00:00.000000",20.2840309143066
"QU","2026-08-18T16:00:00.000000",20.2820167541504
"QU","2026-08-18T17:00:00.000000",20.2908840179443
"QU","2026-08-18T18:00:00.000000",20.3072891235352
"QU","2026-08-18T19:00:00.000000",20.3446292877197
"QU","2026-08-18T20:00:00.000000",20.4016437530518
"QU","2026-08-18T21:00:00.000000",20.4742908477783
"QU","2026-08-18T22:00:00.000000",20.5496940612793
"QU","2026-08-18T23:00:00.000000",20.5937671661377
"QU","2026-08-19T00:00:00.000000",20.6177806854248
"QU","2026-08-19T01:00:00.000000",20.6294078826904
"QU","2026-08-19T02:00:00.000000",20.6286525726318
"QU","2026-08-19T03:00:00.000000",20.5927715301514
"QU","2026-08-19T04:00:00.000000",20.5408763885498
"QU","2026-08-19T05:00:00.000000",20.4929733276367
"QU","2026-08-19T06:00:00.000000",20.4539623260498
"QU","2026-08-19T07:00:00.000000",20.4332065582275
"QU","2026-08-19T08:00:00.000000",20.4209327697754
"QU","2026-08-19T09:00:00.000000",20.4085483551025
"QU","2026-08-19T10:00:00.000000",20.3945198059082
"QU","2026-08-19T11:00:00.000000",20.3828372955322
"QU","2026-08-19T12:00:00.000000",20.371129989624
"QU","2026-08-19T13:00:00.000000",20.3522663116455
"QU","2026-08-19T14:00:00.000000",20.3293304443359
"QU","2026-08-19T15:00:00.000000",20.3120250701904
"QU","2026-08-19T16:00:00.000000",20.3092231750488
"QU","2026-08-19T17:00:00.000000",20.3166942596436
"QU","2026-08-19T18:00:00.000000",20.3514442443848
"QU","2026-08-19T19:00:00.000000",20.438009262085
"QU","2026-08-19T20:00:00.000000",20.5384407043457
"QU","2026-08-19T21:00:00.000000",20.6091003417969
"QU","2026-08-19T22:00:00.000000",20.6555862426758
"QU","2026-08-19T23:00:00.000000",20.693395614624
"QU","2026-08-20T00:00:00.000000",20.7242317199707
"QU","2026-08-20T01:00:00.000000",20.745153427124
"QU","2026-08-20T02:00:00.000000",20.7551364898682
"QU","2026-08-20T03:00:00.000000",20.7584819793701
"QU","2026-08-20T04:00:00.000000",20.7612209320068
"QU","2026-08-20T05:00:00.000000",20.764762878418
"QU","2026-08-20T06:00:00.000000",20.761079788208
"QU","2026-08-20T07:00:00.000000",20.7600803375244
"QU","2026-08-20T08:00:00.000000",20.7709083557129
"QU","2026-08-20T09:00:00.000000",20.7863712310791
"QU","2026-08-20T10:00:00.000000",20.8024959564209
"QU","2026-08-20T11:00:00.000000",20.8176441192627
"QU","2026-08-20T12:00:00.000000",20.8308792114258
"QU","2026-08-20T13:00:00.000000",20.8378372192383
"QU","2026-08-20T14:00:00.000000",20.8413848876953
"QU","2026-08-20T15:00:00.000000",20.8355407714844
"QU","2026-08-20T16:00:00.000000",20.8121795654297
"QU","2026-08-20T17:00:00.000000",20.7886714935303
"QU","2026-08-20T18:00:00.000000",20.7761116027832
"QU","2026-08-20T19:00:00.000000",20.7755355834961
"QU","2026-08-20T20:00:00.000000",20.8017196655273
"QU","2026-08-20T21:00:00.000000",20.7895050048828
"QU","2026-08-20T22:00:00.000000",20.8068199157715
"QU","2026-08-20T23:00:00.000000",20.848316192627
"QU","2026-08-21T00:00:00.000000",20.8800106048584
"QU","2026-08-21T01:00:00.000000",20.8967514038086
"QU","2026-08-21T02:00:00.000000",20.8940391540527
"QU","2026-08-21T03:00:00.000000",20.8797645568848
"QU","2026-08-21T04:00:00.000000",20.8166599273682
"QU","2026-08-21T05:00:00.000000",20.7309169769287
"QU","2026-08-21T06:00:00.000000",20.6545906066895
"QU","2026-08-21T07:00:00.000000",20.5979251861572
"QU","2026-08-21T08:00:00.000000",20.5624237060547
"QU","2026-08-21T09:00:00.000000",20.5444526672363
"QU","2026-08-21T10:00:00.000000",20.5321292877197
"QU","2026-08-21T11:00:00.000000",20.5257663726807
"QU","2026-08-21T12:00:00.000000",20.5072269439697
"QU","2026-08-21T13:00:00.000000",20.4720039367676
"QU","2026-08-21T14:00:00.000000",20.427001953125
"QU","2026-08-21T15:00:00.000000",20.3662490844727
"QU","2026-08-21T16:00:00.000000",20.2959480285645
"QU","2026-08-21T17:00:00.000000",20.2314319610596
"QU","2026-08-21T18:00:00.000000",20.1876125335693
"QU","2026-08-21T19:00:00.000000",20.1668949127197
"QU","2026-08-21T20:00:00.000000",20.1592311859131
"QU","2026-08-21T21:00:00.000000",20.1619033813477
"QU","2026-08-21T22:00:00.000000",20.1745681762695
"QU","2026-08-21T23:00:00.000000",20.1890602111816
"QU","2026-08-22T00:00:00.000000",20.192943572998
"QU","2026-08-22T01:00:00.000000",20.1976261138916
"QU","2026-08-22T02:00:00.000000",20.2051944732666
"QU","2026-08-22T03:00:00.000000",20.2171039581299
"QU","2026-08-22T04:00:00.000000",20.227876663208
"QU","2026-08-22T05:00:00.000000",20.2245635986328
"QU","2026-08-22T06:00:00.000000",20.2200775146484
"QU","2026-08-22T07:00:00.000000",20.2182369232178
"QU","2026-08-22T08:00:00.000000",20.2157611846924
"QU","2026-08-22T09:00:00.000000",20.2136001586914
"QU","2026-08-22T10:00:00.000000",20.2125663757324
"QU","2026-08-22T11:00:00.000000",20.2127552032471
"QU","2026-08-22T12:00:00.000000",20.214599609375
"QU","2026-08-22T13:00:00.000000",20.221887588501
"QU","2026-08-22T14:00:00.000000",20.2299518585205
"QU","2026-08-22T15:00:00.000000",20.235912322998
"QU","2026-08-22T16:00:00.000000",20.2412300109863
"QU","2026-08-22T17:00:00.000000",20.2487697601318
"QU","2026-08-22T18:00:00.000000",20.2546691894531
"QU","2026-08-22T19:00:00.000000",20.2612266540527
"QU","2026-08-22T20:00:00.000000",20.2700328826904
"QU","2026-08-22T21:00:00.000000",20.2766761779785
"QU","2026-08-22T22:00:00.000000",20.2806491851807
"QU","2026-08-22T23:00:00.000000",20.2856769561768
"QU","2026-08-23T00:00:00.000000",20.2925720214844
"QU","2026-08-23T01:00:00.000000",20.3015594482422
"QU","2026-08-23T02:00:00.000000",20.3184394836426
"QU","2026-08-23T03:00:00.000000",20.3495254516602
"QU","2026-08-23T04:00:00.000000",20.3872299194336
"QU","2026-08-23T05:00:00.000000",20.4015941619873
"QU","2026-08-23T06:00:00.000000",20.4065208435059
"QU","2026-08-23T07:00:00.000000",20.4097805023193
"QU","2026-08-23T08:00:00.000000",20.4295654296875
"QU","2026-08-23T09:00:00.000000",20.4601879119873
"QU","2026-08-23T10:00:00.000000",20.4867992401123
"QU","2026-08-23T11:00:00.000000",20.4951438903809
"QU","2026-08-23T12:00:00.000000",20.5047283172607
"QU","2026-08-23T13:00:00.000000",20.5127124786377
"QU","2026-08-23T14:00:00.000000",20.5160694122314
"QU","2026-08-23T15:00:00.000000",20.5167675018311
"QU","2026-08-23T16:00:00.000000",20.5114364624023
"QU","2026-08-23T17:00:00.000000",20.5022792816162
"QU","2026-08-23T18:00:00.000000",20.4828262329102
"QU","2026-08-23T19:00:00.000000",20.468578338623
"QU","2026-08-23T20:00:00.000000",20.4483757019043
"QU","2026-08-23T21:00:00.000000",20.4253482818604
"QU","2026-08-23T22:00:00.000000",20.412317276001
"QU","2026-08-23T23:00:00.000000",20.4106864929199
"QU","2026-08-24T00:00:00.000000",20.4128398895264
"QU","2026-08-24T01:00:00.000000",20.4140644073486
"QU","2026-08-24T02:00:00.000000",20.4070644378662
"QU","2026-08-24T03:00:00.000000",20.3990707397461
"QU","2026-08-24T04:00:00.000000",20.3918609619141
"QU","2026-08-24T05:00:00.000000",20.3857326507568
"QU","2026-08-24T06:00:00.000000",20.3809013366699
"QU","2026-08-24T07:00:00.000000",20.3757495880127
"QU","2026-08-24T08:00:00.000000",20.3714847564697
"QU","2026-08-24T09:00:00.000000",20.3697624206543
"QU","2026-08-24T10:00:00.000000",20.3705883026123
"QU","2026-08-24T11:00:00.000000",20.3720436096191
"QU","2026-08-24T12:00:00.000000",20.3707695007324
"QU","2026-08-24T13:00:00.000000",20.3691177368164
"QU","2026-08-24T14:00:00.000000",20.3665313720703
"QU","2026-08-24T15:00:00.000000",20.3651218414307
"QU","2026-08-24T16:00:00.000000",20.37424659729
"QU","2026-08-24T17:00:00.000000",20.377649307251
"QU","2026-08-24T18:00:00.000000",20.3818397521973
"QU","2026-08-24T19:00:00.000000",20.3882789611816
"QU","2026-08-24T20:00:00.000000",20.3964939117432
"QU","2026-08-24T21:00:00.000000",20.4068393707275
"QU","2026-08-24T22:00:00.000000",20.4173545837402
"QU","2026-08-24T23:00:00.000000",20.424222946167
"QU","2026-08-25T00:00:00.000000",20.4186954498291
"QU","2026-08-25T01:00:00.000000",20.4081516265869
"QU","2026-08-25T02:00:00.000000",20.3960704803467
"QU","2026-08-25T03:00:00.000000",20.3857517242432
"QU","2026-08-25T04:00:00.000000",20.3798694610596
"QU","2026-08-25T05:00:00.000000",20.376127243042
"QU","2026-08-25T06:00:00.000000",20.3735656738281
"QU","2026-08-25T07:00:00.000000",20.3722858428955
"QU","2026-08-25T08:00:00.000000",20.3719711303711
"QU","2026-08-25T09:00:00.000000",20.3737277984619
"QU","2026-08-25T10:00:00.000000",20.3793354034424
"QU","2026-08-25T11:00:00.000000",20.3858509063721
"QU","2026-08-25T12:00:00.000000",20.3888149261475
"QU","2026-08-25T13:00:00.000000",20.3906860351562
"QU","2026-08-25T14:00:00.000000",20.3921909332275
"QU","2026-08-25T15:00:00.000000",20.3925819396973
"QU","2026-08-25T16:00:00.000000",20.3951835632324
"QU","2026-08-25T17:00:00.000000",20.4021129608154
"QU","2026-08-25T18:00:00.000000",20.4115982055664
"QU","2026-08-25T19:00:00.000000",20.4235229492188
"QU","2026-08-25T20:00:00.000000",20.4288082122803
"QU","2026-08-25T21:00:00.000000",20.4272403717041
"QU","2026-08-25T22:00:00.000000",20.4142684936523
"QU","2026-08-25T23:00:00.000000",20.3840198516846
"QU","2026-08-26T00:00:00.000000",20.3582534790039
"CC","2026-08-18T00:00:00.000000",24.2763366699219
"CC","2026-08-18T01:00:00.000000",24.2741641998291
"CC","2026-08-18T02:00:00.000000",24.2691822052002
"CC","2026-08-18T03:00:00.000000",24.2632732391357
"CC","2026-08-18T04:00:00.000000",24.2544384002686
"CC","2026-08-18T05:00:00.000000",24.2471084594727
"CC","2026-08-18T06:00:00.000000",24.2436981201172
"CC","2026-08-18T07:00:00.000000",24.2399158477783
"CC","2026-08-18T08:00:00.000000",24.2370662689209
"CC","2026-08-18T09:00:00.000000",24.23313331604
"CC","2026-08-18T10:00:00.000000",24.2271614074707
"CC","2026-08-18T11:00:00.000000",24.2213954925537
"CC","2026-08-18T12:00:00.000000",24.2164840698242
"CC","2026-08-18T13:00:00.000000",24.2111339569092
"CC","2026-08-18T14:00:00.000000",24.201416015625
"CC","2026-08-18T15:00:00.000000",24.192798614502
"CC","2026-08-18T16:00:00.000000",24.1864242553711
"CC","2026-08-18T17:00:00.000000",24.1835289001465
"CC","2026-08-18T18:00:00.000000",24.1826782226562
"CC","2026-08-18T19:00:00.000000",24.1814746856689
"CC","2026-08-18T20:00:00.000000",24.1820812225342
"CC","2026-08-18T21:00:00.000000",24.1828384399414
"CC","2026-08-18T22:00:00.000000",24.1838626861572
"CC","2026-08-18T23:00:00.000000",24.1850872039795
"CC","2026-08-19T00:00:00.000000",24.1874256134033
"CC","2026-08-19T01:00:00.000000",24.1895618438721
"CC","2026-08-19T02:00:00.000000",24.1904010772705
"CC","2026-08-19T03:00:00.000000",24.1909999847412
"CC","2026-08-19T04:00:00.000000",24.1918201446533
"CC","2026-08-19T05:00:00.000000",24.1928405761719
"CC","2026-08-19T06:00:00.000000",24.193567276001
"CC","2026-08-19T07:00:00.000000",24.1945400238037
"CC","2026-08-19T08:00:00.000000",24.1962985992432
"CC","2026-08-19T09:00:00.000000",24.1965007781982
"CC","2026-08-19T10:00:00.000000",24.1958179473877
"CC","2026-08-19T11:00:00.000000",24.1938247680664
"CC","2026-08-19T12:00:00.000000",24.1925792694092
"CC","2026-08-19T13:00:00.000000",24.1925392150879
"CC","2026-08-19T14:00:00.000000",24.1913528442383
"CC","2026-08-19T15:00:00.000000",24.1888103485107
"CC","2026-08-19T16:00:00.000000",24.1874771118164
"CC","2026-08-19T17:00:00.000000",24.1889381408691
"CC","2026-08-19T18:00:00.000000",24.1925029754639
"CC","2026-08-19T19:00:00.000000",24.1989669799805
"CC","2026-08-19T20:00:00.000000",24.2107772827148
"CC","2026-08-19T21:00:00.000000",24.2225284576416
"CC","2026-08-19T22:00:00.000000",24.2337284088135
"CC","2026-08-19T23:00:00.000000",24.2416820526123
"CC","2026-08-20T00:00:00.000000",24.2488174438477
"CC","2026-08-20T01:00:00.000000",24.2554607391357
"CC","2026-08-20T02:00:00.000000",24.2602119445801
"CC","2026-08-20T03:00:00.000000",24.2645721435547
"CC","2026-08-20T04:00:00.000000",24.2674789428711
"CC","2026-08-20T05:00:00.000000",24.2685317993164
"CC","2026-08-20T06:00:00.000000",24.2684097290039
"CC","2026-08-20T07:00:00.000000",24.2680168151855
"CC","2026-08-20T08:00:00.000000",24.2674236297607
"CC","2026-08-20T09:00:00.000000",24.2662296295166
"CC","2026-08-20T10:00:00.000000",24.2652549743652
"CC","2026-08-20T11:00:00.000000",24.2641983032227
"CC","2026-08-20T12:00:00.000000",24.2626056671143
"CC","2026-08-20T13:00:00.000000",24.2617740631104
"CC","2026-08-20T14:00:00.000000",24.2604961395264
"CC","2026-08-20T15:00:00.000000",24.2605247497559
"CC","2026-08-20T16:00:00.000000",24.2600021362305
"CC","2026-08-20T17:00:00.000000",24.2603130340576
"CC","2026-08-20T18:00:00.000000",24.26051902771
"CC","2026-08-20T19:00:00.000000",24.2604789733887
"CC","2026-08-20T20:00:00.000000",24.2602462768555
"CC","2026-08-20T21:00:00.000000",24.2590713500977
"CC","2026-08-20T22:00:00.000000",24.2578754425049
"CC","2026-08-20T23:00:00.000000",24.25705909729
"CC","2026-08-21T00:00:00.000000",24.2566032409668
"CC","2026-08-21T01:00:00.000000",24.2558727264404
"CC","2026-08-21T02:00:00.000000",24.2551651000977
"CC","2026-08-21T03:00:00.000000",24.2543716430664
"CC","2026-08-21T04:00:00.000000",24.252628326416
"CC","2026-08-21T05:00:00.000000",24.2509784698486
"CC","2026-08-21T06:00:00.000000",24.2487354278564
"CC","2026-08-21T07:00:00.000000",24.2457885742188
"CC","2026-08-21T08:00:00.000000",24.2426300048828
"CC","2026-08-21T09:00:00.000000",24.2395191192627
"CC","2026-08-21T10:00:00.000000",24.2367630004883
"CC","2026-08-21T11:00:00.000000",24.232889175415
"CC","2026-08-21T12:00:00.000000",24.2285308837891
"CC","2026-08-21T13:00:00.000000",24.222770690918
"CC","2026-08-21T14:00:00.000000",24.2153911590576
"CC","2026-08-21T15:00:00.000000",24.2066059112549
"CC","2026-08-21T16:00:00.000000",24.1959075927734
"CC","2026-08-21T17:00:00.000000",24.1857662200928
"CC","2026-08-21T18:00:00.000000",24.1771049499512
"CC","2026-08-21T19:00:00.000000",24.1691799163818
"CC","2026-08-21T20:00:00.000000",24.1617584228516
"CC","2026-08-21T21:00:00.000000",24.1544322967529
"CC","2026-08-21T22:00:00.000000",24.1477565765381
"CC","2026-08-21T23:00:00.000000",24.1416625976562
"CC","2026-08-22T00:00:00.000000",24.1360321044922
"CC","2026-08-22T01:00:00.000000",24.1309547424316
"CC","2026-08-22T02:00:00.000000",24.1269874572754
"CC","2026-08-22T03:00:00.000000",24.1228923797607
"CC","2026-08-22T04:00:00.000000",24.1191082000732
"CC","2026-08-22T05:00:00.000000",24.114709854126
"CC","2026-08-22T06:00:00.000000",24.1109867095947
"CC","2026-08-22T07:00:00.000000",24.1070919036865
"CC","2026-08-22T08:00:00.000000",24.1026306152344
"CC","2026-08-22T09:00:00.000000",24.0975227355957
"CC","2026-08-22T10:00:00.000000",24.0919857025146
"CC","2026-08-22T11:00:00.000000",24.0874900817871
"CC","2026-08-22T12:00:00.000000",24.0832920074463
"CC","2026-08-22T13:00:00.000000",24.0784378051758
"CC","2026-08-22T14:00:00.000000",24.0738182067871
"CC","2026-08-22T15:00:00.000000",24.0697784423828
"CC","2026-08-22T16:00:00.000000",24.0662956237793
"CC","2026-08-22T17:00:00.000000",24.0616054534912
"CC","2026-08-22T18:00:00.000000",24.0587711334229
"CC","2026-08-22T19:00:00.000000",24.0559520721436
"CC","2026-08-22T20:00:00.000000",24.0547199249268
"CC","2026-08-22T21:00:00.000000",24.0534896850586
"CC","2026-08-22T22:00:00.000000",24.0533580780029
"CC","2026-08-22T23:00:00.000000",24.0522956848145
"CC","2026-08-23T00:00:00.000000",24.0509777069092
"CC","2026-08-23T01:00:00.000000",24.0504245758057
"CC","2026-08-23T02:00:00.000000",24.0501289367676
"CC","2026-08-23T03:00:00.000000",24.0501174926758
"CC","2026-08-23T04:00:00.000000",24.0499153137207
"CC","2026-08-23T05:00:00.000000",24.0493984222412
"CC","2026-08-23T06:00:00.000000",24.0480213165283
"CC","2026-08-23T07:00:00.000000",24.0465641021729
"CC","2026-08-23T08:00:00.000000",24.0444812774658
"CC","2026-08-23T09:00:00.000000",24.0430278778076
"CC","2026-08-23T10:00:00.000000",24.0428581237793
"CC","2026-08-23T11:00:00.000000",24.0464687347412
"CC","2026-08-23T12:00:00.000000",24.0527381896973
"CC","2026-08-23T13:00:00.000000",24.0629291534424
"CC","2026-08-23T14:00:00.000000",24.0727691650391
"CC","2026-08-23T15:00:00.000000",24.0782489776611
"CC","2026-08-23T16:00:00.000000",24.0805950164795
"CC","2026-08-23T17:00:00.000000",24.0816669464111
"CC","2026-08-23T18:00:00.000000",24.0822143554688
"CC","2026-08-23T19:00:00.000000",24.0801029205322
"CC","2026-08-23T20:00:00.000000",24.0736522674561
"CC","2026-08-23T21:00:00.000000",24.0620346069336
"CC","2026-08-23T22:00:00.000000",24.0468692779541
"CC","2026-08-23T23:00:00.000000",24.0353946685791
"CC","2026-08-24T00:00:00.000000",24.0265598297119
"CC","2026-08-24T01:00:00.000000",24.0216865539551
"CC","2026-08-24T02:00:00.000000",24.0203227996826
"CC","2026-08-24T03:00:00.000000",24.0188961029053
"CC","2026-08-24T04:00:00.000000",24.0190811157227
"CC","2026-08-24T05:00:00.000000",24.0176410675049
"CC","2026-08-24T06:00:00.000000",24.0165824890137
"CC","2026-08-24T07:00:00.000000",24.0140323638916
"CC","2026-08-24T08:00:00.000000",24.0090675354004
"CC","2026-08-24T09:00:00.000000",24.0018787384033
"CC","2026-08-24T10:00:00.000000",23.992374420166
"CC","2026-08-24T11:00:00.000000",23.982816696167
"CC","2026-08-24T12:00:00.000000",23.976993560791
"CC","2026-08-24T13:00:00.000000",23.9736976623535
"CC","2026-08-24T14:00:00.000000",23.9721183776855
"CC","2026-08-24T15:00:00.000000",23.9705505371094
"CC","2026-08-24T16:00:00.000000",23.972261428833
"CC","2026-08-24T17:00:00.000000",23.9792289733887
"CC","2026-08-24T18:00:00.000000",23.9934520721436
"CC","2026-08-24T19:00:00.000000",24.0081100463867
"CC","2026-08-24T20:00:00.000000",24.0234413146973
"CC","2026-08-24T21:00:00.000000",24.0406093597412
"CC","2026-08-24T22:00:00.000000",24.0559158325195
"CC","2026-08-24T23:00:00.000000",24.0652523040771
"CC","2026-08-25T00:00:00.000000",24.0718364715576
"CC","2026-08-25T01:00:00.000000",24.0775718688965
"CC","2026-08-25T02:00:00.000000",24.083137512207
"CC","2026-08-25T03:00:00.000000",24.08815574646
"CC","2026-08-25T04:00:00.000000",24.0902671813965
"CC","2026-08-25T05:00:00.000000",24.0878753662109
"CC","2026-08-25T06:00:00.000000",24.0799026489258
"CC","2026-08-25T07:00:00.000000",24.0621757507324
"CC","2026-08-25T08:00:00.000000",24.0344200134277
"CC","2026-08-25T09:00:00.000000",23.9982795715332
"CC","2026-08-25T10:00:00.000000",23.9569969177246
"CC","2026-08-25T11:00:00.000000",23.9183902740479
"CC","2026-08-25T12:00:00.000000",23.885669708252
"CC","2026-08-25T13:00:00.000000",23.8640575408936
"CC","2026-08-25T14:00:00.000000",23.8460369110107
"CC","2026-08-25T15:00:00.000000",23.8308029174805
"CC","2026-08-25T16:00:00.000000",23.8185787200928
"CC","2026-08-25T17:00:00.000000",23.8117065429688
"CC","2026-08-25T18:00:00.000000",23.8139362335205
"CC","2026-08-25T19:00:00.000000",23.834789276123
"CC","2026-08-25T20:00:00.000000",23.8576717376709
"CC","2026-08-25T21:00:00.000000",23.8855056762695
"CC","2026-08-25T22:00:00.000000",23.9285526275635
"CC","2026-08-25T23:00:00.000000",23.965856552124
"CC","2026-08-26T00:00:00.000000",23.9923553466797
"DL","2026-08-18T00:00:00.000000",22.9799194335938
"DL","2026-08-18T01:00:00.000000",22.8951244354248
"DL","2026-08-18T02:00:00.000000",22.8564186096191
"DL","2026-08-18T03:00:00.000000",22.8579845428467
"DL","2026-08-18T04:00:00.000000",22.8665599822998
"DL","2026-08-18T05:00:00.000000",22.8840026855469
"DL","2026-08-18T06:00:00.000000",22.893533706665
"DL","2026-08-18T07:00:00.000000",22.947603225708
"DL","2026-08-18T08:00:00.000000",23.0237979888916
"DL","2026-08-18T09:00:00.000000",23.0507049560547
"DL","2026-08-18T10:00:00.000000",22.9937534332275
"DL","2026-08-18T11:00:00.000000",22.9568252563477
"DL","2026-08-18T12:00:00.000000",22.9323463439941
"DL","2026-08-18T13:00:00.000000",22.9373435974121
"DL","2026-08-18T14:00:00.000000",22.8941841125488
"DL","2026-08-18T15:00:00.000000",22.8907737731934
"DL","2026-08-18T16:00:00.000000",22.8948917388916
"DL","2026-08-18T17:00:00.000000",22.9016017913818
"DL","2026-08-18T18:00:00.000000",22.9229507446289
"DL","2026-08-18T19:00:00.000000",22.9620990753174
"DL","2026-08-18T20:00:00.000000",23.1655197143555
"DL","2026-08-18T21:00:00.000000",23.1773529052734
"DL","2026-08-18T22:00:00.000000",23.090747833252
"DL","2026-08-18T23:00:00.000000",23.0771389007568
"DL","2026-08-19T00:00:00.000000",23.2132606506348
"DL","2026-08-19T01:00:00.000000",23.084436416626
"DL","2026-08-19T02:00:00.000000",23.0560970306396
"DL","2026-08-19T03:00:00.000000",23.0289287567139
"DL","2026-08-19T04:00:00.000000",23.0192031860352
"DL","2026-08-19T05:00:00.000000",23.0018634796143
"DL","2026-08-19T06:00:00.000000",23.0194339752197
"DL","2026-08-19T07:00:00.000000",23.0396995544434
"DL","2026-08-19T08:00:00.000000",23.0958518981934
"DL","2026-08-19T09:00:00.000000",23.1444549560547
"DL","2026-08-19T10:00:00.000000",23.1164741516113
"DL","2026-08-19T11:00:00.000000",23.0880641937256
"DL","2026-08-19T12:00:00.000000",23.0530261993408
"DL","2026-08-19T13:00:00.000000",23.1013450622559
"DL","2026-08-19T14:00:00.000000",23.0406169891357
"DL","2026-08-19T15:00:00.000000",23.0353260040283
"DL","2026-08-19T16:00:00.000000",23.0417385101318
"DL","2026-08-19T17:00:00.000000",23.041690826416
"DL","2026-08-19T18:00:00.000000",23.0530395507812
"DL","2026-08-19T19:00:00.000000",23.0648307800293
"DL","2026-08-19T20:00:00.000000",23.0847930908203
"DL","2026-08-19T21:00:00.000000",23.0862445831299
"DL","2026-08-19T22:00:00.000000",23.0954647064209
"DL","2026-08-19T23:00:00.000000",23.068904876709
"DL","2026-08-20T00:00:00.000000",23.0782165527344
"DL","2026-08-20T01:00:00.000000",23.2001895904541
"DL","2026-08-20T02:00:00.000000",23.1005458831787
"DL","2026-08-20T03:00:00.000000",23.0467510223389
"DL","2026-08-20T04:00:00.000000",23.0093231201172
"DL","2026-08-20T05:00:00.000000",23.0041790008545
"DL","2026-08-20T06:00:00.000000",23.0149478912354
"DL","2026-08-20T07:00:00.000000",23.0374565124512
"DL","2026-08-20T08:00:00.000000",23.0492267608643
"DL","2026-08-20T09:00:00.000000",23.172679901123
"DL","2026-08-20T10:00:00.000000",23.214319229126
"DL","2026-08-20T11:00:00.000000",23.1767158508301
"DL","2026-08-20T12:00:00.000000",23.1087074279785
"DL","2026-08-20T13:00:00.000000",23.1117916107178
"DL","2026-08-20T14:00:00.000000",23.0683116912842
"DL","2026-08-20T15:00:00.000000",23.0623073577881
"DL","2026-08-20T16:00:00.000000",23.041711807251
"DL","2026-08-20T17:00:00.000000",23.0376987457275
"DL","2026-08-20T18:00:00.000000",23.0409355163574
"DL","2026-08-20T19:00:00.000000",23.064733505249
"DL","2026-08-20T20:00:00.000000",23.0870342254639
"DL","2026-08-20T21:00:00.000000",23.0958938598633
"DL","2026-08-20T22:00:00.000000",23.1040840148926
"DL","2026-08-20T23:00:00.000000",23.1105613708496
"DL","2026-08-21T00:00:00.000000",23.1331768035889
"DL","2026-08-21T01:00:00.000000",23.2316551208496
"DL","2026-08-21T02:00:00.000000",23.2310981750488
"DL","2026-08-21T03:00:00.000000",23.1999244689941
"DL","2026-08-21T04:00:00.000000",23.1219730377197
"DL","2026-08-21T05:00:00.000000",23.0985240936279
"DL","2026-08-21T06:00:00.000000",23.0897159576416
"DL","2026-08-21T07:00:00.000000",23.07497215271
"DL","2026-08-21T08:00:00.000000",23.0619945526123
"DL","2026-08-21T09:00:00.000000",23.0401878356934
"DL","2026-08-21T10:00:00.000000",23.0758266448975
"DL","2026-08-21T11:00:00.000000",23.1070575714111
"DL","2026-08-21T12:00:00.000000",23.1035499572754
"DL","2026-08-21T13:00:00.000000",23.0591049194336
"DL","2026-08-21T14:00:00.000000",22.9966297149658
"DL","2026-08-21T15:00:00.000000",22.9428062438965
"DL","2026-08-21T16:00:00.000000",22.9061450958252
"DL","2026-08-21T17:00:00.000000",22.8730773925781
"DL","2026-08-21T18:00:00.000000",22.846866607666
"DL","2026-08-21T19:00:00.000000",22.8228206634521
"DL","2026-08-21T20:00:00.000000",22.8102951049805
"DL","2026-08-21T21:00:00.000000",22.8108310699463
"DL","2026-08-21T22:00:00.000000",22.8227119445801
"DL","2026-08-21T23:00:00.000000",22.8406639099121
"DL","2026-08-22T00:00:00.000000",22.8629302978516
"DL","2026-08-22T01:00:00.000000",22.8866958618164
"DL","2026-08-22T02:00:00.000000",22.9360160827637
"DL","2026-08-22T03:00:00.000000",22.9221878051758
"DL","2026-08-22T04:00:00.000000",22.9096908569336
"DL","2026-08-22T05:00:00.000000",22.8164024353027
"DL","2026-08-22T06:00:00.000000",22.7880039215088
"DL","2026-08-22T07:00:00.000000",22.7748394012451
"DL","2026-08-22T08:00:00.000000",22.7631359100342
"DL","2026-08-22T09:00:00.000000",22.7750473022461
"DL","2026-08-22T10:00:00.000000",22.8275547027588
"DL","2026-08-22T11:00:00.000000",22.9337158203125
"DL","2026-08-22T12:00:00.000000",22.9705677032471
"DL","2026-08-22T13:00:00.000000",22.8787403106689
"DL","2026-08-22T14:00:00.000000",22.8117733001709
"DL","2026-08-22T15:00:00.000000",22.7743721008301
"DL","2026-08-22T16:00:00.000000",22.7468147277832
"DL","2026-08-22T17:00:00.000000",22.7627849578857
"DL","2026-08-22T18:00:00.000000",22.7674579620361
"DL","2026-08-22T19:00:00.000000",22.7700366973877
"DL","2026-08-22T20:00:00.000000",22.7721900939941
"DL","2026-08-22T21:00:00.000000",22.7815685272217
"DL","2026-08-22T22:00:00.000000",22.7782688140869
"DL","2026-08-22T23:00:00.000000",22.7753372192383
"DL","2026-08-23T00:00:00.000000",22.7639350891113
"DL","2026-08-23T01:00:00.000000",22.7821750640869
"DL","2026-08-23T02:00:00.000000",22.7926273345947
"DL","2026-08-23T03:00:00.000000",22.8054370880127
"DL","2026-08-23T04:00:00.000000",22.857400894165
"DL","2026-08-23T05:00:00.000000",22.8631553649902
"DL","2026-08-23T06:00:00.000000",22.8600826263428
"DL","2026-08-23T07:00:00.000000",22.8257598876953
"DL","2026-08-23T08:00:00.000000",22.7251567840576
"DL","2026-08-23T09:00:00.000000",22.6713924407959
"DL","2026-08-23T10:00:00.000000",22.6521244049072
"DL","2026-08-23T11:00:00.000000",22.6815910339355
"DL","2026-08-23T12:00:00.000000",22.7433776855469
"DL","2026-08-23T13:00:00.000000",22.7998828887939
"DL","2026-08-23T14:00:00.000000",22.7446308135986
"DL","2026-08-23T15:00:00.000000",22.6888427734375
"DL","2026-08-23T16:00:00.000000",22.7007541656494
"DL","2026-08-23T17:00:00.000000",22.7618103027344
"DL","2026-08-23T18:00:00.000000",22.8221626281738
"DL","2026-08-23T19:00:00.000000",22.8738689422607
"DL","2026-08-23T20:00:00.000000",22.8964462280273
"DL","2026-08-23T21:00:00.000000",22.9191932678223
"DL","2026-08-23T22:00:00.000000",22.9208850860596
"DL","2026-08-23T23:00:00.000000",22.9022789001465
"DL","2026-08-24T00:00:00.000000",22.8392238616943
"DL","2026-08-24T01:00:00.000000",22.8139591217041
"DL","2026-08-24T02:00:00.000000",22.8138179779053
"DL","2026-08-24T03:00:00.000000",22.8856334686279
"DL","2026-08-24T04:00:00.000000",22.8527355194092
"DL","2026-08-24T05:00:00.000000",22.8759784698486
"DL","2026-08-24T06:00:00.000000",22.8971920013428
"DL","2026-08-24T07:00:00.000000",22.9069957733154
"DL","2026-08-24T08:00:00.000000",22.9167671203613
"DL","2026-08-24T09:00:00.000000",22.9203643798828
"DL","2026-08-24T10:00:00.000000",22.9213600158691
"DL","2026-08-24T11:00:00.000000",22.9069404602051
"DL","2026-08-24T12:00:00.000000",22.8822784423828
"DL","2026-08-24T13:00:00.000000",22.8731937408447
"DL","2026-08-24T14:00:00.000000",22.8805828094482
"DL","2026-08-24T15:00:00.000000",22.9027118682861
"DL","2026-08-24T16:00:00.000000",22.917818069458
"DL","2026-08-24T17:00:00.000000",22.9309043884277
"DL","2026-08-24T18:00:00.000000",22.8938465118408
"DL","2026-08-24T19:00:00.000000",22.8203430175781
"DL","2026-08-24T20:00:00.000000",22.7767429351807
"DL","2026-08-24T21:00:00.000000",22.7592544555664
"DL","2026-08-24T22:00:00.000000",22.7569637298584
"DL","2026-08-24T23:00:00.000000",22.7582378387451
"DL","2026-08-25T00:00:00.000000",22.8053874969482
"DL","2026-08-25T01:00:00.000000",22.8719635009766
"DL","2026-08-25T02:00:00.000000",22.9056243896484
"DL","2026-08-25T03:00:00.000000",22.9073238372803
"DL","2026-08-25T04:00:00.000000",22.901252746582
"DL","2026-08-25T05:00:00.000000",22.8114452362061
"DL","2026-08-25T06:00:00.000000",22.8170680999756
"DL","2026-08-25T07:00:00.000000",22.6772022247314
"DL","2026-08-25T08:00:00.000000",22.6601905822754
"DL","2026-08-25T09:00:00.000000",22.6582012176514
"DL","2026-08-25T10:00:00.000000",22.6656913757324
"DL","2026-08-25T11:00:00.000000",22.6833534240723
"DL","2026-08-25T12:00:00.000000",22.7073268890381
"DL","2026-08-25T13:00:00.000000",22.8237762451172
"DL","2026-08-25T14:00:00.000000",22.8792514801025
"DL","2026-08-25T15:00:00.000000",22.9089546203613
"DL","2026-08-25T16:00:00.000000",22.8404483795166
"DL","2026-08-25T17:00:00.000000",22.7991409301758
"DL","2026-08-25T18:00:00.000000",22.7414989471436
"DL","2026-08-25T19:00:00.000000",22.6391620635986
"DL","2026-08-25T20:00:00.000000",22.5774574279785
"DL","2026-08-25T21:00:00.000000",22.537956237793
"DL","2026-08-25T22:00:00.000000",22.5339660644531
"DL","2026-08-25T23:00:00.000000",22.5333080291748
"DL","2026-08-26T00:00:00.000000",22.550163269043
"GB","2026-08-18T00:00:00.000000",23.2712020874023
"GB","2026-08-18T01:00:00.000000",23.2880744934082
"GB","2026-08-18T02:00:00.000000",23.2910404205322
"GB","2026-08-18T03:00:00.000000",23.4222927093506
"GB","2026-08-18T04:00:00.000000",23.3351593017578
"GB","2026-08-18T05:00:00.000000",23.2520160675049
"GB","2026-08-18T06:00:00.000000",23.1990127563477
"GB","2026-08-18T07:00:00.000000",23.1241836547852
"GB","2026-08-18T08:00:00.000000",23.0382976531982
"GB","2026-08-18T09:00:00.000000",23.2647724151611
"GB","2026-08-18T10:00:00.000000",23.3305072784424
"GB","2026-08-18T11:00:00.000000",23.3538017272949
"GB","2026-08-18T12:00:00.000000",23.3388805389404
"GB","2026-08-18T13:00:00.000000",23.344409942627
"GB","2026-08-18T14:00:00.000000",23.3523731231689
"GB","2026-08-18T15:00:00.000000",23.4328536987305
"GB","2026-08-18T16:00:00.000000",23.3749694824219
"GB","2026-08-18T17:00:00.000000",23.1591815948486
"GB","2026-08-18T18:00:00.000000",23.004732131958
"GB","2026-08-18T19:00:00.000000",22.8799228668213
"GB","2026-08-18T20:00:00.000000",22.7369251251221
"GB","2026-08-18T21:00:00.000000",22.9817695617676
"GB","2026-08-18T22:00:00.000000",23.2362289428711
"GB","2026-08-18T23:00:00.000000",23.300989151001
"GB","2026-08-19T00:00:00.000000",23.2909488677979
"GB","2026-08-19T01:00:00.000000",23.3071594238281
"GB","2026-08-19T02:00:00.000000",23.3432025909424
"GB","2026-08-19T03:00:00.000000",23.4172744750977
"GB","2026-08-19T04:00:00.000000",23.5190677642822
"GB","2026-08-19T05:00:00.000000",23.3165397644043
"GB","2026-08-19T06:00:00.000000",23.1062812805176
"GB","2026-08-19T07:00:00.000000",22.9759864807129
"GB","2026-08-19T08:00:00.000000",22.8330898284912
"GB","2026-08-19T09:00:00.000000",22.750940322876
"GB","2026-08-19T10:00:00.000000",23.2353668212891
"GB","2026-08-19T11:00:00.000000",23.3341217041016
"GB","2026-08-19T12:00:00.000000",23.343189239502
"GB","2026-08-19T13:00:00.000000",23.2927017211914
"GB","2026-08-19T14:00:00.000000",23.2812480926514
"GB","2026-08-19T15:00:00.000000",23.3099517822266
"GB","2026-08-19T16:00:00.000000",23.4184284210205
"GB","2026-08-19T17:00:00.000000",23.3327865600586
"GB","2026-08-19T18:00:00.000000",23.131908416748
"GB","2026-08-19T19:00:00.000000",22.9817676544189
"GB","2026-08-19T20:00:00.000000",22.874547958374
"GB","2026-08-19T21:00:00.000000",22.7879238128662
"GB","2026-08-19T22:00:00.000000",23.0896816253662
"GB","2026-08-19T23:00:00.000000",23.2413311004639
"GB","2026-08-20T00:00:00.000000",23.2813205718994
"GB","2026-08-20T01:00:00.000000",23.2722206115723
"GB","2026-08-20T02:00:00.000000",23.2696285247803
"GB","2026-08-20T03:00:00.000000",23.2844429016113
"GB","2026-08-20T04:00:00.000000",23.3456592559814
"GB","2026-08-20T05:00:00.000000",23.4139137268066
"GB","2026-08-20T06:00:00.000000",23.3560104370117
"GB","2026-08-20T07:00:00.000000",23.3267707824707
"GB","2026-08-20T08:00:00.000000",23.2915802001953
"GB","2026-08-20T09:00:00.000000",23.2243309020996
"GB","2026-08-20T10:00:00.000000",23.177038192749
"GB","2026-08-20T11:00:00.000000",23.2733745574951
"GB","2026-08-20T12:00:00.000000",23.3166656494141
"GB","2026-08-20T13:00:00.000000",23.3502998352051
"GB","2026-08-20T14:00:00.000000",23.3454856872559
"GB","2026-08-20T15:00:00.000000",23.34912109375
"GB","2026-08-20T16:00:00.000000",23.380428314209
"GB","2026-08-20T17:00:00.000000",23.4085273742676
"GB","2026-08-20T18:00:00.000000",23.3398628234863
"GB","2026-08-20T19:00:00.000000",23.2433166503906
"GB","2026-08-20T20:00:00.000000",23.1824226379395
"GB","2026-08-20T21:00:00.000000",23.1212921142578
"GB","2026-08-20T22:00:00.000000",23.0385437011719
"GB","2026-08-20T23:00:00.000000",23.1550064086914
"GB","2026-08-21T00:00:00.000000",23.1663055419922
"GB","2026-08-21T01:00:00.000000",23.2151660919189
"GB","2026-08-21T02:00:00.000000",23.2618083953857
"GB","2026-08-21T03:00:00.000000",23.300142288208
"GB","2026-08-21T04:00:00.000000",23.3119201660156
"GB","2026-08-21T05:00:00.000000",23.3533134460449
"GB","2026-08-21T06:00:00.000000",23.409107208252
"GB","2026-08-21T07:00:00.000000",23.3558502197266
"GB","2026-08-21T08:00:00.000000",23.2624263763428
"GB","2026-08-21T09:00:00.000000",23.1567230224609
"GB","2026-08-21T10:00:00.000000",23.0415782928467
"GB","2026-08-21T11:00:00.000000",23.021951675415
"GB","2026-08-21T12:00:00.000000",23.1990604400635
"GB","2026-08-21T13:00:00.000000",23.3145313262939
"GB","2026-08-21T14:00:00.000000",23.3944149017334
"GB","2026-08-21T15:00:00.000000",23.4049186706543
"GB","2026-08-21T16:00:00.000000",23.3387145996094
"GB","2026-08-21T17:00:00.000000",23.2736434936523
"GB","2026-08-21T18:00:00.000000",23.3484287261963
"GB","2026-08-21T19:00:00.000000",23.3567047119141
"GB","2026-08-21T20:00:00.000000",23.1609554290771
"GB","2026-08-21T21:00:00.000000",22.9529933929443
"GB","2026-08-21T22:00:00.000000",22.746187210083
"GB","2026-08-21T23:00:00.000000",22.6717491149902
"GB","2026-08-22T00:00:00.000000",22.965518951416
"GB","2026-08-22T01:00:00.000000",23.2895126342773
"GB","2026-08-22T02:00:00.000000",23.3452758789062
"GB","2026-08-22T03:00:00.000000",23.2819995880127
"GB","2026-08-22T04:00:00.000000",23.2390689849854
"GB","2026-08-22T05:00:00.000000",23.1951236724854
"GB","2026-08-22T06:00:00.000000",23.3886814117432
"GB","2026-08-22T07:00:00.000000",23.5403633117676
"GB","2026-08-22T08:00:00.000000",23.3161678314209
"GB","2026-08-22T09:00:00.000000",23.0062408447266
"GB","2026-08-22T10:00:00.000000",22.739559173584
"GB","2026-08-22T11:00:00.000000",22.541088104248
"GB","2026-08-22T12:00:00.000000",22.5462493896484
"GB","2026-08-22T13:00:00.000000",23.0914897918701
"GB","2026-08-22T14:00:00.000000",23.3126201629639
"GB","2026-08-22T15:00:00.000000",23.2865810394287
"GB","2026-08-22T16:00:00.000000",23.1332530975342
"GB","2026-08-22T17:00:00.000000",23.0330924987793
"GB","2026-08-22T18:00:00.000000",23.1501369476318
"GB","2026-08-22T19:00:00.000000",23.3310260772705
"GB","2026-08-22T20:00:00.000000",23.2365646362305
"GB","2026-08-22T21:00:00.000000",22.9179039001465
"GB","2026-08-22T22:00:00.000000",22.6640129089355
"GB","2026-08-22T23:00:00.000000",22.4699668884277
"GB","2026-08-23T00:00:00.000000",22.3176574707031
"GB","2026-08-23T01:00:00.000000",22.3796367645264
"GB","2026-08-23T02:00:00.000000",22.8904457092285
"GB","2026-08-23T03:00:00.000000",23.1017875671387
"GB","2026-08-23T04:00:00.000000",23.0912628173828
"GB","2026-08-23T05:00:00.000000",23.0326194763184
"GB","2026-08-23T06:00:00.000000",23.0542659759521
"GB","2026-08-23T07:00:00.000000",23.2847900390625
"GB","2026-08-23T08:00:00.000000",23.3126068115234
"GB","2026-08-23T09:00:00.000000",23.1207656860352
"GB","2026-08-23T10:00:00.000000",22.9037609100342
"GB","2026-08-23T11:00:00.000000",22.7044830322266
"GB","2026-08-23T12:00:00.000000",22.4837589263916
"GB","2026-08-23T13:00:00.000000",22.4013328552246
"GB","2026-08-23T14:00:00.000000",22.7828178405762
"GB","2026-08-23T15:00:00.000000",23.1139945983887
"GB","2026-08-23T16:00:00.000000",23.1940383911133
"GB","2026-08-23T17:00:00.000000",23.2126598358154
"GB","2026-08-23T18:00:00.000000",23.1929569244385
"GB","2026-08-23T19:00:00.000000",23.2272529602051
"GB","2026-08-23T20:00:00.000000",23.2789077758789
"GB","2026-08-23T21:00:00.000000",23.2116794586182
"GB","2026-08-23T22:00:00.000000",23.0840759277344
"GB","2026-08-23T23:00:00.000000",23.0021858215332
"GB","2026-08-24T00:00:00.000000",22.9631519317627
"GB","2026-08-24T01:00:00.000000",22.9132385253906
"GB","2026-08-24T02:00:00.000000",22.923770904541
"GB","2026-08-24T03:00:00.000000",23.1702575683594
"GB","2026-08-24T04:00:00.000000",23.2271270751953
"GB","2026-08-24T05:00:00.000000",23.1948337554932
"GB","2026-08-24T06:00:00.000000",23.1882209777832
"GB","2026-08-24T07:00:00.000000",23.1969127655029
"GB","2026-08-24T08:00:00.000000",23.2478561401367
"GB","2026-08-24T09:00:00.000000",23.248498916626
"GB","2026-08-24T10:00:00.000000",23.1885585784912
"GB","2026-08-24T11:00:00.000000",23.1385288238525
"GB","2026-08-24T12:00:00.000000",23.1013927459717
"GB","2026-08-24T13:00:00.000000",23.0593872070312
"GB","2026-08-24T14:00:00.000000",23.0316104888916
"GB","2026-08-24T15:00:00.000000",23.1155490875244
"GB","2026-08-24T16:00:00.000000",23.1417713165283
"GB","2026-08-24T17:00:00.000000",23.1618099212646
"GB","2026-08-24T18:00:00.000000",23.1800346374512
"GB","2026-08-24T19:00:00.000000",23.2249526977539
"GB","2026-08-24T20:00:00.000000",23.2745590209961
"GB","2026-08-24T21:00:00.000000",23.267017364502
"GB","2026-08-24T22:00:00.000000",23.244930267334
"GB","2026-08-24T23:00:00.000000",23.2378387451172
"GB","2026-08-25T00:00:00.000000",23.2379894256592
"GB","2026-08-25T01:00:00.000000",23.2529125213623
"GB","2026-08-25T02:00:00.000000",23.2582817077637
"GB","2026-08-25T03:00:00.000000",23.1523952484131
"GB","2026-08-25T04:00:00.000000",22.8234786987305
"GB","2026-08-25T05:00:00.000000",22.7796020507812
"GB","2026-08-25T06:00:00.000000",22.8221263885498
"GB","2026-08-25T07:00:00.000000",22.859338760376
"GB","2026-08-25T08:00:00.000000",22.9142074584961
"GB","2026-08-25T09:00:00.000000",22.976131439209
"GB","2026-08-25T10:00:00.000000",22.9997730255127
"GB","2026-08-25T11:00:00.000000",23.0281925201416
"GB","2026-08-25T12:00:00.000000",23.0551261901855
"GB","2026-08-25T13:00:00.000000",23.0765075683594
"GB","2026-08-25T14:00:00.000000",23.0895252227783
"GB","2026-08-25T15:00:00.000000",23.0995006561279
"GB","2026-08-25T16:00:00.000000",22.6457252502441
"GB","2026-08-25T17:00:00.000000",22.5594882965088
"GB","2026-08-25T18:00:00.000000",22.6465530395508
"GB","2026-08-25T19:00:00.000000",22.7087478637695
"GB","2026-08-25T20:00:00.000000",22.8249778747559
"GB","2026-08-25T21:00:00.000000",22.8993701934814
"GB","2026-08-25T22:00:00.000000",22.9202117919922
"GB","2026-08-25T23:00:00.000000",22.9311199188232
"GB","2026-08-26T00:00:00.000000",22.9316005706787
"LI","2026-08-18T00:00:00.000000",24.2323246002197
"LI","2026-08-18T01:00:00.000000",24.0744247436523
"LI","2026-08-18T02:00:00.000000",24.0722599029541
"LI","2026-08-18T03:00:00.000000",24.0739784240723
"LI","2026-08-18T04:00:00.000000",24.0772190093994
"LI","2026-08-18T05:00:00.000000",24.080774307251
"LI","2026-08-18T06:00:00.000000",24.1329250335693
"LI","2026-08-18T07:00:00.000000",24.2220230102539
"LI","2026-08-18T08:00:00.000000",24.2685794830322
"LI","2026-08-18T09:00:00.000000",24.2767009735107
"LI","2026-08-18T10:00:00.000000",24.2060375213623
"LI","2026-08-18T11:00:00.000000",24.1811676025391
"LI","2026-08-18T12:00:00.000000",24.2309436798096
"LI","2026-08-18T13:00:00.000000",24.2131118774414
"LI","2026-08-18T14:00:00.000000",24.2194366455078
"LI","2026-08-18T15:00:00.000000",24.2680492401123
"LI","2026-08-18T16:00:00.000000",24.2874507904053
"LI","2026-08-18T17:00:00.000000",24.2883701324463
"LI","2026-08-18T18:00:00.000000",24.2870235443115
"LI","2026-08-18T19:00:00.000000",24.2905158996582
"LI","2026-08-18T20:00:00.000000",24.3021373748779
"LI","2026-08-18T21:00:00.000000",24.3113822937012
"LI","2026-08-18T22:00:00.000000",24.3144626617432
"LI","2026-08-18T23:00:00.000000",24.3141307830811
"LI","2026-08-19T00:00:00.000000",24.314920425415
"LI","2026-08-19T01:00:00.000000",24.3118896484375
"LI","2026-08-19T02:00:00.000000",24.3093681335449
"LI","2026-08-19T03:00:00.000000",24.3188610076904
"LI","2026-08-19T04:00:00.000000",24.3172512054443
"LI","2026-08-19T05:00:00.000000",24.309850692749
"LI","2026-08-19T06:00:00.000000",24.2945899963379
"LI","2026-08-19T07:00:00.000000",24.2718086242676
"LI","2026-08-19T08:00:00.000000",24.2624664306641
"LI","2026-08-19T09:00:00.000000",24.2551155090332
"LI","2026-08-19T10:00:00.000000",24.2504749298096
"LI","2026-08-19T11:00:00.000000",24.2490673065186
"LI","2026-08-19T12:00:00.000000",24.2443695068359
"LI","2026-08-19T13:00:00.000000",24.2356109619141
"LI","2026-08-19T14:00:00.000000",24.2543697357178
"LI","2026-08-19T15:00:00.000000",24.2588291168213
"LI","2026-08-19T16:00:00.000000",24.2391510009766
"LI","2026-08-19T17:00:00.000000",24.2431411743164
"LI","2026-08-19T18:00:00.000000",24.2596225738525
"LI","2026-08-19T19:00:00.000000",24.2765045166016
"LI","2026-08-19T20:00:00.000000",24.2949161529541
"LI","2026-08-19T21:00:00.000000",24.3144187927246
"LI","2026-08-19T22:00:00.000000",24.315185546875
"LI","2026-08-19T23:00:00.000000",24.2813320159912
"LI","2026-08-20T00:00:00.000000",24.2592010498047
"LI","2026-08-20T01:00:00.000000",24.2543125152588
"LI","2026-08-20T02:00:00.000000",24.2468948364258
"LI","2026-08-20T03:00:00.000000",24.2700595855713
"LI","2026-08-20T04:00:00.000000",24.3148651123047
"LI","2026-08-20T05:00:00.000000",24.3174934387207
"LI","2026-08-20T06:00:00.000000",24.3105525970459
"LI","2026-08-20T07:00:00.000000",24.3015747070312
"LI","2026-08-20T08:00:00.000000",24.2872219085693
"LI","2026-08-20T09:00:00.000000",24.2731399536133
"LI","2026-08-20T10:00:00.000000",24.2649669647217
"LI","2026-08-20T11:00:00.000000",24.260046005249
"LI","2026-08-20T12:00:00.000000",24.2433376312256
"LI","2026-08-20T13:00:00.000000",24.2361469268799
"LI","2026-08-20T14:00:00.000000",24.2343063354492
"LI","2026-08-20T15:00:00.000000",24.2302303314209
"LI","2026-08-20T16:00:00.000000",24.2209548950195
"LI","2026-08-20T17:00:00.000000",24.2145462036133
"LI","2026-08-20T18:00:00.000000",24.2152442932129
"LI","2026-08-20T19:00:00.000000",24.2161483764648
"LI","2026-08-20T20:00:00.000000",24.2164535522461
"LI","2026-08-20T21:00:00.000000",24.2189044952393
"LI","2026-08-20T22:00:00.000000",24.2233772277832
"LI","2026-08-20T23:00:00.000000",24.2386741638184
"LI","2026-08-21T00:00:00.000000",24.2430229187012
"LI","2026-08-21T01:00:00.000000",24.2423000335693
"LI","2026-08-21T02:00:00.000000",24.2544956207275
"LI","2026-08-21T03:00:00.000000",24.2236385345459
"LI","2026-08-21T04:00:00.000000",24.2107105255127
"LI","2026-08-21T05:00:00.000000",24.2131462097168
"LI","2026-08-21T06:00:00.000000",24.214506149292
"LI","2026-08-21T07:00:00.000000",24.2168292999268
"LI","2026-08-21T08:00:00.000000",24.2154426574707
"LI","2026-08-21T09:00:00.000000",24.2188777923584
"LI","2026-08-21T10:00:00.000000",24.2239608764648
"LI","2026-08-21T11:00:00.000000",24.2662582397461
"LI","2026-08-21T12:00:00.000000",24.2736759185791
"LI","2026-08-21T13:00:00.000000",24.2750377655029
"LI","2026-08-21T14:00:00.000000",24.2865390777588
"LI","2026-08-21T15:00:00.000000",24.256160736084
"LI","2026-08-21T16:00:00.000000",24.1763000488281
"LI","2026-08-21T17:00:00.000000",24.011417388916
"LI","2026-08-21T18:00:00.000000",23.9523658752441
"LI","2026-08-21T19:00:00.000000",24.0257129669189
"LI","2026-08-21T20:00:00.000000",24.0292530059814
"LI","2026-08-21T21:00:00.000000",24.0451507568359
"LI","2026-08-21T22:00:00.000000",24.0748023986816
"LI","2026-08-21T23:00:00.000000",24.1060962677002
"LI","2026-08-22T00:00:00.000000",24.1408348083496
"LI","2026-08-22T01:00:00.000000",24.1483116149902
"LI","2026-08-22T02:00:00.000000",24.1431789398193
"LI","2026-08-22T03:00:00.000000",24.1382827758789
"LI","2026-08-22T04:00:00.000000",24.1239261627197
"LI","2026-08-22T05:00:00.000000",24.0593338012695
"LI","2026-08-22T06:00:00.000000",23.9311103820801
"LI","2026-08-22T07:00:00.000000",23.9257850646973
"LI","2026-08-22T08:00:00.000000",23.9136829376221
"LI","2026-08-22T09:00:00.000000",23.8966979980469
"LI","2026-08-22T10:00:00.000000",23.8916606903076
"LI","2026-08-22T11:00:00.000000",23.8565940856934
"LI","2026-08-22T12:00:00.000000",23.7997703552246
"LI","2026-08-22T13:00:00.000000",23.754430770874
"LI","2026-08-22T14:00:00.000000",23.7250194549561
"LI","2026-08-22T15:00:00.000000",23.6805648803711
"LI","2026-08-22T16:00:00.000000",23.6542453765869
"LI","2026-08-22T17:00:00.000000",23.5754985809326
"LI","2026-08-22T18:00:00.000000",23.0793304443359
"LI","2026-08-22T19:00:00.000000",22.9781246185303
"LI","2026-08-22T20:00:00.000000",23.0009517669678
"LI","2026-08-22T21:00:00.000000",23.1978378295898
"LI","2026-08-22T22:00:00.000000",23.2637500762939
"LI","2026-08-22T23:00:00.000000",23.3116188049316
"LI","2026-08-23T00:00:00.000000",23.3153171539307
"LI","2026-08-23T01:00:00.000000",23.3487281799316
"LI","2026-08-23T02:00:00.000000",23.3652839660645
"LI","2026-08-23T03:00:00.000000",23.3792171478271
"LI","2026-08-23T04:00:00.000000",23.4198818206787
"LI","2026-08-23T05:00:00.000000",23.422887802124
"LI","2026-08-23T06:00:00.000000",23.2216815948486
"LI","2026-08-23T07:00:00.000000",23.0316219329834
"LI","2026-08-23T08:00:00.000000",23.114501953125
"LI","2026-08-23T09:00:00.000000",23.0612468719482
"LI","2026-08-23T10:00:00.000000",23.1420001983643
"LI","2026-08-23T11:00:00.000000",23.121057510376
"LI","2026-08-23T12:00:00.000000",23.0996990203857
"LI","2026-08-23T13:00:00.000000",23.1158905029297
"LI","2026-08-23T14:00:00.000000",23.1370487213135
"LI","2026-08-23T15:00:00.000000",23.0852756500244
"LI","2026-08-23T16:00:00.000000",22.9134845733643
"LI","2026-08-23T17:00:00.000000",22.922966003418
"LI","2026-08-23T18:00:00.000000",23.042989730835
"LI","2026-08-23T19:00:00.000000",23.1930561065674
"LI","2026-08-23T20:00:00.000000",23.2463130950928
"LI","2026-08-23T21:00:00.000000",23.2774639129639
"LI","2026-08-23T22:00:00.000000",23.2924098968506
"LI","2026-08-23T23:00:00.000000",23.3038787841797
"LI","2026-08-24T00:00:00.000000",23.2996082305908
"LI","2026-08-24T01:00:00.000000",23.2779064178467
"LI","2026-08-24T02:00:00.000000",23.2787990570068
"LI","2026-08-24T03:00:00.000000",23.2804641723633
"LI","2026-08-24T04:00:00.000000",23.2809772491455
"LI","2026-08-24T05:00:00.000000",23.280086517334
"LI","2026-08-24T06:00:00.000000",23.2826156616211
"LI","2026-08-24T07:00:00.000000",23.3144454956055
"LI","2026-08-24T08:00:00.000000",23.3615798950195
"LI","2026-08-24T09:00:00.000000",23.41845703125
"LI","2026-08-24T10:00:00.000000",23.4344520568848
"LI","2026-08-24T11:00:00.000000",23.3534469604492
"LI","2026-08-24T12:00:00.000000",23.3444728851318
"LI","2026-08-24T13:00:00.000000",23.367639541626
"LI","2026-08-24T14:00:00.000000",23.3970146179199
"LI","2026-08-24T15:00:00.000000",23.412540435791
"LI","2026-08-24T16:00:00.000000",23.4176464080811
"LI","2026-08-24T17:00:00.000000",23.4195652008057
"LI","2026-08-24T18:00:00.000000",23.4189643859863
"LI","2026-08-24T19:00:00.000000",23.4175758361816
"LI","2026-08-24T20:00:00.000000",23.4143238067627
"LI","2026-08-24T21:00:00.000000",23.4099197387695
"LI","2026-08-24T22:00:00.000000",23.3565082550049
"LI","2026-08-24T23:00:00.000000",23.3051471710205
"LI","2026-08-25T00:00:00.000000",23.3041534423828
"LI","2026-08-25T01:00:00.000000",23.3052368164062
"LI","2026-08-25T02:00:00.000000",23.3082447052002
"LI","2026-08-25T03:00:00.000000",23.3175411224365
"LI","2026-08-25T04:00:00.000000",23.340030670166
"LI","2026-08-25T05:00:00.000000",23.3503360748291
"LI","2026-08-25T06:00:00.000000",23.3873844146729
"LI","2026-08-25T07:00:00.000000",23.4102153778076
"LI","2026-08-25T08:00:00.000000",23.4164581298828
"LI","2026-08-25T09:00:00.000000",23.3839206695557
"LI","2026-08-25T10:00:00.000000",23.3773632049561
"LI","2026-08-25T11:00:00.000000",23.3777675628662
"LI","2026-08-25T12:00:00.000000",23.3790626525879
"LI","2026-08-25T13:00:00.000000",23.3871040344238
"LI","2026-08-25T14:00:00.000000",23.4406471252441
"LI","2026-08-25T15:00:00.000000",23.5191402435303
"LI","2026-08-25T16:00:00.000000",23.5056381225586
"LI","2026-08-25T17:00:00.000000",23.4391193389893
"LI","2026-08-25T18:00:00.000000",23.4088726043701
"LI","2026-08-25T19:00:00.000000",23.3860988616943
"LI","2026-08-25T20:00:00.000000",23.3428726196289
"LI","2026-08-25T21:00:00.000000",23.3050594329834
"LI","2026-08-25T22:00:00.000000",23.2829360961914
"LI","2026-08-25T23:00:00.000000",23.2642860412598
"LI","2026-08-26T00:00:00.000000",23.2529201507568
"OB","2026-08-18T00:00:00.000000",21.5669326782227
"OB","2026-08-18T01:00:00.000000",21.5620441436768
"OB","2026-08-18T02:00:00.000000",21.5578327178955
"OB","2026-08-18T03:00:00.000000",21.5533428192139
"OB","2026-08-18T04:00:00.000000",21.5556221008301
"OB","2026-08-18T05:00:00.000000",21.5544967651367
"OB","2026-08-18T06:00:00.000000",21.477876663208
"OB","2026-08-18T07:00:00.000000",21.2904663085938
"OB","2026-08-18T08:00:00.000000",21.15576171875
"OB","2026-08-18T09:00:00.000000",21.0069770812988
"OB","2026-08-18T10:00:00.000000",20.8956890106201
"OB","2026-08-18T11:00:00.000000",20.8480758666992
"OB","2026-08-18T12:00:00.000000",20.8649349212646
"OB","2026-08-18T13:00:00.000000",20.8568058013916
"OB","2026-08-18T14:00:00.000000",20.8750648498535
"OB","2026-08-18T15:00:00.000000",20.9092693328857
"OB","2026-08-18T16:00:00.000000",20.9665775299072
"OB","2026-08-18T17:00:00.000000",20.9536514282227
"OB","2026-08-18T18:00:00.000000",20.8015594482422
"OB","2026-08-18T19:00:00.000000",20.6607780456543
"OB","2026-08-18T20:00:00.000000",20.5762825012207
"OB","2026-08-18T21:00:00.000000",20.5300464630127
"OB","2026-08-18T22:00:00.000000",20.5018558502197
"OB","2026-08-18T23:00:00.000000",20.5214023590088
"OB","2026-08-19T00:00:00.000000",20.6311588287354
"OB","2026-08-19T01:00:00.000000",20.7268829345703
"OB","2026-08-19T02:00:00.000000",20.7888431549072
"OB","2026-08-19T03:00:00.000000",20.847770690918
"OB","2026-08-19T04:00:00.000000",20.9042911529541
"OB","2026-08-19T05:00:00.000000",20.918098449707
"OB","2026-08-19T06:00:00.000000",20.9019775390625
"OB","2026-08-19T07:00:00.000000",20.8716583251953
"OB","2026-08-19T08:00:00.000000",20.8190460205078
"OB","2026-08-19T09:00:00.000000",20.7766647338867
"OB","2026-08-19T10:00:00.000000",20.73606300354
"OB","2026-08-19T11:00:00.000000",20.7238903045654
"OB","2026-08-19T12:00:00.000000",20.736234664917
"OB","2026-08-19T13:00:00.000000",20.7474021911621
"OB","2026-08-19T14:00:00.000000",20.750904083252
"OB","2026-08-19T15:00:00.000000",20.7896842956543
"OB","2026-08-19T16:00:00.000000",20.865852355957
"OB","2026-08-19T17:00:00.000000",20.9664325714111
"OB","2026-08-19T18:00:00.000000",21.0256271362305
"OB","2026-08-19T19:00:00.000000",21.0695285797119
"OB","2026-08-19T20:00:00.000000",21.1786499023438
"OB","2026-08-19T21:00:00.000000",21.3286151885986
"OB","2026-08-19T22:00:00.000000",21.433277130127
"OB","2026-08-19T23:00:00.000000",21.423713684082
"OB","2026-08-20T00:00:00.000000",21.3914909362793
"OB","2026-08-20T01:00:00.000000",21.3284282684326
"OB","2026-08-20T02:00:00.000000",21.2481746673584
"OB","2026-08-20T03:00:00.000000",21.2210235595703
"OB","2026-08-20T04:00:00.000000",21.2238178253174
"OB","2026-08-20T05:00:00.000000",21.2288932800293
"OB","2026-08-20T06:00:00.000000",21.229679107666
"OB","2026-08-20T07:00:00.000000",21.2234153747559
"OB","2026-08-20T08:00:00.000000",21.213207244873
"OB","2026-08-20T09:00:00.000000",21.1905670166016
"OB","2026-08-20T10:00:00.000000",21.1623306274414
"OB","2026-08-20T11:00:00.000000",21.1513748168945
"OB","2026-08-20T12:00:00.000000",21.1463890075684
"OB","2026-08-20T13:00:00.000000",21.1423473358154
"OB","2026-08-20T14:00:00.000000",21.1595802307129
"OB","2026-08-20T15:00:00.000000",21.1700210571289
"OB","2026-08-20T16:00:00.000000",21.2101554870605
"OB","2026-08-20T17:00:00.000000",21.2988300323486
"OB","2026-08-20T18:00:00.000000",21.4607467651367
"OB","2026-08-20T19:00:00.000000",21.5893077850342
"OB","2026-08-20T20:00:00.000000",21.5933437347412
"OB","2026-08-20T21:00:00.000000",21.5946846008301
"OB","2026-08-20T22:00:00.000000",21.6001434326172
"OB","2026-08-20T23:00:00.000000",21.5578022003174
"OB","2026-08-21T00:00:00.000000",21.4777679443359
"OB","2026-08-21T01:00:00.000000",21.4258213043213
"OB","2026-08-21T02:00:00.000000",21.3940658569336
"OB","2026-08-21T03:00:00.000000",21.3695030212402
"OB","2026-08-21T04:00:00.000000",21.3535003662109
"OB","2026-08-21T05:00:00.000000",21.345724105835
"OB","2026-08-21T06:00:00.000000",21.3484764099121
"OB","2026-08-21T07:00:00.000000",21.3541736602783
"OB","2026-08-21T08:00:00.000000",21.36083984375
"OB","2026-08-21T09:00:00.000000",21.3633060455322
"OB","2026-08-21T10:00:00.000000",21.3601112365723
"OB","2026-08-21T11:00:00.000000",21.3498840332031
"OB","2026-08-21T12:00:00.000000",21.3385906219482
"OB","2026-08-21T13:00:00.000000",21.3320617675781
"OB","2026-08-21T14:00:00.000000",21.3221073150635
"OB","2026-08-21T15:00:00.000000",21.3047256469727
"OB","2026-08-21T16:00:00.000000",21.3008365631104
"OB","2026-08-21T17:00:00.000000",21.3016319274902
"OB","2026-08-21T18:00:00.000000",21.302001953125
"OB","2026-08-21T19:00:00.000000",21.3066921234131
"OB","2026-08-21T20:00:00.000000",21.3093032836914
"OB","2026-08-21T21:00:00.000000",21.310661315918
"OB","2026-08-21T22:00:00.000000",21.3071784973145
"OB","2026-08-21T23:00:00.000000",21.2786140441895
"OB","2026-08-22T00:00:00.000000",21.2390251159668
"OB","2026-08-22T01:00:00.000000",21.2015132904053
"OB","2026-08-22T02:00:00.000000",21.1729507446289
"OB","2026-08-22T03:00:00.000000",21.1612911224365
"OB","2026-08-22T04:00:00.000000",21.1463432312012
"OB","2026-08-22T05:00:00.000000",21.1358680725098
"OB","2026-08-22T06:00:00.000000",21.1185531616211
"OB","2026-08-22T07:00:00.000000",21.1069889068604
"OB","2026-08-22T08:00:00.000000",21.0949172973633
"OB","2026-08-22T09:00:00.000000",21.0766181945801
"OB","2026-08-22T10:00:00.000000",21.055793762207
"OB","2026-08-22T11:00:00.000000",21.0244159698486
"OB","2026-08-22T12:00:00.000000",20.990062713623
"OB","2026-08-22T13:00:00.000000",20.9438037872314
"OB","2026-08-22T14:00:00.000000",20.8386726379395
"OB","2026-08-22T15:00:00.000000",20.7396430969238
"OB","2026-08-22T16:00:00.000000",20.697437286377
"OB","2026-08-22T17:00:00.000000",20.6755771636963
"OB","2026-08-22T18:00:00.000000",20.6507835388184
"OB","2026-08-22T19:00:00.000000",20.6518898010254
"OB","2026-08-22T20:00:00.000000",20.6597023010254
"OB","2026-08-22T21:00:00.000000",20.6761531829834
"OB","2026-08-22T22:00:00.000000",20.646110534668
"OB","2026-08-22T23:00:00.000000",20.5972232818604
"OB","2026-08-23T00:00:00.000000",20.535587310791
"OB","2026-08-23T01:00:00.000000",20.4872608184814
"OB","2026-08-23T02:00:00.000000",20.4320030212402
"OB","2026-08-23T03:00:00.000000",20.369686126709
"OB","2026-08-23T04:00:00.000000",20.3332786560059
"OB","2026-08-23T05:00:00.000000",20.294979095459
"OB","2026-08-23T06:00:00.000000",20.2685737609863
"OB","2026-08-23T07:00:00.000000",20.2571048736572
"OB","2026-08-23T08:00:00.000000",20.267032623291
"OB","2026-08-23T09:00:00.000000",20.2744884490967
"OB","2026-08-23T10:00:00.000000",20.2905712127686
"OB","2026-08-23T11:00:00.000000",20.2953910827637
"OB","2026-08-23T12:00:00.000000",20.2929019927979
"OB","2026-08-23T13:00:00.000000",20.2796154022217
"OB","2026-08-23T14:00:00.000000",20.2831993103027
"OB","2026-08-23T15:00:00.000000",20.3140754699707
"OB","2026-08-23T16:00:00.000000",20.3323783874512
"OB","2026-08-23T17:00:00.000000",20.3313884735107
"OB","2026-08-23T18:00:00.000000",20.3388633728027
"OB","2026-08-23T19:00:00.000000",20.3697204589844
"OB","2026-08-23T20:00:00.000000",20.4406490325928
"OB","2026-08-23T21:00:00.000000",20.4919509887695
"OB","2026-08-23T22:00:00.000000",20.4935493469238
"OB","2026-08-23T23:00:00.000000",20.4892635345459
"OB","2026-08-24T00:00:00.000000",20.468578338623
"OB","2026-08-24T01:00:00.000000",20.439905166626
"OB","2026-08-24T02:00:00.000000",20.4228401184082
"OB","2026-08-24T03:00:00.000000",20.4134254455566
"OB","2026-08-24T04:00:00.000000",20.4083271026611
"OB","2026-08-24T05:00:00.000000",20.4041996002197
"OB","2026-08-24T06:00:00.000000",20.4037780761719
"OB","2026-08-24T07:00:00.000000",20.4031276702881
"OB","2026-08-24T08:00:00.000000",20.4042682647705
"OB","2026-08-24T09:00:00.000000",20.4086418151855
"OB","2026-08-24T10:00:00.000000",20.4144096374512
"OB","2026-08-24T11:00:00.000000",20.419397354126
"OB","2026-08-24T12:00:00.000000",20.4219093322754
"OB","2026-08-24T13:00:00.000000",20.422155380249
"OB","2026-08-24T14:00:00.000000",20.4242362976074
"OB","2026-08-24T15:00:00.000000",20.4283065795898
"OB","2026-08-24T16:00:00.000000",20.4395217895508
"OB","2026-08-24T17:00:00.000000",20.5156059265137
"OB","2026-08-24T18:00:00.000000",20.5199909210205
"OB","2026-08-24T19:00:00.000000",20.5209045410156
"OB","2026-08-24T20:00:00.000000",20.5187339782715
"OB","2026-08-24T21:00:00.000000",20.5150928497314
"OB","2026-08-24T22:00:00.000000",20.5134391784668
"OB","2026-08-24T23:00:00.000000",20.5120334625244
"OB","2026-08-25T00:00:00.000000",20.5094413757324
"OB","2026-08-25T01:00:00.000000",20.5066108703613
"OB","2026-08-25T02:00:00.000000",20.506534576416
"OB","2026-08-25T03:00:00.000000",20.5069828033447
"OB","2026-08-25T04:00:00.000000",20.5074367523193
"OB","2026-08-25T05:00:00.000000",20.5077781677246
"OB","2026-08-25T06:00:00.000000",20.5085620880127
"OB","2026-08-25T07:00:00.000000",20.5090980529785
"OB","2026-08-25T08:00:00.000000",20.5081806182861
"OB","2026-08-25T09:00:00.000000",20.5063152313232
"OB","2026-08-25T10:00:00.000000",20.5048866271973
"OB","2026-08-25T11:00:00.000000",20.5031433105469
"OB","2026-08-25T12:00:00.000000",20.5016098022461
"OB","2026-08-25T13:00:00.000000",20.5019302368164
"OB","2026-08-25T14:00:00.000000",20.5031051635742
"OB","2026-08-25T15:00:00.000000",20.506929397583
"OB","2026-08-25T16:00:00.000000",20.5117664337158
"OB","2026-08-25T17:00:00.000000",20.5166683197021
"OB","2026-08-25T18:00:00.000000",20.5462017059326
"OB","2026-08-25T19:00:00.000000",20.5551300048828
"OB","2026-08-25T20:00:00.000000",20.5604858398438
"OB","2026-08-25T21:00:00.000000",20.6280059814453
"OB","2026-08-25T22:00:00.000000",20.7316856384277
"OB","2026-08-25T23:00:00.000000",20.8037223815918
"OB","2026-08-26T00:00:00.000000",20.8434200286865
"WC","2026-08-18T00:00:00.000000",23.0023956298828
"WC","2026-08-18T01:00:00.000000",23.2787837982178
"WC","2026-08-18T02:00:00.000000",23.8350696563721
"WC","2026-08-18T03:00:00.000000",24.0207862854004
"WC","2026-08-18T04:00:00.000000",24.0230751037598
"WC","2026-08-18T05:00:00.000000",24.0128040313721
"WC","2026-08-18T06:00:00.000000",24.0047035217285
"WC","2026-08-18T07:00:00.000000",23.9997539520264
"WC","2026-08-18T08:00:00.000000",23.7504215240479
"WC","2026-08-18T09:00:00.000000",23.5591812133789
"WC","2026-08-18T10:00:00.000000",23.431978225708
"WC","2026-08-18T11:00:00.000000",23.20725440979
"WC","2026-08-18T12:00:00.000000",22.912956237793
"WC","2026-08-18T13:00:00.000000",22.9965476989746
"WC","2026-08-18T14:00:00.000000",23.6836795806885
"WC","2026-08-18T15:00:00.000000",24.0552196502686
"WC","2026-08-18T16:00:00.000000",24.1014041900635
"WC","2026-08-18T17:00:00.000000",24.1109390258789
"WC","2026-08-18T18:00:00.000000",24.1103916168213
"WC","2026-08-18T19:00:00.000000",24.1082229614258
"WC","2026-08-18T20:00:00.000000",23.9629783630371
"WC","2026-08-18T21:00:00.000000",23.6718235015869
"WC","2026-08-18T22:00:00.000000",23.5246143341064
"WC","2026-08-18T23:00:00.000000",23.2980194091797
"WC","2026-08-19T00:00:00.000000",22.9271507263184
"WC","2026-08-19T01:00:00.000000",22.6557102203369
"WC","2026-08-19T02:00:00.000000",22.9887771606445
"WC","2026-08-19T03:00:00.000000",23.904203414917
"WC","2026-08-19T04:00:00.000000",24.0697898864746
"WC","2026-08-19T05:00:00.000000",24.0754451751709
"WC","2026-08-19T06:00:00.000000",24.0552577972412
"WC","2026-08-19T07:00:00.000000",24.0482845306396
"WC","2026-08-19T08:00:00.000000",24.0274677276611
"WC","2026-08-19T09:00:00.000000",23.6152477264404
"WC","2026-08-19T10:00:00.000000",23.4204273223877
"WC","2026-08-19T11:00:00.000000",23.2806587219238
"WC","2026-08-19T12:00:00.000000",23.0547199249268
"WC","2026-08-19T13:00:00.000000",22.8881645202637
"WC","2026-08-19T14:00:00.000000",22.9310817718506
"WC","2026-08-19T15:00:00.000000",23.7530612945557
"WC","2026-08-19T16:00:00.000000",24.0584239959717
"WC","2026-08-19T17:00:00.000000",24.1019897460938
"WC","2026-08-19T18:00:00.000000",24.1080493927002
"WC","2026-08-19T19:00:00.000000",24.1085071563721
"WC","2026-08-19T20:00:00.000000",24.1043701171875
"WC","2026-08-19T21:00:00.000000",23.8143119812012
"WC","2026-08-19T22:00:00.000000",23.5305862426758
"WC","2026-08-19T23:00:00.000000",23.4163341522217
"WC","2026-08-20T00:00:00.000000",23.2367420196533
"WC","2026-08-20T01:00:00.000000",23.0397834777832
"WC","2026-08-20T02:00:00.000000",22.9488658905029
"WC","2026-08-20T03:00:00.000000",23.2137660980225
"WC","2026-08-20T04:00:00.000000",23.7559280395508
"WC","2026-08-20T05:00:00.000000",23.9593601226807
"WC","2026-08-20T06:00:00.000000",24.0109157562256
"WC","2026-08-20T07:00:00.000000",24.0252151489258
"WC","2026-08-20T08:00:00.000000",24.0145511627197
"WC","2026-08-20T09:00:00.000000",23.9580612182617
"WC","2026-08-20T10:00:00.000000",23.6665306091309
"WC","2026-08-20T11:00:00.000000",23.4559478759766
"WC","2026-08-20T12:00:00.000000",23.3384857177734
"WC","2026-08-20T13:00:00.000000",23.2509384155273
"WC","2026-08-20T14:00:00.000000",23.1483726501465
"WC","2026-08-20T15:00:00.000000",23.2840671539307
"WC","2026-08-20T16:00:00.000000",23.7161636352539
"WC","2026-08-20T17:00:00.000000",23.9461364746094
"WC","2026-08-20T18:00:00.000000",24.0174713134766
"WC","2026-08-20T19:00:00.000000",24.0375366210938
"WC","2026-08-20T20:00:00.000000",24.035364151001
"WC","2026-08-20T21:00:00.000000",24.0208396911621
"WC","2026-08-20T22:00:00.000000",23.8181133270264
"WC","2026-08-20T23:00:00.000000",23.5794296264648
"WC","2026-08-21T00:00:00.000000",23.4414367675781
"WC","2026-08-21T01:00:00.000000",23.3026962280273
"WC","2026-08-21T02:00:00.000000",23.1823101043701
"WC","2026-08-21T03:00:00.000000",23.1449947357178
"WC","2026-08-21T04:00:00.000000",23.2975311279297
"WC","2026-08-21T05:00:00.000000",23.7258834838867
"WC","2026-08-21T06:00:00.000000",23.8693161010742
"WC","2026-08-21T07:00:00.000000",23.878734588623
"WC","2026-08-21T08:00:00.000000",23.868236541748
"WC","2026-08-21T09:00:00.000000",23.8639373779297
"WC","2026-08-21T10:00:00.000000",23.855489730835
"WC","2026-08-21T11:00:00.000000",23.6161727905273
"WC","2026-08-21T12:00:00.000000",23.3839073181152
"WC","2026-08-21T13:00:00.000000",23.1753044128418
"WC","2026-08-21T14:00:00.000000",22.9785537719727
"WC","2026-08-21T15:00:00.000000",22.8461132049561
"WC","2026-08-21T16:00:00.000000",22.9559001922607
"WC","2026-08-21T17:00:00.000000",23.3909568786621
"WC","2026-08-21T18:00:00.000000",23.6677532196045
"WC","2026-08-21T19:00:00.000000",23.7215614318848
"WC","2026-08-21T20:00:00.000000",23.7260665893555
"WC","2026-08-21T21:00:00.000000",23.7167663574219
"WC","2026-08-21T22:00:00.000000",23.6612339019775
"WC","2026-08-21T23:00:00.000000",23.3441600799561
"WC","2026-08-22T00:00:00.000000",23.0152950286865
"WC","2026-08-22T01:00:00.000000",22.7278060913086
"WC","2026-08-22T02:00:00.000000",22.4047565460205
"WC","2026-08-22T03:00:00.000000",22.0659923553467
"WC","2026-08-22T04:00:00.000000",21.9118556976318
"WC","2026-08-22T05:00:00.000000",22.2969818115234
"WC","2026-08-22T06:00:00.000000",22.9804229736328
"WC","2026-08-22T07:00:00.000000",23.1996822357178
"WC","2026-08-22T08:00:00.000000",23.2072734832764
"WC","2026-08-22T09:00:00.000000",23.1922492980957
"WC","2026-08-22T10:00:00.000000",23.1729030609131
"WC","2026-08-22T11:00:00.000000",23.0309162139893
"WC","2026-08-22T12:00:00.000000",22.5894947052002
"WC","2026-08-22T13:00:00.000000",22.379955291748
"WC","2026-08-22T14:00:00.000000",22.2423210144043
"WC","2026-08-22T15:00:00.000000",21.9233646392822
"WC","2026-08-22T16:00:00.000000",21.6626224517822
"WC","2026-08-22T17:00:00.000000",21.8255748748779
"WC","2026-08-22T18:00:00.000000",22.5820636749268
"WC","2026-08-22T19:00:00.000000",23.1360912322998
"WC","2026-08-22T20:00:00.000000",23.3386039733887
"WC","2026-08-22T21:00:00.000000",23.3926582336426
"WC","2026-08-22T22:00:00.000000",23.3960952758789
"WC","2026-08-22T23:00:00.000000",23.1897888183594
"WC","2026-08-23T00:00:00.000000",22.5683860778809
"WC","2026-08-23T01:00:00.000000",22.2101001739502
"WC","2026-08-23T02:00:00.000000",22.1575775146484
"WC","2026-08-23T03:00:00.000000",21.9981460571289
"WC","2026-08-23T04:00:00.000000",21.7129135131836
"WC","2026-08-23T05:00:00.000000",21.6161212921143
"WC","2026-08-23T06:00:00.000000",22.0869770050049
"WC","2026-08-23T07:00:00.000000",22.7063179016113
"WC","2026-08-23T08:00:00.000000",22.9104499816895
"WC","2026-08-23T09:00:00.000000",22.9552974700928
"WC","2026-08-23T10:00:00.000000",22.9834117889404
"WC","2026-08-23T11:00:00.000000",22.981502532959
"WC","2026-08-23T12:00:00.000000",22.9221706390381
"WC","2026-08-23T13:00:00.000000",22.4531383514404
"WC","2026-08-23T14:00:00.000000",22.2096271514893
"WC","2026-08-23T15:00:00.000000",22.1606960296631
"WC","2026-08-23T16:00:00.000000",22.1167640686035
"WC","2026-08-23T17:00:00.000000",22.0144901275635
"WC","2026-08-23T18:00:00.000000",22.077543258667
"WC","2026-08-23T19:00:00.000000",22.596622467041
"WC","2026-08-23T20:00:00.000000",23.296854019165
"WC","2026-08-23T21:00:00.000000",23.5424423217773
"WC","2026-08-23T22:00:00.000000",23.5888557434082
"WC","2026-08-23T23:00:00.000000",23.5799655914307
"WC","2026-08-24T00:00:00.000000",23.4709949493408
"WC","2026-08-24T01:00:00.000000",22.8704986572266
"WC","2026-08-24T02:00:00.000000",22.5555686950684
"WC","2026-08-24T03:00:00.000000",22.5080261230469
"WC","2026-08-24T04:00:00.000000",22.4588584899902
"WC","2026-08-24T05:00:00.000000",22.2785301208496
"WC","2026-08-24T06:00:00.000000",22.2408390045166
"WC","2026-08-24T07:00:00.000000",22.6928672790527
"WC","2026-08-24T08:00:00.000000",23.2168846130371
"WC","2026-08-24T09:00:00.000000",23.4658317565918
"WC","2026-08-24T10:00:00.000000",23.5307273864746
"WC","2026-08-24T11:00:00.000000",23.5469074249268
"WC","2026-08-24T12:00:00.000000",23.5417308807373
"WC","2026-08-24T13:00:00.000000",23.4294548034668
"WC","2026-08-24T14:00:00.000000",23.0113277435303
"WC","2026-08-24T15:00:00.000000",22.8325805664062
"WC","2026-08-24T16:00:00.000000",22.808406829834
"WC","2026-08-24T17:00:00.000000",22.7452735900879
"WC","2026-08-24T18:00:00.000000",22.6693344116211
"WC","2026-08-24T19:00:00.000000",22.9118328094482
"WC","2026-08-24T20:00:00.000000",23.5042896270752
"WC","2026-08-24T21:00:00.000000",23.6705055236816
"WC","2026-08-24T22:00:00.000000",23.6941967010498
"WC","2026-08-24T23:00:00.000000",23.7106018066406
"WC","2026-08-25T00:00:00.000000",23.7049980163574
"WC","2026-08-25T01:00:00.000000",23.6439514160156
"WC","2026-08-25T02:00:00.000000",23.4241771697998
"WC","2026-08-25T03:00:00.000000",23.2295150756836
"WC","2026-08-25T04:00:00.000000",23.1076946258545
"WC","2026-08-25T05:00:00.000000",22.9847545623779
"WC","2026-08-25T06:00:00.000000",22.879581451416
"WC","2026-08-25T07:00:00.000000",22.8767547607422
"WC","2026-08-25T08:00:00.000000",23.2261867523193
"WC","2026-08-25T09:00:00.000000",23.5596714019775
"WC","2026-08-25T10:00:00.000000",23.6578807830811
"WC","2026-08-25T11:00:00.000000",23.651252746582
"WC","2026-08-25T12:00:00.000000",23.6464080810547
"WC","2026-08-25T13:00:00.000000",23.6335144042969
"WC","2026-08-25T14:00:00.000000",23.5652713775635
"WC","2026-08-25T15:00:00.000000",23.3526058197021
"WC","2026-08-25T16:00:00.000000",23.2341480255127
"WC","2026-08-25T17:00:00.000000",23.1446094512939
"WC","2026-08-25T18:00:00.000000",23.0573844909668
"WC","2026-08-25T19:00:00.000000",23.0168495178223
"WC","2026-08-25T20:00:00.000000",23.2869243621826
"WC","2026-08-25T21:00:00.000000",23.6927070617676
"WC","2026-08-25T22:00:00.000000",23.7755031585693
"WC","2026-08-25T23:00:00.000000",23.7643890380859
"WC","2026-08-26T00:00:00.000000",23.7585735321045
"WI","2026-08-18T00:00:00.000000",24.0831890106201
"WI","2026-08-18T01:00:00.000000",24.1984519958496
"WI","2026-08-18T02:00:00.000000",24.1481742858887
"WI","2026-08-18T03:00:00.000000",24.1109008789062
"WI","2026-08-18T04:00:00.000000",24.1281452178955
"WI","2026-08-18T05:00:00.000000",24.0607242584229
"WI","2026-08-18T06:00:00.000000",24.0495738983154
"WI","2026-08-18T07:00:00.000000",24.1039333343506
"WI","2026-08-18T08:00:00.000000",24.1775398254395
"WI","2026-08-18T09:00:00.000000",24.212230682373
"WI","2026-08-18T10:00:00.000000",24.1847305297852
"WI","2026-08-18T11:00:00.000000",24.1704654693604
"WI","2026-08-18T12:00:00.000000",24.2121810913086
"WI","2026-08-18T13:00:00.000000",24.0918369293213
"WI","2026-08-18T14:00:00.000000",23.9446640014648
"WI","2026-08-18T15:00:00.000000",24.0083923339844
"WI","2026-08-18T16:00:00.000000",23.9841232299805
"WI","2026-08-18T17:00:00.000000",23.9539337158203
"WI","2026-08-18T18:00:00.000000",24.0764312744141
"WI","2026-08-18T19:00:00.000000",24.1957817077637
"WI","2026-08-18T20:00:00.000000",24.2830924987793
"WI","2026-08-18T21:00:00.000000",24.3252296447754
"WI","2026-08-18T22:00:00.000000",24.2174472808838
"WI","2026-08-18T23:00:00.000000",24.2283325195312
"WI","2026-08-19T00:00:00.000000",24.3310165405273
"WI","2026-08-19T01:00:00.000000",24.3280925750732
"WI","2026-08-19T02:00:00.000000",24.1346054077148
"WI","2026-08-19T03:00:00.000000",24.1458053588867
"WI","2026-08-19T04:00:00.000000",24.1467876434326
"WI","2026-08-19T05:00:00.000000",24.1553516387939
"WI","2026-08-19T06:00:00.000000",24.1800365447998
"WI","2026-08-19T07:00:00.000000",24.2202320098877
"WI","2026-08-19T08:00:00.000000",24.2314491271973
"WI","2026-08-19T09:00:00.000000",24.2550601959229
"WI","2026-08-19T10:00:00.000000",24.1778392791748
"WI","2026-08-19T11:00:00.000000",24.1756572723389
"WI","2026-08-19T12:00:00.000000",24.1941337585449
"WI","2026-08-19T13:00:00.000000",24.2514533996582
"WI","2026-08-19T14:00:00.000000",24.0885963439941
"WI","2026-08-19T15:00:00.000000",24.0709323883057
"WI","2026-08-19T16:00:00.000000",24.1055564880371
"WI","2026-08-19T17:00:00.000000",24.0813369750977
"WI","2026-08-19T18:00:00.000000",24.1040325164795
"WI","2026-08-19T19:00:00.000000",24.1677494049072
"WI","2026-08-19T20:00:00.000000",24.2063045501709
"WI","2026-08-19T21:00:00.000000",24.2379207611084
"WI","2026-08-19T22:00:00.000000",24.2394256591797
"WI","2026-08-19T23:00:00.000000",24.156665802002
"WI","2026-08-20T00:00:00.000000",24.1340160369873
"WI","2026-08-20T01:00:00.000000",24.1299629211426
"WI","2026-08-20T02:00:00.000000",24.1042556762695
"WI","2026-08-20T03:00:00.000000",24.1042518615723
"WI","2026-08-20T04:00:00.000000",24.1090316772461
"WI","2026-08-20T05:00:00.000000",24.1146011352539
"WI","2026-08-20T06:00:00.000000",24.0957336425781
"WI","2026-08-20T07:00:00.000000",23.9618320465088
"WI","2026-08-20T08:00:00.000000",23.7243022918701
"WI","2026-08-20T09:00:00.000000",23.7177696228027
"WI","2026-08-20T10:00:00.000000",23.7898349761963
"WI","2026-08-20T11:00:00.000000",23.8499164581299
"WI","2026-08-20T12:00:00.000000",23.9115104675293
"WI","2026-08-20T13:00:00.000000",23.8635120391846
"WI","2026-08-20T14:00:00.000000",23.9463405609131
"WI","2026-08-20T15:00:00.000000",24.0115909576416
"WI","2026-08-20T16:00:00.000000",24.0494918823242
"WI","2026-08-20T17:00:00.000000",24.0834484100342
"WI","2026-08-20T18:00:00.000000",24.0462970733643
"WI","2026-08-20T19:00:00.000000",23.9295806884766
"WI","2026-08-20T20:00:00.000000",23.8600330352783
"WI","2026-08-20T21:00:00.000000",23.8813190460205
"WI","2026-08-20T22:00:00.000000",23.9466667175293
"WI","2026-08-20T23:00:00.000000",23.9433078765869
"WI","2026-08-21T00:00:00.000000",23.9439125061035
"WI","2026-08-21T01:00:00.000000",23.9046058654785
"WI","2026-08-21T02:00:00.000000",23.9682083129883
"WI","2026-08-21T03:00:00.000000",24.0664882659912
"WI","2026-08-21T04:00:00.000000",24.1108417510986
"WI","2026-08-21T05:00:00.000000",24.1309680938721
"WI","2026-08-21T06:00:00.000000",24.0078449249268
"WI","2026-08-21T07:00:00.000000",23.997932434082
"WI","2026-08-21T08:00:00.000000",24.0791854858398
"WI","2026-08-21T09:00:00.000000",24.1504364013672
"WI","2026-08-21T10:00:00.000000",24.1852016448975
"WI","2026-08-21T11:00:00.000000",24.220085144043
"WI","2026-08-21T12:00:00.000000",24.2190761566162
"WI","2026-08-21T13:00:00.000000",24.2222347259521
"WI","2026-08-21T14:00:00.000000",24.2231845855713
"WI","2026-08-21T15:00:00.000000",24.2213592529297
"WI","2026-08-21T16:00:00.000000",24.2119121551514
"WI","2026-08-21T17:00:00.000000",24.0582275390625
"WI","2026-08-21T18:00:00.000000",24.0793056488037
"WI","2026-08-21T19:00:00.000000",24.172384262085
"WI","2026-08-21T20:00:00.000000",24.1732387542725
"WI","2026-08-21T21:00:00.000000",24.1848316192627
"WI","2026-08-21T22:00:00.000000",24.2060527801514
"WI","2026-08-21T23:00:00.000000",24.230598449707
"WI","2026-08-22T00:00:00.000000",24.2432823181152
"WI","2026-08-22T01:00:00.000000",24.2436008453369
"WI","2026-08-22T02:00:00.000000",24.2442874908447
"WI","2026-08-22T03:00:00.000000",24.2448654174805
"WI","2026-08-22T04:00:00.000000",24.2158794403076
"WI","2026-08-22T05:00:00.000000",24.0326538085938
"WI","2026-08-22T06:00:00.000000",23.932186126709
"WI","2026-08-22T07:00:00.000000",24.1539916992188
"WI","2026-08-22T08:00:00.000000",24.2085037231445
"WI","2026-08-22T09:00:00.000000",24.2250804901123
"WI","2026-08-22T10:00:00.000000",24.2276916503906
"WI","2026-08-22T11:00:00.000000",24.2238731384277
"WI","2026-08-22T12:00:00.000000",24.2227649688721
"WI","2026-08-22T13:00:00.000000",24.2185916900635
"WI","2026-08-22T14:00:00.000000",24.169059753418
"WI","2026-08-22T15:00:00.000000",24.2029113769531
"WI","2026-08-22T16:00:00.000000",24.1941204071045
"WI","2026-08-22T17:00:00.000000",24.0574722290039
"WI","2026-08-22T18:00:00.000000",23.934497833252
"WI","2026-08-22T19:00:00.000000",23.9082736968994
"WI","2026-08-22T20:00:00.000000",23.9339866638184
"WI","2026-08-22T21:00:00.000000",24.0950584411621
"WI","2026-08-22T22:00:00.000000",24.1596813201904
"WI","2026-08-22T23:00:00.000000",24.1976776123047
"WI","2026-08-23T00:00:00.000000",24.2038841247559
"WI","2026-08-23T01:00:00.000000",24.2037715911865
"WI","2026-08-23T02:00:00.000000",24.186185836792
"WI","2026-08-23T03:00:00.000000",24.1540718078613
"WI","2026-08-23T04:00:00.000000",24.1870822906494
"WI","2026-08-23T05:00:00.000000",24.0946159362793
"WI","2026-08-23T06:00:00.000000",24.008092880249
"WI","2026-08-23T07:00:00.000000",23.9741802215576
"WI","2026-08-23T08:00:00.000000",23.938928604126
"WI","2026-08-23T09:00:00.000000",23.8874168395996
"WI","2026-08-23T10:00:00.000000",23.9505252838135
"WI","2026-08-23T11:00:00.000000",24.005558013916
"WI","2026-08-23T12:00:00.000000",23.9788455963135
"WI","2026-08-23T13:00:00.000000",23.9807796478271
"WI","2026-08-23T14:00:00.000000",23.9842395782471
"WI","2026-08-23T15:00:00.000000",23.9293670654297
"WI","2026-08-23T16:00:00.000000",23.9218235015869
"WI","2026-08-23T17:00:00.000000",23.9275989532471
"WI","2026-08-23T18:00:00.000000",23.938304901123
"WI","2026-08-23T19:00:00.000000",23.9542961120605
"WI","2026-08-23T20:00:00.000000",23.9691047668457
"WI","2026-08-23T21:00:00.000000",23.9777927398682
"WI","2026-08-23T22:00:00.000000",23.9800777435303
"WI","2026-08-23T23:00:00.000000",23.9323902130127
"WI","2026-08-24T00:00:00.000000",23.5579643249512
"WI","2026-08-24T01:00:00.000000",23.4023246765137
"WI","2026-08-24T02:00:00.000000",23.5622692108154
"WI","2026-08-24T03:00:00.000000",23.8091335296631
"WI","2026-08-24T04:00:00.000000",23.7994537353516
"WI","2026-08-24T05:00:00.000000",23.305046081543
"WI","2026-08-24T06:00:00.000000",23.8559112548828
"WI","2026-08-24T07:00:00.000000",23.8819255828857
"WI","2026-08-24T08:00:00.000000",23.8790645599365
"WI","2026-08-24T09:00:00.000000",23.8248901367188
"WI","2026-08-24T10:00:00.000000",23.5922012329102
"WI","2026-08-24T11:00:00.000000",23.21653175354
"WI","2026-08-24T12:00:00.000000",23.0862674713135
"WI","2026-08-24T13:00:00.000000",23.2568511962891
"WI","2026-08-24T14:00:00.000000",23.4039211273193
"WI","2026-08-24T15:00:00.000000",23.4811019897461
"WI","2026-08-24T16:00:00.000000",23.5723781585693
"WI","2026-08-24T17:00:00.000000",23.6692695617676
"WI","2026-08-24T18:00:00.000000",23.7866344451904
"WI","2026-08-24T19:00:00.000000",23.8556804656982
"WI","2026-08-24T20:00:00.000000",23.8719577789307
"WI","2026-08-24T21:00:00.000000",23.8580055236816
"WI","2026-08-24T22:00:00.000000",23.8368949890137
"WI","2026-08-24T23:00:00.000000",23.5661239624023
"WI","2026-08-25T00:00:00.000000",22.7148723602295
"WI","2026-08-25T01:00:00.000000",22.6022434234619
"WI","2026-08-25T02:00:00.000000",22.6552829742432
"WI","2026-08-25T03:00:00.000000",23.0768146514893
"WI","2026-08-25T04:00:00.000000",23.5166549682617
"WI","2026-08-25T05:00:00.000000",23.4046459197998
"WI","2026-08-25T06:00:00.000000",23.6709938049316
"WI","2026-08-25T07:00:00.000000",23.6724853515625
"WI","2026-08-25T08:00:00.000000",23.6761569976807
"WI","2026-08-25T09:00:00.000000",23.6872119903564
"WI","2026-08-25T10:00:00.000000",23.5305919647217
"WI","2026-08-25T11:00:00.000000",23.1415195465088
"WI","2026-08-25T12:00:00.000000",22.9309921264648
"WI","2026-08-25T13:00:00.000000",22.9611148834229
"WI","2026-08-25T14:00:00.000000",23.1393527984619
"WI","2026-08-25T15:00:00.000000",23.3164577484131
"WI","2026-08-25T16:00:00.000000",23.4066791534424
"WI","2026-08-25T17:00:00.000000",23.4326076507568
"WI","2026-08-25T18:00:00.000000",23.4644336700439
"WI","2026-08-25T19:00:00.000000",23.4283199310303
"WI","2026-08-25T20:00:00.000000",23.3629493713379
"WI","2026-08-25T21:00:00.000000",23.3104839324951
"WI","2026-08-25T22:00:00.000000",23.3180675506592
"WI","2026-08-25T23:00:00.000000",23.3313884735107
"WI","2026-08-26T00:00:00.000000",23.3065223693848
