"site_id","time","temp"
"AQ","2026-08-19T00:00:00.000000",16.343297958374
"AQ","2026-08-19T01:00:00.000000",16.3999404907227
"AQ","2026-08-19T02:00:00.000000",16.5121288299561
"AQ","2026-08-19T03:00:00.000000",16.6314525604248
"AQ","2026-08-19T04:00:00.000000",16.7501277923584
"AQ","2026-08-19T05:00:00.000000",16.7429828643799
"AQ","2026-08-19T06:00:00.000000",16.5389175415039
"AQ","2026-08-19T07:00:00.000000",16.3005523681641
"AQ","2026-08-19T08:00:00.000000",16.1392059326172
"AQ","2026-08-19T09:00:00.000000",16.0508937835693
"AQ","2026-08-19T10:00:00.000000",16.0470447540283
"AQ","2026-08-19T11:00:00.000000",16.0509624481201
"AQ","2026-08-19T12:00:00.000000",16.0512104034424
"AQ","2026-08-19T13:00:00.000000",16.0501651763916
"AQ","2026-08-19T14:00:00.000000",16.0634136199951
"AQ","2026-08-19T15:00:00.000000",16.1303024291992
"AQ","2026-08-19T16:00:00.000000",16.2423152923584
"AQ","2026-08-19T17:00:00.000000",16.2651214599609
"AQ","2026-08-19T18:00:00.000000",16.1567497253418
"AQ","2026-08-19T19:00:00.000000",16.0225028991699
"AQ","2026-08-19T20:00:00.000000",15.9213571548462
"AQ","2026-08-19T21:00:00.000000",15.864821434021
"AQ","2026-08-19T22:00:00.000000",15.8781213760376
"AQ","2026-08-19T23:00:00.000000",15.9262886047363
"AQ","2026-08-20T00:00:00.000000",15.9506998062134
"AQ","2026-08-20T01:00:00.000000",15.9902811050415
"AQ","2026-08-20T02:00:00.000000",16.0329093933105
"AQ","2026-08-20T03:00:00.000000",16.1034851074219
"AQ","2026-08-20T04:00:00.000000",16.1972503662109
"AQ","2026-08-20T05:00:00.000000",16.3121585845947
"AQ","2026-08-20T06:00:00.000000",16.2731685638428
"AQ","2026-08-20T07:00:00.000000",16.1866798400879
"AQ","2026-08-20T08:00:00.000000",16.0867366790771
"AQ","2026-08-20T09:00:00.000000",16.0059452056885
"AQ","2026-08-20T10:00:00.000000",15.9799299240112
"AQ","2026-08-20T11:00:00.000000",15.9907894134521
"AQ","2026-08-20T12:00:00.000000",16.0014877319336
"AQ","2026-08-20T13:00:00.000000",16.008752822876
"AQ","2026-08-20T14:00:00.000000",16.0155544281006
"AQ","2026-08-20T15:00:00.000000",16.0293579101562
"AQ","2026-08-20T16:00:00.000000",16.0591354370117
"AQ","2026-08-20T17:00:00.000000",16.0981979370117
"AQ","2026-08-20T18:00:00.000000",16.1072406768799
"AQ","2026-08-20T19:00:00.000000",16.0309638977051
"AQ","2026-08-20T20:00:00.000000",15.9134759902954
"AQ","2026-08-20T21:00:00.000000",15.8104963302612
"AQ","2026-08-20T22:00:00.000000",15.7534236907959
"AQ","2026-08-20T23:00:00.000000",15.7485017776489
"AQ","2026-08-21T00:00:00.000000",15.7530241012573
"AQ","2026-08-21T01:00:00.000000",15.7523374557495
"AQ","2026-08-21T02:00:00.000000",15.7452011108398
"AQ","2026-08-21T03:00:00.000000",15.7253684997559
"AQ","2026-08-21T04:00:00.000000",15.7257995605469
"AQ","2026-08-21T05:00:00.000000",15.7073707580566
"AQ","2026-08-21T06:00:00.000000",15.5858459472656
"AQ","2026-08-21T07:00:00.000000",15.4108028411865
"AQ","2026-08-21T08:00:00.000000",15.2212905883789
"AQ","2026-08-21T09:00:00.000000",15.0764503479004
"AQ","2026-08-21T10:00:00.000000",14.9987831115723
"AQ","2026-08-21T11:00:00.000000",14.9780654907227
"AQ","2026-08-21T12:00:00.000000",14.992880821228
"AQ","2026-08-21T13:00:00.000000",15.0081415176392
"AQ","2026-08-21T14:00:00.000000",15.0230236053467
"AQ","2026-08-21T15:00:00.000000",15.0426816940308
"AQ","2026-08-21T16:00:00.000000",15.0675973892212
"AQ","2026-08-21T17:00:00.000000",15.1046619415283
"AQ","2026-08-21T18:00:00.000000",15.199070930481
"AQ","2026-08-21T19:00:00.000000",15.2901515960693
"AQ","2026-08-21T20:00:00.000000",15.2955026626587
"AQ","2026-08-21T21:00:00.000000",15.2964248657227
"AQ","2026-08-21T22:00:00.000000",15.3005352020264
"AQ","2026-08-21T23:00:00.000000",15.3130712509155
"AQ","2026-08-22T00:00:00.000000",15.3423109054565
"AQ","2026-08-22T01:00:00.000000",15.3832578659058
"AQ","2026-08-22T02:00:00.000000",15.4415006637573
"AQ","2026-08-22T03:00:00.000000",15.5352849960327
"AQ","2026-08-22T04:00:00.000000",15.5921201705933
"AQ","2026-08-22T05:00:00.000000",15.6744537353516
"AQ","2026-08-22T06:00:00.000000",15.7241773605347
"AQ","2026-08-22T07:00:00.000000",15.7489566802979
"AQ","2026-08-22T08:00:00.000000",15.7735862731934
"AQ","2026-08-22T09:00:00.000000",15.7964963912964
"AQ","2026-08-22T10:00:00.000000",15.8733425140381
"AQ","2026-08-22T11:00:00.000000",15.9823036193848
"AQ","2026-08-22T12:00:00.000000",16.1046962738037
"AQ","2026-08-22T13:00:00.000000",16.5133438110352
"AQ","2026-08-22T14:00:00.000000",16.6595211029053
"AQ","2026-08-22T15:00:00.000000",16.7041397094727
"AQ","2026-08-22T16:00:00.000000",16.7090167999268
"AQ","2026-08-22T17:00:00.000000",16.7008647918701
"AQ","2026-08-22T18:00:00.000000",16.7101650238037
"AQ","2026-08-22T19:00:00.000000",16.7259941101074
"AQ","2026-08-22T20:00:00.000000",16.7673492431641
"AQ","2026-08-22T21:00:00.000000",16.8336391448975
"AQ","2026-08-22T22:00:00.000000",16.8838596343994
"AQ","2026-08-22T23:00:00.000000",16.9680042266846
"AQ","2026-08-23T00:00:00.000000",17.0941600799561
"AQ","2026-08-23T01:00:00.000000",17.4086647033691
"AQ","2026-08-23T02:00:00.000000",17.6995735168457
"AQ","2026-08-23T03:00:00.000000",17.7324028015137
"AQ","2026-08-23T04:00:00.000000",17.7580738067627
"AQ","2026-08-23T05:00:00.000000",17.7401542663574
"AQ","2026-08-23T06:00:00.000000",17.7292938232422
"AQ","2026-08-23T07:00:00.000000",17.7258167266846
"AQ","2026-08-23T08:00:00.000000",17.7332344055176
"AQ","2026-08-23T09:00:00.000000",17.7381229400635
"AQ","2026-08-23T10:00:00.000000",17.7495098114014
"AQ","2026-08-23T11:00:00.000000",17.7731590270996
"AQ","2026-08-23T12:00:00.000000",17.8024559020996
"AQ","2026-08-23T13:00:00.000000",17.8762969970703
"AQ","2026-08-23T14:00:00.000000",18.0030403137207
"AQ","2026-08-23T15:00:00.000000",18.0759258270264
"AQ","2026-08-23T16:00:00.000000",18.0908546447754
"AQ","2026-08-23T17:00:00.000000",18.0843734741211
"AQ","2026-08-23T18:00:00.000000",18.0804595947266
"AQ","2026-08-23T19:00:00.000000",18.080020904541
"AQ","2026-08-23T20:00:00.000000",18.0865383148193
"AQ","2026-08-23T21:00:00.000000",18.093843460083
"AQ","2026-08-23T22:00:00.000000",18.1138744354248
"AQ","2026-08-23T23:00:00.000000",18.1491870880127
"AQ","2026-08-24T00:00:00.000000",18.2060813903809
"AQ","2026-08-24T01:00:00.000000",18.2754325866699
"AQ","2026-08-24T02:00:00.000000",18.3677062988281
"AQ","2026-08-24T03:00:00.000000",18.5264434814453
"AQ","2026-08-24T04:00:00.000000",18.552698135376
"AQ","2026-08-24T05:00:00.000000",18.5508213043213
"AQ","2026-08-24T06:00:00.000000",18.5408630371094
"AQ","2026-08-24T07:00:00.000000",18.5414752960205
"AQ","2026-08-24T08:00:00.000000",18.5594863891602
"AQ","2026-08-24T09:00:00.000000",18.5799617767334
"AQ","2026-08-24T10:00:00.000000",18.5729808807373
"AQ","2026-08-24T11:00:00.000000",18.5499134063721
"AQ","2026-08-24T12:00:00.000000",18.5089778900146
"AQ","2026-08-24T13:00:00.000000",18.4770679473877
"AQ","2026-08-24T14:00:00.000000",18.4567031860352
"AQ","2026-08-24T15:00:00.000000",18.448522567749
"AQ","2026-08-24T16:00:00.000000",18.4353733062744
"AQ","2026-08-24T17:00:00.000000",18.4214477539062
"AQ","2026-08-24T18:00:00.000000",18.4028549194336
"AQ","2026-08-24T19:00:00.000000",18.3849601745605
"AQ","2026-08-24T20:00:00.000000",18.3489799499512
"AQ","2026-08-24T21:00:00.000000",18.2436485290527
"AQ","2026-08-24T22:00:00.000000",18.0729579925537
"AQ","2026-08-24T23:00:00.000000",17.8787708282471
"AQ","2026-08-25T00:00:00.000000",17.6745929718018
"AQ","2026-08-25T01:00:00.000000",17.5134620666504
"AQ","2026-08-25T02:00:00.000000",17.3780059814453
"AQ","2026-08-25T03:00:00.000000",17.2821006774902
"AQ","2026-08-25T04:00:00.000000",17.1953144073486
"AQ","2026-08-25T05:00:00.000000",17.1056118011475
"AQ","2026-08-25T06:00:00.000000",17.0071582794189
"AQ","2026-08-25T07:00:00.000000",16.9148864746094
"AQ","2026-08-25T08:00:00.000000",16.8261394500732
"AQ","2026-08-25T09:00:00.000000",16.7113056182861
"AQ","2026-08-25T10:00:00.000000",16.5593795776367
"AQ","2026-08-25T11:00:00.000000",16.3664627075195
"AQ","2026-08-25T12:00:00.000000",16.1642436981201
"AQ","2026-08-25T13:00:00.000000",15.9742670059204
"AQ","2026-08-25T14:00:00.000000",15.837592124939
"AQ","2026-08-25T15:00:00.000000",15.784686088562
"AQ","2026-08-25T16:00:00.000000",15.7596740722656
"AQ","2026-08-25T17:00:00.000000",15.740442276001
"AQ","2026-08-25T18:00:00.000000",15.7125768661499
"AQ","2026-08-25T19:00:00.000000",15.6995725631714
"AQ","2026-08-25T20:00:00.000000",15.6971445083618
"AQ","2026-08-25T21:00:00.000000",15.695442199707
"AQ","2026-08-25T22:00:00.000000",15.6763467788696
"AQ","2026-08-25T23:00:00.000000",15.6357660293579
"AQ","2026-08-26T00:00:00.000000",15.5739936828613
"AQ","2026-08-26T01:00:00.000000",15.502498626709
"AQ","2026-08-26T02:00:00.000000",15.4428873062134
"AQ","2026-08-26T03:00:00.000000",15.4147653579712
"AQ","2026-08-26T04:00:00.000000",15.4163093566895
"AQ","2026-08-26T05:00:00.000000",15.4190549850464
"AQ","2026-08-26T06:00:00.000000",15.4124279022217
"AQ","2026-08-26T07:00:00.000000",15.3995084762573
"AQ","2026-08-26T08:00:00.000000",15.3942041397095
"AQ","2026-08-26T09:00:00.000000",15.3932905197144
"AQ","2026-08-26T10:00:00.000000",15.3810634613037
"AQ","2026-08-26T11:00:00.000000",15.3128852844238
"AQ","2026-08-26T12:00:00.000000",15.2087211608887
"AQ","2026-08-26T13:00:00.000000",15.1173582077026
"AQ","2026-08-26T14:00:00.000000",15.0589780807495
"AQ","2026-08-26T15:00:00.000000",15.0452289581299
"AQ","2026-08-26T16:00:00.000000",15.0815811157227
"AQ","2026-08-26T17:00:00.000000",15.1350603103638
"AQ","2026-08-26T18:00:00.000000",15.1603975296021
"AQ","2026-08-26T19:00:00.000000",15.1789770126343
"AQ","2026-08-26T20:00:00.000000",15.1950750350952
"AQ","2026-08-26T21:00:00.000000",15.2295875549316
"AQ","2026-08-26T22:00:00.000000",15.296199798584
"AQ","2026-08-26T23:00:00.000000",15.4038696289062
"AQ","2026-08-27T00:00:00.000000",15.3688278198242
"CB","2026-08-19T00:00:00.000000",15.5060529708862
"CB","2026-08-19T01:00:00.000000",15.63596534729
"CB","2026-08-19T02:00:00.000000",15.6573457717896
"CB","2026-08-19T03:00:00.000000",15.6188068389893
"CB","2026-08-19T04:00:00.000000",15.5089445114136
"CB","2026-08-19T05:00:00.000000",15.3646068572998
"CB","2026-08-19T06:00:00.000000",15.266993522644
"CB","2026-08-19T07:00:00.000000",15.2484149932861
"CB","2026-08-19T08:00:00.000000",15.2650623321533
"CB","2026-08-19T09:00:00.000000",15.2882623672485
"CB","2026-08-19T10:00:00.000000",15.3705682754517
"CB","2026-08-19T11:00:00.000000",15.5443916320801
"CB","2026-08-19T12:00:00.000000",15.7541599273682
"CB","2026-08-19T13:00:00.000000",15.9216156005859
"CB","2026-08-19T14:00:00.000000",16.0127124786377
"CB","2026-08-19T15:00:00.000000",16.0254573822021
"CB","2026-08-19T16:00:00.000000",16.0917911529541
"CB","2026-08-19T17:00:00.000000",16.1653690338135
"CB","2026-08-19T18:00:00.000000",16.1210346221924
"CB","2026-08-19T19:00:00.000000",15.9395608901978
"CB","2026-08-19T20:00:00.000000",15.8272542953491
"CB","2026-08-19T21:00:00.000000",15.6557970046997
"CB","2026-08-19T22:00:00.000000",15.5266418457031
"CB","2026-08-19T23:00:00.000000",15.4430150985718
"CB","2026-08-20T00:00:00.000000",15.3977451324463
"CB","2026-08-20T01:00:00.000000",15.3596334457397
"CB","2026-08-20T02:00:00.000000",15.346905708313
"CB","2026-08-20T03:00:00.000000",15.3016185760498
"CB","2026-08-20T04:00:00.000000",15.2175159454346
"CB","2026-08-20T05:00:00.000000",15.125020980835
"CB","2026-08-20T06:00:00.000000",15.0607948303223
"CB","2026-08-20T07:00:00.000000",15.0118293762207
"CB","2026-08-20T08:00:00.000000",15.0180425643921
"CB","2026-08-20T09:00:00.000000",15.044322013855
"CB","2026-08-20T10:00:00.000000",15.102746963501
"CB","2026-08-20T11:00:00.000000",15.175745010376
"CB","2026-08-20T12:00:00.000000",15.3042306900024
"CB","2026-08-20T13:00:00.000000",15.4652318954468
"CB","2026-08-20T14:00:00.000000",15.5084791183472
"CB","2026-08-20T15:00:00.000000",15.5277824401855
"CB","2026-08-20T16:00:00.000000",15.545841217041
"CB","2026-08-20T17:00:00.000000",15.5640468597412
"CB","2026-08-20T18:00:00.000000",15.5269899368286
"CB","2026-08-20T19:00:00.000000",15.3931999206543
"CB","2026-08-20T20:00:00.000000",15.2628774642944
"CB","2026-08-20T21:00:00.000000",15.1795120239258
"CB","2026-08-20T22:00:00.000000",15.1345205307007
"CB","2026-08-20T23:00:00.000000",15.1275186538696
"CB","2026-08-21T00:00:00.000000",15.1153192520142
"CB","2026-08-21T01:00:00.000000",15.1039142608643
"CB","2026-08-21T02:00:00.000000",15.1076240539551
"CB","2026-08-21T03:00:00.000000",15.170729637146
"CB","2026-08-21T04:00:00.000000",15.3725538253784
"CB","2026-08-21T05:00:00.000000",15.3370599746704
"CB","2026-08-21T06:00:00.000000",15.3462228775024
"CB","2026-08-21T07:00:00.000000",15.3250818252563
"CB","2026-08-21T08:00:00.000000",15.3809013366699
"CB","2026-08-21T09:00:00.000000",15.5178508758545
"CB","2026-08-21T10:00:00.000000",15.7595024108887
"CB","2026-08-21T11:00:00.000000",15.9175424575806
"CB","2026-08-21T12:00:00.000000",16.0087375640869
"CB","2026-08-21T13:00:00.000000",16.103199005127
"CB","2026-08-21T14:00:00.000000",16.1939487457275
"CB","2026-08-21T15:00:00.000000",16.2408695220947
"CB","2026-08-21T16:00:00.000000",16.258882522583
"CB","2026-08-21T17:00:00.000000",16.2847919464111
"CB","2026-08-21T18:00:00.000000",16.3880424499512
"CB","2026-08-21T19:00:00.000000",16.4454803466797
"CB","2026-08-21T20:00:00.000000",16.4973163604736
"CB","2026-08-21T21:00:00.000000",16.4279022216797
"CB","2026-08-21T22:00:00.000000",16.2440414428711
"CB","2026-08-21T23:00:00.000000",16.0841331481934
"CB","2026-08-22T00:00:00.000000",15.9697294235229
"CB","2026-08-22T01:00:00.000000",15.9043607711792
"CB","2026-08-22T02:00:00.000000",15.8623552322388
"CB","2026-08-22T03:00:00.000000",15.8271598815918
"CB","2026-08-22T04:00:00.000000",15.7814168930054
"CB","2026-08-22T05:00:00.000000",15.7539234161377
"CB","2026-08-22T06:00:00.000000",15.6586065292358
"CB","2026-08-22T07:00:00.000000",15.5777711868286
"CB","2026-08-22T08:00:00.000000",15.5049772262573
"CB","2026-08-22T09:00:00.000000",15.5090570449829
"CB","2026-08-22T10:00:00.000000",15.5492315292358
"CB","2026-08-22T11:00:00.000000",15.6228904724121
"CB","2026-08-22T12:00:00.000000",15.7267656326294
"CB","2026-08-22T13:00:00.000000",15.8444337844849
"CB","2026-08-22T14:00:00.000000",15.934253692627
"CB","2026-08-22T15:00:00.000000",16.0466651916504
"CB","2026-08-22T16:00:00.000000",16.1546192169189
"CB","2026-08-22T17:00:00.000000",16.2280464172363
"CB","2026-08-22T18:00:00.000000",16.280517578125
"CB","2026-08-22T19:00:00.000000",16.3162879943848
"CB","2026-08-22T20:00:00.000000",16.3458213806152
"CB","2026-08-22T21:00:00.000000",16.3772525787354
"CB","2026-08-22T22:00:00.000000",16.4111785888672
"CB","2026-08-22T23:00:00.000000",16.4489803314209
"CB","2026-08-23T00:00:00.000000",16.4855175018311
"CB","2026-08-23T01:00:00.000000",16.5147285461426
"CB","2026-08-23T02:00:00.000000",16.5397453308105
"CB","2026-08-23T03:00:00.000000",16.5645790100098
"CB","2026-08-23T04:00:00.000000",16.5834808349609
"CB","2026-08-23T05:00:00.000000",16.5971508026123
"CB","2026-08-23T06:00:00.000000",16.6029281616211
"CB","2026-08-23T07:00:00.000000",16.6120567321777
"CB","2026-08-23T08:00:00.000000",16.6177501678467
"CB","2026-08-23T09:00:00.000000",16.6246967315674
"CB","2026-08-23T10:00:00.000000",16.6317977905273
"CB","2026-08-23T11:00:00.000000",16.6358947753906
"CB","2026-08-23T12:00:00.000000",16.6424770355225
"CB","2026-08-23T13:00:00.000000",16.6571216583252
"CB","2026-08-23T14:00:00.000000",16.6739864349365
"CB","2026-08-23T15:00:00.000000",16.6964797973633
"CB","2026-08-23T16:00:00.000000",16.7040786743164
"CB","2026-08-23T17:00:00.000000",16.7132015228271
"CB","2026-08-23T18:00:00.000000",16.7178058624268
"CB","2026-08-23T19:00:00.000000",16.7300815582275
"CB","2026-08-23T20:00:00.000000",16.7567596435547
"CB","2026-08-23T21:00:00.000000",16.8017845153809
"CB","2026-08-23T22:00:00.000000",16.8496761322021
"CB","2026-08-23T23:00:00.000000",16.8696918487549
"CB","2026-08-24T00:00:00.000000",16.8789653778076
"CB","2026-08-24T01:00:00.000000",16.8856067657471
"CB","2026-08-24T02:00:00.000000",16.8894996643066
"CB","2026-08-24T03:00:00.000000",16.8900680541992
"CB","2026-08-24T04:00:00.000000",16.8876399993896
"CB","2026-08-24T05:00:00.000000",16.8820133209229
"CB","2026-08-24T06:00:00.000000",16.8778591156006
"CB","2026-08-24T07:00:00.000000",16.8713550567627
"CB","2026-08-24T08:00:00.000000",16.8902797698975
"CB","2026-08-24T09:00:00.000000",16.9509239196777
"CB","2026-08-24T10:00:00.000000",16.9678688049316
"CB","2026-08-24T11:00:00.000000",16.9684104919434
"CB","2026-08-24T12:00:00.000000",16.9576797485352
"CB","2026-08-24T13:00:00.000000",16.9549713134766
"CB","2026-08-24T14:00:00.000000",16.9548625946045
"CB","2026-08-24T15:00:00.000000",16.9588565826416
"CB","2026-08-24T16:00:00.000000",16.9641017913818
"CB","2026-08-24T17:00:00.000000",16.966983795166
"CB","2026-08-24T18:00:00.000000",16.9404964447021
"CB","2026-08-24T19:00:00.000000",16.8254871368408
"CB","2026-08-24T20:00:00.000000",16.6774272918701
"CB","2026-08-24T21:00:00.000000",16.5384788513184
"CB","2026-08-24T22:00:00.000000",16.4165325164795
"CB","2026-08-24T23:00:00.000000",16.2799644470215
"CB","2026-08-25T00:00:00.000000",16.1537380218506
"CB","2026-08-25T01:00:00.000000",16.0574970245361
"CB","2026-08-25T02:00:00.000000",15.9886379241943
"CB","2026-08-25T03:00:00.000000",15.9563312530518
"CB","2026-08-25T04:00:00.000000",15.9267559051514
"CB","2026-08-25T05:00:00.000000",15.9118404388428
"CB","2026-08-25T06:00:00.000000",15.8965473175049
"CB","2026-08-25T07:00:00.000000",15.8857231140137
"CB","2026-08-25T08:00:00.000000",15.8827219009399
"CB","2026-08-25T09:00:00.000000",15.8904294967651
"CB","2026-08-25T10:00:00.000000",15.8738117218018
"CB","2026-08-25T11:00:00.000000",15.8640642166138
"CB","2026-08-25T12:00:00.000000",15.8698205947876
"CB","2026-08-25T13:00:00.000000",15.894268989563
"CB","2026-08-25T14:00:00.000000",15.9471979141235
"CB","2026-08-25T15:00:00.000000",16.0273609161377
"CB","2026-08-25T16:00:00.000000",16.0979976654053
"CB","2026-08-25T17:00:00.000000",16.1859188079834
"CB","2026-08-25T18:00:00.000000",16.2259712219238
"CB","2026-08-25T19:00:00.000000",16.2615966796875
"CB","2026-08-25T20:00:00.000000",16.2830657958984
"CB","2026-08-25T21:00:00.000000",16.3265342712402
"CB","2026-08-25T22:00:00.000000",16.31911277771
"CB","2026-08-25T23:00:00.000000",16.2238140106201
"CB","2026-08-26T00:00:00.000000",16.0849304199219
"CB","2026-08-26T01:00:00.000000",15.9722499847412
"CB","2026-08-26T02:00:00.000000",15.9304208755493
"CB","2026-08-26T03:00:00.000000",15.9243469238281
"CB","2026-08-26T04:00:00.000000",15.9349317550659
"CB","2026-08-26T05:00:00.000000",15.9693021774292
"CB","2026-08-26T06:00:00.000000",16.0690631866455
"CB","2026-08-26T07:00:00.000000",16.2329559326172
"CB","2026-08-26T08:00:00.000000",16.2920608520508
"CB","2026-08-26T09:00:00.000000",16.311824798584
"CB","2026-08-26T10:00:00.000000",16.3714065551758
"CB","2026-08-26T11:00:00.000000",16.414083480835
"CB","2026-08-26T12:00:00.000000",16.432544708252
"CB","2026-08-26T13:00:00.000000",16.4519844055176
"CB","2026-08-26T14:00:00.000000",16.4781303405762
"CB","2026-08-26T15:00:00.000000",16.5270156860352
"CB","2026-08-26T16:00:00.000000",16.5773334503174
"CB","2026-08-26T17:00:00.000000",16.6194705963135
"CB","2026-08-26T18:00:00.000000",16.6517677307129
"CB","2026-08-26T19:00:00.000000",16.6773128509521
"CB","2026-08-26T20:00:00.000000",16.6752281188965
"CB","2026-08-26T21:00:00.000000",16.6488380432129
"CB","2026-08-26T22:00:00.000000",16.6000957489014
"CB","2026-08-26T23:00:00.000000",16.4157333374023
"CB","2026-08-27T00:00:00.000000",16.1733283996582
"CI","2026-08-19T00:00:00.000000",17.431827545166
"CI","2026-08-19T01:00:00.000000",17.6888084411621
"CI","2026-08-19T02:00:00.000000",17.8743476867676
"CI","2026-08-19T03:00:00.000000",17.6818828582764
"CI","2026-08-19T04:00:00.000000",17.3726978302002
"CI","2026-08-19T05:00:00.000000",16.9779052734375
"CI","2026-08-19T06:00:00.000000",16.3963603973389
"CI","2026-08-19T07:00:00.000000",15.945182800293
"CI","2026-08-19T08:00:00.000000",15.7604131698608
"CI","2026-08-19T09:00:00.000000",15.853572845459
"CI","2026-08-19T10:00:00.000000",16.5060958862305
"CI","2026-08-19T11:00:00.000000",17.1342906951904
"CI","2026-08-19T12:00:00.000000",17.5288772583008
"CI","2026-08-19T13:00:00.000000",17.7411060333252
"CI","2026-08-19T14:00:00.000000",17.8836154937744
"CI","2026-08-19T15:00:00.000000",17.797306060791
"CI","2026-08-19T16:00:00.000000",17.4554996490479
"CI","2026-08-19T17:00:00.000000",17.0480937957764
"CI","2026-08-19T18:00:00.000000",16.6211414337158
"CI","2026-08-19T19:00:00.000000",16.3931446075439
"CI","2026-08-19T20:00:00.000000",16.3415851593018
"CI","2026-08-19T21:00:00.000000",16.3739471435547
"CI","2026-08-19T22:00:00.000000",16.6190090179443
"CI","2026-08-19T23:00:00.000000",17.042932510376
"CI","2026-08-20T00:00:00.000000",17.3989028930664
"CI","2026-08-20T01:00:00.000000",17.6395835876465
"CI","2026-08-20T02:00:00.000000",17.8603477478027
"CI","2026-08-20T03:00:00.000000",18.0193157196045
"CI","2026-08-20T04:00:00.000000",17.8285789489746
"CI","2026-08-20T05:00:00.000000",17.6224040985107
"CI","2026-08-20T06:00:00.000000",17.4278945922852
"CI","2026-08-20T07:00:00.000000",17.0739364624023
"CI","2026-08-20T08:00:00.000000",16.5868282318115
"CI","2026-08-20T09:00:00.000000",16.3261470794678
"CI","2026-08-20T10:00:00.000000",16.4376583099365
"CI","2026-08-20T11:00:00.000000",17.0874137878418
"CI","2026-08-20T12:00:00.000000",17.5923843383789
"CI","2026-08-20T13:00:00.000000",17.8431701660156
"CI","2026-08-20T14:00:00.000000",17.975944519043
"CI","2026-08-20T15:00:00.000000",18.0675163269043
"CI","2026-08-20T16:00:00.000000",17.8940620422363
"CI","2026-08-20T17:00:00.000000",17.6236400604248
"CI","2026-08-20T18:00:00.000000",17.2191963195801
"CI","2026-08-20T19:00:00.000000",16.7922630310059
"CI","2026-08-20T20:00:00.000000",16.4549522399902
"CI","2026-08-20T21:00:00.000000",16.3269844055176
"CI","2026-08-20T22:00:00.000000",16.327974319458
"CI","2026-08-20T23:00:00.000000",16.7609119415283
"CI","2026-08-21T00:00:00.000000",17.2879428863525
"CI","2026-08-21T01:00:00.000000",17.6621761322021
"CI","2026-08-21T02:00:00.000000",17.8584213256836
"CI","2026-08-21T03:00:00.000000",17.9947643280029
"CI","2026-08-21T04:00:00.000000",18.1039028167725
"CI","2026-08-21T05:00:00.000000",17.859977722168
"CI","2026-08-21T06:00:00.000000",17.5944194793701
"CI","2026-08-21T07:00:00.000000",17.3398571014404
"CI","2026-08-21T08:00:00.000000",17.0620269775391
"CI","2026-08-21T09:00:00.000000",16.6387157440186
"CI","2026-08-21T10:00:00.000000",16.4117031097412
"CI","2026-08-21T11:00:00.000000",16.5795478820801
"CI","2026-08-21T12:00:00.000000",17.2216396331787
"CI","2026-08-21T13:00:00.000000",17.6974277496338
"CI","2026-08-21T14:00:00.000000",17.9362125396729
"CI","2026-08-21T15:00:00.000000",18.0554542541504
"CI","2026-08-21T16:00:00.000000",18.1201553344727
"CI","2026-08-21T17:00:00.000000",17.8553695678711
"CI","2026-08-21T18:00:00.000000",17.5711421966553
"CI","2026-08-21T19:00:00.000000",17.1988048553467
"CI","2026-08-21T20:00:00.000000",17.0208835601807
"CI","2026-08-21T21:00:00.000000",17.0557384490967
"CI","2026-08-21T22:00:00.000000",17.1273250579834
"CI","2026-08-21T23:00:00.000000",17.1718311309814
"CI","2026-08-22T00:00:00.000000",17.2097606658936
"CI","2026-08-22T01:00:00.000000",17.5703601837158
"CI","2026-08-22T02:00:00.000000",17.7485275268555
"CI","2026-08-22T03:00:00.000000",17.9444198608398
"CI","2026-08-22T04:00:00.000000",18.0193328857422
"CI","2026-08-22T05:00:00.000000",18.0142154693604
"CI","2026-08-22T06:00:00.000000",17.8616352081299
"CI","2026-08-22T07:00:00.000000",17.7146453857422
"CI","2026-08-22T08:00:00.000000",17.6280136108398
"CI","2026-08-22T09:00:00.000000",17.6041717529297
"CI","2026-08-22T10:00:00.000000",17.5999183654785
"CI","2026-08-22T11:00:00.000000",17.6073093414307
"CI","2026-08-22T12:00:00.000000",17.6224880218506
"CI","2026-08-22T13:00:00.000000",17.7013912200928
"CI","2026-08-22T14:00:00.000000",17.8359622955322
"CI","2026-08-22T15:00:00.000000",17.9087886810303
"CI","2026-08-22T16:00:00.000000",17.9628257751465
"CI","2026-08-22T17:00:00.000000",17.9858322143555
"CI","2026-08-22T18:00:00.000000",17.925687789917
"CI","2026-08-22T19:00:00.000000",17.80246925354
"CI","2026-08-22T20:00:00.000000",17.7669410705566
"CI","2026-08-22T21:00:00.000000",17.785701751709
"CI","2026-08-22T22:00:00.000000",17.8236312866211
"CI","2026-08-22T23:00:00.000000",17.8469314575195
"CI","2026-08-23T00:00:00.000000",17.85764503479
"CI","2026-08-23T01:00:00.000000",17.8359451293945
"CI","2026-08-23T02:00:00.000000",17.8840923309326
"CI","2026-08-23T03:00:00.000000",17.9282875061035
"CI","2026-08-23T04:00:00.000000",17.965747833252
"CI","2026-08-23T05:00:00.000000",18.0135173797607
"CI","2026-08-23T06:00:00.000000",18.0353584289551
"CI","2026-08-23T07:00:00.000000",17.9304485321045
"CI","2026-08-23T08:00:00.000000",17.9016456604004
"CI","2026-08-23T09:00:00.000000",17.8922233581543
"CI","2026-08-23T10:00:00.000000",17.89453125
"CI","2026-08-23T11:00:00.000000",17.8943328857422
"CI","2026-08-23T12:00:00.000000",17.8904247283936
"CI","2026-08-23T13:00:00.000000",17.8921146392822
"CI","2026-08-23T14:00:00.000000",17.8991451263428
"CI","2026-08-23T15:00:00.000000",17.9171504974365
"CI","2026-08-23T16:00:00.000000",17.936824798584
"CI","2026-08-23T17:00:00.000000",17.9593372344971
"CI","2026-08-23T18:00:00.000000",17.9825115203857
"CI","2026-08-23T19:00:00.000000",17.9610347747803
"CI","2026-08-23T20:00:00.000000",17.9622783660889
"CI","2026-08-23T21:00:00.000000",17.9765319824219
"CI","2026-08-23T22:00:00.000000",17.9957313537598
"CI","2026-08-23T23:00:00.000000",18.003396987915
"CI","2026-08-24T00:00:00.000000",18.0014991760254
"CI","2026-08-24T01:00:00.000000",17.999532699585
"CI","2026-08-24T02:00:00.000000",18.0041942596436
"CI","2026-08-24T03:00:00.000000",18.0076351165771
"CI","2026-08-24T04:00:00.000000",18.011926651001
"CI","2026-08-24T05:00:00.000000",18.0213394165039
"CI","2026-08-24T06:00:00.000000",18.0404300689697
"CI","2026-08-24T07:00:00.000000",18.0611038208008
"CI","2026-08-24T08:00:00.000000",18.0377140045166
"CI","2026-08-24T09:00:00.000000",18.0257377624512
"CI","2026-08-24T10:00:00.000000",18.019079208374
"CI","2026-08-24T11:00:00.000000",17.9800567626953
"CI","2026-08-24T12:00:00.000000",17.8372039794922
"CI","2026-08-24T13:00:00.000000",17.7063484191895
"CI","2026-08-24T14:00:00.000000",17.8014221191406
"CI","2026-08-24T15:00:00.000000",17.9904842376709
"CI","2026-08-24T16:00:00.000000",18.0534629821777
"CI","2026-08-24T17:00:00.000000",18.0874404907227
"CI","2026-08-24T18:00:00.000000",18.1133689880371
"CI","2026-08-24T19:00:00.000000",18.1332035064697
"CI","2026-08-24T20:00:00.000000",18.1254386901855
"CI","2026-08-24T21:00:00.000000",18.0444736480713
"CI","2026-08-24T22:00:00.000000",17.8335723876953
"CI","2026-08-24T23:00:00.000000",17.649471282959
"CI","2026-08-25T00:00:00.000000",17.4866352081299
"CI","2026-08-25T01:00:00.000000",17.4587669372559
"CI","2026-08-25T02:00:00.000000",17.4655132293701
"CI","2026-08-25T03:00:00.000000",17.8089923858643
"CI","2026-08-25T04:00:00.000000",18.0029335021973
"CI","2026-08-25T05:00:00.000000",18.090747833252
"CI","2026-08-25T06:00:00.000000",18.1317291259766
"CI","2026-08-25T07:00:00.000000",18.169038772583
"CI","2026-08-25T08:00:00.000000",18.181526184082
"CI","2026-08-25T09:00:00.000000",18.114070892334
"CI","2026-08-25T10:00:00.000000",17.9492702484131
"CI","2026-08-25T11:00:00.000000",17.7770252227783
"CI","2026-08-25T12:00:00.000000",17.4929485321045
"CI","2026-08-25T13:00:00.000000",17.1023540496826
"CI","2026-08-25T14:00:00.000000",16.886547088623
"CI","2026-08-25T15:00:00.000000",17.1884174346924
"CI","2026-08-25T16:00:00.000000",17.7208023071289
"CI","2026-08-25T17:00:00.000000",17.9928359985352
"CI","2026-08-25T18:00:00.000000",18.0917949676514
"CI","2026-08-25T19:00:00.000000",18.1530113220215
"CI","2026-08-25T20:00:00.000000",18.1824760437012
"CI","2026-08-25T21:00:00.000000",18.0499458312988
"CI","2026-08-25T22:00:00.000000",17.707218170166
"CI","2026-08-25T23:00:00.000000",17.2624168395996
"CI","2026-08-26T00:00:00.000000",16.9035301208496
"CI","2026-08-26T01:00:00.000000",16.690092086792
"CI","2026-08-26T02:00:00.000000",16.6256446838379
"CI","2026-08-26T03:00:00.000000",16.741641998291
"CI","2026-08-26T04:00:00.000000",17.4157161712646
"CI","2026-08-26T05:00:00.000000",17.8326110839844
"CI","2026-08-26T06:00:00.000000",18.0204486846924
"CI","2026-08-26T07:00:00.000000",18.1085758209229
"CI","2026-08-26T08:00:00.000000",18.1779098510742
"CI","2026-08-26T09:00:00.000000",18.1375255584717
"CI","2026-08-26T10:00:00.000000",17.8773708343506
"CI","2026-08-26T11:00:00.000000",17.5423603057861
"CI","2026-08-26T12:00:00.000000",17.1605205535889
"CI","2026-08-26T13:00:00.000000",16.6309413909912
"CI","2026-08-26T14:00:00.000000",16.1591320037842
"CI","2026-08-26T15:00:00.000000",16.0947170257568
"CI","2026-08-26T16:00:00.000000",16.6402149200439
"CI","2026-08-26T17:00:00.000000",17.3326816558838
"CI","2026-08-26T18:00:00.000000",17.7422561645508
"CI","2026-08-26T19:00:00.000000",17.9081325531006
"CI","2026-08-26T20:00:00.000000",17.9932498931885
"CI","2026-08-26T21:00:00.000000",17.9718322753906
"CI","2026-08-26T22:00:00.000000",17.6149234771729
"CI","2026-08-26T23:00:00.000000",17.1469764709473
"CI","2026-08-27T00:00:00.000000",16.6022262573242
"DC","2026-08-19T00:00:00.000000",15.2948894500732
"DC","2026-08-19T01:00:00.000000",15.272406578064
"DC","2026-08-19T02:00:00.000000",15.0843753814697
"DC","2026-08-19T03:00:00.000000",14.8043079376221
"DC","2026-08-19T04:00:00.000000",14.6367597579956
"DC","2026-08-19T05:00:00.000000",14.5306949615479
"DC","2026-08-19T06:00:00.000000",14.5076198577881
"DC","2026-08-19T07:00:00.000000",14.5705432891846
"DC","2026-08-19T08:00:00.000000",14.693455696106
"DC","2026-08-19T09:00:00.000000",14.8030958175659
"DC","2026-08-19T10:00:00.000000",15.0948848724365
"DC","2026-08-19T11:00:00.000000",15.4241209030151
"DC","2026-08-19T12:00:00.000000",15.9154043197632
"DC","2026-08-19T13:00:00.000000",16.350025177002
"DC","2026-08-19T14:00:00.000000",16.625020980835
"DC","2026-08-19T15:00:00.000000",16.2590179443359
"DC","2026-08-19T16:00:00.000000",15.6081209182739
"DC","2026-08-19T17:00:00.000000",15.1881523132324
"DC","2026-08-19T18:00:00.000000",14.9515552520752
"DC","2026-08-19T19:00:00.000000",14.7739515304565
"DC","2026-08-19T20:00:00.000000",14.7597551345825
"DC","2026-08-19T21:00:00.000000",14.7300853729248
"DC","2026-08-19T22:00:00.000000",14.70654296875
"DC","2026-08-19T23:00:00.000000",14.6708154678345
"DC","2026-08-20T00:00:00.000000",14.6523914337158
"DC","2026-08-20T01:00:00.000000",14.6092891693115
"DC","2026-08-20T02:00:00.000000",14.5309391021729
"DC","2026-08-20T03:00:00.000000",14.5874795913696
"DC","2026-08-20T04:00:00.000000",14.587965965271
"DC","2026-08-20T05:00:00.000000",14.5072956085205
"DC","2026-08-20T06:00:00.000000",14.43918800354
"DC","2026-08-20T07:00:00.000000",14.5126781463623
"DC","2026-08-20T08:00:00.000000",14.8080739974976
"DC","2026-08-20T09:00:00.000000",14.9771938323975
"DC","2026-08-20T10:00:00.000000",14.990894317627
"DC","2026-08-20T11:00:00.000000",15.0283164978027
"DC","2026-08-20T12:00:00.000000",15.1816091537476
"DC","2026-08-20T13:00:00.000000",15.3920030593872
"DC","2026-08-20T14:00:00.000000",15.6525421142578
"DC","2026-08-20T15:00:00.000000",15.6269178390503
"DC","2026-08-20T16:00:00.000000",15.2423505783081
"DC","2026-08-20T17:00:00.000000",14.8538475036621
"DC","2026-08-20T18:00:00.000000",14.6264410018921
"DC","2026-08-20T19:00:00.000000",14.4738025665283
"DC","2026-08-20T20:00:00.000000",14.4272594451904
"DC","2026-08-20T21:00:00.000000",14.4474105834961
"DC","2026-08-20T22:00:00.000000",14.5147705078125
"DC","2026-08-20T23:00:00.000000",14.5835361480713
"DC","2026-08-21T00:00:00.000000",14.644871711731
"DC","2026-08-21T01:00:00.000000",14.7152490615845
"DC","2026-08-21T02:00:00.000000",14.752254486084
"DC","2026-08-21T03:00:00.000000",14.7387952804565
"DC","2026-08-21T04:00:00.000000",14.7844228744507
"DC","2026-08-21T05:00:00.000000",14.813681602478
"DC","2026-08-21T06:00:00.000000",14.8474025726318
"DC","2026-08-21T07:00:00.000000",15.1600399017334
"DC","2026-08-21T08:00:00.000000",16.3474025726318
"DC","2026-08-21T09:00:00.000000",17.077672958374
"DC","2026-08-21T10:00:00.000000",16.8387966156006
"DC","2026-08-21T11:00:00.000000",16.5399169921875
"DC","2026-08-21T12:00:00.000000",16.4787578582764
"DC","2026-08-21T13:00:00.000000",16.543098449707
"DC","2026-08-21T14:00:00.000000",16.6230945587158
"DC","2026-08-21T15:00:00.000000",16.6940441131592
"DC","2026-08-21T16:00:00.000000",16.6425113677979
"DC","2026-08-21T17:00:00.000000",16.3392658233643
"DC","2026-08-21T18:00:00.000000",15.9524250030518
"DC","2026-08-21T19:00:00.000000",15.6169986724854
"DC","2026-08-21T20:00:00.000000",15.3365039825439
"DC","2026-08-21T21:00:00.000000",15.1899518966675
"DC","2026-08-21T22:00:00.000000",15.074107170105
"DC","2026-08-21T23:00:00.000000",15.0332822799683
"DC","2026-08-22T00:00:00.000000",15.0204944610596
"DC","2026-08-22T01:00:00.000000",15.0149974822998
"DC","2026-08-22T02:00:00.000000",14.999267578125
"DC","2026-08-22T03:00:00.000000",14.9567174911499
"DC","2026-08-22T04:00:00.000000",14.8355407714844
"DC","2026-08-22T05:00:00.000000",14.7424411773682
"DC","2026-08-22T06:00:00.000000",14.6324348449707
"DC","2026-08-22T07:00:00.000000",14.6300258636475
"DC","2026-08-22T08:00:00.000000",14.7303056716919
"DC","2026-08-22T09:00:00.000000",15.1215562820435
"DC","2026-08-22T10:00:00.000000",15.6063947677612
"DC","2026-08-22T11:00:00.000000",15.7381572723389
"DC","2026-08-22T12:00:00.000000",15.7400808334351
"DC","2026-08-22T13:00:00.000000",15.769757270813
"DC","2026-08-22T14:00:00.000000",15.8410387039185
"DC","2026-08-22T15:00:00.000000",16.0561332702637
"DC","2026-08-22T16:00:00.000000",16.1984024047852
"DC","2026-08-22T17:00:00.000000",16.2698535919189
"DC","2026-08-22T18:00:00.000000",16.3190784454346
"DC","2026-08-22T19:00:00.000000",16.3886260986328
"DC","2026-08-22T20:00:00.000000",16.4313449859619
"DC","2026-08-22T21:00:00.000000",16.4721717834473
"DC","2026-08-22T22:00:00.000000",16.5156555175781
"DC","2026-08-22T23:00:00.000000",16.5653648376465
"DC","2026-08-23T00:00:00.000000",16.6150417327881
"DC","2026-08-23T01:00:00.000000",16.6550045013428
"DC","2026-08-23T02:00:00.000000",16.6829261779785
"DC","2026-08-23T03:00:00.000000",16.7019176483154
"DC","2026-08-23T04:00:00.000000",16.7148456573486
"DC","2026-08-23T05:00:00.000000",16.7282295227051
"DC","2026-08-23T06:00:00.000000",16.7386054992676
"DC","2026-08-23T07:00:00.000000",16.7590255737305
"DC","2026-08-23T08:00:00.000000",16.7947120666504
"DC","2026-08-23T09:00:00.000000",16.8318061828613
"DC","2026-08-23T10:00:00.000000",16.8494510650635
"DC","2026-08-23T11:00:00.000000",16.8400440216064
"DC","2026-08-23T12:00:00.000000",16.8271598815918
"DC","2026-08-23T13:00:00.000000",16.8170166015625
"DC","2026-08-23T14:00:00.000000",16.8251762390137
"DC","2026-08-23T15:00:00.000000",16.8602294921875
"DC","2026-08-23T16:00:00.000000",16.8873138427734
"DC","2026-08-23T17:00:00.000000",16.9105396270752
"DC","2026-08-23T18:00:00.000000",16.9210777282715
"DC","2026-08-23T19:00:00.000000",16.9151287078857
"DC","2026-08-23T20:00:00.000000",16.9224109649658
"DC","2026-08-23T21:00:00.000000",16.8732223510742
"DC","2026-08-23T22:00:00.000000",16.699893951416
"DC","2026-08-23T23:00:00.000000",16.5108947753906
"DC","2026-08-24T00:00:00.000000",16.3796100616455
"DC","2026-08-24T01:00:00.000000",16.3111839294434
"DC","2026-08-24T02:00:00.000000",16.2805004119873
"DC","2026-08-24T03:00:00.000000",16.2570018768311
"DC","2026-08-24T04:00:00.000000",16.2235164642334
"DC","2026-08-24T05:00:00.000000",16.669225692749
"DC","2026-08-24T06:00:00.000000",16.9142417907715
"DC","2026-08-24T07:00:00.000000",16.913236618042
"DC","2026-08-24T08:00:00.000000",16.732837677002
"DC","2026-08-24T09:00:00.000000",16.5702934265137
"DC","2026-08-24T10:00:00.000000",16.4526271820068
"DC","2026-08-24T11:00:00.000000",16.4006786346436
"DC","2026-08-24T12:00:00.000000",16.307804107666
"DC","2026-08-24T13:00:00.000000",16.2336711883545
"DC","2026-08-24T14:00:00.000000",16.1664237976074
"DC","2026-08-24T15:00:00.000000",16.1189422607422
"DC","2026-08-24T16:00:00.000000",16.0546913146973
"DC","2026-08-24T17:00:00.000000",15.9787244796753
"DC","2026-08-24T18:00:00.000000",15.9365158081055
"DC","2026-08-24T19:00:00.000000",15.9655809402466
"DC","2026-08-24T20:00:00.000000",15.88072681427
"DC","2026-08-24T21:00:00.000000",15.7168636322021
"DC","2026-08-24T22:00:00.000000",15.5646781921387
"DC","2026-08-24T23:00:00.000000",15.4404697418213
"DC","2026-08-25T00:00:00.000000",15.3701333999634
"DC","2026-08-25T01:00:00.000000",15.3559284210205
"DC","2026-08-25T02:00:00.000000",15.3920125961304
"DC","2026-08-25T03:00:00.000000",15.4752721786499
"DC","2026-08-25T04:00:00.000000",15.5212640762329
"DC","2026-08-25T05:00:00.000000",15.5447492599487
"DC","2026-08-25T06:00:00.000000",15.5043821334839
"DC","2026-08-25T07:00:00.000000",15.5814552307129
"DC","2026-08-25T08:00:00.000000",15.6717739105225
"DC","2026-08-25T09:00:00.000000",15.5984916687012
"DC","2026-08-25T10:00:00.000000",15.6554641723633
"DC","2026-08-25T11:00:00.000000",15.9707441329956
"DC","2026-08-25T12:00:00.000000",16.5010662078857
"DC","2026-08-25T13:00:00.000000",16.5342102050781
"DC","2026-08-25T14:00:00.000000",16.3901672363281
"DC","2026-08-25T15:00:00.000000",16.2979373931885
"DC","2026-08-25T16:00:00.000000",16.2424411773682
"DC","2026-08-25T17:00:00.000000",16.2658405303955
"DC","2026-08-25T18:00:00.000000",16.2876739501953
"DC","2026-08-25T19:00:00.000000",16.2558078765869
"DC","2026-08-25T20:00:00.000000",16.0203514099121
"DC","2026-08-25T21:00:00.000000",15.647234916687
"DC","2026-08-25T22:00:00.000000",15.3783683776855
"DC","2026-08-25T23:00:00.000000",15.1717662811279
"DC","2026-08-26T00:00:00.000000",15.0724411010742
"DC","2026-08-26T01:00:00.000000",15.0529317855835
"DC","2026-08-26T02:00:00.000000",15.157639503479
"DC","2026-08-26T03:00:00.000000",15.3449048995972
"DC","2026-08-26T04:00:00.000000",15.4969663619995
"DC","2026-08-26T05:00:00.000000",15.8201465606689
"DC","2026-08-26T06:00:00.000000",16.078369140625
"DC","2026-08-26T07:00:00.000000",16.4736824035645
"DC","2026-08-26T08:00:00.000000",16.621265411377
"DC","2026-08-26T09:00:00.000000",16.5887260437012
"DC","2026-08-26T10:00:00.000000",16.3991527557373
"DC","2026-08-26T11:00:00.000000",16.3727035522461
"DC","2026-08-26T12:00:00.000000",16.4288272857666
"DC","2026-08-26T13:00:00.000000",16.4079990386963
"DC","2026-08-26T14:00:00.000000",16.3990535736084
"DC","2026-08-26T15:00:00.000000",16.3846206665039
"DC","2026-08-26T16:00:00.000000",16.3791446685791
"DC","2026-08-26T17:00:00.000000",16.4600467681885
"DC","2026-08-26T18:00:00.000000",16.5026302337646
"DC","2026-08-26T19:00:00.000000",16.4817428588867
"DC","2026-08-26T20:00:00.000000",16.2866611480713
"DC","2026-08-26T21:00:00.000000",15.9553813934326
"DC","2026-08-26T22:00:00.000000",15.4132623672485
"DC","2026-08-26T23:00:00.000000",15.100625038147
"DC","2026-08-27T00:00:00.000000",14.9639577865601
"LH","2026-08-19T00:00:00.000000",17.8164024353027
"LH","2026-08-19T01:00:00.000000",18.038688659668
"LH","2026-08-19T02:00:00.000000",18.0383472442627
"LH","2026-08-19T03:00:00.000000",17.9317874908447
"LH","2026-08-19T04:00:00.000000",17.8817481994629
"LH","2026-08-19T05:00:00.000000",17.8419132232666
"LH","2026-08-19T06:00:00.000000",17.8112545013428
"LH","2026-08-19T07:00:00.000000",17.7524261474609
"LH","2026-08-19T08:00:00.000000",17.6864891052246
"LH","2026-08-19T09:00:00.000000",17.6223106384277
"LH","2026-08-19T10:00:00.000000",17.6191558837891
"LH","2026-08-19T11:00:00.000000",17.6496753692627
"LH","2026-08-19T12:00:00.000000",17.6936264038086
"LH","2026-08-19T13:00:00.000000",17.7790699005127
"LH","2026-08-19T14:00:00.000000",17.8227653503418
"LH","2026-08-19T15:00:00.000000",17.8182468414307
"LH","2026-08-19T16:00:00.000000",17.81711769104
"LH","2026-08-19T17:00:00.000000",17.8027782440186
"LH","2026-08-19T18:00:00.000000",17.7199115753174
"LH","2026-08-19T19:00:00.000000",17.6265544891357
"LH","2026-08-19T20:00:00.000000",17.5834102630615
"LH","2026-08-19T21:00:00.000000",17.5694408416748
"LH","2026-08-19T22:00:00.000000",17.5963954925537
"LH","2026-08-19T23:00:00.000000",17.7037124633789
"LH","2026-08-20T00:00:00.000000",17.802698135376
"LH","2026-08-20T01:00:00.000000",17.9640712738037
"LH","2026-08-20T02:00:00.000000",18.1581897735596
"LH","2026-08-20T03:00:00.000000",18.1322937011719
"LH","2026-08-20T04:00:00.000000",18.0413227081299
"LH","2026-08-20T05:00:00.000000",18.0096988677979
"LH","2026-08-20T06:00:00.000000",17.9723606109619
"LH","2026-08-20T07:00:00.000000",17.9569492340088
"LH","2026-08-20T08:00:00.000000",17.9486694335938
"LH","2026-08-20T09:00:00.000000",17.9285984039307
"LH","2026-08-20T10:00:00.000000",17.9157104492188
"LH","2026-08-20T11:00:00.000000",17.9321098327637
"LH","2026-08-20T12:00:00.000000",17.9683265686035
"LH","2026-08-20T13:00:00.000000",18.0236721038818
"LH","2026-08-20T14:00:00.000000",18.0779724121094
"LH","2026-08-20T15:00:00.000000",18.1016235351562
"LH","2026-08-20T16:00:00.000000",18.1197738647461
"LH","2026-08-20T17:00:00.000000",18.1468029022217
"LH","2026-08-20T18:00:00.000000",18.1193294525146
"LH","2026-08-20T19:00:00.000000",18.027473449707
"LH","2026-08-20T20:00:00.000000",17.8544845581055
"LH","2026-08-20T21:00:00.000000",17.711799621582
"LH","2026-08-20T22:00:00.000000",17.6106014251709
"LH","2026-08-20T23:00:00.000000",17.6036815643311
"LH","2026-08-21T00:00:00.000000",17.644926071167
"LH","2026-08-21T01:00:00.000000",17.6945934295654
"LH","2026-08-21T02:00:00.000000",17.7902317047119
"LH","2026-08-21T03:00:00.000000",17.8760929107666
"LH","2026-08-21T04:00:00.000000",17.9129409790039
"LH","2026-08-21T05:00:00.000000",17.887264251709
"LH","2026-08-21T06:00:00.000000",17.8486194610596
"LH","2026-08-21T07:00:00.000000",17.7439804077148
"LH","2026-08-21T08:00:00.000000",17.5878124237061
"LH","2026-08-21T09:00:00.000000",17.4114856719971
"LH","2026-08-21T10:00:00.000000",17.2898502349854
"LH","2026-08-21T11:00:00.000000",17.2183952331543
"LH","2026-08-21T12:00:00.000000",17.2354183197021
"LH","2026-08-21T13:00:00.000000",17.2514991760254
"LH","2026-08-21T14:00:00.000000",17.2714900970459
"LH","2026-08-21T15:00:00.000000",17.2983303070068
"LH","2026-08-21T16:00:00.000000",17.3365497589111
"LH","2026-08-21T17:00:00.000000",17.4154415130615
"LH","2026-08-21T18:00:00.000000",17.456506729126
"LH","2026-08-21T19:00:00.000000",17.5135440826416
"LH","2026-08-21T20:00:00.000000",17.5376205444336
"LH","2026-08-21T21:00:00.000000",17.5449447631836
"LH","2026-08-21T22:00:00.000000",17.5548686981201
"LH","2026-08-21T23:00:00.000000",17.566349029541
"LH","2026-08-22T00:00:00.000000",17.6060886383057
"LH","2026-08-22T01:00:00.000000",17.6795101165771
"LH","2026-08-22T02:00:00.000000",17.7119636535645
"LH","2026-08-22T03:00:00.000000",17.7824592590332
"LH","2026-08-22T04:00:00.000000",17.7907543182373
"LH","2026-08-22T05:00:00.000000",17.8501052856445
"LH","2026-08-22T06:00:00.000000",17.8601570129395
"LH","2026-08-22T07:00:00.000000",17.8882312774658
"LH","2026-08-22T08:00:00.000000",17.90602684021
"LH","2026-08-22T09:00:00.000000",17.8908176422119
"LH","2026-08-22T10:00:00.000000",17.8634414672852
"LH","2026-08-22T11:00:00.000000",17.8255405426025
"LH","2026-08-22T12:00:00.000000",17.7968807220459
"LH","2026-08-22T13:00:00.000000",17.8018550872803
"LH","2026-08-22T14:00:00.000000",17.8060436248779
"LH","2026-08-22T15:00:00.000000",17.8169097900391
"LH","2026-08-22T16:00:00.000000",17.842227935791
"LH","2026-08-22T17:00:00.000000",17.8743362426758
"LH","2026-08-22T18:00:00.000000",17.8982086181641
"LH","2026-08-22T19:00:00.000000",17.9014415740967
"LH","2026-08-22T20:00:00.000000",17.9066600799561
"LH","2026-08-22T21:00:00.000000",17.892204284668
"LH","2026-08-22T22:00:00.000000",17.8721504211426
"LH","2026-08-22T23:00:00.000000",17.8474788665771
"LH","2026-08-23T00:00:00.000000",17.825366973877
"LH","2026-08-23T01:00:00.000000",17.8193321228027
"LH","2026-08-23T02:00:00.000000",17.8383808135986
"LH","2026-08-23T03:00:00.000000",17.8530540466309
"LH","2026-08-23T04:00:00.000000",17.8733940124512
"LH","2026-08-23T05:00:00.000000",17.8869533538818
"LH","2026-08-23T06:00:00.000000",17.8784828186035
"LH","2026-08-23T07:00:00.000000",17.8754177093506
"LH","2026-08-23T08:00:00.000000",17.9063529968262
"LH","2026-08-23T09:00:00.000000",17.9266681671143
"LH","2026-08-23T10:00:00.000000",17.934211730957
"LH","2026-08-23T11:00:00.000000",17.9291458129883
"LH","2026-08-23T12:00:00.000000",17.9174251556396
"LH","2026-08-23T13:00:00.000000",17.9074878692627
"LH","2026-08-23T14:00:00.000000",17.9076099395752
"LH","2026-08-23T15:00:00.000000",17.9145202636719
"LH","2026-08-23T16:00:00.000000",17.9220409393311
"LH","2026-08-23T17:00:00.000000",17.9310913085938
"LH","2026-08-23T18:00:00.000000",17.9379844665527
"LH","2026-08-23T19:00:00.000000",17.9608554840088
"LH","2026-08-23T20:00:00.000000",17.9939765930176
"LH","2026-08-23T21:00:00.000000",18.0225963592529
"LH","2026-08-23T22:00:00.000000",18.0291137695312
"LH","2026-08-23T23:00:00.000000",18.0288105010986
"LH","2026-08-24T00:00:00.000000",18.0203914642334
"LH","2026-08-24T01:00:00.000000",18.0083446502686
"LH","2026-08-24T02:00:00.000000",18.0053310394287
"LH","2026-08-24T03:00:00.000000",18.0247421264648
"LH","2026-08-24T04:00:00.000000",18.0505981445312
"LH","2026-08-24T05:00:00.000000",18.0865612030029
"LH","2026-08-24T06:00:00.000000",18.1025543212891
"LH","2026-08-24T07:00:00.000000",18.0839576721191
"LH","2026-08-24T08:00:00.000000",18.0550918579102
"LH","2026-08-24T09:00:00.000000",18.0611305236816
"LH","2026-08-24T10:00:00.000000",18.0671100616455
"LH","2026-08-24T11:00:00.000000",18.0772590637207
"LH","2026-08-24T12:00:00.000000",18.0823497772217
"LH","2026-08-24T13:00:00.000000",18.0815372467041
"LH","2026-08-24T14:00:00.000000",18.0810127258301
"LH","2026-08-24T15:00:00.000000",18.0876407623291
"LH","2026-08-24T16:00:00.000000",18.0985488891602
"LH","2026-08-24T17:00:00.000000",18.1127338409424
"LH","2026-08-24T18:00:00.000000",18.1283226013184
"LH","2026-08-24T19:00:00.000000",18.1385116577148
"LH","2026-08-24T20:00:00.000000",18.1419200897217
"LH","2026-08-24T21:00:00.000000",18.1545429229736
"LH","2026-08-24T22:00:00.000000",18.1727466583252
"LH","2026-08-24T23:00:00.000000",18.1771335601807
"LH","2026-08-25T00:00:00.000000",18.1816654205322
"LH","2026-08-25T01:00:00.000000",18.1833457946777
"LH","2026-08-25T02:00:00.000000",18.1859474182129
"LH","2026-08-25T03:00:00.000000",18.196268081665
"LH","2026-08-25T04:00:00.000000",18.2178134918213
"LH","2026-08-25T05:00:00.000000",18.2450256347656
"LH","2026-08-25T06:00:00.000000",18.2625484466553
"LH","2026-08-25T07:00:00.000000",18.2703952789307
"LH","2026-08-25T08:00:00.000000",18.2718811035156
"LH","2026-08-25T09:00:00.000000",18.2804851531982
"LH","2026-08-25T10:00:00.000000",18.2889060974121
"LH","2026-08-25T11:00:00.000000",18.2895088195801
"LH","2026-08-25T12:00:00.000000",18.2612438201904
"LH","2026-08-25T13:00:00.000000",18.1692180633545
"LH","2026-08-25T14:00:00.000000",18.0651779174805
"LH","2026-08-25T15:00:00.000000",18.0369701385498
"LH","2026-08-25T16:00:00.000000",18.0292816162109
"LH","2026-08-25T17:00:00.000000",18.0301322937012
"LH","2026-08-25T18:00:00.000000",18.0386772155762
"LH","2026-08-25T19:00:00.000000",18.0410118103027
"LH","2026-08-25T20:00:00.000000",18.039192199707
"LH","2026-08-25T21:00:00.000000",18.0185890197754
"LH","2026-08-25T22:00:00.000000",17.9875965118408
"LH","2026-08-25T23:00:00.000000",17.9077548980713
"LH","2026-08-26T00:00:00.000000",17.7863597869873
"LH","2026-08-26T01:00:00.000000",17.6402549743652
"LH","2026-08-26T02:00:00.000000",17.5307178497314
"LH","2026-08-26T03:00:00.000000",17.4741973876953
"LH","2026-08-26T04:00:00.000000",17.4810047149658
"LH","2026-08-26T05:00:00.000000",17.5191459655762
"LH","2026-08-26T06:00:00.000000",17.5431137084961
"LH","2026-08-26T07:00:00.000000",17.616626739502
"LH","2026-08-26T08:00:00.000000",17.6592788696289
"LH","2026-08-26T09:00:00.000000",17.647123336792
"LH","2026-08-26T10:00:00.000000",17.5941619873047
"LH","2026-08-26T11:00:00.000000",17.5365905761719
"LH","2026-08-26T12:00:00.000000",17.4203071594238
"LH","2026-08-26T13:00:00.000000",17.2730236053467
"LH","2026-08-26T14:00:00.000000",17.1429462432861
"LH","2026-08-26T15:00:00.000000",17.0540885925293
"LH","2026-08-26T16:00:00.000000",17.0275535583496
"LH","2026-08-26T17:00:00.000000",17.0333843231201
"LH","2026-08-26T18:00:00.000000",17.0350074768066
"LH","2026-08-26T19:00:00.000000",17.0471534729004
"LH","2026-08-26T20:00:00.000000",17.0705375671387
"LH","2026-08-26T21:00:00.000000",17.0904407501221
"LH","2026-08-26T22:00:00.000000",17.0964298248291
"LH","2026-08-26T23:00:00.000000",17.0762691497803
"LH","2026-08-27T00:00:00.000000",17.0282878875732
"NB","2026-08-19T00:00:00.000000",14.164698600769
"NB","2026-08-19T01:00:00.000000",14.1721696853638
"NB","2026-08-19T02:00:00.000000",14.1760568618774
"NB","2026-08-19T03:00:00.000000",14.174750328064
"NB","2026-08-19T04:00:00.000000",14.1720666885376
"NB","2026-08-19T05:00:00.000000",14.1765537261963
"NB","2026-08-19T06:00:00.000000",14.1845970153809
"NB","2026-08-19T07:00:00.000000",14.1939296722412
"NB","2026-08-19T08:00:00.000000",14.2028551101685
"NB","2026-08-19T09:00:00.000000",14.2125453948975
"NB","2026-08-19T10:00:00.000000",14.2244548797607
"NB","2026-08-19T11:00:00.000000",14.2369222640991
"NB","2026-08-19T12:00:00.000000",14.2504901885986
"NB","2026-08-19T13:00:00.000000",14.2697353363037
"NB","2026-08-19T14:00:00.000000",14.2881298065186
"NB","2026-08-19T15:00:00.000000",14.3005208969116
"NB","2026-08-19T16:00:00.000000",14.3058433532715
"NB","2026-08-19T17:00:00.000000",14.3030519485474
"NB","2026-08-19T18:00:00.000000",14.2955617904663
"NB","2026-08-19T19:00:00.000000",14.2867975234985
"NB","2026-08-19T20:00:00.000000",14.2595643997192
"NB","2026-08-19T21:00:00.000000",14.2208700180054
"NB","2026-08-19T22:00:00.000000",14.1964254379272
"NB","2026-08-19T23:00:00.000000",14.1946077346802
"NB","2026-08-20T00:00:00.000000",14.1996173858643
"NB","2026-08-20T01:00:00.000000",14.2182941436768
"NB","2026-08-20T02:00:00.000000",14.241584777832
"NB","2026-08-20T03:00:00.000000",14.2688808441162
"NB","2026-08-20T04:00:00.000000",14.3106060028076
"NB","2026-08-20T05:00:00.000000",14.3922319412231
"NB","2026-08-20T06:00:00.000000",14.5314712524414
"NB","2026-08-20T07:00:00.000000",14.6973581314087
"NB","2026-08-20T08:00:00.000000",14.8596830368042
"NB","2026-08-20T09:00:00.000000",14.9424171447754
"NB","2026-08-20T10:00:00.000000",14.8636503219604
"NB","2026-08-20T11:00:00.000000",14.7141590118408
"NB","2026-08-20T12:00:00.000000",14.5787858963013
"NB","2026-08-20T13:00:00.000000",14.4718446731567
"NB","2026-08-20T14:00:00.000000",14.3749284744263
"NB","2026-08-20T15:00:00.000000",14.2766132354736
"NB","2026-08-20T16:00:00.000000",14.1675729751587
"NB","2026-08-20T17:00:00.000000",14.0565233230591
"NB","2026-08-20T18:00:00.000000",13.9513645172119
"NB","2026-08-20T19:00:00.000000",13.8692483901978
"NB","2026-08-20T20:00:00.000000",13.8372144699097
"NB","2026-08-20T21:00:00.000000",13.8278093338013
"NB","2026-08-20T22:00:00.000000",13.8357219696045
"NB","2026-08-20T23:00:00.000000",13.8446311950684
"NB","2026-08-21T00:00:00.000000",13.8459320068359
"NB","2026-08-21T01:00:00.000000",13.8516864776611
"NB","2026-08-21T02:00:00.000000",13.8652572631836
"NB","2026-08-21T03:00:00.000000",13.8824558258057
"NB","2026-08-21T04:00:00.000000",13.8950519561768
"NB","2026-08-21T05:00:00.000000",13.8973321914673
"NB","2026-08-21T06:00:00.000000",13.8810377120972
"NB","2026-08-21T07:00:00.000000",13.8732395172119
"NB","2026-08-21T08:00:00.000000",13.9079303741455
"NB","2026-08-21T09:00:00.000000",13.9537363052368
"NB","2026-08-21T10:00:00.000000",13.95436668396
"NB","2026-08-21T11:00:00.000000",13.9260501861572
"NB","2026-08-21T12:00:00.000000",13.8953590393066
"NB","2026-08-21T13:00:00.000000",13.8717632293701
"NB","2026-08-21T14:00:00.000000",13.8480949401855
"NB","2026-08-21T15:00:00.000000",13.8336000442505
"NB","2026-08-21T16:00:00.000000",13.8181524276733
"NB","2026-08-21T17:00:00.000000",13.8007259368896
"NB","2026-08-21T18:00:00.000000",13.7847957611084
"NB","2026-08-21T19:00:00.000000",13.7754745483398
"NB","2026-08-21T20:00:00.000000",13.7720746994019
"NB","2026-08-21T21:00:00.000000",13.7744626998901
"NB","2026-08-21T22:00:00.000000",13.7801218032837
"NB","2026-08-21T23:00:00.000000",13.7878608703613
"NB","2026-08-22T00:00:00.000000",13.8091716766357
"NB","2026-08-22T01:00:00.000000",13.8571271896362
"NB","2026-08-22T02:00:00.000000",13.9067573547363
"NB","2026-08-22T03:00:00.000000",13.9340314865112
"NB","2026-08-22T04:00:00.000000",13.9491624832153
"NB","2026-08-22T05:00:00.000000",13.9755573272705
"NB","2026-08-22T06:00:00.000000",13.9947366714478
"NB","2026-08-22T07:00:00.000000",14.0130701065063
"NB","2026-08-22T08:00:00.000000",14.0312538146973
"NB","2026-08-22T09:00:00.000000",14.0562658309937
"NB","2026-08-22T10:00:00.000000",14.0848579406738
"NB","2026-08-22T11:00:00.000000",14.1126976013184
"NB","2026-08-22T12:00:00.000000",14.1307992935181
"NB","2026-08-22T13:00:00.000000",14.1412916183472
"NB","2026-08-22T14:00:00.000000",14.1514863967896
"NB","2026-08-22T15:00:00.000000",14.1623191833496
"NB","2026-08-22T16:00:00.000000",14.1795129776001
"NB","2026-08-22T17:00:00.000000",14.2062654495239
"NB","2026-08-22T18:00:00.000000",14.2660369873047
"NB","2026-08-22T19:00:00.000000",14.3690233230591
"NB","2026-08-22T20:00:00.000000",14.4889535903931
"NB","2026-08-22T21:00:00.000000",14.5743265151978
"NB","2026-08-22T22:00:00.000000",14.6107177734375
"NB","2026-08-22T23:00:00.000000",14.7372016906738
"NB","2026-08-23T00:00:00.000000",14.9452857971191
"NB","2026-08-23T01:00:00.000000",15.0850381851196
"NB","2026-08-23T02:00:00.000000",15.0680046081543
"NB","2026-08-23T03:00:00.000000",15.0667123794556
"NB","2026-08-23T04:00:00.000000",15.1050500869751
"NB","2026-08-23T05:00:00.000000",15.179838180542
"NB","2026-08-23T06:00:00.000000",15.241623878479
"NB","2026-08-23T07:00:00.000000",15.2651071548462
"NB","2026-08-23T08:00:00.000000",15.2679452896118
"NB","2026-08-23T09:00:00.000000",15.2444314956665
"NB","2026-08-23T10:00:00.000000",15.2129182815552
"NB","2026-08-23T11:00:00.000000",15.1872568130493
"NB","2026-08-23T12:00:00.000000",15.1942625045776
"NB","2026-08-23T13:00:00.000000",15.1969194412231
"NB","2026-08-23T14:00:00.000000",15.1872119903564
"NB","2026-08-23T15:00:00.000000",15.1729249954224
"NB","2026-08-23T16:00:00.000000",15.1500864028931
"NB","2026-08-23T17:00:00.000000",15.1208343505859
"NB","2026-08-23T18:00:00.000000",15.0954732894897
"NB","2026-08-23T19:00:00.000000",15.0930976867676
"NB","2026-08-23T20:00:00.000000",15.1048917770386
"NB","2026-08-23T21:00:00.000000",15.116979598999
"NB","2026-08-23T22:00:00.000000",15.1346092224121
"NB","2026-08-23T23:00:00.000000",15.16761302948
"NB","2026-08-24T00:00:00.000000",15.2285137176514
"NB","2026-08-24T01:00:00.000000",15.3227891921997
"NB","2026-08-24T02:00:00.000000",15.4738416671753
"NB","2026-08-24T03:00:00.000000",15.6815423965454
"NB","2026-08-24T04:00:00.000000",15.9487981796265
"NB","2026-08-24T05:00:00.000000",16.0316944122314
"NB","2026-08-24T06:00:00.000000",16.0753765106201
"NB","2026-08-24T07:00:00.000000",16.1218242645264
"NB","2026-08-24T08:00:00.000000",16.1921081542969
"NB","2026-08-24T09:00:00.000000",16.2770156860352
"NB","2026-08-24T10:00:00.000000",16.3598918914795
"NB","2026-08-24T11:00:00.000000",16.418363571167
"NB","2026-08-24T12:00:00.000000",16.4401588439941
"NB","2026-08-24T13:00:00.000000",16.3573589324951
"NB","2026-08-24T14:00:00.000000",16.1875057220459
"NB","2026-08-24T15:00:00.000000",15.9927816390991
"NB","2026-08-24T16:00:00.000000",15.7888584136963
"NB","2026-08-24T17:00:00.000000",15.6005897521973
"NB","2026-08-24T18:00:00.000000",15.4387760162354
"NB","2026-08-24T19:00:00.000000",15.2824535369873
"NB","2026-08-24T20:00:00.000000",15.1127634048462
"NB","2026-08-24T21:00:00.000000",14.9653615951538
"NB","2026-08-24T22:00:00.000000",14.8793382644653
"NB","2026-08-24T23:00:00.000000",14.8314085006714
"NB","2026-08-25T00:00:00.000000",14.8006134033203
"NB","2026-08-25T01:00:00.000000",14.7615194320679
"NB","2026-08-25T02:00:00.000000",14.7221946716309
"NB","2026-08-25T03:00:00.000000",14.6910371780396
"NB","2026-08-25T04:00:00.000000",14.6652526855469
"NB","2026-08-25T05:00:00.000000",14.6516265869141
"NB","2026-08-25T06:00:00.000000",14.6410598754883
"NB","2026-08-25T07:00:00.000000",14.631667137146
"NB","2026-08-25T08:00:00.000000",14.6332025527954
"NB","2026-08-25T09:00:00.000000",14.6594371795654
"NB","2026-08-25T10:00:00.000000",14.7165269851685
"NB","2026-08-25T11:00:00.000000",14.7774248123169
"NB","2026-08-25T12:00:00.000000",14.8556852340698
"NB","2026-08-25T13:00:00.000000",14.8848209381104
"NB","2026-08-25T14:00:00.000000",14.7949018478394
"NB","2026-08-25T15:00:00.000000",14.6530513763428
"NB","2026-08-25T16:00:00.000000",14.5032682418823
"NB","2026-08-25T17:00:00.000000",14.3843059539795
"NB","2026-08-25T18:00:00.000000",14.2935438156128
"NB","2026-08-25T19:00:00.000000",14.2047147750854
"NB","2026-08-25T20:00:00.000000",14.1154537200928
"NB","2026-08-25T21:00:00.000000",14.0499286651611
"NB","2026-08-25T22:00:00.000000",14.0113019943237
"NB","2026-08-25T23:00:00.000000",13.9920206069946
"NB","2026-08-26T00:00:00.000000",13.9851226806641
"NB","2026-08-26T01:00:00.000000",13.97984790802
"NB","2026-08-26T02:00:00.000000",13.9755830764771
"NB","2026-08-26T03:00:00.000000",13.9757270812988
"NB","2026-08-26T04:00:00.000000",13.9796085357666
"NB","2026-08-26T05:00:00.000000",13.9863882064819
"NB","2026-08-26T06:00:00.000000",13.9951753616333
"NB","2026-08-26T07:00:00.000000",14.0011014938354
"NB","2026-08-26T08:00:00.000000",14.0040378570557
"NB","2026-08-26T09:00:00.000000",14.0072727203369
"NB","2026-08-26T10:00:00.000000",14.0145120620728
"NB","2026-08-26T11:00:00.000000",14.0170078277588
"NB","2026-08-26T12:00:00.000000",14.0183277130127
"NB","2026-08-26T13:00:00.000000",14.0214910507202
"NB","2026-08-26T14:00:00.000000",14.0296640396118
"NB","2026-08-26T15:00:00.000000",14.0363426208496
"NB","2026-08-26T16:00:00.000000",14.0320253372192
"NB","2026-08-26T17:00:00.000000",14.0239543914795
"NB","2026-08-26T18:00:00.000000",14.0117092132568
"NB","2026-08-26T19:00:00.000000",14.0034475326538
"NB","2026-08-26T20:00:00.000000",14.0031175613403
"NB","2026-08-26T21:00:00.000000",14.009129524231
"NB","2026-08-26T22:00:00.000000",14.0147581100464
"NB","2026-08-26T23:00:00.000000",14.023419380188
"NB","2026-08-27T00:00:00.000000",14.0349731445312
"PC","2026-08-19T00:00:00.000000",18.442813873291
"PC","2026-08-19T01:00:00.000000",18.4864807128906
"PC","2026-08-19T02:00:00.000000",18.5405387878418
"PC","2026-08-19T03:00:00.000000",18.5997524261475
"PC","2026-08-19T04:00:00.000000",18.6406764984131
"PC","2026-08-19T05:00:00.000000",18.625602722168
"PC","2026-08-19T06:00:00.000000",18.5766067504883
"PC","2026-08-19T07:00:00.000000",18.4955081939697
"PC","2026-08-19T08:00:00.000000",18.3751621246338
"PC","2026-08-19T09:00:00.000000",18.2911911010742
"PC","2026-08-19T10:00:00.000000",18.2628078460693
"PC","2026-08-19T11:00:00.000000",18.2664222717285
"PC","2026-08-19T12:00:00.000000",18.2749500274658
"PC","2026-08-19T13:00:00.000000",18.2936420440674
"PC","2026-08-19T14:00:00.000000",18.3235855102539
"PC","2026-08-19T15:00:00.000000",18.3706207275391
"PC","2026-08-19T16:00:00.000000",18.4200057983398
"PC","2026-08-19T17:00:00.000000",18.4326438903809
"PC","2026-08-19T18:00:00.000000",18.403938293457
"PC","2026-08-19T19:00:00.000000",18.3625202178955
"PC","2026-08-19T20:00:00.000000",18.3110485076904
"PC","2026-08-19T21:00:00.000000",18.2589645385742
"PC","2026-08-19T22:00:00.000000",18.2312183380127
"PC","2026-08-19T23:00:00.000000",18.2362442016602
"PC","2026-08-20T00:00:00.000000",18.2559375762939
"PC","2026-08-20T01:00:00.000000",18.2694263458252
"PC","2026-08-20T02:00:00.000000",18.2941188812256
"PC","2026-08-20T03:00:00.000000",18.3141441345215
"PC","2026-08-20T04:00:00.000000",18.3431015014648
"PC","2026-08-20T05:00:00.000000",18.346040725708
"PC","2026-08-20T06:00:00.000000",18.314115524292
"PC","2026-08-20T07:00:00.000000",18.2727737426758
"PC","2026-08-20T08:00:00.000000",18.2283000946045
"PC","2026-08-20T09:00:00.000000",18.1920909881592
"PC","2026-08-20T10:00:00.000000",18.1709365844727
"PC","2026-08-20T11:00:00.000000",18.1734580993652
"PC","2026-08-20T12:00:00.000000",18.1914100646973
"PC","2026-08-20T13:00:00.000000",18.2094268798828
"PC","2026-08-20T14:00:00.000000",18.2285537719727
"PC","2026-08-20T15:00:00.000000",18.2585296630859
"PC","2026-08-20T16:00:00.000000",18.3009853363037
"PC","2026-08-20T17:00:00.000000",18.3376884460449
"PC","2026-08-20T18:00:00.000000",18.3565063476562
"PC","2026-08-20T19:00:00.000000",18.3534336090088
"PC","2026-08-20T20:00:00.000000",18.3421115875244
"PC","2026-08-20T21:00:00.000000",18.3196601867676
"PC","2026-08-20T22:00:00.000000",18.2915534973145
"PC","2026-08-20T23:00:00.000000",18.2796993255615
"PC","2026-08-21T00:00:00.000000",18.2862110137939
"PC","2026-08-21T01:00:00.000000",18.2942123413086
"PC","2026-08-21T02:00:00.000000",18.3048400878906
"PC","2026-08-21T03:00:00.000000",18.3206787109375
"PC","2026-08-21T04:00:00.000000",18.3408699035645
"PC","2026-08-21T05:00:00.000000",18.3790950775146
"PC","2026-08-21T06:00:00.000000",18.3947486877441
"PC","2026-08-21T07:00:00.000000",18.3825740814209
"PC","2026-08-21T08:00:00.000000",18.3538570404053
"PC","2026-08-21T09:00:00.000000",18.3177337646484
"PC","2026-08-21T10:00:00.000000",18.2849597930908
"PC","2026-08-21T11:00:00.000000",18.2642040252686
"PC","2026-08-21T12:00:00.000000",18.2616882324219
"PC","2026-08-21T13:00:00.000000",18.2701511383057
"PC","2026-08-21T14:00:00.000000",18.2855033874512
"PC","2026-08-21T15:00:00.000000",18.3129348754883
"PC","2026-08-21T16:00:00.000000",18.354959487915
"PC","2026-08-21T17:00:00.000000",18.4070205688477
"PC","2026-08-21T18:00:00.000000",18.4515075683594
"PC","2026-08-21T19:00:00.000000",18.4669303894043
"PC","2026-08-21T20:00:00.000000",18.4702930450439
"PC","2026-08-21T21:00:00.000000",18.4710083007812
"PC","2026-08-21T22:00:00.000000",18.4590034484863
"PC","2026-08-21T23:00:00.000000",18.4455604553223
"PC","2026-08-22T00:00:00.000000",18.4458312988281
"PC","2026-08-22T01:00:00.000000",18.4607887268066
"PC","2026-08-22T02:00:00.000000",18.4742755889893
"PC","2026-08-22T03:00:00.000000",18.4967174530029
"PC","2026-08-22T04:00:00.000000",18.5298748016357
"PC","2026-08-22T05:00:00.000000",18.5622100830078
"PC","2026-08-22T06:00:00.000000",18.5998363494873
"PC","2026-08-22T07:00:00.000000",18.6148128509521
"PC","2026-08-22T08:00:00.000000",18.6119899749756
"PC","2026-08-22T09:00:00.000000",18.5905780792236
"PC","2026-08-22T10:00:00.000000",18.5258636474609
"PC","2026-08-22T11:00:00.000000",18.4452114105225
"PC","2026-08-22T12:00:00.000000",18.398416519165
"PC","2026-08-22T13:00:00.000000",18.4099464416504
"PC","2026-08-22T14:00:00.000000",18.4343109130859
"PC","2026-08-22T15:00:00.000000",18.4593944549561
"PC","2026-08-22T16:00:00.000000",18.4908924102783
"PC","2026-08-22T17:00:00.000000",18.5221138000488
"PC","2026-08-22T18:00:00.000000",18.5535659790039
"PC","2026-08-22T19:00:00.000000",18.5681686401367
"PC","2026-08-22T20:00:00.000000",18.5175285339355
"PC","2026-08-22T21:00:00.000000",18.4143123626709
"PC","2026-08-22T22:00:00.000000",18.3274707794189
"PC","2026-08-22T23:00:00.000000",18.2631664276123
"PC","2026-08-23T00:00:00.000000",18.2269020080566
"PC","2026-08-23T01:00:00.000000",18.2278289794922
"PC","2026-08-23T02:00:00.000000",18.2365493774414
"PC","2026-08-23T03:00:00.000000",18.2433109283447
"PC","2026-08-23T04:00:00.000000",18.2567806243896
"PC","2026-08-23T05:00:00.000000",18.2755565643311
"PC","2026-08-23T06:00:00.000000",18.2974605560303
"PC","2026-08-23T07:00:00.000000",18.3251762390137
"PC","2026-08-23T08:00:00.000000",18.3339710235596
"PC","2026-08-23T09:00:00.000000",18.3287258148193
"PC","2026-08-23T10:00:00.000000",18.3173770904541
"PC","2026-08-23T11:00:00.000000",18.2938385009766
"PC","2026-08-23T12:00:00.000000",18.2643890380859
"PC","2026-08-23T13:00:00.000000",18.2528839111328
"PC","2026-08-23T14:00:00.000000",18.257381439209
"PC","2026-08-23T15:00:00.000000",18.2621154785156
"PC","2026-08-23T16:00:00.000000",18.2631893157959
"PC","2026-08-23T17:00:00.000000",18.2667465209961
"PC","2026-08-23T18:00:00.000000",18.2733860015869
"PC","2026-08-23T19:00:00.000000",18.2809581756592
"PC","2026-08-23T20:00:00.000000",18.2712783813477
"PC","2026-08-23T21:00:00.000000",18.2396450042725
"PC","2026-08-23T22:00:00.000000",18.1987953186035
"PC","2026-08-23T23:00:00.000000",18.1651782989502
"PC","2026-08-24T00:00:00.000000",18.1431617736816
"PC","2026-08-24T01:00:00.000000",18.1292839050293
"PC","2026-08-24T02:00:00.000000",18.1255683898926
"PC","2026-08-24T03:00:00.000000",18.1302814483643
"PC","2026-08-24T04:00:00.000000",18.1370429992676
"PC","2026-08-24T05:00:00.000000",18.1433906555176
"PC","2026-08-24T06:00:00.000000",18.1537837982178
"PC","2026-08-24T07:00:00.000000",18.1637935638428
"PC","2026-08-24T08:00:00.000000",18.1763095855713
"PC","2026-08-24T09:00:00.000000",18.1774768829346
"PC","2026-08-24T10:00:00.000000",18.1729984283447
"PC","2026-08-24T11:00:00.000000",18.1668262481689
"PC","2026-08-24T12:00:00.000000",18.1607456207275
"PC","2026-08-24T13:00:00.000000",18.1571788787842
"PC","2026-08-24T14:00:00.000000",18.1571083068848
"PC","2026-08-24T15:00:00.000000",18.1609992980957
"PC","2026-08-24T16:00:00.000000",18.1661643981934
"PC","2026-08-24T17:00:00.000000",18.1695785522461
"PC","2026-08-24T18:00:00.000000",18.1724796295166
"PC","2026-08-24T19:00:00.000000",18.1748657226562
"PC","2026-08-24T20:00:00.000000",18.1774463653564
"PC","2026-08-24T21:00:00.000000",18.1879100799561
"PC","2026-08-24T22:00:00.000000",18.2000331878662
"PC","2026-08-24T23:00:00.000000",18.205041885376
"PC","2026-08-25T00:00:00.000000",18.2063484191895
"PC","2026-08-25T01:00:00.000000",18.2073440551758
"PC","2026-08-25T02:00:00.000000",18.2076930999756
"PC","2026-08-25T03:00:00.000000",18.2101573944092
"PC","2026-08-25T04:00:00.000000",18.2139053344727
"PC","2026-08-25T05:00:00.000000",18.2187976837158
"PC","2026-08-25T06:00:00.000000",18.2223606109619
"PC","2026-08-25T07:00:00.000000",18.2248287200928
"PC","2026-08-25T08:00:00.000000",18.2262268066406
"PC","2026-08-25T09:00:00.000000",18.2308597564697
"PC","2026-08-25T10:00:00.000000",18.2358474731445
"PC","2026-08-25T11:00:00.000000",18.2395191192627
"PC","2026-08-25T12:00:00.000000",18.2413959503174
"PC","2026-08-25T13:00:00.000000",18.2432899475098
"PC","2026-08-25T14:00:00.000000",18.2452602386475
"PC","2026-08-25T15:00:00.000000",18.2480220794678
"PC","2026-08-25T16:00:00.000000",18.2528667449951
"PC","2026-08-25T17:00:00.000000",18.2575187683105
"PC","2026-08-25T18:00:00.000000",18.260612487793
"PC","2026-08-25T19:00:00.000000",18.2643299102783
"PC","2026-08-25T20:00:00.000000",18.2681922912598
"PC","2026-08-25T21:00:00.000000",18.2763633728027
"PC","2026-08-25T22:00:00.000000",18.2865314483643
"PC","2026-08-25T23:00:00.000000",18.2887916564941
"PC","2026-08-26T00:00:00.000000",18.2843341827393
"PC","2026-08-26T01:00:00.000000",18.2777290344238
"PC","2026-08-26T02:00:00.000000",18.2683734893799
"PC","2026-08-26T03:00:00.000000",18.2544574737549
"PC","2026-08-26T04:00:00.000000",18.2497291564941
"PC","2026-08-26T05:00:00.000000",18.2529239654541
"PC","2026-08-26T06:00:00.000000",18.259786605835
"PC","2026-08-26T07:00:00.000000",18.2687015533447
"PC","2026-08-26T08:00:00.000000",18.2773132324219
"PC","2026-08-26T09:00:00.000000",18.2825622558594
"PC","2026-08-26T10:00:00.000000",18.2874965667725
"PC","2026-08-26T11:00:00.000000",18.2874202728271
"PC","2026-08-26T12:00:00.000000",18.2795734405518
"PC","2026-08-26T13:00:00.000000",18.2679672241211
"PC","2026-08-26T14:00:00.000000",18.2583179473877
"PC","2026-08-26T15:00:00.000000",18.2482929229736
"PC","2026-08-26T16:00:00.000000",18.245174407959
"PC","2026-08-26T17:00:00.000000",18.251277923584
"PC","2026-08-26T18:00:00.000000",18.2607097625732
"PC","2026-08-26T19:00:00.000000",18.2693862915039
"PC","2026-08-26T20:00:00.000000",18.2797908782959
"PC","2026-08-26T21:00:00.000000",18.2895622253418
"PC","2026-08-26T22:00:00.000000",18.3000450134277
"PC","2026-08-26T23:00:00.000000",18.2999801635742
"PC","2026-08-27T00:00:00.000000",18.2846488952637
"PV","2026-08-19T00:00:00.000000",17.5291576385498
"PV","2026-08-19T01:00:00.000000",17.658073425293
"PV","2026-08-19T02:00:00.000000",17.6590118408203
"PV","2026-08-19T03:00:00.000000",16.4231338500977
"PV","2026-08-19T04:00:00.000000",15.7949409484863
"PV","2026-08-19T05:00:00.000000",15.4924097061157
"PV","2026-08-19T06:00:00.000000",15.4561910629272
"PV","2026-08-19T07:00:00.000000",15.3695278167725
"PV","2026-08-19T08:00:00.000000",15.3411388397217
"PV","2026-08-19T09:00:00.000000",15.4190397262573
"PV","2026-08-19T10:00:00.000000",15.6331472396851
"PV","2026-08-19T11:00:00.000000",16.0181865692139
"PV","2026-08-19T12:00:00.000000",16.2839698791504
"PV","2026-08-19T13:00:00.000000",16.2597503662109
"PV","2026-08-19T14:00:00.000000",16.1388034820557
"PV","2026-08-19T15:00:00.000000",15.8065900802612
"PV","2026-08-19T16:00:00.000000",15.2854852676392
"PV","2026-08-19T17:00:00.000000",15.2899522781372
"PV","2026-08-19T18:00:00.000000",15.3133897781372
"PV","2026-08-19T19:00:00.000000",15.4245471954346
"PV","2026-08-19T20:00:00.000000",15.8373146057129
"PV","2026-08-19T21:00:00.000000",16.7994384765625
"PV","2026-08-19T22:00:00.000000",17.7141666412354
"PV","2026-08-19T23:00:00.000000",18.1845016479492
"PV","2026-08-20T00:00:00.000000",18.6180572509766
"PV","2026-08-20T01:00:00.000000",18.5815620422363
"PV","2026-08-20T02:00:00.000000",18.4776344299316
"PV","2026-08-20T03:00:00.000000",17.8580722808838
"PV","2026-08-20T04:00:00.000000",16.7037162780762
"PV","2026-08-20T05:00:00.000000",15.6648759841919
"PV","2026-08-20T06:00:00.000000",15.4721670150757
"PV","2026-08-20T07:00:00.000000",15.4242715835571
"PV","2026-08-20T08:00:00.000000",15.3532524108887
"PV","2026-08-20T09:00:00.000000",15.3416576385498
"PV","2026-08-20T10:00:00.000000",15.3948135375977
"PV","2026-08-20T11:00:00.000000",15.6390438079834
"PV","2026-08-20T12:00:00.000000",15.9604005813599
"PV","2026-08-20T13:00:00.000000",16.0654029846191
"PV","2026-08-20T14:00:00.000000",16.0725326538086
"PV","2026-08-20T15:00:00.000000",15.998366355896
"PV","2026-08-20T16:00:00.000000",15.7801895141602
"PV","2026-08-20T17:00:00.000000",15.3542356491089
"PV","2026-08-20T18:00:00.000000",15.3316078186035
"PV","2026-08-20T19:00:00.000000",15.3402185440063
"PV","2026-08-20T20:00:00.000000",15.3765106201172
"PV","2026-08-20T21:00:00.000000",15.5209970474243
"PV","2026-08-20T22:00:00.000000",15.6513996124268
"PV","2026-08-20T23:00:00.000000",15.7232494354248
"PV","2026-08-21T00:00:00.000000",15.8968868255615
"PV","2026-08-21T01:00:00.000000",15.9835710525513
"PV","2026-08-21T02:00:00.000000",15.9655075073242
"PV","2026-08-21T03:00:00.000000",15.8894357681274
"PV","2026-08-21T04:00:00.000000",15.6771297454834
"PV","2026-08-21T05:00:00.000000",14.9594669342041
"PV","2026-08-21T06:00:00.000000",14.7648811340332
"PV","2026-08-21T07:00:00.000000",14.7371625900269
"PV","2026-08-21T08:00:00.000000",14.7378187179565
"PV","2026-08-21T09:00:00.000000",14.727108001709
"PV","2026-08-21T10:00:00.000000",14.7135047912598
"PV","2026-08-21T11:00:00.000000",14.7532358169556
"PV","2026-08-21T12:00:00.000000",14.9927673339844
"PV","2026-08-21T13:00:00.000000",15.2036914825439
"PV","2026-08-21T14:00:00.000000",15.2635488510132
"PV","2026-08-21T15:00:00.000000",15.271017074585
"PV","2026-08-21T16:00:00.000000",15.2807531356812
"PV","2026-08-21T17:00:00.000000",15.4749402999878
"PV","2026-08-21T18:00:00.000000",15.7548217773438
"PV","2026-08-21T19:00:00.000000",16.1383018493652
"PV","2026-08-21T20:00:00.000000",16.3731880187988
"PV","2026-08-21T21:00:00.000000",16.6531429290771
"PV","2026-08-21T22:00:00.000000",16.7269477844238
"PV","2026-08-21T23:00:00.000000",16.7395935058594
"PV","2026-08-22T00:00:00.000000",16.6858348846436
"PV","2026-08-22T01:00:00.000000",16.8034744262695
"PV","2026-08-22T02:00:00.000000",16.7536678314209
"PV","2026-08-22T03:00:00.000000",16.7499656677246
"PV","2026-08-22T04:00:00.000000",16.7764797210693
"PV","2026-08-22T05:00:00.000000",16.5242328643799
"PV","2026-08-22T06:00:00.000000",15.6401128768921
"PV","2026-08-22T07:00:00.000000",15.3450307846069
"PV","2026-08-22T08:00:00.000000",15.2093725204468
"PV","2026-08-22T09:00:00.000000",15.135835647583
"PV","2026-08-22T10:00:00.000000",15.1254367828369
"PV","2026-08-22T11:00:00.000000",15.1887102127075
"PV","2026-08-22T12:00:00.000000",15.5242042541504
"PV","2026-08-22T13:00:00.000000",15.9722099304199
"PV","2026-08-22T14:00:00.000000",16.3968353271484
"PV","2026-08-22T15:00:00.000000",16.7890453338623
"PV","2026-08-22T16:00:00.000000",16.9902400970459
"PV","2026-08-22T17:00:00.000000",17.0415077209473
"PV","2026-08-22T18:00:00.000000",17.0046844482422
"PV","2026-08-22T19:00:00.000000",16.8873424530029
"PV","2026-08-22T20:00:00.000000",16.8447551727295
"PV","2026-08-22T21:00:00.000000",16.7571277618408
"PV","2026-08-22T22:00:00.000000",16.7062969207764
"PV","2026-08-22T23:00:00.000000",16.8797931671143
"PV","2026-08-23T00:00:00.000000",17.2570953369141
"PV","2026-08-23T01:00:00.000000",17.6011943817139
"PV","2026-08-23T02:00:00.000000",17.8119010925293
"PV","2026-08-23T03:00:00.000000",17.8969058990479
"PV","2026-08-23T04:00:00.000000",17.9327659606934
"PV","2026-08-23T05:00:00.000000",17.9072780609131
"PV","2026-08-23T06:00:00.000000",17.9078006744385
"PV","2026-08-23T07:00:00.000000",17.8405437469482
"PV","2026-08-23T08:00:00.000000",17.7133159637451
"PV","2026-08-23T09:00:00.000000",17.7137050628662
"PV","2026-08-23T10:00:00.000000",17.7472724914551
"PV","2026-08-23T11:00:00.000000",17.7930507659912
"PV","2026-08-23T12:00:00.000000",17.8373947143555
"PV","2026-08-23T13:00:00.000000",17.8839950561523
"PV","2026-08-23T14:00:00.000000",17.9450531005859
"PV","2026-08-23T15:00:00.000000",17.9487209320068
"PV","2026-08-23T16:00:00.000000",17.9247074127197
"PV","2026-08-23T17:00:00.000000",17.90478515625
"PV","2026-08-23T18:00:00.000000",17.908016204834
"PV","2026-08-23T19:00:00.000000",17.9967918395996
"PV","2026-08-23T20:00:00.000000",18.0394458770752
"PV","2026-08-23T21:00:00.000000",18.0248756408691
"PV","2026-08-23T22:00:00.000000",18.079475402832
"PV","2026-08-23T23:00:00.000000",18.2249794006348
"PV","2026-08-24T00:00:00.000000",18.497766494751
"PV","2026-08-24T01:00:00.000000",18.6886806488037
"PV","2026-08-24T02:00:00.000000",18.7870903015137
"PV","2026-08-24T03:00:00.000000",19.1771869659424
"PV","2026-08-24T04:00:00.000000",19.0812168121338
"PV","2026-08-24T05:00:00.000000",18.9670886993408
"PV","2026-08-24T06:00:00.000000",18.8751106262207
"PV","2026-08-24T07:00:00.000000",18.6000556945801
"PV","2026-08-24T08:00:00.000000",17.5966720581055
"PV","2026-08-24T09:00:00.000000",17.0271110534668
"PV","2026-08-24T10:00:00.000000",16.9587306976318
"PV","2026-08-24T11:00:00.000000",16.9249782562256
"PV","2026-08-24T12:00:00.000000",16.9138584136963
"PV","2026-08-24T13:00:00.000000",16.9532375335693
"PV","2026-08-24T14:00:00.000000",17.0341796875
"PV","2026-08-24T15:00:00.000000",17.1094150543213
"PV","2026-08-24T16:00:00.000000",17.2096424102783
"PV","2026-08-24T17:00:00.000000",17.2756290435791
"PV","2026-08-24T18:00:00.000000",17.2096672058105
"PV","2026-08-24T19:00:00.000000",17.1163883209229
"PV","2026-08-24T20:00:00.000000",16.8523864746094
"PV","2026-08-24T21:00:00.000000",16.1549911499023
"PV","2026-08-24T22:00:00.000000",16.0718097686768
"PV","2026-08-24T23:00:00.000000",16.119213104248
"PV","2026-08-25T00:00:00.000000",16.1397094726562
"PV","2026-08-25T01:00:00.000000",16.2637481689453
"PV","2026-08-25T02:00:00.000000",16.3522109985352
"PV","2026-08-25T03:00:00.000000",16.4330978393555
"PV","2026-08-25T04:00:00.000000",16.4943714141846
"PV","2026-08-25T05:00:00.000000",16.7140769958496
"PV","2026-08-25T06:00:00.000000",16.9476852416992
"PV","2026-08-25T07:00:00.000000",16.9480800628662
"PV","2026-08-25T08:00:00.000000",16.6025981903076
"PV","2026-08-25T09:00:00.000000",15.6543092727661
"PV","2026-08-25T10:00:00.000000",15.3234558105469
"PV","2026-08-25T11:00:00.000000",15.2787685394287
"PV","2026-08-25T12:00:00.000000",15.2866086959839
"PV","2026-08-25T13:00:00.000000",15.3182039260864
"PV","2026-08-25T14:00:00.000000",15.356876373291
"PV","2026-08-25T15:00:00.000000",15.5031118392944
"PV","2026-08-25T16:00:00.000000",15.7255096435547
"PV","2026-08-25T17:00:00.000000",15.8539600372314
"PV","2026-08-25T18:00:00.000000",15.8770570755005
"PV","2026-08-25T19:00:00.000000",15.8555793762207
"PV","2026-08-25T20:00:00.000000",15.79541015625
"PV","2026-08-25T21:00:00.000000",15.5445537567139
"PV","2026-08-25T22:00:00.000000",14.8748359680176
"PV","2026-08-25T23:00:00.000000",14.9556188583374
"PV","2026-08-26T00:00:00.000000",15.0150289535522
"PV","2026-08-26T01:00:00.000000",15.0584077835083
"PV","2026-08-26T02:00:00.000000",15.1287565231323
"PV","2026-08-26T03:00:00.000000",15.2450199127197
"PV","2026-08-26T04:00:00.000000",15.4004907608032
"PV","2026-08-26T05:00:00.000000",15.6001405715942
"PV","2026-08-26T06:00:00.000000",15.7517690658569
"PV","2026-08-26T07:00:00.000000",15.7058944702148
"PV","2026-08-26T08:00:00.000000",15.6084823608398
"PV","2026-08-26T09:00:00.000000",15.2494649887085
"PV","2026-08-26T10:00:00.000000",14.5383882522583
"PV","2026-08-26T11:00:00.000000",14.5500326156616
"PV","2026-08-26T12:00:00.000000",14.5843839645386
"PV","2026-08-26T13:00:00.000000",14.6317300796509
"PV","2026-08-26T14:00:00.000000",14.6991949081421
"PV","2026-08-26T15:00:00.000000",14.7795486450195
"PV","2026-08-26T16:00:00.000000",15.0242147445679
"PV","2026-08-26T17:00:00.000000",15.3612194061279
"PV","2026-08-26T18:00:00.000000",15.4917850494385
"PV","2026-08-26T19:00:00.000000",15.4771223068237
"PV","2026-08-26T20:00:00.000000",15.4485759735107
"PV","2026-08-26T21:00:00.000000",15.4278345108032
"PV","2026-08-26T22:00:00.000000",15.3580389022827
"PV","2026-08-26T23:00:00.000000",15.6146764755249
"PV","2026-08-27T00:00:00.000000",15.6311855316162
"SH","2026-08-19T00:00:00.000000",15.6344499588013
"SH","2026-08-19T01:00:00.000000",15.9352903366089
"SH","2026-08-19T02:00:00.000000",16.2095775604248
"SH","2026-08-19T03:00:00.000000",16.192195892334
"SH","2026-08-19T04:00:00.000000",15.8992872238159
"SH","2026-08-19T05:00:00.000000",15.3259906768799
"SH","2026-08-19T06:00:00.000000",14.9169263839722
"SH","2026-08-19T07:00:00.000000",14.6617279052734
"SH","2026-08-19T08:00:00.000000",14.5207262039185
"SH","2026-08-19T09:00:00.000000",14.5380811691284
"SH","2026-08-19T10:00:00.000000",14.8209295272827
"SH","2026-08-19T11:00:00.000000",15.2211084365845
"SH","2026-08-19T12:00:00.000000",15.5119714736938
"SH","2026-08-19T13:00:00.000000",15.7817115783691
"SH","2026-08-19T14:00:00.000000",15.9228096008301
"SH","2026-08-19T15:00:00.000000",15.9372539520264
"SH","2026-08-19T16:00:00.000000",15.9280385971069
"SH","2026-08-19T17:00:00.000000",15.7461605072021
"SH","2026-08-19T18:00:00.000000",15.434476852417
"SH","2026-08-19T19:00:00.000000",15.1850967407227
"SH","2026-08-19T20:00:00.000000",15.1281280517578
"SH","2026-08-19T21:00:00.000000",15.2475681304932
"SH","2026-08-19T22:00:00.000000",15.8762149810791
"SH","2026-08-19T23:00:00.000000",16.5944652557373
"SH","2026-08-20T00:00:00.000000",16.6244945526123
"SH","2026-08-20T01:00:00.000000",16.6487102508545
"SH","2026-08-20T02:00:00.000000",16.7947673797607
"SH","2026-08-20T03:00:00.000000",16.8984336853027
"SH","2026-08-20T04:00:00.000000",16.87841796875
"SH","2026-08-20T05:00:00.000000",16.4188632965088
"SH","2026-08-20T06:00:00.000000",15.5007295608521
"SH","2026-08-20T07:00:00.000000",14.899115562439
"SH","2026-08-20T08:00:00.000000",14.5901861190796
"SH","2026-08-20T09:00:00.000000",14.4740018844604
"SH","2026-08-20T10:00:00.000000",14.5321063995361
"SH","2026-08-20T11:00:00.000000",14.9804201126099
"SH","2026-08-20T12:00:00.000000",15.4353141784668
"SH","2026-08-20T13:00:00.000000",15.6754913330078
"SH","2026-08-20T14:00:00.000000",15.7935590744019
"SH","2026-08-20T15:00:00.000000",15.838508605957
"SH","2026-08-20T16:00:00.000000",15.8717184066772
"SH","2026-08-20T17:00:00.000000",15.85227394104
"SH","2026-08-20T18:00:00.000000",15.4858589172363
"SH","2026-08-20T19:00:00.000000",15.0268898010254
"SH","2026-08-20T20:00:00.000000",14.7170820236206
"SH","2026-08-20T21:00:00.000000",14.6035013198853
"SH","2026-08-20T22:00:00.000000",14.6352767944336
"SH","2026-08-20T23:00:00.000000",14.9887323379517
"SH","2026-08-21T00:00:00.000000",15.5696115493774
"SH","2026-08-21T01:00:00.000000",15.8314628601074
"SH","2026-08-21T02:00:00.000000",16.0110836029053
"SH","2026-08-21T03:00:00.000000",16.1992111206055
"SH","2026-08-21T04:00:00.000000",16.2884216308594
"SH","2026-08-21T05:00:00.000000",16.3270683288574
"SH","2026-08-21T06:00:00.000000",16.0688629150391
"SH","2026-08-21T07:00:00.000000",15.5299129486084
"SH","2026-08-21T08:00:00.000000",15.1059617996216
"SH","2026-08-21T09:00:00.000000",14.7831315994263
"SH","2026-08-21T10:00:00.000000",14.6774711608887
"SH","2026-08-21T11:00:00.000000",14.7390375137329
"SH","2026-08-21T12:00:00.000000",15.0074415206909
"SH","2026-08-21T13:00:00.000000",15.3323307037354
"SH","2026-08-21T14:00:00.000000",15.5443058013916
"SH","2026-08-21T15:00:00.000000",15.6801309585571
"SH","2026-08-21T16:00:00.000000",15.7385101318359
"SH","2026-08-21T17:00:00.000000",15.7388124465942
"SH","2026-08-21T18:00:00.000000",15.9056062698364
"SH","2026-08-21T19:00:00.000000",16.2578372955322
"SH","2026-08-21T20:00:00.000000",16.4226036071777
"SH","2026-08-21T21:00:00.000000",16.4475936889648
"SH","2026-08-21T22:00:00.000000",16.503755569458
"SH","2026-08-21T23:00:00.000000",16.7771644592285
"SH","2026-08-22T00:00:00.000000",17.3389492034912
"SH","2026-08-22T01:00:00.000000",17.9321975708008
"SH","2026-08-22T02:00:00.000000",17.8224945068359
"SH","2026-08-22T03:00:00.000000",17.7285938262939
"SH","2026-08-22T04:00:00.000000",17.6806259155273
"SH","2026-08-22T05:00:00.000000",17.6350421905518
"SH","2026-08-22T06:00:00.000000",17.6003761291504
"SH","2026-08-22T07:00:00.000000",17.641695022583
"SH","2026-08-22T08:00:00.000000",17.6331462860107
"SH","2026-08-22T09:00:00.000000",17.6824588775635
"SH","2026-08-22T10:00:00.000000",17.7859382629395
"SH","2026-08-22T11:00:00.000000",17.8668766021729
"SH","2026-08-22T12:00:00.000000",17.9401531219482
"SH","2026-08-22T13:00:00.000000",18.1073741912842
"SH","2026-08-22T14:00:00.000000",18.0616340637207
"SH","2026-08-22T15:00:00.000000",18.011173248291
"SH","2026-08-22T16:00:00.000000",17.9645900726318
"SH","2026-08-22T17:00:00.000000",17.9212036132812
"SH","2026-08-22T18:00:00.000000",17.8979949951172
"SH","2026-08-22T19:00:00.000000",17.957405090332
"SH","2026-08-22T20:00:00.000000",17.9397506713867
"SH","2026-08-22T21:00:00.000000",17.7962436676025
"SH","2026-08-22T22:00:00.000000",17.6796855926514
"SH","2026-08-22T23:00:00.000000",17.6893119812012
"SH","2026-08-23T00:00:00.000000",17.8358058929443
"SH","2026-08-23T01:00:00.000000",18.1394119262695
"SH","2026-08-23T02:00:00.000000",18.2978515625
"SH","2026-08-23T03:00:00.000000",18.2796268463135
"SH","2026-08-23T04:00:00.000000",18.1746311187744
"SH","2026-08-23T05:00:00.000000",18.0869007110596
"SH","2026-08-23T06:00:00.000000",18.0506553649902
"SH","2026-08-23T07:00:00.000000",18.0171928405762
"SH","2026-08-23T08:00:00.000000",17.9801979064941
"SH","2026-08-23T09:00:00.000000",17.6555843353271
"SH","2026-08-23T10:00:00.000000",17.3621501922607
"SH","2026-08-23T11:00:00.000000",17.1319999694824
"SH","2026-08-23T12:00:00.000000",17.0855808258057
"SH","2026-08-23T13:00:00.000000",17.2684211730957
"SH","2026-08-23T14:00:00.000000",17.6248016357422
"SH","2026-08-23T15:00:00.000000",17.8083820343018
"SH","2026-08-23T16:00:00.000000",17.8401832580566
"SH","2026-08-23T17:00:00.000000",17.8661422729492
"SH","2026-08-23T18:00:00.000000",17.8839874267578
"SH","2026-08-23T19:00:00.000000",17.8742923736572
"SH","2026-08-23T20:00:00.000000",17.8074073791504
"SH","2026-08-23T21:00:00.000000",17.5438842773438
"SH","2026-08-23T22:00:00.000000",17.3364353179932
"SH","2026-08-23T23:00:00.000000",17.2457008361816
"SH","2026-08-24T00:00:00.000000",17.1803684234619
"SH","2026-08-24T01:00:00.000000",17.2056732177734
"SH","2026-08-24T02:00:00.000000",17.4617900848389
"SH","2026-08-24T03:00:00.000000",17.6288909912109
"SH","2026-08-24T04:00:00.000000",17.6866416931152
"SH","2026-08-24T05:00:00.000000",17.7426452636719
"SH","2026-08-24T06:00:00.000000",17.8172149658203
"SH","2026-08-24T07:00:00.000000",17.8407878875732
"SH","2026-08-24T08:00:00.000000",17.8250427246094
"SH","2026-08-24T09:00:00.000000",17.572151184082
"SH","2026-08-24T10:00:00.000000",16.7258815765381
"SH","2026-08-24T11:00:00.000000",16.0641975402832
"SH","2026-08-24T12:00:00.000000",15.6486530303955
"SH","2026-08-24T13:00:00.000000",15.5101337432861
"SH","2026-08-24T14:00:00.000000",15.6071081161499
"SH","2026-08-24T15:00:00.000000",15.9497003555298
"SH","2026-08-24T16:00:00.000000",16.0703392028809
"SH","2026-08-24T17:00:00.000000",16.0699520111084
"SH","2026-08-24T18:00:00.000000",16.0820827484131
"SH","2026-08-24T19:00:00.000000",16.1070823669434
"SH","2026-08-24T20:00:00.000000",16.2099113464355
"SH","2026-08-24T21:00:00.000000",16.3794059753418
"SH","2026-08-24T22:00:00.000000",16.2167110443115
"SH","2026-08-24T23:00:00.000000",15.9576854705811
"SH","2026-08-25T00:00:00.000000",15.8320169448853
"SH","2026-08-25T01:00:00.000000",15.8319807052612
"SH","2026-08-25T02:00:00.000000",15.8340215682983
"SH","2026-08-25T03:00:00.000000",16.0706119537354
"SH","2026-08-25T04:00:00.000000",16.3615245819092
"SH","2026-08-25T05:00:00.000000",16.5804748535156
"SH","2026-08-25T06:00:00.000000",16.7797794342041
"SH","2026-08-25T07:00:00.000000",16.8810977935791
"SH","2026-08-25T08:00:00.000000",16.9179000854492
"SH","2026-08-25T09:00:00.000000",16.90016746521
"SH","2026-08-25T10:00:00.000000",16.4936180114746
"SH","2026-08-25T11:00:00.000000",15.7655839920044
"SH","2026-08-25T12:00:00.000000",15.3350496292114
"SH","2026-08-25T13:00:00.000000",15.1343698501587
"SH","2026-08-25T14:00:00.000000",15.0747232437134
"SH","2026-08-25T15:00:00.000000",15.1899747848511
"SH","2026-08-25T16:00:00.000000",15.5315589904785
"SH","2026-08-25T17:00:00.000000",15.7968769073486
"SH","2026-08-25T18:00:00.000000",15.8502111434937
"SH","2026-08-25T19:00:00.000000",15.8732204437256
"SH","2026-08-25T20:00:00.000000",15.8730888366699
"SH","2026-08-25T21:00:00.000000",15.8551206588745
"SH","2026-08-25T22:00:00.000000",15.7609405517578
"SH","2026-08-25T23:00:00.000000",15.529242515564
"SH","2026-08-26T00:00:00.000000",15.3913497924805
"SH","2026-08-26T01:00:00.000000",15.3202085494995
"SH","2026-08-26T02:00:00.000000",15.2996463775635
"SH","2026-08-26T03:00:00.000000",15.3319025039673
"SH","2026-08-26T04:00:00.000000",15.6303176879883
"SH","2026-08-26T05:00:00.000000",15.8966178894043
"SH","2026-08-26T06:00:00.000000",16.1883316040039
"SH","2026-08-26T07:00:00.000000",16.4299335479736
"SH","2026-08-26T08:00:00.000000",16.5171451568604
"SH","2026-08-26T09:00:00.000000",16.5440158843994
"SH","2026-08-26T10:00:00.000000",16.3139343261719
"SH","2026-08-26T11:00:00.000000",15.641658782959
"SH","2026-08-26T12:00:00.000000",15.207839012146
"SH","2026-08-26T13:00:00.000000",15.0212574005127
"SH","2026-08-26T14:00:00.000000",14.9463720321655
"SH","2026-08-26T15:00:00.000000",14.9615621566772
"SH","2026-08-26T16:00:00.000000",15.0764064788818
"SH","2026-08-26T17:00:00.000000",15.3260545730591
"SH","2026-08-26T18:00:00.000000",15.5667724609375
"SH","2026-08-26T19:00:00.000000",15.6868915557861
"SH","2026-08-26T20:00:00.000000",15.7755908966064
"SH","2026-08-26T21:00:00.000000",15.7902193069458
"SH","2026-08-26T22:00:00.000000",15.7799758911133
"SH","2026-08-26T23:00:00.000000",15.6464920043945
"SH","2026-08-27T00:00:00.000000",15.4084281921387
"WB","2026-08-19T00:00:00.000000",16.8345432281494
"WB","2026-08-19T01:00:00.000000",16.8155899047852
"WB","2026-08-19T02:00:00.000000",16.6801528930664
"WB","2026-08-19T03:00:00.000000",16.6014175415039
"WB","2026-08-19T04:00:00.000000",16.7591552734375
"WB","2026-08-19T05:00:00.000000",16.7590675354004
"WB","2026-08-19T06:00:00.000000",16.6059093475342
"WB","2026-08-19T07:00:00.000000",16.425163269043
"WB","2026-08-19T08:00:00.000000",16.3029937744141
"WB","2026-08-19T09:00:00.000000",16.2273788452148
"WB","2026-08-19T10:00:00.000000",16.2297115325928
"WB","2026-08-19T11:00:00.000000",16.2631969451904
"WB","2026-08-19T12:00:00.000000",16.2237243652344
"WB","2026-08-19T13:00:00.000000",16.1806964874268
"WB","2026-08-19T14:00:00.000000",16.1487312316895
"WB","2026-08-19T15:00:00.000000",16.0954666137695
"WB","2026-08-19T16:00:00.000000",16.0301761627197
"WB","2026-08-19T17:00:00.000000",16.0179672241211
"WB","2026-08-19T18:00:00.000000",16.0124855041504
"WB","2026-08-19T19:00:00.000000",16.0182285308838
"WB","2026-08-19T20:00:00.000000",16.071418762207
"WB","2026-08-19T21:00:00.000000",16.2421951293945
"WB","2026-08-19T22:00:00.000000",16.6968746185303
"WB","2026-08-19T23:00:00.000000",17.4309749603271
"WB","2026-08-20T00:00:00.000000",18.1422119140625
"WB","2026-08-20T01:00:00.000000",18.115062713623
"WB","2026-08-20T02:00:00.000000",17.8040828704834
"WB","2026-08-20T03:00:00.000000",17.441951751709
"WB","2026-08-20T04:00:00.000000",17.2858505249023
"WB","2026-08-20T05:00:00.000000",17.4293766021729
"WB","2026-08-20T06:00:00.000000",17.2440128326416
"WB","2026-08-20T07:00:00.000000",16.9147186279297
"WB","2026-08-20T08:00:00.000000",16.6503257751465
"WB","2026-08-20T09:00:00.000000",16.4677085876465
"WB","2026-08-20T10:00:00.000000",16.3552951812744
"WB","2026-08-20T11:00:00.000000",16.3217010498047
"WB","2026-08-20T12:00:00.000000",16.3269119262695
"WB","2026-08-20T13:00:00.000000",16.3093814849854
"WB","2026-08-20T14:00:00.000000",16.2723617553711
"WB","2026-08-20T15:00:00.000000",16.2144680023193
"WB","2026-08-20T16:00:00.000000",16.1111850738525
"WB","2026-08-20T17:00:00.000000",16.0113697052002
"WB","2026-08-20T18:00:00.000000",15.9546184539795
"WB","2026-08-20T19:00:00.000000",15.9279413223267
"WB","2026-08-20T20:00:00.000000",15.8698482513428
"WB","2026-08-20T21:00:00.000000",15.7939338684082
"WB","2026-08-20T22:00:00.000000",15.7406129837036
"WB","2026-08-20T23:00:00.000000",15.7587814331055
"WB","2026-08-21T00:00:00.000000",15.8128318786621
"WB","2026-08-21T01:00:00.000000",15.8361778259277
"WB","2026-08-21T02:00:00.000000",15.8314943313599
"WB","2026-08-21T03:00:00.000000",15.8173055648804
"WB","2026-08-21T04:00:00.000000",15.7366256713867
"WB","2026-08-21T05:00:00.000000",15.6481962203979
"WB","2026-08-21T06:00:00.000000",15.5864706039429
"WB","2026-08-21T07:00:00.000000",15.5240879058838
"WB","2026-08-21T08:00:00.000000",15.4397792816162
"WB","2026-08-21T09:00:00.000000",15.3591022491455
"WB","2026-08-21T10:00:00.000000",15.3106861114502
"WB","2026-08-21T11:00:00.000000",15.2915086746216
"WB","2026-08-21T12:00:00.000000",15.3046321868896
"WB","2026-08-21T13:00:00.000000",15.3120994567871
"WB","2026-08-21T14:00:00.000000",15.3106813430786
"WB","2026-08-21T15:00:00.000000",15.3198490142822
"WB","2026-08-21T16:00:00.000000",15.3365411758423
"WB","2026-08-21T17:00:00.000000",15.3483552932739
"WB","2026-08-21T18:00:00.000000",15.3922710418701
"WB","2026-08-21T19:00:00.000000",15.6748332977295
"WB","2026-08-21T20:00:00.000000",16.1999778747559
"WB","2026-08-21T21:00:00.000000",16.4849510192871
"WB","2026-08-21T22:00:00.000000",16.7248706817627
"WB","2026-08-21T23:00:00.000000",16.9571800231934
"WB","2026-08-22T00:00:00.000000",17.3323211669922
"WB","2026-08-22T01:00:00.000000",17.4871826171875
"WB","2026-08-22T02:00:00.000000",17.4787502288818
"WB","2026-08-22T03:00:00.000000",17.4409523010254
"WB","2026-08-22T04:00:00.000000",17.3238983154297
"WB","2026-08-22T05:00:00.000000",17.3221187591553
"WB","2026-08-22T06:00:00.000000",17.6646213531494
"WB","2026-08-22T07:00:00.000000",18.4510078430176
"WB","2026-08-22T08:00:00.000000",18.1569213867188
"WB","2026-08-22T09:00:00.000000",17.8088302612305
"WB","2026-08-22T10:00:00.000000",17.5534019470215
"WB","2026-08-22T11:00:00.000000",17.4287128448486
"WB","2026-08-22T12:00:00.000000",17.4928302764893
"WB","2026-08-22T13:00:00.000000",17.9005813598633
"WB","2026-08-22T14:00:00.000000",18.2958831787109
"WB","2026-08-22T15:00:00.000000",18.4995212554932
"WB","2026-08-22T16:00:00.000000",18.544340133667
"WB","2026-08-22T17:00:00.000000",18.5125522613525
"WB","2026-08-22T18:00:00.000000",18.5785903930664
"WB","2026-08-22T19:00:00.000000",18.5489501953125
"WB","2026-08-22T20:00:00.000000",18.3878383636475
"WB","2026-08-22T21:00:00.000000",18.2386054992676
"WB","2026-08-22T22:00:00.000000",18.1455688476562
"WB","2026-08-22T23:00:00.000000",18.123462677002
"WB","2026-08-23T00:00:00.000000",18.1841678619385
"WB","2026-08-23T01:00:00.000000",18.3385105133057
"WB","2026-08-23T02:00:00.000000",18.5452861785889
"WB","2026-08-23T03:00:00.000000",18.7486972808838
"WB","2026-08-23T04:00:00.000000",18.9000949859619
"WB","2026-08-23T05:00:00.000000",18.9936904907227
"WB","2026-08-23T06:00:00.000000",19.0185737609863
"WB","2026-08-23T07:00:00.000000",18.9931545257568
"WB","2026-08-23T08:00:00.000000",19.0726852416992
"WB","2026-08-23T09:00:00.000000",19.0819053649902
"WB","2026-08-23T10:00:00.000000",19.039083480835
"WB","2026-08-23T11:00:00.000000",18.9625644683838
"WB","2026-08-23T12:00:00.000000",18.9045810699463
"WB","2026-08-23T13:00:00.000000",18.9872875213623
"WB","2026-08-23T14:00:00.000000",19.2397994995117
"WB","2026-08-23T15:00:00.000000",19.3588695526123
"WB","2026-08-23T16:00:00.000000",19.4174308776855
"WB","2026-08-23T17:00:00.000000",19.448392868042
"WB","2026-08-23T18:00:00.000000",19.4517097473145
"WB","2026-08-23T19:00:00.000000",19.3551597595215
"WB","2026-08-23T20:00:00.000000",19.22776222229
"WB","2026-08-23T21:00:00.000000",19.2203216552734
"WB","2026-08-23T22:00:00.000000",19.5027236938477
"WB","2026-08-23T23:00:00.000000",19.4358062744141
"WB","2026-08-24T00:00:00.000000",19.2898254394531
"WB","2026-08-24T01:00:00.000000",19.1903247833252
"WB","2026-08-24T02:00:00.000000",19.154727935791
"WB","2026-08-24T03:00:00.000000",19.1312656402588
"WB","2026-08-24T04:00:00.000000",18.9868335723877
"WB","2026-08-24T05:00:00.000000",18.7734718322754
"WB","2026-08-24T06:00:00.000000",18.5582885742188
"WB","2026-08-24T07:00:00.000000",18.3453578948975
"WB","2026-08-24T08:00:00.000000",18.1598720550537
"WB","2026-08-24T09:00:00.000000",18.0430603027344
"WB","2026-08-24T10:00:00.000000",17.9238910675049
"WB","2026-08-24T11:00:00.000000",17.8100090026855
"WB","2026-08-24T12:00:00.000000",17.6957244873047
"WB","2026-08-24T13:00:00.000000",17.6302223205566
"WB","2026-08-24T14:00:00.000000",17.6399307250977
"WB","2026-08-24T15:00:00.000000",17.7150611877441
"WB","2026-08-24T16:00:00.000000",17.8064842224121
"WB","2026-08-24T17:00:00.000000",17.8696155548096
"WB","2026-08-24T18:00:00.000000",17.8808078765869
"WB","2026-08-24T19:00:00.000000",17.8489780426025
"WB","2026-08-24T20:00:00.000000",17.7560844421387
"WB","2026-08-24T21:00:00.000000",17.6300659179688
"WB","2026-08-24T22:00:00.000000",17.5073757171631
"WB","2026-08-24T23:00:00.000000",17.4209461212158
"WB","2026-08-25T00:00:00.000000",17.3389549255371
"WB","2026-08-25T01:00:00.000000",17.2807674407959
"WB","2026-08-25T02:00:00.000000",17.2286491394043
"WB","2026-08-25T03:00:00.000000",17.2360897064209
"WB","2026-08-25T04:00:00.000000",17.2655067443848
"WB","2026-08-25T05:00:00.000000",17.3072185516357
"WB","2026-08-25T06:00:00.000000",17.4476413726807
"WB","2026-08-25T07:00:00.000000",17.3699512481689
"WB","2026-08-25T08:00:00.000000",17.1853790283203
"WB","2026-08-25T09:00:00.000000",16.9342555999756
"WB","2026-08-25T10:00:00.000000",16.7307243347168
"WB","2026-08-25T11:00:00.000000",16.5275554656982
"WB","2026-08-25T12:00:00.000000",16.3479061126709
"WB","2026-08-25T13:00:00.000000",16.2114276885986
"WB","2026-08-25T14:00:00.000000",16.1270866394043
"WB","2026-08-25T15:00:00.000000",16.1306686401367
"WB","2026-08-25T16:00:00.000000",16.1798477172852
"WB","2026-08-25T17:00:00.000000",16.2309646606445
"WB","2026-08-25T18:00:00.000000",16.252124786377
"WB","2026-08-25T19:00:00.000000",16.2274475097656
"WB","2026-08-25T20:00:00.000000",16.1618041992188
"WB","2026-08-25T21:00:00.000000",16.0366191864014
"WB","2026-08-25T22:00:00.000000",15.9463443756104
"WB","2026-08-25T23:00:00.000000",15.9059314727783
"WB","2026-08-26T00:00:00.000000",15.8787889480591
"WB","2026-08-26T01:00:00.000000",15.8589782714844
"WB","2026-08-26T02:00:00.000000",15.8456430435181
"WB","2026-08-26T03:00:00.000000",15.8526411056519
"WB","2026-08-26T04:00:00.000000",15.8869333267212
"WB","2026-08-26T05:00:00.000000",15.9071207046509
"WB","2026-08-26T06:00:00.000000",15.9057340621948
"WB","2026-08-26T07:00:00.000000",15.8687047958374
"WB","2026-08-26T08:00:00.000000",15.8143444061279
"WB","2026-08-26T09:00:00.000000",15.7493124008179
"WB","2026-08-26T10:00:00.000000",15.6770162582397
"WB","2026-08-26T11:00:00.000000",15.6131000518799
"WB","2026-08-26T12:00:00.000000",15.5566272735596
"WB","2026-08-26T13:00:00.000000",15.5095319747925
"WB","2026-08-26T14:00:00.000000",15.4844169616699
"WB","2026-08-26T15:00:00.000000",15.491925239563
"WB","2026-08-26T16:00:00.000000",15.5421266555786
"WB","2026-08-26T17:00:00.000000",15.5876388549805
"WB","2026-08-26T18:00:00.000000",15.6236715316772
"WB","2026-08-26T19:00:00.000000",15.6862754821777
"WB","2026-08-26T20:00:00.000000",15.7735795974731
"WB","2026-08-26T21:00:00.000000",15.8348684310913
"WB","2026-08-26T22:00:00.000000",15.8293123245239
"WB","2026-08-26T23:00:00.000000",15.7880935668945
"WB","2026-08-27T00:00:00.000000",15.7443199157715
"CL","2026-08-19T00:00:00.000000",21.4380931854248
"CL","2026-08-19T01:00:00.000000",21.2356090545654
"CL","2026-08-19T02:00:00.000000",21.1777725219727
"CL","2026-08-19T03:00:00.000000",21.1628570556641
"CL","2026-08-19T04:00:00.000000",21.1617012023926
"CL","2026-08-19T05:00:00.000000",21.1590709686279
"CL","2026-08-19T06:00:00.000000",21.1712188720703
"CL","2026-08-19T07:00:00.000000",21.1933708190918
"CL","2026-08-19T08:00:00.000000",21.2338466644287
"CL","2026-08-19T09:00:00.000000",21.324010848999
"CL","2026-08-19T10:00:00.000000",21.3628807067871
"CL","2026-08-19T11:00:00.000000",21.3512229919434
"CL","2026-08-19T12:00:00.000000",21.3938121795654
"CL","2026-08-19T13:00:00.000000",21.2563705444336
"CL","2026-08-19T14:00:00.000000",21.1327228546143
"CL","2026-08-19T15:00:00.000000",21.1442050933838
"CL","2026-08-19T16:00:00.000000",21.1561946868896
"CL","2026-08-19T17:00:00.000000",21.1727733612061
"CL","2026-08-19T18:00:00.000000",21.19162940979
"CL","2026-08-19T19:00:00.000000",21.203556060791
"CL","2026-08-19T20:00:00.000000",21.2217044830322
"CL","2026-08-19T21:00:00.000000",21.2502059936523
"CL","2026-08-19T22:00:00.000000",21.3170700073242
"CL","2026-08-19T23:00:00.000000",21.3493366241455
"CL","2026-08-20T00:00:00.000000",21.4067363739014
"CL","2026-08-20T01:00:00.000000",21.4400520324707
"CL","2026-08-20T02:00:00.000000",21.3879508972168
"CL","2026-08-20T03:00:00.000000",21.4955883026123
"CL","2026-08-20T04:00:00.000000",21.6220684051514
"CL","2026-08-20T05:00:00.000000",21.6100559234619
"CL","2026-08-20T06:00:00.000000",21.6311721801758
"CL","2026-08-20T07:00:00.000000",21.6133327484131
"CL","2026-08-20T08:00:00.000000",21.5704555511475
"CL","2026-08-20T09:00:00.000000",21.511791229248
"CL","2026-08-20T10:00:00.000000",21.5102424621582
"CL","2026-08-20T11:00:00.000000",21.5256004333496
"CL","2026-08-20T12:00:00.000000",21.523609161377
"CL","2026-08-20T13:00:00.000000",21.5262870788574
"CL","2026-08-20T14:00:00.000000",21.7192726135254
"CL","2026-08-20T15:00:00.000000",21.7628364562988
"CL","2026-08-20T16:00:00.000000",21.7646236419678
"CL","2026-08-20T17:00:00.000000",21.7538833618164
"CL","2026-08-20T18:00:00.000000",21.7447414398193
"CL","2026-08-20T19:00:00.000000",21.7462940216064
"CL","2026-08-20T20:00:00.000000",21.7695541381836
"CL","2026-08-20T21:00:00.000000",21.7906703948975
"CL","2026-08-20T22:00:00.000000",21.7943115234375
"CL","2026-08-20T23:00:00.000000",21.7888011932373
"CL","2026-08-21T00:00:00.000000",21.7625427246094
"CL","2026-08-21T01:00:00.000000",21.7198963165283
"CL","2026-08-21T02:00:00.000000",21.6966514587402
"CL","2026-08-21T03:00:00.000000",21.7007884979248
"CL","2026-08-21T04:00:00.000000",21.4788856506348
"CL","2026-08-21T05:00:00.000000",21.452844619751
"CL","2026-08-21T06:00:00.000000",21.4531898498535
"CL","2026-08-21T07:00:00.000000",21.4407749176025
"CL","2026-08-21T08:00:00.000000",21.4523468017578
"CL","2026-08-21T09:00:00.000000",21.4646224975586
"CL","2026-08-21T10:00:00.000000",21.5979595184326
"CL","2026-08-21T11:00:00.000000",21.6214218139648
"CL","2026-08-21T12:00:00.000000",21.6172733306885
"CL","2026-08-21T13:00:00.000000",21.6128158569336
"CL","2026-08-21T14:00:00.000000",21.5695953369141
"CL","2026-08-21T15:00:00.000000",21.3292388916016
"CL","2026-08-21T16:00:00.000000",21.3616962432861
"CL","2026-08-21T17:00:00.000000",21.3969211578369
"CL","2026-08-21T18:00:00.000000",21.4121990203857
"CL","2026-08-21T19:00:00.000000",21.419017791748
"CL","2026-08-21T20:00:00.000000",21.4224128723145
"CL","2026-08-21T21:00:00.000000",21.4228553771973
"CL","2026-08-21T22:00:00.000000",21.4156150817871
"CL","2026-08-21T23:00:00.000000",21.400297164917
"CL","2026-08-22T00:00:00.000000",21.4087066650391
"CL","2026-08-22T01:00:00.000000",21.4868392944336
"CL","2026-08-22T02:00:00.000000",21.5492553710938
"CL","2026-08-22T03:00:00.000000",21.5032234191895
"CL","2026-08-22T04:00:00.000000",21.472864151001
"CL","2026-08-22T05:00:00.000000",21.4752902984619
"CL","2026-08-22T06:00:00.000000",21.4809417724609
"CL","2026-08-22T07:00:00.000000",21.4859580993652
"CL","2026-08-22T08:00:00.000000",21.4821033477783
"CL","2026-08-22T09:00:00.000000",21.4850254058838
"CL","2026-08-22T10:00:00.000000",21.480619430542
"CL","2026-08-22T11:00:00.000000",21.481689453125
"CL","2026-08-22T12:00:00.000000",21.4922275543213
"CL","2026-08-22T13:00:00.000000",21.5052585601807
"CL","2026-08-22T14:00:00.000000",21.5042419433594
"CL","2026-08-22T15:00:00.000000",21.5135364532471
"CL","2026-08-22T16:00:00.000000",21.518726348877
"CL","2026-08-22T17:00:00.000000",21.533727645874
"CL","2026-08-22T18:00:00.000000",21.5436534881592
"CL","2026-08-22T19:00:00.000000",21.5500087738037
"CL","2026-08-22T20:00:00.000000",21.5529670715332
"CL","2026-08-22T21:00:00.000000",21.5549087524414
"CL","2026-08-22T22:00:00.000000",21.5586948394775
"CL","2026-08-22T23:00:00.000000",21.561466217041
"CL","2026-08-23T00:00:00.000000",21.561580657959
"CL","2026-08-23T01:00:00.000000",21.5577564239502
"CL","2026-08-23T02:00:00.000000",21.5561237335205
"CL","2026-08-23T03:00:00.000000",21.5559253692627
"CL","2026-08-23T04:00:00.000000",21.5559635162354
"CL","2026-08-23T05:00:00.000000",21.556619644165
"CL","2026-08-23T06:00:00.000000",21.5588512420654
"CL","2026-08-23T07:00:00.000000",21.5699634552002
"CL","2026-08-23T08:00:00.000000",21.5728397369385
"CL","2026-08-23T09:00:00.000000",21.5734119415283
"CL","2026-08-23T10:00:00.000000",21.5682029724121
"CL","2026-08-23T11:00:00.000000",21.5606784820557
"CL","2026-08-23T12:00:00.000000",21.5522365570068
"CL","2026-08-23T13:00:00.000000",21.5525875091553
"CL","2026-08-23T14:00:00.000000",21.5563888549805
"CL","2026-08-23T15:00:00.000000",21.5569152832031
"CL","2026-08-23T16:00:00.000000",21.5585460662842
"CL","2026-08-23T17:00:00.000000",21.5368061065674
"CL","2026-08-23T18:00:00.000000",21.57399559021
"CL","2026-08-23T19:00:00.000000",21.5993423461914
"CL","2026-08-23T20:00:00.000000",21.627555847168
"CL","2026-08-23T21:00:00.000000",21.645414352417
"CL","2026-08-23T22:00:00.000000",21.6523323059082
"CL","2026-08-23T23:00:00.000000",21.6403980255127
"CL","2026-08-24T00:00:00.000000",21.614688873291
"CL","2026-08-24T01:00:00.000000",21.5999870300293
"CL","2026-08-24T02:00:00.000000",21.5970916748047
"CL","2026-08-24T03:00:00.000000",21.5958843231201
"CL","2026-08-24T04:00:00.000000",21.5947494506836
"CL","2026-08-24T05:00:00.000000",21.5945930480957
"CL","2026-08-24T06:00:00.000000",21.5957775115967
"CL","2026-08-24T07:00:00.000000",21.5969009399414
"CL","2026-08-24T08:00:00.000000",21.5954189300537
"CL","2026-08-24T09:00:00.000000",21.5971164703369
"CL","2026-08-24T10:00:00.000000",21.6010913848877
"CL","2026-08-24T11:00:00.000000",21.5983657836914
"CL","2026-08-24T12:00:00.000000",21.5964241027832
"CL","2026-08-24T13:00:00.000000",21.5963516235352
"CL","2026-08-24T14:00:00.000000",21.6036529541016
"CL","2026-08-24T15:00:00.000000",21.6187210083008
"CL","2026-08-24T16:00:00.000000",21.6197757720947
"CL","2026-08-24T17:00:00.000000",21.6290988922119
"CL","2026-08-24T18:00:00.000000",21.6289234161377
"CL","2026-08-24T19:00:00.000000",21.6096725463867
"CL","2026-08-24T20:00:00.000000",21.6132564544678
"CL","2026-08-24T21:00:00.000000",21.6320972442627
"CL","2026-08-24T22:00:00.000000",21.6478633880615
"CL","2026-08-24T23:00:00.000000",21.6585884094238
"CL","2026-08-25T00:00:00.000000",21.6556377410889
"CL","2026-08-25T01:00:00.000000",21.6407165527344
"CL","2026-08-25T02:00:00.000000",21.6418800354004
"CL","2026-08-25T03:00:00.000000",21.6516895294189
"CL","2026-08-25T04:00:00.000000",21.6532211303711
"CL","2026-08-25T05:00:00.000000",21.6544570922852
"CL","2026-08-25T06:00:00.000000",21.6533737182617
"CL","2026-08-25T07:00:00.000000",21.6769638061523
"CL","2026-08-25T08:00:00.000000",21.6694526672363
"CL","2026-08-25T09:00:00.000000",21.6404132843018
"CL","2026-08-25T10:00:00.000000",21.6309852600098
"CL","2026-08-25T11:00:00.000000",21.6298885345459
"CL","2026-08-25T12:00:00.000000",21.6475944519043
"CL","2026-08-25T13:00:00.000000",21.6668148040771
"CL","2026-08-25T14:00:00.000000",21.6698551177979
"CL","2026-08-25T15:00:00.000000",21.6729106903076
"CL","2026-08-25T16:00:00.000000",21.6801948547363
"CL","2026-08-25T17:00:00.000000",21.669469833374
"CL","2026-08-25T18:00:00.000000",21.6768550872803
"CL","2026-08-25T19:00:00.000000",21.4902210235596
"CL","2026-08-25T20:00:00.000000",21.4764728546143
"CL","2026-08-25T21:00:00.000000",21.4834442138672
"CL","2026-08-25T22:00:00.000000",21.5122470855713
"CL","2026-08-25T23:00:00.000000",21.5483303070068
"CL","2026-08-26T00:00:00.000000",21.5362110137939
"CL","2026-08-26T01:00:00.000000",21.5023670196533
"CL","2026-08-26T02:00:00.000000",21.4864864349365
"CL","2026-08-26T03:00:00.000000",21.5525379180908
"CL","2026-08-26T04:00:00.000000",21.6295051574707
"CL","2026-08-26T05:00:00.000000",21.655948638916
"CL","2026-08-26T06:00:00.000000",21.6740322113037
"CL","2026-08-26T07:00:00.000000",21.4821548461914
"CL","2026-08-26T08:00:00.000000",21.3277530670166
"CL","2026-08-26T09:00:00.000000",21.224401473999
"CL","2026-08-26T10:00:00.000000",21.1624965667725
"CL","2026-08-26T11:00:00.000000",21.1266574859619
"CL","2026-08-26T12:00:00.000000",21.1468391418457
"CL","2026-08-26T13:00:00.000000",21.1891536712646
"CL","2026-08-26T14:00:00.000000",21.2922286987305
"CL","2026-08-26T15:00:00.000000",21.551607131958
"CL","2026-08-26T16:00:00.000000",21.6575813293457
"CL","2026-08-26T17:00:00.000000",21.6755676269531
"CL","2026-08-26T18:00:00.000000",21.6227493286133
"CL","2026-08-26T19:00:00.000000",21.0675849914551
"CL","2026-08-26T20:00:00.000000",20.9649829864502
"CL","2026-08-26T21:00:00.000000",20.9551830291748
"CL","2026-08-26T22:00:00.000000",20.9791679382324
"CL","2026-08-26T23:00:00.000000",21.0160160064697
"CL","2026-08-27T00:00:00.000000",21.0401020050049
"FG","2026-08-19T00:00:00.000000",22.4473419189453
"FG","2026-08-19T01:00:00.000000",22.4459781646729
"FG","2026-08-19T02:00:00.000000",22.0578784942627
"FG","2026-08-19T03:00:00.000000",22.0422077178955
"FG","2026-08-19T04:00:00.000000",22.073823928833
"FG","2026-08-19T05:00:00.000000",22.3255310058594
"FG","2026-08-19T06:00:00.000000",22.530403137207
"FG","2026-08-19T07:00:00.000000",22.6391181945801
"FG","2026-08-19T08:00:00.000000",22.7177543640137
"FG","2026-08-19T09:00:00.000000",22.7441577911377
"FG","2026-08-19T10:00:00.000000",22.3080902099609
"FG","2026-08-19T11:00:00.000000",22.1313781738281
"FG","2026-08-19T12:00:00.000000",22.3508281707764
"FG","2026-08-19T13:00:00.000000",22.479455947876
"FG","2026-08-19T14:00:00.000000",22.0784320831299
"FG","2026-08-19T15:00:00.000000",22.0500564575195
"FG","2026-08-19T16:00:00.000000",22.0367679595947
"FG","2026-08-19T17:00:00.000000",22.1699504852295
"FG","2026-08-19T18:00:00.000000",22.4435062408447
"FG","2026-08-19T19:00:00.000000",22.5971775054932
"FG","2026-08-19T20:00:00.000000",22.676197052002
"FG","2026-08-19T21:00:00.000000",22.7264060974121
"FG","2026-08-19T22:00:00.000000",22.724983215332
"FG","2026-08-19T23:00:00.000000",22.3109359741211
"FG","2026-08-20T00:00:00.000000",22.3556499481201
"FG","2026-08-20T01:00:00.000000",22.593505859375
"FG","2026-08-20T02:00:00.000000",22.5855693817139
"FG","2026-08-20T03:00:00.000000",22.2084617614746
"FG","2026-08-20T04:00:00.000000",22.2703971862793
"FG","2026-08-20T05:00:00.000000",22.3058300018311
"FG","2026-08-20T06:00:00.000000",22.5776424407959
"FG","2026-08-20T07:00:00.000000",22.6962623596191
"FG","2026-08-20T08:00:00.000000",22.7438468933105
"FG","2026-08-20T09:00:00.000000",22.7872295379639
"FG","2026-08-20T10:00:00.000000",22.8049221038818
"FG","2026-08-20T11:00:00.000000",22.5463924407959
"FG","2026-08-20T12:00:00.000000",22.327127456665
"FG","2026-08-20T13:00:00.000000",22.4494400024414
"FG","2026-08-20T14:00:00.000000",22.5059432983398
"FG","2026-08-20T15:00:00.000000",22.2301063537598
"FG","2026-08-20T16:00:00.000000",22.251091003418
"FG","2026-08-20T17:00:00.000000",22.2823696136475
"FG","2026-08-20T18:00:00.000000",22.5759525299072
"FG","2026-08-20T19:00:00.000000",22.7179145812988
"FG","2026-08-20T20:00:00.000000",22.7985496520996
"FG","2026-08-20T21:00:00.000000",22.8186111450195
"FG","2026-08-20T22:00:00.000000",22.8300514221191
"FG","2026-08-20T23:00:00.000000",22.8172760009766
"FG","2026-08-21T00:00:00.000000",22.4205532073975
"FG","2026-08-21T01:00:00.000000",22.5083465576172
"FG","2026-08-21T02:00:00.000000",22.6884212493896
"FG","2026-08-21T03:00:00.000000",22.5763130187988
"FG","2026-08-21T04:00:00.000000",22.2821006774902
"FG","2026-08-21T05:00:00.000000",22.2426300048828
"FG","2026-08-21T06:00:00.000000",22.4687099456787
"FG","2026-08-21T07:00:00.000000",22.6386032104492
"FG","2026-08-21T08:00:00.000000",22.7265663146973
"FG","2026-08-21T09:00:00.000000",22.7265663146973
"FG","2026-08-21T10:00:00.000000",22.7364120483398
"FG","2026-08-21T11:00:00.000000",22.7375087738037
"FG","2026-08-21T12:00:00.000000",22.6053447723389
"FG","2026-08-21T13:00:00.000000",22.3618755340576
"FG","2026-08-21T14:00:00.000000",22.4663467407227
"FG","2026-08-21T15:00:00.000000",22.4521427154541
"FG","2026-08-21T16:00:00.000000",22.3522338867188
"FG","2026-08-21T17:00:00.000000",22.2294597625732
"FG","2026-08-21T18:00:00.000000",22.1930484771729
"FG","2026-08-21T19:00:00.000000",22.2906360626221
"FG","2026-08-21T20:00:00.000000",22.4439506530762
"FG","2026-08-21T21:00:00.000000",22.5736198425293
"FG","2026-08-21T22:00:00.000000",22.6050300598145
"FG","2026-08-21T23:00:00.000000",22.654748916626
"FG","2026-08-22T00:00:00.000000",22.7164916992188
"FG","2026-08-22T01:00:00.000000",22.7555236816406
"FG","2026-08-22T02:00:00.000000",22.7581233978271
"FG","2026-08-22T03:00:00.000000",22.3808612823486
"FG","2026-08-22T04:00:00.000000",22.4179420471191
"FG","2026-08-22T05:00:00.000000",22.4730968475342
"FG","2026-08-22T06:00:00.000000",22.5482482910156
"FG","2026-08-22T07:00:00.000000",22.6538200378418
"FG","2026-08-22T08:00:00.000000",22.7361965179443
"FG","2026-08-22T09:00:00.000000",22.570556640625
"FG","2026-08-22T10:00:00.000000",22.7152118682861
"FG","2026-08-22T11:00:00.000000",22.8727626800537
"FG","2026-08-22T12:00:00.000000",22.8746891021729
"FG","2026-08-22T13:00:00.000000",22.6130924224854
"FG","2026-08-22T14:00:00.000000",22.6140670776367
"FG","2026-08-22T15:00:00.000000",22.6838073730469
"FG","2026-08-22T16:00:00.000000",22.5477066040039
"FG","2026-08-22T17:00:00.000000",22.4564323425293
"FG","2026-08-22T18:00:00.000000",22.3306446075439
"FG","2026-08-22T19:00:00.000000",22.2011833190918
"FG","2026-08-22T20:00:00.000000",22.3347549438477
"FG","2026-08-22T21:00:00.000000",22.5294723510742
"FG","2026-08-22T22:00:00.000000",22.6072120666504
"FG","2026-08-22T23:00:00.000000",22.7332973480225
"FG","2026-08-23T00:00:00.000000",22.8107395172119
"FG","2026-08-23T01:00:00.000000",22.8225231170654
"FG","2026-08-23T02:00:00.000000",22.3545551300049
"FG","2026-08-23T03:00:00.000000",22.5990772247314
"FG","2026-08-23T04:00:00.000000",22.5432033538818
"FG","2026-08-23T05:00:00.000000",22.4622211456299
"FG","2026-08-23T06:00:00.000000",22.2809219360352
"FG","2026-08-23T07:00:00.000000",22.3713111877441
"FG","2026-08-23T08:00:00.000000",22.4214000701904
"FG","2026-08-23T09:00:00.000000",22.596076965332
"FG","2026-08-23T10:00:00.000000",22.6913681030273
"FG","2026-08-23T11:00:00.000000",22.7455654144287
"FG","2026-08-23T12:00:00.000000",22.8069553375244
"FG","2026-08-23T13:00:00.000000",22.8223476409912
"FG","2026-08-23T14:00:00.000000",22.4478454589844
"FG","2026-08-23T15:00:00.000000",22.2961025238037
"FG","2026-08-23T16:00:00.000000",22.5151710510254
"FG","2026-08-23T17:00:00.000000",22.5195846557617
"FG","2026-08-23T18:00:00.000000",22.4343738555908
"FG","2026-08-23T19:00:00.000000",22.2653312683105
"FG","2026-08-23T20:00:00.000000",22.2787551879883
"FG","2026-08-23T21:00:00.000000",22.3076667785645
"FG","2026-08-23T22:00:00.000000",22.6133995056152
"FG","2026-08-23T23:00:00.000000",22.8185482025146
"FG","2026-08-24T00:00:00.000000",22.9117736816406
"FG","2026-08-24T01:00:00.000000",22.9471836090088
"FG","2026-08-24T02:00:00.000000",22.9503231048584
"FG","2026-08-24T03:00:00.000000",22.7306652069092
"FG","2026-08-24T04:00:00.000000",22.6725044250488
"FG","2026-08-24T05:00:00.000000",22.7385101318359
"FG","2026-08-24T06:00:00.000000",22.6391906738281
"FG","2026-08-24T07:00:00.000000",22.4951705932617
"FG","2026-08-24T08:00:00.000000",22.4915142059326
"FG","2026-08-24T09:00:00.000000",22.5954608917236
"FG","2026-08-24T10:00:00.000000",22.8053741455078
"FG","2026-08-24T11:00:00.000000",22.8930435180664
"FG","2026-08-24T12:00:00.000000",22.9388313293457
"FG","2026-08-24T13:00:00.000000",22.9796924591064
"FG","2026-08-24T14:00:00.000000",23.0099334716797
"FG","2026-08-24T15:00:00.000000",22.7611312866211
"FG","2026-08-24T16:00:00.000000",22.551139831543
"FG","2026-08-24T17:00:00.000000",22.5926895141602
"FG","2026-08-24T18:00:00.000000",22.5443286895752
"FG","2026-08-24T19:00:00.000000",22.5058116912842
"FG","2026-08-24T20:00:00.000000",22.4082164764404
"FG","2026-08-24T21:00:00.000000",22.3730087280273
"FG","2026-08-24T22:00:00.000000",22.4821891784668
"FG","2026-08-24T23:00:00.000000",22.6706008911133
"FG","2026-08-25T00:00:00.000000",22.8794898986816
"FG","2026-08-25T01:00:00.000000",23.009256362915
"FG","2026-08-25T02:00:00.000000",23.0616912841797
"FG","2026-08-25T03:00:00.000000",23.0834045410156
"FG","2026-08-25T04:00:00.000000",22.7273426055908
"FG","2026-08-25T05:00:00.000000",22.679838180542
"FG","2026-08-25T06:00:00.000000",22.6879100799561
"FG","2026-08-25T07:00:00.000000",22.49631690979
"FG","2026-08-25T08:00:00.000000",22.4547805786133
"FG","2026-08-25T09:00:00.000000",22.4286403656006
"FG","2026-08-25T10:00:00.000000",22.6007022857666
"FG","2026-08-25T11:00:00.000000",22.7806243896484
"FG","2026-08-25T12:00:00.000000",22.9155960083008
"FG","2026-08-25T13:00:00.000000",23.0031299591064
"FG","2026-08-25T14:00:00.000000",23.0588302612305
"FG","2026-08-25T15:00:00.000000",23.0901927947998
"FG","2026-08-25T16:00:00.000000",22.8228454589844
"FG","2026-08-25T17:00:00.000000",22.819091796875
"FG","2026-08-25T18:00:00.000000",22.6433219909668
"FG","2026-08-25T19:00:00.000000",22.7296619415283
"FG","2026-08-25T20:00:00.000000",22.6740875244141
"FG","2026-08-25T21:00:00.000000",22.4705257415771
"FG","2026-08-25T22:00:00.000000",22.4596977233887
"FG","2026-08-25T23:00:00.000000",22.6089859008789
"FG","2026-08-26T00:00:00.000000",22.8381004333496
"FG","2026-08-26T01:00:00.000000",23.1172199249268
"FG","2026-08-26T02:00:00.000000",23.2142314910889
"FG","2026-08-26T03:00:00.000000",23.2509059906006
"FG","2026-08-26T04:00:00.000000",23.207088470459
"FG","2026-08-26T05:00:00.000000",22.7597427368164
"FG","2026-08-26T06:00:00.000000",22.8220672607422
"FG","2026-08-26T07:00:00.000000",22.8954982757568
"FG","2026-08-26T08:00:00.000000",22.7868900299072
"FG","2026-08-26T09:00:00.000000",22.6904354095459
"FG","2026-08-26T10:00:00.000000",22.5783348083496
"FG","2026-08-26T11:00:00.000000",22.6646213531494
"FG","2026-08-26T12:00:00.000000",22.8869380950928
"FG","2026-08-26T13:00:00.000000",23.1048774719238
"FG","2026-08-26T14:00:00.000000",23.2093467712402
"FG","2026-08-26T15:00:00.000000",23.2745265960693
"FG","2026-08-26T16:00:00.000000",23.2769393920898
"FG","2026-08-26T17:00:00.000000",22.7085666656494
"FG","2026-08-26T18:00:00.000000",23.0022525787354
"FG","2026-08-26T19:00:00.000000",22.9741153717041
"FG","2026-08-26T20:00:00.000000",22.8872547149658
"FG","2026-08-26T21:00:00.000000",22.6346054077148
"FG","2026-08-26T22:00:00.000000",22.1868934631348
"FG","2026-08-26T23:00:00.000000",22.2060966491699
"FG","2026-08-27T00:00:00.000000",22.6816787719727
"GI","2026-08-19T00:00:00.000000",21.4818954467773
"GI","2026-08-19T01:00:00.000000",21.45774269104
"GI","2026-08-19T02:00:00.000000",21.4347381591797
"GI","2026-08-19T03:00:00.000000",21.3821258544922
"GI","2026-08-19T04:00:00.000000",21.3108863830566
"GI","2026-08-19T05:00:00.000000",21.2791175842285
"GI","2026-08-19T06:00:00.000000",21.3251399993896
"GI","2026-08-19T07:00:00.000000",21.4088230133057
"GI","2026-08-19T08:00:00.000000",21.4753646850586
"GI","2026-08-19T09:00:00.000000",21.4945526123047
"GI","2026-08-19T10:00:00.000000",21.499382019043
"GI","2026-08-19T11:00:00.000000",21.498950958252
"GI","2026-08-19T12:00:00.000000",21.5110111236572
"GI","2026-08-19T13:00:00.000000",21.4981098175049
"GI","2026-08-19T14:00:00.000000",21.4430999755859
"GI","2026-08-19T15:00:00.000000",21.3532581329346
"GI","2026-08-19T16:00:00.000000",21.25417137146
"GI","2026-08-19T17:00:00.000000",21.2217025756836
"GI","2026-08-19T18:00:00.000000",21.2286624908447
"GI","2026-08-19T19:00:00.000000",21.2741851806641
"GI","2026-08-19T20:00:00.000000",21.4188899993896
"GI","2026-08-19T21:00:00.000000",21.5012607574463
"GI","2026-08-19T22:00:00.000000",21.5278377532959
"GI","2026-08-19T23:00:00.000000",21.5298042297363
"GI","2026-08-20T00:00:00.000000",21.5499591827393
"GI","2026-08-20T01:00:00.000000",21.5571022033691
"GI","2026-08-20T02:00:00.000000",21.5376510620117
"GI","2026-08-20T03:00:00.000000",21.5130558013916
"GI","2026-08-20T04:00:00.000000",21.4786434173584
"GI","2026-08-20T05:00:00.000000",21.4713592529297
"GI","2026-08-20T06:00:00.000000",21.4785499572754
"GI","2026-08-20T07:00:00.000000",21.4866161346436
"GI","2026-08-20T08:00:00.000000",21.5289688110352
"GI","2026-08-20T09:00:00.000000",21.5685062408447
"GI","2026-08-20T10:00:00.000000",21.5889949798584
"GI","2026-08-20T11:00:00.000000",21.5948753356934
"GI","2026-08-20T12:00:00.000000",21.5972156524658
"GI","2026-08-20T13:00:00.000000",21.6088562011719
"GI","2026-08-20T14:00:00.000000",21.5699253082275
"GI","2026-08-20T15:00:00.000000",21.5529117584229
"GI","2026-08-20T16:00:00.000000",21.6000785827637
"GI","2026-08-20T17:00:00.000000",21.6813888549805
"GI","2026-08-20T18:00:00.000000",21.7274551391602
"GI","2026-08-20T19:00:00.000000",21.7154521942139
"GI","2026-08-20T20:00:00.000000",21.6756744384766
"GI","2026-08-20T21:00:00.000000",21.6399822235107
"GI","2026-08-20T22:00:00.000000",21.6417274475098
"GI","2026-08-20T23:00:00.000000",21.6461448669434
"GI","2026-08-21T00:00:00.000000",21.6500377655029
"GI","2026-08-21T01:00:00.000000",21.6540584564209
"GI","2026-08-21T02:00:00.000000",21.6518249511719
"GI","2026-08-21T03:00:00.000000",21.6491165161133
"GI","2026-08-21T04:00:00.000000",21.6381702423096
"GI","2026-08-21T05:00:00.000000",21.6343421936035
"GI","2026-08-21T06:00:00.000000",21.6333274841309
"GI","2026-08-21T07:00:00.000000",21.633846282959
"GI","2026-08-21T08:00:00.000000",21.6247653961182
"GI","2026-08-21T09:00:00.000000",21.6180438995361
"GI","2026-08-21T10:00:00.000000",21.6101970672607
"GI","2026-08-21T11:00:00.000000",21.6046848297119
"GI","2026-08-21T12:00:00.000000",21.6008110046387
"GI","2026-08-21T13:00:00.000000",21.5999355316162
"GI","2026-08-21T14:00:00.000000",21.6005783081055
"GI","2026-08-21T15:00:00.000000",21.600643157959
"GI","2026-08-21T16:00:00.000000",21.600679397583
"GI","2026-08-21T17:00:00.000000",21.5440273284912
"GI","2026-08-21T18:00:00.000000",21.4794273376465
"GI","2026-08-21T19:00:00.000000",21.4539127349854
"GI","2026-08-21T20:00:00.000000",21.459264755249
"GI","2026-08-21T21:00:00.000000",21.478572845459
"GI","2026-08-21T22:00:00.000000",21.5802783966064
"GI","2026-08-21T23:00:00.000000",21.6031742095947
"GI","2026-08-22T00:00:00.000000",21.6075878143311
"GI","2026-08-22T01:00:00.000000",21.6110744476318
"GI","2026-08-22T02:00:00.000000",21.614429473877
"GI","2026-08-22T03:00:00.000000",21.6031646728516
"GI","2026-08-22T04:00:00.000000",21.5956649780273
"GI","2026-08-22T05:00:00.000000",21.5741157531738
"GI","2026-08-22T06:00:00.000000",21.562536239624
"GI","2026-08-22T07:00:00.000000",21.5427894592285
"GI","2026-08-22T08:00:00.000000",21.565149307251
"GI","2026-08-22T09:00:00.000000",21.5380058288574
"GI","2026-08-22T10:00:00.000000",21.5823764801025
"GI","2026-08-22T11:00:00.000000",21.5882148742676
"GI","2026-08-22T12:00:00.000000",21.6008605957031
"GI","2026-08-22T13:00:00.000000",21.600606918335
"GI","2026-08-22T14:00:00.000000",21.5943241119385
"GI","2026-08-22T15:00:00.000000",21.58420753479
"GI","2026-08-22T16:00:00.000000",21.5709457397461
"GI","2026-08-22T17:00:00.000000",21.5423812866211
"GI","2026-08-22T18:00:00.000000",21.5363845825195
"GI","2026-08-22T19:00:00.000000",21.5387516021729
"GI","2026-08-22T20:00:00.000000",21.5434074401855
"GI","2026-08-22T21:00:00.000000",21.5483703613281
"GI","2026-08-22T22:00:00.000000",21.548583984375
"GI","2026-08-22T23:00:00.000000",21.5526027679443
"GI","2026-08-23T00:00:00.000000",21.5676651000977
"GI","2026-08-23T01:00:00.000000",21.5730571746826
"GI","2026-08-23T02:00:00.000000",21.5757675170898
"GI","2026-08-23T03:00:00.000000",21.5779361724854
"GI","2026-08-23T04:00:00.000000",21.5776519775391
"GI","2026-08-23T05:00:00.000000",21.5723266601562
"GI","2026-08-23T06:00:00.000000",21.5700454711914
"GI","2026-08-23T07:00:00.000000",21.5638198852539
"GI","2026-08-23T08:00:00.000000",21.5580806732178
"GI","2026-08-23T09:00:00.000000",21.551570892334
"GI","2026-08-23T10:00:00.000000",21.5438785552979
"GI","2026-08-23T11:00:00.000000",21.5452480316162
"GI","2026-08-23T12:00:00.000000",21.5496788024902
"GI","2026-08-23T13:00:00.000000",21.55588722229
"GI","2026-08-23T14:00:00.000000",21.5534114837646
"GI","2026-08-23T15:00:00.000000",21.548376083374
"GI","2026-08-23T16:00:00.000000",21.5428562164307
"GI","2026-08-23T17:00:00.000000",21.5522384643555
"GI","2026-08-23T18:00:00.000000",21.5718364715576
"GI","2026-08-23T19:00:00.000000",21.5837821960449
"GI","2026-08-23T20:00:00.000000",21.5881385803223
"GI","2026-08-23T21:00:00.000000",21.5931015014648
"GI","2026-08-23T22:00:00.000000",21.5979118347168
"GI","2026-08-23T23:00:00.000000",21.5960273742676
"GI","2026-08-24T00:00:00.000000",21.5918273925781
"GI","2026-08-24T01:00:00.000000",21.5886554718018
"GI","2026-08-24T02:00:00.000000",21.5871906280518
"GI","2026-08-24T03:00:00.000000",21.5870132446289
"GI","2026-08-24T04:00:00.000000",21.5871620178223
"GI","2026-08-24T05:00:00.000000",21.5885009765625
"GI","2026-08-24T06:00:00.000000",21.5918979644775
"GI","2026-08-24T07:00:00.000000",21.5916042327881
"GI","2026-08-24T08:00:00.000000",21.5917816162109
"GI","2026-08-24T09:00:00.000000",21.5905990600586
"GI","2026-08-24T10:00:00.000000",21.5894794464111
"GI","2026-08-24T11:00:00.000000",21.5888996124268
"GI","2026-08-24T12:00:00.000000",21.5899333953857
"GI","2026-08-24T13:00:00.000000",21.5895957946777
"GI","2026-08-24T14:00:00.000000",21.5918769836426
"GI","2026-08-24T15:00:00.000000",21.5955505371094
"GI","2026-08-24T16:00:00.000000",21.6036777496338
"GI","2026-08-24T17:00:00.000000",21.6065254211426
"GI","2026-08-24T18:00:00.000000",21.6240386962891
"GI","2026-08-24T19:00:00.000000",21.6404647827148
"GI","2026-08-24T20:00:00.000000",21.6502170562744
"GI","2026-08-24T21:00:00.000000",21.6494808197021
"GI","2026-08-24T22:00:00.000000",21.6466045379639
"GI","2026-08-24T23:00:00.000000",21.645938873291
"GI","2026-08-25T00:00:00.000000",21.6469669342041
"GI","2026-08-25T01:00:00.000000",21.6458225250244
"GI","2026-08-25T02:00:00.000000",21.6403827667236
"GI","2026-08-25T03:00:00.000000",21.6358909606934
"GI","2026-08-25T04:00:00.000000",21.6340599060059
"GI","2026-08-25T05:00:00.000000",21.6325607299805
"GI","2026-08-25T06:00:00.000000",21.6391429901123
"GI","2026-08-25T07:00:00.000000",21.6433868408203
"GI","2026-08-25T08:00:00.000000",21.6442108154297
"GI","2026-08-25T09:00:00.000000",21.646053314209
"GI","2026-08-25T10:00:00.000000",21.6502628326416
"GI","2026-08-25T11:00:00.000000",21.6533660888672
"GI","2026-08-25T12:00:00.000000",21.6471176147461
"GI","2026-08-25T13:00:00.000000",21.643138885498
"GI","2026-08-25T14:00:00.000000",21.6398811340332
"GI","2026-08-25T15:00:00.000000",21.6407375335693
"GI","2026-08-25T16:00:00.000000",21.6486682891846
"GI","2026-08-25T17:00:00.000000",21.6583347320557
"GI","2026-08-25T18:00:00.000000",21.6657295227051
"GI","2026-08-25T19:00:00.000000",21.6884460449219
"GI","2026-08-25T20:00:00.000000",21.6606140136719
"GI","2026-08-25T21:00:00.000000",21.5559577941895
"GI","2026-08-25T22:00:00.000000",21.5227718353271
"GI","2026-08-25T23:00:00.000000",21.508264541626
"GI","2026-08-26T00:00:00.000000",21.5094738006592
"GI","2026-08-26T01:00:00.000000",21.5246448516846
"GI","2026-08-26T02:00:00.000000",21.6042709350586
"GI","2026-08-26T03:00:00.000000",21.6518211364746
"GI","2026-08-26T04:00:00.000000",21.6628322601318
"GI","2026-08-26T05:00:00.000000",21.6648330688477
"GI","2026-08-26T06:00:00.000000",21.6636981964111
"GI","2026-08-26T07:00:00.000000",21.6580772399902
"GI","2026-08-26T08:00:00.000000",21.6522617340088
"GI","2026-08-26T09:00:00.000000",21.6240615844727
"GI","2026-08-26T10:00:00.000000",21.5495319366455
"GI","2026-08-26T11:00:00.000000",21.4658546447754
"GI","2026-08-26T12:00:00.000000",21.5097675323486
"GI","2026-08-26T13:00:00.000000",21.575963973999
"GI","2026-08-26T14:00:00.000000",21.6508617401123
"GI","2026-08-26T15:00:00.000000",21.6659832000732
"GI","2026-08-26T16:00:00.000000",21.6772956848145
"GI","2026-08-26T17:00:00.000000",21.6884231567383
"GI","2026-08-26T18:00:00.000000",21.6900520324707
"GI","2026-08-26T19:00:00.000000",21.6620712280273
"GI","2026-08-26T20:00:00.000000",21.6384563446045
"GI","2026-08-26T21:00:00.000000",21.199348449707
"GI","2026-08-26T22:00:00.000000",21.0188446044922
"GI","2026-08-26T23:00:00.000000",20.9896144866943
"GI","2026-08-27T00:00:00.000000",20.9870433807373
"JB","2026-08-19T00:00:00.000000",21.833475112915
"JB","2026-08-19T01:00:00.000000",21.8024444580078
"JB","2026-08-19T02:00:00.000000",22.4518146514893
"JB","2026-08-19T03:00:00.000000",22.1410522460938
"JB","2026-08-19T04:00:00.000000",21.8523941040039
"JB","2026-08-19T05:00:00.000000",21.7768611907959
"JB","2026-08-19T06:00:00.000000",22.07102394104
"JB","2026-08-19T07:00:00.000000",22.0204410552979
"JB","2026-08-19T08:00:00.000000",21.8999404907227
"JB","2026-08-19T09:00:00.000000",21.8352756500244
"JB","2026-08-19T10:00:00.000000",21.8431129455566
"JB","2026-08-19T11:00:00.000000",22.1116027832031
"JB","2026-08-19T12:00:00.000000",21.9096946716309
"JB","2026-08-19T13:00:00.000000",21.8174705505371
"JB","2026-08-19T14:00:00.000000",21.9588928222656
"JB","2026-08-19T15:00:00.000000",22.2244720458984
"JB","2026-08-19T16:00:00.000000",21.9456195831299
"JB","2026-08-19T17:00:00.000000",21.8273410797119
"JB","2026-08-19T18:00:00.000000",21.9020023345947
"JB","2026-08-19T19:00:00.000000",22.0179767608643
"JB","2026-08-19T20:00:00.000000",21.9788360595703
"JB","2026-08-19T21:00:00.000000",21.9264221191406
"JB","2026-08-19T22:00:00.000000",21.8959846496582
"JB","2026-08-19T23:00:00.000000",21.873649597168
"JB","2026-08-20T00:00:00.000000",21.8750839233398
"JB","2026-08-20T01:00:00.000000",21.927318572998
"JB","2026-08-20T02:00:00.000000",22.0401039123535
"JB","2026-08-20T03:00:00.000000",21.967306137085
"JB","2026-08-20T04:00:00.000000",22.0218200683594
"JB","2026-08-20T05:00:00.000000",21.9615497589111
"JB","2026-08-20T06:00:00.000000",21.904691696167
"JB","2026-08-20T07:00:00.000000",22.0727787017822
"JB","2026-08-20T08:00:00.000000",22.0766506195068
"JB","2026-08-20T09:00:00.000000",22.0567741394043
"JB","2026-08-20T10:00:00.000000",22.0109405517578
"JB","2026-08-20T11:00:00.000000",21.9841194152832
"JB","2026-08-20T12:00:00.000000",22.0954856872559
"JB","2026-08-20T13:00:00.000000",22.0504112243652
"JB","2026-08-20T14:00:00.000000",21.990478515625
"JB","2026-08-20T15:00:00.000000",21.9990177154541
"JB","2026-08-20T16:00:00.000000",22.0216617584229
"JB","2026-08-20T17:00:00.000000",21.9752254486084
"JB","2026-08-20T18:00:00.000000",21.9108695983887
"JB","2026-08-20T19:00:00.000000",21.9498596191406
"JB","2026-08-20T20:00:00.000000",22.0825595855713
"JB","2026-08-20T21:00:00.000000",22.0219345092773
"JB","2026-08-20T22:00:00.000000",21.9542236328125
"JB","2026-08-20T23:00:00.000000",21.999626159668
"JB","2026-08-21T00:00:00.000000",22.3839111328125
"JB","2026-08-21T01:00:00.000000",22.2513389587402
"JB","2026-08-21T02:00:00.000000",22.0409832000732
"JB","2026-08-21T03:00:00.000000",21.9814949035645
"JB","2026-08-21T04:00:00.000000",22.3453350067139
"JB","2026-08-21T05:00:00.000000",22.2355728149414
"JB","2026-08-21T06:00:00.000000",22.0543365478516
"JB","2026-08-21T07:00:00.000000",21.9990463256836
"JB","2026-08-21T08:00:00.000000",22.1482372283936
"JB","2026-08-21T09:00:00.000000",22.1126079559326
"JB","2026-08-21T10:00:00.000000",22.0478477478027
"JB","2026-08-21T11:00:00.000000",22.0714206695557
"JB","2026-08-21T12:00:00.000000",22.075475692749
"JB","2026-08-21T13:00:00.000000",22.1908264160156
"JB","2026-08-21T14:00:00.000000",22.1698760986328
"JB","2026-08-21T15:00:00.000000",22.0566921234131
"JB","2026-08-21T16:00:00.000000",22.0231742858887
"JB","2026-08-21T17:00:00.000000",22.1720657348633
"JB","2026-08-21T18:00:00.000000",22.1712265014648
"JB","2026-08-21T19:00:00.000000",22.0617923736572
"JB","2026-08-21T20:00:00.000000",22.1376419067383
"JB","2026-08-21T21:00:00.000000",22.2868690490723
"JB","2026-08-21T22:00:00.000000",22.2905960083008
"JB","2026-08-21T23:00:00.000000",22.0594501495361
"JB","2026-08-22T00:00:00.000000",22.0733051300049
"JB","2026-08-22T01:00:00.000000",22.0627479553223
"JB","2026-08-22T02:00:00.000000",22.0031700134277
"JB","2026-08-22T03:00:00.000000",22.0196189880371
"JB","2026-08-22T04:00:00.000000",22.1404228210449
"JB","2026-08-22T05:00:00.000000",22.0770893096924
"JB","2026-08-22T06:00:00.000000",22.0014400482178
"JB","2026-08-22T07:00:00.000000",22.0086460113525
"JB","2026-08-22T08:00:00.000000",22.1064128875732
"JB","2026-08-22T09:00:00.000000",22.1085071563721
"JB","2026-08-22T10:00:00.000000",22.0039463043213
"JB","2026-08-22T11:00:00.000000",21.9958896636963
"JB","2026-08-22T12:00:00.000000",22.0434322357178
"JB","2026-08-22T13:00:00.000000",22.0262031555176
"JB","2026-08-22T14:00:00.000000",22.1825847625732
"JB","2026-08-22T15:00:00.000000",22.059118270874
"JB","2026-08-22T16:00:00.000000",21.9705448150635
"JB","2026-08-22T17:00:00.000000",22.0674362182617
"JB","2026-08-22T18:00:00.000000",22.2793350219727
"JB","2026-08-22T19:00:00.000000",22.0385284423828
"JB","2026-08-22T20:00:00.000000",21.9253597259521
"JB","2026-08-22T21:00:00.000000",21.9866981506348
"JB","2026-08-22T22:00:00.000000",22.1223697662354
"JB","2026-08-22T23:00:00.000000",22.0364265441895
"JB","2026-08-23T00:00:00.000000",21.9800910949707
"JB","2026-08-23T01:00:00.000000",21.9671669006348
"JB","2026-08-23T02:00:00.000000",21.9657440185547
"JB","2026-08-23T03:00:00.000000",22.1613254547119
"JB","2026-08-23T04:00:00.000000",22.0783004760742
"JB","2026-08-23T05:00:00.000000",21.96337890625
"JB","2026-08-23T06:00:00.000000",22.0833320617676
"JB","2026-08-23T07:00:00.000000",22.1870155334473
"JB","2026-08-23T08:00:00.000000",22.0301189422607
"JB","2026-08-23T09:00:00.000000",21.9701728820801
"JB","2026-08-23T10:00:00.000000",22.1050586700439
"JB","2026-08-23T11:00:00.000000",22.2312526702881
"JB","2026-08-23T12:00:00.000000",22.0826930999756
"JB","2026-08-23T13:00:00.000000",22.0148010253906
"JB","2026-08-23T14:00:00.000000",22.0553207397461
"JB","2026-08-23T15:00:00.000000",22.4241027832031
"JB","2026-08-23T16:00:00.000000",22.1895980834961
"JB","2026-08-23T17:00:00.000000",22.0376453399658
"JB","2026-08-23T18:00:00.000000",22.0293083190918
"JB","2026-08-23T19:00:00.000000",22.0605411529541
"JB","2026-08-23T20:00:00.000000",22.0275650024414
"JB","2026-08-23T21:00:00.000000",21.993049621582
"JB","2026-08-23T22:00:00.000000",22.0387725830078
"JB","2026-08-23T23:00:00.000000",22.0711879730225
"JB","2026-08-24T00:00:00.000000",22.0656089782715
"JB","2026-08-24T01:00:00.000000",22.0608768463135
"JB","2026-08-24T02:00:00.000000",22.0660572052002
"JB","2026-08-24T03:00:00.000000",22.065896987915
"JB","2026-08-24T04:00:00.000000",22.092887878418
"JB","2026-08-24T05:00:00.000000",22.174861907959
"JB","2026-08-24T06:00:00.000000",22.203031539917
"JB","2026-08-24T07:00:00.000000",22.1503295898438
"JB","2026-08-24T08:00:00.000000",22.1516418457031
"JB","2026-08-24T09:00:00.000000",22.1516494750977
"JB","2026-08-24T10:00:00.000000",22.1679210662842
"JB","2026-08-24T11:00:00.000000",22.2432823181152
"JB","2026-08-24T12:00:00.000000",22.25217628479
"JB","2026-08-24T13:00:00.000000",22.286808013916
"JB","2026-08-24T14:00:00.000000",22.2585544586182
"JB","2026-08-24T15:00:00.000000",22.2019634246826
"JB","2026-08-24T16:00:00.000000",22.3975772857666
"JB","2026-08-24T17:00:00.000000",22.3472366333008
"JB","2026-08-24T18:00:00.000000",22.2624340057373
"JB","2026-08-24T19:00:00.000000",22.2195529937744
"JB","2026-08-24T20:00:00.000000",22.2049617767334
"JB","2026-08-24T21:00:00.000000",22.1780529022217
"JB","2026-08-24T22:00:00.000000",22.1360130310059
"JB","2026-08-24T23:00:00.000000",22.1304721832275
"JB","2026-08-25T00:00:00.000000",22.2098770141602
"JB","2026-08-25T01:00:00.000000",22.2704029083252
"JB","2026-08-25T02:00:00.000000",22.2582683563232
"JB","2026-08-25T03:00:00.000000",22.2254428863525
"JB","2026-08-25T04:00:00.000000",22.1874580383301
"JB","2026-08-25T05:00:00.000000",22.2639827728271
"JB","2026-08-25T06:00:00.000000",22.2696723937988
"JB","2026-08-25T07:00:00.000000",22.3064193725586
"JB","2026-08-25T08:00:00.000000",22.3463821411133
"JB","2026-08-25T09:00:00.000000",22.3451519012451
"JB","2026-08-25T10:00:00.000000",22.2440986633301
"JB","2026-08-25T11:00:00.000000",22.2534332275391
"JB","2026-08-25T12:00:00.000000",22.3566417694092
"JB","2026-08-25T13:00:00.000000",22.3173599243164
"JB","2026-08-25T14:00:00.000000",22.2769756317139
"JB","2026-08-25T15:00:00.000000",22.2724475860596
"JB","2026-08-25T16:00:00.000000",22.2665901184082
"JB","2026-08-25T17:00:00.000000",22.4357109069824
"JB","2026-08-25T18:00:00.000000",22.3569869995117
"JB","2026-08-25T19:00:00.000000",22.2709007263184
"JB","2026-08-25T20:00:00.000000",22.2094955444336
"JB","2026-08-25T21:00:00.000000",22.1692352294922
"JB","2026-08-25T22:00:00.000000",22.1403923034668
"JB","2026-08-25T23:00:00.000000",22.0804347991943
"JB","2026-08-26T00:00:00.000000",22.0552005767822
"JB","2026-08-26T01:00:00.000000",22.232723236084
"JB","2026-08-26T02:00:00.000000",22.2594413757324
"JB","2026-08-26T03:00:00.000000",22.1551399230957
"JB","2026-08-26T04:00:00.000000",22.0731658935547
"JB","2026-08-26T05:00:00.000000",22.1864833831787
"JB","2026-08-26T06:00:00.000000",22.2841529846191
"JB","2026-08-26T07:00:00.000000",22.2627372741699
"JB","2026-08-26T08:00:00.000000",22.2540111541748
"JB","2026-08-26T09:00:00.000000",22.2618846893311
"JB","2026-08-26T10:00:00.000000",22.0922451019287
"JB","2026-08-26T11:00:00.000000",22.0499401092529
"JB","2026-08-26T12:00:00.000000",22.0329971313477
"JB","2026-08-26T13:00:00.000000",22.2395172119141
"JB","2026-08-26T14:00:00.000000",22.2251834869385
"JB","2026-08-26T15:00:00.000000",22.0917415618896
"JB","2026-08-26T16:00:00.000000",21.9997940063477
"JB","2026-08-26T17:00:00.000000",22.4123096466064
"JB","2026-08-26T18:00:00.000000",22.1914520263672
"JB","2026-08-26T19:00:00.000000",21.8658695220947
"JB","2026-08-26T20:00:00.000000",21.6892890930176
"JB","2026-08-26T21:00:00.000000",21.6447868347168
"JB","2026-08-26T22:00:00.000000",21.6353454589844
"JB","2026-08-26T23:00:00.000000",21.4476833343506
"JB","2026-08-27T00:00:00.000000",21.1917037963867
NA,"2026-08-19T00:00:00.000000",20.8313503265381
NA,"2026-08-19T01:00:00.000000",20.8416175842285
NA,"2026-08-19T02:00:00.000000",20.8495903015137
NA,"2026-08-19T03:00:00.000000",20.8475379943848
NA,"2026-08-19T04:00:00.000000",20.8399448394775
NA,"2026-08-19T05:00:00.000000",20.8245162963867
NA,"2026-08-19T06:00:00.000000",20.8180065155029
NA,"2026-08-19T07:00:00.000000",20.7874717712402
NA,"2026-08-19T08:00:00.000000",20.770149230957
NA,"2026-08-19T09:00:00.000000",20.7777729034424
NA,"2026-08-19T10:00:00.000000",20.7978057861328
NA,"2026-08-19T11:00:00.000000",20.8235855102539
NA,"2026-08-19T12:00:00.000000",20.8486843109131
NA,"2026-08-19T13:00:00.000000",20.8671112060547
NA,"2026-08-19T14:00:00.000000",20.880069732666
NA,"2026-08-19T15:00:00.000000",20.8698596954346
NA,"2026-08-19T16:00:00.000000",20.8173217773438
NA,"2026-08-19T17:00:00.000000",20.8054218292236
NA,"2026-08-19T18:00:00.000000",20.7844944000244
NA,"2026-08-19T19:00:00.000000",20.7542953491211
NA,"2026-08-19T20:00:00.000000",20.7505550384521
NA,"2026-08-19T21:00:00.000000",20.7581729888916
NA,"2026-08-19T22:00:00.000000",20.7800273895264
NA,"2026-08-19T23:00:00.000000",20.8171443939209
NA,"2026-08-20T00:00:00.000000",20.8506336212158
NA,"2026-08-20T01:00:00.000000",20.8765697479248
NA,"2026-08-20T02:00:00.000000",20.9041557312012
NA,"2026-08-20T03:00:00.000000",20.9243469238281
NA,"2026-08-20T04:00:00.000000",20.9367389678955
NA,"2026-08-20T05:00:00.000000",20.9398918151855
NA,"2026-08-20T06:00:00.000000",20.9285106658936
NA,"2026-08-20T07:00:00.000000",20.9106101989746
NA,"2026-08-20T08:00:00.000000",20.9094657897949
NA,"2026-08-20T09:00:00.000000",20.9128723144531
NA,"2026-08-20T10:00:00.000000",20.9291439056396
NA,"2026-08-20T11:00:00.000000",20.9513072967529
NA,"2026-08-20T12:00:00.000000",20.9683094024658
NA,"2026-08-20T13:00:00.000000",20.9766731262207
NA,"2026-08-20T14:00:00.000000",20.9767322540283
NA,"2026-08-20T15:00:00.000000",20.9739246368408
NA,"2026-08-20T16:00:00.000000",20.96022605896
NA,"2026-08-20T17:00:00.000000",20.9607391357422
NA,"2026-08-20T18:00:00.000000",20.9640045166016
NA,"2026-08-20T19:00:00.000000",20.9356327056885
NA,"2026-08-20T20:00:00.000000",20.8791332244873
NA,"2026-08-20T21:00:00.000000",20.8428440093994
NA,"2026-08-20T22:00:00.000000",20.829610824585
NA,"2026-08-20T23:00:00.000000",20.8269290924072
NA,"2026-08-21T00:00:00.000000",20.8343524932861
NA,"2026-08-21T01:00:00.000000",20.8598804473877
NA,"2026-08-21T02:00:00.000000",20.8972587585449
NA,"2026-08-21T03:00:00.000000",20.9299335479736
NA,"2026-08-21T04:00:00.000000",20.951473236084
NA,"2026-08-21T05:00:00.000000",20.9620132446289
NA,"2026-08-21T06:00:00.000000",20.9587211608887
NA,"2026-08-21T07:00:00.000000",20.9227924346924
NA,"2026-08-21T08:00:00.000000",20.8822040557861
NA,"2026-08-21T09:00:00.000000",20.8605632781982
NA,"2026-08-21T10:00:00.000000",20.8544139862061
NA,"2026-08-21T11:00:00.000000",20.8588771820068
NA,"2026-08-21T12:00:00.000000",20.8681888580322
NA,"2026-08-21T13:00:00.000000",20.8797912597656
NA,"2026-08-21T14:00:00.000000",20.8902378082275
NA,"2026-08-21T15:00:00.000000",20.8965873718262
NA,"2026-08-21T16:00:00.000000",20.8952407836914
NA,"2026-08-21T17:00:00.000000",20.8766078948975
NA,"2026-08-21T18:00:00.000000",20.8922653198242
NA,"2026-08-21T19:00:00.000000",20.9145259857178
NA,"2026-08-21T20:00:00.000000",20.9144649505615
NA,"2026-08-21T21:00:00.000000",20.9129257202148
NA,"2026-08-21T22:00:00.000000",20.9211196899414
NA,"2026-08-21T23:00:00.000000",20.9408378601074
NA,"2026-08-22T00:00:00.000000",20.9533348083496
NA,"2026-08-22T01:00:00.000000",20.9549179077148
NA,"2026-08-22T02:00:00.000000",20.9542808532715
NA,"2026-08-22T03:00:00.000000",20.9519367218018
NA,"2026-08-22T04:00:00.000000",20.9501609802246
NA,"2026-08-22T05:00:00.000000",20.9503536224365
NA,"2026-08-22T06:00:00.000000",20.9520683288574
NA,"2026-08-22T07:00:00.000000",20.9588813781738
NA,"2026-08-22T08:00:00.000000",20.9766635894775
NA,"2026-08-22T09:00:00.000000",21.0049114227295
NA,"2026-08-22T10:00:00.000000",21.0207443237305
NA,"2026-08-22T11:00:00.000000",21.0251636505127
NA,"2026-08-22T12:00:00.000000",21.0252914428711
NA,"2026-08-22T13:00:00.000000",21.0233325958252
NA,"2026-08-22T14:00:00.000000",21.0221862792969
NA,"2026-08-22T15:00:00.000000",21.0231990814209
NA,"2026-08-22T16:00:00.000000",21.0249080657959
NA,"2026-08-22T17:00:00.000000",21.0378112792969
NA,"2026-08-22T18:00:00.000000",21.0519027709961
NA,"2026-08-22T19:00:00.000000",21.060131072998
NA,"2026-08-22T20:00:00.000000",21.0966186523438
NA,"2026-08-22T21:00:00.000000",21.16428565979
NA,"2026-08-22T22:00:00.000000",21.2186679840088
NA,"2026-08-22T23:00:00.000000",21.2526836395264
NA,"2026-08-23T00:00:00.000000",21.2702941894531
NA,"2026-08-23T01:00:00.000000",21.2777652740479
NA,"2026-08-23T02:00:00.000000",21.27978515625
NA,"2026-08-23T03:00:00.000000",21.277250289917
NA,"2026-08-23T04:00:00.000000",21.2656402587891
NA,"2026-08-23T05:00:00.000000",21.2521343231201
NA,"2026-08-23T06:00:00.000000",21.2442398071289
NA,"2026-08-23T07:00:00.000000",21.2447566986084
NA,"2026-08-23T08:00:00.000000",21.2642974853516
NA,"2026-08-23T09:00:00.000000",21.2783718109131
NA,"2026-08-23T10:00:00.000000",21.2774696350098
NA,"2026-08-23T11:00:00.000000",21.2802619934082
NA,"2026-08-23T12:00:00.000000",21.2809600830078
NA,"2026-08-23T13:00:00.000000",21.2844123840332
NA,"2026-08-23T14:00:00.000000",21.2868156433105
NA,"2026-08-23T15:00:00.000000",21.2868041992188
NA,"2026-08-23T16:00:00.000000",21.2869434356689
NA,"2026-08-23T17:00:00.000000",21.2657165527344
NA,"2026-08-23T18:00:00.000000",21.2573089599609
NA,"2026-08-23T19:00:00.000000",21.315523147583
NA,"2026-08-23T20:00:00.000000",21.3395252227783
NA,"2026-08-23T21:00:00.000000",21.3549194335938
NA,"2026-08-23T22:00:00.000000",21.4102993011475
NA,"2026-08-23T23:00:00.000000",21.4552955627441
NA,"2026-08-24T00:00:00.000000",21.4798545837402
NA,"2026-08-24T01:00:00.000000",21.4802112579346
NA,"2026-08-24T02:00:00.000000",21.4485969543457
NA,"2026-08-24T03:00:00.000000",21.3912029266357
NA,"2026-08-24T04:00:00.000000",21.3383369445801
NA,"2026-08-24T05:00:00.000000",21.2927513122559
NA,"2026-08-24T06:00:00.000000",21.2663536071777
NA,"2026-08-24T07:00:00.000000",21.2549533843994
NA,"2026-08-24T08:00:00.000000",21.2515869140625
NA,"2026-08-24T09:00:00.000000",21.2523212432861
NA,"2026-08-24T10:00:00.000000",21.2602291107178
NA,"2026-08-24T11:00:00.000000",21.2827415466309
NA,"2026-08-24T12:00:00.000000",21.3059158325195
NA,"2026-08-24T13:00:00.000000",21.3049716949463
NA,"2026-08-24T14:00:00.000000",21.2843456268311
NA,"2026-08-24T15:00:00.000000",21.2665100097656
NA,"2026-08-24T16:00:00.000000",21.2535800933838
NA,"2026-08-24T17:00:00.000000",21.249303817749
NA,"2026-08-24T18:00:00.000000",21.2541122436523
NA,"2026-08-24T19:00:00.000000",21.2726726531982
NA,"2026-08-24T20:00:00.000000",21.3248519897461
NA,"2026-08-24T21:00:00.000000",21.3808975219727
NA,"2026-08-24T22:00:00.000000",21.3730049133301
NA,"2026-08-24T23:00:00.000000",21.3115100860596
NA,"2026-08-25T00:00:00.000000",21.2925662994385
NA,"2026-08-25T01:00:00.000000",21.2981090545654
NA,"2026-08-25T02:00:00.000000",21.3060817718506
NA,"2026-08-25T03:00:00.000000",21.3019390106201
NA,"2026-08-25T04:00:00.000000",21.2935256958008
NA,"2026-08-25T05:00:00.000000",21.287483215332
NA,"2026-08-25T06:00:00.000000",21.2841835021973
NA,"2026-08-25T07:00:00.000000",21.2828159332275
NA,"2026-08-25T08:00:00.000000",21.2824897766113
NA,"2026-08-25T09:00:00.000000",21.2828159332275
NA,"2026-08-25T10:00:00.000000",21.2854080200195
NA,"2026-08-25T11:00:00.000000",21.2970676422119
NA,"2026-08-25T12:00:00.000000",21.307092666626
NA,"2026-08-25T13:00:00.000000",21.3090438842773
NA,"2026-08-25T14:00:00.000000",21.3063449859619
NA,"2026-08-25T15:00:00.000000",21.2979431152344
NA,"2026-08-25T16:00:00.000000",21.2894401550293
NA,"2026-08-25T17:00:00.000000",21.2803363800049
NA,"2026-08-25T18:00:00.000000",21.2747421264648
NA,"2026-08-25T19:00:00.000000",21.2711887359619
NA,"2026-08-25T20:00:00.000000",21.2692203521729
NA,"2026-08-25T21:00:00.000000",21.2688674926758
NA,"2026-08-25T22:00:00.000000",21.2610321044922
NA,"2026-08-25T23:00:00.000000",21.211799621582
NA,"2026-08-26T00:00:00.000000",20.9940929412842
NA,"2026-08-26T01:00:00.000000",20.8090839385986
NA,"2026-08-26T02:00:00.000000",20.7412338256836
NA,"2026-08-26T03:00:00.000000",20.7561283111572
NA,"2026-08-26T04:00:00.000000",20.8729381561279
NA,"2026-08-26T05:00:00.000000",20.9800224304199
NA,"2026-08-26T06:00:00.000000",21.059455871582
NA,"2026-08-26T07:00:00.000000",21.097583770752
NA,"2026-08-26T08:00:00.000000",21.1093311309814
NA,"2026-08-26T09:00:00.000000",21.1074905395508
NA,"2026-08-26T10:00:00.000000",21.0881519317627
NA,"2026-08-26T11:00:00.000000",20.998384475708
NA,"2026-08-26T12:00:00.000000",20.8546733856201
NA,"2026-08-26T13:00:00.000000",20.7865562438965
NA,"2026-08-26T14:00:00.000000",20.7719554901123
NA,"2026-08-26T15:00:00.000000",20.8147430419922
NA,"2026-08-26T16:00:00.000000",20.8951988220215
NA,"2026-08-26T17:00:00.000000",20.9842529296875
NA,"2026-08-26T18:00:00.000000",21.0277462005615
NA,"2026-08-26T19:00:00.000000",21.0120964050293
NA,"2026-08-26T20:00:00.000000",20.9868450164795
NA,"2026-08-26T21:00:00.000000",20.9413833618164
NA,"2026-08-26T22:00:00.000000",20.9015369415283
NA,"2026-08-26T23:00:00.000000",20.821268081665
NA,"2026-08-27T00:00:00.000000",20.5529651641846
"NK","2026-08-19T00:00:00.000000",20.8964366912842
"NK","2026-08-19T01:00:00.000000",20.9307098388672
"NK","2026-08-19T02:00:00.000000",20.9632015228271
"NK","2026-08-19T03:00:00.000000",20.9759197235107
"NK","2026-08-19T04:00:00.000000",20.9654293060303
"NK","2026-08-19T05:00:00.000000",20.9451637268066
"NK","2026-08-19T06:00:00.000000",20.9266510009766
"NK","2026-08-19T07:00:00.000000",20.874095916748
"NK","2026-08-19T08:00:00.000000",20.8878345489502
"NK","2026-08-19T09:00:00.000000",20.9295768737793
"NK","2026-08-19T10:00:00.000000",20.9680023193359
"NK","2026-08-19T11:00:00.000000",20.9968318939209
"NK","2026-08-19T12:00:00.000000",21.0247535705566
"NK","2026-08-19T13:00:00.000000",21.0530853271484
"NK","2026-08-19T14:00:00.000000",21.0727729797363
"NK","2026-08-19T15:00:00.000000",21.0849113464355
"NK","2026-08-19T16:00:00.000000",21.0754985809326
"NK","2026-08-19T17:00:00.000000",21.0351657867432
"NK","2026-08-19T18:00:00.000000",20.8986835479736
"NK","2026-08-19T19:00:00.000000",20.7681522369385
"NK","2026-08-19T20:00:00.000000",20.7386245727539
"NK","2026-08-19T21:00:00.000000",20.7487087249756
"NK","2026-08-19T22:00:00.000000",20.7757740020752
"NK","2026-08-19T23:00:00.000000",20.8235931396484
"NK","2026-08-20T00:00:00.000000",20.8877983093262
"NK","2026-08-20T01:00:00.000000",20.9527206420898
"NK","2026-08-20T02:00:00.000000",21.0244102478027
"NK","2026-08-20T03:00:00.000000",21.0800132751465
"NK","2026-08-20T04:00:00.000000",21.1108264923096
"NK","2026-08-20T05:00:00.000000",21.1214942932129
"NK","2026-08-20T06:00:00.000000",21.1040210723877
"NK","2026-08-20T07:00:00.000000",21.0662231445312
"NK","2026-08-20T08:00:00.000000",21.0442600250244
"NK","2026-08-20T09:00:00.000000",21.0671920776367
"NK","2026-08-20T10:00:00.000000",21.1129932403564
"NK","2026-08-20T11:00:00.000000",21.1531562805176
"NK","2026-08-20T12:00:00.000000",21.1860790252686
"NK","2026-08-20T13:00:00.000000",21.2164440155029
"NK","2026-08-20T14:00:00.000000",21.2449645996094
"NK","2026-08-20T15:00:00.000000",21.2597179412842
"NK","2026-08-20T16:00:00.000000",21.2718811035156
"NK","2026-08-20T17:00:00.000000",21.2516231536865
"NK","2026-08-20T18:00:00.000000",21.1989326477051
"NK","2026-08-20T19:00:00.000000",21.073091506958
"NK","2026-08-20T20:00:00.000000",20.9210910797119
"NK","2026-08-20T21:00:00.000000",20.8390312194824
"NK","2026-08-20T22:00:00.000000",20.8440761566162
"NK","2026-08-20T23:00:00.000000",20.8933162689209
"NK","2026-08-21T00:00:00.000000",20.9291496276855
"NK","2026-08-21T01:00:00.000000",20.9753093719482
"NK","2026-08-21T02:00:00.000000",21.0566883087158
"NK","2026-08-21T03:00:00.000000",21.1331844329834
"NK","2026-08-21T04:00:00.000000",21.1857585906982
"NK","2026-08-21T05:00:00.000000",21.2141780853271
"NK","2026-08-21T06:00:00.000000",21.2079696655273
"NK","2026-08-21T07:00:00.000000",21.178539276123
"NK","2026-08-21T08:00:00.000000",21.1337547302246
"NK","2026-08-21T09:00:00.000000",21.1027793884277
"NK","2026-08-21T10:00:00.000000",21.1271800994873
"NK","2026-08-21T11:00:00.000000",21.169641494751
"NK","2026-08-21T12:00:00.000000",21.2056350708008
"NK","2026-08-21T13:00:00.000000",21.2332935333252
"NK","2026-08-21T14:00:00.000000",21.2564277648926
"NK","2026-08-21T15:00:00.000000",21.2744731903076
"NK","2026-08-21T16:00:00.000000",21.2797946929932
"NK","2026-08-21T17:00:00.000000",21.2656383514404
"NK","2026-08-21T18:00:00.000000",21.2290573120117
"NK","2026-08-21T19:00:00.000000",21.1553649902344
"NK","2026-08-21T20:00:00.000000",21.0099067687988
"NK","2026-08-21T21:00:00.000000",20.9305267333984
"NK","2026-08-21T22:00:00.000000",20.9246253967285
"NK","2026-08-21T23:00:00.000000",20.926383972168
"NK","2026-08-22T00:00:00.000000",20.928394317627
"NK","2026-08-22T01:00:00.000000",20.932222366333
"NK","2026-08-22T02:00:00.000000",20.9683170318604
"NK","2026-08-22T03:00:00.000000",21.0372905731201
"NK","2026-08-22T04:00:00.000000",21.0961608886719
"NK","2026-08-22T05:00:00.000000",21.1396064758301
"NK","2026-08-22T06:00:00.000000",21.1692886352539
"NK","2026-08-22T07:00:00.000000",21.1712894439697
"NK","2026-08-22T08:00:00.000000",21.1513671875
"NK","2026-08-22T09:00:00.000000",21.1206665039062
"NK","2026-08-22T10:00:00.000000",21.1043128967285
"NK","2026-08-22T11:00:00.000000",21.1356372833252
"NK","2026-08-22T12:00:00.000000",21.1669445037842
"NK","2026-08-22T13:00:00.000000",21.1948890686035
"NK","2026-08-22T14:00:00.000000",21.2177181243896
"NK","2026-08-22T15:00:00.000000",21.2362327575684
"NK","2026-08-22T16:00:00.000000",21.2465705871582
"NK","2026-08-22T17:00:00.000000",21.2285308837891
"NK","2026-08-22T18:00:00.000000",21.1857242584229
"NK","2026-08-22T19:00:00.000000",21.0999488830566
"NK","2026-08-22T20:00:00.000000",21.0918312072754
"NK","2026-08-22T21:00:00.000000",21.1805763244629
"NK","2026-08-22T22:00:00.000000",21.2593212127686
"NK","2026-08-22T23:00:00.000000",21.2952156066895
"NK","2026-08-23T00:00:00.000000",21.3099060058594
"NK","2026-08-23T01:00:00.000000",21.3030948638916
"NK","2026-08-23T02:00:00.000000",21.2897129058838
"NK","2026-08-23T03:00:00.000000",21.2675094604492
"NK","2026-08-23T04:00:00.000000",21.2381076812744
"NK","2026-08-23T05:00:00.000000",21.2128391265869
"NK","2026-08-23T06:00:00.000000",21.1936721801758
"NK","2026-08-23T07:00:00.000000",21.1857261657715
"NK","2026-08-23T08:00:00.000000",21.186637878418
"NK","2026-08-23T09:00:00.000000",21.1783008575439
"NK","2026-08-23T10:00:00.000000",21.1871395111084
"NK","2026-08-23T11:00:00.000000",21.197883605957
"NK","2026-08-23T12:00:00.000000",21.1864910125732
"NK","2026-08-23T13:00:00.000000",21.1762561798096
"NK","2026-08-23T14:00:00.000000",21.1657447814941
"NK","2026-08-23T15:00:00.000000",21.1622047424316
"NK","2026-08-23T16:00:00.000000",21.16455078125
"NK","2026-08-23T17:00:00.000000",21.169361114502
"NK","2026-08-23T18:00:00.000000",21.1748695373535
"NK","2026-08-23T19:00:00.000000",21.1791687011719
"NK","2026-08-23T20:00:00.000000",21.1893558502197
"NK","2026-08-23T21:00:00.000000",21.2739677429199
"NK","2026-08-23T22:00:00.000000",21.4008750915527
"NK","2026-08-23T23:00:00.000000",21.4865779876709
"NK","2026-08-24T00:00:00.000000",21.5171432495117
"NK","2026-08-24T01:00:00.000000",21.5199069976807
"NK","2026-08-24T02:00:00.000000",21.5010261535645
"NK","2026-08-24T03:00:00.000000",21.4687080383301
"NK","2026-08-24T04:00:00.000000",21.4226360321045
"NK","2026-08-24T05:00:00.000000",21.3694458007812
"NK","2026-08-24T06:00:00.000000",21.3144721984863
"NK","2026-08-24T07:00:00.000000",21.2686500549316
"NK","2026-08-24T08:00:00.000000",21.2440757751465
"NK","2026-08-24T09:00:00.000000",21.2337207794189
"NK","2026-08-24T10:00:00.000000",21.2387218475342
"NK","2026-08-24T11:00:00.000000",21.2487106323242
"NK","2026-08-24T12:00:00.000000",21.2627086639404
"NK","2026-08-24T13:00:00.000000",21.2420215606689
"NK","2026-08-24T14:00:00.000000",21.2261047363281
"NK","2026-08-24T15:00:00.000000",21.2174472808838
"NK","2026-08-24T16:00:00.000000",21.2166595458984
"NK","2026-08-24T17:00:00.000000",21.2181282043457
"NK","2026-08-24T18:00:00.000000",21.2209777832031
"NK","2026-08-24T19:00:00.000000",21.2223644256592
"NK","2026-08-24T20:00:00.000000",21.2224559783936
"NK","2026-08-24T21:00:00.000000",21.24485206604
"NK","2026-08-24T22:00:00.000000",21.3014888763428
"NK","2026-08-24T23:00:00.000000",21.280403137207
"NK","2026-08-25T00:00:00.000000",21.2597637176514
"NK","2026-08-25T01:00:00.000000",21.2669086456299
"NK","2026-08-25T02:00:00.000000",21.2732772827148
"NK","2026-08-25T03:00:00.000000",21.2670440673828
"NK","2026-08-25T04:00:00.000000",21.2630615234375
"NK","2026-08-25T05:00:00.000000",21.2604236602783
"NK","2026-08-25T06:00:00.000000",21.2574768066406
"NK","2026-08-25T07:00:00.000000",21.2523460388184
"NK","2026-08-25T08:00:00.000000",21.246114730835
"NK","2026-08-25T09:00:00.000000",21.2431507110596
"NK","2026-08-25T10:00:00.000000",21.2435531616211
"NK","2026-08-25T11:00:00.000000",21.2460899353027
"NK","2026-08-25T12:00:00.000000",21.2529716491699
"NK","2026-08-25T13:00:00.000000",21.2559185028076
"NK","2026-08-25T14:00:00.000000",21.2516002655029
"NK","2026-08-25T15:00:00.000000",21.2497367858887
"NK","2026-08-25T16:00:00.000000",21.2499523162842
"NK","2026-08-25T17:00:00.000000",21.2507190704346
"NK","2026-08-25T18:00:00.000000",21.2539768218994
"NK","2026-08-25T19:00:00.000000",21.2586498260498
"NK","2026-08-25T20:00:00.000000",21.2586517333984
"NK","2026-08-25T21:00:00.000000",21.2539329528809
"NK","2026-08-25T22:00:00.000000",21.2589836120605
"NK","2026-08-25T23:00:00.000000",21.2355117797852
"NK","2026-08-26T00:00:00.000000",20.9173107147217
"NK","2026-08-26T01:00:00.000000",20.6574668884277
"NK","2026-08-26T02:00:00.000000",20.5846214294434
"NK","2026-08-26T03:00:00.000000",20.6347370147705
"NK","2026-08-26T04:00:00.000000",20.7172813415527
"NK","2026-08-26T05:00:00.000000",20.8386936187744
"NK","2026-08-26T06:00:00.000000",20.9715709686279
"NK","2026-08-26T07:00:00.000000",21.0780372619629
"NK","2026-08-26T08:00:00.000000",21.1444835662842
"NK","2026-08-26T09:00:00.000000",21.1785125732422
"NK","2026-08-26T10:00:00.000000",21.1804294586182
"NK","2026-08-26T11:00:00.000000",21.1534538269043
"NK","2026-08-26T12:00:00.000000",21.1022300720215
"NK","2026-08-26T13:00:00.000000",21.0665817260742
"NK","2026-08-26T14:00:00.000000",21.0849151611328
"NK","2026-08-26T15:00:00.000000",21.1395168304443
"NK","2026-08-26T16:00:00.000000",21.1858425140381
"NK","2026-08-26T17:00:00.000000",21.2158241271973
"NK","2026-08-26T18:00:00.000000",21.2386875152588
"NK","2026-08-26T19:00:00.000000",21.2563991546631
"NK","2026-08-26T20:00:00.000000",21.2653274536133
"NK","2026-08-26T21:00:00.000000",21.2621631622314
"NK","2026-08-26T22:00:00.000000",21.2459774017334
"NK","2026-08-26T23:00:00.000000",21.1524887084961
"NK","2026-08-27T00:00:00.000000",20.6494255065918
"PI","2026-08-19T00:00:00.000000",23.1333484649658
"PI","2026-08-19T01:00:00.000000",23.2398929595947
"PI","2026-08-19T02:00:00.000000",22.9936866760254
"PI","2026-08-19T03:00:00.000000",22.9613800048828
"PI","2026-08-19T04:00:00.000000",22.9098014831543
"PI","2026-08-19T05:00:00.000000",22.6814594268799
"PI","2026-08-19T06:00:00.000000",22.7782573699951
"PI","2026-08-19T07:00:00.000000",23.0652313232422
"PI","2026-08-19T08:00:00.000000",23.1077518463135
"PI","2026-08-19T09:00:00.000000",23.1358947753906
"PI","2026-08-19T10:00:00.000000",23.1292457580566
"PI","2026-08-19T11:00:00.000000",23.0346870422363
"PI","2026-08-19T12:00:00.000000",22.8700294494629
"PI","2026-08-19T13:00:00.000000",22.9711380004883
"PI","2026-08-19T14:00:00.000000",22.9047107696533
"PI","2026-08-19T15:00:00.000000",22.9352378845215
"PI","2026-08-19T16:00:00.000000",22.8585262298584
"PI","2026-08-19T17:00:00.000000",22.6811027526855
"PI","2026-08-19T18:00:00.000000",22.5942478179932
"PI","2026-08-19T19:00:00.000000",22.9835052490234
"PI","2026-08-19T20:00:00.000000",23.0841331481934
"PI","2026-08-19T21:00:00.000000",23.0742645263672
"PI","2026-08-19T22:00:00.000000",23.0861053466797
"PI","2026-08-19T23:00:00.000000",22.9892349243164
"PI","2026-08-20T00:00:00.000000",22.8997821807861
"PI","2026-08-20T01:00:00.000000",22.9942951202393
"PI","2026-08-20T02:00:00.000000",23.0854377746582
"PI","2026-08-20T03:00:00.000000",22.9781703948975
"PI","2026-08-20T04:00:00.000000",22.9860286712646
"PI","2026-08-20T05:00:00.000000",22.87331199646
"PI","2026-08-20T06:00:00.000000",22.7637348175049
"PI","2026-08-20T07:00:00.000000",22.9761619567871
"PI","2026-08-20T08:00:00.000000",23.1519985198975
"PI","2026-08-20T09:00:00.000000",23.1364154815674
"PI","2026-08-20T10:00:00.000000",23.1837959289551
"PI","2026-08-20T11:00:00.000000",23.204044342041
"PI","2026-08-20T12:00:00.000000",23.0670909881592
"PI","2026-08-20T13:00:00.000000",22.9390506744385
"PI","2026-08-20T14:00:00.000000",22.9141426086426
"PI","2026-08-20T15:00:00.000000",22.9446220397949
"PI","2026-08-20T16:00:00.000000",22.901782989502
"PI","2026-08-20T17:00:00.000000",22.8942241668701
"PI","2026-08-20T18:00:00.000000",22.6966361999512
"PI","2026-08-20T19:00:00.000000",22.9604263305664
"PI","2026-08-20T20:00:00.000000",23.3686561584473
"PI","2026-08-20T21:00:00.000000",23.3470897674561
"PI","2026-08-20T22:00:00.000000",23.3176879882812
"PI","2026-08-20T23:00:00.000000",23.3433017730713
"PI","2026-08-21T00:00:00.000000",23.1910057067871
"PI","2026-08-21T01:00:00.000000",23.1149139404297
"PI","2026-08-21T02:00:00.000000",23.1288795471191
"PI","2026-08-21T03:00:00.000000",23.149694442749
"PI","2026-08-21T04:00:00.000000",22.9752426147461
"PI","2026-08-21T05:00:00.000000",22.7742156982422
"PI","2026-08-21T06:00:00.000000",22.622013092041
"PI","2026-08-21T07:00:00.000000",22.6743297576904
"PI","2026-08-21T08:00:00.000000",22.9685478210449
"PI","2026-08-21T09:00:00.000000",22.9668807983398
"PI","2026-08-21T10:00:00.000000",22.9894886016846
"PI","2026-08-21T11:00:00.000000",23.0209312438965
"PI","2026-08-21T12:00:00.000000",23.0113220214844
"PI","2026-08-21T13:00:00.000000",22.867733001709
"PI","2026-08-21T14:00:00.000000",22.7601375579834
"PI","2026-08-21T15:00:00.000000",22.6703948974609
"PI","2026-08-21T16:00:00.000000",22.7457599639893
"PI","2026-08-21T17:00:00.000000",22.7028579711914
"PI","2026-08-21T18:00:00.000000",22.6008930206299
"PI","2026-08-21T19:00:00.000000",22.5760669708252
"PI","2026-08-21T20:00:00.000000",22.9063529968262
"PI","2026-08-21T21:00:00.000000",23.1262512207031
"PI","2026-08-21T22:00:00.000000",23.1122932434082
"PI","2026-08-21T23:00:00.000000",23.0332641601562
"PI","2026-08-22T00:00:00.000000",22.9497718811035
"PI","2026-08-22T01:00:00.000000",22.9493808746338
"PI","2026-08-22T02:00:00.000000",22.9185066223145
"PI","2026-08-22T03:00:00.000000",22.8416862487793
"PI","2026-08-22T04:00:00.000000",22.7372188568115
"PI","2026-08-22T05:00:00.000000",22.6358909606934
"PI","2026-08-22T06:00:00.000000",22.609884262085
"PI","2026-08-22T07:00:00.000000",22.797607421875
"PI","2026-08-22T08:00:00.000000",22.9789257049561
"PI","2026-08-22T09:00:00.000000",22.8902645111084
"PI","2026-08-22T10:00:00.000000",23.0632915496826
"PI","2026-08-22T11:00:00.000000",23.0482578277588
"PI","2026-08-22T12:00:00.000000",23.0337162017822
"PI","2026-08-22T13:00:00.000000",22.917652130127
"PI","2026-08-22T14:00:00.000000",22.7419815063477
"PI","2026-08-22T15:00:00.000000",22.6071586608887
"PI","2026-08-22T16:00:00.000000",22.5821342468262
"PI","2026-08-22T17:00:00.000000",22.5512218475342
"PI","2026-08-22T18:00:00.000000",22.5089130401611
"PI","2026-08-22T19:00:00.000000",22.4743976593018
"PI","2026-08-22T20:00:00.000000",22.4272518157959
"PI","2026-08-22T21:00:00.000000",22.5801048278809
"PI","2026-08-22T22:00:00.000000",22.8173866271973
"PI","2026-08-22T23:00:00.000000",22.9329109191895
"PI","2026-08-23T00:00:00.000000",22.8814506530762
"PI","2026-08-23T01:00:00.000000",22.8807201385498
"PI","2026-08-23T02:00:00.000000",22.8581733703613
"PI","2026-08-23T03:00:00.000000",22.7278366088867
"PI","2026-08-23T04:00:00.000000",22.8233127593994
"PI","2026-08-23T05:00:00.000000",22.784688949585
"PI","2026-08-23T06:00:00.000000",22.6480293273926
"PI","2026-08-23T07:00:00.000000",22.5813426971436
"PI","2026-08-23T08:00:00.000000",22.5360412597656
"PI","2026-08-23T09:00:00.000000",22.6533145904541
"PI","2026-08-23T10:00:00.000000",22.7953586578369
"PI","2026-08-23T11:00:00.000000",22.8787498474121
"PI","2026-08-23T12:00:00.000000",22.8604221343994
"PI","2026-08-23T13:00:00.000000",22.9049053192139
"PI","2026-08-23T14:00:00.000000",22.8522911071777
"PI","2026-08-23T15:00:00.000000",22.6114120483398
"PI","2026-08-23T16:00:00.000000",22.5568199157715
"PI","2026-08-23T17:00:00.000000",22.5624828338623
"PI","2026-08-23T18:00:00.000000",22.581090927124
"PI","2026-08-23T19:00:00.000000",22.6349468231201
"PI","2026-08-23T20:00:00.000000",22.6237163543701
"PI","2026-08-23T21:00:00.000000",22.6734867095947
"PI","2026-08-23T22:00:00.000000",22.5167102813721
"PI","2026-08-23T23:00:00.000000",22.6632480621338
"PI","2026-08-24T00:00:00.000000",22.7217826843262
"PI","2026-08-24T01:00:00.000000",22.6957778930664
"PI","2026-08-24T02:00:00.000000",22.7107601165771
"PI","2026-08-24T03:00:00.000000",22.7203769683838
"PI","2026-08-24T04:00:00.000000",22.7295417785645
"PI","2026-08-24T05:00:00.000000",22.7701282501221
"PI","2026-08-24T06:00:00.000000",22.7978057861328
"PI","2026-08-24T07:00:00.000000",22.7246608734131
"PI","2026-08-24T08:00:00.000000",22.7079544067383
"PI","2026-08-24T09:00:00.000000",22.686767578125
"PI","2026-08-24T10:00:00.000000",22.6786518096924
"PI","2026-08-24T11:00:00.000000",22.7941265106201
"PI","2026-08-24T12:00:00.000000",22.9313735961914
"PI","2026-08-24T13:00:00.000000",22.9069061279297
"PI","2026-08-24T14:00:00.000000",22.9444313049316
"PI","2026-08-24T15:00:00.000000",22.9780731201172
"PI","2026-08-24T16:00:00.000000",22.9059963226318
"PI","2026-08-24T17:00:00.000000",22.9168281555176
"PI","2026-08-24T18:00:00.000000",22.8458404541016
"PI","2026-08-24T19:00:00.000000",22.8714656829834
"PI","2026-08-24T20:00:00.000000",22.9263439178467
"PI","2026-08-24T21:00:00.000000",22.952751159668
"PI","2026-08-24T22:00:00.000000",23.0059089660645
"PI","2026-08-24T23:00:00.000000",22.8712139129639
"PI","2026-08-25T00:00:00.000000",22.8793811798096
"PI","2026-08-25T01:00:00.000000",22.9699878692627
"PI","2026-08-25T02:00:00.000000",22.9649810791016
"PI","2026-08-25T03:00:00.000000",22.9894886016846
"PI","2026-08-25T04:00:00.000000",22.9798851013184
"PI","2026-08-25T05:00:00.000000",22.9641075134277
"PI","2026-08-25T06:00:00.000000",22.9783229827881
"PI","2026-08-25T07:00:00.000000",22.8953380584717
"PI","2026-08-25T08:00:00.000000",22.9253845214844
"PI","2026-08-25T09:00:00.000000",22.9249858856201
"PI","2026-08-25T10:00:00.000000",22.8703022003174
"PI","2026-08-25T11:00:00.000000",22.8715572357178
"PI","2026-08-25T12:00:00.000000",23.0073337554932
"PI","2026-08-25T13:00:00.000000",23.1336402893066
"PI","2026-08-25T14:00:00.000000",23.1437721252441
"PI","2026-08-25T15:00:00.000000",23.167329788208
"PI","2026-08-25T16:00:00.000000",23.1567153930664
"PI","2026-08-25T17:00:00.000000",23.117504119873
"PI","2026-08-25T18:00:00.000000",23.1006164550781
"PI","2026-08-25T19:00:00.000000",23.0100975036621
"PI","2026-08-25T20:00:00.000000",22.9608573913574
"PI","2026-08-25T21:00:00.000000",22.9822673797607
"PI","2026-08-25T22:00:00.000000",23.0064544677734
"PI","2026-08-25T23:00:00.000000",22.9976425170898
"PI","2026-08-26T00:00:00.000000",22.9697971343994
"PI","2026-08-26T01:00:00.000000",23.076322555542
"PI","2026-08-26T02:00:00.000000",23.1330966949463
"PI","2026-08-26T03:00:00.000000",23.1351051330566
"PI","2026-08-26T04:00:00.000000",23.1672744750977
"PI","2026-08-26T05:00:00.000000",23.1128101348877
"PI","2026-08-26T06:00:00.000000",23.1208515167236
"PI","2026-08-26T07:00:00.000000",23.0530414581299
"PI","2026-08-26T08:00:00.000000",23.0374507904053
"PI","2026-08-26T09:00:00.000000",23.0709075927734
"PI","2026-08-26T10:00:00.000000",23.0592670440674
"PI","2026-08-26T11:00:00.000000",22.9807987213135
"PI","2026-08-26T12:00:00.000000",22.9748096466064
"PI","2026-08-26T13:00:00.000000",23.2101306915283
"PI","2026-08-26T14:00:00.000000",23.2698707580566
"PI","2026-08-26T15:00:00.000000",23.2725257873535
"PI","2026-08-26T16:00:00.000000",23.3355045318604
"PI","2026-08-26T17:00:00.000000",23.2141513824463
"PI","2026-08-26T18:00:00.000000",23.129825592041
"PI","2026-08-26T19:00:00.000000",23.0504684448242
"PI","2026-08-26T20:00:00.000000",23.0154247283936
"PI","2026-08-26T21:00:00.000000",23.0198154449463
"PI","2026-08-26T22:00:00.000000",23.0705432891846
"PI","2026-08-26T23:00:00.000000",23.033483505249
"PI","2026-08-27T00:00:00.000000",22.922571182251
"QU","2026-08-19T00:00:00.000000",20.6177806854248
"QU","2026-08-19T01:00:00.000000",20.6294078826904
"QU","2026-08-19T02:00:00.000000",20.6286525726318
"QU","2026-08-19T03:00:00.000000",20.5927715301514
"QU","2026-08-19T04:00:00.000000",20.5408763885498
"QU","2026-08-19T05:00:00.000000",20.4929733276367
"QU","2026-08-19T06:00:00.000000",20.4539623260498
"QU","2026-08-19T07:00:00.000000",20.4332065582275
"QU","2026-08-19T08:00:00.000000",20.4209327697754
"QU","2026-08-19T09:00:00.000000",20.4085483551025
"QU","2026-08-19T10:00:00.000000",20.3945198059082
"QU","2026-08-19T11:00:00.000000",20.3828372955322
"QU","2026-08-19T12:00:00.000000",20.371129989624
"QU","2026-08-19T13:00:00.000000",20.3522663116455
"QU","2026-08-19T14:00:00.000000",20.3293304443359
"QU","2026-08-19T15:00:00.000000",20.3120250701904
"QU","2026-08-19T16:00:00.000000",20.3092231750488
"QU","2026-08-19T17:00:00.000000",20.3166942596436
"QU","2026-08-19T18:00:00.000000",20.3514442443848
"QU","2026-08-19T19:00:00.000000",20.438009262085
"QU","2026-08-19T20:00:00.000000",20.5384407043457
"QU","2026-08-19T21:00:00.000000",20.6091003417969
"QU","2026-08-19T22:00:00.000000",20.6555862426758
"QU","2026-08-19T23:00:00.000000",20.693395614624
"QU","2026-08-20T00:00:00.000000",20.7242317199707
"QU","2026-08-20T01:00:00.000000",20.7460174560547
"QU","2026-08-20T02:00:00.000000",20.7613487243652
"QU","2026-08-20T03:00:00.000000",20.7709712982178
"QU","2026-08-20T04:00:00.000000",20.7776908874512
"QU","2026-08-20T05:00:00.000000",20.774356842041
"QU","2026-08-20T06:00:00.000000",20.7650508880615
"QU","2026-08-20T07:00:00.000000",20.7629661560059
"QU","2026-08-20T08:00:00.000000",20.7691974639893
"QU","2026-08-20T09:00:00.000000",20.7820835113525
"QU","2026-08-20T10:00:00.000000",20.7957534790039
"QU","2026-08-20T11:00:00.000000",20.8054485321045
"QU","2026-08-20T12:00:00.000000",20.8112030029297
"QU","2026-08-20T13:00:00.000000",20.8137874603271
"QU","2026-08-20T14:00:00.000000",20.8079681396484
"QU","2026-08-20T15:00:00.000000",20.7809810638428
"QU","2026-08-20T16:00:00.000000",20.7485275268555
"QU","2026-08-20T17:00:00.000000",20.7125415802002
"QU","2026-08-20T18:00:00.000000",20.6431446075439
"QU","2026-08-20T19:00:00.000000",20.5837917327881
"QU","2026-08-20T20:00:00.000000",20.5394973754883
"QU","2026-08-20T21:00:00.000000",20.5053100585938
"QU","2026-08-20T22:00:00.000000",20.4756164550781
"QU","2026-08-20T23:00:00.000000",20.4596462249756
"QU","2026-08-21T00:00:00.000000",20.4575595855713
"QU","2026-08-21T01:00:00.000000",20.480676651001
"QU","2026-08-21T02:00:00.000000",20.5154304504395
"QU","2026-08-21T03:00:00.000000",20.5149250030518
"QU","2026-08-21T04:00:00.000000",20.4648265838623
"QU","2026-08-21T05:00:00.000000",20.4032573699951
"QU","2026-08-21T06:00:00.000000",20.3663711547852
"QU","2026-08-21T07:00:00.000000",20.3500194549561
"QU","2026-08-21T08:00:00.000000",20.3544387817383
"QU","2026-08-21T09:00:00.000000",20.36452293396
"QU","2026-08-21T10:00:00.000000",20.3796291351318
"QU","2026-08-21T11:00:00.000000",20.3856201171875
"QU","2026-08-21T12:00:00.000000",20.4033966064453
"QU","2026-08-21T13:00:00.000000",20.4211521148682
"QU","2026-08-21T14:00:00.000000",20.4248695373535
"QU","2026-08-21T15:00:00.000000",20.4253253936768
"QU","2026-08-21T16:00:00.000000",20.429557800293
"QU","2026-08-21T17:00:00.000000",20.4471130371094
"QU","2026-08-21T18:00:00.000000",20.4751892089844
"QU","2026-08-21T19:00:00.000000",20.5262660980225
"QU","2026-08-21T20:00:00.000000",20.5950622558594
"QU","2026-08-21T21:00:00.000000",20.6552734375
"QU","2026-08-21T22:00:00.000000",20.7312450408936
"QU","2026-08-21T23:00:00.000000",20.7755146026611
"QU","2026-08-22T00:00:00.000000",20.8010215759277
"QU","2026-08-22T01:00:00.000000",20.7888164520264
"QU","2026-08-22T02:00:00.000000",20.7401390075684
"QU","2026-08-22T03:00:00.000000",20.6720714569092
"QU","2026-08-22T04:00:00.000000",20.5973567962646
"QU","2026-08-22T05:00:00.000000",20.525821685791
"QU","2026-08-22T06:00:00.000000",20.4747123718262
"QU","2026-08-22T07:00:00.000000",20.4469261169434
"QU","2026-08-22T08:00:00.000000",20.4359912872314
"QU","2026-08-22T09:00:00.000000",20.4337425231934
"QU","2026-08-22T10:00:00.000000",20.4362297058105
"QU","2026-08-22T11:00:00.000000",20.4407844543457
"QU","2026-08-22T12:00:00.000000",20.452564239502
"QU","2026-08-22T13:00:00.000000",20.4662971496582
"QU","2026-08-22T14:00:00.000000",20.4782848358154
"QU","2026-08-22T15:00:00.000000",20.4881019592285
"QU","2026-08-22T16:00:00.000000",20.4940967559814
"QU","2026-08-22T17:00:00.000000",20.5063056945801
"QU","2026-08-22T18:00:00.000000",20.5172748565674
"QU","2026-08-22T19:00:00.000000",20.526050567627
"QU","2026-08-22T20:00:00.000000",20.5339984893799
"QU","2026-08-22T21:00:00.000000",20.5427227020264
"QU","2026-08-22T22:00:00.000000",20.5482921600342
"QU","2026-08-22T23:00:00.000000",20.5530796051025
"QU","2026-08-23T00:00:00.000000",20.5610885620117
"QU","2026-08-23T01:00:00.000000",20.5981903076172
"QU","2026-08-23T02:00:00.000000",20.6891441345215
"QU","2026-08-23T03:00:00.000000",20.7035903930664
"QU","2026-08-23T04:00:00.000000",20.708459854126
"QU","2026-08-23T05:00:00.000000",20.7043952941895
"QU","2026-08-23T06:00:00.000000",20.6941375732422
"QU","2026-08-23T07:00:00.000000",20.6828479766846
"QU","2026-08-23T08:00:00.000000",20.6770362854004
"QU","2026-08-23T09:00:00.000000",20.6733951568604
"QU","2026-08-23T10:00:00.000000",20.6720066070557
"QU","2026-08-23T11:00:00.000000",20.6720943450928
"QU","2026-08-23T12:00:00.000000",20.67262840271
"QU","2026-08-23T13:00:00.000000",20.6738185882568
"QU","2026-08-23T14:00:00.000000",20.6762313842773
"QU","2026-08-23T15:00:00.000000",20.6781158447266
"QU","2026-08-23T16:00:00.000000",20.6805419921875
"QU","2026-08-23T17:00:00.000000",20.6851425170898
"QU","2026-08-23T18:00:00.000000",20.691614151001
"QU","2026-08-23T19:00:00.000000",20.716178894043
"QU","2026-08-23T20:00:00.000000",20.7249774932861
"QU","2026-08-23T21:00:00.000000",20.7338066101074
"QU","2026-08-23T22:00:00.000000",20.7431583404541
"QU","2026-08-23T23:00:00.000000",20.7469863891602
"QU","2026-08-24T00:00:00.000000",20.7443962097168
"QU","2026-08-24T01:00:00.000000",20.7393741607666
"QU","2026-08-24T02:00:00.000000",20.7359199523926
"QU","2026-08-24T03:00:00.000000",20.7330379486084
"QU","2026-08-24T04:00:00.000000",20.7303714752197
"QU","2026-08-24T05:00:00.000000",20.7283382415771
"QU","2026-08-24T06:00:00.000000",20.7260971069336
"QU","2026-08-24T07:00:00.000000",20.7241382598877
"QU","2026-08-24T08:00:00.000000",20.722827911377
"QU","2026-08-24T09:00:00.000000",20.7216911315918
"QU","2026-08-24T10:00:00.000000",20.7207202911377
"QU","2026-08-24T11:00:00.000000",20.7202453613281
"QU","2026-08-24T12:00:00.000000",20.719482421875
"QU","2026-08-24T13:00:00.000000",20.7191143035889
"QU","2026-08-24T14:00:00.000000",20.7206993103027
"QU","2026-08-24T15:00:00.000000",20.7240104675293
"QU","2026-08-24T16:00:00.000000",20.7289657592773
"QU","2026-08-24T17:00:00.000000",20.7370491027832
"QU","2026-08-24T18:00:00.000000",20.7525901794434
"QU","2026-08-24T19:00:00.000000",20.7724723815918
"QU","2026-08-24T20:00:00.000000",20.788200378418
"QU","2026-08-24T21:00:00.000000",20.7928237915039
"QU","2026-08-24T22:00:00.000000",20.7909736633301
"QU","2026-08-24T23:00:00.000000",20.7811908721924
"QU","2026-08-25T00:00:00.000000",20.773717880249
"QU","2026-08-25T01:00:00.000000",20.7717952728271
"QU","2026-08-25T02:00:00.000000",20.7715549468994
"QU","2026-08-25T03:00:00.000000",20.7707538604736
"QU","2026-08-25T04:00:00.000000",20.7698059082031
"QU","2026-08-25T05:00:00.000000",20.7691230773926
"QU","2026-08-25T06:00:00.000000",20.7681255340576
"QU","2026-08-25T07:00:00.000000",20.7676239013672
"QU","2026-08-25T08:00:00.000000",20.7680473327637
"QU","2026-08-25T09:00:00.000000",20.7687168121338
"QU","2026-08-25T10:00:00.000000",20.7686367034912
"QU","2026-08-25T11:00:00.000000",20.7678318023682
"QU","2026-08-25T12:00:00.000000",20.7674560546875
"QU","2026-08-25T13:00:00.000000",20.7686805725098
"QU","2026-08-25T14:00:00.000000",20.7714920043945
"QU","2026-08-25T15:00:00.000000",20.7759475708008
"QU","2026-08-25T16:00:00.000000",20.7840843200684
"QU","2026-08-25T17:00:00.000000",20.7909870147705
"QU","2026-08-25T18:00:00.000000",20.7971591949463
"QU","2026-08-25T19:00:00.000000",20.8030376434326
"QU","2026-08-25T20:00:00.000000",20.8064308166504
"QU","2026-08-25T21:00:00.000000",20.8042449951172
"QU","2026-08-25T22:00:00.000000",20.79541015625
"QU","2026-08-25T23:00:00.000000",20.7689437866211
"QU","2026-08-26T00:00:00.000000",20.744083404541
"QU","2026-08-26T01:00:00.000000",20.749698638916
"QU","2026-08-26T02:00:00.000000",20.7694873809814
"QU","2026-08-26T03:00:00.000000",20.7834796905518
"QU","2026-08-26T04:00:00.000000",20.7887878417969
"QU","2026-08-26T05:00:00.000000",20.7895450592041
"QU","2026-08-26T06:00:00.000000",20.7889842987061
"QU","2026-08-26T07:00:00.000000",20.7870903015137
"QU","2026-08-26T08:00:00.000000",20.7824249267578
"QU","2026-08-26T09:00:00.000000",20.758659362793
"QU","2026-08-26T10:00:00.000000",20.7056827545166
"QU","2026-08-26T11:00:00.000000",20.6542148590088
"QU","2026-08-26T12:00:00.000000",20.6146183013916
"QU","2026-08-26T13:00:00.000000",20.5837268829346
"QU","2026-08-26T14:00:00.000000",20.5737686157227
"QU","2026-08-26T15:00:00.000000",20.5793647766113
"QU","2026-08-26T16:00:00.000000",20.6478710174561
"QU","2026-08-26T17:00:00.000000",20.7442646026611
"QU","2026-08-26T18:00:00.000000",20.7723236083984
"QU","2026-08-26T19:00:00.000000",20.7800903320312
"QU","2026-08-26T20:00:00.000000",20.7799396514893
"QU","2026-08-26T21:00:00.000000",20.7682132720947
"QU","2026-08-26T22:00:00.000000",20.7200260162354
"QU","2026-08-26T23:00:00.000000",20.6062545776367
"QU","2026-08-27T00:00:00.000000",20.5050468444824
"CC","2026-08-19T00:00:00.000000",24.1874256134033
"CC","2026-08-19T01:00:00.000000",24.1895618438721
"CC","2026-08-19T02:00:00.000000",24.1904010772705
"CC","2026-08-19T03:00:00.000000",24.1909999847412
"CC","2026-08-19T04:00:00.000000",24.1918201446533
"CC","2026-08-19T05:00:00.000000",24.1928405761719
"CC","2026-08-19T06:00:00.000000",24.193567276001
"CC","2026-08-19T07:00:00.000000",24.1945400238037
"CC","2026-08-19T08:00:00.000000",24.1962985992432
"CC","2026-08-19T09:00:00.000000",24.1965007781982
"CC","2026-08-19T10:00:00.000000",24.1958179473877
"CC","2026-08-19T11:00:00.000000",24.1938247680664
"CC","2026-08-19T12:00:00.000000",24.1925792694092
"CC","2026-08-19T13:00:00.000000",24.1925392150879
"CC","2026-08-19T14:00:00.000000",24.1913528442383
"CC","2026-08-19T15:00:00.000000",24.1888103485107
"CC","2026-08-19T16:00:00.000000",24.1874771118164
"CC","2026-08-19T17:00:00.000000",24.1889381408691
"CC","2026-08-19T18:00:00.000000",24.1925029754639
"CC","2026-08-19T19:00:00.000000",24.1989669799805
"CC","2026-08-19T20:00:00.000000",24.2107772827148
"CC","2026-08-19T21:00:00.000000",24.2225284576416
"CC","2026-08-19T22:00:00.000000",24.2337284088135
"CC","2026-08-19T23:00:00.000000",24.2416820526123
"CC","2026-08-20T00:00:00.000000",24.2488174438477
"CC","2026-08-20T01:00:00.000000",24.2556037902832
"CC","2026-08-20T02:00:00.000000",24.2605972290039
"CC","2026-08-20T03:00:00.000000",24.2650585174561
"CC","2026-08-20T04:00:00.000000",24.2681655883789
"CC","2026-08-20T05:00:00.000000",24.2693958282471
"CC","2026-08-20T06:00:00.000000",24.269344329834
"CC","2026-08-20T07:00:00.000000",24.2690334320068
"CC","2026-08-20T08:00:00.000000",24.2683181762695
"CC","2026-08-20T09:00:00.000000",24.2671585083008
"CC","2026-08-20T10:00:00.000000",24.2660083770752
"CC","2026-08-20T11:00:00.000000",24.2647552490234
"CC","2026-08-20T12:00:00.000000",24.262565612793
"CC","2026-08-20T13:00:00.000000",24.261739730835
"CC","2026-08-20T14:00:00.000000",24.2604484558105
"CC","2026-08-20T15:00:00.000000",24.2596015930176
"CC","2026-08-20T16:00:00.000000",24.2576713562012
"CC","2026-08-20T17:00:00.000000",24.2559547424316
"CC","2026-08-20T18:00:00.000000",24.2518920898438
"CC","2026-08-20T19:00:00.000000",24.2434425354004
"CC","2026-08-20T20:00:00.000000",24.235424041748
"CC","2026-08-20T21:00:00.000000",24.2279033660889
"CC","2026-08-20T22:00:00.000000",24.2225475311279
"CC","2026-08-20T23:00:00.000000",24.217586517334
"CC","2026-08-21T00:00:00.000000",24.2133846282959
"CC","2026-08-21T01:00:00.000000",24.210241317749
"CC","2026-08-21T02:00:00.000000",24.2082691192627
"CC","2026-08-21T03:00:00.000000",24.2058696746826
"CC","2026-08-21T04:00:00.000000",24.202564239502
"CC","2026-08-21T05:00:00.000000",24.1995086669922
"CC","2026-08-21T06:00:00.000000",24.197322845459
"CC","2026-08-21T07:00:00.000000",24.1949043273926
"CC","2026-08-21T08:00:00.000000",24.192964553833
"CC","2026-08-21T09:00:00.000000",24.1548805236816
"CC","2026-08-21T10:00:00.000000",24.1302642822266
"CC","2026-08-21T11:00:00.000000",24.114278793335
"CC","2026-08-21T12:00:00.000000",24.0989398956299
"CC","2026-08-21T13:00:00.000000",24.0914039611816
"CC","2026-08-21T14:00:00.000000",24.0857791900635
"CC","2026-08-21T15:00:00.000000",24.0876045227051
"CC","2026-08-21T16:00:00.000000",24.0905132293701
"CC","2026-08-21T17:00:00.000000",24.0943088531494
"CC","2026-08-21T18:00:00.000000",24.0973415374756
"CC","2026-08-21T19:00:00.000000",24.0998249053955
"CC","2026-08-21T20:00:00.000000",24.1015300750732
"CC","2026-08-21T21:00:00.000000",24.1015796661377
"CC","2026-08-21T22:00:00.000000",24.0974769592285
"CC","2026-08-21T23:00:00.000000",24.0910091400146
"CC","2026-08-22T00:00:00.000000",24.0836582183838
"CC","2026-08-22T01:00:00.000000",24.068754196167
"CC","2026-08-22T02:00:00.000000",24.0591239929199
"CC","2026-08-22T03:00:00.000000",24.0492382049561
"CC","2026-08-22T04:00:00.000000",24.0395259857178
"CC","2026-08-22T05:00:00.000000",24.0326061248779
"CC","2026-08-22T06:00:00.000000",24.0259761810303
"CC","2026-08-22T07:00:00.000000",24.0217208862305
"CC","2026-08-22T08:00:00.000000",24.0167274475098
"CC","2026-08-22T09:00:00.000000",24.0124950408936
"CC","2026-08-22T10:00:00.000000",24.0080642700195
"CC","2026-08-22T11:00:00.000000",24.0040969848633
"CC","2026-08-22T12:00:00.000000",23.9991683959961
"CC","2026-08-22T13:00:00.000000",23.9932727813721
"CC","2026-08-22T14:00:00.000000",23.9872455596924
"CC","2026-08-22T15:00:00.000000",23.9819583892822
"CC","2026-08-22T16:00:00.000000",23.9775657653809
"CC","2026-08-22T17:00:00.000000",23.9736251831055
"CC","2026-08-22T18:00:00.000000",23.9702224731445
"CC","2026-08-22T19:00:00.000000",23.9677410125732
"CC","2026-08-22T20:00:00.000000",23.9648895263672
"CC","2026-08-22T21:00:00.000000",23.9620265960693
"CC","2026-08-22T22:00:00.000000",23.9589672088623
"CC","2026-08-22T23:00:00.000000",23.9570121765137
"CC","2026-08-23T00:00:00.000000",23.9550018310547
"CC","2026-08-23T01:00:00.000000",23.9532623291016
"CC","2026-08-23T02:00:00.000000",23.9522247314453
"CC","2026-08-23T03:00:00.000000",23.9520683288574
"CC","2026-08-23T04:00:00.000000",23.952262878418
"CC","2026-08-23T05:00:00.000000",23.9529705047607
"CC","2026-08-23T06:00:00.000000",23.9534778594971
"CC","2026-08-23T07:00:00.000000",23.9544200897217
"CC","2026-08-23T08:00:00.000000",23.9557857513428
"CC","2026-08-23T09:00:00.000000",23.9573726654053
"CC","2026-08-23T10:00:00.000000",23.9592342376709
"CC","2026-08-23T11:00:00.000000",23.9618186950684
"CC","2026-08-23T12:00:00.000000",23.9656238555908
"CC","2026-08-23T13:00:00.000000",23.969856262207
"CC","2026-08-23T14:00:00.000000",23.9748458862305
"CC","2026-08-23T15:00:00.000000",23.9793033599854
"CC","2026-08-23T16:00:00.000000",23.9836902618408
"CC","2026-08-23T17:00:00.000000",23.9878234863281
"CC","2026-08-23T18:00:00.000000",23.9921875
"CC","2026-08-23T19:00:00.000000",23.9990730285645
"CC","2026-08-23T20:00:00.000000",24.0107841491699
"CC","2026-08-23T21:00:00.000000",24.0232963562012
"CC","2026-08-23T22:00:00.000000",24.0379219055176
"CC","2026-08-23T23:00:00.000000",24.051794052124
"CC","2026-08-24T00:00:00.000000",24.0623016357422
"CC","2026-08-24T01:00:00.000000",24.0723857879639
"CC","2026-08-24T02:00:00.000000",24.0818920135498
"CC","2026-08-24T03:00:00.000000",24.0932216644287
"CC","2026-08-24T04:00:00.000000",24.1048831939697
"CC","2026-08-24T05:00:00.000000",24.1163940429688
"CC","2026-08-24T06:00:00.000000",24.1273651123047
"CC","2026-08-24T07:00:00.000000",24.1355533599854
"CC","2026-08-24T08:00:00.000000",24.1406192779541
"CC","2026-08-24T09:00:00.000000",24.1425914764404
"CC","2026-08-24T10:00:00.000000",24.1403923034668
"CC","2026-08-24T11:00:00.000000",24.1365756988525
"CC","2026-08-24T12:00:00.000000",24.1313133239746
"CC","2026-08-24T13:00:00.000000",24.128267288208
"CC","2026-08-24T14:00:00.000000",24.1237373352051
"CC","2026-08-24T15:00:00.000000",24.1220073699951
"CC","2026-08-24T16:00:00.000000",24.1164875030518
"CC","2026-08-24T17:00:00.000000",24.1178035736084
"CC","2026-08-24T18:00:00.000000",24.117259979248
"CC","2026-08-24T19:00:00.000000",24.1198825836182
"CC","2026-08-24T20:00:00.000000",24.1230754852295
"CC","2026-08-24T21:00:00.000000",24.1279106140137
"CC","2026-08-24T22:00:00.000000",24.1317024230957
"CC","2026-08-24T23:00:00.000000",24.1368141174316
"CC","2026-08-25T00:00:00.000000",24.1439189910889
"CC","2026-08-25T01:00:00.000000",24.150691986084
"CC","2026-08-25T02:00:00.000000",24.1580085754395
"CC","2026-08-25T03:00:00.000000",24.1640319824219
"CC","2026-08-25T04:00:00.000000",24.1685276031494
"CC","2026-08-25T05:00:00.000000",24.1725997924805
"CC","2026-08-25T06:00:00.000000",24.1739330291748
"CC","2026-08-25T07:00:00.000000",24.1741619110107
"CC","2026-08-25T08:00:00.000000",24.1721515655518
"CC","2026-08-25T09:00:00.000000",24.1682319641113
"CC","2026-08-25T10:00:00.000000",24.1630229949951
"CC","2026-08-25T11:00:00.000000",24.1554508209229
"CC","2026-08-25T12:00:00.000000",24.1498203277588
"CC","2026-08-25T13:00:00.000000",24.1441230773926
"CC","2026-08-25T14:00:00.000000",24.1423149108887
"CC","2026-08-25T15:00:00.000000",24.1414813995361
"CC","2026-08-25T16:00:00.000000",24.1413822174072
"CC","2026-08-25T17:00:00.000000",24.1430168151855
"CC","2026-08-25T18:00:00.000000",24.1509380340576
"CC","2026-08-25T19:00:00.000000",24.1616477966309
"CC","2026-08-25T20:00:00.000000",24.1753120422363
"CC","2026-08-25T21:00:00.000000",24.1872215270996
"CC","2026-08-25T22:00:00.000000",24.2003002166748
"CC","2026-08-25T23:00:00.000000",24.2097187042236
"CC","2026-08-26T00:00:00.000000",24.2181911468506
"CC","2026-08-26T01:00:00.000000",24.221773147583
"CC","2026-08-26T02:00:00.000000",24.2136325836182
"CC","2026-08-26T03:00:00.000000",24.1860866546631
"CC","2026-08-26T04:00:00.000000",24.1316757202148
"CC","2026-08-26T05:00:00.000000",24.0596008300781
"CC","2026-08-26T06:00:00.000000",23.977481842041
"CC","2026-08-26T07:00:00.000000",23.875072479248
"CC","2026-08-26T08:00:00.000000",23.76637840271
"CC","2026-08-26T09:00:00.000000",23.6497840881348
"CC","2026-08-26T10:00:00.000000",23.5567741394043
"CC","2026-08-26T11:00:00.000000",23.4764404296875
"CC","2026-08-26T12:00:00.000000",23.4217376708984
"CC","2026-08-26T13:00:00.000000",23.3822479248047
"CC","2026-08-26T14:00:00.000000",23.3630218505859
"CC","2026-08-26T15:00:00.000000",23.3517208099365
"CC","2026-08-26T16:00:00.000000",23.345365524292
"CC","2026-08-26T17:00:00.000000",23.3457794189453
"CC","2026-08-26T18:00:00.000000",23.3518981933594
"CC","2026-08-26T19:00:00.000000",23.3703479766846
"CC","2026-08-26T20:00:00.000000",23.4043941497803
"CC","2026-08-26T21:00:00.000000",23.4414501190186
"CC","2026-08-26T22:00:00.000000",23.5096530914307
"CC","2026-08-26T23:00:00.000000",23.6147060394287
"CC","2026-08-27T00:00:00.000000",23.7149219512939
"DL","2026-08-19T00:00:00.000000",23.2132606506348
"DL","2026-08-19T01:00:00.000000",23.084436416626
"DL","2026-08-19T02:00:00.000000",23.0560970306396
"DL","2026-08-19T03:00:00.000000",23.0289287567139
"DL","2026-08-19T04:00:00.000000",23.0192031860352
"DL","2026-08-19T05:00:00.000000",23.0018634796143
"DL","2026-08-19T06:00:00.000000",23.0194339752197
"DL","2026-08-19T07:00:00.000000",23.0396995544434
"DL","2026-08-19T08:00:00.000000",23.0958518981934
"DL","2026-08-19T09:00:00.000000",23.1444549560547
"DL","2026-08-19T10:00:00.000000",23.1164741516113
"DL","2026-08-19T11:00:00.000000",23.0880641937256
"DL","2026-08-19T12:00:00.000000",23.0530261993408
"DL","2026-08-19T13:00:00.000000",23.1013450622559
"DL","2026-08-19T14:00:00.000000",23.0406169891357
"DL","2026-08-19T15:00:00.000000",23.0353260040283
"DL","2026-08-19T16:00:00.000000",23.0417385101318
"DL","2026-08-19T17:00:00.000000",23.041690826416
"DL","2026-08-19T18:00:00.000000",23.0530395507812
"DL","2026-08-19T19:00:00.000000",23.0648307800293
"DL","2026-08-19T20:00:00.000000",23.0847930908203
"DL","2026-08-19T21:00:00.000000",23.0862445831299
"DL","2026-08-19T22:00:00.000000",23.0954647064209
"DL","2026-08-19T23:00:00.000000",23.068904876709
"DL","2026-08-20T00:00:00.000000",23.0782165527344
"DL","2026-08-20T01:00:00.000000",23.1983947753906
"DL","2026-08-20T02:00:00.000000",23.0858554840088
"DL","2026-08-20T03:00:00.000000",23.0391864776611
"DL","2026-08-20T04:00:00.000000",23.0072154998779
"DL","2026-08-20T05:00:00.000000",23.0032501220703
"DL","2026-08-20T06:00:00.000000",23.0124397277832
"DL","2026-08-20T07:00:00.000000",23.0363636016846
"DL","2026-08-20T08:00:00.000000",23.0465965270996
"DL","2026-08-20T09:00:00.000000",23.1673259735107
"DL","2026-08-20T10:00:00.000000",23.2034511566162
"DL","2026-08-20T11:00:00.000000",23.1551895141602
"DL","2026-08-20T12:00:00.000000",23.0864696502686
"DL","2026-08-20T13:00:00.000000",23.1068477630615
"DL","2026-08-20T14:00:00.000000",23.0726051330566
"DL","2026-08-20T15:00:00.000000",23.0788516998291
"DL","2026-08-20T16:00:00.000000",23.0819301605225
"DL","2026-08-20T17:00:00.000000",23.0689144134521
"DL","2026-08-20T18:00:00.000000",23.0670166015625
"DL","2026-08-20T19:00:00.000000",23.0896301269531
"DL","2026-08-20T20:00:00.000000",23.0960998535156
"DL","2026-08-20T21:00:00.000000",23.0978050231934
"DL","2026-08-20T22:00:00.000000",23.1052150726318
"DL","2026-08-20T23:00:00.000000",23.1398506164551
"DL","2026-08-21T00:00:00.000000",23.123836517334
"DL","2026-08-21T01:00:00.000000",23.1879348754883
"DL","2026-08-21T02:00:00.000000",23.1929588317871
"DL","2026-08-21T03:00:00.000000",23.1305408477783
"DL","2026-08-21T04:00:00.000000",23.0756435394287
"DL","2026-08-21T05:00:00.000000",23.017463684082
"DL","2026-08-21T06:00:00.000000",22.9915828704834
"DL","2026-08-21T07:00:00.000000",22.9694690704346
"DL","2026-08-21T08:00:00.000000",22.977014541626
"DL","2026-08-21T09:00:00.000000",22.9804267883301
"DL","2026-08-21T10:00:00.000000",23.0246315002441
"DL","2026-08-21T11:00:00.000000",23.026668548584
"DL","2026-08-21T12:00:00.000000",22.9707660675049
"DL","2026-08-21T13:00:00.000000",22.9591865539551
"DL","2026-08-21T14:00:00.000000",22.9192390441895
"DL","2026-08-21T15:00:00.000000",22.8985271453857
"DL","2026-08-21T16:00:00.000000",22.8904151916504
"DL","2026-08-21T17:00:00.000000",22.8833255767822
"DL","2026-08-21T18:00:00.000000",22.8806266784668
"DL","2026-08-21T19:00:00.000000",22.878547668457
"DL","2026-08-21T20:00:00.000000",22.8748455047607
"DL","2026-08-21T21:00:00.000000",22.8667430877686
"DL","2026-08-21T22:00:00.000000",22.8576202392578
"DL","2026-08-21T23:00:00.000000",22.8466815948486
"DL","2026-08-22T00:00:00.000000",22.8366966247559
"DL","2026-08-22T01:00:00.000000",22.8881683349609
"DL","2026-08-22T02:00:00.000000",22.9807929992676
"DL","2026-08-22T03:00:00.000000",22.8912258148193
"DL","2026-08-22T04:00:00.000000",22.8701305389404
"DL","2026-08-22T05:00:00.000000",22.8560009002686
"DL","2026-08-22T06:00:00.000000",22.8521671295166
"DL","2026-08-22T07:00:00.000000",22.851692199707
"DL","2026-08-22T08:00:00.000000",22.8509902954102
"DL","2026-08-22T09:00:00.000000",22.8497123718262
"DL","2026-08-22T10:00:00.000000",22.8492050170898
"DL","2026-08-22T11:00:00.000000",22.8764457702637
"DL","2026-08-22T12:00:00.000000",22.8891887664795
"DL","2026-08-22T13:00:00.000000",22.8862838745117
"DL","2026-08-22T14:00:00.000000",22.8682441711426
"DL","2026-08-22T15:00:00.000000",22.8690013885498
"DL","2026-08-22T16:00:00.000000",22.869743347168
"DL","2026-08-22T17:00:00.000000",22.8776264190674
"DL","2026-08-22T18:00:00.000000",22.8887462615967
"DL","2026-08-22T19:00:00.000000",22.8990516662598
"DL","2026-08-22T20:00:00.000000",22.9089736938477
"DL","2026-08-22T21:00:00.000000",22.9136390686035
"DL","2026-08-22T22:00:00.000000",22.9152317047119
"DL","2026-08-22T23:00:00.000000",22.9084949493408
"DL","2026-08-23T00:00:00.000000",22.9017028808594
"DL","2026-08-23T01:00:00.000000",22.9041786193848
"DL","2026-08-23T02:00:00.000000",22.9114360809326
"DL","2026-08-23T03:00:00.000000",22.9218940734863
"DL","2026-08-23T04:00:00.000000",22.9266490936279
"DL","2026-08-23T05:00:00.000000",22.9533615112305
"DL","2026-08-23T06:00:00.000000",22.9417839050293
"DL","2026-08-23T07:00:00.000000",22.9191608428955
"DL","2026-08-23T08:00:00.000000",22.9099044799805
"DL","2026-08-23T09:00:00.000000",22.9029235839844
"DL","2026-08-23T10:00:00.000000",22.8939056396484
"DL","2026-08-23T11:00:00.000000",22.8912925720215
"DL","2026-08-23T12:00:00.000000",22.9594058990479
"DL","2026-08-23T13:00:00.000000",22.9566173553467
"DL","2026-08-23T14:00:00.000000",22.9807434082031
"DL","2026-08-23T15:00:00.000000",22.939510345459
"DL","2026-08-23T16:00:00.000000",22.9313640594482
"DL","2026-08-23T17:00:00.000000",22.9329853057861
"DL","2026-08-23T18:00:00.000000",22.9350452423096
"DL","2026-08-23T19:00:00.000000",22.9989280700684
"DL","2026-08-23T20:00:00.000000",23.0947284698486
"DL","2026-08-23T21:00:00.000000",23.1620464324951
"DL","2026-08-23T22:00:00.000000",23.1791114807129
"DL","2026-08-23T23:00:00.000000",23.0610256195068
"DL","2026-08-24T00:00:00.000000",23.0076122283936
"DL","2026-08-24T01:00:00.000000",22.979829788208
"DL","2026-08-24T02:00:00.000000",23.0306224822998
"DL","2026-08-24T03:00:00.000000",23.0546569824219
"DL","2026-08-24T04:00:00.000000",23.1821212768555
"DL","2026-08-24T05:00:00.000000",23.2135810852051
"DL","2026-08-24T06:00:00.000000",23.2096576690674
"DL","2026-08-24T07:00:00.000000",23.2583961486816
"DL","2026-08-24T08:00:00.000000",23.2585487365723
"DL","2026-08-24T09:00:00.000000",23.2564830780029
"DL","2026-08-24T10:00:00.000000",23.2567615509033
"DL","2026-08-24T11:00:00.000000",23.2485466003418
"DL","2026-08-24T12:00:00.000000",23.2113590240479
"DL","2026-08-24T13:00:00.000000",23.081844329834
"DL","2026-08-24T14:00:00.000000",23.0920219421387
"DL","2026-08-24T15:00:00.000000",23.100622177124
"DL","2026-08-24T16:00:00.000000",23.210355758667
"DL","2026-08-24T17:00:00.000000",23.2171516418457
"DL","2026-08-24T18:00:00.000000",23.2501373291016
"DL","2026-08-24T19:00:00.000000",23.2410755157471
"DL","2026-08-24T20:00:00.000000",23.2283344268799
"DL","2026-08-24T21:00:00.000000",23.2246952056885
"DL","2026-08-24T22:00:00.000000",23.2272968292236
"DL","2026-08-24T23:00:00.000000",23.2380638122559
"DL","2026-08-25T00:00:00.000000",23.2551078796387
"DL","2026-08-25T01:00:00.000000",23.2584629058838
"DL","2026-08-25T02:00:00.000000",23.2503833770752
"DL","2026-08-25T03:00:00.000000",23.1891536712646
"DL","2026-08-25T04:00:00.000000",23.1873645782471
"DL","2026-08-25T05:00:00.000000",23.1842365264893
"DL","2026-08-25T06:00:00.000000",23.1619606018066
"DL","2026-08-25T07:00:00.000000",23.1248722076416
"DL","2026-08-25T08:00:00.000000",23.1093044281006
"DL","2026-08-25T09:00:00.000000",23.099027633667
"DL","2026-08-25T10:00:00.000000",23.1048755645752
"DL","2026-08-25T11:00:00.000000",23.1193523406982
"DL","2026-08-25T12:00:00.000000",23.172643661499
"DL","2026-08-25T13:00:00.000000",23.186975479126
"DL","2026-08-25T14:00:00.000000",23.1810283660889
"DL","2026-08-25T15:00:00.000000",23.1822547912598
"DL","2026-08-25T16:00:00.000000",23.1435432434082
"DL","2026-08-25T17:00:00.000000",23.0363712310791
"DL","2026-08-25T18:00:00.000000",22.9382171630859
"DL","2026-08-25T19:00:00.000000",22.8814105987549
"DL","2026-08-25T20:00:00.000000",22.8237438201904
"DL","2026-08-25T21:00:00.000000",22.8143577575684
"DL","2026-08-25T22:00:00.000000",22.799280166626
"DL","2026-08-25T23:00:00.000000",22.7917785644531
"DL","2026-08-26T00:00:00.000000",22.8296775817871
"DL","2026-08-26T01:00:00.000000",22.864767074585
"DL","2026-08-26T02:00:00.000000",22.9680213928223
"DL","2026-08-26T03:00:00.000000",23.1128921508789
"DL","2026-08-26T04:00:00.000000",23.1471996307373
"DL","2026-08-26T05:00:00.000000",23.1298904418945
"DL","2026-08-26T06:00:00.000000",23.1314907073975
"DL","2026-08-26T07:00:00.000000",22.8038368225098
"DL","2026-08-26T08:00:00.000000",22.762975692749
"DL","2026-08-26T09:00:00.000000",22.75417137146
"DL","2026-08-26T10:00:00.000000",22.7539024353027
"DL","2026-08-26T11:00:00.000000",22.7528877258301
"DL","2026-08-26T12:00:00.000000",22.7952976226807
"DL","2026-08-26T13:00:00.000000",22.8126029968262
"DL","2026-08-26T14:00:00.000000",23.0077857971191
"DL","2026-08-26T15:00:00.000000",23.1014442443848
"DL","2026-08-26T16:00:00.000000",23.1191539764404
"DL","2026-08-26T17:00:00.000000",22.9258136749268
"DL","2026-08-26T18:00:00.000000",22.6459617614746
"DL","2026-08-26T19:00:00.000000",22.5221080780029
"DL","2026-08-26T20:00:00.000000",22.4484272003174
"DL","2026-08-26T21:00:00.000000",22.3929748535156
"DL","2026-08-26T22:00:00.000000",22.3685855865479
"DL","2026-08-26T23:00:00.000000",22.3606662750244
"DL","2026-08-27T00:00:00.000000",22.3694686889648
"GB","2026-08-19T00:00:00.000000",23.2909488677979
"GB","2026-08-19T01:00:00.000000",23.3071594238281
"GB","2026-08-19T02:00:00.000000",23.3432025909424
"GB","2026-08-19T03:00:00.000000",23.4172744750977
"GB","2026-08-19T04:00:00.000000",23.5190677642822
"GB","2026-08-19T05:00:00.000000",23.3165397644043
"GB","2026-08-19T06:00:00.000000",23.1062812805176
"GB","2026-08-19T07:00:00.000000",22.9759864807129
"GB","2026-08-19T08:00:00.000000",22.8330898284912
"GB","2026-08-19T09:00:00.000000",22.750940322876
"GB","2026-08-19T10:00:00.000000",23.2353668212891
"GB","2026-08-19T11:00:00.000000",23.3341217041016
"GB","2026-08-19T12:00:00.000000",23.343189239502
"GB","2026-08-19T13:00:00.000000",23.2927017211914
"GB","2026-08-19T14:00:00.000000",23.2812480926514
"GB","2026-08-19T15:00:00.000000",23.3099517822266
"GB","2026-08-19T16:00:00.000000",23.4184284210205
"GB","2026-08-19T17:00:00.000000",23.3327865600586
"GB","2026-08-19T18:00:00.000000",23.131908416748
"GB","2026-08-19T19:00:00.000000",22.9817676544189
"GB","2026-08-19T20:00:00.000000",22.874547958374
"GB","2026-08-19T21:00:00.000000",22.7879238128662
"GB","2026-08-19T22:00:00.000000",23.0896816253662
"GB","2026-08-19T23:00:00.000000",23.2413311004639
"GB","2026-08-20T00:00:00.000000",23.2813205718994
"GB","2026-08-20T01:00:00.000000",23.2720050811768
"GB","2026-08-20T02:00:00.000000",23.269323348999
"GB","2026-08-20T03:00:00.000000",23.2870082855225
"GB","2026-08-20T04:00:00.000000",23.3492851257324
"GB","2026-08-20T05:00:00.000000",23.4170761108398
"GB","2026-08-20T06:00:00.000000",23.3591480255127
"GB","2026-08-20T07:00:00.000000",23.3294429779053
"GB","2026-08-20T08:00:00.000000",23.2987327575684
"GB","2026-08-20T09:00:00.000000",23.2580680847168
"GB","2026-08-20T10:00:00.000000",23.205810546875
"GB","2026-08-20T11:00:00.000000",23.2646179199219
"GB","2026-08-20T12:00:00.000000",23.2912330627441
"GB","2026-08-20T13:00:00.000000",23.3295116424561
"GB","2026-08-20T14:00:00.000000",23.3427906036377
"GB","2026-08-20T15:00:00.000000",23.3569850921631
"GB","2026-08-20T16:00:00.000000",23.3838748931885
"GB","2026-08-20T17:00:00.000000",23.4113502502441
"GB","2026-08-20T18:00:00.000000",23.3217792510986
"GB","2026-08-20T19:00:00.000000",23.2139186859131
"GB","2026-08-20T20:00:00.000000",23.136661529541
"GB","2026-08-20T21:00:00.000000",23.0750885009766
"GB","2026-08-20T22:00:00.000000",23.0459957122803
"GB","2026-08-20T23:00:00.000000",23.1391754150391
"GB","2026-08-21T00:00:00.000000",23.1448459625244
"GB","2026-08-21T01:00:00.000000",23.1944713592529
"GB","2026-08-21T02:00:00.000000",23.219202041626
"GB","2026-08-21T03:00:00.000000",23.2392902374268
"GB","2026-08-21T04:00:00.000000",23.246244430542
"GB","2026-08-21T05:00:00.000000",23.3159084320068
"GB","2026-08-21T06:00:00.000000",23.3264350891113
"GB","2026-08-21T07:00:00.000000",23.186840057373
"GB","2026-08-21T08:00:00.000000",23.0389575958252
"GB","2026-08-21T09:00:00.000000",22.9482173919678
"GB","2026-08-21T10:00:00.000000",22.844898223877
"GB","2026-08-21T11:00:00.000000",22.7424659729004
"GB","2026-08-21T12:00:00.000000",22.9129791259766
"GB","2026-08-21T13:00:00.000000",23.0361995697021
"GB","2026-08-21T14:00:00.000000",23.0609130859375
"GB","2026-08-21T15:00:00.000000",23.0391635894775
"GB","2026-08-21T16:00:00.000000",23.0064373016357
"GB","2026-08-21T17:00:00.000000",23.0134410858154
"GB","2026-08-21T18:00:00.000000",23.0595054626465
"GB","2026-08-21T19:00:00.000000",22.9966926574707
"GB","2026-08-21T20:00:00.000000",22.8535404205322
"GB","2026-08-21T21:00:00.000000",22.7164611816406
"GB","2026-08-21T22:00:00.000000",22.5733623504639
"GB","2026-08-21T23:00:00.000000",22.4380874633789
"GB","2026-08-22T00:00:00.000000",22.6330871582031
"GB","2026-08-22T01:00:00.000000",22.8483581542969
"GB","2026-08-22T02:00:00.000000",22.970739364624
"GB","2026-08-22T03:00:00.000000",23.0703086853027
"GB","2026-08-22T04:00:00.000000",23.1482238769531
"GB","2026-08-22T05:00:00.000000",22.9548187255859
"GB","2026-08-22T06:00:00.000000",23.0867156982422
"GB","2026-08-22T07:00:00.000000",23.1178417205811
"GB","2026-08-22T08:00:00.000000",22.9519672393799
"GB","2026-08-22T09:00:00.000000",22.7633304595947
"GB","2026-08-22T10:00:00.000000",22.5967178344727
"GB","2026-08-22T11:00:00.000000",22.419454574585
"GB","2026-08-22T12:00:00.000000",22.39186668396
"GB","2026-08-22T13:00:00.000000",22.775577545166
"GB","2026-08-22T14:00:00.000000",22.9390926361084
"GB","2026-08-22T15:00:00.000000",22.9881343841553
"GB","2026-08-22T16:00:00.000000",22.9247722625732
"GB","2026-08-22T17:00:00.000000",22.8235034942627
"GB","2026-08-22T18:00:00.000000",22.8625316619873
"GB","2026-08-22T19:00:00.000000",23.0611896514893
"GB","2026-08-22T20:00:00.000000",22.9746437072754
"GB","2026-08-22T21:00:00.000000",22.7522163391113
"GB","2026-08-22T22:00:00.000000",22.5358390808105
"GB","2026-08-22T23:00:00.000000",22.3736972808838
"GB","2026-08-23T00:00:00.000000",22.2046947479248
"GB","2026-08-23T01:00:00.000000",22.4031047821045
"GB","2026-08-23T02:00:00.000000",22.7866344451904
"GB","2026-08-23T03:00:00.000000",22.8767242431641
"GB","2026-08-23T04:00:00.000000",22.8075294494629
"GB","2026-08-23T05:00:00.000000",22.7069778442383
"GB","2026-08-23T06:00:00.000000",22.7370719909668
"GB","2026-08-23T07:00:00.000000",22.9839134216309
"GB","2026-08-23T08:00:00.000000",23.0381851196289
"GB","2026-08-23T09:00:00.000000",22.8662014007568
"GB","2026-08-23T10:00:00.000000",22.6625938415527
"GB","2026-08-23T11:00:00.000000",22.5045604705811
"GB","2026-08-23T12:00:00.000000",22.3704986572266
"GB","2026-08-23T13:00:00.000000",22.2796268463135
"GB","2026-08-23T14:00:00.000000",22.668212890625
"GB","2026-08-23T15:00:00.000000",22.9202499389648
"GB","2026-08-23T16:00:00.000000",22.9583969116211
"GB","2026-08-23T17:00:00.000000",22.8668041229248
"GB","2026-08-23T18:00:00.000000",22.7991371154785
"GB","2026-08-23T19:00:00.000000",22.9347801208496
"GB","2026-08-23T20:00:00.000000",23.0643863677979
"GB","2026-08-23T21:00:00.000000",23.0280666351318
"GB","2026-08-23T22:00:00.000000",22.9061756134033
"GB","2026-08-23T23:00:00.000000",22.8086719512939
"GB","2026-08-24T00:00:00.000000",22.704137802124
"GB","2026-08-24T01:00:00.000000",22.5798969268799
"GB","2026-08-24T02:00:00.000000",22.6271934509277
"GB","2026-08-24T03:00:00.000000",22.8862113952637
"GB","2026-08-24T04:00:00.000000",22.9607810974121
"GB","2026-08-24T05:00:00.000000",22.9453907012939
"GB","2026-08-24T06:00:00.000000",22.9170150756836
"GB","2026-08-24T07:00:00.000000",22.9360084533691
"GB","2026-08-24T08:00:00.000000",22.9865798950195
"GB","2026-08-24T09:00:00.000000",22.985652923584
"GB","2026-08-24T10:00:00.000000",22.9214324951172
"GB","2026-08-24T11:00:00.000000",22.8888702392578
"GB","2026-08-24T12:00:00.000000",22.8771114349365
"GB","2026-08-24T13:00:00.000000",22.8588581085205
"GB","2026-08-24T14:00:00.000000",22.8350791931152
"GB","2026-08-24T15:00:00.000000",22.8645038604736
"GB","2026-08-24T16:00:00.000000",22.8464679718018
"GB","2026-08-24T17:00:00.000000",22.8730754852295
"GB","2026-08-24T18:00:00.000000",22.8996448516846
"GB","2026-08-24T19:00:00.000000",22.9241046905518
"GB","2026-08-24T20:00:00.000000",22.9547004699707
"GB","2026-08-24T21:00:00.000000",22.9744548797607
"GB","2026-08-24T22:00:00.000000",22.973560333252
"GB","2026-08-24T23:00:00.000000",22.9610214233398
"GB","2026-08-25T00:00:00.000000",22.946231842041
"GB","2026-08-25T01:00:00.000000",22.9253253936768
"GB","2026-08-25T02:00:00.000000",22.924503326416
"GB","2026-08-25T03:00:00.000000",22.995325088501
"GB","2026-08-25T04:00:00.000000",22.8805694580078
"GB","2026-08-25T05:00:00.000000",22.8807964324951
"GB","2026-08-25T06:00:00.000000",22.9151268005371
"GB","2026-08-25T07:00:00.000000",22.959939956665
"GB","2026-08-25T08:00:00.000000",23.0015888214111
"GB","2026-08-25T09:00:00.000000",23.0533428192139
"GB","2026-08-25T10:00:00.000000",23.0888538360596
"GB","2026-08-25T11:00:00.000000",23.1009712219238
"GB","2026-08-25T12:00:00.000000",23.0989074707031
"GB","2026-08-25T13:00:00.000000",23.0877952575684
"GB","2026-08-25T14:00:00.000000",23.0650901794434
"GB","2026-08-25T15:00:00.000000",23.1028022766113
"GB","2026-08-25T16:00:00.000000",22.8349418640137
"GB","2026-08-25T17:00:00.000000",22.7603530883789
"GB","2026-08-25T18:00:00.000000",22.8008518218994
"GB","2026-08-25T19:00:00.000000",22.8384399414062
"GB","2026-08-25T20:00:00.000000",22.9425468444824
"GB","2026-08-25T21:00:00.000000",22.9772720336914
"GB","2026-08-25T22:00:00.000000",23.0191669464111
"GB","2026-08-25T23:00:00.000000",23.0952396392822
"GB","2026-08-26T00:00:00.000000",23.1794986724854
"GB","2026-08-26T01:00:00.000000",23.2523097991943
"GB","2026-08-26T02:00:00.000000",23.3030071258545
"GB","2026-08-26T03:00:00.000000",23.3430767059326
"GB","2026-08-26T04:00:00.000000",22.9467506408691
"GB","2026-08-26T05:00:00.000000",22.6130428314209
"GB","2026-08-26T06:00:00.000000",22.64280128479
"GB","2026-08-26T07:00:00.000000",22.6940097808838
"GB","2026-08-26T08:00:00.000000",22.7469158172607
"GB","2026-08-26T09:00:00.000000",22.8247623443604
"GB","2026-08-26T10:00:00.000000",22.8847408294678
"GB","2026-08-26T11:00:00.000000",22.9602890014648
"GB","2026-08-26T12:00:00.000000",23.0200462341309
"GB","2026-08-26T13:00:00.000000",23.0649299621582
"GB","2026-08-26T14:00:00.000000",23.0938587188721
"GB","2026-08-26T15:00:00.000000",23.1266002655029
"GB","2026-08-26T16:00:00.000000",22.8612995147705
"GB","2026-08-26T17:00:00.000000",22.484094619751
"GB","2026-08-26T18:00:00.000000",22.5806999206543
"GB","2026-08-26T19:00:00.000000",22.6680374145508
"GB","2026-08-26T20:00:00.000000",22.7236461639404
"GB","2026-08-26T21:00:00.000000",22.8065147399902
"GB","2026-08-26T22:00:00.000000",22.8688468933105
"GB","2026-08-26T23:00:00.000000",22.9399852752686
"GB","2026-08-27T00:00:00.000000",23.015323638916
"LI","2026-08-19T00:00:00.000000",24.314920425415
"LI","2026-08-19T01:00:00.000000",24.3118896484375
"LI","2026-08-19T02:00:00.000000",24.3093681335449
"LI","2026-08-19T03:00:00.000000",24.3188610076904
"LI","2026-08-19T04:00:00.000000",24.3172512054443
"LI","2026-08-19T05:00:00.000000",24.309850692749
"LI","2026-08-19T06:00:00.000000",24.2945899963379
"LI","2026-08-19T07:00:00.000000",24.2718086242676
"LI","2026-08-19T08:00:00.000000",24.2624664306641
"LI","2026-08-19T09:00:00.000000",24.2551155090332
"LI","2026-08-19T10:00:00.000000",24.2504749298096
"LI","2026-08-19T11:00:00.000000",24.2490673065186
"LI","2026-08-19T12:00:00.000000",24.2443695068359
"LI","2026-08-19T13:00:00.000000",24.2356109619141
"LI","2026-08-19T14:00:00.000000",24.2543697357178
"LI","2026-08-19T15:00:00.000000",24.2588291168213
"LI","2026-08-19T16:00:00.000000",24.2391510009766
"LI","2026-08-19T17:00:00.000000",24.2431411743164
"LI","2026-08-19T18:00:00.000000",24.2596225738525
"LI","2026-08-19T19:00:00.000000",24.2765045166016
"LI","2026-08-19T20:00:00.000000",24.2949161529541
"LI","2026-08-19T21:00:00.000000",24.3144187927246
"LI","2026-08-19T22:00:00.000000",24.315185546875
"LI","2026-08-19T23:00:00.000000",24.2813320159912
"LI","2026-08-20T00:00:00.000000",24.2592010498047
"LI","2026-08-20T01:00:00.000000",24.2537612915039
"LI","2026-08-20T02:00:00.000000",24.2474155426025
"LI","2026-08-20T03:00:00.000000",24.27317237854
"LI","2026-08-20T04:00:00.000000",24.3193683624268
"LI","2026-08-20T05:00:00.000000",24.3215484619141
"LI","2026-08-20T06:00:00.000000",24.3147964477539
"LI","2026-08-20T07:00:00.000000",24.3060836791992
"LI","2026-08-20T08:00:00.000000",24.2930641174316
"LI","2026-08-20T09:00:00.000000",24.2802677154541
"LI","2026-08-20T10:00:00.000000",24.2699413299561
"LI","2026-08-20T11:00:00.000000",24.2636451721191
"LI","2026-08-20T12:00:00.000000",24.2415084838867
"LI","2026-08-20T13:00:00.000000",24.2255668640137
"LI","2026-08-20T14:00:00.000000",24.2192649841309
"LI","2026-08-20T15:00:00.000000",24.2212543487549
"LI","2026-08-20T16:00:00.000000",24.2424869537354
"LI","2026-08-20T17:00:00.000000",24.2360534667969
"LI","2026-08-20T18:00:00.000000",24.2213478088379
"LI","2026-08-20T19:00:00.000000",24.2183780670166
"LI","2026-08-20T20:00:00.000000",24.2133636474609
"LI","2026-08-20T21:00:00.000000",24.2119045257568
"LI","2026-08-20T22:00:00.000000",24.2181758880615
"LI","2026-08-20T23:00:00.000000",24.2234745025635
"LI","2026-08-21T00:00:00.000000",24.2210597991943
"LI","2026-08-21T01:00:00.000000",24.2156276702881
"LI","2026-08-21T02:00:00.000000",24.2192134857178
"LI","2026-08-21T03:00:00.000000",24.2098140716553
"LI","2026-08-21T04:00:00.000000",24.1904945373535
"LI","2026-08-21T05:00:00.000000",24.1554279327393
"LI","2026-08-21T06:00:00.000000",24.1327152252197
"LI","2026-08-21T07:00:00.000000",24.1456317901611
"LI","2026-08-21T08:00:00.000000",24.1608963012695
"LI","2026-08-21T09:00:00.000000",24.1794452667236
"LI","2026-08-21T10:00:00.000000",24.177978515625
"LI","2026-08-21T11:00:00.000000",24.150899887085
"LI","2026-08-21T12:00:00.000000",24.1254196166992
"LI","2026-08-21T13:00:00.000000",24.1172885894775
"LI","2026-08-21T14:00:00.000000",24.1073112487793
"LI","2026-08-21T15:00:00.000000",24.1003818511963
"LI","2026-08-21T16:00:00.000000",24.0911617279053
"LI","2026-08-21T17:00:00.000000",24.0478897094727
"LI","2026-08-21T18:00:00.000000",23.9896621704102
"LI","2026-08-21T19:00:00.000000",23.9949779510498
"LI","2026-08-21T20:00:00.000000",24.0410594940186
"LI","2026-08-21T21:00:00.000000",24.0560245513916
"LI","2026-08-21T22:00:00.000000",24.0575256347656
"LI","2026-08-21T23:00:00.000000",24.0561141967773
"LI","2026-08-22T00:00:00.000000",24.0563373565674
"LI","2026-08-22T01:00:00.000000",24.0782222747803
"LI","2026-08-22T02:00:00.000000",24.0924491882324
"LI","2026-08-22T03:00:00.000000",24.0990619659424
"LI","2026-08-22T04:00:00.000000",23.9859504699707
"LI","2026-08-22T05:00:00.000000",23.9526405334473
"LI","2026-08-22T06:00:00.000000",24.0037631988525
"LI","2026-08-22T07:00:00.000000",23.9994678497314
"LI","2026-08-22T08:00:00.000000",23.9941844940186
"LI","2026-08-22T09:00:00.000000",23.9554119110107
"LI","2026-08-22T10:00:00.000000",23.9267044067383
"LI","2026-08-22T11:00:00.000000",23.9403896331787
"LI","2026-08-22T12:00:00.000000",23.9620914459229
"LI","2026-08-22T13:00:00.000000",23.9716339111328
"LI","2026-08-22T14:00:00.000000",23.9793815612793
"LI","2026-08-22T15:00:00.000000",23.9774837493896
"LI","2026-08-22T16:00:00.000000",23.9716053009033
"LI","2026-08-22T17:00:00.000000",23.8924427032471
"LI","2026-08-22T18:00:00.000000",23.7179126739502
"LI","2026-08-22T19:00:00.000000",23.6852741241455
"LI","2026-08-22T20:00:00.000000",23.8204498291016
"LI","2026-08-22T21:00:00.000000",23.8100109100342
"LI","2026-08-22T22:00:00.000000",23.755744934082
"LI","2026-08-22T23:00:00.000000",23.6544418334961
"LI","2026-08-23T00:00:00.000000",23.570463180542
"LI","2026-08-23T01:00:00.000000",23.543098449707
"LI","2026-08-23T02:00:00.000000",23.536262512207
"LI","2026-08-23T03:00:00.000000",23.5356750488281
"LI","2026-08-23T04:00:00.000000",23.5526828765869
"LI","2026-08-23T05:00:00.000000",23.5748405456543
"LI","2026-08-23T06:00:00.000000",23.508020401001
"LI","2026-08-23T07:00:00.000000",23.3793678283691
"LI","2026-08-23T08:00:00.000000",23.3371353149414
"LI","2026-08-23T09:00:00.000000",23.498514175415
"LI","2026-08-23T10:00:00.000000",23.5270595550537
"LI","2026-08-23T11:00:00.000000",23.5124568939209
"LI","2026-08-23T12:00:00.000000",23.4540481567383
"LI","2026-08-23T13:00:00.000000",23.4324264526367
"LI","2026-08-23T14:00:00.000000",23.4150943756104
"LI","2026-08-23T15:00:00.000000",23.4050903320312
"LI","2026-08-23T16:00:00.000000",23.3862075805664
"LI","2026-08-23T17:00:00.000000",23.379243850708
"LI","2026-08-23T18:00:00.000000",23.2604751586914
"LI","2026-08-23T19:00:00.000000",23.2226638793945
"LI","2026-08-23T20:00:00.000000",23.3018436431885
"LI","2026-08-23T21:00:00.000000",23.4462718963623
"LI","2026-08-23T22:00:00.000000",23.5320949554443
"LI","2026-08-23T23:00:00.000000",23.5944271087646
"LI","2026-08-24T00:00:00.000000",23.6211566925049
"LI","2026-08-24T01:00:00.000000",23.625617980957
"LI","2026-08-24T02:00:00.000000",23.623966217041
"LI","2026-08-24T03:00:00.000000",23.6194896697998
"LI","2026-08-24T04:00:00.000000",23.6076278686523
"LI","2026-08-24T05:00:00.000000",23.5989589691162
"LI","2026-08-24T06:00:00.000000",23.63547706604
"LI","2026-08-24T07:00:00.000000",23.6983394622803
"LI","2026-08-24T08:00:00.000000",23.7200107574463
"LI","2026-08-24T09:00:00.000000",23.7266139984131
"LI","2026-08-24T10:00:00.000000",23.7295227050781
"LI","2026-08-24T11:00:00.000000",23.7373752593994
"LI","2026-08-24T12:00:00.000000",23.7241649627686
"LI","2026-08-24T13:00:00.000000",23.7247657775879
"LI","2026-08-24T14:00:00.000000",23.7259216308594
"LI","2026-08-24T15:00:00.000000",23.7282085418701
"LI","2026-08-24T16:00:00.000000",23.7325325012207
"LI","2026-08-24T17:00:00.000000",23.7542419433594
"LI","2026-08-24T18:00:00.000000",23.787956237793
"LI","2026-08-24T19:00:00.000000",23.8496131896973
"LI","2026-08-24T20:00:00.000000",23.8893642425537
"LI","2026-08-24T21:00:00.000000",23.9500408172607
"LI","2026-08-24T22:00:00.000000",24.0142364501953
"LI","2026-08-24T23:00:00.000000",24.049036026001
"LI","2026-08-25T00:00:00.000000",24.0181522369385
"LI","2026-08-25T01:00:00.000000",23.9571552276611
"LI","2026-08-25T02:00:00.000000",23.955322265625
"LI","2026-08-25T03:00:00.000000",23.9524230957031
"LI","2026-08-25T04:00:00.000000",23.9492855072021
"LI","2026-08-25T05:00:00.000000",23.9471492767334
"LI","2026-08-25T06:00:00.000000",23.9448566436768
"LI","2026-08-25T07:00:00.000000",23.9550495147705
"LI","2026-08-25T08:00:00.000000",24.0483112335205
"LI","2026-08-25T09:00:00.000000",24.0754470825195
"LI","2026-08-25T10:00:00.000000",24.0791339874268
"LI","2026-08-25T11:00:00.000000",24.0716705322266
"LI","2026-08-25T12:00:00.000000",24.0722045898438
"LI","2026-08-25T13:00:00.000000",24.0281276702881
"LI","2026-08-25T14:00:00.000000",24.0222206115723
"LI","2026-08-25T15:00:00.000000",24.0240039825439
"LI","2026-08-25T16:00:00.000000",24.0247459411621
"LI","2026-08-25T17:00:00.000000",24.0248394012451
"LI","2026-08-25T18:00:00.000000",24.0508975982666
"LI","2026-08-25T19:00:00.000000",24.080114364624
"LI","2026-08-25T20:00:00.000000",24.0844268798828
"LI","2026-08-25T21:00:00.000000",24.0836429595947
"LI","2026-08-25T22:00:00.000000",24.0626411437988
"LI","2026-08-25T23:00:00.000000",24.0243854522705
"LI","2026-08-26T00:00:00.000000",23.9764022827148
"LI","2026-08-26T01:00:00.000000",23.9741153717041
"LI","2026-08-26T02:00:00.000000",23.9768753051758
"LI","2026-08-26T03:00:00.000000",23.9842643737793
"LI","2026-08-26T04:00:00.000000",23.9941940307617
"LI","2026-08-26T05:00:00.000000",23.9927101135254
"LI","2026-08-26T06:00:00.000000",23.9857273101807
"LI","2026-08-26T07:00:00.000000",23.9778957366943
"LI","2026-08-26T08:00:00.000000",23.9758167266846
"LI","2026-08-26T09:00:00.000000",23.9763774871826
"LI","2026-08-26T10:00:00.000000",23.9718055725098
"LI","2026-08-26T11:00:00.000000",23.9716606140137
"LI","2026-08-26T12:00:00.000000",23.9726982116699
"LI","2026-08-26T13:00:00.000000",23.9781055450439
"LI","2026-08-26T14:00:00.000000",24.0037097930908
"LI","2026-08-26T15:00:00.000000",24.0509700775146
"LI","2026-08-26T16:00:00.000000",24.0746212005615
"LI","2026-08-26T17:00:00.000000",23.9883651733398
"LI","2026-08-26T18:00:00.000000",23.960578918457
"LI","2026-08-26T19:00:00.000000",23.9586544036865
"LI","2026-08-26T20:00:00.000000",23.9557971954346
"LI","2026-08-26T21:00:00.000000",23.9567565917969
"LI","2026-08-26T22:00:00.000000",23.9771194458008
"LI","2026-08-26T23:00:00.000000",23.9776458740234
"LI","2026-08-27T00:00:00.000000",23.971887588501
"OB","2026-08-19T00:00:00.000000",20.6311588287354
"OB","2026-08-19T01:00:00.000000",20.7268829345703
"OB","2026-08-19T02:00:00.000000",20.7888431549072
"OB","2026-08-19T03:00:00.000000",20.847770690918
"OB","2026-08-19T04:00:00.000000",20.9042911529541
"OB","2026-08-19T05:00:00.000000",20.918098449707
"OB","2026-08-19T06:00:00.000000",20.9019775390625
"OB","2026-08-19T07:00:00.000000",20.8716583251953
"OB","2026-08-19T08:00:00.000000",20.8190460205078
"OB","2026-08-19T09:00:00.000000",20.7766647338867
"OB","2026-08-19T10:00:00.000000",20.73606300354
"OB","2026-08-19T11:00:00.000000",20.7238903045654
"OB","2026-08-19T12:00:00.000000",20.736234664917
"OB","2026-08-19T13:00:00.000000",20.7474021911621
"OB","2026-08-19T14:00:00.000000",20.750904083252
"OB","2026-08-19T15:00:00.000000",20.7896842956543
"OB","2026-08-19T16:00:00.000000",20.865852355957
"OB","2026-08-19T17:00:00.000000",20.9664325714111
"OB","2026-08-19T18:00:00.000000",21.0256271362305
"OB","2026-08-19T19:00:00.000000",21.0695285797119
"OB","2026-08-19T20:00:00.000000",21.1786499023438
"OB","2026-08-19T21:00:00.000000",21.3286151885986
"OB","2026-08-19T22:00:00.000000",21.433277130127
"OB","2026-08-19T23:00:00.000000",21.423713684082
"OB","2026-08-20T00:00:00.000000",21.3914909362793
"OB","2026-08-20T01:00:00.000000",21.3306217193604
"OB","2026-08-20T02:00:00.000000",21.250904083252
"OB","2026-08-20T03:00:00.000000",21.2174777984619
"OB","2026-08-20T04:00:00.000000",21.21484375
"OB","2026-08-20T05:00:00.000000",21.2156372070312
"OB","2026-08-20T06:00:00.000000",21.214729309082
"OB","2026-08-20T07:00:00.000000",21.2125129699707
"OB","2026-08-20T08:00:00.000000",21.2115154266357
"OB","2026-08-20T09:00:00.000000",21.1901321411133
"OB","2026-08-20T10:00:00.000000",21.1615829467773
"OB","2026-08-20T11:00:00.000000",21.1482486724854
"OB","2026-08-20T12:00:00.000000",21.1416187286377
"OB","2026-08-20T13:00:00.000000",21.1360836029053
"OB","2026-08-20T14:00:00.000000",21.137035369873
"OB","2026-08-20T15:00:00.000000",21.1329860687256
"OB","2026-08-20T16:00:00.000000",21.143461227417
"OB","2026-08-20T17:00:00.000000",21.1646499633789
"OB","2026-08-20T18:00:00.000000",21.1711483001709
"OB","2026-08-20T19:00:00.000000",21.1505813598633
"OB","2026-08-20T20:00:00.000000",21.1304321289062
"OB","2026-08-20T21:00:00.000000",21.1176853179932
"OB","2026-08-20T22:00:00.000000",21.1086654663086
"OB","2026-08-20T23:00:00.000000",21.1044158935547
"OB","2026-08-21T00:00:00.000000",21.097131729126
"OB","2026-08-21T01:00:00.000000",21.1017665863037
"OB","2026-08-21T02:00:00.000000",21.1183032989502
"OB","2026-08-21T03:00:00.000000",21.1273002624512
"OB","2026-08-21T04:00:00.000000",21.1343631744385
"OB","2026-08-21T05:00:00.000000",21.1529083251953
"OB","2026-08-21T06:00:00.000000",21.1655673980713
"OB","2026-08-21T07:00:00.000000",21.1784343719482
"OB","2026-08-21T08:00:00.000000",21.1911296844482
"OB","2026-08-21T09:00:00.000000",21.1960849761963
"OB","2026-08-21T10:00:00.000000",21.1825389862061
"OB","2026-08-21T11:00:00.000000",21.163969039917
"OB","2026-08-21T12:00:00.000000",21.148645401001
"OB","2026-08-21T13:00:00.000000",21.1387195587158
"OB","2026-08-21T14:00:00.000000",21.1332950592041
"OB","2026-08-21T15:00:00.000000",21.1270389556885
"OB","2026-08-21T16:00:00.000000",21.1257934570312
"OB","2026-08-21T17:00:00.000000",21.1248893737793
"OB","2026-08-21T18:00:00.000000",21.1328163146973
"OB","2026-08-21T19:00:00.000000",21.1551704406738
"OB","2026-08-21T20:00:00.000000",21.1891708374023
"OB","2026-08-21T21:00:00.000000",21.2121734619141
"OB","2026-08-21T22:00:00.000000",21.2318668365479
"OB","2026-08-21T23:00:00.000000",21.2445774078369
"OB","2026-08-22T00:00:00.000000",21.2492332458496
"OB","2026-08-22T01:00:00.000000",21.2586135864258
"OB","2026-08-22T02:00:00.000000",21.2615203857422
"OB","2026-08-22T03:00:00.000000",21.2641086578369
"OB","2026-08-22T04:00:00.000000",21.274751663208
"OB","2026-08-22T05:00:00.000000",21.2851581573486
"OB","2026-08-22T06:00:00.000000",21.2926807403564
"OB","2026-08-22T07:00:00.000000",21.2999019622803
"OB","2026-08-22T08:00:00.000000",21.3071098327637
"OB","2026-08-22T09:00:00.000000",21.3120288848877
"OB","2026-08-22T10:00:00.000000",21.3146896362305
"OB","2026-08-22T11:00:00.000000",21.3147201538086
"OB","2026-08-22T12:00:00.000000",21.3144226074219
"OB","2026-08-22T13:00:00.000000",21.3154850006104
"OB","2026-08-22T14:00:00.000000",21.31565284729
"OB","2026-08-22T15:00:00.000000",21.31125831604
"OB","2026-08-22T16:00:00.000000",21.2996501922607
"OB","2026-08-22T17:00:00.000000",21.2794914245605
"OB","2026-08-22T18:00:00.000000",21.2561702728271
"OB","2026-08-22T19:00:00.000000",21.2438697814941
"OB","2026-08-22T20:00:00.000000",21.2410354614258
"OB","2026-08-22T21:00:00.000000",21.2389869689941
"OB","2026-08-22T22:00:00.000000",21.2407531738281
"OB","2026-08-22T23:00:00.000000",21.2165832519531
"OB","2026-08-23T00:00:00.000000",21.1867370605469
"OB","2026-08-23T01:00:00.000000",21.1355800628662
"OB","2026-08-23T02:00:00.000000",21.0813293457031
"OB","2026-08-23T03:00:00.000000",21.0226535797119
"OB","2026-08-23T04:00:00.000000",20.9879989624023
"OB","2026-08-23T05:00:00.000000",20.9509754180908
"OB","2026-08-23T06:00:00.000000",20.9304122924805
"OB","2026-08-23T07:00:00.000000",20.9198207855225
"OB","2026-08-23T08:00:00.000000",20.917163848877
"OB","2026-08-23T09:00:00.000000",20.9273548126221
"OB","2026-08-23T10:00:00.000000",20.9360694885254
"OB","2026-08-23T11:00:00.000000",20.9403266906738
"OB","2026-08-23T12:00:00.000000",20.9345455169678
"OB","2026-08-23T13:00:00.000000",20.9181976318359
"OB","2026-08-23T14:00:00.000000",20.8920288085938
"OB","2026-08-23T15:00:00.000000",20.8834972381592
"OB","2026-08-23T16:00:00.000000",20.8712539672852
"OB","2026-08-23T17:00:00.000000",20.9074420928955
"OB","2026-08-23T18:00:00.000000",21.0013256072998
"OB","2026-08-23T19:00:00.000000",21.2220897674561
"OB","2026-08-23T20:00:00.000000",21.3558349609375
"OB","2026-08-23T21:00:00.000000",21.3368701934814
"OB","2026-08-23T22:00:00.000000",21.314022064209
"OB","2026-08-23T23:00:00.000000",21.3039016723633
"OB","2026-08-24T00:00:00.000000",21.2996959686279
"OB","2026-08-24T01:00:00.000000",21.2970371246338
"OB","2026-08-24T02:00:00.000000",21.2914810180664
"OB","2026-08-24T03:00:00.000000",21.2836036682129
"OB","2026-08-24T04:00:00.000000",21.2751007080078
"OB","2026-08-24T05:00:00.000000",21.2653484344482
"OB","2026-08-24T06:00:00.000000",21.2541122436523
"OB","2026-08-24T07:00:00.000000",21.2423763275146
"OB","2026-08-24T08:00:00.000000",21.2323875427246
"OB","2026-08-24T09:00:00.000000",21.2269306182861
"OB","2026-08-24T10:00:00.000000",21.22509765625
"OB","2026-08-24T11:00:00.000000",21.2242546081543
"OB","2026-08-24T12:00:00.000000",21.2216968536377
"OB","2026-08-24T13:00:00.000000",21.2160835266113
"OB","2026-08-24T14:00:00.000000",21.2130222320557
"OB","2026-08-24T15:00:00.000000",21.2114772796631
"OB","2026-08-24T16:00:00.000000",21.2240505218506
"OB","2026-08-24T17:00:00.000000",21.2859725952148
"OB","2026-08-24T18:00:00.000000",21.3077373504639
"OB","2026-08-24T19:00:00.000000",21.3156585693359
"OB","2026-08-24T20:00:00.000000",21.3228034973145
"OB","2026-08-24T21:00:00.000000",21.3315925598145
"OB","2026-08-24T22:00:00.000000",21.346565246582
"OB","2026-08-24T23:00:00.000000",21.3649005889893
"OB","2026-08-25T00:00:00.000000",21.3825702667236
"OB","2026-08-25T01:00:00.000000",21.3756885528564
"OB","2026-08-25T02:00:00.000000",21.3591442108154
"OB","2026-08-25T03:00:00.000000",21.3433303833008
"OB","2026-08-25T04:00:00.000000",21.3312225341797
"OB","2026-08-25T05:00:00.000000",21.3202934265137
"OB","2026-08-25T06:00:00.000000",21.3129844665527
"OB","2026-08-25T07:00:00.000000",21.3058185577393
"OB","2026-08-25T08:00:00.000000",21.3015651702881
"OB","2026-08-25T09:00:00.000000",21.2991943359375
"OB","2026-08-25T10:00:00.000000",21.2948207855225
"OB","2026-08-25T11:00:00.000000",21.2892971038818
"OB","2026-08-25T12:00:00.000000",21.2908248901367
"OB","2026-08-25T13:00:00.000000",21.3057518005371
"OB","2026-08-25T14:00:00.000000",21.306266784668
"OB","2026-08-25T15:00:00.000000",21.3154773712158
"OB","2026-08-25T16:00:00.000000",21.344783782959
"OB","2026-08-25T17:00:00.000000",21.42160987854
"OB","2026-08-25T18:00:00.000000",21.4310989379883
"OB","2026-08-25T19:00:00.000000",21.4363594055176
"OB","2026-08-25T20:00:00.000000",21.4666805267334
"OB","2026-08-25T21:00:00.000000",21.5181941986084
"OB","2026-08-25T22:00:00.000000",21.5839424133301
"OB","2026-08-25T23:00:00.000000",21.6245594024658
"OB","2026-08-26T00:00:00.000000",21.6567287445068
"OB","2026-08-26T01:00:00.000000",21.6430282592773
"OB","2026-08-26T02:00:00.000000",21.6043319702148
"OB","2026-08-26T03:00:00.000000",21.537504196167
"OB","2026-08-26T04:00:00.000000",21.4744338989258
"OB","2026-08-26T05:00:00.000000",21.4449977874756
"OB","2026-08-26T06:00:00.000000",21.4286994934082
"OB","2026-08-26T07:00:00.000000",21.4246101379395
"OB","2026-08-26T08:00:00.000000",21.41868019104
"OB","2026-08-26T09:00:00.000000",21.4155464172363
"OB","2026-08-26T10:00:00.000000",21.4164657592773
"OB","2026-08-26T11:00:00.000000",21.4187717437744
"OB","2026-08-26T12:00:00.000000",21.4250316619873
"OB","2026-08-26T13:00:00.000000",21.4327945709229
"OB","2026-08-26T14:00:00.000000",21.4349746704102
"OB","2026-08-26T15:00:00.000000",21.4260807037354
"OB","2026-08-26T16:00:00.000000",21.4167804718018
"OB","2026-08-26T17:00:00.000000",21.4218044281006
"OB","2026-08-26T18:00:00.000000",21.4695777893066
"OB","2026-08-26T19:00:00.000000",21.5446243286133
"OB","2026-08-26T20:00:00.000000",21.5549659729004
"OB","2026-08-26T21:00:00.000000",21.5877094268799
"OB","2026-08-26T22:00:00.000000",21.6913909912109
"OB","2026-08-26T23:00:00.000000",21.7884750366211
"OB","2026-08-27T00:00:00.000000",21.8276329040527
"WC","2026-08-19T00:00:00.000000",22.9271507263184
"WC","2026-08-19T01:00:00.000000",22.6557102203369
"WC","2026-08-19T02:00:00.000000",22.9887771606445
"WC","2026-08-19T03:00:00.000000",23.904203414917
"WC","2026-08-19T04:00:00.000000",24.0697898864746
"WC","2026-08-19T05:00:00.000000",24.0754451751709
"WC","2026-08-19T06:00:00.000000",24.0552577972412
"WC","2026-08-19T07:00:00.000000",24.0482845306396
"WC","2026-08-19T08:00:00.000000",24.0274677276611
"WC","2026-08-19T09:00:00.000000",23.6152477264404
"WC","2026-08-19T10:00:00.000000",23.4204273223877
"WC","2026-08-19T11:00:00.000000",23.2806587219238
"WC","2026-08-19T12:00:00.000000",23.0547199249268
"WC","2026-08-19T13:00:00.000000",22.8881645202637
"WC","2026-08-19T14:00:00.000000",22.9310817718506
"WC","2026-08-19T15:00:00.000000",23.7530612945557
"WC","2026-08-19T16:00:00.000000",24.0584239959717
"WC","2026-08-19T17:00:00.000000",24.1019897460938
"WC","2026-08-19T18:00:00.000000",24.1080493927002
"WC","2026-08-19T19:00:00.000000",24.1085071563721
"WC","2026-08-19T20:00:00.000000",24.1043701171875
"WC","2026-08-19T21:00:00.000000",23.8143119812012
"WC","2026-08-19T22:00:00.000000",23.5305862426758
"WC","2026-08-19T23:00:00.000000",23.4163341522217
"WC","2026-08-20T00:00:00.000000",23.2367420196533
"WC","2026-08-20T01:00:00.000000",23.0406284332275
"WC","2026-08-20T02:00:00.000000",22.9515190124512
"WC","2026-08-20T03:00:00.000000",23.2262630462646
"WC","2026-08-20T04:00:00.000000",23.7673358917236
"WC","2026-08-20T05:00:00.000000",23.9689121246338
"WC","2026-08-20T06:00:00.000000",24.0175876617432
"WC","2026-08-20T07:00:00.000000",24.0301513671875
"WC","2026-08-20T08:00:00.000000",24.019323348999
"WC","2026-08-20T09:00:00.000000",23.9671993255615
"WC","2026-08-20T10:00:00.000000",23.6729202270508
"WC","2026-08-20T11:00:00.000000",23.4623146057129
"WC","2026-08-20T12:00:00.000000",23.3471927642822
"WC","2026-08-20T13:00:00.000000",23.2489223480225
"WC","2026-08-20T14:00:00.000000",23.1556663513184
"WC","2026-08-20T15:00:00.000000",23.2816848754883
"WC","2026-08-20T16:00:00.000000",23.7317905426025
"WC","2026-08-20T17:00:00.000000",23.9524726867676
"WC","2026-08-20T18:00:00.000000",23.9989185333252
"WC","2026-08-20T19:00:00.000000",24.003625869751
"WC","2026-08-20T20:00:00.000000",24.0022468566895
"WC","2026-08-20T21:00:00.000000",23.9815006256104
"WC","2026-08-20T22:00:00.000000",23.8272533416748
"WC","2026-08-20T23:00:00.000000",23.5711345672607
"WC","2026-08-21T00:00:00.000000",23.3867301940918
"WC","2026-08-21T01:00:00.000000",23.1828556060791
"WC","2026-08-21T02:00:00.000000",23.0339546203613
"WC","2026-08-21T03:00:00.000000",22.9860954284668
"WC","2026-08-21T04:00:00.000000",23.2638072967529
"WC","2026-08-21T05:00:00.000000",23.7279739379883
"WC","2026-08-21T06:00:00.000000",23.8119506835938
"WC","2026-08-21T07:00:00.000000",23.8246669769287
"WC","2026-08-21T08:00:00.000000",23.8193111419678
"WC","2026-08-21T09:00:00.000000",23.8068141937256
"WC","2026-08-21T10:00:00.000000",23.7763233184814
"WC","2026-08-21T11:00:00.000000",23.5739917755127
"WC","2026-08-21T12:00:00.000000",23.3351459503174
"WC","2026-08-21T13:00:00.000000",23.20920753479
"WC","2026-08-21T14:00:00.000000",23.0785083770752
"WC","2026-08-21T15:00:00.000000",23.0333576202393
"WC","2026-08-21T16:00:00.000000",23.1927394866943
"WC","2026-08-21T17:00:00.000000",23.6338367462158
"WC","2026-08-21T18:00:00.000000",23.7720947265625
"WC","2026-08-21T19:00:00.000000",23.7910709381104
"WC","2026-08-21T20:00:00.000000",23.7944221496582
"WC","2026-08-21T21:00:00.000000",23.7910423278809
"WC","2026-08-21T22:00:00.000000",23.7722415924072
"WC","2026-08-21T23:00:00.000000",23.6641864776611
"WC","2026-08-22T00:00:00.000000",23.4076385498047
"WC","2026-08-22T01:00:00.000000",23.209228515625
"WC","2026-08-22T02:00:00.000000",23.0057926177979
"WC","2026-08-22T03:00:00.000000",22.8272895812988
"WC","2026-08-22T04:00:00.000000",22.8315925598145
"WC","2026-08-22T05:00:00.000000",23.135591506958
"WC","2026-08-22T06:00:00.000000",23.4421806335449
"WC","2026-08-22T07:00:00.000000",23.5661773681641
"WC","2026-08-22T08:00:00.000000",23.5630340576172
"WC","2026-08-22T09:00:00.000000",23.5564365386963
"WC","2026-08-22T10:00:00.000000",23.5429534912109
"WC","2026-08-22T11:00:00.000000",23.4600715637207
"WC","2026-08-22T12:00:00.000000",23.1983947753906
"WC","2026-08-22T13:00:00.000000",23.040657043457
"WC","2026-08-22T14:00:00.000000",22.8580112457275
"WC","2026-08-22T15:00:00.000000",22.6963310241699
"WC","2026-08-22T16:00:00.000000",22.5475273132324
"WC","2026-08-22T17:00:00.000000",22.7002754211426
"WC","2026-08-22T18:00:00.000000",23.2286567687988
"WC","2026-08-22T19:00:00.000000",23.5136165618896
"WC","2026-08-22T20:00:00.000000",23.5590763092041
"WC","2026-08-22T21:00:00.000000",23.5657939910889
"WC","2026-08-22T22:00:00.000000",23.5636386871338
"WC","2026-08-22T23:00:00.000000",23.5190658569336
"WC","2026-08-23T00:00:00.000000",23.1422271728516
"WC","2026-08-23T01:00:00.000000",22.9119129180908
"WC","2026-08-23T02:00:00.000000",22.7554874420166
"WC","2026-08-23T03:00:00.000000",22.559175491333
"WC","2026-08-23T04:00:00.000000",22.3342761993408
"WC","2026-08-23T05:00:00.000000",22.3058967590332
"WC","2026-08-23T06:00:00.000000",22.6513710021973
"WC","2026-08-23T07:00:00.000000",23.1894874572754
"WC","2026-08-23T08:00:00.000000",23.3671588897705
"WC","2026-08-23T09:00:00.000000",23.4209327697754
"WC","2026-08-23T10:00:00.000000",23.4270915985107
"WC","2026-08-23T11:00:00.000000",23.4212036132812
"WC","2026-08-23T12:00:00.000000",23.3642120361328
"WC","2026-08-23T13:00:00.000000",22.9770488739014
"WC","2026-08-23T14:00:00.000000",22.7920761108398
"WC","2026-08-23T15:00:00.000000",22.7082824707031
"WC","2026-08-23T16:00:00.000000",22.6227035522461
"WC","2026-08-23T17:00:00.000000",22.4921798706055
"WC","2026-08-23T18:00:00.000000",22.6265964508057
"WC","2026-08-23T19:00:00.000000",23.1328258514404
"WC","2026-08-23T20:00:00.000000",23.6543064117432
"WC","2026-08-23T21:00:00.000000",23.8066005706787
"WC","2026-08-23T22:00:00.000000",23.8564338684082
"WC","2026-08-23T23:00:00.000000",23.86279296875
"WC","2026-08-24T00:00:00.000000",23.829137802124
"WC","2026-08-24T01:00:00.000000",23.504077911377
"WC","2026-08-24T02:00:00.000000",23.1519031524658
"WC","2026-08-24T03:00:00.000000",23.0304908752441
"WC","2026-08-24T04:00:00.000000",22.9837226867676
"WC","2026-08-24T05:00:00.000000",22.9013442993164
"WC","2026-08-24T06:00:00.000000",22.9068145751953
"WC","2026-08-24T07:00:00.000000",23.1566200256348
"WC","2026-08-24T08:00:00.000000",23.5917644500732
"WC","2026-08-24T09:00:00.000000",23.7452239990234
"WC","2026-08-24T10:00:00.000000",23.803295135498
"WC","2026-08-24T11:00:00.000000",23.8206272125244
"WC","2026-08-24T12:00:00.000000",23.8134269714355
"WC","2026-08-24T13:00:00.000000",23.7620525360107
"WC","2026-08-24T14:00:00.000000",23.4987545013428
"WC","2026-08-24T15:00:00.000000",23.3457679748535
"WC","2026-08-24T16:00:00.000000",23.2748699188232
"WC","2026-08-24T17:00:00.000000",23.2114181518555
"WC","2026-08-24T18:00:00.000000",23.1495952606201
"WC","2026-08-24T19:00:00.000000",23.2558326721191
"WC","2026-08-24T20:00:00.000000",23.6727447509766
"WC","2026-08-24T21:00:00.000000",23.8799018859863
"WC","2026-08-24T22:00:00.000000",23.9381618499756
"WC","2026-08-24T23:00:00.000000",23.9590606689453
"WC","2026-08-25T00:00:00.000000",23.9634323120117
"WC","2026-08-25T01:00:00.000000",23.9307746887207
"WC","2026-08-25T02:00:00.000000",23.743688583374
"WC","2026-08-25T03:00:00.000000",23.5333271026611
"WC","2026-08-25T04:00:00.000000",23.4282073974609
"WC","2026-08-25T05:00:00.000000",23.3421878814697
"WC","2026-08-25T06:00:00.000000",23.2794075012207
"WC","2026-08-25T07:00:00.000000",23.2871417999268
"WC","2026-08-25T08:00:00.000000",23.5611934661865
"WC","2026-08-25T09:00:00.000000",23.8236312866211
"WC","2026-08-25T10:00:00.000000",23.9165954589844
"WC","2026-08-25T11:00:00.000000",23.9338150024414
"WC","2026-08-25T12:00:00.000000",23.9349594116211
"WC","2026-08-25T13:00:00.000000",23.9312858581543
"WC","2026-08-25T14:00:00.000000",23.8994312286377
"WC","2026-08-25T15:00:00.000000",23.7183303833008
"WC","2026-08-25T16:00:00.000000",23.5972595214844
"WC","2026-08-25T17:00:00.000000",23.5267009735107
"WC","2026-08-25T18:00:00.000000",23.4789962768555
"WC","2026-08-25T19:00:00.000000",23.4583873748779
"WC","2026-08-25T20:00:00.000000",23.6598796844482
"WC","2026-08-25T21:00:00.000000",23.9594554901123
"WC","2026-08-25T22:00:00.000000",24.0398941040039
"WC","2026-08-25T23:00:00.000000",24.0458602905273
"WC","2026-08-26T00:00:00.000000",24.0458374023438
"WC","2026-08-26T01:00:00.000000",24.043420791626
"WC","2026-08-26T02:00:00.000000",24.0293140411377
"WC","2026-08-26T03:00:00.000000",23.9229297637939
"WC","2026-08-26T04:00:00.000000",23.7614994049072
"WC","2026-08-26T05:00:00.000000",23.6719608306885
"WC","2026-08-26T06:00:00.000000",23.5940380096436
"WC","2026-08-26T07:00:00.000000",23.551607131958
"WC","2026-08-26T08:00:00.000000",23.5426788330078
"WC","2026-08-26T09:00:00.000000",23.8399963378906
"WC","2026-08-26T10:00:00.000000",23.9889755249023
"WC","2026-08-26T11:00:00.000000",24.0206184387207
"WC","2026-08-26T12:00:00.000000",24.0240154266357
"WC","2026-08-26T13:00:00.000000",24.0264053344727
"WC","2026-08-26T14:00:00.000000",24.0282955169678
"WC","2026-08-26T15:00:00.000000",23.9759197235107
"WC","2026-08-26T16:00:00.000000",23.8338298797607
"WC","2026-08-26T17:00:00.000000",23.761510848999
"WC","2026-08-26T18:00:00.000000",23.6937503814697
"WC","2026-08-26T19:00:00.000000",23.6549453735352
"WC","2026-08-26T20:00:00.000000",23.6344356536865
"WC","2026-08-26T21:00:00.000000",23.885835647583
"WC","2026-08-26T22:00:00.000000",24.101526260376
"WC","2026-08-26T23:00:00.000000",24.1391448974609
"WC","2026-08-27T00:00:00.000000",24.1404438018799
"WI","2026-08-19T00:00:00.000000",24.3310165405273
"WI","2026-08-19T01:00:00.000000",24.3280925750732
"WI","2026-08-19T02:00:00.000000",24.1346054077148
"WI","2026-08-19T03:00:00.000000",24.1458053588867
"WI","2026-08-19T04:00:00.000000",24.1467876434326
"WI","2026-08-19T05:00:00.000000",24.1553516387939
"WI","2026-08-19T06:00:00.000000",24.1800365447998
"WI","2026-08-19T07:00:00.000000",24.2202320098877
"WI","2026-08-19T08:00:00.000000",24.2314491271973
"WI","2026-08-19T09:00:00.000000",24.2550601959229
"WI","2026-08-19T10:00:00.000000",24.1778392791748
"WI","2026-08-19T11:00:00.000000",24.1756572723389
"WI","2026-08-19T12:00:00.000000",24.1941337585449
"WI","2026-08-19T13:00:00.000000",24.2514533996582
"WI","2026-08-19T14:00:00.000000",24.0885963439941
"WI","2026-08-19T15:00:00.000000",24.0709323883057
"WI","2026-08-19T16:00:00.000000",24.1055564880371
"WI","2026-08-19T17:00:00.000000",24.0813369750977
"WI","2026-08-19T18:00:00.000000",24.1040325164795
"WI","2026-08-19T19:00:00.000000",24.1677494049072
"WI","2026-08-19T20:00:00.000000",24.2063045501709
"WI","2026-08-19T21:00:00.000000",24.2379207611084
"WI","2026-08-19T22:00:00.000000",24.2394256591797
"WI","2026-08-19T23:00:00.000000",24.156665802002
"WI","2026-08-20T00:00:00.000000",24.1340160369873
"WI","2026-08-20T01:00:00.000000",24.1319465637207
"WI","2026-08-20T02:00:00.000000",24.1049308776855
"WI","2026-08-20T03:00:00.000000",24.1030941009521
"WI","2026-08-20T04:00:00.000000",24.105884552002
"WI","2026-08-20T05:00:00.000000",24.1113300323486
"WI","2026-08-20T06:00:00.000000",24.089864730835
"WI","2026-08-20T07:00:00.000000",23.9216060638428
"WI","2026-08-20T08:00:00.000000",23.6971778869629
"WI","2026-08-20T09:00:00.000000",23.6823902130127
"WI","2026-08-20T10:00:00.000000",23.7427177429199
"WI","2026-08-20T11:00:00.000000",23.8381042480469
"WI","2026-08-20T12:00:00.000000",23.8930225372314
"WI","2026-08-20T13:00:00.000000",23.8176727294922
"WI","2026-08-20T14:00:00.000000",23.9258251190186
"WI","2026-08-20T15:00:00.000000",23.9442768096924
"WI","2026-08-20T16:00:00.000000",23.990306854248
"WI","2026-08-20T17:00:00.000000",24.0161876678467
"WI","2026-08-20T18:00:00.000000",23.9577331542969
"WI","2026-08-20T19:00:00.000000",23.864673614502
"WI","2026-08-20T20:00:00.000000",23.9158706665039
"WI","2026-08-20T21:00:00.000000",24.0023136138916
"WI","2026-08-20T22:00:00.000000",24.0801963806152
"WI","2026-08-20T23:00:00.000000",24.1897945404053
"WI","2026-08-21T00:00:00.000000",24.2487182617188
"WI","2026-08-21T01:00:00.000000",24.2695446014404
"WI","2026-08-21T02:00:00.000000",24.293140411377
"WI","2026-08-21T03:00:00.000000",24.2422695159912
"WI","2026-08-21T04:00:00.000000",23.9918785095215
"WI","2026-08-21T05:00:00.000000",23.9139461517334
"WI","2026-08-21T06:00:00.000000",23.9320392608643
"WI","2026-08-21T07:00:00.000000",24.0782012939453
"WI","2026-08-21T08:00:00.000000",24.1414394378662
"WI","2026-08-21T09:00:00.000000",24.1762771606445
"WI","2026-08-21T10:00:00.000000",24.1804065704346
"WI","2026-08-21T11:00:00.000000",24.1675891876221
"WI","2026-08-21T12:00:00.000000",24.1079425811768
"WI","2026-08-21T13:00:00.000000",23.9769973754883
"WI","2026-08-21T14:00:00.000000",24.0274524688721
"WI","2026-08-21T15:00:00.000000",24.0826759338379
"WI","2026-08-21T16:00:00.000000",23.9299335479736
"WI","2026-08-21T17:00:00.000000",23.8495502471924
"WI","2026-08-21T18:00:00.000000",23.8505554199219
"WI","2026-08-21T19:00:00.000000",23.8943977355957
"WI","2026-08-21T20:00:00.000000",24.0342750549316
"WI","2026-08-21T21:00:00.000000",24.0960826873779
"WI","2026-08-21T22:00:00.000000",24.1208877563477
"WI","2026-08-21T23:00:00.000000",24.1268482208252
"WI","2026-08-22T00:00:00.000000",24.1203498840332
"WI","2026-08-22T01:00:00.000000",24.1217842102051
"WI","2026-08-22T02:00:00.000000",24.1229705810547
"WI","2026-08-22T03:00:00.000000",24.102653503418
"WI","2026-08-22T04:00:00.000000",23.995246887207
"WI","2026-08-22T05:00:00.000000",24.0240077972412
"WI","2026-08-22T06:00:00.000000",24.0222511291504
"WI","2026-08-22T07:00:00.000000",24.0503044128418
"WI","2026-08-22T08:00:00.000000",24.0838813781738
"WI","2026-08-22T09:00:00.000000",24.1070804595947
"WI","2026-08-22T10:00:00.000000",24.1279907226562
"WI","2026-08-22T11:00:00.000000",24.1406764984131
"WI","2026-08-22T12:00:00.000000",24.1399745941162
"WI","2026-08-22T13:00:00.000000",24.1491394042969
"WI","2026-08-22T14:00:00.000000",24.1523399353027
"WI","2026-08-22T15:00:00.000000",24.1616325378418
"WI","2026-08-22T16:00:00.000000",24.1579685211182
"WI","2026-08-22T17:00:00.000000",24.0365982055664
"WI","2026-08-22T18:00:00.000000",23.986442565918
"WI","2026-08-22T19:00:00.000000",23.9755992889404
"WI","2026-08-22T20:00:00.000000",24.0158214569092
"WI","2026-08-22T21:00:00.000000",24.0989170074463
"WI","2026-08-22T22:00:00.000000",24.1668567657471
"WI","2026-08-22T23:00:00.000000",24.1984901428223
"WI","2026-08-23T00:00:00.000000",24.2167930603027
"WI","2026-08-23T01:00:00.000000",24.2159461975098
"WI","2026-08-23T02:00:00.000000",24.1997127532959
"WI","2026-08-23T03:00:00.000000",24.1967945098877
"WI","2026-08-23T04:00:00.000000",24.2088928222656
"WI","2026-08-23T05:00:00.000000",24.1509323120117
"WI","2026-08-23T06:00:00.000000",23.9916248321533
"WI","2026-08-23T07:00:00.000000",23.9346675872803
"WI","2026-08-23T08:00:00.000000",23.9191379547119
"WI","2026-08-23T09:00:00.000000",24.0162029266357
"WI","2026-08-23T10:00:00.000000",24.1088047027588
"WI","2026-08-23T11:00:00.000000",24.1462154388428
"WI","2026-08-23T12:00:00.000000",24.1673431396484
"WI","2026-08-23T13:00:00.000000",24.1673469543457
"WI","2026-08-23T14:00:00.000000",24.162992477417
"WI","2026-08-23T15:00:00.000000",24.1630878448486
"WI","2026-08-23T16:00:00.000000",24.0941486358643
"WI","2026-08-23T17:00:00.000000",24.1174697875977
"WI","2026-08-23T18:00:00.000000",24.0662117004395
"WI","2026-08-23T19:00:00.000000",24.084135055542
"WI","2026-08-23T20:00:00.000000",24.0983638763428
"WI","2026-08-23T21:00:00.000000",24.1053657531738
"WI","2026-08-23T22:00:00.000000",24.1098785400391
"WI","2026-08-23T23:00:00.000000",24.113452911377
"WI","2026-08-24T00:00:00.000000",24.0097351074219
"WI","2026-08-24T01:00:00.000000",23.8859939575195
"WI","2026-08-24T02:00:00.000000",23.852653503418
"WI","2026-08-24T03:00:00.000000",23.9843254089355
"WI","2026-08-24T04:00:00.000000",24.0524158477783
"WI","2026-08-24T05:00:00.000000",24.0596942901611
"WI","2026-08-24T06:00:00.000000",24.0731410980225
"WI","2026-08-24T07:00:00.000000",24.0753192901611
"WI","2026-08-24T08:00:00.000000",24.0780258178711
"WI","2026-08-24T09:00:00.000000",24.0781402587891
"WI","2026-08-24T10:00:00.000000",24.0509834289551
"WI","2026-08-24T11:00:00.000000",23.9563808441162
"WI","2026-08-24T12:00:00.000000",23.1928634643555
"WI","2026-08-24T13:00:00.000000",23.0103282928467
"WI","2026-08-24T14:00:00.000000",23.0643329620361
"WI","2026-08-24T15:00:00.000000",23.540096282959
"WI","2026-08-24T16:00:00.000000",23.663272857666
"WI","2026-08-24T17:00:00.000000",23.8020286560059
"WI","2026-08-24T18:00:00.000000",23.8545093536377
"WI","2026-08-24T19:00:00.000000",23.9433269500732
"WI","2026-08-24T20:00:00.000000",23.9845523834229
"WI","2026-08-24T21:00:00.000000",24.0035877227783
"WI","2026-08-24T22:00:00.000000",24.0003070831299
"WI","2026-08-24T23:00:00.000000",23.7853622436523
"WI","2026-08-25T00:00:00.000000",23.0381126403809
"WI","2026-08-25T01:00:00.000000",22.9403305053711
"WI","2026-08-25T02:00:00.000000",22.9261360168457
"WI","2026-08-25T03:00:00.000000",22.945291519165
"WI","2026-08-25T04:00:00.000000",23.4719657897949
"WI","2026-08-25T05:00:00.000000",23.7079963684082
"WI","2026-08-25T06:00:00.000000",23.8054542541504
"WI","2026-08-25T07:00:00.000000",23.8945636749268
"WI","2026-08-25T08:00:00.000000",23.9448394775391
"WI","2026-08-25T09:00:00.000000",23.9115200042725
"WI","2026-08-25T10:00:00.000000",23.7704467773438
"WI","2026-08-25T11:00:00.000000",23.3604564666748
"WI","2026-08-25T12:00:00.000000",23.1619434356689
"WI","2026-08-25T13:00:00.000000",22.8884963989258
"WI","2026-08-25T14:00:00.000000",22.9014053344727
"WI","2026-08-25T15:00:00.000000",22.9672794342041
"WI","2026-08-25T16:00:00.000000",23.4893836975098
"WI","2026-08-25T17:00:00.000000",23.6075401306152
"WI","2026-08-25T18:00:00.000000",23.7455615997314
"WI","2026-08-25T19:00:00.000000",23.7426948547363
"WI","2026-08-25T20:00:00.000000",23.7100486755371
"WI","2026-08-25T21:00:00.000000",23.5845890045166
"WI","2026-08-25T22:00:00.000000",23.6325054168701
"WI","2026-08-25T23:00:00.000000",23.6479434967041
"WI","2026-08-26T00:00:00.000000",23.4363327026367
"WI","2026-08-26T01:00:00.000000",22.6683444976807
"WI","2026-08-26T02:00:00.000000",22.5883407592773
"WI","2026-08-26T03:00:00.000000",22.6209373474121
"WI","2026-08-26T04:00:00.000000",23.1647357940674
"WI","2026-08-26T05:00:00.000000",23.5742568969727
"WI","2026-08-26T06:00:00.000000",23.534008026123
"WI","2026-08-26T07:00:00.000000",23.6574974060059
"WI","2026-08-26T08:00:00.000000",23.6020050048828
"WI","2026-08-26T09:00:00.000000",23.5820655822754
"WI","2026-08-26T10:00:00.000000",23.5461921691895
"WI","2026-08-26T11:00:00.000000",23.4470081329346
"WI","2026-08-26T12:00:00.000000",23.0374755859375
"WI","2026-08-26T13:00:00.000000",22.8447093963623
"WI","2026-08-26T14:00:00.000000",22.8429565429688
"WI","2026-08-26T15:00:00.000000",22.9254608154297
"WI","2026-08-26T16:00:00.000000",23.1558933258057
"WI","2026-08-26T17:00:00.000000",23.3529243469238
"WI","2026-08-26T18:00:00.000000",23.4348030090332
"WI","2026-08-26T19:00:00.000000",23.4909000396729
"WI","2026-08-26T20:00:00.000000",23.4206008911133
"WI","2026-08-26T21:00:00.000000",23.2431488037109
"WI","2026-08-26T22:00:00.000000",23.2256965637207
"WI","2026-08-26T23:00:00.000000",23.263204574585
"WI","2026-08-27T00:00:00.000000",23.2483367919922
