"site_id","time","temp_c"
"AQ","2026-07-29T00:00:00.000000",19.174388885498
"AQ","2026-07-29T01:00:00.000000",19.0846481323242
"AQ","2026-07-29T02:00:00.000000",18.9773654937744
"AQ","2026-07-29T03:00:00.000000",18.9444274902344
"AQ","2026-07-29T04:00:00.000000",18.968297958374
"AQ","2026-07-29T05:00:00.000000",18.9441585540771
"AQ","2026-07-29T06:00:00.000000",18.8571624755859
"AQ","2026-07-29T07:00:00.000000",18.847620010376
"AQ","2026-07-29T08:00:00.000000",18.8449764251709
"AQ","2026-07-29T09:00:00.000000",18.8453979492188
"AQ","2026-07-29T10:00:00.000000",18.8464984893799
"AQ","2026-07-29T11:00:00.000000",18.8624496459961
"AQ","2026-07-29T12:00:00.000000",18.930944442749
"AQ","2026-07-29T13:00:00.000000",18.9715919494629
"AQ","2026-07-29T14:00:00.000000",18.9859352111816
"AQ","2026-07-29T15:00:00.000000",19.0007381439209
"AQ","2026-07-29T16:00:00.000000",19.0287590026855
"AQ","2026-07-29T17:00:00.000000",19.0503158569336
"AQ","2026-07-29T18:00:00.000000",19.0485343933105
"AQ","2026-07-29T19:00:00.000000",19.0530204772949
"AQ","2026-07-29T20:00:00.000000",19.0678825378418
"AQ","2026-07-29T21:00:00.000000",19.0844078063965
"AQ","2026-07-29T22:00:00.000000",19.1048183441162
"AQ","2026-07-29T23:00:00.000000",19.1337985992432
"AQ","2026-07-30T00:00:00.000000",19.2067184448242
"AQ","2026-07-30T01:00:00.000000",18.3389282226562
"AQ","2026-07-30T02:00:00.000000",18.2307929992676
"AQ","2026-07-30T03:00:00.000000",18.2346954345703
"AQ","2026-07-30T04:00:00.000000",18.2552051544189
"AQ","2026-07-30T05:00:00.000000",18.2637157440186
"AQ","2026-07-30T06:00:00.000000",18.1904125213623
"AQ","2026-07-30T07:00:00.000000",18.1480617523193
"AQ","2026-07-30T08:00:00.000000",18.1349430084229
"AQ","2026-07-30T09:00:00.000000",18.1313533782959
"AQ","2026-07-30T10:00:00.000000",18.1212978363037
"AQ","2026-07-30T11:00:00.000000",18.1275749206543
"AQ","2026-07-30T12:00:00.000000",18.1500606536865
"AQ","2026-07-30T13:00:00.000000",18.1755790710449
"AQ","2026-07-30T14:00:00.000000",18.2223606109619
"AQ","2026-07-30T15:00:00.000000",18.2848052978516
"AQ","2026-07-30T16:00:00.000000",18.3331699371338
"AQ","2026-07-30T17:00:00.000000",18.3749618530273
"AQ","2026-07-30T18:00:00.000000",18.3877067565918
"AQ","2026-07-30T19:00:00.000000",18.3840465545654
"AQ","2026-07-30T20:00:00.000000",18.4212799072266
"AQ","2026-07-30T21:00:00.000000",18.4480838775635
"AQ","2026-07-30T22:00:00.000000",18.4497356414795
"AQ","2026-07-30T23:00:00.000000",18.430850982666
"AQ","2026-07-31T00:00:00.000000",18.412956237793
"AQ","2026-07-31T01:00:00.000000",18.7479610443115
"AQ","2026-07-31T02:00:00.000000",18.9845600128174
"AQ","2026-07-31T03:00:00.000000",19.0133934020996
"AQ","2026-07-31T04:00:00.000000",19.0112781524658
"AQ","2026-07-31T05:00:00.000000",19.0005168914795
"AQ","2026-07-31T06:00:00.000000",18.9323692321777
"AQ","2026-07-31T07:00:00.000000",18.9036140441895
"AQ","2026-07-31T08:00:00.000000",18.9054164886475
"AQ","2026-07-31T09:00:00.000000",18.9133014678955
"AQ","2026-07-31T10:00:00.000000",18.9163074493408
"AQ","2026-07-31T11:00:00.000000",18.916955947876
"AQ","2026-07-31T12:00:00.000000",18.921703338623
"AQ","2026-07-31T13:00:00.000000",18.9308662414551
"AQ","2026-07-31T14:00:00.000000",18.9479598999023
"AQ","2026-07-31T15:00:00.000000",18.9696369171143
"AQ","2026-07-31T16:00:00.000000",18.9850063323975
"AQ","2026-07-31T17:00:00.000000",19.001615524292
"AQ","2026-07-31T18:00:00.000000",19.0807590484619
"AQ","2026-07-31T19:00:00.000000",19.1326694488525
"AQ","2026-07-31T20:00:00.000000",19.1820297241211
"AQ","2026-07-31T21:00:00.000000",19.2254695892334
"AQ","2026-07-31T22:00:00.000000",19.2639560699463
"AQ","2026-07-31T23:00:00.000000",19.2783203125
"AQ","2026-08-01T00:00:00.000000",19.2438354492188
"AQ","2026-08-01T01:00:00.000000",19.2008419036865
"AQ","2026-08-01T02:00:00.000000",19.1973342895508
"AQ","2026-08-01T03:00:00.000000",19.2022514343262
"AQ","2026-08-01T04:00:00.000000",19.2156715393066
"AQ","2026-08-01T05:00:00.000000",19.2258644104004
"AQ","2026-08-01T06:00:00.000000",19.2327499389648
"AQ","2026-08-01T07:00:00.000000",19.2284965515137
"AQ","2026-08-01T08:00:00.000000",19.2278785705566
"AQ","2026-08-01T09:00:00.000000",19.2409801483154
"AQ","2026-08-01T10:00:00.000000",19.2411727905273
"AQ","2026-08-01T11:00:00.000000",19.228946685791
"AQ","2026-08-01T12:00:00.000000",19.2379989624023
"AQ","2026-08-01T13:00:00.000000",19.2615242004395
"AQ","2026-08-01T14:00:00.000000",19.2871875762939
"AQ","2026-08-01T15:00:00.000000",19.3228282928467
"AQ","2026-08-01T16:00:00.000000",19.3744468688965
"AQ","2026-08-01T17:00:00.000000",19.4300498962402
"AQ","2026-08-01T18:00:00.000000",19.4872703552246
"AQ","2026-08-01T19:00:00.000000",19.4718036651611
"AQ","2026-08-01T20:00:00.000000",19.4902515411377
"AQ","2026-08-01T21:00:00.000000",19.5875415802002
"AQ","2026-08-01T22:00:00.000000",19.6564025878906
"AQ","2026-08-01T23:00:00.000000",19.6715698242188
"AQ","2026-08-02T00:00:00.000000",19.6763782501221
"AQ","2026-08-02T01:00:00.000000",19.6818523406982
"AQ","2026-08-02T02:00:00.000000",19.6567916870117
"AQ","2026-08-02T03:00:00.000000",19.6521549224854
"AQ","2026-08-02T04:00:00.000000",19.668176651001
"AQ","2026-08-02T05:00:00.000000",19.6756763458252
"AQ","2026-08-02T06:00:00.000000",19.6845321655273
"AQ","2026-08-02T07:00:00.000000",19.6776485443115
"AQ","2026-08-02T08:00:00.000000",19.6631298065186
"AQ","2026-08-02T09:00:00.000000",19.6754283905029
"AQ","2026-08-02T10:00:00.000000",19.6784992218018
"AQ","2026-08-02T11:00:00.000000",19.6691551208496
"AQ","2026-08-02T12:00:00.000000",19.6535034179688
"AQ","2026-08-02T13:00:00.000000",19.6856555938721
"AQ","2026-08-02T14:00:00.000000",19.7124214172363
"AQ","2026-08-02T15:00:00.000000",19.7376613616943
"AQ","2026-08-02T16:00:00.000000",19.7621974945068
"AQ","2026-08-02T17:00:00.000000",19.7859363555908
"AQ","2026-08-02T18:00:00.000000",19.831657409668
"AQ","2026-08-02T19:00:00.000000",19.8724002838135
"AQ","2026-08-02T20:00:00.000000",19.8738079071045
"AQ","2026-08-02T21:00:00.000000",19.9269218444824
"AQ","2026-08-02T22:00:00.000000",19.9994277954102
"AQ","2026-08-02T23:00:00.000000",20.0356464385986
"AQ","2026-08-03T00:00:00.000000",20.0206546783447
"AQ","2026-08-03T01:00:00.000000",20.0123386383057
"AQ","2026-08-03T02:00:00.000000",20.0113430023193
"AQ","2026-08-03T03:00:00.000000",20.0042762756348
"AQ","2026-08-03T04:00:00.000000",19.9944934844971
"AQ","2026-08-03T05:00:00.000000",19.9669723510742
"AQ","2026-08-03T06:00:00.000000",19.953426361084
"AQ","2026-08-03T07:00:00.000000",19.9846496582031
"AQ","2026-08-03T08:00:00.000000",20.0206451416016
"AQ","2026-08-03T09:00:00.000000",20.0393314361572
"AQ","2026-08-03T10:00:00.000000",20.0628871917725
"AQ","2026-08-03T11:00:00.000000",20.0436134338379
"AQ","2026-08-03T12:00:00.000000",19.9352912902832
"AQ","2026-08-03T13:00:00.000000",19.9444217681885
"AQ","2026-08-03T14:00:00.000000",20.0398139953613
"AQ","2026-08-03T15:00:00.000000",20.1033897399902
"AQ","2026-08-03T16:00:00.000000",20.126594543457
"AQ","2026-08-03T17:00:00.000000",20.1007709503174
"AQ","2026-08-03T18:00:00.000000",20.0600051879883
"AQ","2026-08-03T19:00:00.000000",20.0780715942383
"AQ","2026-08-03T20:00:00.000000",20.2053318023682
"AQ","2026-08-03T21:00:00.000000",20.176549911499
"AQ","2026-08-03T22:00:00.000000",20.2178611755371
"AQ","2026-08-03T23:00:00.000000",20.2545146942139
"AQ","2026-08-04T00:00:00.000000",20.2300338745117
"CB","2026-07-29T00:00:00.000000",18.2718658447266
"CB","2026-07-29T01:00:00.000000",18.1545505523682
"CB","2026-07-29T02:00:00.000000",18.1122207641602
"CB","2026-07-29T03:00:00.000000",18.1270561218262
"CB","2026-07-29T04:00:00.000000",18.1457920074463
"CB","2026-07-29T05:00:00.000000",18.1216716766357
"CB","2026-07-29T06:00:00.000000",18.0709552764893
"CB","2026-07-29T07:00:00.000000",18.0467643737793
"CB","2026-07-29T08:00:00.000000",18.0375556945801
"CB","2026-07-29T09:00:00.000000",18.0283088684082
"CB","2026-07-29T10:00:00.000000",18.0266189575195
"CB","2026-07-29T11:00:00.000000",18.0314102172852
"CB","2026-07-29T12:00:00.000000",18.035945892334
"CB","2026-07-29T13:00:00.000000",18.0758590698242
"CB","2026-07-29T14:00:00.000000",18.1067333221436
"CB","2026-07-29T15:00:00.000000",18.1578483581543
"CB","2026-07-29T16:00:00.000000",18.2111930847168
"CB","2026-07-29T17:00:00.000000",18.1989116668701
"CB","2026-07-29T18:00:00.000000",18.1661796569824
"CB","2026-07-29T19:00:00.000000",18.1388206481934
"CB","2026-07-29T20:00:00.000000",18.1432399749756
"CB","2026-07-29T21:00:00.000000",18.1348857879639
"CB","2026-07-29T22:00:00.000000",18.1297359466553
"CB","2026-07-29T23:00:00.000000",18.133279800415
"CB","2026-07-30T00:00:00.000000",18.2237358093262
"CB","2026-07-30T01:00:00.000000",17.8926982879639
"CB","2026-07-30T02:00:00.000000",17.7101535797119
"CB","2026-07-30T03:00:00.000000",17.6842041015625
"CB","2026-07-30T04:00:00.000000",17.6788368225098
"CB","2026-07-30T05:00:00.000000",17.6966400146484
"CB","2026-07-30T06:00:00.000000",17.6790542602539
"CB","2026-07-30T07:00:00.000000",17.6417598724365
"CB","2026-07-30T08:00:00.000000",17.6169338226318
"CB","2026-07-30T09:00:00.000000",17.6195278167725
"CB","2026-07-30T10:00:00.000000",17.6075916290283
"CB","2026-07-30T11:00:00.000000",17.6076641082764
"CB","2026-07-30T12:00:00.000000",17.6247673034668
"CB","2026-07-30T13:00:00.000000",17.6418018341064
"CB","2026-07-30T14:00:00.000000",17.674015045166
"CB","2026-07-30T15:00:00.000000",17.694730758667
"CB","2026-07-30T16:00:00.000000",17.7006816864014
"CB","2026-07-30T17:00:00.000000",17.7033843994141
"CB","2026-07-30T18:00:00.000000",17.724967956543
"CB","2026-07-30T19:00:00.000000",17.7403392791748
"CB","2026-07-30T20:00:00.000000",17.7078132629395
"CB","2026-07-30T21:00:00.000000",17.7100410461426
"CB","2026-07-30T22:00:00.000000",17.7078399658203
"CB","2026-07-30T23:00:00.000000",17.7073516845703
"CB","2026-07-31T00:00:00.000000",17.7102909088135
"CB","2026-07-31T01:00:00.000000",18.0404415130615
"CB","2026-07-31T02:00:00.000000",18.2949199676514
"CB","2026-07-31T03:00:00.000000",18.3475246429443
"CB","2026-07-31T04:00:00.000000",18.3627548217773
"CB","2026-07-31T05:00:00.000000",18.3742427825928
"CB","2026-07-31T06:00:00.000000",18.3573894500732
"CB","2026-07-31T07:00:00.000000",18.3111133575439
"CB","2026-07-31T08:00:00.000000",18.2872753143311
"CB","2026-07-31T09:00:00.000000",18.2944774627686
"CB","2026-07-31T10:00:00.000000",18.2911014556885
"CB","2026-07-31T11:00:00.000000",18.2911434173584
"CB","2026-07-31T12:00:00.000000",18.2924709320068
"CB","2026-07-31T13:00:00.000000",18.298900604248
"CB","2026-07-31T14:00:00.000000",18.325366973877
"CB","2026-07-31T15:00:00.000000",18.3866024017334
"CB","2026-07-31T16:00:00.000000",18.43825340271
"CB","2026-07-31T17:00:00.000000",18.4631958007812
"CB","2026-07-31T18:00:00.000000",18.4648723602295
"CB","2026-07-31T19:00:00.000000",18.4338512420654
"CB","2026-07-31T20:00:00.000000",18.4117336273193
"CB","2026-07-31T21:00:00.000000",18.399845123291
"CB","2026-07-31T22:00:00.000000",18.4103908538818
"CB","2026-07-31T23:00:00.000000",18.3967361450195
"CB","2026-08-01T00:00:00.000000",18.3983554840088
"CB","2026-08-01T01:00:00.000000",18.413143157959
"CB","2026-08-01T02:00:00.000000",18.4531421661377
"CB","2026-08-01T03:00:00.000000",18.4863357543945
"CB","2026-08-01T04:00:00.000000",18.5186367034912
"CB","2026-08-01T05:00:00.000000",18.5288524627686
"CB","2026-08-01T06:00:00.000000",18.5390930175781
"CB","2026-08-01T07:00:00.000000",18.5178108215332
"CB","2026-08-01T08:00:00.000000",18.4959850311279
"CB","2026-08-01T09:00:00.000000",18.4672908782959
"CB","2026-08-01T10:00:00.000000",18.4669933319092
"CB","2026-08-01T11:00:00.000000",18.4627151489258
"CB","2026-08-01T12:00:00.000000",18.4633769989014
"CB","2026-08-01T13:00:00.000000",18.4668350219727
"CB","2026-08-01T14:00:00.000000",18.4858722686768
"CB","2026-08-01T15:00:00.000000",18.5571727752686
"CB","2026-08-01T16:00:00.000000",18.6960582733154
"CB","2026-08-01T17:00:00.000000",18.8088779449463
"CB","2026-08-01T18:00:00.000000",18.8272094726562
"CB","2026-08-01T19:00:00.000000",18.7916355133057
"CB","2026-08-01T20:00:00.000000",18.7486267089844
"CB","2026-08-01T21:00:00.000000",18.6330890655518
"CB","2026-08-01T22:00:00.000000",18.6002960205078
"CB","2026-08-01T23:00:00.000000",18.5895481109619
"CB","2026-08-02T00:00:00.000000",18.5884704589844
"CB","2026-08-02T01:00:00.000000",18.589448928833
"CB","2026-08-02T02:00:00.000000",18.6097316741943
"CB","2026-08-02T03:00:00.000000",18.7175178527832
"CB","2026-08-02T04:00:00.000000",18.8509750366211
"CB","2026-08-02T05:00:00.000000",18.9399089813232
"CB","2026-08-02T06:00:00.000000",18.9731197357178
"CB","2026-08-02T07:00:00.000000",18.9720821380615
"CB","2026-08-02T08:00:00.000000",18.88525390625
"CB","2026-08-02T09:00:00.000000",18.7766418457031
"CB","2026-08-02T10:00:00.000000",18.6971035003662
"CB","2026-08-02T11:00:00.000000",18.6728000640869
"CB","2026-08-02T12:00:00.000000",18.6678218841553
"CB","2026-08-02T13:00:00.000000",18.6666889190674
"CB","2026-08-02T14:00:00.000000",18.7002487182617
"CB","2026-08-02T15:00:00.000000",18.773551940918
"CB","2026-08-02T16:00:00.000000",18.9473762512207
"CB","2026-08-02T17:00:00.000000",19.115535736084
"CB","2026-08-02T18:00:00.000000",19.1681709289551
"CB","2026-08-02T19:00:00.000000",19.1946849822998
"CB","2026-08-02T20:00:00.000000",19.124963760376
"CB","2026-08-02T21:00:00.000000",19.0152931213379
"CB","2026-08-02T22:00:00.000000",18.8285427093506
"CB","2026-08-02T23:00:00.000000",18.7460689544678
"CB","2026-08-03T00:00:00.000000",18.7285594940186
"CB","2026-08-03T01:00:00.000000",18.7240600585938
"CB","2026-08-03T02:00:00.000000",18.7333431243896
"CB","2026-08-03T03:00:00.000000",18.7910213470459
"CB","2026-08-03T04:00:00.000000",18.9819259643555
"CB","2026-08-03T05:00:00.000000",19.1332969665527
"CB","2026-08-03T06:00:00.000000",19.1536750793457
"CB","2026-08-03T07:00:00.000000",19.1589603424072
"CB","2026-08-03T08:00:00.000000",19.1185207366943
"CB","2026-08-03T09:00:00.000000",19.0759544372559
"CB","2026-08-03T10:00:00.000000",18.8692378997803
"CB","2026-08-03T11:00:00.000000",18.7702789306641
"CB","2026-08-03T12:00:00.000000",18.7487640380859
"CB","2026-08-03T13:00:00.000000",18.7461128234863
"CB","2026-08-03T14:00:00.000000",18.7471561431885
"CB","2026-08-03T15:00:00.000000",18.7874584197998
"CB","2026-08-03T16:00:00.000000",18.9517593383789
"CB","2026-08-03T17:00:00.000000",19.1427440643311
"CB","2026-08-03T18:00:00.000000",19.2278156280518
"CB","2026-08-03T19:00:00.000000",19.2463760375977
"CB","2026-08-03T20:00:00.000000",19.2751979827881
"CB","2026-08-03T21:00:00.000000",19.2455081939697
"CB","2026-08-03T22:00:00.000000",19.1274757385254
"CB","2026-08-03T23:00:00.000000",18.9810523986816
"CB","2026-08-04T00:00:00.000000",18.9346981048584
"CI","2026-07-29T00:00:00.000000",20.0986747741699
"CI","2026-07-29T01:00:00.000000",19.9277400970459
"CI","2026-07-29T02:00:00.000000",19.9221591949463
"CI","2026-07-29T03:00:00.000000",20.0203647613525
"CI","2026-07-29T04:00:00.000000",20.019889831543
"CI","2026-07-29T05:00:00.000000",19.9159297943115
"CI","2026-07-29T06:00:00.000000",19.7826099395752
"CI","2026-07-29T07:00:00.000000",19.7924938201904
"CI","2026-07-29T08:00:00.000000",19.7988243103027
"CI","2026-07-29T09:00:00.000000",19.7988243103027
"CI","2026-07-29T10:00:00.000000",19.7988243103027
"CI","2026-07-29T11:00:00.000000",19.7988243103027
"CI","2026-07-29T12:00:00.000000",19.7988243103027
"CI","2026-07-29T13:00:00.000000",19.8537178039551
"CI","2026-07-29T14:00:00.000000",19.928596496582
"CI","2026-07-29T15:00:00.000000",19.9521503448486
"CI","2026-07-29T16:00:00.000000",19.9852981567383
"CI","2026-07-29T17:00:00.000000",20.0046405792236
"CI","2026-07-29T18:00:00.000000",20.0135841369629
"CI","2026-07-29T19:00:00.000000",19.958028793335
"CI","2026-07-29T20:00:00.000000",19.9775466918945
"CI","2026-07-29T21:00:00.000000",19.9794597625732
"CI","2026-07-29T22:00:00.000000",19.9794597625732
"CI","2026-07-29T23:00:00.000000",19.9794597625732
"CI","2026-07-30T00:00:00.000000",20.0717430114746
"CI","2026-07-30T01:00:00.000000",19.7813701629639
"CI","2026-07-30T02:00:00.000000",19.4527721405029
"CI","2026-07-30T03:00:00.000000",19.3551445007324
"CI","2026-07-30T04:00:00.000000",19.2957859039307
"CI","2026-07-30T05:00:00.000000",19.3105239868164
"CI","2026-07-30T06:00:00.000000",19.3217468261719
"CI","2026-07-30T07:00:00.000000",19.4067783355713
"CI","2026-07-30T08:00:00.000000",19.439474105835
"CI","2026-07-30T09:00:00.000000",19.4430351257324
"CI","2026-07-30T10:00:00.000000",19.4430351257324
"CI","2026-07-30T11:00:00.000000",19.4430351257324
"CI","2026-07-30T12:00:00.000000",19.4430351257324
"CI","2026-07-30T13:00:00.000000",19.5690536499023
"CI","2026-07-30T14:00:00.000000",19.5821437835693
"CI","2026-07-30T15:00:00.000000",19.5824337005615
"CI","2026-07-30T16:00:00.000000",19.5052185058594
"CI","2026-07-30T17:00:00.000000",19.5472717285156
"CI","2026-07-30T18:00:00.000000",19.5993556976318
"CI","2026-07-30T19:00:00.000000",19.6126918792725
"CI","2026-07-30T20:00:00.000000",19.6279277801514
"CI","2026-07-30T21:00:00.000000",19.6353340148926
"CI","2026-07-30T22:00:00.000000",19.6353340148926
"CI","2026-07-30T23:00:00.000000",19.6353340148926
"CI","2026-07-31T00:00:00.000000",19.6353340148926
"CI","2026-07-31T01:00:00.000000",18.9372215270996
"CI","2026-07-31T02:00:00.000000",18.5713024139404
"CI","2026-07-31T03:00:00.000000",18.4029407501221
"CI","2026-07-31T04:00:00.000000",18.3557758331299
"CI","2026-07-31T05:00:00.000000",18.3110313415527
"CI","2026-07-31T06:00:00.000000",18.234842300415
"CI","2026-07-31T07:00:00.000000",18.2743225097656
"CI","2026-07-31T08:00:00.000000",18.358190536499
"CI","2026-07-31T09:00:00.000000",18.3990573883057
"CI","2026-07-31T10:00:00.000000",18.3990573883057
"CI","2026-07-31T11:00:00.000000",18.3990573883057
"CI","2026-07-31T12:00:00.000000",18.3990573883057
"CI","2026-07-31T13:00:00.000000",18.3990573883057
"CI","2026-07-31T14:00:00.000000",18.4569797515869
"CI","2026-07-31T15:00:00.000000",18.4966773986816
"CI","2026-07-31T16:00:00.000000",18.4240379333496
"CI","2026-07-31T17:00:00.000000",18.4068183898926
"CI","2026-07-31T18:00:00.000000",18.3579597473145
"CI","2026-07-31T19:00:00.000000",18.3347568511963
"CI","2026-07-31T20:00:00.000000",18.3962841033936
"CI","2026-07-31T21:00:00.000000",18.4378871917725
"CI","2026-07-31T22:00:00.000000",18.4378871917725
"CI","2026-07-31T23:00:00.000000",18.4378871917725
"CI","2026-08-01T00:00:00.000000",18.4378871917725
"CI","2026-08-01T01:00:00.000000",18.4378871917725
"CI","2026-08-01T02:00:00.000000",18.5458793640137
"CI","2026-08-01T03:00:00.000000",18.6503925323486
"CI","2026-08-01T04:00:00.000000",18.7448806762695
"CI","2026-08-01T05:00:00.000000",18.7544689178467
"CI","2026-08-01T06:00:00.000000",18.7606506347656
"CI","2026-08-01T07:00:00.000000",18.7536201477051
"CI","2026-08-01T08:00:00.000000",18.7017955780029
"CI","2026-08-01T09:00:00.000000",18.5499095916748
"CI","2026-08-01T10:00:00.000000",18.5499095916748
"CI","2026-08-01T11:00:00.000000",18.5499095916748
"CI","2026-08-01T12:00:00.000000",18.5499095916748
"CI","2026-08-01T13:00:00.000000",18.5499095916748
"CI","2026-08-01T14:00:00.000000",18.5499095916748
"CI","2026-08-01T15:00:00.000000",18.6914710998535
"CI","2026-08-01T16:00:00.000000",18.910062789917
"CI","2026-08-01T17:00:00.000000",19.1431617736816
"CI","2026-08-01T18:00:00.000000",19.2320919036865
"CI","2026-08-01T19:00:00.000000",19.2478981018066
"CI","2026-08-01T20:00:00.000000",19.161470413208
"CI","2026-08-01T21:00:00.000000",18.898193359375
"CI","2026-08-01T22:00:00.000000",18.8414058685303
"CI","2026-08-01T23:00:00.000000",18.8414058685303
"CI","2026-08-02T00:00:00.000000",18.8414058685303
"CI","2026-08-02T01:00:00.000000",18.8414058685303
"CI","2026-08-02T02:00:00.000000",18.8414058685303
"CI","2026-08-02T03:00:00.000000",18.8049602508545
"CI","2026-08-02T04:00:00.000000",19.2275066375732
"CI","2026-08-02T05:00:00.000000",19.5352916717529
"CI","2026-08-02T06:00:00.000000",19.7556381225586
"CI","2026-08-02T07:00:00.000000",19.7278079986572
"CI","2026-08-02T08:00:00.000000",19.4574298858643
"CI","2026-08-02T09:00:00.000000",19.0576000213623
"CI","2026-08-02T10:00:00.000000",18.8730525970459
"CI","2026-08-02T11:00:00.000000",18.8730525970459
"CI","2026-08-02T12:00:00.000000",18.8730525970459
"CI","2026-08-02T13:00:00.000000",18.8730525970459
"CI","2026-08-02T14:00:00.000000",18.8730525970459
"CI","2026-08-02T15:00:00.000000",18.9331760406494
"CI","2026-08-02T16:00:00.000000",19.0788059234619
"CI","2026-08-02T17:00:00.000000",20.0675411224365
"CI","2026-08-02T18:00:00.000000",20.3866329193115
"CI","2026-08-02T19:00:00.000000",20.4714336395264
"CI","2026-08-02T20:00:00.000000",20.3857555389404
"CI","2026-08-02T21:00:00.000000",19.8365497589111
"CI","2026-08-02T22:00:00.000000",19.189416885376
"CI","2026-08-02T23:00:00.000000",19.162971496582
"CI","2026-08-03T00:00:00.000000",19.162971496582
"CI","2026-08-03T01:00:00.000000",19.162971496582
"CI","2026-08-03T02:00:00.000000",19.162971496582
"CI","2026-08-03T03:00:00.000000",19.0897521972656
"CI","2026-08-03T04:00:00.000000",19.2613258361816
"CI","2026-08-03T05:00:00.000000",20.4232006072998
"CI","2026-08-03T06:00:00.000000",20.7450351715088
"CI","2026-08-03T07:00:00.000000",20.7698497772217
"CI","2026-08-03T08:00:00.000000",20.7646770477295
"CI","2026-08-03T09:00:00.000000",20.4230117797852
"CI","2026-08-03T10:00:00.000000",19.477575302124
"CI","2026-08-03T11:00:00.000000",19.2624206542969
"CI","2026-08-03T12:00:00.000000",19.2624206542969
"CI","2026-08-03T13:00:00.000000",19.2624206542969
"CI","2026-08-03T14:00:00.000000",19.2624206542969
"CI","2026-08-03T15:00:00.000000",19.2624206542969
"CI","2026-08-03T16:00:00.000000",19.3395309448242
"CI","2026-08-03T17:00:00.000000",20.4242496490479
"CI","2026-08-03T18:00:00.000000",20.9298095703125
"CI","2026-08-03T19:00:00.000000",21.0435943603516
"CI","2026-08-03T20:00:00.000000",21.0502014160156
"CI","2026-08-03T21:00:00.000000",20.97975730896
"CI","2026-08-03T22:00:00.000000",20.1962013244629
"CI","2026-08-03T23:00:00.000000",19.5127143859863
"CI","2026-08-04T00:00:00.000000",19.5127143859863
"DC","2026-07-29T00:00:00.000000",18.463264465332
"DC","2026-07-29T01:00:00.000000",18.0733890533447
"DC","2026-07-29T02:00:00.000000",17.9256076812744
"DC","2026-07-29T03:00:00.000000",17.9285850524902
"DC","2026-07-29T04:00:00.000000",17.941650390625
"DC","2026-07-29T05:00:00.000000",17.9641628265381
"DC","2026-07-29T06:00:00.000000",18.0044403076172
"DC","2026-07-29T07:00:00.000000",18.0469989776611
"DC","2026-07-29T08:00:00.000000",18.0548305511475
"DC","2026-07-29T09:00:00.000000",18.0548305511475
"DC","2026-07-29T10:00:00.000000",18.0548305511475
"DC","2026-07-29T11:00:00.000000",18.0548305511475
"DC","2026-07-29T12:00:00.000000",18.0548305511475
"DC","2026-07-29T13:00:00.000000",18.0502967834473
"DC","2026-07-29T14:00:00.000000",18.1223907470703
"DC","2026-07-29T15:00:00.000000",18.1787014007568
"DC","2026-07-29T16:00:00.000000",18.1915435791016
"DC","2026-07-29T17:00:00.000000",18.2075099945068
"DC","2026-07-29T18:00:00.000000",18.2158336639404
"DC","2026-07-29T19:00:00.000000",18.2412395477295
"DC","2026-07-29T20:00:00.000000",18.2865905761719
"DC","2026-07-29T21:00:00.000000",18.3147659301758
"DC","2026-07-29T22:00:00.000000",18.3147659301758
"DC","2026-07-29T23:00:00.000000",18.3147659301758
"DC","2026-07-30T00:00:00.000000",18.3712139129639
"DC","2026-07-30T01:00:00.000000",17.9246425628662
"DC","2026-07-30T02:00:00.000000",17.6525993347168
"DC","2026-07-30T03:00:00.000000",17.6194820404053
"DC","2026-07-30T04:00:00.000000",17.6074886322021
"DC","2026-07-30T05:00:00.000000",17.6272125244141
"DC","2026-07-30T06:00:00.000000",17.6609935760498
"DC","2026-07-30T07:00:00.000000",17.6786918640137
"DC","2026-07-30T08:00:00.000000",17.6715507507324
"DC","2026-07-30T09:00:00.000000",17.6715507507324
"DC","2026-07-30T10:00:00.000000",17.6715507507324
"DC","2026-07-30T11:00:00.000000",17.6715507507324
"DC","2026-07-30T12:00:00.000000",17.6715507507324
"DC","2026-07-30T13:00:00.000000",17.6787033081055
"DC","2026-07-30T14:00:00.000000",17.6555271148682
"DC","2026-07-30T15:00:00.000000",17.6633358001709
"DC","2026-07-30T16:00:00.000000",17.7001361846924
"DC","2026-07-30T17:00:00.000000",17.7299938201904
"DC","2026-07-30T18:00:00.000000",17.7334575653076
"DC","2026-07-30T19:00:00.000000",17.7733154296875
"DC","2026-07-30T20:00:00.000000",17.8400402069092
"DC","2026-07-30T21:00:00.000000",17.8517589569092
"DC","2026-07-30T22:00:00.000000",17.8517589569092
"DC","2026-07-30T23:00:00.000000",17.8517589569092
"DC","2026-07-31T00:00:00.000000",17.8517589569092
"DC","2026-07-31T01:00:00.000000",18.046293258667
"DC","2026-07-31T02:00:00.000000",18.1401481628418
"DC","2026-07-31T03:00:00.000000",18.1517906188965
"DC","2026-07-31T04:00:00.000000",18.1630783081055
"DC","2026-07-31T05:00:00.000000",18.2153720855713
"DC","2026-07-31T06:00:00.000000",18.2664909362793
"DC","2026-07-31T07:00:00.000000",18.3078727722168
"DC","2026-07-31T08:00:00.000000",18.3289375305176
"DC","2026-07-31T09:00:00.000000",18.3202648162842
"DC","2026-07-31T10:00:00.000000",18.3202648162842
"DC","2026-07-31T11:00:00.000000",18.3202648162842
"DC","2026-07-31T12:00:00.000000",18.3202648162842
"DC","2026-07-31T13:00:00.000000",18.3202648162842
"DC","2026-07-31T14:00:00.000000",18.3194541931152
"DC","2026-07-31T15:00:00.000000",18.316478729248
"DC","2026-07-31T16:00:00.000000",18.3367004394531
"DC","2026-07-31T17:00:00.000000",18.3975811004639
"DC","2026-07-31T18:00:00.000000",18.475378036499
"DC","2026-07-31T19:00:00.000000",18.4778995513916
"DC","2026-07-31T20:00:00.000000",18.4907360076904
"DC","2026-07-31T21:00:00.000000",18.4772529602051
"DC","2026-07-31T22:00:00.000000",18.4772529602051
"DC","2026-07-31T23:00:00.000000",18.4772529602051
"DC","2026-08-01T00:00:00.000000",18.4772529602051
"DC","2026-08-01T01:00:00.000000",18.4772529602051
"DC","2026-08-01T02:00:00.000000",18.4842166900635
"DC","2026-08-01T03:00:00.000000",18.5082759857178
"DC","2026-08-01T04:00:00.000000",18.5225505828857
"DC","2026-08-01T05:00:00.000000",18.5287227630615
"DC","2026-08-01T06:00:00.000000",18.5390338897705
"DC","2026-08-01T07:00:00.000000",18.5510540008545
"DC","2026-08-01T08:00:00.000000",18.5891246795654
"DC","2026-08-01T09:00:00.000000",18.6023616790771
"DC","2026-08-01T10:00:00.000000",18.6023616790771
"DC","2026-08-01T11:00:00.000000",18.6023616790771
"DC","2026-08-01T12:00:00.000000",18.6023616790771
"DC","2026-08-01T13:00:00.000000",18.6023616790771
"DC","2026-08-01T14:00:00.000000",18.6727046966553
"DC","2026-08-01T15:00:00.000000",18.810661315918
"DC","2026-08-01T16:00:00.000000",18.8855266571045
"DC","2026-08-01T17:00:00.000000",18.9252834320068
"DC","2026-08-01T18:00:00.000000",18.9642848968506
"DC","2026-08-01T19:00:00.000000",18.9698429107666
"DC","2026-08-01T20:00:00.000000",18.9468269348145
"DC","2026-08-01T21:00:00.000000",18.9672660827637
"DC","2026-08-01T22:00:00.000000",18.9630336761475
"DC","2026-08-01T23:00:00.000000",18.9630336761475
"DC","2026-08-02T00:00:00.000000",18.9630336761475
"DC","2026-08-02T01:00:00.000000",18.9630336761475
"DC","2026-08-02T02:00:00.000000",19.0409030914307
"DC","2026-08-02T03:00:00.000000",19.0672340393066
"DC","2026-08-02T04:00:00.000000",19.0598831176758
"DC","2026-08-02T05:00:00.000000",19.0395832061768
"DC","2026-08-02T06:00:00.000000",19.0341701507568
"DC","2026-08-02T07:00:00.000000",19.0174808502197
"DC","2026-08-02T08:00:00.000000",19.0137825012207
"DC","2026-08-02T09:00:00.000000",19.0487213134766
"DC","2026-08-02T10:00:00.000000",19.0434856414795
"DC","2026-08-02T11:00:00.000000",19.0434856414795
"DC","2026-08-02T12:00:00.000000",19.0434856414795
"DC","2026-08-02T13:00:00.000000",19.0434856414795
"DC","2026-08-02T14:00:00.000000",19.0434856414795
"DC","2026-08-02T15:00:00.000000",19.1396160125732
"DC","2026-08-02T16:00:00.000000",19.1857662200928
"DC","2026-08-02T17:00:00.000000",19.2091197967529
"DC","2026-08-02T18:00:00.000000",19.217960357666
"DC","2026-08-02T19:00:00.000000",19.2392463684082
"DC","2026-08-02T20:00:00.000000",19.2458324432373
"DC","2026-08-02T21:00:00.000000",19.2576122283936
"DC","2026-08-02T22:00:00.000000",19.2723693847656
"DC","2026-08-02T23:00:00.000000",19.2729034423828
"DC","2026-08-03T00:00:00.000000",19.2729034423828
"DC","2026-08-03T01:00:00.000000",19.2729034423828
"DC","2026-08-03T02:00:00.000000",19.2729034423828
"DC","2026-08-03T03:00:00.000000",19.2210292816162
"DC","2026-08-03T04:00:00.000000",19.1201305389404
"DC","2026-08-03T05:00:00.000000",19.0486888885498
"DC","2026-08-03T06:00:00.000000",18.9932613372803
"DC","2026-08-03T07:00:00.000000",19.0113124847412
"DC","2026-08-03T08:00:00.000000",19.1090106964111
"DC","2026-08-03T09:00:00.000000",19.1627025604248
"DC","2026-08-03T10:00:00.000000",19.1713066101074
"DC","2026-08-03T11:00:00.000000",19.1713008880615
"DC","2026-08-03T12:00:00.000000",19.1713008880615
"DC","2026-08-03T13:00:00.000000",19.1713008880615
"DC","2026-08-03T14:00:00.000000",19.1713008880615
"DC","2026-08-03T15:00:00.000000",19.1926879882812
"DC","2026-08-03T16:00:00.000000",19.1830406188965
"DC","2026-08-03T17:00:00.000000",19.1832408905029
"DC","2026-08-03T18:00:00.000000",19.1829109191895
"DC","2026-08-03T19:00:00.000000",19.2107467651367
"DC","2026-08-03T20:00:00.000000",19.2351188659668
"DC","2026-08-03T21:00:00.000000",19.263692855835
"DC","2026-08-03T22:00:00.000000",19.2882747650146
"DC","2026-08-03T23:00:00.000000",19.3144817352295
"DC","2026-08-04T00:00:00.000000",19.3144817352295
"LH","2026-07-29T00:00:00.000000",18.0603008270264
"LH","2026-07-29T01:00:00.000000",18.2226791381836
"LH","2026-07-29T02:00:00.000000",18.3805923461914
"LH","2026-07-29T03:00:00.000000",18.3761196136475
"LH","2026-07-29T04:00:00.000000",18.4095363616943
"LH","2026-07-29T05:00:00.000000",18.4668636322021
"LH","2026-07-29T06:00:00.000000",18.4902744293213
"LH","2026-07-29T07:00:00.000000",18.531551361084
"LH","2026-07-29T08:00:00.000000",18.5382022857666
"LH","2026-07-29T09:00:00.000000",18.5386562347412
"LH","2026-07-29T10:00:00.000000",18.5386562347412
"LH","2026-07-29T11:00:00.000000",18.5386562347412
"LH","2026-07-29T12:00:00.000000",18.5386562347412
"LH","2026-07-29T13:00:00.000000",18.5397109985352
"LH","2026-07-29T14:00:00.000000",18.5340728759766
"LH","2026-07-29T15:00:00.000000",18.5200481414795
"LH","2026-07-29T16:00:00.000000",18.5256690979004
"LH","2026-07-29T17:00:00.000000",18.5497493743896
"LH","2026-07-29T18:00:00.000000",18.586145401001
"LH","2026-07-29T19:00:00.000000",18.579174041748
"LH","2026-07-29T20:00:00.000000",18.5830478668213
"LH","2026-07-29T21:00:00.000000",18.5735321044922
"LH","2026-07-29T22:00:00.000000",18.5887126922607
"LH","2026-07-29T23:00:00.000000",18.5887126922607
"LH","2026-07-30T00:00:00.000000",18.7151679992676
"LH","2026-07-30T01:00:00.000000",18.5783271789551
"LH","2026-07-30T02:00:00.000000",18.2220191955566
"LH","2026-07-30T03:00:00.000000",18.1922836303711
"LH","2026-07-30T04:00:00.000000",18.2007484436035
"LH","2026-07-30T05:00:00.000000",18.2625751495361
"LH","2026-07-30T06:00:00.000000",18.2292156219482
"LH","2026-07-30T07:00:00.000000",18.1973724365234
"LH","2026-07-30T08:00:00.000000",18.1600818634033
"LH","2026-07-30T09:00:00.000000",18.1287364959717
"LH","2026-07-30T10:00:00.000000",18.1263084411621
"LH","2026-07-30T11:00:00.000000",18.1263084411621
"LH","2026-07-30T12:00:00.000000",18.1263084411621
"LH","2026-07-30T13:00:00.000000",18.1575775146484
"LH","2026-07-30T14:00:00.000000",18.1932277679443
"LH","2026-07-30T15:00:00.000000",18.2508411407471
"LH","2026-07-30T16:00:00.000000",18.2803153991699
"LH","2026-07-30T17:00:00.000000",18.3004989624023
"LH","2026-07-30T18:00:00.000000",18.3006954193115
"LH","2026-07-30T19:00:00.000000",18.2790012359619
"LH","2026-07-30T20:00:00.000000",18.2650661468506
"LH","2026-07-30T21:00:00.000000",18.2359390258789
"LH","2026-07-30T22:00:00.000000",18.2154579162598
"LH","2026-07-30T23:00:00.000000",18.2102565765381
"LH","2026-07-31T00:00:00.000000",18.2102565765381
"LH","2026-07-31T01:00:00.000000",18.3133678436279
"LH","2026-07-31T02:00:00.000000",18.2882270812988
"LH","2026-07-31T03:00:00.000000",18.3422660827637
"LH","2026-07-31T04:00:00.000000",18.3786125183105
"LH","2026-07-31T05:00:00.000000",18.4243335723877
"LH","2026-07-31T06:00:00.000000",18.4421253204346
"LH","2026-07-31T07:00:00.000000",18.4460563659668
"LH","2026-07-31T08:00:00.000000",18.4361991882324
"LH","2026-07-31T09:00:00.000000",18.4126873016357
"LH","2026-07-31T10:00:00.000000",18.4026069641113
"LH","2026-07-31T11:00:00.000000",18.4024314880371
"LH","2026-07-31T12:00:00.000000",18.4024314880371
"LH","2026-07-31T13:00:00.000000",18.4024314880371
"LH","2026-07-31T14:00:00.000000",18.3573398590088
"LH","2026-07-31T15:00:00.000000",18.4055233001709
"LH","2026-07-31T16:00:00.000000",18.4649620056152
"LH","2026-07-31T17:00:00.000000",18.5039520263672
"LH","2026-07-31T18:00:00.000000",18.5269412994385
"LH","2026-07-31T19:00:00.000000",18.5221614837646
"LH","2026-07-31T20:00:00.000000",18.5129947662354
"LH","2026-07-31T21:00:00.000000",18.4949760437012
"LH","2026-07-31T22:00:00.000000",18.4724636077881
"LH","2026-07-31T23:00:00.000000",18.4666137695312
"LH","2026-08-01T00:00:00.000000",18.4666137695312
"LH","2026-08-01T01:00:00.000000",18.4666137695312
"LH","2026-08-01T02:00:00.000000",18.4369239807129
"LH","2026-08-01T03:00:00.000000",18.4689235687256
"LH","2026-08-01T04:00:00.000000",18.5185565948486
"LH","2026-08-01T05:00:00.000000",18.5312175750732
"LH","2026-08-01T06:00:00.000000",18.5266437530518
"LH","2026-08-01T07:00:00.000000",18.5193786621094
"LH","2026-08-01T08:00:00.000000",18.5207042694092
"LH","2026-08-01T09:00:00.000000",18.5707607269287
"LH","2026-08-01T10:00:00.000000",18.5297374725342
"LH","2026-08-01T11:00:00.000000",18.5384654998779
"LH","2026-08-01T12:00:00.000000",18.5384654998779
"LH","2026-08-01T13:00:00.000000",18.5384654998779
"LH","2026-08-01T14:00:00.000000",18.556209564209
"LH","2026-08-01T15:00:00.000000",18.6407527923584
"LH","2026-08-01T16:00:00.000000",18.7498092651367
"LH","2026-08-01T17:00:00.000000",18.7865428924561
"LH","2026-08-01T18:00:00.000000",18.7933464050293
"LH","2026-08-01T19:00:00.000000",18.7618083953857
"LH","2026-08-01T20:00:00.000000",18.6943798065186
"LH","2026-08-01T21:00:00.000000",18.6754913330078
"LH","2026-08-01T22:00:00.000000",18.6436290740967
"LH","2026-08-01T23:00:00.000000",18.6427917480469
"LH","2026-08-02T00:00:00.000000",18.6429576873779
"LH","2026-08-02T01:00:00.000000",18.6429576873779
"LH","2026-08-02T02:00:00.000000",18.6434955596924
"LH","2026-08-02T03:00:00.000000",18.7557907104492
"LH","2026-08-02T04:00:00.000000",18.8843421936035
"LH","2026-08-02T05:00:00.000000",18.9343547821045
"LH","2026-08-02T06:00:00.000000",18.9431095123291
"LH","2026-08-02T07:00:00.000000",18.9344062805176
"LH","2026-08-02T08:00:00.000000",18.8205642700195
"LH","2026-08-02T09:00:00.000000",18.7954540252686
"LH","2026-08-02T10:00:00.000000",18.7716026306152
"LH","2026-08-02T11:00:00.000000",18.7360420227051
"LH","2026-08-02T12:00:00.000000",18.7346649169922
"LH","2026-08-02T13:00:00.000000",18.7346649169922
"LH","2026-08-02T14:00:00.000000",18.7346649169922
"LH","2026-08-02T15:00:00.000000",18.8807888031006
"LH","2026-08-02T16:00:00.000000",19.0390014648438
"LH","2026-08-02T17:00:00.000000",19.1082344055176
"LH","2026-08-02T18:00:00.000000",19.1199398040771
"LH","2026-08-02T19:00:00.000000",19.1179313659668
"LH","2026-08-02T20:00:00.000000",19.0850315093994
"LH","2026-08-02T21:00:00.000000",18.9477291107178
"LH","2026-08-02T22:00:00.000000",18.8972072601318
"LH","2026-08-02T23:00:00.000000",18.8440685272217
"LH","2026-08-03T00:00:00.000000",18.8396453857422
"LH","2026-08-03T01:00:00.000000",18.8396453857422
"LH","2026-08-03T02:00:00.000000",18.8396453857422
"LH","2026-08-03T03:00:00.000000",18.9705200195312
"LH","2026-08-03T04:00:00.000000",19.0490684509277
"LH","2026-08-03T05:00:00.000000",19.1437740325928
"LH","2026-08-03T06:00:00.000000",19.1708679199219
"LH","2026-08-03T07:00:00.000000",19.1710433959961
"LH","2026-08-03T08:00:00.000000",19.1490268707275
"LH","2026-08-03T09:00:00.000000",19.0141506195068
"LH","2026-08-03T10:00:00.000000",18.9749126434326
"LH","2026-08-03T11:00:00.000000",18.9130535125732
"LH","2026-08-03T12:00:00.000000",18.9031066894531
"LH","2026-08-03T13:00:00.000000",18.9037342071533
"LH","2026-08-03T14:00:00.000000",18.9037342071533
"LH","2026-08-03T15:00:00.000000",18.9043006896973
"LH","2026-08-03T16:00:00.000000",19.2052783966064
"LH","2026-08-03T17:00:00.000000",19.3200931549072
"LH","2026-08-03T18:00:00.000000",19.3313636779785
"LH","2026-08-03T19:00:00.000000",19.3330364227295
"LH","2026-08-03T20:00:00.000000",19.3309326171875
"LH","2026-08-03T21:00:00.000000",19.2117137908936
"LH","2026-08-03T22:00:00.000000",19.1133899688721
"LH","2026-08-03T23:00:00.000000",19.040548324585
"LH","2026-08-04T00:00:00.000000",19.0023403167725
"NB","2026-07-29T00:00:00.000000",18.8219890594482
"NB","2026-07-29T01:00:00.000000",18.3689861297607
"NB","2026-07-29T02:00:00.000000",18.2355365753174
"NB","2026-07-29T03:00:00.000000",18.2288303375244
"NB","2026-07-29T04:00:00.000000",18.2349376678467
"NB","2026-07-29T05:00:00.000000",18.2493267059326
"NB","2026-07-29T06:00:00.000000",18.2725505828857
"NB","2026-07-29T07:00:00.000000",18.286600112915
"NB","2026-07-29T08:00:00.000000",18.2970695495605
"NB","2026-07-29T09:00:00.000000",18.3133277893066
"NB","2026-07-29T10:00:00.000000",18.3133277893066
"NB","2026-07-29T11:00:00.000000",18.2490081787109
"NB","2026-07-29T12:00:00.000000",18.2488842010498
"NB","2026-07-29T13:00:00.000000",18.2713489532471
"NB","2026-07-29T14:00:00.000000",18.2955760955811
"NB","2026-07-29T15:00:00.000000",18.3332805633545
"NB","2026-07-29T16:00:00.000000",18.3595542907715
"NB","2026-07-29T17:00:00.000000",18.3675422668457
"NB","2026-07-29T18:00:00.000000",18.3911800384521
"NB","2026-07-29T19:00:00.000000",18.439079284668
"NB","2026-07-29T20:00:00.000000",18.4781360626221
"NB","2026-07-29T21:00:00.000000",18.498254776001
"NB","2026-07-29T22:00:00.000000",18.4971942901611
"NB","2026-07-29T23:00:00.000000",18.510814666748
"NB","2026-07-30T00:00:00.000000",18.5009880065918
"NB","2026-07-30T01:00:00.000000",17.8791580200195
"NB","2026-07-30T02:00:00.000000",17.5661487579346
"NB","2026-07-30T03:00:00.000000",17.5241527557373
"NB","2026-07-30T04:00:00.000000",17.5165386199951
"NB","2026-07-30T05:00:00.000000",17.5292568206787
"NB","2026-07-30T06:00:00.000000",17.557279586792
"NB","2026-07-30T07:00:00.000000",17.5680675506592
"NB","2026-07-30T08:00:00.000000",17.5660133361816
"NB","2026-07-30T09:00:00.000000",17.5709495544434
"NB","2026-07-30T10:00:00.000000",17.6121864318848
"NB","2026-07-30T11:00:00.000000",17.5965557098389
"NB","2026-07-30T12:00:00.000000",17.5645809173584
"NB","2026-07-30T13:00:00.000000",17.566047668457
"NB","2026-07-30T14:00:00.000000",17.578498840332
"NB","2026-07-30T15:00:00.000000",17.6037540435791
"NB","2026-07-30T16:00:00.000000",17.6427669525146
"NB","2026-07-30T17:00:00.000000",17.6848735809326
"NB","2026-07-30T18:00:00.000000",17.7131633758545
"NB","2026-07-30T19:00:00.000000",17.7301616668701
"NB","2026-07-30T20:00:00.000000",17.7399196624756
"NB","2026-07-30T21:00:00.000000",17.7449760437012
"NB","2026-07-30T22:00:00.000000",17.7724666595459
"NB","2026-07-30T23:00:00.000000",17.8399353027344
"NB","2026-07-31T00:00:00.000000",17.8798332214355
"NB","2026-07-31T01:00:00.000000",17.8297481536865
"NB","2026-07-31T02:00:00.000000",17.7920188903809
"NB","2026-07-31T03:00:00.000000",17.7714252471924
"NB","2026-07-31T04:00:00.000000",17.7596645355225
"NB","2026-07-31T05:00:00.000000",17.7605323791504
"NB","2026-07-31T06:00:00.000000",17.7701511383057
"NB","2026-07-31T07:00:00.000000",17.7850685119629
"NB","2026-07-31T08:00:00.000000",17.7913398742676
"NB","2026-07-31T09:00:00.000000",17.7924461364746
"NB","2026-07-31T10:00:00.000000",17.8083343505859
"NB","2026-07-31T11:00:00.000000",17.8083343505859
"NB","2026-07-31T12:00:00.000000",17.806676864624
"NB","2026-07-31T13:00:00.000000",17.7734241485596
"NB","2026-07-31T14:00:00.000000",17.7832775115967
"NB","2026-07-31T15:00:00.000000",17.8010940551758
"NB","2026-07-31T16:00:00.000000",17.8135013580322
"NB","2026-07-31T17:00:00.000000",17.8233032226562
"NB","2026-07-31T18:00:00.000000",17.8338108062744
"NB","2026-07-31T19:00:00.000000",17.8438663482666
"NB","2026-07-31T20:00:00.000000",17.8553218841553
"NB","2026-07-31T21:00:00.000000",17.8787879943848
"NB","2026-07-31T22:00:00.000000",17.9047031402588
"NB","2026-07-31T23:00:00.000000",17.936315536499
"NB","2026-08-01T00:00:00.000000",17.9425373077393
"NB","2026-08-01T01:00:00.000000",17.9666996002197
"NB","2026-08-01T02:00:00.000000",17.9768218994141
"NB","2026-08-01T03:00:00.000000",17.9869289398193
"NB","2026-08-01T04:00:00.000000",17.9986248016357
"NB","2026-08-01T05:00:00.000000",18.0103778839111
"NB","2026-08-01T06:00:00.000000",18.0242595672607
"NB","2026-08-01T07:00:00.000000",18.0436973571777
"NB","2026-08-01T08:00:00.000000",18.0673141479492
"NB","2026-08-01T09:00:00.000000",18.0841808319092
"NB","2026-08-01T10:00:00.000000",18.0841808319092
"NB","2026-08-01T11:00:00.000000",18.0841808319092
"NB","2026-08-01T12:00:00.000000",18.0841808319092
"NB","2026-08-01T13:00:00.000000",18.0918636322021
"NB","2026-08-01T14:00:00.000000",18.1351127624512
"NB","2026-08-01T15:00:00.000000",18.1820468902588
"NB","2026-08-01T16:00:00.000000",18.2367153167725
"NB","2026-08-01T17:00:00.000000",18.2991313934326
"NB","2026-08-01T18:00:00.000000",18.3487300872803
"NB","2026-08-01T19:00:00.000000",18.376537322998
"NB","2026-08-01T20:00:00.000000",18.4058513641357
"NB","2026-08-01T21:00:00.000000",18.4666633605957
"NB","2026-08-01T22:00:00.000000",18.5210742950439
"NB","2026-08-01T23:00:00.000000",18.5552539825439
"NB","2026-08-02T00:00:00.000000",18.5552539825439
"NB","2026-08-02T01:00:00.000000",18.5552501678467
"NB","2026-08-02T02:00:00.000000",18.5552501678467
"NB","2026-08-02T03:00:00.000000",18.5552501678467
"NB","2026-08-02T04:00:00.000000",18.5552463531494
"NB","2026-08-02T05:00:00.000000",18.5722808837891
"NB","2026-08-02T06:00:00.000000",18.612211227417
"NB","2026-08-02T07:00:00.000000",18.6541481018066
"NB","2026-08-02T08:00:00.000000",18.6744995117188
"NB","2026-08-02T09:00:00.000000",18.7146949768066
"NB","2026-08-02T10:00:00.000000",18.7341823577881
"NB","2026-08-02T11:00:00.000000",18.7341823577881
"NB","2026-08-02T12:00:00.000000",18.7341823577881
"NB","2026-08-02T13:00:00.000000",18.7341823577881
"NB","2026-08-02T14:00:00.000000",18.7740783691406
"NB","2026-08-02T15:00:00.000000",18.8257884979248
"NB","2026-08-02T16:00:00.000000",18.8956966400146
"NB","2026-08-02T17:00:00.000000",18.966495513916
"NB","2026-08-02T18:00:00.000000",19.0259609222412
"NB","2026-08-02T19:00:00.000000",19.0658397674561
"NB","2026-08-02T20:00:00.000000",19.0917224884033
"NB","2026-08-02T21:00:00.000000",19.1300106048584
"NB","2026-08-02T22:00:00.000000",19.1952724456787
"NB","2026-08-02T23:00:00.000000",19.207691192627
"NB","2026-08-03T00:00:00.000000",19.2117233276367
"NB","2026-08-03T01:00:00.000000",19.2117233276367
"NB","2026-08-03T02:00:00.000000",19.2058181762695
"NB","2026-08-03T03:00:00.000000",19.2103443145752
"NB","2026-08-03T04:00:00.000000",19.2158889770508
"NB","2026-08-03T05:00:00.000000",19.212589263916
"NB","2026-08-03T06:00:00.000000",19.216817855835
"NB","2026-08-03T07:00:00.000000",19.2168483734131
"NB","2026-08-03T08:00:00.000000",19.2229137420654
"NB","2026-08-03T09:00:00.000000",19.2505626678467
"NB","2026-08-03T10:00:00.000000",19.2816677093506
"NB","2026-08-03T11:00:00.000000",19.2824726104736
"NB","2026-08-03T12:00:00.000000",19.2824764251709
"NB","2026-08-03T13:00:00.000000",19.2824764251709
"NB","2026-08-03T14:00:00.000000",19.3172836303711
"NB","2026-08-03T15:00:00.000000",19.3486270904541
"NB","2026-08-03T16:00:00.000000",19.3896389007568
"NB","2026-08-03T17:00:00.000000",19.4315929412842
"NB","2026-08-03T18:00:00.000000",19.4838447570801
"NB","2026-08-03T19:00:00.000000",19.5312767028809
"NB","2026-08-03T20:00:00.000000",19.5724258422852
"NB","2026-08-03T21:00:00.000000",19.608549118042
"NB","2026-08-03T22:00:00.000000",19.6525001525879
"NB","2026-08-03T23:00:00.000000",19.6887855529785
"NB","2026-08-04T00:00:00.000000",19.70458984375
"PC","2026-07-29T00:00:00.000000",20.1897773742676
"PC","2026-07-29T01:00:00.000000",20.2497730255127
"PC","2026-07-29T02:00:00.000000",20.2236042022705
"PC","2026-07-29T03:00:00.000000",20.1350727081299
"PC","2026-07-29T04:00:00.000000",20.1473503112793
"PC","2026-07-29T05:00:00.000000",20.1573734283447
"PC","2026-07-29T06:00:00.000000",20.2217140197754
"PC","2026-07-29T07:00:00.000000",20.2572937011719
"PC","2026-07-29T08:00:00.000000",20.2581768035889
"PC","2026-07-29T09:00:00.000000",20.2582855224609
"PC","2026-07-29T10:00:00.000000",20.2582683563232
"PC","2026-07-29T11:00:00.000000",20.2583026885986
"PC","2026-07-29T12:00:00.000000",20.2585411071777
"PC","2026-07-29T13:00:00.000000",20.2586708068848
"PC","2026-07-29T14:00:00.000000",20.248743057251
"PC","2026-07-29T15:00:00.000000",20.2319850921631
"PC","2026-07-29T16:00:00.000000",20.1945343017578
"PC","2026-07-29T17:00:00.000000",20.2173881530762
"PC","2026-07-29T18:00:00.000000",20.2233257293701
"PC","2026-07-29T19:00:00.000000",20.2503356933594
"PC","2026-07-29T20:00:00.000000",20.2575244903564
"PC","2026-07-29T21:00:00.000000",20.2574043273926
"PC","2026-07-29T22:00:00.000000",20.2573184967041
"PC","2026-07-29T23:00:00.000000",20.2573070526123
"PC","2026-07-30T00:00:00.000000",20.2573223114014
"PC","2026-07-30T01:00:00.000000",19.9421424865723
"PC","2026-07-30T02:00:00.000000",19.8713569641113
"PC","2026-07-30T03:00:00.000000",19.784049987793
"PC","2026-07-30T04:00:00.000000",19.6619052886963
"PC","2026-07-30T05:00:00.000000",19.6333103179932
"PC","2026-07-30T06:00:00.000000",19.6950645446777
"PC","2026-07-30T07:00:00.000000",19.808048248291
"PC","2026-07-30T08:00:00.000000",19.8393478393555
"PC","2026-07-30T09:00:00.000000",19.8431568145752
"PC","2026-07-30T10:00:00.000000",19.8431377410889
"PC","2026-07-30T11:00:00.000000",19.8431415557861
"PC","2026-07-30T12:00:00.000000",19.843297958374
"PC","2026-07-30T13:00:00.000000",19.8435344696045
"PC","2026-07-30T14:00:00.000000",19.8438720703125
"PC","2026-07-30T15:00:00.000000",19.8198490142822
"PC","2026-07-30T16:00:00.000000",19.7499752044678
"PC","2026-07-30T17:00:00.000000",19.7370376586914
"PC","2026-07-30T18:00:00.000000",19.7332153320312
"PC","2026-07-30T19:00:00.000000",19.7739276885986
"PC","2026-07-30T20:00:00.000000",19.8095607757568
"PC","2026-07-30T21:00:00.000000",19.8177146911621
"PC","2026-07-30T22:00:00.000000",19.8186626434326
"PC","2026-07-30T23:00:00.000000",19.8186931610107
"PC","2026-07-31T00:00:00.000000",19.8187999725342
"PC","2026-07-31T01:00:00.000000",18.8355369567871
"PC","2026-07-31T02:00:00.000000",18.65749168396
"PC","2026-07-31T03:00:00.000000",18.6275577545166
"PC","2026-07-31T04:00:00.000000",18.4655227661133
"PC","2026-07-31T05:00:00.000000",18.4428443908691
"PC","2026-07-31T06:00:00.000000",18.4343013763428
"PC","2026-07-31T07:00:00.000000",18.5464706420898
"PC","2026-07-31T08:00:00.000000",18.6088924407959
"PC","2026-07-31T09:00:00.000000",18.6165466308594
"PC","2026-07-31T10:00:00.000000",18.6175537109375
"PC","2026-07-31T11:00:00.000000",18.6176910400391
"PC","2026-07-31T12:00:00.000000",18.6179637908936
"PC","2026-07-31T13:00:00.000000",18.6183300018311
"PC","2026-07-31T14:00:00.000000",18.6188049316406
"PC","2026-07-31T15:00:00.000000",18.6069717407227
"PC","2026-07-31T16:00:00.000000",18.5616893768311
"PC","2026-07-31T17:00:00.000000",18.4718055725098
"PC","2026-07-31T18:00:00.000000",18.4591159820557
"PC","2026-07-31T19:00:00.000000",18.5021381378174
"PC","2026-07-31T20:00:00.000000",18.5743446350098
"PC","2026-07-31T21:00:00.000000",18.5918865203857
"PC","2026-07-31T22:00:00.000000",18.5922966003418
"PC","2026-07-31T23:00:00.000000",18.5919780731201
"PC","2026-08-01T00:00:00.000000",18.5919647216797
"PC","2026-08-01T01:00:00.000000",18.5919780731201
"PC","2026-08-01T02:00:00.000000",18.5920391082764
"PC","2026-08-01T03:00:00.000000",18.5362548828125
"PC","2026-08-01T04:00:00.000000",18.5642681121826
"PC","2026-08-01T05:00:00.000000",18.631368637085
"PC","2026-08-01T06:00:00.000000",18.6630687713623
"PC","2026-08-01T07:00:00.000000",18.6257019042969
"PC","2026-08-01T08:00:00.000000",18.5759086608887
"PC","2026-08-01T09:00:00.000000",18.5799503326416
"PC","2026-08-01T10:00:00.000000",18.5809345245361
"PC","2026-08-01T11:00:00.000000",18.5811672210693
"PC","2026-08-01T12:00:00.000000",18.5812702178955
"PC","2026-08-01T13:00:00.000000",18.5814208984375
"PC","2026-08-01T14:00:00.000000",18.5815753936768
"PC","2026-08-01T15:00:00.000000",18.5817317962646
"PC","2026-08-01T16:00:00.000000",18.6192111968994
"PC","2026-08-01T17:00:00.000000",18.7661266326904
"PC","2026-08-01T18:00:00.000000",18.8906192779541
"PC","2026-08-01T19:00:00.000000",18.9000072479248
"PC","2026-08-01T20:00:00.000000",18.7706279754639
"PC","2026-08-01T21:00:00.000000",18.7028026580811
"PC","2026-08-01T22:00:00.000000",18.6877765655518
"PC","2026-08-01T23:00:00.000000",18.6866779327393
"PC","2026-08-02T00:00:00.000000",18.6869220733643
"PC","2026-08-02T01:00:00.000000",18.6871929168701
"PC","2026-08-02T02:00:00.000000",18.6872253417969
"PC","2026-08-02T03:00:00.000000",18.687255859375
"PC","2026-08-02T04:00:00.000000",18.7155303955078
"PC","2026-08-02T05:00:00.000000",18.8319072723389
"PC","2026-08-02T06:00:00.000000",19.0063228607178
"PC","2026-08-02T07:00:00.000000",19.053150177002
"PC","2026-08-02T08:00:00.000000",18.9320621490479
"PC","2026-08-02T09:00:00.000000",18.7859935760498
"PC","2026-08-02T10:00:00.000000",18.7693767547607
"PC","2026-08-02T11:00:00.000000",18.7664794921875
"PC","2026-08-02T12:00:00.000000",18.7664318084717
"PC","2026-08-02T13:00:00.000000",18.7664623260498
"PC","2026-08-02T14:00:00.000000",18.7664623260498
"PC","2026-08-02T15:00:00.000000",18.7664623260498
"PC","2026-08-02T16:00:00.000000",18.7756614685059
"PC","2026-08-02T17:00:00.000000",18.9171886444092
"PC","2026-08-02T18:00:00.000000",19.3104858398438
"PC","2026-08-02T19:00:00.000000",19.5163707733154
"PC","2026-08-02T20:00:00.000000",19.4626216888428
"PC","2026-08-02T21:00:00.000000",19.067174911499
"PC","2026-08-02T22:00:00.000000",18.9635124206543
"PC","2026-08-02T23:00:00.000000",18.9381256103516
"PC","2026-08-03T00:00:00.000000",18.9346809387207
"PC","2026-08-03T01:00:00.000000",18.935302734375
"PC","2026-08-03T02:00:00.000000",18.9356994628906
"PC","2026-08-03T03:00:00.000000",18.9355144500732
"PC","2026-08-03T04:00:00.000000",18.9624404907227
"PC","2026-08-03T05:00:00.000000",19.0261077880859
"PC","2026-08-03T06:00:00.000000",19.4543571472168
"PC","2026-08-03T07:00:00.000000",19.8078746795654
"PC","2026-08-03T08:00:00.000000",19.8376369476318
"PC","2026-08-03T09:00:00.000000",19.3980960845947
"PC","2026-08-03T10:00:00.000000",19.1243648529053
"PC","2026-08-03T11:00:00.000000",19.0976295471191
"PC","2026-08-03T12:00:00.000000",19.0895385742188
"PC","2026-08-03T13:00:00.000000",19.0891399383545
"PC","2026-08-03T14:00:00.000000",19.0891399383545
"PC","2026-08-03T15:00:00.000000",19.0891437530518
"PC","2026-08-03T16:00:00.000000",19.088903427124
"PC","2026-08-03T17:00:00.000000",19.1831150054932
"PC","2026-08-03T18:00:00.000000",19.4921913146973
"PC","2026-08-03T19:00:00.000000",20.0870342254639
"PC","2026-08-03T20:00:00.000000",20.2635478973389
"PC","2026-08-03T21:00:00.000000",20.0722751617432
"PC","2026-08-03T22:00:00.000000",19.4268569946289
"PC","2026-08-03T23:00:00.000000",19.3681621551514
"PC","2026-08-04T00:00:00.000000",19.3473815917969
"PV","2026-07-29T00:00:00.000000",18.1478023529053
"PV","2026-07-29T01:00:00.000000",18.2699775695801
"PV","2026-07-29T02:00:00.000000",18.3110980987549
"PV","2026-07-29T03:00:00.000000",18.322660446167
"PV","2026-07-29T04:00:00.000000",18.3378887176514
"PV","2026-07-29T05:00:00.000000",18.334400177002
"PV","2026-07-29T06:00:00.000000",18.3297939300537
"PV","2026-07-29T07:00:00.000000",18.3321418762207
"PV","2026-07-29T08:00:00.000000",18.3438167572021
"PV","2026-07-29T09:00:00.000000",18.3499374389648
"PV","2026-07-29T10:00:00.000000",18.365629196167
"PV","2026-07-29T11:00:00.000000",18.3556308746338
"PV","2026-07-29T12:00:00.000000",18.3641300201416
"PV","2026-07-29T13:00:00.000000",18.4073238372803
"PV","2026-07-29T14:00:00.000000",18.4475612640381
"PV","2026-07-29T15:00:00.000000",18.4864883422852
"PV","2026-07-29T16:00:00.000000",18.520149230957
"PV","2026-07-29T17:00:00.000000",18.5279331207275
"PV","2026-07-29T18:00:00.000000",18.5394477844238
"PV","2026-07-29T19:00:00.000000",18.5710754394531
"PV","2026-07-29T20:00:00.000000",18.6808700561523
"PV","2026-07-29T21:00:00.000000",18.7309436798096
"PV","2026-07-29T22:00:00.000000",18.7485027313232
"PV","2026-07-29T23:00:00.000000",18.7649974822998
"PV","2026-07-30T00:00:00.000000",18.7762031555176
"PV","2026-07-30T01:00:00.000000",18.2690906524658
"PV","2026-07-30T02:00:00.000000",18.0495166778564
"PV","2026-07-30T03:00:00.000000",18.0313320159912
"PV","2026-07-30T04:00:00.000000",18.0428123474121
"PV","2026-07-30T05:00:00.000000",18.0800151824951
"PV","2026-07-30T06:00:00.000000",18.1007232666016
"PV","2026-07-30T07:00:00.000000",18.1112403869629
"PV","2026-07-30T08:00:00.000000",18.1267127990723
"PV","2026-07-30T09:00:00.000000",18.1415576934814
"PV","2026-07-30T10:00:00.000000",18.1442604064941
"PV","2026-07-30T11:00:00.000000",18.1442565917969
"PV","2026-07-30T12:00:00.000000",18.1434841156006
"PV","2026-07-30T13:00:00.000000",18.1472301483154
"PV","2026-07-30T14:00:00.000000",18.1516532897949
"PV","2026-07-30T15:00:00.000000",18.14772605896
"PV","2026-07-30T16:00:00.000000",18.1529331207275
"PV","2026-07-30T17:00:00.000000",18.1735534667969
"PV","2026-07-30T18:00:00.000000",18.2045001983643
"PV","2026-07-30T19:00:00.000000",18.234655380249
"PV","2026-07-30T20:00:00.000000",18.2670402526855
"PV","2026-07-30T21:00:00.000000",18.3105335235596
"PV","2026-07-30T22:00:00.000000",18.3239765167236
"PV","2026-07-30T23:00:00.000000",18.3436832427979
"PV","2026-07-31T00:00:00.000000",18.3686866760254
"PV","2026-07-31T01:00:00.000000",18.3338985443115
"PV","2026-07-31T02:00:00.000000",18.27756690979
"PV","2026-07-31T03:00:00.000000",18.2665901184082
"PV","2026-07-31T04:00:00.000000",18.2661666870117
"PV","2026-07-31T05:00:00.000000",18.2709808349609
"PV","2026-07-31T06:00:00.000000",18.2765102386475
"PV","2026-07-31T07:00:00.000000",18.2858028411865
"PV","2026-07-31T08:00:00.000000",18.3003063201904
"PV","2026-07-31T09:00:00.000000",18.3208885192871
"PV","2026-07-31T10:00:00.000000",18.324779510498
"PV","2026-07-31T11:00:00.000000",18.3247566223145
"PV","2026-07-31T12:00:00.000000",18.324743270874
"PV","2026-07-31T13:00:00.000000",18.3315124511719
"PV","2026-07-31T14:00:00.000000",18.3451118469238
"PV","2026-07-31T15:00:00.000000",18.3572616577148
"PV","2026-07-31T16:00:00.000000",18.3704586029053
"PV","2026-07-31T17:00:00.000000",18.3797149658203
"PV","2026-07-31T18:00:00.000000",18.3960208892822
"PV","2026-07-31T19:00:00.000000",18.4270801544189
"PV","2026-07-31T20:00:00.000000",18.4483737945557
"PV","2026-07-31T21:00:00.000000",18.4668712615967
"PV","2026-07-31T22:00:00.000000",18.4853057861328
"PV","2026-07-31T23:00:00.000000",18.4984931945801
"PV","2026-08-01T00:00:00.000000",18.5350189208984
"PV","2026-08-01T01:00:00.000000",18.5350170135498
"PV","2026-08-01T02:00:00.000000",18.5539855957031
"PV","2026-08-01T03:00:00.000000",18.5565929412842
"PV","2026-08-01T04:00:00.000000",18.5565319061279
"PV","2026-08-01T05:00:00.000000",18.5618801116943
"PV","2026-08-01T06:00:00.000000",18.5509338378906
"PV","2026-08-01T07:00:00.000000",18.5437831878662
"PV","2026-08-01T08:00:00.000000",18.5563945770264
"PV","2026-08-01T09:00:00.000000",18.5685958862305
"PV","2026-08-01T10:00:00.000000",18.5689067840576
"PV","2026-08-01T11:00:00.000000",18.5689067840576
"PV","2026-08-01T12:00:00.000000",18.5689067840576
"PV","2026-08-01T13:00:00.000000",18.5830268859863
"PV","2026-08-01T14:00:00.000000",18.6056423187256
"PV","2026-08-01T15:00:00.000000",18.6307811737061
"PV","2026-08-01T16:00:00.000000",18.6481323242188
"PV","2026-08-01T17:00:00.000000",18.6669101715088
"PV","2026-08-01T18:00:00.000000",18.6929244995117
"PV","2026-08-01T19:00:00.000000",18.7531051635742
"PV","2026-08-01T20:00:00.000000",18.8339042663574
"PV","2026-08-01T21:00:00.000000",18.8677806854248
"PV","2026-08-01T22:00:00.000000",18.8792972564697
"PV","2026-08-01T23:00:00.000000",18.9229373931885
"PV","2026-08-02T00:00:00.000000",18.9434032440186
"PV","2026-08-02T01:00:00.000000",18.9943675994873
"PV","2026-08-02T02:00:00.000000",18.9948997497559
"PV","2026-08-02T03:00:00.000000",18.9986724853516
"PV","2026-08-02T04:00:00.000000",18.9961376190186
"PV","2026-08-02T05:00:00.000000",18.9939632415771
"PV","2026-08-02T06:00:00.000000",18.9896450042725
"PV","2026-08-02T07:00:00.000000",18.9624862670898
"PV","2026-08-02T08:00:00.000000",18.9658317565918
"PV","2026-08-02T09:00:00.000000",18.9850902557373
"PV","2026-08-02T10:00:00.000000",18.9852733612061
"PV","2026-08-02T11:00:00.000000",18.9852733612061
"PV","2026-08-02T12:00:00.000000",18.9852733612061
"PV","2026-08-02T13:00:00.000000",18.9852733612061
"PV","2026-08-02T14:00:00.000000",18.9852733612061
"PV","2026-08-02T15:00:00.000000",18.9966125488281
"PV","2026-08-02T16:00:00.000000",18.9982452392578
"PV","2026-08-02T17:00:00.000000",19.0065307617188
"PV","2026-08-02T18:00:00.000000",19.0210704803467
"PV","2026-08-02T19:00:00.000000",19.0566158294678
"PV","2026-08-02T20:00:00.000000",19.1317481994629
"PV","2026-08-02T21:00:00.000000",19.1804943084717
"PV","2026-08-02T22:00:00.000000",19.2096462249756
"PV","2026-08-02T23:00:00.000000",19.2278003692627
"PV","2026-08-03T00:00:00.000000",19.2996196746826
"PV","2026-08-03T01:00:00.000000",19.2996196746826
"PV","2026-08-03T02:00:00.000000",19.2996196746826
"PV","2026-08-03T03:00:00.000000",19.2996196746826
"PV","2026-08-03T04:00:00.000000",19.2993068695068
"PV","2026-08-03T05:00:00.000000",19.295934677124
"PV","2026-08-03T06:00:00.000000",19.2890529632568
"PV","2026-08-03T07:00:00.000000",19.2810573577881
"PV","2026-08-03T08:00:00.000000",19.2676239013672
"PV","2026-08-03T09:00:00.000000",19.2625598907471
"PV","2026-08-03T10:00:00.000000",19.2834758758545
"PV","2026-08-03T11:00:00.000000",19.2974529266357
"PV","2026-08-03T12:00:00.000000",19.2974529266357
"PV","2026-08-03T13:00:00.000000",19.2974529266357
"PV","2026-08-03T14:00:00.000000",19.2964611053467
"PV","2026-08-03T15:00:00.000000",19.2941875457764
"PV","2026-08-03T16:00:00.000000",19.2974376678467
"PV","2026-08-03T17:00:00.000000",19.2974224090576
"PV","2026-08-03T18:00:00.000000",19.2973651885986
"PV","2026-08-03T19:00:00.000000",19.3045330047607
"PV","2026-08-03T20:00:00.000000",19.3298397064209
"PV","2026-08-03T21:00:00.000000",19.3593730926514
"PV","2026-08-03T22:00:00.000000",19.3822555541992
"PV","2026-08-03T23:00:00.000000",19.4031295776367
"PV","2026-08-04T00:00:00.000000",19.441255569458
"SH","2026-07-29T00:00:00.000000",20.4020729064941
"SH","2026-07-29T01:00:00.000000",20.1403942108154
"SH","2026-07-29T02:00:00.000000",19.8989086151123
"SH","2026-07-29T03:00:00.000000",19.7976322174072
"SH","2026-07-29T04:00:00.000000",19.767541885376
"SH","2026-07-29T05:00:00.000000",19.7290172576904
"SH","2026-07-29T06:00:00.000000",19.7691478729248
"SH","2026-07-29T07:00:00.000000",19.7766952514648
"SH","2026-07-29T08:00:00.000000",19.7865028381348
"SH","2026-07-29T09:00:00.000000",19.7847137451172
"SH","2026-07-29T10:00:00.000000",19.7847137451172
"SH","2026-07-29T11:00:00.000000",19.7847137451172
"SH","2026-07-29T12:00:00.000000",19.70703125
"SH","2026-07-29T13:00:00.000000",19.6641654968262
"SH","2026-07-29T14:00:00.000000",19.6111965179443
"SH","2026-07-29T15:00:00.000000",19.5931529998779
"SH","2026-07-29T16:00:00.000000",19.604564666748
"SH","2026-07-29T17:00:00.000000",19.6219387054443
"SH","2026-07-29T18:00:00.000000",19.6887950897217
"SH","2026-07-29T19:00:00.000000",19.6966133117676
"SH","2026-07-29T20:00:00.000000",19.6804351806641
"SH","2026-07-29T21:00:00.000000",19.6776294708252
"SH","2026-07-29T22:00:00.000000",19.6939506530762
"SH","2026-07-29T23:00:00.000000",19.6939506530762
"SH","2026-07-30T00:00:00.000000",19.8145542144775
"SH","2026-07-30T01:00:00.000000",19.6563911437988
"SH","2026-07-30T02:00:00.000000",19.2606506347656
"SH","2026-07-30T03:00:00.000000",19.089994430542
"SH","2026-07-30T04:00:00.000000",19.0877819061279
"SH","2026-07-30T05:00:00.000000",19.127124786377
"SH","2026-07-30T06:00:00.000000",19.1927280426025
"SH","2026-07-30T07:00:00.000000",19.2590923309326
"SH","2026-07-30T08:00:00.000000",19.2629528045654
"SH","2026-07-30T09:00:00.000000",19.310230255127
"SH","2026-07-30T10:00:00.000000",19.3101139068604
"SH","2026-07-30T11:00:00.000000",19.3101139068604
"SH","2026-07-30T12:00:00.000000",19.3101139068604
"SH","2026-07-30T13:00:00.000000",19.2915172576904
"SH","2026-07-30T14:00:00.000000",19.2649345397949
"SH","2026-07-30T15:00:00.000000",19.2243919372559
"SH","2026-07-30T16:00:00.000000",19.2385559082031
"SH","2026-07-30T17:00:00.000000",19.2692546844482
"SH","2026-07-30T18:00:00.000000",19.3222942352295
"SH","2026-07-30T19:00:00.000000",19.4005680084229
"SH","2026-07-30T20:00:00.000000",19.4254894256592
"SH","2026-07-30T21:00:00.000000",19.3845176696777
"SH","2026-07-30T22:00:00.000000",19.4683380126953
"SH","2026-07-30T23:00:00.000000",19.4649639129639
"SH","2026-07-31T00:00:00.000000",19.560131072998
"SH","2026-07-31T01:00:00.000000",19.2489051818848
"SH","2026-07-31T02:00:00.000000",18.7581920623779
"SH","2026-07-31T03:00:00.000000",18.5727806091309
"SH","2026-07-31T04:00:00.000000",18.5156593322754
"SH","2026-07-31T05:00:00.000000",18.4826793670654
"SH","2026-07-31T06:00:00.000000",18.3872108459473
"SH","2026-07-31T07:00:00.000000",18.3712577819824
"SH","2026-07-31T08:00:00.000000",18.4148483276367
"SH","2026-07-31T09:00:00.000000",18.4263076782227
"SH","2026-07-31T10:00:00.000000",18.5086669921875
"SH","2026-07-31T11:00:00.000000",18.5086669921875
"SH","2026-07-31T12:00:00.000000",18.5086669921875
"SH","2026-07-31T13:00:00.000000",18.5316467285156
"SH","2026-07-31T14:00:00.000000",18.5541973114014
"SH","2026-07-31T15:00:00.000000",18.5328788757324
"SH","2026-07-31T16:00:00.000000",18.5235157012939
"SH","2026-07-31T17:00:00.000000",18.523609161377
"SH","2026-07-31T18:00:00.000000",18.4814052581787
"SH","2026-07-31T19:00:00.000000",18.420389175415
"SH","2026-07-31T20:00:00.000000",18.4427719116211
"SH","2026-07-31T21:00:00.000000",18.4482021331787
"SH","2026-07-31T22:00:00.000000",18.5422401428223
"SH","2026-07-31T23:00:00.000000",18.5397567749023
"SH","2026-08-01T00:00:00.000000",18.5397567749023
"SH","2026-08-01T01:00:00.000000",18.683048248291
"SH","2026-08-01T02:00:00.000000",18.7082805633545
"SH","2026-08-01T03:00:00.000000",18.6956157684326
"SH","2026-08-01T04:00:00.000000",18.6484222412109
"SH","2026-08-01T05:00:00.000000",18.6401119232178
"SH","2026-08-01T06:00:00.000000",18.6560478210449
"SH","2026-08-01T07:00:00.000000",18.6938056945801
"SH","2026-08-01T08:00:00.000000",18.7592716217041
"SH","2026-08-01T09:00:00.000000",18.7698173522949
"SH","2026-08-01T10:00:00.000000",18.7842655181885
"SH","2026-08-01T11:00:00.000000",18.7841930389404
"SH","2026-08-01T12:00:00.000000",18.7841930389404
"SH","2026-08-01T13:00:00.000000",18.7841930389404
"SH","2026-08-01T14:00:00.000000",19.0056819915771
"SH","2026-08-01T15:00:00.000000",19.0888195037842
"SH","2026-08-01T16:00:00.000000",19.1252517700195
"SH","2026-08-01T17:00:00.000000",19.2126197814941
"SH","2026-08-01T18:00:00.000000",19.2793159484863
"SH","2026-08-01T19:00:00.000000",19.2755069732666
"SH","2026-08-01T20:00:00.000000",19.3151550292969
"SH","2026-08-01T21:00:00.000000",19.3137722015381
"SH","2026-08-01T22:00:00.000000",19.2811489105225
"SH","2026-08-01T23:00:00.000000",19.2846393585205
"SH","2026-08-02T00:00:00.000000",19.2843379974365
"SH","2026-08-02T01:00:00.000000",19.2843379974365
"SH","2026-08-02T02:00:00.000000",19.4372119903564
"SH","2026-08-02T03:00:00.000000",19.6407527923584
"SH","2026-08-02T04:00:00.000000",19.7223453521729
"SH","2026-08-02T05:00:00.000000",19.8011150360107
"SH","2026-08-02T06:00:00.000000",19.8601818084717
"SH","2026-08-02T07:00:00.000000",19.8414936065674
"SH","2026-08-02T08:00:00.000000",19.8844509124756
"SH","2026-08-02T09:00:00.000000",19.8703174591064
"SH","2026-08-02T10:00:00.000000",19.7975749969482
"SH","2026-08-02T11:00:00.000000",19.68115234375
"SH","2026-08-02T12:00:00.000000",19.6781673431396
"SH","2026-08-02T13:00:00.000000",19.6781673431396
"SH","2026-08-02T14:00:00.000000",19.6781673431396
"SH","2026-08-02T15:00:00.000000",20.2816352844238
"SH","2026-08-02T16:00:00.000000",20.4174404144287
"SH","2026-08-02T17:00:00.000000",20.5189914703369
"SH","2026-08-02T18:00:00.000000",20.6251888275146
"SH","2026-08-02T19:00:00.000000",20.6409358978271
"SH","2026-08-02T20:00:00.000000",20.5762195587158
"SH","2026-08-02T21:00:00.000000",20.5955410003662
"SH","2026-08-02T22:00:00.000000",20.5673675537109
"SH","2026-08-02T23:00:00.000000",20.4312725067139
"SH","2026-08-03T00:00:00.000000",20.3503723144531
"SH","2026-08-03T01:00:00.000000",20.3503723144531
"SH","2026-08-03T02:00:00.000000",20.3503723144531
"SH","2026-08-03T03:00:00.000000",20.7492656707764
"SH","2026-08-03T04:00:00.000000",20.9348583221436
"SH","2026-08-03T05:00:00.000000",20.9860916137695
"SH","2026-08-03T06:00:00.000000",21.0032787322998
"SH","2026-08-03T07:00:00.000000",21.001371383667
"SH","2026-08-03T08:00:00.000000",20.9218502044678
"SH","2026-08-03T09:00:00.000000",20.9265327453613
"SH","2026-08-03T10:00:00.000000",20.933910369873
"SH","2026-08-03T11:00:00.000000",20.8591785430908
"SH","2026-08-03T12:00:00.000000",20.6777648925781
"SH","2026-08-03T13:00:00.000000",20.677562713623
"SH","2026-08-03T14:00:00.000000",20.677562713623
"SH","2026-08-03T15:00:00.000000",20.815113067627
"SH","2026-08-03T16:00:00.000000",21.0692577362061
"SH","2026-08-03T17:00:00.000000",21.1090888977051
"SH","2026-08-03T18:00:00.000000",21.1334686279297
"SH","2026-08-03T19:00:00.000000",21.147403717041
"SH","2026-08-03T20:00:00.000000",21.1212463378906
"SH","2026-08-03T21:00:00.000000",21.115255355835
"SH","2026-08-03T22:00:00.000000",21.1227245330811
"SH","2026-08-03T23:00:00.000000",21.1086273193359
"SH","2026-08-04T00:00:00.000000",20.9563255310059
"WB","2026-07-29T00:00:00.000000",19.1451454162598
"WB","2026-07-29T01:00:00.000000",18.8747138977051
"WB","2026-07-29T02:00:00.000000",18.8263072967529
"WB","2026-07-29T03:00:00.000000",18.8396339416504
"WB","2026-07-29T04:00:00.000000",18.8178768157959
"WB","2026-07-29T05:00:00.000000",18.8102912902832
"WB","2026-07-29T06:00:00.000000",18.828218460083
"WB","2026-07-29T07:00:00.000000",18.8385601043701
"WB","2026-07-29T08:00:00.000000",18.8429698944092
"WB","2026-07-29T09:00:00.000000",18.8437747955322
"WB","2026-07-29T10:00:00.000000",18.8427391052246
"WB","2026-07-29T11:00:00.000000",18.8410301208496
"WB","2026-07-29T12:00:00.000000",18.8392887115479
"WB","2026-07-29T13:00:00.000000",18.8331356048584
"WB","2026-07-29T14:00:00.000000",18.8233852386475
"WB","2026-07-29T15:00:00.000000",18.824556350708
"WB","2026-07-29T16:00:00.000000",18.8351535797119
"WB","2026-07-29T17:00:00.000000",18.8466491699219
"WB","2026-07-29T18:00:00.000000",18.8615493774414
"WB","2026-07-29T19:00:00.000000",18.8734912872314
"WB","2026-07-29T20:00:00.000000",18.8833122253418
"WB","2026-07-29T21:00:00.000000",18.8897495269775
"WB","2026-07-29T22:00:00.000000",18.9017467498779
"WB","2026-07-29T23:00:00.000000",18.9601135253906
"WB","2026-07-30T00:00:00.000000",19.034460067749
"WB","2026-07-30T01:00:00.000000",18.2016353607178
"WB","2026-07-30T02:00:00.000000",17.9499263763428
"WB","2026-07-30T03:00:00.000000",17.9369049072266
"WB","2026-07-30T04:00:00.000000",17.9419860839844
"WB","2026-07-30T05:00:00.000000",17.9716205596924
"WB","2026-07-30T06:00:00.000000",18.0290069580078
"WB","2026-07-30T07:00:00.000000",18.0654392242432
"WB","2026-07-30T08:00:00.000000",18.0816535949707
"WB","2026-07-30T09:00:00.000000",18.0891036987305
"WB","2026-07-30T10:00:00.000000",18.093656539917
"WB","2026-07-30T11:00:00.000000",18.0981979370117
"WB","2026-07-30T12:00:00.000000",18.1076831817627
"WB","2026-07-30T13:00:00.000000",18.1124649047852
"WB","2026-07-30T14:00:00.000000",18.1116924285889
"WB","2026-07-30T15:00:00.000000",18.1080417633057
"WB","2026-07-30T16:00:00.000000",18.1100463867188
"WB","2026-07-30T17:00:00.000000",18.1170272827148
"WB","2026-07-30T18:00:00.000000",18.1744441986084
"WB","2026-07-30T19:00:00.000000",18.2320690155029
"WB","2026-07-30T20:00:00.000000",18.2469444274902
"WB","2026-07-30T21:00:00.000000",18.2528114318848
"WB","2026-07-30T22:00:00.000000",18.2388648986816
"WB","2026-07-30T23:00:00.000000",18.2196922302246
"WB","2026-07-31T00:00:00.000000",18.2838325500488
"WB","2026-07-31T01:00:00.000000",18.7629451751709
"WB","2026-07-31T02:00:00.000000",18.9194831848145
"WB","2026-07-31T03:00:00.000000",18.914306640625
"WB","2026-07-31T04:00:00.000000",18.8982334136963
"WB","2026-07-31T05:00:00.000000",18.8924293518066
"WB","2026-07-31T06:00:00.000000",18.9122467041016
"WB","2026-07-31T07:00:00.000000",18.9607105255127
"WB","2026-07-31T08:00:00.000000",19.0003433227539
"WB","2026-07-31T09:00:00.000000",19.0200710296631
"WB","2026-07-31T10:00:00.000000",19.0314750671387
"WB","2026-07-31T11:00:00.000000",19.0398807525635
"WB","2026-07-31T12:00:00.000000",19.0307235717773
"WB","2026-07-31T13:00:00.000000",19.0012226104736
"WB","2026-07-31T14:00:00.000000",18.9806060791016
"WB","2026-07-31T15:00:00.000000",18.9633769989014
"WB","2026-07-31T16:00:00.000000",18.9580974578857
"WB","2026-07-31T17:00:00.000000",18.9533996582031
"WB","2026-07-31T18:00:00.000000",18.9541263580322
"WB","2026-07-31T19:00:00.000000",18.985071182251
"WB","2026-07-31T20:00:00.000000",19.047679901123
"WB","2026-07-31T21:00:00.000000",19.095329284668
"WB","2026-07-31T22:00:00.000000",19.1306953430176
"WB","2026-07-31T23:00:00.000000",19.144947052002
"WB","2026-08-01T00:00:00.000000",19.1342086791992
"WB","2026-08-01T01:00:00.000000",19.1328067779541
"WB","2026-08-01T02:00:00.000000",19.1406669616699
"WB","2026-08-01T03:00:00.000000",19.1461849212646
"WB","2026-08-01T04:00:00.000000",19.1510524749756
"WB","2026-08-01T05:00:00.000000",19.1746616363525
"WB","2026-08-01T06:00:00.000000",19.211217880249
"WB","2026-08-01T07:00:00.000000",19.2418670654297
"WB","2026-08-01T08:00:00.000000",19.250602722168
"WB","2026-08-01T09:00:00.000000",19.2569255828857
"WB","2026-08-01T10:00:00.000000",19.2643337249756
"WB","2026-08-01T11:00:00.000000",19.2654476165771
"WB","2026-08-01T12:00:00.000000",19.2679290771484
"WB","2026-08-01T13:00:00.000000",19.2811107635498
"WB","2026-08-01T14:00:00.000000",19.3032722473145
"WB","2026-08-01T15:00:00.000000",19.3187236785889
"WB","2026-08-01T16:00:00.000000",19.3470573425293
"WB","2026-08-01T17:00:00.000000",19.3809814453125
"WB","2026-08-01T18:00:00.000000",19.377721786499
"WB","2026-08-01T19:00:00.000000",19.4740047454834
"WB","2026-08-01T20:00:00.000000",19.5981197357178
"WB","2026-08-01T21:00:00.000000",19.6856536865234
"WB","2026-08-01T22:00:00.000000",19.7289714813232
"WB","2026-08-01T23:00:00.000000",19.7609367370605
"WB","2026-08-02T00:00:00.000000",19.78053855896
"WB","2026-08-02T01:00:00.000000",19.8052883148193
"WB","2026-08-02T02:00:00.000000",19.8139801025391
"WB","2026-08-02T03:00:00.000000",19.8145580291748
"WB","2026-08-02T04:00:00.000000",19.8120136260986
"WB","2026-08-02T05:00:00.000000",19.8077068328857
"WB","2026-08-02T06:00:00.000000",19.8101806640625
"WB","2026-08-02T07:00:00.000000",19.8764724731445
"WB","2026-08-02T08:00:00.000000",19.9196071624756
"WB","2026-08-02T09:00:00.000000",19.9224700927734
"WB","2026-08-02T10:00:00.000000",19.9239177703857
"WB","2026-08-02T11:00:00.000000",19.9239177703857
"WB","2026-08-02T12:00:00.000000",19.9247264862061
"WB","2026-08-02T13:00:00.000000",19.9322471618652
"WB","2026-08-02T14:00:00.000000",19.9496688842773
"WB","2026-08-02T15:00:00.000000",19.965482711792
"WB","2026-08-02T16:00:00.000000",19.979528427124
"WB","2026-08-02T17:00:00.000000",20.0097637176514
"WB","2026-08-02T18:00:00.000000",20.0212020874023
"WB","2026-08-02T19:00:00.000000",20.0456829071045
"WB","2026-08-02T20:00:00.000000",20.1323928833008
"WB","2026-08-02T21:00:00.000000",20.1999912261963
"WB","2026-08-02T22:00:00.000000",20.2515354156494
"WB","2026-08-02T23:00:00.000000",20.2812156677246
"WB","2026-08-03T00:00:00.000000",20.3002166748047
"WB","2026-08-03T01:00:00.000000",20.3074245452881
"WB","2026-08-03T02:00:00.000000",20.3104915618896
"WB","2026-08-03T03:00:00.000000",20.2993221282959
"WB","2026-08-03T04:00:00.000000",20.2792816162109
"WB","2026-08-03T05:00:00.000000",20.2539253234863
"WB","2026-08-03T06:00:00.000000",20.2386169433594
"WB","2026-08-03T07:00:00.000000",20.2513046264648
"WB","2026-08-03T08:00:00.000000",20.3024597167969
"WB","2026-08-03T09:00:00.000000",20.3674163818359
"WB","2026-08-03T10:00:00.000000",20.391658782959
"WB","2026-08-03T11:00:00.000000",20.4022483825684
"WB","2026-08-03T12:00:00.000000",20.4069976806641
"WB","2026-08-03T13:00:00.000000",20.4092044830322
"WB","2026-08-03T14:00:00.000000",20.4188785552979
"WB","2026-08-03T15:00:00.000000",20.4248085021973
"WB","2026-08-03T16:00:00.000000",20.4266834259033
"WB","2026-08-03T17:00:00.000000",20.4273662567139
"WB","2026-08-03T18:00:00.000000",20.4272747039795
"WB","2026-08-03T19:00:00.000000",20.4273090362549
"WB","2026-08-03T20:00:00.000000",20.4914264678955
"WB","2026-08-03T21:00:00.000000",20.5329570770264
"WB","2026-08-03T22:00:00.000000",20.525541305542
"WB","2026-08-03T23:00:00.000000",20.5222873687744
"WB","2026-08-04T00:00:00.000000",20.5335121154785
"CC","2026-07-29T00:00:00.000000",23.3469791412354
"CC","2026-07-29T01:00:00.000000",22.7470836639404
"CC","2026-07-29T02:00:00.000000",22.660120010376
"CC","2026-07-29T03:00:00.000000",22.6593074798584
"CC","2026-07-29T04:00:00.000000",22.6665725708008
"CC","2026-07-29T05:00:00.000000",22.677864074707
"CC","2026-07-29T06:00:00.000000",22.6787567138672
"CC","2026-07-29T07:00:00.000000",22.6740970611572
"CC","2026-07-29T08:00:00.000000",22.6672973632812
"CC","2026-07-29T09:00:00.000000",22.6689300537109
"CC","2026-07-29T10:00:00.000000",22.6706237792969
"CC","2026-07-29T11:00:00.000000",22.6756439208984
"CC","2026-07-29T12:00:00.000000",22.6938343048096
"CC","2026-07-29T13:00:00.000000",22.7252140045166
"CC","2026-07-29T14:00:00.000000",22.797119140625
"CC","2026-07-29T15:00:00.000000",22.8762187957764
"CC","2026-07-29T16:00:00.000000",22.9828624725342
"CC","2026-07-29T17:00:00.000000",23.1144104003906
"CC","2026-07-29T18:00:00.000000",23.2120361328125
"CC","2026-07-29T19:00:00.000000",23.320405960083
"CC","2026-07-29T20:00:00.000000",23.4166297912598
"CC","2026-07-29T21:00:00.000000",23.4529762268066
"CC","2026-07-29T22:00:00.000000",23.4534511566162
"CC","2026-07-29T23:00:00.000000",23.4502048492432
"CC","2026-07-30T00:00:00.000000",23.4429779052734
"CC","2026-07-30T01:00:00.000000",22.3677959442139
"CC","2026-07-30T02:00:00.000000",22.2003383636475
"CC","2026-07-30T03:00:00.000000",22.1881771087646
"CC","2026-07-30T04:00:00.000000",22.1861248016357
"CC","2026-07-30T05:00:00.000000",22.1828060150146
"CC","2026-07-30T06:00:00.000000",22.1786994934082
"CC","2026-07-30T07:00:00.000000",22.1756286621094
"CC","2026-07-30T08:00:00.000000",22.1730728149414
"CC","2026-07-30T09:00:00.000000",22.1709098815918
"CC","2026-07-30T10:00:00.000000",22.1719818115234
"CC","2026-07-30T11:00:00.000000",22.1805152893066
"CC","2026-07-30T12:00:00.000000",22.1983871459961
"CC","2026-07-30T13:00:00.000000",22.220874786377
"CC","2026-07-30T14:00:00.000000",22.2666702270508
"CC","2026-07-30T15:00:00.000000",22.351110458374
"CC","2026-07-30T16:00:00.000000",22.4775352478027
"CC","2026-07-30T17:00:00.000000",22.6090106964111
"CC","2026-07-30T18:00:00.000000",22.7155570983887
"CC","2026-07-30T19:00:00.000000",22.8057155609131
"CC","2026-07-30T20:00:00.000000",22.8723602294922
"CC","2026-07-30T21:00:00.000000",22.904748916626
"CC","2026-07-30T22:00:00.000000",22.9045486450195
"CC","2026-07-30T23:00:00.000000",22.8703498840332
"CC","2026-07-31T00:00:00.000000",22.8199081420898
"CC","2026-07-31T01:00:00.000000",21.6830024719238
"CC","2026-07-31T02:00:00.000000",21.5114650726318
"CC","2026-07-31T03:00:00.000000",21.5041561126709
"CC","2026-07-31T04:00:00.000000",21.5044689178467
"CC","2026-07-31T05:00:00.000000",21.5024032592773
"CC","2026-07-31T06:00:00.000000",21.4972648620605
"CC","2026-07-31T07:00:00.000000",21.4915981292725
"CC","2026-07-31T08:00:00.000000",21.4853477478027
"CC","2026-07-31T09:00:00.000000",21.4766597747803
"CC","2026-07-31T10:00:00.000000",21.4639434814453
"CC","2026-07-31T11:00:00.000000",21.4554557800293
"CC","2026-07-31T12:00:00.000000",21.46457862854
"CC","2026-07-31T13:00:00.000000",21.5009460449219
"CC","2026-07-31T14:00:00.000000",21.5800132751465
"CC","2026-07-31T15:00:00.000000",21.6695423126221
"CC","2026-07-31T16:00:00.000000",21.7325763702393
"CC","2026-07-31T17:00:00.000000",21.8080883026123
"CC","2026-07-31T18:00:00.000000",21.9134578704834
"CC","2026-07-31T19:00:00.000000",21.9736404418945
"CC","2026-07-31T20:00:00.000000",22.0134162902832
"CC","2026-07-31T21:00:00.000000",22.0399398803711
"CC","2026-07-31T22:00:00.000000",22.0346450805664
"CC","2026-07-31T23:00:00.000000",22.0086784362793
"CC","2026-08-01T00:00:00.000000",21.9583206176758
"CC","2026-08-01T01:00:00.000000",21.9461917877197
"CC","2026-08-01T02:00:00.000000",21.9367523193359
"CC","2026-08-01T03:00:00.000000",21.9284210205078
"CC","2026-08-01T04:00:00.000000",21.9230213165283
"CC","2026-08-01T05:00:00.000000",21.9243755340576
"CC","2026-08-01T06:00:00.000000",21.9257202148438
"CC","2026-08-01T07:00:00.000000",21.9248218536377
"CC","2026-08-01T08:00:00.000000",21.9215354919434
"CC","2026-08-01T09:00:00.000000",21.9200687408447
"CC","2026-08-01T10:00:00.000000",21.9174690246582
"CC","2026-08-01T11:00:00.000000",21.9151077270508
"CC","2026-08-01T12:00:00.000000",21.9143714904785
"CC","2026-08-01T13:00:00.000000",21.927906036377
"CC","2026-08-01T14:00:00.000000",21.9578895568848
"CC","2026-08-01T15:00:00.000000",22.0110969543457
"CC","2026-08-01T16:00:00.000000",22.0884246826172
"CC","2026-08-01T17:00:00.000000",22.1917152404785
"CC","2026-08-01T18:00:00.000000",22.297420501709
"CC","2026-08-01T19:00:00.000000",22.3952331542969
"CC","2026-08-01T20:00:00.000000",22.4714508056641
"CC","2026-08-01T21:00:00.000000",22.5130882263184
"CC","2026-08-01T22:00:00.000000",22.5285625457764
"CC","2026-08-01T23:00:00.000000",22.5367202758789
"CC","2026-08-02T00:00:00.000000",22.5240058898926
"CC","2026-08-02T01:00:00.000000",22.4942302703857
"CC","2026-08-02T02:00:00.000000",22.4751167297363
"CC","2026-08-02T03:00:00.000000",22.4704208374023
"CC","2026-08-02T04:00:00.000000",22.4761142730713
"CC","2026-08-02T05:00:00.000000",22.4850845336914
"CC","2026-08-02T06:00:00.000000",22.4940319061279
"CC","2026-08-02T07:00:00.000000",22.5002269744873
"CC","2026-08-02T08:00:00.000000",22.5022563934326
"CC","2026-08-02T09:00:00.000000",22.5015659332275
"CC","2026-08-02T10:00:00.000000",22.5009078979492
"CC","2026-08-02T11:00:00.000000",22.5000743865967
"CC","2026-08-02T12:00:00.000000",22.4979267120361
"CC","2026-08-02T13:00:00.000000",22.5003604888916
"CC","2026-08-02T14:00:00.000000",22.5189266204834
"CC","2026-08-02T15:00:00.000000",22.5567436218262
"CC","2026-08-02T16:00:00.000000",22.6079883575439
"CC","2026-08-02T17:00:00.000000",22.6691551208496
"CC","2026-08-02T18:00:00.000000",22.7349720001221
"CC","2026-08-02T19:00:00.000000",22.8016376495361
"CC","2026-08-02T20:00:00.000000",22.8588237762451
"CC","2026-08-02T21:00:00.000000",22.895637512207
"CC","2026-08-02T22:00:00.000000",22.9137554168701
"CC","2026-08-02T23:00:00.000000",22.9235954284668
"CC","2026-08-03T00:00:00.000000",22.9156093597412
"CC","2026-08-03T01:00:00.000000",22.892822265625
"CC","2026-08-03T02:00:00.000000",22.8684749603271
"CC","2026-08-03T03:00:00.000000",22.8587951660156
"CC","2026-08-03T04:00:00.000000",22.8621520996094
"CC","2026-08-03T05:00:00.000000",22.8824348449707
"CC","2026-08-03T06:00:00.000000",22.9078197479248
"CC","2026-08-03T07:00:00.000000",22.933687210083
"CC","2026-08-03T08:00:00.000000",22.9562072753906
"CC","2026-08-03T09:00:00.000000",22.974515914917
"CC","2026-08-03T10:00:00.000000",22.9873924255371
"CC","2026-08-03T11:00:00.000000",22.9976119995117
"CC","2026-08-03T12:00:00.000000",23.0088005065918
"CC","2026-08-03T13:00:00.000000",23.0126399993896
"CC","2026-08-03T14:00:00.000000",23.0159168243408
"CC","2026-08-03T15:00:00.000000",23.0463447570801
"CC","2026-08-03T16:00:00.000000",23.0975074768066
"CC","2026-08-03T17:00:00.000000",23.1567096710205
"CC","2026-08-03T18:00:00.000000",23.2164363861084
"CC","2026-08-03T19:00:00.000000",23.2783584594727
"CC","2026-08-03T20:00:00.000000",23.3211688995361
"CC","2026-08-03T21:00:00.000000",23.3513126373291
"CC","2026-08-03T22:00:00.000000",23.3721675872803
"CC","2026-08-03T23:00:00.000000",23.3882598876953
"CC","2026-08-04T00:00:00.000000",23.3950119018555
"DL","2026-07-29T00:00:00.000000",22.1252269744873
"DL","2026-07-29T01:00:00.000000",21.9976253509521
"DL","2026-07-29T02:00:00.000000",21.9753704071045
"DL","2026-07-29T03:00:00.000000",21.9742259979248
"DL","2026-07-29T04:00:00.000000",21.9753036499023
"DL","2026-07-29T05:00:00.000000",21.969030380249
"DL","2026-07-29T06:00:00.000000",21.9815483093262
"DL","2026-07-29T07:00:00.000000",21.985897064209
"DL","2026-07-29T08:00:00.000000",21.9861869812012
"DL","2026-07-29T09:00:00.000000",21.9840126037598
"DL","2026-07-29T10:00:00.000000",21.9981384277344
"DL","2026-07-29T11:00:00.000000",22.003662109375
"DL","2026-07-29T12:00:00.000000",22.0169086456299
"DL","2026-07-29T13:00:00.000000",22.0164260864258
"DL","2026-07-29T14:00:00.000000",22.0162048339844
"DL","2026-07-29T15:00:00.000000",22.0088481903076
"DL","2026-07-29T16:00:00.000000",22.0096569061279
"DL","2026-07-29T17:00:00.000000",22.0123291015625
"DL","2026-07-29T18:00:00.000000",22.0086116790771
"DL","2026-07-29T19:00:00.000000",22.0149307250977
"DL","2026-07-29T20:00:00.000000",22.0128040313721
"DL","2026-07-29T21:00:00.000000",22.0194931030273
"DL","2026-07-29T22:00:00.000000",22.0265941619873
"DL","2026-07-29T23:00:00.000000",22.0356426239014
"DL","2026-07-30T00:00:00.000000",22.0531673431396
"DL","2026-07-30T01:00:00.000000",21.3796787261963
"DL","2026-07-30T02:00:00.000000",21.2621650695801
"DL","2026-07-30T03:00:00.000000",21.2602367401123
"DL","2026-07-30T04:00:00.000000",21.2649726867676
"DL","2026-07-30T05:00:00.000000",21.2670593261719
"DL","2026-07-30T06:00:00.000000",21.2644367218018
"DL","2026-07-30T07:00:00.000000",21.2688331604004
"DL","2026-07-30T08:00:00.000000",21.2632427215576
"DL","2026-07-30T09:00:00.000000",21.2671203613281
"DL","2026-07-30T10:00:00.000000",21.2621879577637
"DL","2026-07-30T11:00:00.000000",21.2892093658447
"DL","2026-07-30T12:00:00.000000",21.321891784668
"DL","2026-07-30T13:00:00.000000",21.3255405426025
"DL","2026-07-30T14:00:00.000000",21.3040161132812
"DL","2026-07-30T15:00:00.000000",21.2933578491211
"DL","2026-07-30T16:00:00.000000",21.2914218902588
"DL","2026-07-30T17:00:00.000000",21.2914600372314
"DL","2026-07-30T18:00:00.000000",21.3028182983398
"DL","2026-07-30T19:00:00.000000",21.309606552124
"DL","2026-07-30T20:00:00.000000",21.3201313018799
"DL","2026-07-30T21:00:00.000000",21.3337936401367
"DL","2026-07-30T22:00:00.000000",21.3473052978516
"DL","2026-07-30T23:00:00.000000",21.3815002441406
"DL","2026-07-31T00:00:00.000000",21.4237537384033
"DL","2026-07-31T01:00:00.000000",21.1472301483154
"DL","2026-07-31T02:00:00.000000",21.0621871948242
"DL","2026-07-31T03:00:00.000000",21.0401172637939
"DL","2026-07-31T04:00:00.000000",21.0440902709961
"DL","2026-07-31T05:00:00.000000",21.0528984069824
"DL","2026-07-31T06:00:00.000000",21.0646018981934
"DL","2026-07-31T07:00:00.000000",21.0792617797852
"DL","2026-07-31T08:00:00.000000",21.0872058868408
"DL","2026-07-31T09:00:00.000000",21.0934581756592
"DL","2026-07-31T10:00:00.000000",21.0958061218262
"DL","2026-07-31T11:00:00.000000",21.1233825683594
"DL","2026-07-31T12:00:00.000000",21.1535987854004
"DL","2026-07-31T13:00:00.000000",21.1612205505371
"DL","2026-07-31T14:00:00.000000",21.1431846618652
"DL","2026-07-31T15:00:00.000000",21.1159057617188
"DL","2026-07-31T16:00:00.000000",21.1116962432861
"DL","2026-07-31T17:00:00.000000",21.1175937652588
"DL","2026-07-31T18:00:00.000000",21.1270751953125
"DL","2026-07-31T19:00:00.000000",21.1384563446045
"DL","2026-07-31T20:00:00.000000",21.1476802825928
"DL","2026-07-31T21:00:00.000000",21.1489429473877
"DL","2026-07-31T22:00:00.000000",21.14333152771
"DL","2026-07-31T23:00:00.000000",21.1524677276611
"DL","2026-08-01T00:00:00.000000",21.1698837280273
"DL","2026-08-01T01:00:00.000000",21.155345916748
"DL","2026-08-01T02:00:00.000000",21.1378173828125
"DL","2026-08-01T03:00:00.000000",21.1379585266113
"DL","2026-08-01T04:00:00.000000",21.1485729217529
"DL","2026-08-01T05:00:00.000000",21.1434211730957
"DL","2026-08-01T06:00:00.000000",21.1407566070557
"DL","2026-08-01T07:00:00.000000",21.1414375305176
"DL","2026-08-01T08:00:00.000000",21.1418781280518
"DL","2026-08-01T09:00:00.000000",21.1430511474609
"DL","2026-08-01T10:00:00.000000",21.1458396911621
"DL","2026-08-01T11:00:00.000000",21.1521606445312
"DL","2026-08-01T12:00:00.000000",21.16921043396
"DL","2026-08-01T13:00:00.000000",21.1862411499023
"DL","2026-08-01T14:00:00.000000",21.2008266448975
"DL","2026-08-01T15:00:00.000000",21.1989078521729
"DL","2026-08-01T16:00:00.000000",21.1852436065674
"DL","2026-08-01T17:00:00.000000",21.1860332489014
"DL","2026-08-01T18:00:00.000000",21.1927871704102
"DL","2026-08-01T19:00:00.000000",21.2022018432617
"DL","2026-08-01T20:00:00.000000",21.2121620178223
"DL","2026-08-01T21:00:00.000000",21.2207260131836
"DL","2026-08-01T22:00:00.000000",21.2252655029297
"DL","2026-08-01T23:00:00.000000",21.2288265228271
"DL","2026-08-02T00:00:00.000000",21.2432537078857
"DL","2026-08-02T01:00:00.000000",21.3108196258545
"DL","2026-08-02T02:00:00.000000",21.3501014709473
"DL","2026-08-02T03:00:00.000000",21.3296871185303
"DL","2026-08-02T04:00:00.000000",21.2684230804443
"DL","2026-08-02T05:00:00.000000",21.2626838684082
"DL","2026-08-02T06:00:00.000000",21.2621097564697
"DL","2026-08-02T07:00:00.000000",21.2621002197266
"DL","2026-08-02T08:00:00.000000",21.2706432342529
"DL","2026-08-02T09:00:00.000000",21.2793292999268
"DL","2026-08-02T10:00:00.000000",21.2897720336914
"DL","2026-08-02T11:00:00.000000",21.3013687133789
"DL","2026-08-02T12:00:00.000000",21.3356742858887
"DL","2026-08-02T13:00:00.000000",21.4032688140869
"DL","2026-08-02T14:00:00.000000",21.4364700317383
"DL","2026-08-02T15:00:00.000000",21.4263076782227
"DL","2026-08-02T16:00:00.000000",21.3425140380859
"DL","2026-08-02T17:00:00.000000",21.3297557830811
"DL","2026-08-02T18:00:00.000000",21.3305015563965
"DL","2026-08-02T19:00:00.000000",21.3316402435303
"DL","2026-08-02T20:00:00.000000",21.3455867767334
"DL","2026-08-02T21:00:00.000000",21.3597831726074
"DL","2026-08-02T22:00:00.000000",21.3783111572266
"DL","2026-08-02T23:00:00.000000",21.395378112793
"DL","2026-08-03T00:00:00.000000",21.4429893493652
"DL","2026-08-03T01:00:00.000000",21.5053405761719
"DL","2026-08-03T02:00:00.000000",21.5708198547363
"DL","2026-08-03T03:00:00.000000",21.594575881958
"DL","2026-08-03T04:00:00.000000",21.5495700836182
"DL","2026-08-03T05:00:00.000000",21.4529705047607
"DL","2026-08-03T06:00:00.000000",21.4530067443848
"DL","2026-08-03T07:00:00.000000",21.4503154754639
"DL","2026-08-03T08:00:00.000000",21.4599933624268
"DL","2026-08-03T09:00:00.000000",21.4901638031006
"DL","2026-08-03T10:00:00.000000",21.5554599761963
"DL","2026-08-03T11:00:00.000000",21.5970916748047
"DL","2026-08-03T12:00:00.000000",21.7015247344971
"DL","2026-08-03T13:00:00.000000",21.8413715362549
"DL","2026-08-03T14:00:00.000000",21.9353466033936
"DL","2026-08-03T15:00:00.000000",22.0163917541504
"DL","2026-08-03T16:00:00.000000",22.061185836792
"DL","2026-08-03T17:00:00.000000",21.9167995452881
"DL","2026-08-03T18:00:00.000000",21.9011650085449
"DL","2026-08-03T19:00:00.000000",21.961633682251
"DL","2026-08-03T20:00:00.000000",22.0242862701416
"DL","2026-08-03T21:00:00.000000",22.0685997009277
"DL","2026-08-03T22:00:00.000000",22.0919780731201
"DL","2026-08-03T23:00:00.000000",22.1151466369629
"DL","2026-08-04T00:00:00.000000",22.1501693725586
"GB","2026-07-29T00:00:00.000000",22.6753215789795
"GB","2026-07-29T01:00:00.000000",21.8512020111084
"GB","2026-07-29T02:00:00.000000",21.7878303527832
"GB","2026-07-29T03:00:00.000000",21.8149719238281
"GB","2026-07-29T04:00:00.000000",21.8492393493652
"GB","2026-07-29T05:00:00.000000",21.8460502624512
"GB","2026-07-29T06:00:00.000000",21.7868766784668
"GB","2026-07-29T07:00:00.000000",21.6912860870361
"GB","2026-07-29T08:00:00.000000",21.6786308288574
"GB","2026-07-29T09:00:00.000000",21.6913528442383
"GB","2026-07-29T10:00:00.000000",21.7081737518311
"GB","2026-07-29T11:00:00.000000",21.7494678497314
"GB","2026-07-29T12:00:00.000000",21.8488464355469
"GB","2026-07-29T13:00:00.000000",21.8927402496338
"GB","2026-07-29T14:00:00.000000",21.9499855041504
"GB","2026-07-29T15:00:00.000000",21.9884376525879
"GB","2026-07-29T16:00:00.000000",22.1171951293945
"GB","2026-07-29T17:00:00.000000",22.1486053466797
"GB","2026-07-29T18:00:00.000000",22.1641960144043
"GB","2026-07-29T19:00:00.000000",22.1387233734131
"GB","2026-07-29T20:00:00.000000",22.1868572235107
"GB","2026-07-29T21:00:00.000000",22.2215766906738
"GB","2026-07-29T22:00:00.000000",22.2397727966309
"GB","2026-07-29T23:00:00.000000",22.2310199737549
"GB","2026-07-30T00:00:00.000000",22.2386589050293
"GB","2026-07-30T01:00:00.000000",21.7323741912842
"GB","2026-07-30T02:00:00.000000",21.6454811096191
"GB","2026-07-30T03:00:00.000000",21.6400241851807
"GB","2026-07-30T04:00:00.000000",21.6341724395752
"GB","2026-07-30T05:00:00.000000",21.6545181274414
"GB","2026-07-30T06:00:00.000000",21.6686344146729
"GB","2026-07-30T07:00:00.000000",21.7087860107422
"GB","2026-07-30T08:00:00.000000",21.7275581359863
"GB","2026-07-30T09:00:00.000000",21.7328624725342
"GB","2026-07-30T10:00:00.000000",21.7441158294678
"GB","2026-07-30T11:00:00.000000",21.7765922546387
"GB","2026-07-30T12:00:00.000000",21.7586116790771
"GB","2026-07-30T13:00:00.000000",21.7542915344238
"GB","2026-07-30T14:00:00.000000",21.7597885131836
"GB","2026-07-30T15:00:00.000000",21.8022022247314
"GB","2026-07-30T16:00:00.000000",21.8541355133057
"GB","2026-07-30T17:00:00.000000",21.9637470245361
"GB","2026-07-30T18:00:00.000000",22.1335372924805
"GB","2026-07-30T19:00:00.000000",22.1401195526123
"GB","2026-07-30T20:00:00.000000",22.184398651123
"GB","2026-07-30T21:00:00.000000",22.234447479248
"GB","2026-07-30T22:00:00.000000",22.2782707214355
"GB","2026-07-30T23:00:00.000000",22.3169364929199
"GB","2026-07-31T00:00:00.000000",22.2310352325439
"GB","2026-07-31T01:00:00.000000",22.3204593658447
"GB","2026-07-31T02:00:00.000000",22.3534774780273
"GB","2026-07-31T03:00:00.000000",22.357931137085
"GB","2026-07-31T04:00:00.000000",22.3630905151367
"GB","2026-07-31T05:00:00.000000",22.3620853424072
"GB","2026-07-31T06:00:00.000000",22.42409324646
"GB","2026-07-31T07:00:00.000000",22.3539447784424
"GB","2026-07-31T08:00:00.000000",22.2970123291016
"GB","2026-07-31T09:00:00.000000",22.2912788391113
"GB","2026-07-31T10:00:00.000000",22.2974338531494
"GB","2026-07-31T11:00:00.000000",22.2965965270996
"GB","2026-07-31T12:00:00.000000",22.27858543396
"GB","2026-07-31T13:00:00.000000",22.3011474609375
"GB","2026-07-31T14:00:00.000000",22.3331069946289
"GB","2026-07-31T15:00:00.000000",22.3528156280518
"GB","2026-07-31T16:00:00.000000",22.360315322876
"GB","2026-07-31T17:00:00.000000",22.3866806030273
"GB","2026-07-31T18:00:00.000000",22.5394687652588
"GB","2026-07-31T19:00:00.000000",22.5557670593262
"GB","2026-07-31T20:00:00.000000",22.4954814910889
"GB","2026-07-31T21:00:00.000000",22.5182723999023
"GB","2026-07-31T22:00:00.000000",22.5526313781738
"GB","2026-07-31T23:00:00.000000",22.5808906555176
"GB","2026-08-01T00:00:00.000000",22.5613422393799
"GB","2026-08-01T01:00:00.000000",22.6560325622559
"GB","2026-08-01T02:00:00.000000",22.6995067596436
"GB","2026-08-01T03:00:00.000000",22.7185955047607
"GB","2026-08-01T04:00:00.000000",22.7264080047607
"GB","2026-08-01T05:00:00.000000",22.7277145385742
"GB","2026-08-01T06:00:00.000000",22.7701435089111
"GB","2026-08-01T07:00:00.000000",22.7486419677734
"GB","2026-08-01T08:00:00.000000",22.7253742218018
"GB","2026-08-01T09:00:00.000000",22.7152347564697
"GB","2026-08-01T10:00:00.000000",22.710958480835
"GB","2026-08-01T11:00:00.000000",22.6972694396973
"GB","2026-08-01T12:00:00.000000",22.7249488830566
"GB","2026-08-01T13:00:00.000000",22.7414073944092
"GB","2026-08-01T14:00:00.000000",22.7960472106934
"GB","2026-08-01T15:00:00.000000",22.841459274292
"GB","2026-08-01T16:00:00.000000",22.8895740509033
"GB","2026-08-01T17:00:00.000000",22.933069229126
"GB","2026-08-01T18:00:00.000000",23.0024299621582
"GB","2026-08-01T19:00:00.000000",23.1285057067871
"GB","2026-08-01T20:00:00.000000",23.0880603790283
"GB","2026-08-01T21:00:00.000000",23.0726547241211
"GB","2026-08-01T22:00:00.000000",23.1201457977295
"GB","2026-08-01T23:00:00.000000",23.1407947540283
"GB","2026-08-02T00:00:00.000000",23.131462097168
"GB","2026-08-02T01:00:00.000000",23.0462532043457
"GB","2026-08-02T02:00:00.000000",23.0504341125488
"GB","2026-08-02T03:00:00.000000",23.0495452880859
"GB","2026-08-02T04:00:00.000000",23.0452632904053
"GB","2026-08-02T05:00:00.000000",23.0334930419922
"GB","2026-08-02T06:00:00.000000",23.0119247436523
"GB","2026-08-02T07:00:00.000000",23.0665493011475
"GB","2026-08-02T08:00:00.000000",23.0278606414795
"GB","2026-08-02T09:00:00.000000",22.993968963623
"GB","2026-08-02T10:00:00.000000",22.9970779418945
"GB","2026-08-02T11:00:00.000000",23.0005035400391
"GB","2026-08-02T12:00:00.000000",22.9873180389404
"GB","2026-08-02T13:00:00.000000",23.0352249145508
"GB","2026-08-02T14:00:00.000000",23.0055999755859
"GB","2026-08-02T15:00:00.000000",23.0481853485107
"GB","2026-08-02T16:00:00.000000",23.0890960693359
"GB","2026-08-02T17:00:00.000000",23.1226062774658
"GB","2026-08-02T18:00:00.000000",23.149169921875
"GB","2026-08-02T19:00:00.000000",23.2331237792969
"GB","2026-08-02T20:00:00.000000",23.2759819030762
"GB","2026-08-02T21:00:00.000000",23.2143669128418
"GB","2026-08-02T22:00:00.000000",23.2537879943848
"GB","2026-08-02T23:00:00.000000",23.2850952148438
"GB","2026-08-03T00:00:00.000000",23.2956199645996
"GB","2026-08-03T01:00:00.000000",23.2844161987305
"GB","2026-08-03T02:00:00.000000",23.2184963226318
"GB","2026-08-03T03:00:00.000000",23.2116661071777
"GB","2026-08-03T04:00:00.000000",23.2032203674316
"GB","2026-08-03T05:00:00.000000",23.205472946167
"GB","2026-08-03T06:00:00.000000",23.2098865509033
"GB","2026-08-03T07:00:00.000000",23.2183704376221
"GB","2026-08-03T08:00:00.000000",23.2722644805908
"GB","2026-08-03T09:00:00.000000",23.2479305267334
"GB","2026-08-03T10:00:00.000000",23.2354068756104
"GB","2026-08-03T11:00:00.000000",23.2533664703369
"GB","2026-08-03T12:00:00.000000",23.2710380554199
"GB","2026-08-03T13:00:00.000000",23.2999076843262
"GB","2026-08-03T14:00:00.000000",23.3186073303223
"GB","2026-08-03T15:00:00.000000",23.3190402984619
"GB","2026-08-03T16:00:00.000000",23.3489036560059
"GB","2026-08-03T17:00:00.000000",23.400951385498
"GB","2026-08-03T18:00:00.000000",23.4567432403564
"GB","2026-08-03T19:00:00.000000",23.509069442749
"GB","2026-08-03T20:00:00.000000",23.6010398864746
"GB","2026-08-03T21:00:00.000000",23.5246162414551
"GB","2026-08-03T22:00:00.000000",23.4653816223145
"GB","2026-08-03T23:00:00.000000",23.5235462188721
"GB","2026-08-04T00:00:00.000000",23.5653076171875
"LI","2026-07-29T00:00:00.000000",23.7936878204346
"LI","2026-07-29T01:00:00.000000",22.38112449646
"LI","2026-07-29T02:00:00.000000",22.1868648529053
"LI","2026-07-29T03:00:00.000000",22.1576309204102
"LI","2026-07-29T04:00:00.000000",22.1227130889893
"LI","2026-07-29T05:00:00.000000",22.1213989257812
"LI","2026-07-29T06:00:00.000000",22.1004600524902
"LI","2026-07-29T07:00:00.000000",22.1067123413086
"LI","2026-07-29T08:00:00.000000",22.0865249633789
"LI","2026-07-29T09:00:00.000000",22.1085414886475
"LI","2026-07-29T10:00:00.000000",22.1173515319824
"LI","2026-07-29T11:00:00.000000",22.1659317016602
"LI","2026-07-29T12:00:00.000000",22.1798362731934
"LI","2026-07-29T13:00:00.000000",22.2177600860596
"LI","2026-07-29T14:00:00.000000",22.2419528961182
"LI","2026-07-29T15:00:00.000000",22.2987003326416
"LI","2026-07-29T16:00:00.000000",22.3672180175781
"LI","2026-07-29T17:00:00.000000",22.4444618225098
"LI","2026-07-29T18:00:00.000000",22.4742469787598
"LI","2026-07-29T19:00:00.000000",22.5538463592529
"LI","2026-07-29T20:00:00.000000",22.5970153808594
"LI","2026-07-29T21:00:00.000000",22.6114177703857
"LI","2026-07-29T22:00:00.000000",22.53395652771
"LI","2026-07-29T23:00:00.000000",22.4754867553711
"LI","2026-07-30T00:00:00.000000",22.4681873321533
"LI","2026-07-30T01:00:00.000000",21.9849071502686
"LI","2026-07-30T02:00:00.000000",21.955415725708
"LI","2026-07-30T03:00:00.000000",21.9526958465576
"LI","2026-07-30T04:00:00.000000",21.9523525238037
"LI","2026-07-30T05:00:00.000000",21.9426231384277
"LI","2026-07-30T06:00:00.000000",21.9265117645264
"LI","2026-07-30T07:00:00.000000",21.9217948913574
"LI","2026-07-30T08:00:00.000000",21.9309139251709
"LI","2026-07-30T09:00:00.000000",21.9233360290527
"LI","2026-07-30T10:00:00.000000",21.9209327697754
"LI","2026-07-30T11:00:00.000000",21.9242649078369
"LI","2026-07-30T12:00:00.000000",21.9260921478271
"LI","2026-07-30T13:00:00.000000",21.9256820678711
"LI","2026-07-30T14:00:00.000000",21.956636428833
"LI","2026-07-30T15:00:00.000000",22.0540390014648
"LI","2026-07-30T16:00:00.000000",22.1636333465576
"LI","2026-07-30T17:00:00.000000",22.2641773223877
"LI","2026-07-30T18:00:00.000000",22.3714942932129
"LI","2026-07-30T19:00:00.000000",22.4575843811035
"LI","2026-07-30T20:00:00.000000",22.4850826263428
"LI","2026-07-30T21:00:00.000000",22.459831237793
"LI","2026-07-30T22:00:00.000000",22.4614810943604
"LI","2026-07-30T23:00:00.000000",22.4341983795166
"LI","2026-07-31T00:00:00.000000",22.3232879638672
"LI","2026-07-31T01:00:00.000000",22.343240737915
"LI","2026-07-31T02:00:00.000000",22.3315887451172
"LI","2026-07-31T03:00:00.000000",22.3085765838623
"LI","2026-07-31T04:00:00.000000",22.2961578369141
"LI","2026-07-31T05:00:00.000000",22.3026313781738
"LI","2026-07-31T06:00:00.000000",22.3110637664795
"LI","2026-07-31T07:00:00.000000",22.2858448028564
"LI","2026-07-31T08:00:00.000000",22.2858829498291
"LI","2026-07-31T09:00:00.000000",22.2596874237061
"LI","2026-07-31T10:00:00.000000",22.2365417480469
"LI","2026-07-31T11:00:00.000000",22.2565250396729
"LI","2026-07-31T12:00:00.000000",22.31174659729
"LI","2026-07-31T13:00:00.000000",22.3554515838623
"LI","2026-07-31T14:00:00.000000",22.3870334625244
"LI","2026-07-31T15:00:00.000000",22.4148406982422
"LI","2026-07-31T16:00:00.000000",22.4450302124023
"LI","2026-07-31T17:00:00.000000",22.5073947906494
"LI","2026-07-31T18:00:00.000000",22.5650730133057
"LI","2026-07-31T19:00:00.000000",22.6041564941406
"LI","2026-07-31T20:00:00.000000",22.6351337432861
"LI","2026-07-31T21:00:00.000000",22.6438903808594
"LI","2026-07-31T22:00:00.000000",22.6460952758789
"LI","2026-07-31T23:00:00.000000",22.6274433135986
"LI","2026-08-01T00:00:00.000000",22.5804138183594
"LI","2026-08-01T01:00:00.000000",22.5768756866455
"LI","2026-08-01T02:00:00.000000",22.5703277587891
"LI","2026-08-01T03:00:00.000000",22.5590324401855
"LI","2026-08-01T04:00:00.000000",22.5712871551514
"LI","2026-08-01T05:00:00.000000",22.6192188262939
"LI","2026-08-01T06:00:00.000000",22.6272068023682
"LI","2026-08-01T07:00:00.000000",22.620059967041
"LI","2026-08-01T08:00:00.000000",22.6106719970703
"LI","2026-08-01T09:00:00.000000",22.6012516021729
"LI","2026-08-01T10:00:00.000000",22.596960067749
"LI","2026-08-01T11:00:00.000000",22.5816402435303
"LI","2026-08-01T12:00:00.000000",22.5581817626953
"LI","2026-08-01T13:00:00.000000",22.5231609344482
"LI","2026-08-01T14:00:00.000000",22.5087509155273
"LI","2026-08-01T15:00:00.000000",22.529914855957
"LI","2026-08-01T16:00:00.000000",22.5672359466553
"LI","2026-08-01T17:00:00.000000",22.6507129669189
"LI","2026-08-01T18:00:00.000000",22.7588996887207
"LI","2026-08-01T19:00:00.000000",22.8410491943359
"LI","2026-08-01T20:00:00.000000",22.8936252593994
"LI","2026-08-01T21:00:00.000000",22.9013042449951
"LI","2026-08-01T22:00:00.000000",22.8889064788818
"LI","2026-08-01T23:00:00.000000",22.8948287963867
"LI","2026-08-02T00:00:00.000000",22.9048442840576
"LI","2026-08-02T01:00:00.000000",22.9104423522949
"LI","2026-08-02T02:00:00.000000",22.9258651733398
"LI","2026-08-02T03:00:00.000000",22.9300022125244
"LI","2026-08-02T04:00:00.000000",22.9224586486816
"LI","2026-08-02T05:00:00.000000",22.9081611633301
"LI","2026-08-02T06:00:00.000000",22.9057064056396
"LI","2026-08-02T07:00:00.000000",22.9046802520752
"LI","2026-08-02T08:00:00.000000",22.9051265716553
"LI","2026-08-02T09:00:00.000000",22.9055252075195
"LI","2026-08-02T10:00:00.000000",22.9067668914795
"LI","2026-08-02T11:00:00.000000",22.91086769104
"LI","2026-08-02T12:00:00.000000",22.9222850799561
"LI","2026-08-02T13:00:00.000000",22.9366455078125
"LI","2026-08-02T14:00:00.000000",22.9508533477783
"LI","2026-08-02T15:00:00.000000",22.9759883880615
"LI","2026-08-02T16:00:00.000000",23.0217971801758
"LI","2026-08-02T17:00:00.000000",23.0805358886719
"LI","2026-08-02T18:00:00.000000",23.1398544311523
"LI","2026-08-02T19:00:00.000000",23.1910839080811
"LI","2026-08-02T20:00:00.000000",23.2409572601318
"LI","2026-08-02T21:00:00.000000",23.2974376678467
"LI","2026-08-02T22:00:00.000000",23.2914714813232
"LI","2026-08-02T23:00:00.000000",23.280689239502
"LI","2026-08-03T00:00:00.000000",23.2950248718262
"LI","2026-08-03T01:00:00.000000",23.2921619415283
"LI","2026-08-03T02:00:00.000000",23.3016490936279
"LI","2026-08-03T03:00:00.000000",23.306432723999
"LI","2026-08-03T04:00:00.000000",23.3067264556885
"LI","2026-08-03T05:00:00.000000",23.3069629669189
"LI","2026-08-03T06:00:00.000000",23.309326171875
"LI","2026-08-03T07:00:00.000000",23.3251819610596
"LI","2026-08-03T08:00:00.000000",23.3416843414307
"LI","2026-08-03T09:00:00.000000",23.35764503479
"LI","2026-08-03T10:00:00.000000",23.3665676116943
"LI","2026-08-03T11:00:00.000000",23.3717231750488
"LI","2026-08-03T12:00:00.000000",23.3831806182861
"LI","2026-08-03T13:00:00.000000",23.4080753326416
"LI","2026-08-03T14:00:00.000000",23.421558380127
"LI","2026-08-03T15:00:00.000000",23.4288482666016
"LI","2026-08-03T16:00:00.000000",23.4478740692139
"LI","2026-08-03T17:00:00.000000",23.4911937713623
"LI","2026-08-03T18:00:00.000000",23.5429134368896
"LI","2026-08-03T19:00:00.000000",23.621768951416
"LI","2026-08-03T20:00:00.000000",23.6912212371826
"LI","2026-08-03T21:00:00.000000",23.7297134399414
"LI","2026-08-03T22:00:00.000000",23.7499027252197
"LI","2026-08-03T23:00:00.000000",23.7593612670898
"LI","2026-08-04T00:00:00.000000",23.7695140838623
"OB","2026-07-29T00:00:00.000000",22.4071083068848
"OB","2026-07-29T01:00:00.000000",21.4648323059082
"OB","2026-07-29T02:00:00.000000",21.3021907806396
"OB","2026-07-29T03:00:00.000000",21.4134483337402
"OB","2026-07-29T04:00:00.000000",21.5069065093994
"OB","2026-07-29T05:00:00.000000",21.5855903625488
"OB","2026-07-29T06:00:00.000000",21.6556262969971
"OB","2026-07-29T07:00:00.000000",21.6712627410889
"OB","2026-07-29T08:00:00.000000",21.6868457794189
"OB","2026-07-29T09:00:00.000000",21.6882095336914
"OB","2026-07-29T10:00:00.000000",21.6588268280029
"OB","2026-07-29T11:00:00.000000",21.5493087768555
"OB","2026-07-29T12:00:00.000000",21.5035381317139
"OB","2026-07-29T13:00:00.000000",21.4443244934082
"OB","2026-07-29T14:00:00.000000",21.5185432434082
"OB","2026-07-29T15:00:00.000000",21.5254364013672
"OB","2026-07-29T16:00:00.000000",21.5636463165283
"OB","2026-07-29T17:00:00.000000",21.5886344909668
"OB","2026-07-29T18:00:00.000000",21.6040172576904
"OB","2026-07-29T19:00:00.000000",21.6066417694092
"OB","2026-07-29T20:00:00.000000",21.5951862335205
"OB","2026-07-29T21:00:00.000000",21.5965442657471
"OB","2026-07-29T22:00:00.000000",21.607759475708
"OB","2026-07-29T23:00:00.000000",21.4705772399902
"OB","2026-07-30T00:00:00.000000",21.2353420257568
"OB","2026-07-30T01:00:00.000000",21.0808715820312
"OB","2026-07-30T02:00:00.000000",21.165620803833
"OB","2026-07-30T03:00:00.000000",21.1817874908447
"OB","2026-07-30T04:00:00.000000",21.3078498840332
"OB","2026-07-30T05:00:00.000000",21.3878803253174
"OB","2026-07-30T06:00:00.000000",21.4559879302979
"OB","2026-07-30T07:00:00.000000",21.4989891052246
"OB","2026-07-30T08:00:00.000000",21.5125484466553
"OB","2026-07-30T09:00:00.000000",21.5390396118164
"OB","2026-07-30T10:00:00.000000",21.5425262451172
"OB","2026-07-30T11:00:00.000000",21.5317497253418
"OB","2026-07-30T12:00:00.000000",21.3584442138672
"OB","2026-07-30T13:00:00.000000",21.1767578125
"OB","2026-07-30T14:00:00.000000",21.0734310150146
"OB","2026-07-30T15:00:00.000000",21.2213230133057
"OB","2026-07-30T16:00:00.000000",21.2986278533936
"OB","2026-07-30T17:00:00.000000",21.4042892456055
"OB","2026-07-30T18:00:00.000000",21.4663486480713
"OB","2026-07-30T19:00:00.000000",21.4942398071289
"OB","2026-07-30T20:00:00.000000",21.5059471130371
"OB","2026-07-30T21:00:00.000000",21.5167922973633
"OB","2026-07-30T22:00:00.000000",21.5123653411865
"OB","2026-07-30T23:00:00.000000",21.4666347503662
"OB","2026-07-31T00:00:00.000000",21.161003112793
"OB","2026-07-31T01:00:00.000000",21.1860637664795
"OB","2026-07-31T02:00:00.000000",21.2501735687256
"OB","2026-07-31T03:00:00.000000",21.2184543609619
"OB","2026-07-31T04:00:00.000000",21.1962718963623
"OB","2026-07-31T05:00:00.000000",21.1971569061279
"OB","2026-07-31T06:00:00.000000",21.2289237976074
"OB","2026-07-31T07:00:00.000000",21.2720890045166
"OB","2026-07-31T08:00:00.000000",21.2888240814209
"OB","2026-07-31T09:00:00.000000",21.3057727813721
"OB","2026-07-31T10:00:00.000000",21.3113231658936
"OB","2026-07-31T11:00:00.000000",21.2915153503418
"OB","2026-07-31T12:00:00.000000",21.2401962280273
"OB","2026-07-31T13:00:00.000000",21.2483406066895
"OB","2026-07-31T14:00:00.000000",21.2597064971924
"OB","2026-07-31T15:00:00.000000",21.2574863433838
"OB","2026-07-31T16:00:00.000000",21.2566356658936
"OB","2026-07-31T17:00:00.000000",21.2584495544434
"OB","2026-07-31T18:00:00.000000",21.2691268920898
"OB","2026-07-31T19:00:00.000000",21.2829360961914
"OB","2026-07-31T20:00:00.000000",21.2911968231201
"OB","2026-07-31T21:00:00.000000",21.2941265106201
"OB","2026-07-31T22:00:00.000000",21.2996940612793
"OB","2026-07-31T23:00:00.000000",21.2948703765869
"OB","2026-08-01T00:00:00.000000",21.2882671356201
"OB","2026-08-01T01:00:00.000000",21.2465953826904
"OB","2026-08-01T02:00:00.000000",21.1573047637939
"OB","2026-08-01T03:00:00.000000",21.0867977142334
"OB","2026-08-01T04:00:00.000000",21.1307353973389
"OB","2026-08-01T05:00:00.000000",21.1869716644287
"OB","2026-08-01T06:00:00.000000",21.2509365081787
"OB","2026-08-01T07:00:00.000000",21.2779312133789
"OB","2026-08-01T08:00:00.000000",21.2887153625488
"OB","2026-08-01T09:00:00.000000",21.2923469543457
"OB","2026-08-01T10:00:00.000000",21.293643951416
"OB","2026-08-01T11:00:00.000000",21.2945709228516
"OB","2026-08-01T12:00:00.000000",21.2852401733398
"OB","2026-08-01T13:00:00.000000",21.2362957000732
"OB","2026-08-01T14:00:00.000000",21.1608295440674
"OB","2026-08-01T15:00:00.000000",21.1060314178467
"OB","2026-08-01T16:00:00.000000",21.1494007110596
"OB","2026-08-01T17:00:00.000000",21.1967525482178
"OB","2026-08-01T18:00:00.000000",21.2478427886963
"OB","2026-08-01T19:00:00.000000",21.27952003479
"OB","2026-08-01T20:00:00.000000",21.2897968292236
"OB","2026-08-01T21:00:00.000000",21.2901611328125
"OB","2026-08-01T22:00:00.000000",21.2901592254639
"OB","2026-08-01T23:00:00.000000",21.2901592254639
"OB","2026-08-02T00:00:00.000000",21.2806034088135
"OB","2026-08-02T01:00:00.000000",21.221923828125
"OB","2026-08-02T02:00:00.000000",21.0717658996582
"OB","2026-08-02T03:00:00.000000",21.0393829345703
"OB","2026-08-02T04:00:00.000000",21.0298881530762
"OB","2026-08-02T05:00:00.000000",21.0723247528076
"OB","2026-08-02T06:00:00.000000",21.1273422241211
"OB","2026-08-02T07:00:00.000000",21.1780815124512
"OB","2026-08-02T08:00:00.000000",21.2287178039551
"OB","2026-08-02T09:00:00.000000",21.2484874725342
"OB","2026-08-02T10:00:00.000000",21.2604446411133
"OB","2026-08-02T11:00:00.000000",21.2728996276855
"OB","2026-08-02T12:00:00.000000",21.2697639465332
"OB","2026-08-02T13:00:00.000000",21.2246913909912
"OB","2026-08-02T14:00:00.000000",21.1231746673584
"OB","2026-08-02T15:00:00.000000",21.0796241760254
"OB","2026-08-02T16:00:00.000000",21.0702571868896
"OB","2026-08-02T17:00:00.000000",21.0967636108398
"OB","2026-08-02T18:00:00.000000",21.1475048065186
"OB","2026-08-02T19:00:00.000000",21.1895198822021
"OB","2026-08-02T20:00:00.000000",21.2215785980225
"OB","2026-08-02T21:00:00.000000",21.2411918640137
"OB","2026-08-02T22:00:00.000000",21.2467784881592
"OB","2026-08-02T23:00:00.000000",21.2551326751709
"OB","2026-08-03T00:00:00.000000",21.2563610076904
"OB","2026-08-03T01:00:00.000000",21.2187194824219
"OB","2026-08-03T02:00:00.000000",21.1265850067139
"OB","2026-08-03T03:00:00.000000",21.0730056762695
"OB","2026-08-03T04:00:00.000000",21.0594787597656
"OB","2026-08-03T05:00:00.000000",21.0503826141357
"OB","2026-08-03T06:00:00.000000",21.0774269104004
"OB","2026-08-03T07:00:00.000000",21.109073638916
"OB","2026-08-03T08:00:00.000000",21.1548404693604
"OB","2026-08-03T09:00:00.000000",21.1956825256348
"OB","2026-08-03T10:00:00.000000",21.2120838165283
"OB","2026-08-03T11:00:00.000000",21.2251110076904
"OB","2026-08-03T12:00:00.000000",21.235652923584
"OB","2026-08-03T13:00:00.000000",21.2336940765381
"OB","2026-08-03T14:00:00.000000",21.1682758331299
"OB","2026-08-03T15:00:00.000000",21.1020011901855
"OB","2026-08-03T16:00:00.000000",21.1029396057129
"OB","2026-08-03T17:00:00.000000",21.1165370941162
"OB","2026-08-03T18:00:00.000000",21.1470928192139
"OB","2026-08-03T19:00:00.000000",21.1737632751465
"OB","2026-08-03T20:00:00.000000",21.1915912628174
"OB","2026-08-03T21:00:00.000000",21.2078227996826
"OB","2026-08-03T22:00:00.000000",21.2180480957031
"OB","2026-08-03T23:00:00.000000",21.2248268127441
"OB","2026-08-04T00:00:00.000000",21.2333011627197
"WC","2026-07-29T00:00:00.000000",23.7101211547852
"WC","2026-07-29T01:00:00.000000",22.1599731445312
"WC","2026-07-29T02:00:00.000000",21.9315395355225
"WC","2026-07-29T03:00:00.000000",21.9494876861572
"WC","2026-07-29T04:00:00.000000",21.8052463531494
"WC","2026-07-29T05:00:00.000000",21.5000801086426
"WC","2026-07-29T06:00:00.000000",21.3823261260986
"WC","2026-07-29T07:00:00.000000",21.3753566741943
"WC","2026-07-29T08:00:00.000000",21.3663864135742
"WC","2026-07-29T09:00:00.000000",21.5886268615723
"WC","2026-07-29T10:00:00.000000",21.8210830688477
"WC","2026-07-29T11:00:00.000000",21.9487133026123
"WC","2026-07-29T12:00:00.000000",22.0408000946045
"WC","2026-07-29T13:00:00.000000",22.0784568786621
"WC","2026-07-29T14:00:00.000000",22.0806427001953
"WC","2026-07-29T15:00:00.000000",22.0940704345703
"WC","2026-07-29T16:00:00.000000",22.0736656188965
"WC","2026-07-29T17:00:00.000000",21.9055500030518
"WC","2026-07-29T18:00:00.000000",21.6787796020508
"WC","2026-07-29T19:00:00.000000",21.5957374572754
"WC","2026-07-29T20:00:00.000000",21.6099948883057
"WC","2026-07-29T21:00:00.000000",21.6864032745361
"WC","2026-07-29T22:00:00.000000",21.8393669128418
"WC","2026-07-29T23:00:00.000000",22.3295841217041
"WC","2026-07-30T00:00:00.000000",22.4951248168945
"WC","2026-07-30T01:00:00.000000",21.8808479309082
"WC","2026-07-30T02:00:00.000000",21.7431125640869
"WC","2026-07-30T03:00:00.000000",21.7412109375
"WC","2026-07-30T04:00:00.000000",21.7386264801025
"WC","2026-07-30T05:00:00.000000",21.5050640106201
"WC","2026-07-30T06:00:00.000000",21.341402053833
"WC","2026-07-30T07:00:00.000000",21.33274269104
"WC","2026-07-30T08:00:00.000000",21.343168258667
"WC","2026-07-30T09:00:00.000000",21.3745574951172
"WC","2026-07-30T10:00:00.000000",21.5672607421875
"WC","2026-07-30T11:00:00.000000",21.7544078826904
"WC","2026-07-30T12:00:00.000000",21.7805862426758
"WC","2026-07-30T13:00:00.000000",21.791051864624
"WC","2026-07-30T14:00:00.000000",21.7917785644531
"WC","2026-07-30T15:00:00.000000",21.7978515625
"WC","2026-07-30T16:00:00.000000",21.8031425476074
"WC","2026-07-30T17:00:00.000000",21.7927017211914
"WC","2026-07-30T18:00:00.000000",21.7182998657227
"WC","2026-07-30T19:00:00.000000",21.6795196533203
"WC","2026-07-30T20:00:00.000000",21.6467819213867
"WC","2026-07-30T21:00:00.000000",21.6558589935303
"WC","2026-07-30T22:00:00.000000",21.9079513549805
"WC","2026-07-30T23:00:00.000000",22.194709777832
"WC","2026-07-31T00:00:00.000000",22.3516635894775
"WC","2026-07-31T01:00:00.000000",22.072172164917
"WC","2026-07-31T02:00:00.000000",21.9875183105469
"WC","2026-07-31T03:00:00.000000",21.995433807373
"WC","2026-07-31T04:00:00.000000",21.9995250701904
"WC","2026-07-31T05:00:00.000000",21.966703414917
"WC","2026-07-31T06:00:00.000000",21.6862277984619
"WC","2026-07-31T07:00:00.000000",21.5768718719482
"WC","2026-07-31T08:00:00.000000",21.557243347168
"WC","2026-07-31T09:00:00.000000",21.5477809906006
"WC","2026-07-31T10:00:00.000000",21.6356925964355
"WC","2026-07-31T11:00:00.000000",21.8086414337158
"WC","2026-07-31T12:00:00.000000",21.9151344299316
"WC","2026-07-31T13:00:00.000000",21.9634742736816
"WC","2026-07-31T14:00:00.000000",21.9829540252686
"WC","2026-07-31T15:00:00.000000",21.9978256225586
"WC","2026-07-31T16:00:00.000000",22.0112953186035
"WC","2026-07-31T17:00:00.000000",22.0033702850342
"WC","2026-07-31T18:00:00.000000",21.8040199279785
"WC","2026-07-31T19:00:00.000000",21.6579895019531
"WC","2026-07-31T20:00:00.000000",21.5993976593018
"WC","2026-07-31T21:00:00.000000",21.5649929046631
"WC","2026-07-31T22:00:00.000000",21.5799598693848
"WC","2026-07-31T23:00:00.000000",21.7763824462891
"WC","2026-08-01T00:00:00.000000",22.1155643463135
"WC","2026-08-01T01:00:00.000000",22.249605178833
"WC","2026-08-01T02:00:00.000000",22.2485637664795
"WC","2026-08-01T03:00:00.000000",22.2488689422607
"WC","2026-08-01T04:00:00.000000",22.2526531219482
"WC","2026-08-01T05:00:00.000000",22.2526531219482
"WC","2026-08-01T06:00:00.000000",22.1887054443359
"WC","2026-08-01T07:00:00.000000",21.92453956604
"WC","2026-08-01T08:00:00.000000",21.8677520751953
"WC","2026-08-01T09:00:00.000000",21.8337116241455
"WC","2026-08-01T10:00:00.000000",21.8415050506592
"WC","2026-08-01T11:00:00.000000",22.0249900817871
"WC","2026-08-01T12:00:00.000000",22.1383972167969
"WC","2026-08-01T13:00:00.000000",22.2963333129883
"WC","2026-08-01T14:00:00.000000",22.3476886749268
"WC","2026-08-01T15:00:00.000000",22.3952770233154
"WC","2026-08-01T16:00:00.000000",22.411865234375
"WC","2026-08-01T17:00:00.000000",22.4176616668701
"WC","2026-08-01T18:00:00.000000",22.4077587127686
"WC","2026-08-01T19:00:00.000000",22.2338695526123
"WC","2026-08-01T20:00:00.000000",22.0961360931396
"WC","2026-08-01T21:00:00.000000",22.0104541778564
"WC","2026-08-01T22:00:00.000000",22.0280208587646
"WC","2026-08-01T23:00:00.000000",22.1653957366943
"WC","2026-08-02T00:00:00.000000",22.3877773284912
"WC","2026-08-02T01:00:00.000000",22.6354198455811
"WC","2026-08-02T02:00:00.000000",22.6905117034912
"WC","2026-08-02T03:00:00.000000",22.6969451904297
"WC","2026-08-02T04:00:00.000000",22.6969432830811
"WC","2026-08-02T05:00:00.000000",22.6969432830811
"WC","2026-08-02T06:00:00.000000",22.6969432830811
"WC","2026-08-02T07:00:00.000000",22.5570068359375
"WC","2026-08-02T08:00:00.000000",22.2902431488037
"WC","2026-08-02T09:00:00.000000",22.1978950500488
"WC","2026-08-02T10:00:00.000000",22.1612682342529
"WC","2026-08-02T11:00:00.000000",22.1980018615723
"WC","2026-08-02T12:00:00.000000",22.3861293792725
"WC","2026-08-02T13:00:00.000000",22.5805492401123
"WC","2026-08-02T14:00:00.000000",22.7063503265381
"WC","2026-08-02T15:00:00.000000",22.7370071411133
"WC","2026-08-02T16:00:00.000000",22.7550239562988
"WC","2026-08-02T17:00:00.000000",22.7689342498779
"WC","2026-08-02T18:00:00.000000",22.7697887420654
"WC","2026-08-02T19:00:00.000000",22.7221279144287
"WC","2026-08-02T20:00:00.000000",22.4513320922852
"WC","2026-08-02T21:00:00.000000",22.3355770111084
"WC","2026-08-02T22:00:00.000000",22.290340423584
"WC","2026-08-02T23:00:00.000000",22.290491104126
"WC","2026-08-03T00:00:00.000000",22.5006790161133
"WC","2026-08-03T01:00:00.000000",22.7260932922363
"WC","2026-08-03T02:00:00.000000",22.9698677062988
"WC","2026-08-03T03:00:00.000000",22.9879760742188
"WC","2026-08-03T04:00:00.000000",22.9879741668701
"WC","2026-08-03T05:00:00.000000",22.9879741668701
"WC","2026-08-03T06:00:00.000000",22.9879741668701
"WC","2026-08-03T07:00:00.000000",22.9879570007324
"WC","2026-08-03T08:00:00.000000",22.8641834259033
"WC","2026-08-03T09:00:00.000000",22.7060451507568
"WC","2026-08-03T10:00:00.000000",22.5978336334229
"WC","2026-08-03T11:00:00.000000",22.5792350769043
"WC","2026-08-03T12:00:00.000000",22.6695652008057
"WC","2026-08-03T13:00:00.000000",22.7361507415771
"WC","2026-08-03T14:00:00.000000",23.0118846893311
"WC","2026-08-03T15:00:00.000000",23.0503826141357
"WC","2026-08-03T16:00:00.000000",23.0503787994385
"WC","2026-08-03T17:00:00.000000",23.0503826141357
"WC","2026-08-03T18:00:00.000000",23.0508804321289
"WC","2026-08-03T19:00:00.000000",23.0655498504639
"WC","2026-08-03T20:00:00.000000",23.0569591522217
"WC","2026-08-03T21:00:00.000000",22.8663539886475
"WC","2026-08-03T22:00:00.000000",22.7289600372314
"WC","2026-08-03T23:00:00.000000",22.7001495361328
"WC","2026-08-04T00:00:00.000000",22.7707271575928
"WI","2026-07-29T00:00:00.000000",23.4014339447021
"WI","2026-07-29T01:00:00.000000",22.6121349334717
"WI","2026-07-29T02:00:00.000000",22.5142631530762
"WI","2026-07-29T03:00:00.000000",22.5987243652344
"WI","2026-07-29T04:00:00.000000",22.6215305328369
"WI","2026-07-29T05:00:00.000000",22.6420040130615
"WI","2026-07-29T06:00:00.000000",22.614709854126
"WI","2026-07-29T07:00:00.000000",22.5978832244873
"WI","2026-07-29T08:00:00.000000",22.6062488555908
"WI","2026-07-29T09:00:00.000000",22.6278228759766
"WI","2026-07-29T10:00:00.000000",22.6247062683105
"WI","2026-07-29T11:00:00.000000",22.5922374725342
"WI","2026-07-29T12:00:00.000000",22.5832061767578
"WI","2026-07-29T13:00:00.000000",22.6367034912109
"WI","2026-07-29T14:00:00.000000",22.7257347106934
"WI","2026-07-29T15:00:00.000000",22.8068561553955
"WI","2026-07-29T16:00:00.000000",22.9054183959961
"WI","2026-07-29T17:00:00.000000",23.0207767486572
"WI","2026-07-29T18:00:00.000000",23.0908336639404
"WI","2026-07-29T19:00:00.000000",23.169900894165
"WI","2026-07-29T20:00:00.000000",23.2377948760986
"WI","2026-07-29T21:00:00.000000",23.1819705963135
"WI","2026-07-29T22:00:00.000000",23.1014251708984
"WI","2026-07-29T23:00:00.000000",23.067174911499
"WI","2026-07-30T00:00:00.000000",23.0498847961426
"WI","2026-07-30T01:00:00.000000",22.3888130187988
"WI","2026-07-30T02:00:00.000000",22.2919960021973
"WI","2026-07-30T03:00:00.000000",22.2930545806885
"WI","2026-07-30T04:00:00.000000",22.2971210479736
"WI","2026-07-30T05:00:00.000000",22.2939357757568
"WI","2026-07-30T06:00:00.000000",22.2890243530273
"WI","2026-07-30T07:00:00.000000",22.2848892211914
"WI","2026-07-30T08:00:00.000000",22.2752895355225
"WI","2026-07-30T09:00:00.000000",22.2696418762207
"WI","2026-07-30T10:00:00.000000",22.2684879302979
"WI","2026-07-30T11:00:00.000000",22.2776794433594
"WI","2026-07-30T12:00:00.000000",22.2864322662354
"WI","2026-07-30T13:00:00.000000",22.2973613739014
"WI","2026-07-30T14:00:00.000000",22.3626308441162
"WI","2026-07-30T15:00:00.000000",22.4565105438232
"WI","2026-07-30T16:00:00.000000",22.5602283477783
"WI","2026-07-30T17:00:00.000000",22.6572494506836
"WI","2026-07-30T18:00:00.000000",22.691068649292
"WI","2026-07-30T19:00:00.000000",22.6200847625732
"WI","2026-07-30T20:00:00.000000",22.6011638641357
"WI","2026-07-30T21:00:00.000000",22.597843170166
"WI","2026-07-30T22:00:00.000000",22.6234588623047
"WI","2026-07-30T23:00:00.000000",22.6908893585205
"WI","2026-07-31T00:00:00.000000",22.6801452636719
"WI","2026-07-31T01:00:00.000000",22.0666351318359
"WI","2026-07-31T02:00:00.000000",21.9538555145264
"WI","2026-07-31T03:00:00.000000",21.9385967254639
"WI","2026-07-31T04:00:00.000000",21.9255714416504
"WI","2026-07-31T05:00:00.000000",21.9108715057373
"WI","2026-07-31T06:00:00.000000",21.9074287414551
"WI","2026-07-31T07:00:00.000000",21.9715309143066
"WI","2026-07-31T08:00:00.000000",22.0083160400391
"WI","2026-07-31T09:00:00.000000",22.0209350585938
"WI","2026-07-31T10:00:00.000000",22.0090675354004
"WI","2026-07-31T11:00:00.000000",21.9841823577881
"WI","2026-07-31T12:00:00.000000",21.9651718139648
"WI","2026-07-31T13:00:00.000000",21.9886817932129
"WI","2026-07-31T14:00:00.000000",22.0707950592041
"WI","2026-07-31T15:00:00.000000",22.1225147247314
"WI","2026-07-31T16:00:00.000000",22.1335105895996
"WI","2026-07-31T17:00:00.000000",22.1696014404297
"WI","2026-07-31T18:00:00.000000",22.2552738189697
"WI","2026-07-31T19:00:00.000000",22.2374324798584
"WI","2026-07-31T20:00:00.000000",22.1889801025391
"WI","2026-07-31T21:00:00.000000",22.2128772735596
"WI","2026-07-31T22:00:00.000000",22.1952648162842
"WI","2026-07-31T23:00:00.000000",22.1628150939941
"WI","2026-08-01T00:00:00.000000",22.2104034423828
"WI","2026-08-01T01:00:00.000000",22.1881370544434
"WI","2026-08-01T02:00:00.000000",22.1844635009766
"WI","2026-08-01T03:00:00.000000",22.2254981994629
"WI","2026-08-01T04:00:00.000000",22.3135662078857
"WI","2026-08-01T05:00:00.000000",22.3803730010986
"WI","2026-08-01T06:00:00.000000",22.3784008026123
"WI","2026-08-01T07:00:00.000000",22.2936840057373
"WI","2026-08-01T08:00:00.000000",22.20751953125
"WI","2026-08-01T09:00:00.000000",22.1764392852783
"WI","2026-08-01T10:00:00.000000",22.162769317627
"WI","2026-08-01T11:00:00.000000",22.1780529022217
"WI","2026-08-01T12:00:00.000000",22.1951370239258
"WI","2026-08-01T13:00:00.000000",22.1958599090576
"WI","2026-08-01T14:00:00.000000",22.2096080780029
"WI","2026-08-01T15:00:00.000000",22.2498435974121
"WI","2026-08-01T16:00:00.000000",22.3646755218506
"WI","2026-08-01T17:00:00.000000",22.4720935821533
"WI","2026-08-01T18:00:00.000000",22.5561656951904
"WI","2026-08-01T19:00:00.000000",22.6158008575439
"WI","2026-08-01T20:00:00.000000",22.5039463043213
"WI","2026-08-01T21:00:00.000000",22.4571075439453
"WI","2026-08-01T22:00:00.000000",22.4985771179199
"WI","2026-08-01T23:00:00.000000",22.5907783508301
"WI","2026-08-02T00:00:00.000000",22.6785888671875
"WI","2026-08-02T01:00:00.000000",22.6989116668701
"WI","2026-08-02T02:00:00.000000",22.692590713501
"WI","2026-08-02T03:00:00.000000",22.6970443725586
"WI","2026-08-02T04:00:00.000000",22.7202911376953
"WI","2026-08-02T05:00:00.000000",22.7643642425537
"WI","2026-08-02T06:00:00.000000",22.7824382781982
"WI","2026-08-02T07:00:00.000000",22.7842559814453
"WI","2026-08-02T08:00:00.000000",22.7581195831299
"WI","2026-08-02T09:00:00.000000",22.7486152648926
"WI","2026-08-02T10:00:00.000000",22.7467231750488
"WI","2026-08-02T11:00:00.000000",22.749942779541
"WI","2026-08-02T12:00:00.000000",22.7585983276367
"WI","2026-08-02T13:00:00.000000",22.7670040130615
"WI","2026-08-02T14:00:00.000000",22.7719974517822
"WI","2026-08-02T15:00:00.000000",22.7959747314453
"WI","2026-08-02T16:00:00.000000",22.8486804962158
"WI","2026-08-02T17:00:00.000000",22.9113121032715
"WI","2026-08-02T18:00:00.000000",22.9623966217041
"WI","2026-08-02T19:00:00.000000",23.0185718536377
"WI","2026-08-02T20:00:00.000000",23.0681400299072
"WI","2026-08-02T21:00:00.000000",23.0343360900879
"WI","2026-08-02T22:00:00.000000",23.0028057098389
"WI","2026-08-02T23:00:00.000000",23.0031871795654
"WI","2026-08-03T00:00:00.000000",23.0666751861572
"WI","2026-08-03T01:00:00.000000",23.1538143157959
"WI","2026-08-03T02:00:00.000000",23.1761150360107
"WI","2026-08-03T03:00:00.000000",23.1765766143799
"WI","2026-08-03T04:00:00.000000",23.1809196472168
"WI","2026-08-03T05:00:00.000000",23.1917533874512
"WI","2026-08-03T06:00:00.000000",23.2123031616211
"WI","2026-08-03T07:00:00.000000",23.230297088623
"WI","2026-08-03T08:00:00.000000",23.2517929077148
"WI","2026-08-03T09:00:00.000000",23.2708892822266
"WI","2026-08-03T10:00:00.000000",23.2751121520996
"WI","2026-08-03T11:00:00.000000",23.2830944061279
"WI","2026-08-03T12:00:00.000000",23.292896270752
"WI","2026-08-03T13:00:00.000000",23.3060264587402
"WI","2026-08-03T14:00:00.000000",23.3004245758057
"WI","2026-08-03T15:00:00.000000",23.2937812805176
"WI","2026-08-03T16:00:00.000000",23.3345756530762
"WI","2026-08-03T17:00:00.000000",23.3939571380615
"WI","2026-08-03T18:00:00.000000",23.4158058166504
"WI","2026-08-03T19:00:00.000000",23.3819446563721
"WI","2026-08-03T20:00:00.000000",23.3969287872314
"WI","2026-08-03T21:00:00.000000",23.4628314971924
"WI","2026-08-03T22:00:00.000000",23.4542980194092
"WI","2026-08-03T23:00:00.000000",23.440465927124
"WI","2026-08-04T00:00:00.000000",23.4392528533936
