"site_id","time","temp_c"
"AQ","2026-08-09T00:00:00.000000",20.7333106994629
"AQ","2026-08-09T01:00:00.000000",20.3589935302734
"AQ","2026-08-09T02:00:00.000000",20.3138256072998
"AQ","2026-08-09T03:00:00.000000",20.3056545257568
"AQ","2026-08-09T04:00:00.000000",20.2704086303711
"AQ","2026-08-09T05:00:00.000000",20.2941761016846
"AQ","2026-08-09T06:00:00.000000",20.3370513916016
"AQ","2026-08-09T07:00:00.000000",20.317346572876
"AQ","2026-08-09T08:00:00.000000",20.3151760101318
"AQ","2026-08-09T09:00:00.000000",20.3269119262695
"AQ","2026-08-09T10:00:00.000000",20.33935546875
"AQ","2026-08-09T11:00:00.000000",20.3499946594238
"AQ","2026-08-09T12:00:00.000000",20.362268447876
"AQ","2026-08-09T13:00:00.000000",20.384822845459
"AQ","2026-08-09T14:00:00.000000",20.4140853881836
"AQ","2026-08-09T15:00:00.000000",20.4619884490967
"AQ","2026-08-09T16:00:00.000000",20.5203475952148
"AQ","2026-08-09T17:00:00.000000",20.5684967041016
"AQ","2026-08-09T18:00:00.000000",20.6039581298828
"AQ","2026-08-09T19:00:00.000000",20.6340656280518
"AQ","2026-08-09T20:00:00.000000",20.6121082305908
"AQ","2026-08-09T21:00:00.000000",20.6495895385742
"AQ","2026-08-09T22:00:00.000000",20.7121467590332
"AQ","2026-08-09T23:00:00.000000",20.7126197814941
"AQ","2026-08-10T00:00:00.000000",20.6962585449219
"AQ","2026-08-10T01:00:00.000000",20.627534866333
"AQ","2026-08-10T02:00:00.000000",20.6289577484131
"AQ","2026-08-10T03:00:00.000000",20.639892578125
"AQ","2026-08-10T04:00:00.000000",20.6272125244141
"AQ","2026-08-10T05:00:00.000000",20.5125293731689
"AQ","2026-08-10T06:00:00.000000",20.5215187072754
"AQ","2026-08-10T07:00:00.000000",20.5427494049072
"AQ","2026-08-10T08:00:00.000000",20.5183448791504
"AQ","2026-08-10T09:00:00.000000",20.5739803314209
"AQ","2026-08-10T10:00:00.000000",20.6241626739502
"AQ","2026-08-10T11:00:00.000000",20.6476039886475
"AQ","2026-08-10T12:00:00.000000",20.6745109558105
"AQ","2026-08-10T13:00:00.000000",20.6986064910889
"AQ","2026-08-10T14:00:00.000000",20.7262058258057
"AQ","2026-08-10T15:00:00.000000",20.7383155822754
"AQ","2026-08-10T16:00:00.000000",20.7610321044922
"AQ","2026-08-10T17:00:00.000000",20.7778778076172
"AQ","2026-08-10T18:00:00.000000",20.7911376953125
"AQ","2026-08-10T19:00:00.000000",20.8328456878662
"AQ","2026-08-10T20:00:00.000000",20.9470291137695
"AQ","2026-08-10T21:00:00.000000",21.0184173583984
"AQ","2026-08-10T22:00:00.000000",21.0700531005859
"AQ","2026-08-10T23:00:00.000000",21.0505790710449
"AQ","2026-08-11T00:00:00.000000",21.0369663238525
"AQ","2026-08-11T01:00:00.000000",20.3072490692139
"AQ","2026-08-11T02:00:00.000000",20.2027702331543
"AQ","2026-08-11T03:00:00.000000",20.1998634338379
"AQ","2026-08-11T04:00:00.000000",20.2039089202881
"AQ","2026-08-11T05:00:00.000000",20.2094230651855
"AQ","2026-08-11T06:00:00.000000",20.2147159576416
"AQ","2026-08-11T07:00:00.000000",20.2318458557129
"AQ","2026-08-11T08:00:00.000000",20.2439498901367
"AQ","2026-08-11T09:00:00.000000",20.2265739440918
"AQ","2026-08-11T10:00:00.000000",20.223705291748
"AQ","2026-08-11T11:00:00.000000",20.2344379425049
"AQ","2026-08-11T12:00:00.000000",20.2411479949951
"AQ","2026-08-11T13:00:00.000000",20.2639102935791
"AQ","2026-08-11T14:00:00.000000",20.3071174621582
"AQ","2026-08-11T15:00:00.000000",20.4085006713867
"AQ","2026-08-11T16:00:00.000000",20.4829006195068
"AQ","2026-08-11T17:00:00.000000",20.5504417419434
"AQ","2026-08-11T18:00:00.000000",20.5559177398682
"AQ","2026-08-11T19:00:00.000000",20.5603866577148
"AQ","2026-08-11T20:00:00.000000",20.5879344940186
"AQ","2026-08-11T21:00:00.000000",20.6140480041504
"AQ","2026-08-11T22:00:00.000000",20.6649951934814
"AQ","2026-08-11T23:00:00.000000",20.7456607818604
"AQ","2026-08-12T00:00:00.000000",20.7329483032227
"AQ","2026-08-12T01:00:00.000000",20.6459903717041
"AQ","2026-08-12T02:00:00.000000",20.5832901000977
"AQ","2026-08-12T03:00:00.000000",20.5978012084961
"AQ","2026-08-12T04:00:00.000000",20.6829986572266
"AQ","2026-08-12T05:00:00.000000",20.6585578918457
"AQ","2026-08-12T06:00:00.000000",20.644214630127
"AQ","2026-08-12T07:00:00.000000",20.5597400665283
"AQ","2026-08-12T08:00:00.000000",20.5047378540039
"AQ","2026-08-12T09:00:00.000000",20.5024299621582
"AQ","2026-08-12T10:00:00.000000",20.4883289337158
"AQ","2026-08-12T11:00:00.000000",20.5459728240967
"AQ","2026-08-12T12:00:00.000000",20.6081581115723
"AQ","2026-08-12T13:00:00.000000",20.6433486938477
"AQ","2026-08-12T14:00:00.000000",20.6742973327637
"AQ","2026-08-12T15:00:00.000000",20.6990947723389
"AQ","2026-08-12T16:00:00.000000",20.7386512756348
"AQ","2026-08-12T17:00:00.000000",20.6895694732666
"AQ","2026-08-12T18:00:00.000000",20.7180061340332
"AQ","2026-08-12T19:00:00.000000",20.751636505127
"AQ","2026-08-12T20:00:00.000000",20.7369842529297
"AQ","2026-08-12T21:00:00.000000",20.7265167236328
"AQ","2026-08-12T22:00:00.000000",20.7284832000732
"AQ","2026-08-12T23:00:00.000000",20.7501583099365
"AQ","2026-08-13T00:00:00.000000",20.7904262542725
"AQ","2026-08-13T01:00:00.000000",20.8387145996094
"AQ","2026-08-13T02:00:00.000000",20.8531494140625
"AQ","2026-08-13T03:00:00.000000",20.8537559509277
"AQ","2026-08-13T04:00:00.000000",20.8539867401123
"AQ","2026-08-13T05:00:00.000000",20.8231182098389
"AQ","2026-08-13T06:00:00.000000",20.7655906677246
"AQ","2026-08-13T07:00:00.000000",20.7332172393799
"AQ","2026-08-13T08:00:00.000000",20.6683349609375
"AQ","2026-08-13T09:00:00.000000",20.6071796417236
"AQ","2026-08-13T10:00:00.000000",20.5949573516846
"AQ","2026-08-13T11:00:00.000000",20.5853538513184
"AQ","2026-08-13T12:00:00.000000",20.6831226348877
"AQ","2026-08-13T13:00:00.000000",20.7279415130615
"AQ","2026-08-13T14:00:00.000000",20.7609443664551
"AQ","2026-08-13T15:00:00.000000",20.7992115020752
"AQ","2026-08-13T16:00:00.000000",20.8203639984131
"AQ","2026-08-13T17:00:00.000000",20.81662940979
"AQ","2026-08-13T18:00:00.000000",20.7233753204346
"AQ","2026-08-13T19:00:00.000000",20.7657299041748
"AQ","2026-08-13T20:00:00.000000",20.7780113220215
"AQ","2026-08-13T21:00:00.000000",20.7828636169434
"AQ","2026-08-13T22:00:00.000000",20.78515625
"AQ","2026-08-13T23:00:00.000000",20.8128108978271
"AQ","2026-08-14T00:00:00.000000",20.8365535736084
"AQ","2026-08-14T01:00:00.000000",20.8721981048584
"AQ","2026-08-14T02:00:00.000000",20.9023361206055
"AQ","2026-08-14T03:00:00.000000",20.9158306121826
"AQ","2026-08-14T04:00:00.000000",20.9254131317139
"AQ","2026-08-14T05:00:00.000000",20.9265155792236
"AQ","2026-08-14T06:00:00.000000",20.8878936767578
"AQ","2026-08-14T07:00:00.000000",20.8598365783691
"AQ","2026-08-14T08:00:00.000000",20.8065509796143
"AQ","2026-08-14T09:00:00.000000",20.7209224700928
"AQ","2026-08-14T10:00:00.000000",20.6761989593506
"AQ","2026-08-14T11:00:00.000000",20.6638870239258
"AQ","2026-08-14T12:00:00.000000",20.6792469024658
"AQ","2026-08-14T13:00:00.000000",20.7892398834229
"AQ","2026-08-14T14:00:00.000000",20.8314590454102
"AQ","2026-08-14T15:00:00.000000",20.8956909179688
"AQ","2026-08-14T16:00:00.000000",20.9599285125732
"AQ","2026-08-14T17:00:00.000000",20.9947166442871
"AQ","2026-08-14T18:00:00.000000",21.0083770751953
"AQ","2026-08-14T19:00:00.000000",20.9164848327637
"AQ","2026-08-14T20:00:00.000000",20.9742240905762
"AQ","2026-08-14T21:00:00.000000",20.9861888885498
"AQ","2026-08-14T22:00:00.000000",20.9714698791504
"AQ","2026-08-14T23:00:00.000000",20.9034194946289
"AQ","2026-08-15T00:00:00.000000",20.8747673034668
"CB","2026-08-09T00:00:00.000000",22.0719203948975
"CB","2026-08-09T01:00:00.000000",21.8798217773438
"CB","2026-08-09T02:00:00.000000",21.7714996337891
"CB","2026-08-09T03:00:00.000000",21.5350322723389
"CB","2026-08-09T04:00:00.000000",21.4465007781982
"CB","2026-08-09T05:00:00.000000",21.4295520782471
"CB","2026-08-09T06:00:00.000000",21.4239158630371
"CB","2026-08-09T07:00:00.000000",21.424446105957
"CB","2026-08-09T08:00:00.000000",21.4409523010254
"CB","2026-08-09T09:00:00.000000",21.4835548400879
"CB","2026-08-09T10:00:00.000000",21.6283493041992
"CB","2026-08-09T11:00:00.000000",21.7766647338867
"CB","2026-08-09T12:00:00.000000",21.8296375274658
"CB","2026-08-09T13:00:00.000000",21.8164710998535
"CB","2026-08-09T14:00:00.000000",21.7401905059814
"CB","2026-08-09T15:00:00.000000",21.665735244751
"CB","2026-08-09T16:00:00.000000",21.5616073608398
"CB","2026-08-09T17:00:00.000000",21.5295906066895
"CB","2026-08-09T18:00:00.000000",21.5217227935791
"CB","2026-08-09T19:00:00.000000",21.5220203399658
"CB","2026-08-09T20:00:00.000000",21.5417098999023
"CB","2026-08-09T21:00:00.000000",21.6066341400146
"CB","2026-08-09T22:00:00.000000",21.8744029998779
"CB","2026-08-09T23:00:00.000000",22.1036338806152
"CB","2026-08-10T00:00:00.000000",22.1607494354248
"CB","2026-08-10T01:00:00.000000",21.6809558868408
"CB","2026-08-10T02:00:00.000000",21.4587287902832
"CB","2026-08-10T03:00:00.000000",21.340015411377
"CB","2026-08-10T04:00:00.000000",21.1677551269531
"CB","2026-08-10T05:00:00.000000",21.1201152801514
"CB","2026-08-10T06:00:00.000000",21.1166343688965
"CB","2026-08-10T07:00:00.000000",21.1189079284668
"CB","2026-08-10T08:00:00.000000",21.1215305328369
"CB","2026-08-10T09:00:00.000000",21.1194686889648
"CB","2026-08-10T10:00:00.000000",21.1548671722412
"CB","2026-08-10T11:00:00.000000",21.2402591705322
"CB","2026-08-10T12:00:00.000000",21.3231639862061
"CB","2026-08-10T13:00:00.000000",21.3531875610352
"CB","2026-08-10T14:00:00.000000",21.3434162139893
"CB","2026-08-10T15:00:00.000000",21.3148345947266
"CB","2026-08-10T16:00:00.000000",21.2881832122803
"CB","2026-08-10T17:00:00.000000",21.2260208129883
"CB","2026-08-10T18:00:00.000000",21.2162303924561
"CB","2026-08-10T19:00:00.000000",21.2178630828857
"CB","2026-08-10T20:00:00.000000",21.2206420898438
"CB","2026-08-10T21:00:00.000000",21.2317314147949
"CB","2026-08-10T22:00:00.000000",21.2672786712646
"CB","2026-08-10T23:00:00.000000",21.5261325836182
"CB","2026-08-11T00:00:00.000000",21.6527462005615
"CB","2026-08-11T01:00:00.000000",21.6521434783936
"CB","2026-08-11T02:00:00.000000",21.6451206207275
"CB","2026-08-11T03:00:00.000000",21.6269969940186
"CB","2026-08-11T04:00:00.000000",21.543607711792
"CB","2026-08-11T05:00:00.000000",21.3804607391357
"CB","2026-08-11T06:00:00.000000",21.2687110900879
"CB","2026-08-11T07:00:00.000000",21.2378978729248
"CB","2026-08-11T08:00:00.000000",21.2294807434082
"CB","2026-08-11T09:00:00.000000",21.2279567718506
"CB","2026-08-11T10:00:00.000000",21.2278709411621
"CB","2026-08-11T11:00:00.000000",21.2658557891846
"CB","2026-08-11T12:00:00.000000",21.402494430542
"CB","2026-08-11T13:00:00.000000",21.5231895446777
"CB","2026-08-11T14:00:00.000000",21.5736827850342
"CB","2026-08-11T15:00:00.000000",21.5765514373779
"CB","2026-08-11T16:00:00.000000",21.5488014221191
"CB","2026-08-11T17:00:00.000000",21.489616394043
"CB","2026-08-11T18:00:00.000000",21.3802108764648
"CB","2026-08-11T19:00:00.000000",21.3247509002686
"CB","2026-08-11T20:00:00.000000",21.3147068023682
"CB","2026-08-11T21:00:00.000000",21.3142433166504
"CB","2026-08-11T22:00:00.000000",21.3205013275146
"CB","2026-08-11T23:00:00.000000",21.3873138427734
"CB","2026-08-12T00:00:00.000000",21.563850402832
"CB","2026-08-12T01:00:00.000000",21.67067527771
"CB","2026-08-12T02:00:00.000000",21.72975730896
"CB","2026-08-12T03:00:00.000000",21.7357196807861
"CB","2026-08-12T04:00:00.000000",21.6694469451904
"CB","2026-08-12T05:00:00.000000",21.601879119873
"CB","2026-08-12T06:00:00.000000",21.4919128417969
"CB","2026-08-12T07:00:00.000000",21.4122695922852
"CB","2026-08-12T08:00:00.000000",21.3985786437988
"CB","2026-08-12T09:00:00.000000",21.4007759094238
"CB","2026-08-12T10:00:00.000000",21.4002132415771
"CB","2026-08-12T11:00:00.000000",21.3952674865723
"CB","2026-08-12T12:00:00.000000",21.4255504608154
"CB","2026-08-12T13:00:00.000000",21.499927520752
"CB","2026-08-12T14:00:00.000000",21.6666240692139
"CB","2026-08-12T15:00:00.000000",21.7519378662109
"CB","2026-08-12T16:00:00.000000",21.7471103668213
"CB","2026-08-12T17:00:00.000000",21.6232795715332
"CB","2026-08-12T18:00:00.000000",21.5456237792969
"CB","2026-08-12T19:00:00.000000",21.4723567962646
"CB","2026-08-12T20:00:00.000000",21.4506244659424
"CB","2026-08-12T21:00:00.000000",21.4468593597412
"CB","2026-08-12T22:00:00.000000",21.4465923309326
"CB","2026-08-12T23:00:00.000000",21.4477062225342
"CB","2026-08-13T00:00:00.000000",21.4686279296875
"CB","2026-08-13T01:00:00.000000",21.6542282104492
"CB","2026-08-13T02:00:00.000000",21.783899307251
"CB","2026-08-13T03:00:00.000000",21.7751312255859
"CB","2026-08-13T04:00:00.000000",21.7763366699219
"CB","2026-08-13T05:00:00.000000",21.7449474334717
"CB","2026-08-13T06:00:00.000000",21.6785621643066
"CB","2026-08-13T07:00:00.000000",21.5303688049316
"CB","2026-08-13T08:00:00.000000",21.4847679138184
"CB","2026-08-13T09:00:00.000000",21.4759292602539
"CB","2026-08-13T10:00:00.000000",21.4773464202881
"CB","2026-08-13T11:00:00.000000",21.4753093719482
"CB","2026-08-13T12:00:00.000000",21.4756488800049
"CB","2026-08-13T13:00:00.000000",21.5162696838379
"CB","2026-08-13T14:00:00.000000",21.5949306488037
"CB","2026-08-13T15:00:00.000000",21.6146068572998
"CB","2026-08-13T16:00:00.000000",21.5812492370605
"CB","2026-08-13T17:00:00.000000",21.6168270111084
"CB","2026-08-13T18:00:00.000000",21.6356716156006
"CB","2026-08-13T19:00:00.000000",21.6049728393555
"CB","2026-08-13T20:00:00.000000",21.5517673492432
"CB","2026-08-13T21:00:00.000000",21.5445251464844
"CB","2026-08-13T22:00:00.000000",21.5451583862305
"CB","2026-08-13T23:00:00.000000",21.5484294891357
"CB","2026-08-14T00:00:00.000000",21.5471305847168
"CB","2026-08-14T01:00:00.000000",21.5770721435547
"CB","2026-08-14T02:00:00.000000",21.648946762085
"CB","2026-08-14T03:00:00.000000",21.5743541717529
"CB","2026-08-14T04:00:00.000000",21.4501762390137
"CB","2026-08-14T05:00:00.000000",21.4652500152588
"CB","2026-08-14T06:00:00.000000",21.6165027618408
"CB","2026-08-14T07:00:00.000000",21.6515159606934
"CB","2026-08-14T08:00:00.000000",21.6036987304688
"CB","2026-08-14T09:00:00.000000",21.5824699401855
"CB","2026-08-14T10:00:00.000000",21.5827522277832
"CB","2026-08-14T11:00:00.000000",21.58473777771
"CB","2026-08-14T12:00:00.000000",21.5829601287842
"CB","2026-08-14T13:00:00.000000",21.5922908782959
"CB","2026-08-14T14:00:00.000000",21.6258087158203
"CB","2026-08-14T15:00:00.000000",21.6314163208008
"CB","2026-08-14T16:00:00.000000",21.4922332763672
"CB","2026-08-14T17:00:00.000000",21.4276561737061
"CB","2026-08-14T18:00:00.000000",21.5132579803467
"CB","2026-08-14T19:00:00.000000",21.6464900970459
"CB","2026-08-14T20:00:00.000000",21.6472797393799
"CB","2026-08-14T21:00:00.000000",21.6486797332764
"CB","2026-08-14T22:00:00.000000",21.6452178955078
"CB","2026-08-14T23:00:00.000000",21.6496734619141
"CB","2026-08-15T00:00:00.000000",21.6486396789551
"CI","2026-08-09T00:00:00.000000",21.4959354400635
"CI","2026-08-09T01:00:00.000000",20.9597644805908
"CI","2026-08-09T02:00:00.000000",21.0277137756348
"CI","2026-08-09T03:00:00.000000",21.2054214477539
"CI","2026-08-09T04:00:00.000000",21.2651309967041
"CI","2026-08-09T05:00:00.000000",21.2651309967041
"CI","2026-08-09T06:00:00.000000",21.2651309967041
"CI","2026-08-09T07:00:00.000000",21.2651309967041
"CI","2026-08-09T08:00:00.000000",21.2651309967041
"CI","2026-08-09T09:00:00.000000",21.2651309967041
"CI","2026-08-09T10:00:00.000000",21.2379741668701
"CI","2026-08-09T11:00:00.000000",20.7545356750488
"CI","2026-08-09T12:00:00.000000",20.6370754241943
"CI","2026-08-09T13:00:00.000000",20.6662349700928
"CI","2026-08-09T14:00:00.000000",20.8657855987549
"CI","2026-08-09T15:00:00.000000",21.1168308258057
"CI","2026-08-09T16:00:00.000000",21.2903690338135
"CI","2026-08-09T17:00:00.000000",21.2813053131104
"CI","2026-08-09T18:00:00.000000",21.2813053131104
"CI","2026-08-09T19:00:00.000000",21.2813053131104
"CI","2026-08-09T20:00:00.000000",21.2813053131104
"CI","2026-08-09T21:00:00.000000",21.3781509399414
"CI","2026-08-09T22:00:00.000000",21.2896366119385
"CI","2026-08-09T23:00:00.000000",20.9432334899902
"CI","2026-08-10T00:00:00.000000",20.8974094390869
"CI","2026-08-10T01:00:00.000000",20.6002235412598
"CI","2026-08-10T02:00:00.000000",20.5136699676514
"CI","2026-08-10T03:00:00.000000",20.6126708984375
"CI","2026-08-10T04:00:00.000000",20.9641265869141
"CI","2026-08-10T05:00:00.000000",21.1920375823975
"CI","2026-08-10T06:00:00.000000",21.1920375823975
"CI","2026-08-10T07:00:00.000000",21.1920375823975
"CI","2026-08-10T08:00:00.000000",21.1920375823975
"CI","2026-08-10T09:00:00.000000",21.1920375823975
"CI","2026-08-10T10:00:00.000000",21.1920375823975
"CI","2026-08-10T11:00:00.000000",21.0005989074707
"CI","2026-08-10T12:00:00.000000",21.0111198425293
"CI","2026-08-10T13:00:00.000000",21.1043434143066
"CI","2026-08-10T14:00:00.000000",21.1096706390381
"CI","2026-08-10T15:00:00.000000",21.0907764434814
"CI","2026-08-10T16:00:00.000000",21.0610446929932
"CI","2026-08-10T17:00:00.000000",21.1433982849121
"CI","2026-08-10T18:00:00.000000",21.1500186920166
"CI","2026-08-10T19:00:00.000000",21.1500186920166
"CI","2026-08-10T20:00:00.000000",21.1500186920166
"CI","2026-08-10T21:00:00.000000",21.1500186920166
"CI","2026-08-10T22:00:00.000000",21.2821598052979
"CI","2026-08-10T23:00:00.000000",21.2170810699463
"CI","2026-08-11T00:00:00.000000",21.3365707397461
"CI","2026-08-11T01:00:00.000000",21.4713153839111
"CI","2026-08-11T02:00:00.000000",21.5447082519531
"CI","2026-08-11T03:00:00.000000",21.5914573669434
"CI","2026-08-11T04:00:00.000000",21.5773410797119
"CI","2026-08-11T05:00:00.000000",21.5369529724121
"CI","2026-08-11T06:00:00.000000",21.5350761413574
"CI","2026-08-11T07:00:00.000000",21.5350761413574
"CI","2026-08-11T08:00:00.000000",21.5350761413574
"CI","2026-08-11T09:00:00.000000",21.5350761413574
"CI","2026-08-11T10:00:00.000000",21.5350761413574
"CI","2026-08-11T11:00:00.000000",21.5350761413574
"CI","2026-08-11T12:00:00.000000",21.3728504180908
"CI","2026-08-11T13:00:00.000000",21.6102409362793
"CI","2026-08-11T14:00:00.000000",21.659574508667
"CI","2026-08-11T15:00:00.000000",21.7004318237305
"CI","2026-08-11T16:00:00.000000",21.8456020355225
"CI","2026-08-11T17:00:00.000000",21.7766094207764
"CI","2026-08-11T18:00:00.000000",21.6239242553711
"CI","2026-08-11T19:00:00.000000",21.6043262481689
"CI","2026-08-11T20:00:00.000000",21.6043262481689
"CI","2026-08-11T21:00:00.000000",21.6043262481689
"CI","2026-08-11T22:00:00.000000",21.6043262481689
"CI","2026-08-11T23:00:00.000000",21.6043262481689
"CI","2026-08-12T00:00:00.000000",21.6208896636963
"CI","2026-08-12T01:00:00.000000",21.9013118743896
"CI","2026-08-12T02:00:00.000000",22.1690673828125
"CI","2026-08-12T03:00:00.000000",22.2800045013428
"CI","2026-08-12T04:00:00.000000",22.176700592041
"CI","2026-08-12T05:00:00.000000",22.0450267791748
"CI","2026-08-12T06:00:00.000000",21.7627620697021
"CI","2026-08-12T07:00:00.000000",21.7017269134521
"CI","2026-08-12T08:00:00.000000",21.7017269134521
"CI","2026-08-12T09:00:00.000000",21.7017269134521
"CI","2026-08-12T10:00:00.000000",21.7017269134521
"CI","2026-08-12T11:00:00.000000",21.7017269134521
"CI","2026-08-12T12:00:00.000000",21.7017269134521
"CI","2026-08-12T13:00:00.000000",21.5624504089355
"CI","2026-08-12T14:00:00.000000",22.3571262359619
"CI","2026-08-12T15:00:00.000000",22.4968185424805
"CI","2026-08-12T16:00:00.000000",22.5349140167236
"CI","2026-08-12T17:00:00.000000",22.5323696136475
"CI","2026-08-12T18:00:00.000000",22.3836803436279
"CI","2026-08-12T19:00:00.000000",21.891881942749
"CI","2026-08-12T20:00:00.000000",21.850248336792
"CI","2026-08-12T21:00:00.000000",21.850248336792
"CI","2026-08-12T22:00:00.000000",21.850248336792
"CI","2026-08-12T23:00:00.000000",21.850248336792
"CI","2026-08-13T00:00:00.000000",21.850248336792
"CI","2026-08-13T01:00:00.000000",21.9383392333984
"CI","2026-08-13T02:00:00.000000",22.4763526916504
"CI","2026-08-13T03:00:00.000000",22.5179882049561
"CI","2026-08-13T04:00:00.000000",22.4844341278076
"CI","2026-08-13T05:00:00.000000",22.4874305725098
"CI","2026-08-13T06:00:00.000000",22.4879684448242
"CI","2026-08-13T07:00:00.000000",22.1732711791992
"CI","2026-08-13T08:00:00.000000",21.9803829193115
"CI","2026-08-13T09:00:00.000000",21.9803829193115
"CI","2026-08-13T10:00:00.000000",21.9803829193115
"CI","2026-08-13T11:00:00.000000",21.9803829193115
"CI","2026-08-13T12:00:00.000000",21.9803829193115
"CI","2026-08-13T13:00:00.000000",21.8714599609375
"CI","2026-08-13T14:00:00.000000",21.9939098358154
"CI","2026-08-13T15:00:00.000000",22.5344429016113
"CI","2026-08-13T16:00:00.000000",22.6199417114258
"CI","2026-08-13T17:00:00.000000",22.6055450439453
"CI","2026-08-13T18:00:00.000000",22.6198997497559
"CI","2026-08-13T19:00:00.000000",22.4992218017578
"CI","2026-08-13T20:00:00.000000",22.0939540863037
"CI","2026-08-13T21:00:00.000000",22.0812339782715
"CI","2026-08-13T22:00:00.000000",22.0812339782715
"CI","2026-08-13T23:00:00.000000",22.0812339782715
"CI","2026-08-14T00:00:00.000000",22.0812339782715
"CI","2026-08-14T01:00:00.000000",22.0737915039062
"CI","2026-08-14T02:00:00.000000",22.2258548736572
"CI","2026-08-14T03:00:00.000000",22.6933574676514
"CI","2026-08-14T04:00:00.000000",22.7656364440918
"CI","2026-08-14T05:00:00.000000",22.7381343841553
"CI","2026-08-14T06:00:00.000000",22.7166328430176
"CI","2026-08-14T07:00:00.000000",22.6830673217773
"CI","2026-08-14T08:00:00.000000",22.3238658905029
"CI","2026-08-14T09:00:00.000000",22.1855525970459
"CI","2026-08-14T10:00:00.000000",22.1855525970459
"CI","2026-08-14T11:00:00.000000",22.1855525970459
"CI","2026-08-14T12:00:00.000000",22.1855525970459
"CI","2026-08-14T13:00:00.000000",22.1855525970459
"CI","2026-08-14T14:00:00.000000",22.1089267730713
"CI","2026-08-14T15:00:00.000000",22.5197582244873
"CI","2026-08-14T16:00:00.000000",22.8771877288818
"CI","2026-08-14T17:00:00.000000",22.9242897033691
"CI","2026-08-14T18:00:00.000000",22.9330959320068
"CI","2026-08-14T19:00:00.000000",22.947416305542
"CI","2026-08-14T20:00:00.000000",22.7713756561279
"CI","2026-08-14T21:00:00.000000",22.3662242889404
"CI","2026-08-14T22:00:00.000000",22.3662242889404
"CI","2026-08-14T23:00:00.000000",22.3662242889404
"CI","2026-08-15T00:00:00.000000",22.3662242889404
"DC","2026-08-09T00:00:00.000000",21.9020481109619
"DC","2026-08-09T01:00:00.000000",21.7509441375732
"DC","2026-08-09T02:00:00.000000",21.7810668945312
"DC","2026-08-09T03:00:00.000000",21.7632274627686
"DC","2026-08-09T04:00:00.000000",21.7539463043213
"DC","2026-08-09T05:00:00.000000",21.7539463043213
"DC","2026-08-09T06:00:00.000000",21.7539463043213
"DC","2026-08-09T07:00:00.000000",21.7539463043213
"DC","2026-08-09T08:00:00.000000",21.7539463043213
"DC","2026-08-09T09:00:00.000000",21.7071056365967
"DC","2026-08-09T10:00:00.000000",21.6625556945801
"DC","2026-08-09T11:00:00.000000",21.6402206420898
"DC","2026-08-09T12:00:00.000000",21.6468639373779
"DC","2026-08-09T13:00:00.000000",21.6727046966553
"DC","2026-08-09T14:00:00.000000",21.7056999206543
"DC","2026-08-09T15:00:00.000000",21.7162456512451
"DC","2026-08-09T16:00:00.000000",21.7657852172852
"DC","2026-08-09T17:00:00.000000",21.7657852172852
"DC","2026-08-09T18:00:00.000000",21.7657852172852
"DC","2026-08-09T19:00:00.000000",21.7657852172852
"DC","2026-08-09T20:00:00.000000",21.7657852172852
"DC","2026-08-09T21:00:00.000000",22.0304889678955
"DC","2026-08-09T22:00:00.000000",22.02516746521
"DC","2026-08-09T23:00:00.000000",21.9751472473145
"DC","2026-08-10T00:00:00.000000",21.9305210113525
"DC","2026-08-10T01:00:00.000000",21.4037075042725
"DC","2026-08-10T02:00:00.000000",21.3553028106689
"DC","2026-08-10T03:00:00.000000",21.4550476074219
"DC","2026-08-10T04:00:00.000000",21.4623050689697
"DC","2026-08-10T05:00:00.000000",21.4503440856934
"DC","2026-08-10T06:00:00.000000",21.4503440856934
"DC","2026-08-10T07:00:00.000000",21.4503440856934
"DC","2026-08-10T08:00:00.000000",21.4503440856934
"DC","2026-08-10T09:00:00.000000",21.4503440856934
"DC","2026-08-10T10:00:00.000000",21.424898147583
"DC","2026-08-10T11:00:00.000000",21.2902870178223
"DC","2026-08-10T12:00:00.000000",21.2805156707764
"DC","2026-08-10T13:00:00.000000",21.2998046875
"DC","2026-08-10T14:00:00.000000",21.3372592926025
"DC","2026-08-10T15:00:00.000000",21.3648242950439
"DC","2026-08-10T16:00:00.000000",21.3646450042725
"DC","2026-08-10T17:00:00.000000",21.43918800354
"DC","2026-08-10T18:00:00.000000",21.43918800354
"DC","2026-08-10T19:00:00.000000",21.43918800354
"DC","2026-08-10T20:00:00.000000",21.43918800354
"DC","2026-08-10T21:00:00.000000",21.43918800354
"DC","2026-08-10T22:00:00.000000",21.6697196960449
"DC","2026-08-10T23:00:00.000000",21.6087951660156
"DC","2026-08-11T00:00:00.000000",21.4907875061035
"DC","2026-08-11T01:00:00.000000",21.4442043304443
"DC","2026-08-11T02:00:00.000000",21.4047183990479
"DC","2026-08-11T03:00:00.000000",21.4355926513672
"DC","2026-08-11T04:00:00.000000",21.5011005401611
"DC","2026-08-11T05:00:00.000000",21.517463684082
"DC","2026-08-11T06:00:00.000000",21.5338172912598
"DC","2026-08-11T07:00:00.000000",21.5338172912598
"DC","2026-08-11T08:00:00.000000",21.5338172912598
"DC","2026-08-11T09:00:00.000000",21.5338172912598
"DC","2026-08-11T10:00:00.000000",21.5338172912598
"DC","2026-08-11T11:00:00.000000",21.4897003173828
"DC","2026-08-11T12:00:00.000000",21.4550266265869
"DC","2026-08-11T13:00:00.000000",21.4863033294678
"DC","2026-08-11T14:00:00.000000",21.5457344055176
"DC","2026-08-11T15:00:00.000000",21.5995349884033
"DC","2026-08-11T16:00:00.000000",21.5778160095215
"DC","2026-08-11T17:00:00.000000",21.539701461792
"DC","2026-08-11T18:00:00.000000",21.5842952728271
"DC","2026-08-11T19:00:00.000000",21.5955905914307
"DC","2026-08-11T20:00:00.000000",21.5955905914307
"DC","2026-08-11T21:00:00.000000",21.5955905914307
"DC","2026-08-11T22:00:00.000000",21.5955905914307
"DC","2026-08-11T23:00:00.000000",21.7908248901367
"DC","2026-08-12T00:00:00.000000",21.8501892089844
"DC","2026-08-12T01:00:00.000000",21.849479675293
"DC","2026-08-12T02:00:00.000000",21.8650550842285
"DC","2026-08-12T03:00:00.000000",21.8794002532959
"DC","2026-08-12T04:00:00.000000",21.8579807281494
"DC","2026-08-12T05:00:00.000000",21.8286647796631
"DC","2026-08-12T06:00:00.000000",21.8499698638916
"DC","2026-08-12T07:00:00.000000",21.8577709197998
"DC","2026-08-12T08:00:00.000000",21.8577709197998
"DC","2026-08-12T09:00:00.000000",21.8577709197998
"DC","2026-08-12T10:00:00.000000",21.8577709197998
"DC","2026-08-12T11:00:00.000000",21.8577709197998
"DC","2026-08-12T12:00:00.000000",21.8610191345215
"DC","2026-08-12T13:00:00.000000",21.8663005828857
"DC","2026-08-12T14:00:00.000000",21.8653564453125
"DC","2026-08-12T15:00:00.000000",21.8752460479736
"DC","2026-08-12T16:00:00.000000",21.8907909393311
"DC","2026-08-12T17:00:00.000000",21.9126243591309
"DC","2026-08-12T18:00:00.000000",21.914192199707
"DC","2026-08-12T19:00:00.000000",21.9454689025879
"DC","2026-08-12T20:00:00.000000",21.9454689025879
"DC","2026-08-12T21:00:00.000000",21.9454689025879
"DC","2026-08-12T22:00:00.000000",21.9454689025879
"DC","2026-08-12T23:00:00.000000",21.9454689025879
"DC","2026-08-13T00:00:00.000000",21.9182224273682
"DC","2026-08-13T01:00:00.000000",21.6896495819092
"DC","2026-08-13T02:00:00.000000",21.5044231414795
"DC","2026-08-13T03:00:00.000000",21.3975658416748
"DC","2026-08-13T04:00:00.000000",21.4170074462891
"DC","2026-08-13T05:00:00.000000",21.5910129547119
"DC","2026-08-13T06:00:00.000000",21.7405986785889
"DC","2026-08-13T07:00:00.000000",21.7846794128418
"DC","2026-08-13T08:00:00.000000",21.7865886688232
"DC","2026-08-13T09:00:00.000000",21.7865886688232
"DC","2026-08-13T10:00:00.000000",21.7865886688232
"DC","2026-08-13T11:00:00.000000",21.7865886688232
"DC","2026-08-13T12:00:00.000000",21.7865886688232
"DC","2026-08-13T13:00:00.000000",21.5512466430664
"DC","2026-08-13T14:00:00.000000",21.3811454772949
"DC","2026-08-13T15:00:00.000000",21.3004360198975
"DC","2026-08-13T16:00:00.000000",21.2683849334717
"DC","2026-08-13T17:00:00.000000",21.3701934814453
"DC","2026-08-13T18:00:00.000000",21.534215927124
"DC","2026-08-13T19:00:00.000000",21.6308059692383
"DC","2026-08-13T20:00:00.000000",21.6464786529541
"DC","2026-08-13T21:00:00.000000",21.6464786529541
"DC","2026-08-13T22:00:00.000000",21.6464786529541
"DC","2026-08-13T23:00:00.000000",21.6464786529541
"DC","2026-08-14T00:00:00.000000",21.6464786529541
"DC","2026-08-14T01:00:00.000000",21.518159866333
"DC","2026-08-14T02:00:00.000000",21.2849292755127
"DC","2026-08-14T03:00:00.000000",21.1204090118408
"DC","2026-08-14T04:00:00.000000",21.0274238586426
"DC","2026-08-14T05:00:00.000000",21.0723972320557
"DC","2026-08-14T06:00:00.000000",21.2483825683594
"DC","2026-08-14T07:00:00.000000",21.5048809051514
"DC","2026-08-14T08:00:00.000000",21.6268749237061
"DC","2026-08-14T09:00:00.000000",21.6280860900879
"DC","2026-08-14T10:00:00.000000",21.6280860900879
"DC","2026-08-14T11:00:00.000000",21.6280860900879
"DC","2026-08-14T12:00:00.000000",21.6280860900879
"DC","2026-08-14T13:00:00.000000",21.6280860900879
"DC","2026-08-14T14:00:00.000000",21.2804546356201
"DC","2026-08-14T15:00:00.000000",21.1169109344482
"DC","2026-08-14T16:00:00.000000",21.011510848999
"DC","2026-08-14T17:00:00.000000",20.9762592315674
"DC","2026-08-14T18:00:00.000000",21.1028423309326
"DC","2026-08-14T19:00:00.000000",21.3172245025635
"DC","2026-08-14T20:00:00.000000",21.5388107299805
"DC","2026-08-14T21:00:00.000000",21.6090240478516
"DC","2026-08-14T22:00:00.000000",21.6090240478516
"DC","2026-08-14T23:00:00.000000",21.6090240478516
"DC","2026-08-15T00:00:00.000000",21.6090240478516
"LH","2026-08-09T00:00:00.000000",20.8399887084961
"LH","2026-08-09T01:00:00.000000",20.6582660675049
"LH","2026-08-09T02:00:00.000000",20.4945049285889
"LH","2026-08-09T03:00:00.000000",20.5882663726807
"LH","2026-08-09T04:00:00.000000",20.7147693634033
"LH","2026-08-09T05:00:00.000000",20.7339878082275
"LH","2026-08-09T06:00:00.000000",20.7110424041748
"LH","2026-08-09T07:00:00.000000",20.7110424041748
"LH","2026-08-09T08:00:00.000000",20.7110424041748
"LH","2026-08-09T09:00:00.000000",20.5944004058838
"LH","2026-08-09T10:00:00.000000",20.4980087280273
"LH","2026-08-09T11:00:00.000000",20.4828052520752
"LH","2026-08-09T12:00:00.000000",20.4779872894287
"LH","2026-08-09T13:00:00.000000",20.5058078765869
"LH","2026-08-09T14:00:00.000000",20.5114288330078
"LH","2026-08-09T15:00:00.000000",20.5309772491455
"LH","2026-08-09T16:00:00.000000",20.5116348266602
"LH","2026-08-09T17:00:00.000000",20.5291614532471
"LH","2026-08-09T18:00:00.000000",20.5527572631836
"LH","2026-08-09T19:00:00.000000",20.5527572631836
"LH","2026-08-09T20:00:00.000000",20.5527572631836
"LH","2026-08-09T21:00:00.000000",20.677942276001
"LH","2026-08-09T22:00:00.000000",20.7186794281006
"LH","2026-08-09T23:00:00.000000",20.7610645294189
"LH","2026-08-10T00:00:00.000000",20.7758121490479
"LH","2026-08-10T01:00:00.000000",21.1182594299316
"LH","2026-08-10T02:00:00.000000",21.2798385620117
"LH","2026-08-10T03:00:00.000000",21.2439041137695
"LH","2026-08-10T04:00:00.000000",21.3814754486084
"LH","2026-08-10T05:00:00.000000",21.5240592956543
"LH","2026-08-10T06:00:00.000000",21.617977142334
"LH","2026-08-10T07:00:00.000000",21.6183834075928
"LH","2026-08-10T08:00:00.000000",21.6183834075928
"LH","2026-08-10T09:00:00.000000",21.6183834075928
"LH","2026-08-10T10:00:00.000000",21.6183834075928
"LH","2026-08-10T11:00:00.000000",21.1927108764648
"LH","2026-08-10T12:00:00.000000",21.1004619598389
"LH","2026-08-10T13:00:00.000000",21.0645694732666
"LH","2026-08-10T14:00:00.000000",21.073766708374
"LH","2026-08-10T15:00:00.000000",21.1543426513672
"LH","2026-08-10T16:00:00.000000",21.1936073303223
"LH","2026-08-10T17:00:00.000000",21.2137603759766
"LH","2026-08-10T18:00:00.000000",21.2694301605225
"LH","2026-08-10T19:00:00.000000",21.3025074005127
"LH","2026-08-10T20:00:00.000000",21.3025074005127
"LH","2026-08-10T21:00:00.000000",21.3025074005127
"LH","2026-08-10T22:00:00.000000",21.3998394012451
"LH","2026-08-10T23:00:00.000000",21.4516086578369
"LH","2026-08-11T00:00:00.000000",21.5158805847168
"LH","2026-08-11T01:00:00.000000",20.9068737030029
"LH","2026-08-11T02:00:00.000000",20.5197505950928
"LH","2026-08-11T03:00:00.000000",20.4399242401123
"LH","2026-08-11T04:00:00.000000",20.4138050079346
"LH","2026-08-11T05:00:00.000000",20.4004993438721
"LH","2026-08-11T06:00:00.000000",20.4403228759766
"LH","2026-08-11T07:00:00.000000",20.4710788726807
"LH","2026-08-11T08:00:00.000000",20.4737911224365
"LH","2026-08-11T09:00:00.000000",20.4737911224365
"LH","2026-08-11T10:00:00.000000",20.4737911224365
"LH","2026-08-11T11:00:00.000000",20.4737911224365
"LH","2026-08-11T12:00:00.000000",20.4567642211914
"LH","2026-08-11T13:00:00.000000",20.5466938018799
"LH","2026-08-11T14:00:00.000000",20.567310333252
"LH","2026-08-11T15:00:00.000000",20.5703659057617
"LH","2026-08-11T16:00:00.000000",20.5448780059814
"LH","2026-08-11T17:00:00.000000",20.4352855682373
"LH","2026-08-11T18:00:00.000000",20.4200801849365
"LH","2026-08-11T19:00:00.000000",20.4129123687744
"LH","2026-08-11T20:00:00.000000",20.4533672332764
"LH","2026-08-11T21:00:00.000000",20.4533672332764
"LH","2026-08-11T22:00:00.000000",20.4533672332764
"LH","2026-08-11T23:00:00.000000",20.5282325744629
"LH","2026-08-12T00:00:00.000000",20.6587581634521
"LH","2026-08-12T01:00:00.000000",20.6769065856934
"LH","2026-08-12T02:00:00.000000",20.6480941772461
"LH","2026-08-12T03:00:00.000000",20.6589813232422
"LH","2026-08-12T04:00:00.000000",20.6909618377686
"LH","2026-08-12T05:00:00.000000",20.6314640045166
"LH","2026-08-12T06:00:00.000000",20.6386775970459
"LH","2026-08-12T07:00:00.000000",20.6112861633301
"LH","2026-08-12T08:00:00.000000",20.6370067596436
"LH","2026-08-12T09:00:00.000000",20.6430034637451
"LH","2026-08-12T10:00:00.000000",20.6430034637451
"LH","2026-08-12T11:00:00.000000",20.6430034637451
"LH","2026-08-12T12:00:00.000000",20.6427421569824
"LH","2026-08-12T13:00:00.000000",20.5656242370605
"LH","2026-08-12T14:00:00.000000",20.5298233032227
"LH","2026-08-12T15:00:00.000000",20.5379371643066
"LH","2026-08-12T16:00:00.000000",20.5393104553223
"LH","2026-08-12T17:00:00.000000",20.5506134033203
"LH","2026-08-12T18:00:00.000000",20.5501136779785
"LH","2026-08-12T19:00:00.000000",20.5370769500732
"LH","2026-08-12T20:00:00.000000",20.5890922546387
"LH","2026-08-12T21:00:00.000000",20.6172485351562
"LH","2026-08-12T22:00:00.000000",20.6172485351562
"LH","2026-08-12T23:00:00.000000",20.6172485351562
"LH","2026-08-13T00:00:00.000000",20.6332607269287
"LH","2026-08-13T01:00:00.000000",20.6284484863281
"LH","2026-08-13T02:00:00.000000",20.7027282714844
"LH","2026-08-13T03:00:00.000000",20.7219505310059
"LH","2026-08-13T04:00:00.000000",20.7104949951172
"LH","2026-08-13T05:00:00.000000",20.6958408355713
"LH","2026-08-13T06:00:00.000000",20.6287002563477
"LH","2026-08-13T07:00:00.000000",20.6228485107422
"LH","2026-08-13T08:00:00.000000",20.6251983642578
"LH","2026-08-13T09:00:00.000000",20.6398601531982
"LH","2026-08-13T10:00:00.000000",20.6410789489746
"LH","2026-08-13T11:00:00.000000",20.6410789489746
"LH","2026-08-13T12:00:00.000000",20.6410789489746
"LH","2026-08-13T13:00:00.000000",20.640251159668
"LH","2026-08-13T14:00:00.000000",20.7010326385498
"LH","2026-08-13T15:00:00.000000",20.7153797149658
"LH","2026-08-13T16:00:00.000000",20.7187328338623
"LH","2026-08-13T17:00:00.000000",20.7108097076416
"LH","2026-08-13T18:00:00.000000",20.6930465698242
"LH","2026-08-13T19:00:00.000000",20.6428833007812
"LH","2026-08-13T20:00:00.000000",20.6248836517334
"LH","2026-08-13T21:00:00.000000",20.6453075408936
"LH","2026-08-13T22:00:00.000000",20.6610336303711
"LH","2026-08-13T23:00:00.000000",20.6610336303711
"LH","2026-08-14T00:00:00.000000",20.6610336303711
"LH","2026-08-14T01:00:00.000000",20.7460994720459
"LH","2026-08-14T02:00:00.000000",20.7855224609375
"LH","2026-08-14T03:00:00.000000",20.785551071167
"LH","2026-08-14T04:00:00.000000",20.8014736175537
"LH","2026-08-14T05:00:00.000000",20.8067302703857
"LH","2026-08-14T06:00:00.000000",20.8002433776855
"LH","2026-08-14T07:00:00.000000",20.7467365264893
"LH","2026-08-14T08:00:00.000000",20.7219562530518
"LH","2026-08-14T09:00:00.000000",20.7180156707764
"LH","2026-08-14T10:00:00.000000",20.728006362915
"LH","2026-08-14T11:00:00.000000",20.727912902832
"LH","2026-08-14T12:00:00.000000",20.727912902832
"LH","2026-08-14T13:00:00.000000",20.727912902832
"LH","2026-08-14T14:00:00.000000",20.7737503051758
"LH","2026-08-14T15:00:00.000000",20.797534942627
"LH","2026-08-14T16:00:00.000000",20.7972068786621
"LH","2026-08-14T17:00:00.000000",20.8032073974609
"LH","2026-08-14T18:00:00.000000",20.8019828796387
"LH","2026-08-14T19:00:00.000000",20.7911319732666
"LH","2026-08-14T20:00:00.000000",20.7635326385498
"LH","2026-08-14T21:00:00.000000",20.7558269500732
"LH","2026-08-14T22:00:00.000000",20.7581119537354
"LH","2026-08-14T23:00:00.000000",20.7668514251709
"LH","2026-08-15T00:00:00.000000",20.7668514251709
"NB","2026-08-09T00:00:00.000000",21.524543762207
"NB","2026-08-09T01:00:00.000000",21.0518093109131
"NB","2026-08-09T02:00:00.000000",20.981861114502
"NB","2026-08-09T03:00:00.000000",20.9851341247559
"NB","2026-08-09T04:00:00.000000",20.9990787506104
"NB","2026-08-09T05:00:00.000000",21.0334320068359
"NB","2026-08-09T06:00:00.000000",21.0334320068359
"NB","2026-08-09T07:00:00.000000",21.0334320068359
"NB","2026-08-09T08:00:00.000000",20.9813690185547
"NB","2026-08-09T09:00:00.000000",20.9763889312744
"NB","2026-08-09T10:00:00.000000",20.977222442627
"NB","2026-08-09T11:00:00.000000",20.9778861999512
"NB","2026-08-09T12:00:00.000000",20.9808216094971
"NB","2026-08-09T13:00:00.000000",20.9846019744873
"NB","2026-08-09T14:00:00.000000",20.9931735992432
"NB","2026-08-09T15:00:00.000000",21.0182800292969
"NB","2026-08-09T16:00:00.000000",21.0506801605225
"NB","2026-08-09T17:00:00.000000",21.1072025299072
"NB","2026-08-09T18:00:00.000000",21.1511363983154
"NB","2026-08-09T19:00:00.000000",21.1511363983154
"NB","2026-08-09T20:00:00.000000",21.3116436004639
"NB","2026-08-09T21:00:00.000000",21.3479690551758
"NB","2026-08-09T22:00:00.000000",21.3785552978516
"NB","2026-08-09T23:00:00.000000",21.3835868835449
"NB","2026-08-10T00:00:00.000000",21.3820552825928
"NB","2026-08-10T01:00:00.000000",20.9809284210205
"NB","2026-08-10T02:00:00.000000",20.9236125946045
"NB","2026-08-10T03:00:00.000000",20.9581813812256
"NB","2026-08-10T04:00:00.000000",20.959545135498
"NB","2026-08-10T05:00:00.000000",20.9668941497803
"NB","2026-08-10T06:00:00.000000",20.9669303894043
"NB","2026-08-10T07:00:00.000000",20.9669303894043
"NB","2026-08-10T08:00:00.000000",20.9669303894043
"NB","2026-08-10T09:00:00.000000",20.9040699005127
"NB","2026-08-10T10:00:00.000000",20.8777942657471
"NB","2026-08-10T11:00:00.000000",20.8572387695312
"NB","2026-08-10T12:00:00.000000",20.8484115600586
"NB","2026-08-10T13:00:00.000000",20.8494358062744
"NB","2026-08-10T14:00:00.000000",20.8510761260986
"NB","2026-08-10T15:00:00.000000",20.8593845367432
"NB","2026-08-10T16:00:00.000000",20.8740177154541
"NB","2026-08-10T17:00:00.000000",20.9201889038086
"NB","2026-08-10T18:00:00.000000",20.9873313903809
"NB","2026-08-10T19:00:00.000000",21.0360469818115
"NB","2026-08-10T20:00:00.000000",21.0360469818115
"NB","2026-08-10T21:00:00.000000",21.1555690765381
"NB","2026-08-10T22:00:00.000000",21.1700572967529
"NB","2026-08-10T23:00:00.000000",21.1658458709717
"NB","2026-08-11T00:00:00.000000",21.157735824585
"NB","2026-08-11T01:00:00.000000",21.1844539642334
"NB","2026-08-11T02:00:00.000000",21.1994247436523
"NB","2026-08-11T03:00:00.000000",21.2168941497803
"NB","2026-08-11T04:00:00.000000",21.2248611450195
"NB","2026-08-11T05:00:00.000000",21.2438011169434
"NB","2026-08-11T06:00:00.000000",21.2538280487061
"NB","2026-08-11T07:00:00.000000",21.2953338623047
"NB","2026-08-11T08:00:00.000000",21.2953338623047
"NB","2026-08-11T09:00:00.000000",21.2953338623047
"NB","2026-08-11T10:00:00.000000",21.2356052398682
"NB","2026-08-11T11:00:00.000000",21.228401184082
"NB","2026-08-11T12:00:00.000000",21.2229652404785
"NB","2026-08-11T13:00:00.000000",21.2299766540527
"NB","2026-08-11T14:00:00.000000",21.2395286560059
"NB","2026-08-11T15:00:00.000000",21.2556171417236
"NB","2026-08-11T16:00:00.000000",21.2761974334717
"NB","2026-08-11T17:00:00.000000",21.2921752929688
"NB","2026-08-11T18:00:00.000000",21.3155498504639
"NB","2026-08-11T19:00:00.000000",21.3546257019043
"NB","2026-08-11T20:00:00.000000",21.3636589050293
"NB","2026-08-11T21:00:00.000000",21.3636589050293
"NB","2026-08-11T22:00:00.000000",21.5089454650879
"NB","2026-08-11T23:00:00.000000",21.5641098022461
"NB","2026-08-12T00:00:00.000000",21.5990009307861
"NB","2026-08-12T01:00:00.000000",21.5877914428711
"NB","2026-08-12T02:00:00.000000",21.58180809021
"NB","2026-08-12T03:00:00.000000",21.5874061584473
"NB","2026-08-12T04:00:00.000000",21.5911235809326
"NB","2026-08-12T05:00:00.000000",21.5911235809326
"NB","2026-08-12T06:00:00.000000",21.5911235809326
"NB","2026-08-12T07:00:00.000000",21.5911235809326
"NB","2026-08-12T08:00:00.000000",21.5911235809326
"NB","2026-08-12T09:00:00.000000",21.5911235809326
"NB","2026-08-12T10:00:00.000000",21.5911235809326
"NB","2026-08-12T11:00:00.000000",21.5587139129639
"NB","2026-08-12T12:00:00.000000",21.5361385345459
"NB","2026-08-12T13:00:00.000000",21.5304870605469
"NB","2026-08-12T14:00:00.000000",21.537260055542
"NB","2026-08-12T15:00:00.000000",21.5494441986084
"NB","2026-08-12T16:00:00.000000",21.5655574798584
"NB","2026-08-12T17:00:00.000000",21.5869998931885
"NB","2026-08-12T18:00:00.000000",21.6158447265625
"NB","2026-08-12T19:00:00.000000",21.678201675415
"NB","2026-08-12T20:00:00.000000",21.6872253417969
"NB","2026-08-12T21:00:00.000000",21.6872081756592
"NB","2026-08-12T22:00:00.000000",21.6872081756592
"NB","2026-08-12T23:00:00.000000",21.6871891021729
"NB","2026-08-13T00:00:00.000000",21.6754550933838
"NB","2026-08-13T01:00:00.000000",21.669189453125
"NB","2026-08-13T02:00:00.000000",21.6611919403076
"NB","2026-08-13T03:00:00.000000",21.654598236084
"NB","2026-08-13T04:00:00.000000",21.6559581756592
"NB","2026-08-13T05:00:00.000000",21.6708717346191
"NB","2026-08-13T06:00:00.000000",21.6708965301514
"NB","2026-08-13T07:00:00.000000",21.6708965301514
"NB","2026-08-13T08:00:00.000000",21.6708965301514
"NB","2026-08-13T09:00:00.000000",21.6708965301514
"NB","2026-08-13T10:00:00.000000",21.6708965301514
"NB","2026-08-13T11:00:00.000000",21.6708965301514
"NB","2026-08-13T12:00:00.000000",21.6468734741211
"NB","2026-08-13T13:00:00.000000",21.6411018371582
"NB","2026-08-13T14:00:00.000000",21.6333122253418
"NB","2026-08-13T15:00:00.000000",21.633321762085
"NB","2026-08-13T16:00:00.000000",21.6384868621826
"NB","2026-08-13T17:00:00.000000",21.6384868621826
"NB","2026-08-13T18:00:00.000000",21.6391429901123
"NB","2026-08-13T19:00:00.000000",21.6641464233398
"NB","2026-08-13T20:00:00.000000",21.7233791351318
"NB","2026-08-13T21:00:00.000000",21.7620906829834
"NB","2026-08-13T22:00:00.000000",21.7620906829834
"NB","2026-08-13T23:00:00.000000",21.7620906829834
"NB","2026-08-14T00:00:00.000000",21.7819652557373
"NB","2026-08-14T01:00:00.000000",21.7819652557373
"NB","2026-08-14T02:00:00.000000",21.7819633483887
"NB","2026-08-14T03:00:00.000000",21.7819557189941
"NB","2026-08-14T04:00:00.000000",21.7819576263428
"NB","2026-08-14T05:00:00.000000",21.7819652557373
"NB","2026-08-14T06:00:00.000000",21.786657333374
"NB","2026-08-14T07:00:00.000000",21.7962017059326
"NB","2026-08-14T08:00:00.000000",21.8026123046875
"NB","2026-08-14T09:00:00.000000",21.8026123046875
"NB","2026-08-14T10:00:00.000000",21.8026123046875
"NB","2026-08-14T11:00:00.000000",21.8026123046875
"NB","2026-08-14T12:00:00.000000",21.8026123046875
"NB","2026-08-14T13:00:00.000000",21.8001403808594
"NB","2026-08-14T14:00:00.000000",21.8010082244873
"NB","2026-08-14T15:00:00.000000",21.8010120391846
"NB","2026-08-14T16:00:00.000000",21.8010158538818
"NB","2026-08-14T17:00:00.000000",21.8021907806396
"NB","2026-08-14T18:00:00.000000",21.8088340759277
"NB","2026-08-14T19:00:00.000000",21.8257694244385
"NB","2026-08-14T20:00:00.000000",21.8492393493652
"NB","2026-08-14T21:00:00.000000",21.857837677002
"NB","2026-08-14T22:00:00.000000",21.857837677002
"NB","2026-08-14T23:00:00.000000",21.857837677002
"NB","2026-08-15T00:00:00.000000",21.857837677002
"PC","2026-08-09T00:00:00.000000",21.892484664917
"PC","2026-08-09T01:00:00.000000",21.223482131958
"PC","2026-08-09T02:00:00.000000",21.1384887695312
"PC","2026-08-09T03:00:00.000000",21.0747966766357
"PC","2026-08-09T04:00:00.000000",21.0817279815674
"PC","2026-08-09T05:00:00.000000",21.0973968505859
"PC","2026-08-09T06:00:00.000000",21.1006774902344
"PC","2026-08-09T07:00:00.000000",21.1014957427979
"PC","2026-08-09T08:00:00.000000",21.1015892028809
"PC","2026-08-09T09:00:00.000000",21.1012554168701
"PC","2026-08-09T10:00:00.000000",21.1016902923584
"PC","2026-08-09T11:00:00.000000",21.144552230835
"PC","2026-08-09T12:00:00.000000",20.9424057006836
"PC","2026-08-09T13:00:00.000000",20.9044094085693
"PC","2026-08-09T14:00:00.000000",20.9323253631592
"PC","2026-08-09T15:00:00.000000",21.0447444915771
"PC","2026-08-09T16:00:00.000000",21.0774307250977
"PC","2026-08-09T17:00:00.000000",21.0982780456543
"PC","2026-08-09T18:00:00.000000",21.1006774902344
"PC","2026-08-09T19:00:00.000000",21.1015300750732
"PC","2026-08-09T20:00:00.000000",21.1013145446777
"PC","2026-08-09T21:00:00.000000",21.1008911132812
"PC","2026-08-09T22:00:00.000000",21.1034622192383
"PC","2026-08-09T23:00:00.000000",21.1305484771729
"PC","2026-08-10T00:00:00.000000",21.0567016601562
"PC","2026-08-10T01:00:00.000000",20.8829326629639
"PC","2026-08-10T02:00:00.000000",20.8576107025146
"PC","2026-08-10T03:00:00.000000",20.9667453765869
"PC","2026-08-10T04:00:00.000000",21.0458889007568
"PC","2026-08-10T05:00:00.000000",21.1000728607178
"PC","2026-08-10T06:00:00.000000",21.1244659423828
"PC","2026-08-10T07:00:00.000000",21.1259765625
"PC","2026-08-10T08:00:00.000000",21.1267242431641
"PC","2026-08-10T09:00:00.000000",21.1271991729736
"PC","2026-08-10T10:00:00.000000",21.127685546875
"PC","2026-08-10T11:00:00.000000",21.1281147003174
"PC","2026-08-10T12:00:00.000000",21.2081279754639
"PC","2026-08-10T13:00:00.000000",21.0578269958496
"PC","2026-08-10T14:00:00.000000",21.0533390045166
"PC","2026-08-10T15:00:00.000000",21.0426921844482
"PC","2026-08-10T16:00:00.000000",21.1028366088867
"PC","2026-08-10T17:00:00.000000",21.1583518981934
"PC","2026-08-10T18:00:00.000000",21.1916408538818
"PC","2026-08-10T19:00:00.000000",21.196533203125
"PC","2026-08-10T20:00:00.000000",21.1968402862549
"PC","2026-08-10T21:00:00.000000",21.1969604492188
"PC","2026-08-10T22:00:00.000000",21.197172164917
"PC","2026-08-10T23:00:00.000000",21.1979694366455
"PC","2026-08-11T00:00:00.000000",21.3147792816162
"PC","2026-08-11T01:00:00.000000",21.2178745269775
"PC","2026-08-11T02:00:00.000000",21.1842250823975
"PC","2026-08-11T03:00:00.000000",21.1707305908203
"PC","2026-08-11T04:00:00.000000",21.1693725585938
"PC","2026-08-11T05:00:00.000000",21.1436901092529
"PC","2026-08-11T06:00:00.000000",21.1329154968262
"PC","2026-08-11T07:00:00.000000",21.1347332000732
"PC","2026-08-11T08:00:00.000000",21.1352195739746
"PC","2026-08-11T09:00:00.000000",21.1357574462891
"PC","2026-08-11T10:00:00.000000",21.1356773376465
"PC","2026-08-11T11:00:00.000000",21.1354179382324
"PC","2026-08-11T12:00:00.000000",21.1354656219482
"PC","2026-08-11T13:00:00.000000",21.1559276580811
"PC","2026-08-11T14:00:00.000000",21.1964378356934
"PC","2026-08-11T15:00:00.000000",21.2622528076172
"PC","2026-08-11T16:00:00.000000",21.2592239379883
"PC","2026-08-11T17:00:00.000000",21.1636581420898
"PC","2026-08-11T18:00:00.000000",21.1340579986572
"PC","2026-08-11T19:00:00.000000",21.140926361084
"PC","2026-08-11T20:00:00.000000",21.1420345306396
"PC","2026-08-11T21:00:00.000000",21.1428813934326
"PC","2026-08-11T22:00:00.000000",21.142972946167
"PC","2026-08-11T23:00:00.000000",21.1427040100098
"PC","2026-08-12T00:00:00.000000",21.1561431884766
"PC","2026-08-12T01:00:00.000000",21.2826595306396
"PC","2026-08-12T02:00:00.000000",21.59157371521
"PC","2026-08-12T03:00:00.000000",21.6955413818359
"PC","2026-08-12T04:00:00.000000",21.7017345428467
"PC","2026-08-12T05:00:00.000000",21.6483993530273
"PC","2026-08-12T06:00:00.000000",21.3542098999023
"PC","2026-08-12T07:00:00.000000",21.3243961334229
"PC","2026-08-12T08:00:00.000000",21.3156929016113
"PC","2026-08-12T09:00:00.000000",21.314359664917
"PC","2026-08-12T10:00:00.000000",21.3149318695068
"PC","2026-08-12T11:00:00.000000",21.3150978088379
"PC","2026-08-12T12:00:00.000000",21.3150939941406
"PC","2026-08-12T13:00:00.000000",21.3152618408203
"PC","2026-08-12T14:00:00.000000",21.4412460327148
"PC","2026-08-12T15:00:00.000000",21.7933101654053
"PC","2026-08-12T16:00:00.000000",21.8878765106201
"PC","2026-08-12T17:00:00.000000",21.8865394592285
"PC","2026-08-12T18:00:00.000000",21.6358375549316
"PC","2026-08-12T19:00:00.000000",21.5097198486328
"PC","2026-08-12T20:00:00.000000",21.4925804138184
"PC","2026-08-12T21:00:00.000000",21.4868755340576
"PC","2026-08-12T22:00:00.000000",21.4868793487549
"PC","2026-08-12T23:00:00.000000",21.4868755340576
"PC","2026-08-13T00:00:00.000000",21.4868755340576
"PC","2026-08-13T01:00:00.000000",21.5107116699219
"PC","2026-08-13T02:00:00.000000",21.6586570739746
"PC","2026-08-13T03:00:00.000000",22.0749225616455
"PC","2026-08-13T04:00:00.000000",22.2015991210938
"PC","2026-08-13T05:00:00.000000",22.2038116455078
"PC","2026-08-13T06:00:00.000000",22.1289081573486
"PC","2026-08-13T07:00:00.000000",21.7364025115967
"PC","2026-08-13T08:00:00.000000",21.7194652557373
"PC","2026-08-13T09:00:00.000000",21.7067775726318
"PC","2026-08-13T10:00:00.000000",21.7039623260498
"PC","2026-08-13T11:00:00.000000",21.7038879394531
"PC","2026-08-13T12:00:00.000000",21.7038841247559
"PC","2026-08-13T13:00:00.000000",21.7038879394531
"PC","2026-08-13T14:00:00.000000",21.7215938568115
"PC","2026-08-13T15:00:00.000000",21.8174724578857
"PC","2026-08-13T16:00:00.000000",22.1764678955078
"PC","2026-08-13T17:00:00.000000",22.2235107421875
"PC","2026-08-13T18:00:00.000000",22.2035350799561
"PC","2026-08-13T19:00:00.000000",21.9426898956299
"PC","2026-08-13T20:00:00.000000",21.8509349822998
"PC","2026-08-13T21:00:00.000000",21.8359909057617
"PC","2026-08-13T22:00:00.000000",21.8292369842529
"PC","2026-08-13T23:00:00.000000",21.8292064666748
"PC","2026-08-14T00:00:00.000000",21.8292064666748
"PC","2026-08-14T01:00:00.000000",21.8291625976562
"PC","2026-08-14T02:00:00.000000",21.8484859466553
"PC","2026-08-14T03:00:00.000000",21.9589176177979
"PC","2026-08-14T04:00:00.000000",22.3197269439697
"PC","2026-08-14T05:00:00.000000",22.3965244293213
"PC","2026-08-14T06:00:00.000000",22.3888072967529
"PC","2026-08-14T07:00:00.000000",22.2923393249512
"PC","2026-08-14T08:00:00.000000",22.0031547546387
"PC","2026-08-14T09:00:00.000000",21.9946746826172
"PC","2026-08-14T10:00:00.000000",21.9840316772461
"PC","2026-08-14T11:00:00.000000",21.9830150604248
"PC","2026-08-14T12:00:00.000000",21.9829540252686
"PC","2026-08-14T13:00:00.000000",21.9829387664795
"PC","2026-08-14T14:00:00.000000",21.9829387664795
"PC","2026-08-14T15:00:00.000000",22.0129375457764
"PC","2026-08-14T16:00:00.000000",22.1697311401367
"PC","2026-08-14T17:00:00.000000",22.5107479095459
"PC","2026-08-14T18:00:00.000000",22.5395679473877
"PC","2026-08-14T19:00:00.000000",22.5142555236816
"PC","2026-08-14T20:00:00.000000",22.1968898773193
"PC","2026-08-14T21:00:00.000000",22.1526851654053
"PC","2026-08-14T22:00:00.000000",22.1372814178467
"PC","2026-08-14T23:00:00.000000",22.1319561004639
"PC","2026-08-15T00:00:00.000000",22.1313800811768
"PV","2026-08-09T00:00:00.000000",20.5745849609375
"PV","2026-08-09T01:00:00.000000",20.4139366149902
"PV","2026-08-09T02:00:00.000000",20.413028717041
"PV","2026-08-09T03:00:00.000000",20.4407043457031
"PV","2026-08-09T04:00:00.000000",20.4789752960205
"PV","2026-08-09T05:00:00.000000",20.5010242462158
"PV","2026-08-09T06:00:00.000000",20.5010242462158
"PV","2026-08-09T07:00:00.000000",20.5010242462158
"PV","2026-08-09T08:00:00.000000",20.4855175018311
"PV","2026-08-09T09:00:00.000000",20.4801406860352
"PV","2026-08-09T10:00:00.000000",20.469388961792
"PV","2026-08-09T11:00:00.000000",20.4539279937744
"PV","2026-08-09T12:00:00.000000",20.4484558105469
"PV","2026-08-09T13:00:00.000000",20.4464015960693
"PV","2026-08-09T14:00:00.000000",20.4394302368164
"PV","2026-08-09T15:00:00.000000",20.4448547363281
"PV","2026-08-09T16:00:00.000000",20.4639587402344
"PV","2026-08-09T17:00:00.000000",20.4950981140137
"PV","2026-08-09T18:00:00.000000",20.5166797637939
"PV","2026-08-09T19:00:00.000000",20.5513877868652
"PV","2026-08-09T20:00:00.000000",20.5437755584717
"PV","2026-08-09T21:00:00.000000",20.5661811828613
"PV","2026-08-09T22:00:00.000000",20.5896682739258
"PV","2026-08-09T23:00:00.000000",20.6001453399658
"PV","2026-08-10T00:00:00.000000",20.6072807312012
"PV","2026-08-10T01:00:00.000000",21.092658996582
"PV","2026-08-10T02:00:00.000000",21.197452545166
"PV","2026-08-10T03:00:00.000000",21.2198543548584
"PV","2026-08-10T04:00:00.000000",21.2435054779053
"PV","2026-08-10T05:00:00.000000",21.2840480804443
"PV","2026-08-10T06:00:00.000000",21.2965755462646
"PV","2026-08-10T07:00:00.000000",21.2965755462646
"PV","2026-08-10T08:00:00.000000",21.2965755462646
"PV","2026-08-10T09:00:00.000000",21.2799320220947
"PV","2026-08-10T10:00:00.000000",21.2613658905029
"PV","2026-08-10T11:00:00.000000",21.2438316345215
"PV","2026-08-10T12:00:00.000000",21.2250156402588
"PV","2026-08-10T13:00:00.000000",21.2100353240967
"PV","2026-08-10T14:00:00.000000",21.2022914886475
"PV","2026-08-10T15:00:00.000000",21.2202892303467
"PV","2026-08-10T16:00:00.000000",21.2436008453369
"PV","2026-08-10T17:00:00.000000",21.269998550415
"PV","2026-08-10T18:00:00.000000",21.2966041564941
"PV","2026-08-10T19:00:00.000000",21.3369274139404
"PV","2026-08-10T20:00:00.000000",21.3369274139404
"PV","2026-08-10T21:00:00.000000",21.4028015136719
"PV","2026-08-10T22:00:00.000000",21.4148406982422
"PV","2026-08-10T23:00:00.000000",21.4427051544189
"PV","2026-08-11T00:00:00.000000",21.472900390625
"PV","2026-08-11T01:00:00.000000",20.4322929382324
"PV","2026-08-11T02:00:00.000000",20.1158809661865
"PV","2026-08-11T03:00:00.000000",20.0903377532959
"PV","2026-08-11T04:00:00.000000",20.1085014343262
"PV","2026-08-11T05:00:00.000000",20.1325702667236
"PV","2026-08-11T06:00:00.000000",20.1582069396973
"PV","2026-08-11T07:00:00.000000",20.1926860809326
"PV","2026-08-11T08:00:00.000000",20.1926860809326
"PV","2026-08-11T09:00:00.000000",20.1926860809326
"PV","2026-08-11T10:00:00.000000",20.1999435424805
"PV","2026-08-11T11:00:00.000000",20.1939163208008
"PV","2026-08-11T12:00:00.000000",20.2012500762939
"PV","2026-08-11T13:00:00.000000",20.218505859375
"PV","2026-08-11T14:00:00.000000",20.2285823822021
"PV","2026-08-11T15:00:00.000000",20.2517223358154
"PV","2026-08-11T16:00:00.000000",20.2969665527344
"PV","2026-08-11T17:00:00.000000",20.310827255249
"PV","2026-08-11T18:00:00.000000",20.3149528503418
"PV","2026-08-11T19:00:00.000000",20.3223838806152
"PV","2026-08-11T20:00:00.000000",20.341287612915
"PV","2026-08-11T21:00:00.000000",20.341287612915
"PV","2026-08-11T22:00:00.000000",20.4220848083496
"PV","2026-08-11T23:00:00.000000",20.4267902374268
"PV","2026-08-12T00:00:00.000000",20.4465351104736
"PV","2026-08-12T01:00:00.000000",20.4788627624512
"PV","2026-08-12T02:00:00.000000",20.496997833252
"PV","2026-08-12T03:00:00.000000",20.4957962036133
"PV","2026-08-12T04:00:00.000000",20.4532737731934
"PV","2026-08-12T05:00:00.000000",20.445240020752
"PV","2026-08-12T06:00:00.000000",20.4846897125244
"PV","2026-08-12T07:00:00.000000",20.5563831329346
"PV","2026-08-12T08:00:00.000000",20.5563831329346
"PV","2026-08-12T09:00:00.000000",20.5563831329346
"PV","2026-08-12T10:00:00.000000",20.5563831329346
"PV","2026-08-12T11:00:00.000000",20.4885768890381
"PV","2026-08-12T12:00:00.000000",20.4605445861816
"PV","2026-08-12T13:00:00.000000",20.44895362854
"PV","2026-08-12T14:00:00.000000",20.4214153289795
"PV","2026-08-12T15:00:00.000000",20.4065017700195
"PV","2026-08-12T16:00:00.000000",20.4131565093994
"PV","2026-08-12T17:00:00.000000",20.4538536071777
"PV","2026-08-12T18:00:00.000000",20.4901962280273
"PV","2026-08-12T19:00:00.000000",20.5305862426758
"PV","2026-08-12T20:00:00.000000",20.5617389678955
"PV","2026-08-12T21:00:00.000000",20.5617389678955
"PV","2026-08-12T22:00:00.000000",20.5617389678955
"PV","2026-08-12T23:00:00.000000",20.6497364044189
"PV","2026-08-13T00:00:00.000000",20.6529407501221
"PV","2026-08-13T01:00:00.000000",20.6509838104248
"PV","2026-08-13T02:00:00.000000",20.6509838104248
"PV","2026-08-13T03:00:00.000000",20.6509838104248
"PV","2026-08-13T04:00:00.000000",20.6454105377197
"PV","2026-08-13T05:00:00.000000",20.5675983428955
"PV","2026-08-13T06:00:00.000000",20.5710754394531
"PV","2026-08-13T07:00:00.000000",20.5979061126709
"PV","2026-08-13T08:00:00.000000",20.651388168335
"PV","2026-08-13T09:00:00.000000",20.651388168335
"PV","2026-08-13T10:00:00.000000",20.651388168335
"PV","2026-08-13T11:00:00.000000",20.651388168335
"PV","2026-08-13T12:00:00.000000",20.627721786499
"PV","2026-08-13T13:00:00.000000",20.6202373504639
"PV","2026-08-13T14:00:00.000000",20.6024627685547
"PV","2026-08-13T15:00:00.000000",20.5889568328857
"PV","2026-08-13T16:00:00.000000",20.5908184051514
"PV","2026-08-13T17:00:00.000000",20.5892581939697
"PV","2026-08-13T18:00:00.000000",20.5845680236816
"PV","2026-08-13T19:00:00.000000",20.6095123291016
"PV","2026-08-13T20:00:00.000000",20.6396656036377
"PV","2026-08-13T21:00:00.000000",20.656759262085
"PV","2026-08-13T22:00:00.000000",20.6567401885986
"PV","2026-08-13T23:00:00.000000",20.6567401885986
"PV","2026-08-14T00:00:00.000000",20.6744270324707
"PV","2026-08-14T01:00:00.000000",20.6784057617188
"PV","2026-08-14T02:00:00.000000",20.6861095428467
"PV","2026-08-14T03:00:00.000000",20.6829471588135
"PV","2026-08-14T04:00:00.000000",20.6774654388428
"PV","2026-08-14T05:00:00.000000",20.6518669128418
"PV","2026-08-14T06:00:00.000000",20.5964641571045
"PV","2026-08-14T07:00:00.000000",20.6098384857178
"PV","2026-08-14T08:00:00.000000",20.6506175994873
"PV","2026-08-14T09:00:00.000000",20.7091674804688
"PV","2026-08-14T10:00:00.000000",20.7091674804688
"PV","2026-08-14T11:00:00.000000",20.7091674804688
"PV","2026-08-14T12:00:00.000000",20.7091674804688
"PV","2026-08-14T13:00:00.000000",20.6552886962891
"PV","2026-08-14T14:00:00.000000",20.655252456665
"PV","2026-08-14T15:00:00.000000",20.6443290710449
"PV","2026-08-14T16:00:00.000000",20.634744644165
"PV","2026-08-14T17:00:00.000000",20.6396884918213
"PV","2026-08-14T18:00:00.000000",20.6818733215332
"PV","2026-08-14T19:00:00.000000",20.7220439910889
"PV","2026-08-14T20:00:00.000000",20.7520980834961
"PV","2026-08-14T21:00:00.000000",20.7804775238037
"PV","2026-08-14T22:00:00.000000",20.8172779083252
"PV","2026-08-14T23:00:00.000000",20.8172779083252
"PV","2026-08-15T00:00:00.000000",20.8172779083252
"SH","2026-08-09T00:00:00.000000",21.2657775878906
"SH","2026-08-09T01:00:00.000000",20.9113864898682
"SH","2026-08-09T02:00:00.000000",20.9092197418213
"SH","2026-08-09T03:00:00.000000",21.0370388031006
"SH","2026-08-09T04:00:00.000000",21.081506729126
"SH","2026-08-09T05:00:00.000000",21.2051296234131
"SH","2026-08-09T06:00:00.000000",21.2162590026855
"SH","2026-08-09T07:00:00.000000",21.2162590026855
"SH","2026-08-09T08:00:00.000000",21.2162590026855
"SH","2026-08-09T09:00:00.000000",20.9864101409912
"SH","2026-08-09T10:00:00.000000",20.9637393951416
"SH","2026-08-09T11:00:00.000000",20.9685230255127
"SH","2026-08-09T12:00:00.000000",20.9687957763672
"SH","2026-08-09T13:00:00.000000",20.9377040863037
"SH","2026-08-09T14:00:00.000000",20.8947486877441
"SH","2026-08-09T15:00:00.000000",20.9430694580078
"SH","2026-08-09T16:00:00.000000",21.005220413208
"SH","2026-08-09T17:00:00.000000",21.1834564208984
"SH","2026-08-09T18:00:00.000000",21.2513656616211
"SH","2026-08-09T19:00:00.000000",21.2513656616211
"SH","2026-08-09T20:00:00.000000",21.2513656616211
"SH","2026-08-09T21:00:00.000000",21.191442489624
"SH","2026-08-09T22:00:00.000000",21.1924743652344
"SH","2026-08-09T23:00:00.000000",21.2575569152832
"SH","2026-08-10T00:00:00.000000",21.3216705322266
"SH","2026-08-10T01:00:00.000000",21.0330848693848
"SH","2026-08-10T02:00:00.000000",20.8884029388428
"SH","2026-08-10T03:00:00.000000",20.8195648193359
"SH","2026-08-10T04:00:00.000000",20.7914276123047
"SH","2026-08-10T05:00:00.000000",20.8955612182617
"SH","2026-08-10T06:00:00.000000",20.9185638427734
"SH","2026-08-10T07:00:00.000000",20.918327331543
"SH","2026-08-10T08:00:00.000000",20.918327331543
"SH","2026-08-10T09:00:00.000000",20.918327331543
"SH","2026-08-10T10:00:00.000000",21.0835876464844
"SH","2026-08-10T11:00:00.000000",21.1327037811279
"SH","2026-08-10T12:00:00.000000",21.2151756286621
"SH","2026-08-10T13:00:00.000000",21.2601375579834
"SH","2026-08-10T14:00:00.000000",21.2645988464355
"SH","2026-08-10T15:00:00.000000",21.2296962738037
"SH","2026-08-10T16:00:00.000000",21.2299957275391
"SH","2026-08-10T17:00:00.000000",21.2314262390137
"SH","2026-08-10T18:00:00.000000",21.2403736114502
"SH","2026-08-10T19:00:00.000000",21.2314052581787
"SH","2026-08-10T20:00:00.000000",21.2314052581787
"SH","2026-08-10T21:00:00.000000",21.2314052581787
"SH","2026-08-10T22:00:00.000000",21.4094314575195
"SH","2026-08-10T23:00:00.000000",21.4099369049072
"SH","2026-08-11T00:00:00.000000",21.439920425415
"SH","2026-08-11T01:00:00.000000",21.5549774169922
"SH","2026-08-11T02:00:00.000000",21.609655380249
"SH","2026-08-11T03:00:00.000000",21.5999813079834
"SH","2026-08-11T04:00:00.000000",21.61936378479
"SH","2026-08-11T05:00:00.000000",21.6314468383789
"SH","2026-08-11T06:00:00.000000",21.6516075134277
"SH","2026-08-11T07:00:00.000000",21.6499176025391
"SH","2026-08-11T08:00:00.000000",21.6491889953613
"SH","2026-08-11T09:00:00.000000",21.6491889953613
"SH","2026-08-11T10:00:00.000000",21.6491889953613
"SH","2026-08-11T11:00:00.000000",21.7498912811279
"SH","2026-08-11T12:00:00.000000",21.7498435974121
"SH","2026-08-11T13:00:00.000000",21.7714824676514
"SH","2026-08-11T14:00:00.000000",21.7994136810303
"SH","2026-08-11T15:00:00.000000",21.782299041748
"SH","2026-08-11T16:00:00.000000",21.730131149292
"SH","2026-08-11T17:00:00.000000",21.7693710327148
"SH","2026-08-11T18:00:00.000000",21.7845401763916
"SH","2026-08-11T19:00:00.000000",21.8205909729004
"SH","2026-08-11T20:00:00.000000",21.8134822845459
"SH","2026-08-11T21:00:00.000000",21.8134822845459
"SH","2026-08-11T22:00:00.000000",21.8134822845459
"SH","2026-08-11T23:00:00.000000",22.017370223999
"SH","2026-08-12T00:00:00.000000",22.0561256408691
"SH","2026-08-12T01:00:00.000000",22.2293109893799
"SH","2026-08-12T02:00:00.000000",22.3588333129883
"SH","2026-08-12T03:00:00.000000",22.4161834716797
"SH","2026-08-12T04:00:00.000000",22.4379978179932
"SH","2026-08-12T05:00:00.000000",22.4154605865479
"SH","2026-08-12T06:00:00.000000",22.3652973175049
"SH","2026-08-12T07:00:00.000000",22.3059520721436
"SH","2026-08-12T08:00:00.000000",22.1993923187256
"SH","2026-08-12T09:00:00.000000",22.1993503570557
"SH","2026-08-12T10:00:00.000000",22.1993503570557
"SH","2026-08-12T11:00:00.000000",22.1993503570557
"SH","2026-08-12T12:00:00.000000",22.4853420257568
"SH","2026-08-12T13:00:00.000000",22.533727645874
"SH","2026-08-12T14:00:00.000000",22.5849533081055
"SH","2026-08-12T15:00:00.000000",22.6388530731201
"SH","2026-08-12T16:00:00.000000",22.6450347900391
"SH","2026-08-12T17:00:00.000000",22.5873908996582
"SH","2026-08-12T18:00:00.000000",22.6026058197021
"SH","2026-08-12T19:00:00.000000",22.599178314209
"SH","2026-08-12T20:00:00.000000",22.5553379058838
"SH","2026-08-12T21:00:00.000000",22.55029296875
"SH","2026-08-12T22:00:00.000000",22.55029296875
"SH","2026-08-12T23:00:00.000000",22.55029296875
"SH","2026-08-13T00:00:00.000000",22.6103420257568
"SH","2026-08-13T01:00:00.000000",22.6629543304443
"SH","2026-08-13T02:00:00.000000",22.690824508667
"SH","2026-08-13T03:00:00.000000",22.6679935455322
"SH","2026-08-13T04:00:00.000000",22.6464939117432
"SH","2026-08-13T05:00:00.000000",22.5579738616943
"SH","2026-08-13T06:00:00.000000",22.5782775878906
"SH","2026-08-13T07:00:00.000000",22.6202869415283
"SH","2026-08-13T08:00:00.000000",22.5974617004395
"SH","2026-08-13T09:00:00.000000",22.5450534820557
"SH","2026-08-13T10:00:00.000000",22.5451717376709
"SH","2026-08-13T11:00:00.000000",22.5451717376709
"SH","2026-08-13T12:00:00.000000",22.5451717376709
"SH","2026-08-13T13:00:00.000000",22.6231689453125
"SH","2026-08-13T14:00:00.000000",22.6573028564453
"SH","2026-08-13T15:00:00.000000",22.6713390350342
"SH","2026-08-13T16:00:00.000000",22.6761589050293
"SH","2026-08-13T17:00:00.000000",22.6800231933594
"SH","2026-08-13T18:00:00.000000",22.6737957000732
"SH","2026-08-13T19:00:00.000000",22.6836032867432
"SH","2026-08-13T20:00:00.000000",22.6835517883301
"SH","2026-08-13T21:00:00.000000",22.6592178344727
"SH","2026-08-13T22:00:00.000000",22.6449241638184
"SH","2026-08-13T23:00:00.000000",22.6449241638184
"SH","2026-08-14T00:00:00.000000",22.6449241638184
"SH","2026-08-14T01:00:00.000000",22.8068008422852
"SH","2026-08-14T02:00:00.000000",22.8477649688721
"SH","2026-08-14T03:00:00.000000",22.8539199829102
"SH","2026-08-14T04:00:00.000000",22.8539257049561
"SH","2026-08-14T05:00:00.000000",22.8527011871338
"SH","2026-08-14T06:00:00.000000",22.8118877410889
"SH","2026-08-14T07:00:00.000000",22.8387546539307
"SH","2026-08-14T08:00:00.000000",22.8483104705811
"SH","2026-08-14T09:00:00.000000",22.7955284118652
"SH","2026-08-14T10:00:00.000000",22.7702941894531
"SH","2026-08-14T11:00:00.000000",22.7702941894531
"SH","2026-08-14T12:00:00.000000",22.7702941894531
"SH","2026-08-14T13:00:00.000000",22.7702941894531
"SH","2026-08-14T14:00:00.000000",22.8908519744873
"SH","2026-08-14T15:00:00.000000",22.8976249694824
"SH","2026-08-14T16:00:00.000000",22.9238872528076
"SH","2026-08-14T17:00:00.000000",22.9577388763428
"SH","2026-08-14T18:00:00.000000",22.953634262085
"SH","2026-08-14T19:00:00.000000",22.9623050689697
"SH","2026-08-14T20:00:00.000000",22.9647655487061
"SH","2026-08-14T21:00:00.000000",22.9645462036133
"SH","2026-08-14T22:00:00.000000",22.9274139404297
"SH","2026-08-14T23:00:00.000000",22.9267349243164
"SH","2026-08-15T00:00:00.000000",22.9267349243164
"WB","2026-08-09T00:00:00.000000",20.7960548400879
"WB","2026-08-09T01:00:00.000000",20.6245937347412
"WB","2026-08-09T02:00:00.000000",20.6424598693848
"WB","2026-08-09T03:00:00.000000",20.6373252868652
"WB","2026-08-09T04:00:00.000000",20.6351299285889
"WB","2026-08-09T05:00:00.000000",20.6414661407471
"WB","2026-08-09T06:00:00.000000",20.6503162384033
"WB","2026-08-09T07:00:00.000000",20.6645088195801
"WB","2026-08-09T08:00:00.000000",20.6620616912842
"WB","2026-08-09T09:00:00.000000",20.6569175720215
"WB","2026-08-09T10:00:00.000000",20.6426982879639
"WB","2026-08-09T11:00:00.000000",20.6327781677246
"WB","2026-08-09T12:00:00.000000",20.6332893371582
"WB","2026-08-09T13:00:00.000000",20.6437358856201
"WB","2026-08-09T14:00:00.000000",20.6574935913086
"WB","2026-08-09T15:00:00.000000",20.6709938049316
"WB","2026-08-09T16:00:00.000000",20.6964931488037
"WB","2026-08-09T17:00:00.000000",20.7213668823242
"WB","2026-08-09T18:00:00.000000",20.7289791107178
"WB","2026-08-09T19:00:00.000000",20.7413806915283
"WB","2026-08-09T20:00:00.000000",20.8122940063477
"WB","2026-08-09T21:00:00.000000",20.884859085083
"WB","2026-08-09T22:00:00.000000",20.9726219177246
"WB","2026-08-09T23:00:00.000000",21.0383968353271
"WB","2026-08-10T00:00:00.000000",21.0522918701172
"WB","2026-08-10T01:00:00.000000",20.8405990600586
"WB","2026-08-10T02:00:00.000000",20.72971534729
"WB","2026-08-10T03:00:00.000000",20.7254810333252
"WB","2026-08-10T04:00:00.000000",20.777027130127
"WB","2026-08-10T05:00:00.000000",20.8023147583008
"WB","2026-08-10T06:00:00.000000",20.8166656494141
"WB","2026-08-10T07:00:00.000000",20.8276405334473
"WB","2026-08-10T08:00:00.000000",20.8223533630371
"WB","2026-08-10T09:00:00.000000",20.8017387390137
"WB","2026-08-10T10:00:00.000000",20.7882328033447
"WB","2026-08-10T11:00:00.000000",20.7608890533447
"WB","2026-08-10T12:00:00.000000",20.7365226745605
"WB","2026-08-10T13:00:00.000000",20.73459815979
"WB","2026-08-10T14:00:00.000000",20.7574462890625
"WB","2026-08-10T15:00:00.000000",20.79026222229
"WB","2026-08-10T16:00:00.000000",20.8174114227295
"WB","2026-08-10T17:00:00.000000",20.8575057983398
"WB","2026-08-10T18:00:00.000000",20.895092010498
"WB","2026-08-10T19:00:00.000000",20.9119262695312
"WB","2026-08-10T20:00:00.000000",20.9232578277588
"WB","2026-08-10T21:00:00.000000",20.972526550293
"WB","2026-08-10T22:00:00.000000",21.054615020752
"WB","2026-08-10T23:00:00.000000",21.1305141448975
"WB","2026-08-11T00:00:00.000000",21.1737823486328
"WB","2026-08-11T01:00:00.000000",20.7186985015869
"WB","2026-08-11T02:00:00.000000",20.5695056915283
"WB","2026-08-11T03:00:00.000000",20.4943675994873
"WB","2026-08-11T04:00:00.000000",20.499324798584
"WB","2026-08-11T05:00:00.000000",20.5594711303711
"WB","2026-08-11T06:00:00.000000",20.5952529907227
"WB","2026-08-11T07:00:00.000000",20.6228103637695
"WB","2026-08-11T08:00:00.000000",20.6348628997803
"WB","2026-08-11T09:00:00.000000",20.6366958618164
"WB","2026-08-11T10:00:00.000000",20.6106109619141
"WB","2026-08-11T11:00:00.000000",20.5856418609619
"WB","2026-08-11T12:00:00.000000",20.5499744415283
"WB","2026-08-11T13:00:00.000000",20.5348625183105
"WB","2026-08-11T14:00:00.000000",20.5337257385254
"WB","2026-08-11T15:00:00.000000",20.5658302307129
"WB","2026-08-11T16:00:00.000000",20.6314277648926
"WB","2026-08-11T17:00:00.000000",20.6837520599365
"WB","2026-08-11T18:00:00.000000",20.7207298278809
"WB","2026-08-11T19:00:00.000000",20.7468662261963
"WB","2026-08-11T20:00:00.000000",20.7679309844971
"WB","2026-08-11T21:00:00.000000",20.7853393554688
"WB","2026-08-11T22:00:00.000000",20.8259201049805
"WB","2026-08-11T23:00:00.000000",20.8652496337891
"WB","2026-08-12T00:00:00.000000",20.883150100708
"WB","2026-08-12T01:00:00.000000",20.8818740844727
"WB","2026-08-12T02:00:00.000000",20.8661479949951
"WB","2026-08-12T03:00:00.000000",20.8740215301514
"WB","2026-08-12T04:00:00.000000",20.876745223999
"WB","2026-08-12T05:00:00.000000",20.8018226623535
"WB","2026-08-12T06:00:00.000000",20.8091526031494
"WB","2026-08-12T07:00:00.000000",20.8111839294434
"WB","2026-08-12T08:00:00.000000",20.8234786987305
"WB","2026-08-12T09:00:00.000000",20.8349208831787
"WB","2026-08-12T10:00:00.000000",20.8501777648926
"WB","2026-08-12T11:00:00.000000",20.8216228485107
"WB","2026-08-12T12:00:00.000000",20.7996711730957
"WB","2026-08-12T13:00:00.000000",20.7795257568359
"WB","2026-08-12T14:00:00.000000",20.780065536499
"WB","2026-08-12T15:00:00.000000",20.7918395996094
"WB","2026-08-12T16:00:00.000000",20.7870330810547
"WB","2026-08-12T17:00:00.000000",20.8120517730713
"WB","2026-08-12T18:00:00.000000",20.9286212921143
"WB","2026-08-12T19:00:00.000000",21.0160140991211
"WB","2026-08-12T20:00:00.000000",21.0483303070068
"WB","2026-08-12T21:00:00.000000",21.0622901916504
"WB","2026-08-12T22:00:00.000000",21.0733451843262
"WB","2026-08-12T23:00:00.000000",21.0814151763916
"WB","2026-08-13T00:00:00.000000",21.0538692474365
"WB","2026-08-13T01:00:00.000000",21.0235233306885
"WB","2026-08-13T02:00:00.000000",20.9931831359863
"WB","2026-08-13T03:00:00.000000",20.9829406738281
"WB","2026-08-13T04:00:00.000000",21.0124340057373
"WB","2026-08-13T05:00:00.000000",21.0640316009521
"WB","2026-08-13T06:00:00.000000",21.0392551422119
"WB","2026-08-13T07:00:00.000000",21.0316715240479
"WB","2026-08-13T08:00:00.000000",21.0462417602539
"WB","2026-08-13T09:00:00.000000",21.0654106140137
"WB","2026-08-13T10:00:00.000000",21.0770645141602
"WB","2026-08-13T11:00:00.000000",21.0755062103271
"WB","2026-08-13T12:00:00.000000",21.0439281463623
"WB","2026-08-13T13:00:00.000000",21.0246467590332
"WB","2026-08-13T14:00:00.000000",20.9946098327637
"WB","2026-08-13T15:00:00.000000",20.9633045196533
"WB","2026-08-13T16:00:00.000000",20.9611682891846
"WB","2026-08-13T17:00:00.000000",21.0203227996826
"WB","2026-08-13T18:00:00.000000",21.0433559417725
"WB","2026-08-13T19:00:00.000000",21.0617485046387
"WB","2026-08-13T20:00:00.000000",21.0905494689941
"WB","2026-08-13T21:00:00.000000",21.1188144683838
"WB","2026-08-13T22:00:00.000000",21.1294136047363
"WB","2026-08-13T23:00:00.000000",21.1393032073975
"WB","2026-08-14T00:00:00.000000",21.1556148529053
"WB","2026-08-14T01:00:00.000000",21.1603393554688
"WB","2026-08-14T02:00:00.000000",21.156213760376
"WB","2026-08-14T03:00:00.000000",21.142599105835
"WB","2026-08-14T04:00:00.000000",21.1391773223877
"WB","2026-08-14T05:00:00.000000",21.1583728790283
"WB","2026-08-14T06:00:00.000000",21.1948547363281
"WB","2026-08-14T07:00:00.000000",21.1732368469238
"WB","2026-08-14T08:00:00.000000",21.1754093170166
"WB","2026-08-14T09:00:00.000000",21.1859436035156
"WB","2026-08-14T10:00:00.000000",21.1945514678955
"WB","2026-08-14T11:00:00.000000",21.2071552276611
"WB","2026-08-14T12:00:00.000000",21.1975231170654
"WB","2026-08-14T13:00:00.000000",21.1678600311279
"WB","2026-08-14T14:00:00.000000",21.15283203125
"WB","2026-08-14T15:00:00.000000",21.1404705047607
"WB","2026-08-14T16:00:00.000000",21.1410350799561
"WB","2026-08-14T17:00:00.000000",21.1418704986572
"WB","2026-08-14T18:00:00.000000",21.1798839569092
"WB","2026-08-14T19:00:00.000000",21.2866611480713
"WB","2026-08-14T20:00:00.000000",21.3592681884766
"WB","2026-08-14T21:00:00.000000",21.390905380249
"WB","2026-08-14T22:00:00.000000",21.4078216552734
"WB","2026-08-14T23:00:00.000000",21.4078197479248
"WB","2026-08-15T00:00:00.000000",21.4078197479248
"CC","2026-08-09T00:00:00.000000",25.441104888916
"CC","2026-08-09T01:00:00.000000",24.9886264801025
"CC","2026-08-09T02:00:00.000000",24.9398727416992
"CC","2026-08-09T03:00:00.000000",24.9443359375
"CC","2026-08-09T04:00:00.000000",24.9522266387939
"CC","2026-08-09T05:00:00.000000",24.9497375488281
"CC","2026-08-09T06:00:00.000000",24.9455013275146
"CC","2026-08-09T07:00:00.000000",24.9401092529297
"CC","2026-08-09T08:00:00.000000",24.9335803985596
"CC","2026-08-09T09:00:00.000000",24.9368553161621
"CC","2026-08-09T10:00:00.000000",24.9470176696777
"CC","2026-08-09T11:00:00.000000",24.9685821533203
"CC","2026-08-09T12:00:00.000000",25.0073490142822
"CC","2026-08-09T13:00:00.000000",25.07470703125
"CC","2026-08-09T14:00:00.000000",25.1797657012939
"CC","2026-08-09T15:00:00.000000",25.3110256195068
"CC","2026-08-09T16:00:00.000000",25.3635272979736
"CC","2026-08-09T17:00:00.000000",25.419828414917
"CC","2026-08-09T18:00:00.000000",25.4702930450439
"CC","2026-08-09T19:00:00.000000",25.4799003601074
"CC","2026-08-09T20:00:00.000000",25.4890995025635
"CC","2026-08-09T21:00:00.000000",25.49485206604
"CC","2026-08-09T22:00:00.000000",25.5049800872803
"CC","2026-08-09T23:00:00.000000",25.4999313354492
"CC","2026-08-10T00:00:00.000000",25.4599952697754
"CC","2026-08-10T01:00:00.000000",25.1412200927734
"CC","2026-08-10T02:00:00.000000",25.0763721466064
"CC","2026-08-10T03:00:00.000000",25.0456027984619
"CC","2026-08-10T04:00:00.000000",25.0397453308105
"CC","2026-08-10T05:00:00.000000",25.0280075073242
"CC","2026-08-10T06:00:00.000000",25.0053825378418
"CC","2026-08-10T07:00:00.000000",24.9808902740479
"CC","2026-08-10T08:00:00.000000",24.9546031951904
"CC","2026-08-10T09:00:00.000000",24.9337272644043
"CC","2026-08-10T10:00:00.000000",24.9205017089844
"CC","2026-08-10T11:00:00.000000",24.9370918273926
"CC","2026-08-10T12:00:00.000000",24.9984111785889
"CC","2026-08-10T13:00:00.000000",25.0819244384766
"CC","2026-08-10T14:00:00.000000",25.1858234405518
"CC","2026-08-10T15:00:00.000000",25.3028163909912
"CC","2026-08-10T16:00:00.000000",25.3528842926025
"CC","2026-08-10T17:00:00.000000",25.4178123474121
"CC","2026-08-10T18:00:00.000000",25.4917240142822
"CC","2026-08-10T19:00:00.000000",25.5091495513916
"CC","2026-08-10T20:00:00.000000",25.5064735412598
"CC","2026-08-10T21:00:00.000000",25.4982681274414
"CC","2026-08-10T22:00:00.000000",25.5019912719727
"CC","2026-08-10T23:00:00.000000",25.4866008758545
"CC","2026-08-11T00:00:00.000000",25.4750156402588
"CC","2026-08-11T01:00:00.000000",24.9307632446289
"CC","2026-08-11T02:00:00.000000",24.8726196289062
"CC","2026-08-11T03:00:00.000000",24.8658981323242
"CC","2026-08-11T04:00:00.000000",24.8578052520752
"CC","2026-08-11T05:00:00.000000",24.8507442474365
"CC","2026-08-11T06:00:00.000000",24.8432025909424
"CC","2026-08-11T07:00:00.000000",24.8399295806885
"CC","2026-08-11T08:00:00.000000",24.8263072967529
"CC","2026-08-11T09:00:00.000000",24.8126430511475
"CC","2026-08-11T10:00:00.000000",24.8020858764648
"CC","2026-08-11T11:00:00.000000",24.8150062561035
"CC","2026-08-11T12:00:00.000000",24.8605155944824
"CC","2026-08-11T13:00:00.000000",24.930570602417
"CC","2026-08-11T14:00:00.000000",25.0215110778809
"CC","2026-08-11T15:00:00.000000",25.1295623779297
"CC","2026-08-11T16:00:00.000000",25.1914520263672
"CC","2026-08-11T17:00:00.000000",25.2673606872559
"CC","2026-08-11T18:00:00.000000",25.3338203430176
"CC","2026-08-11T19:00:00.000000",25.3518848419189
"CC","2026-08-11T20:00:00.000000",25.3542766571045
"CC","2026-08-11T21:00:00.000000",25.3420009613037
"CC","2026-08-11T22:00:00.000000",25.3347358703613
"CC","2026-08-11T23:00:00.000000",25.3255958557129
"CC","2026-08-12T00:00:00.000000",25.2899074554443
"CC","2026-08-12T01:00:00.000000",25.2868041992188
"CC","2026-08-12T02:00:00.000000",25.2871417999268
"CC","2026-08-12T03:00:00.000000",25.2923412322998
"CC","2026-08-12T04:00:00.000000",25.2951030731201
"CC","2026-08-12T05:00:00.000000",25.2931957244873
"CC","2026-08-12T06:00:00.000000",25.2830963134766
"CC","2026-08-12T07:00:00.000000",25.2724857330322
"CC","2026-08-12T08:00:00.000000",25.2546310424805
"CC","2026-08-12T09:00:00.000000",25.231014251709
"CC","2026-08-12T10:00:00.000000",25.2106704711914
"CC","2026-08-12T11:00:00.000000",25.1961441040039
"CC","2026-08-12T12:00:00.000000",25.1901607513428
"CC","2026-08-12T13:00:00.000000",25.1972503662109
"CC","2026-08-12T14:00:00.000000",25.2208156585693
"CC","2026-08-12T15:00:00.000000",25.2778434753418
"CC","2026-08-12T16:00:00.000000",25.3645706176758
"CC","2026-08-12T17:00:00.000000",25.4609336853027
"CC","2026-08-12T18:00:00.000000",25.5551147460938
"CC","2026-08-12T19:00:00.000000",25.6388931274414
"CC","2026-08-12T20:00:00.000000",25.7025375366211
"CC","2026-08-12T21:00:00.000000",25.7275466918945
"CC","2026-08-12T22:00:00.000000",25.7209377288818
"CC","2026-08-12T23:00:00.000000",25.7107429504395
"CC","2026-08-13T00:00:00.000000",25.7015151977539
"CC","2026-08-13T01:00:00.000000",25.6915893554688
"CC","2026-08-13T02:00:00.000000",25.6848258972168
"CC","2026-08-13T03:00:00.000000",25.6814289093018
"CC","2026-08-13T04:00:00.000000",25.6750469207764
"CC","2026-08-13T05:00:00.000000",25.6690196990967
"CC","2026-08-13T06:00:00.000000",25.659610748291
"CC","2026-08-13T07:00:00.000000",25.6474609375
"CC","2026-08-13T08:00:00.000000",25.6333923339844
"CC","2026-08-13T09:00:00.000000",25.6150360107422
"CC","2026-08-13T10:00:00.000000",25.5944213867188
"CC","2026-08-13T11:00:00.000000",25.5773429870605
"CC","2026-08-13T12:00:00.000000",25.5678024291992
"CC","2026-08-13T13:00:00.000000",25.5696105957031
"CC","2026-08-13T14:00:00.000000",25.586971282959
"CC","2026-08-13T15:00:00.000000",25.6132278442383
"CC","2026-08-13T16:00:00.000000",25.6525897979736
"CC","2026-08-13T17:00:00.000000",25.7198123931885
"CC","2026-08-13T18:00:00.000000",25.7795391082764
"CC","2026-08-13T19:00:00.000000",25.8330612182617
"CC","2026-08-13T20:00:00.000000",25.8981227874756
"CC","2026-08-13T21:00:00.000000",25.9579410552979
"CC","2026-08-13T22:00:00.000000",25.9811935424805
"CC","2026-08-13T23:00:00.000000",25.9701137542725
"CC","2026-08-14T00:00:00.000000",25.9512195587158
"CC","2026-08-14T01:00:00.000000",25.9356861114502
"CC","2026-08-14T02:00:00.000000",25.9260749816895
"CC","2026-08-14T03:00:00.000000",25.9238624572754
"CC","2026-08-14T04:00:00.000000",25.9235420227051
"CC","2026-08-14T05:00:00.000000",25.9219360351562
"CC","2026-08-14T06:00:00.000000",25.9163379669189
"CC","2026-08-14T07:00:00.000000",25.9051513671875
"CC","2026-08-14T08:00:00.000000",25.8928108215332
"CC","2026-08-14T09:00:00.000000",25.878978729248
"CC","2026-08-14T10:00:00.000000",25.8574485778809
"CC","2026-08-14T11:00:00.000000",25.8343830108643
"CC","2026-08-14T12:00:00.000000",25.818286895752
"CC","2026-08-14T13:00:00.000000",25.8168201446533
"CC","2026-08-14T14:00:00.000000",25.8351554870605
"CC","2026-08-14T15:00:00.000000",25.8801441192627
"CC","2026-08-14T16:00:00.000000",25.9555034637451
"CC","2026-08-14T17:00:00.000000",26.0536079406738
"CC","2026-08-14T18:00:00.000000",26.1523475646973
"CC","2026-08-14T19:00:00.000000",26.2329387664795
"CC","2026-08-14T20:00:00.000000",26.2848625183105
"CC","2026-08-14T21:00:00.000000",26.3175640106201
"CC","2026-08-14T22:00:00.000000",26.3192195892334
"CC","2026-08-14T23:00:00.000000",26.2899131774902
"CC","2026-08-15T00:00:00.000000",26.2481994628906
"DL","2026-08-09T00:00:00.000000",24.0114288330078
"DL","2026-08-09T01:00:00.000000",23.9285945892334
"DL","2026-08-09T02:00:00.000000",23.9171390533447
"DL","2026-08-09T03:00:00.000000",23.916540145874
"DL","2026-08-09T04:00:00.000000",23.9474849700928
"DL","2026-08-09T05:00:00.000000",23.8713855743408
"DL","2026-08-09T06:00:00.000000",23.8616046905518
"DL","2026-08-09T07:00:00.000000",23.8581562042236
"DL","2026-08-09T08:00:00.000000",23.8620986938477
"DL","2026-08-09T09:00:00.000000",23.887825012207
"DL","2026-08-09T10:00:00.000000",23.9138107299805
"DL","2026-08-09T11:00:00.000000",23.9133033752441
"DL","2026-08-09T12:00:00.000000",23.9169311523438
"DL","2026-08-09T13:00:00.000000",23.9188976287842
"DL","2026-08-09T14:00:00.000000",23.9225940704346
"DL","2026-08-09T15:00:00.000000",23.9200496673584
"DL","2026-08-09T16:00:00.000000",23.919994354248
"DL","2026-08-09T17:00:00.000000",23.9119777679443
"DL","2026-08-09T18:00:00.000000",23.8953342437744
"DL","2026-08-09T19:00:00.000000",23.875
"DL","2026-08-09T20:00:00.000000",23.8808708190918
"DL","2026-08-09T21:00:00.000000",23.921028137207
"DL","2026-08-09T22:00:00.000000",23.9203300476074
"DL","2026-08-09T23:00:00.000000",23.9099960327148
"DL","2026-08-10T00:00:00.000000",23.9076347351074
"DL","2026-08-10T01:00:00.000000",23.8729400634766
"DL","2026-08-10T02:00:00.000000",23.8555793762207
"DL","2026-08-10T03:00:00.000000",23.8454151153564
"DL","2026-08-10T04:00:00.000000",23.8691329956055
"DL","2026-08-10T05:00:00.000000",23.8327159881592
"DL","2026-08-10T06:00:00.000000",23.8351001739502
"DL","2026-08-10T07:00:00.000000",23.8288917541504
"DL","2026-08-10T08:00:00.000000",23.8373508453369
"DL","2026-08-10T09:00:00.000000",23.8640823364258
"DL","2026-08-10T10:00:00.000000",23.8924427032471
"DL","2026-08-10T11:00:00.000000",23.8951721191406
"DL","2026-08-10T12:00:00.000000",23.8884143829346
"DL","2026-08-10T13:00:00.000000",23.8895683288574
"DL","2026-08-10T14:00:00.000000",23.8968696594238
"DL","2026-08-10T15:00:00.000000",23.9013576507568
"DL","2026-08-10T16:00:00.000000",23.9065723419189
"DL","2026-08-10T17:00:00.000000",23.9131088256836
"DL","2026-08-10T18:00:00.000000",23.9144191741943
"DL","2026-08-10T19:00:00.000000",23.9061641693115
"DL","2026-08-10T20:00:00.000000",23.9033241271973
"DL","2026-08-10T21:00:00.000000",23.930290222168
"DL","2026-08-10T22:00:00.000000",24.0075359344482
"DL","2026-08-10T23:00:00.000000",23.9820919036865
"DL","2026-08-11T00:00:00.000000",23.9417362213135
"DL","2026-08-11T01:00:00.000000",23.8680381774902
"DL","2026-08-11T02:00:00.000000",23.8522663116455
"DL","2026-08-11T03:00:00.000000",23.8450031280518
"DL","2026-08-11T04:00:00.000000",23.854663848877
"DL","2026-08-11T05:00:00.000000",23.8562908172607
"DL","2026-08-11T06:00:00.000000",23.8573570251465
"DL","2026-08-11T07:00:00.000000",23.8562717437744
"DL","2026-08-11T08:00:00.000000",23.8796043395996
"DL","2026-08-11T09:00:00.000000",23.9126682281494
"DL","2026-08-11T10:00:00.000000",23.9330768585205
"DL","2026-08-11T11:00:00.000000",23.9643001556396
"DL","2026-08-11T12:00:00.000000",23.9655170440674
"DL","2026-08-11T13:00:00.000000",23.9463310241699
"DL","2026-08-11T14:00:00.000000",23.9509963989258
"DL","2026-08-11T15:00:00.000000",23.9540557861328
"DL","2026-08-11T16:00:00.000000",23.9584102630615
"DL","2026-08-11T17:00:00.000000",23.9657707214355
"DL","2026-08-11T18:00:00.000000",23.9632301330566
"DL","2026-08-11T19:00:00.000000",23.9652919769287
"DL","2026-08-11T20:00:00.000000",23.9572010040283
"DL","2026-08-11T21:00:00.000000",23.9593620300293
"DL","2026-08-11T22:00:00.000000",24.0177364349365
"DL","2026-08-11T23:00:00.000000",24.1037254333496
"DL","2026-08-12T00:00:00.000000",24.0660133361816
"DL","2026-08-12T01:00:00.000000",24.0391654968262
"DL","2026-08-12T02:00:00.000000",24.0390491485596
"DL","2026-08-12T03:00:00.000000",24.0321407318115
"DL","2026-08-12T04:00:00.000000",24.0337257385254
"DL","2026-08-12T05:00:00.000000",24.0397205352783
"DL","2026-08-12T06:00:00.000000",24.0472927093506
"DL","2026-08-12T07:00:00.000000",24.0551700592041
"DL","2026-08-12T08:00:00.000000",24.0651016235352
"DL","2026-08-12T09:00:00.000000",24.0935497283936
"DL","2026-08-12T10:00:00.000000",24.1079330444336
"DL","2026-08-12T11:00:00.000000",24.1053314208984
"DL","2026-08-12T12:00:00.000000",24.0818328857422
"DL","2026-08-12T13:00:00.000000",24.0740337371826
"DL","2026-08-12T14:00:00.000000",24.0798492431641
"DL","2026-08-12T15:00:00.000000",24.0779705047607
"DL","2026-08-12T16:00:00.000000",24.0748653411865
"DL","2026-08-12T17:00:00.000000",24.0725021362305
"DL","2026-08-12T18:00:00.000000",24.0713138580322
"DL","2026-08-12T19:00:00.000000",24.068675994873
"DL","2026-08-12T20:00:00.000000",24.0609302520752
"DL","2026-08-12T21:00:00.000000",24.0367736816406
"DL","2026-08-12T22:00:00.000000",24.0048675537109
"DL","2026-08-12T23:00:00.000000",23.999568939209
"DL","2026-08-13T00:00:00.000000",24.0036392211914
"DL","2026-08-13T01:00:00.000000",23.9955005645752
"DL","2026-08-13T02:00:00.000000",24.0097274780273
"DL","2026-08-13T03:00:00.000000",24.009370803833
"DL","2026-08-13T04:00:00.000000",24.0089359283447
"DL","2026-08-13T05:00:00.000000",24.0104026794434
"DL","2026-08-13T06:00:00.000000",24.0119209289551
"DL","2026-08-13T07:00:00.000000",24.0168514251709
"DL","2026-08-13T08:00:00.000000",24.0214214324951
"DL","2026-08-13T09:00:00.000000",24.039945602417
"DL","2026-08-13T10:00:00.000000",24.0736503601074
"DL","2026-08-13T11:00:00.000000",24.1272487640381
"DL","2026-08-13T12:00:00.000000",24.183479309082
"DL","2026-08-13T13:00:00.000000",24.1802616119385
"DL","2026-08-13T14:00:00.000000",24.1279258728027
"DL","2026-08-13T15:00:00.000000",24.1239624023438
"DL","2026-08-13T16:00:00.000000",24.1220417022705
"DL","2026-08-13T17:00:00.000000",24.1254081726074
"DL","2026-08-13T18:00:00.000000",24.1410179138184
"DL","2026-08-13T19:00:00.000000",24.1517314910889
"DL","2026-08-13T20:00:00.000000",24.16552734375
"DL","2026-08-13T21:00:00.000000",24.1897144317627
"DL","2026-08-13T22:00:00.000000",24.2416152954102
"DL","2026-08-13T23:00:00.000000",24.3048305511475
"DL","2026-08-14T00:00:00.000000",24.3972930908203
"DL","2026-08-14T01:00:00.000000",24.4265575408936
"DL","2026-08-14T02:00:00.000000",24.3172912597656
"DL","2026-08-14T03:00:00.000000",24.2809562683105
"DL","2026-08-14T04:00:00.000000",24.2752571105957
"DL","2026-08-14T05:00:00.000000",24.2658634185791
"DL","2026-08-14T06:00:00.000000",24.2781009674072
"DL","2026-08-14T07:00:00.000000",24.2947635650635
"DL","2026-08-14T08:00:00.000000",24.3043880462646
"DL","2026-08-14T09:00:00.000000",24.3158206939697
"DL","2026-08-14T10:00:00.000000",24.378023147583
"DL","2026-08-14T11:00:00.000000",24.4880104064941
"DL","2026-08-14T12:00:00.000000",24.5624008178711
"DL","2026-08-14T13:00:00.000000",24.5879592895508
"DL","2026-08-14T14:00:00.000000",24.47922706604
"DL","2026-08-14T15:00:00.000000",24.4094772338867
"DL","2026-08-14T16:00:00.000000",24.4097805023193
"DL","2026-08-14T17:00:00.000000",24.3910961151123
"DL","2026-08-14T18:00:00.000000",24.3883094787598
"DL","2026-08-14T19:00:00.000000",24.4007987976074
"DL","2026-08-14T20:00:00.000000",24.4211769104004
"DL","2026-08-14T21:00:00.000000",24.441858291626
"DL","2026-08-14T22:00:00.000000",24.4706783294678
"DL","2026-08-14T23:00:00.000000",24.5363311767578
"DL","2026-08-15T00:00:00.000000",24.6124305725098
"GB","2026-08-09T00:00:00.000000",24.0625514984131
"GB","2026-08-09T01:00:00.000000",23.7444458007812
"GB","2026-08-09T02:00:00.000000",23.5884284973145
"GB","2026-08-09T03:00:00.000000",23.615795135498
"GB","2026-08-09T04:00:00.000000",23.6553478240967
"GB","2026-08-09T05:00:00.000000",23.6707077026367
"GB","2026-08-09T06:00:00.000000",23.6717433929443
"GB","2026-08-09T07:00:00.000000",23.7276554107666
"GB","2026-08-09T08:00:00.000000",23.6764030456543
"GB","2026-08-09T09:00:00.000000",23.7106304168701
"GB","2026-08-09T10:00:00.000000",23.7355556488037
"GB","2026-08-09T11:00:00.000000",23.7582321166992
"GB","2026-08-09T12:00:00.000000",23.7804298400879
"GB","2026-08-09T13:00:00.000000",23.8401203155518
"GB","2026-08-09T14:00:00.000000",23.9128570556641
"GB","2026-08-09T15:00:00.000000",23.9181613922119
"GB","2026-08-09T16:00:00.000000",23.999568939209
"GB","2026-08-09T17:00:00.000000",24.0787391662598
"GB","2026-08-09T18:00:00.000000",24.1636238098145
"GB","2026-08-09T19:00:00.000000",24.1951217651367
"GB","2026-08-09T20:00:00.000000",24.1996097564697
"GB","2026-08-09T21:00:00.000000",24.224666595459
"GB","2026-08-09T22:00:00.000000",24.2402763366699
"GB","2026-08-09T23:00:00.000000",24.2335777282715
"GB","2026-08-10T00:00:00.000000",24.2252006530762
"GB","2026-08-10T01:00:00.000000",23.4891319274902
"GB","2026-08-10T02:00:00.000000",23.4900722503662
"GB","2026-08-10T03:00:00.000000",23.346830368042
"GB","2026-08-10T04:00:00.000000",23.3052997589111
"GB","2026-08-10T05:00:00.000000",23.3228607177734
"GB","2026-08-10T06:00:00.000000",23.2908535003662
"GB","2026-08-10T07:00:00.000000",23.249870300293
"GB","2026-08-10T08:00:00.000000",23.252405166626
"GB","2026-08-10T09:00:00.000000",23.3450965881348
"GB","2026-08-10T10:00:00.000000",23.3831253051758
"GB","2026-08-10T11:00:00.000000",23.4236392974854
"GB","2026-08-10T12:00:00.000000",23.4665985107422
"GB","2026-08-10T13:00:00.000000",23.5116081237793
"GB","2026-08-10T14:00:00.000000",23.6240901947021
"GB","2026-08-10T15:00:00.000000",23.7430686950684
"GB","2026-08-10T16:00:00.000000",23.7209377288818
"GB","2026-08-10T17:00:00.000000",23.791971206665
"GB","2026-08-10T18:00:00.000000",23.8663711547852
"GB","2026-08-10T19:00:00.000000",23.9094905853271
"GB","2026-08-10T20:00:00.000000",23.9570598602295
"GB","2026-08-10T21:00:00.000000",23.8992652893066
"GB","2026-08-10T22:00:00.000000",23.9405689239502
"GB","2026-08-10T23:00:00.000000",23.931619644165
"GB","2026-08-11T00:00:00.000000",23.9237003326416
"GB","2026-08-11T01:00:00.000000",24.004508972168
"GB","2026-08-11T02:00:00.000000",24.0581722259521
"GB","2026-08-11T03:00:00.000000",24.0934391021729
"GB","2026-08-11T04:00:00.000000",24.0184288024902
"GB","2026-08-11T05:00:00.000000",23.9330043792725
"GB","2026-08-11T06:00:00.000000",23.9119338989258
"GB","2026-08-11T07:00:00.000000",23.8935737609863
"GB","2026-08-11T08:00:00.000000",23.8627052307129
"GB","2026-08-11T09:00:00.000000",23.8708953857422
"GB","2026-08-11T10:00:00.000000",24.04807472229
"GB","2026-08-11T11:00:00.000000",24.119291305542
"GB","2026-08-11T12:00:00.000000",24.1948089599609
"GB","2026-08-11T13:00:00.000000",24.2570762634277
"GB","2026-08-11T14:00:00.000000",24.3111743927002
"GB","2026-08-11T15:00:00.000000",24.4080905914307
"GB","2026-08-11T16:00:00.000000",24.5082397460938
"GB","2026-08-11T17:00:00.000000",24.3664093017578
"GB","2026-08-11T18:00:00.000000",24.4094638824463
"GB","2026-08-11T19:00:00.000000",24.4717807769775
"GB","2026-08-11T20:00:00.000000",24.4990940093994
"GB","2026-08-11T21:00:00.000000",24.4625129699707
"GB","2026-08-11T22:00:00.000000",24.4814510345459
"GB","2026-08-11T23:00:00.000000",24.4780673980713
"GB","2026-08-12T00:00:00.000000",24.482889175415
"GB","2026-08-12T01:00:00.000000",24.5625476837158
"GB","2026-08-12T02:00:00.000000",24.5863857269287
"GB","2026-08-12T03:00:00.000000",24.6080379486084
"GB","2026-08-12T04:00:00.000000",24.6079883575439
"GB","2026-08-12T05:00:00.000000",24.4770584106445
"GB","2026-08-12T06:00:00.000000",24.4245777130127
"GB","2026-08-12T07:00:00.000000",24.4599514007568
"GB","2026-08-12T08:00:00.000000",24.4475631713867
"GB","2026-08-12T09:00:00.000000",24.4153079986572
"GB","2026-08-12T10:00:00.000000",24.415225982666
"GB","2026-08-12T11:00:00.000000",24.5096435546875
"GB","2026-08-12T12:00:00.000000",24.5704212188721
"GB","2026-08-12T13:00:00.000000",24.6324558258057
"GB","2026-08-12T14:00:00.000000",24.6740646362305
"GB","2026-08-12T15:00:00.000000",24.7267818450928
"GB","2026-08-12T16:00:00.000000",24.8129329681396
"GB","2026-08-12T17:00:00.000000",24.8142623901367
"GB","2026-08-12T18:00:00.000000",24.6934013366699
"GB","2026-08-12T19:00:00.000000",24.7864475250244
"GB","2026-08-12T20:00:00.000000",24.8569412231445
"GB","2026-08-12T21:00:00.000000",24.8753986358643
"GB","2026-08-12T22:00:00.000000",24.8853015899658
"GB","2026-08-12T23:00:00.000000",24.8668231964111
"GB","2026-08-13T00:00:00.000000",24.9007549285889
"GB","2026-08-13T01:00:00.000000",24.8947563171387
"GB","2026-08-13T02:00:00.000000",24.8938102722168
"GB","2026-08-13T03:00:00.000000",24.9040641784668
"GB","2026-08-13T04:00:00.000000",24.9041881561279
"GB","2026-08-13T05:00:00.000000",24.9030742645264
"GB","2026-08-13T06:00:00.000000",24.8214778900146
"GB","2026-08-13T07:00:00.000000",24.8279762268066
"GB","2026-08-13T08:00:00.000000",24.8250484466553
"GB","2026-08-13T09:00:00.000000",24.8143577575684
"GB","2026-08-13T10:00:00.000000",24.7870616912842
"GB","2026-08-13T11:00:00.000000",24.8522701263428
"GB","2026-08-13T12:00:00.000000",24.8192825317383
"GB","2026-08-13T13:00:00.000000",24.8166790008545
"GB","2026-08-13T14:00:00.000000",24.8309001922607
"GB","2026-08-13T15:00:00.000000",24.8491306304932
"GB","2026-08-13T16:00:00.000000",24.8595218658447
"GB","2026-08-13T17:00:00.000000",24.9583225250244
"GB","2026-08-13T18:00:00.000000",24.9294738769531
"GB","2026-08-13T19:00:00.000000",24.9234008789062
"GB","2026-08-13T20:00:00.000000",25.0182952880859
"GB","2026-08-13T21:00:00.000000",25.0865173339844
"GB","2026-08-13T22:00:00.000000",25.1108818054199
"GB","2026-08-13T23:00:00.000000",25.15456199646
"GB","2026-08-14T00:00:00.000000",25.0794849395752
"GB","2026-08-14T01:00:00.000000",25.0289039611816
"GB","2026-08-14T02:00:00.000000",25.0010280609131
"GB","2026-08-14T03:00:00.000000",24.9903335571289
"GB","2026-08-14T04:00:00.000000",24.9801120758057
"GB","2026-08-14T05:00:00.000000",24.9976005554199
"GB","2026-08-14T06:00:00.000000",24.9990329742432
"GB","2026-08-14T07:00:00.000000",24.9466781616211
"GB","2026-08-14T08:00:00.000000",24.976490020752
"GB","2026-08-14T09:00:00.000000",24.9942035675049
"GB","2026-08-14T10:00:00.000000",24.9933891296387
"GB","2026-08-14T11:00:00.000000",24.9722213745117
"GB","2026-08-14T12:00:00.000000",25.0810108184814
"GB","2026-08-14T13:00:00.000000",24.9904117584229
"GB","2026-08-14T14:00:00.000000",24.9817295074463
"GB","2026-08-14T15:00:00.000000",24.9965553283691
"GB","2026-08-14T16:00:00.000000",25.0255966186523
"GB","2026-08-14T17:00:00.000000",25.0547885894775
"GB","2026-08-14T18:00:00.000000",25.1844806671143
"GB","2026-08-14T19:00:00.000000",25.1341457366943
"GB","2026-08-14T20:00:00.000000",25.2128200531006
"GB","2026-08-14T21:00:00.000000",25.3097095489502
"GB","2026-08-14T22:00:00.000000",25.3391075134277
"GB","2026-08-14T23:00:00.000000",25.336742401123
"GB","2026-08-15T00:00:00.000000",25.3805484771729
"LI","2026-08-09T00:00:00.000000",24.8301582336426
"LI","2026-08-09T01:00:00.000000",24.7454872131348
"LI","2026-08-09T02:00:00.000000",24.7276744842529
"LI","2026-08-09T03:00:00.000000",24.7407665252686
"LI","2026-08-09T04:00:00.000000",24.7573833465576
"LI","2026-08-09T05:00:00.000000",24.7469673156738
"LI","2026-08-09T06:00:00.000000",24.7167129516602
"LI","2026-08-09T07:00:00.000000",24.7352714538574
"LI","2026-08-09T08:00:00.000000",24.7242870330811
"LI","2026-08-09T09:00:00.000000",24.7200984954834
"LI","2026-08-09T10:00:00.000000",24.7191505432129
"LI","2026-08-09T11:00:00.000000",24.7419719696045
"LI","2026-08-09T12:00:00.000000",24.7960395812988
"LI","2026-08-09T13:00:00.000000",24.8378105163574
"LI","2026-08-09T14:00:00.000000",24.9068050384521
"LI","2026-08-09T15:00:00.000000",25.0052185058594
"LI","2026-08-09T16:00:00.000000",25.0230045318604
"LI","2026-08-09T17:00:00.000000",25.0596961975098
"LI","2026-08-09T18:00:00.000000",25.0708103179932
"LI","2026-08-09T19:00:00.000000",25.0752201080322
"LI","2026-08-09T20:00:00.000000",25.0322170257568
"LI","2026-08-09T21:00:00.000000",24.9898300170898
"LI","2026-08-09T22:00:00.000000",24.9904975891113
"LI","2026-08-09T23:00:00.000000",24.9949798583984
"LI","2026-08-10T00:00:00.000000",24.9952812194824
"LI","2026-08-10T01:00:00.000000",24.5425758361816
"LI","2026-08-10T02:00:00.000000",24.4590034484863
"LI","2026-08-10T03:00:00.000000",24.4159049987793
"LI","2026-08-10T04:00:00.000000",24.3950710296631
"LI","2026-08-10T05:00:00.000000",24.3960247039795
"LI","2026-08-10T06:00:00.000000",24.3360118865967
"LI","2026-08-10T07:00:00.000000",24.31760597229
"LI","2026-08-10T08:00:00.000000",24.3262100219727
"LI","2026-08-10T09:00:00.000000",24.3643951416016
"LI","2026-08-10T10:00:00.000000",24.3488941192627
"LI","2026-08-10T11:00:00.000000",24.3609390258789
"LI","2026-08-10T12:00:00.000000",24.390645980835
"LI","2026-08-10T13:00:00.000000",24.444616317749
"LI","2026-08-10T14:00:00.000000",24.5082225799561
"LI","2026-08-10T15:00:00.000000",24.5957851409912
"LI","2026-08-10T16:00:00.000000",24.6631488800049
"LI","2026-08-10T17:00:00.000000",24.7212753295898
"LI","2026-08-10T18:00:00.000000",24.758768081665
"LI","2026-08-10T19:00:00.000000",24.7580318450928
"LI","2026-08-10T20:00:00.000000",24.7611694335938
"LI","2026-08-10T21:00:00.000000",24.6993160247803
"LI","2026-08-10T22:00:00.000000",24.682409286499
"LI","2026-08-10T23:00:00.000000",24.690279006958
"LI","2026-08-11T00:00:00.000000",24.7001895904541
"LI","2026-08-11T01:00:00.000000",24.7779216766357
"LI","2026-08-11T02:00:00.000000",24.7970905303955
"LI","2026-08-11T03:00:00.000000",24.8092384338379
"LI","2026-08-11T04:00:00.000000",24.7825622558594
"LI","2026-08-11T05:00:00.000000",24.7623062133789
"LI","2026-08-11T06:00:00.000000",24.7558403015137
"LI","2026-08-11T07:00:00.000000",24.7174110412598
"LI","2026-08-11T08:00:00.000000",24.7024784088135
"LI","2026-08-11T09:00:00.000000",24.7028331756592
"LI","2026-08-11T10:00:00.000000",24.6922073364258
"LI","2026-08-11T11:00:00.000000",24.6948871612549
"LI","2026-08-11T12:00:00.000000",24.7272911071777
"LI","2026-08-11T13:00:00.000000",24.7700119018555
"LI","2026-08-11T14:00:00.000000",24.8481616973877
"LI","2026-08-11T15:00:00.000000",24.9428157806396
"LI","2026-08-11T16:00:00.000000",24.9915466308594
"LI","2026-08-11T17:00:00.000000",25.0442943572998
"LI","2026-08-11T18:00:00.000000",25.1102676391602
"LI","2026-08-11T19:00:00.000000",25.1048717498779
"LI","2026-08-11T20:00:00.000000",25.1125354766846
"LI","2026-08-11T21:00:00.000000",25.101655960083
"LI","2026-08-11T22:00:00.000000",25.0685005187988
"LI","2026-08-11T23:00:00.000000",25.0520038604736
"LI","2026-08-12T00:00:00.000000",25.0286903381348
"LI","2026-08-12T01:00:00.000000",25.077241897583
"LI","2026-08-12T02:00:00.000000",25.0580501556396
"LI","2026-08-12T03:00:00.000000",25.0349903106689
"LI","2026-08-12T04:00:00.000000",25.0250644683838
"LI","2026-08-12T05:00:00.000000",25.0168533325195
"LI","2026-08-12T06:00:00.000000",25.0010318756104
"LI","2026-08-12T07:00:00.000000",24.9933185577393
"LI","2026-08-12T08:00:00.000000",24.9823246002197
"LI","2026-08-12T09:00:00.000000",24.9566631317139
"LI","2026-08-12T10:00:00.000000",24.9559650421143
"LI","2026-08-12T11:00:00.000000",24.9582633972168
"LI","2026-08-12T12:00:00.000000",24.9539566040039
"LI","2026-08-12T13:00:00.000000",24.9529647827148
"LI","2026-08-12T14:00:00.000000",24.9662475585938
"LI","2026-08-12T15:00:00.000000",25.0085601806641
"LI","2026-08-12T16:00:00.000000",25.0768508911133
"LI","2026-08-12T17:00:00.000000",25.162467956543
"LI","2026-08-12T18:00:00.000000",25.2553806304932
"LI","2026-08-12T19:00:00.000000",25.3191013336182
"LI","2026-08-12T20:00:00.000000",25.3632621765137
"LI","2026-08-12T21:00:00.000000",25.3776149749756
"LI","2026-08-12T22:00:00.000000",25.2976112365723
"LI","2026-08-12T23:00:00.000000",25.2445659637451
"LI","2026-08-13T00:00:00.000000",25.2367134094238
"LI","2026-08-13T01:00:00.000000",25.2285232543945
"LI","2026-08-13T02:00:00.000000",25.2271499633789
"LI","2026-08-13T03:00:00.000000",25.2785778045654
"LI","2026-08-13T04:00:00.000000",25.3173999786377
"LI","2026-08-13T05:00:00.000000",25.320291519165
"LI","2026-08-13T06:00:00.000000",25.3111038208008
"LI","2026-08-13T07:00:00.000000",25.2965908050537
"LI","2026-08-13T08:00:00.000000",25.2916870117188
"LI","2026-08-13T09:00:00.000000",25.2640075683594
"LI","2026-08-13T10:00:00.000000",25.2213573455811
"LI","2026-08-13T11:00:00.000000",25.2061386108398
"LI","2026-08-13T12:00:00.000000",25.1915588378906
"LI","2026-08-13T13:00:00.000000",25.1828498840332
"LI","2026-08-13T14:00:00.000000",25.1984996795654
"LI","2026-08-13T15:00:00.000000",25.2391300201416
"LI","2026-08-13T16:00:00.000000",25.3039379119873
"LI","2026-08-13T17:00:00.000000",25.3513240814209
"LI","2026-08-13T18:00:00.000000",25.3907241821289
"LI","2026-08-13T19:00:00.000000",25.4128646850586
"LI","2026-08-13T20:00:00.000000",25.4224891662598
"LI","2026-08-13T21:00:00.000000",25.4552001953125
"LI","2026-08-13T22:00:00.000000",25.4683837890625
"LI","2026-08-13T23:00:00.000000",25.41432762146
"LI","2026-08-14T00:00:00.000000",25.3823013305664
"LI","2026-08-14T01:00:00.000000",25.372875213623
"LI","2026-08-14T02:00:00.000000",25.3630924224854
"LI","2026-08-14T03:00:00.000000",25.3557071685791
"LI","2026-08-14T04:00:00.000000",25.3826332092285
"LI","2026-08-14T05:00:00.000000",25.4089946746826
"LI","2026-08-14T06:00:00.000000",25.4088230133057
"LI","2026-08-14T07:00:00.000000",25.3907299041748
"LI","2026-08-14T08:00:00.000000",25.3727207183838
"LI","2026-08-14T09:00:00.000000",25.3734607696533
"LI","2026-08-14T10:00:00.000000",25.3449840545654
"LI","2026-08-14T11:00:00.000000",25.3230438232422
"LI","2026-08-14T12:00:00.000000",25.3348255157471
"LI","2026-08-14T13:00:00.000000",25.3394432067871
"LI","2026-08-14T14:00:00.000000",25.3524112701416
"LI","2026-08-14T15:00:00.000000",25.3839302062988
"LI","2026-08-14T16:00:00.000000",25.435359954834
"LI","2026-08-14T17:00:00.000000",25.5074081420898
"LI","2026-08-14T18:00:00.000000",25.5827560424805
"LI","2026-08-14T19:00:00.000000",25.6545085906982
"LI","2026-08-14T20:00:00.000000",25.6920299530029
"LI","2026-08-14T21:00:00.000000",25.6746635437012
"LI","2026-08-14T22:00:00.000000",25.6641292572021
"LI","2026-08-14T23:00:00.000000",25.6808757781982
"LI","2026-08-15T00:00:00.000000",25.6503639221191
"OB","2026-08-09T00:00:00.000000",23.3521537780762
"OB","2026-08-09T01:00:00.000000",23.5740947723389
"OB","2026-08-09T02:00:00.000000",23.6774520874023
"OB","2026-08-09T03:00:00.000000",23.7319927215576
"OB","2026-08-09T04:00:00.000000",23.7628936767578
"OB","2026-08-09T05:00:00.000000",23.7772636413574
"OB","2026-08-09T06:00:00.000000",23.7999248504639
"OB","2026-08-09T07:00:00.000000",23.7564659118652
"OB","2026-08-09T08:00:00.000000",23.6771545410156
"OB","2026-08-09T09:00:00.000000",23.6187915802002
"OB","2026-08-09T10:00:00.000000",23.6091079711914
"OB","2026-08-09T11:00:00.000000",23.5937747955322
"OB","2026-08-09T12:00:00.000000",23.6217918395996
"OB","2026-08-09T13:00:00.000000",23.6583251953125
"OB","2026-08-09T14:00:00.000000",23.7001285552979
"OB","2026-08-09T15:00:00.000000",23.732234954834
"OB","2026-08-09T16:00:00.000000",23.7513866424561
"OB","2026-08-09T17:00:00.000000",23.7612209320068
"OB","2026-08-09T18:00:00.000000",23.7727146148682
"OB","2026-08-09T19:00:00.000000",23.7637386322021
"OB","2026-08-09T20:00:00.000000",23.5699996948242
"OB","2026-08-09T21:00:00.000000",23.079610824585
"OB","2026-08-09T22:00:00.000000",22.7701320648193
"OB","2026-08-09T23:00:00.000000",22.7168159484863
"OB","2026-08-10T00:00:00.000000",22.8228988647461
"OB","2026-08-10T01:00:00.000000",23.2692737579346
"OB","2026-08-10T02:00:00.000000",23.4857120513916
"OB","2026-08-10T03:00:00.000000",23.6710510253906
"OB","2026-08-10T04:00:00.000000",23.7723503112793
"OB","2026-08-10T05:00:00.000000",23.818717956543
"OB","2026-08-10T06:00:00.000000",23.8458919525146
"OB","2026-08-10T07:00:00.000000",23.8687038421631
"OB","2026-08-10T08:00:00.000000",23.8225555419922
"OB","2026-08-10T09:00:00.000000",23.6300449371338
"OB","2026-08-10T10:00:00.000000",23.5082874298096
"OB","2026-08-10T11:00:00.000000",23.3396854400635
"OB","2026-08-10T12:00:00.000000",23.355525970459
"OB","2026-08-10T13:00:00.000000",23.4196739196777
"OB","2026-08-10T14:00:00.000000",23.5826549530029
"OB","2026-08-10T15:00:00.000000",23.6860961914062
"OB","2026-08-10T16:00:00.000000",23.7505569458008
"OB","2026-08-10T17:00:00.000000",23.7854919433594
"OB","2026-08-10T18:00:00.000000",23.8068828582764
"OB","2026-08-10T19:00:00.000000",23.8193588256836
"OB","2026-08-10T20:00:00.000000",23.7581806182861
"OB","2026-08-10T21:00:00.000000",23.2792186737061
"OB","2026-08-10T22:00:00.000000",22.3021850585938
"OB","2026-08-10T23:00:00.000000",21.925142288208
"OB","2026-08-11T00:00:00.000000",21.8405952453613
"OB","2026-08-11T01:00:00.000000",22.7227058410645
"OB","2026-08-11T02:00:00.000000",23.1074676513672
"OB","2026-08-11T03:00:00.000000",23.4333572387695
"OB","2026-08-11T04:00:00.000000",23.7855796813965
"OB","2026-08-11T05:00:00.000000",23.9830989837646
"OB","2026-08-11T06:00:00.000000",24.1367626190186
"OB","2026-08-11T07:00:00.000000",24.20583152771
"OB","2026-08-11T08:00:00.000000",24.1893043518066
"OB","2026-08-11T09:00:00.000000",24.0225200653076
"OB","2026-08-11T10:00:00.000000",23.7021255493164
"OB","2026-08-11T11:00:00.000000",23.4709453582764
"OB","2026-08-11T12:00:00.000000",23.2741947174072
"OB","2026-08-11T13:00:00.000000",23.2583408355713
"OB","2026-08-11T14:00:00.000000",23.4194450378418
"OB","2026-08-11T15:00:00.000000",23.6324043273926
"OB","2026-08-11T16:00:00.000000",23.8149681091309
"OB","2026-08-11T17:00:00.000000",23.9456195831299
"OB","2026-08-11T18:00:00.000000",24.0186157226562
"OB","2026-08-11T19:00:00.000000",24.0531959533691
"OB","2026-08-11T20:00:00.000000",24.0342483520508
"OB","2026-08-11T21:00:00.000000",23.933801651001
"OB","2026-08-11T22:00:00.000000",23.2599506378174
"OB","2026-08-11T23:00:00.000000",22.6224231719971
"OB","2026-08-12T00:00:00.000000",22.3685188293457
"OB","2026-08-12T01:00:00.000000",22.3697719573975
"OB","2026-08-12T02:00:00.000000",22.4249382019043
"OB","2026-08-12T03:00:00.000000",22.5900745391846
"OB","2026-08-12T04:00:00.000000",22.8331203460693
"OB","2026-08-12T05:00:00.000000",23.0724678039551
"OB","2026-08-12T06:00:00.000000",23.214822769165
"OB","2026-08-12T07:00:00.000000",23.2945232391357
"OB","2026-08-12T08:00:00.000000",23.3482360839844
"OB","2026-08-12T09:00:00.000000",23.3144359588623
"OB","2026-08-12T10:00:00.000000",23.1426372528076
"OB","2026-08-12T11:00:00.000000",22.816556930542
"OB","2026-08-12T12:00:00.000000",22.6622447967529
"OB","2026-08-12T13:00:00.000000",22.5722179412842
"OB","2026-08-12T14:00:00.000000",22.6581935882568
"OB","2026-08-12T15:00:00.000000",22.7681102752686
"OB","2026-08-12T16:00:00.000000",22.9113521575928
"OB","2026-08-12T17:00:00.000000",23.026403427124
"OB","2026-08-12T18:00:00.000000",23.1167030334473
"OB","2026-08-12T19:00:00.000000",23.1861305236816
"OB","2026-08-12T20:00:00.000000",23.2128582000732
"OB","2026-08-12T21:00:00.000000",23.1999607086182
"OB","2026-08-12T22:00:00.000000",23.0666599273682
"OB","2026-08-12T23:00:00.000000",22.7085266113281
"OB","2026-08-13T00:00:00.000000",22.5523128509521
"OB","2026-08-13T01:00:00.000000",22.5052242279053
"OB","2026-08-13T02:00:00.000000",22.5140781402588
"OB","2026-08-13T03:00:00.000000",22.5483226776123
"OB","2026-08-13T04:00:00.000000",22.6627025604248
"OB","2026-08-13T05:00:00.000000",22.8019599914551
"OB","2026-08-13T06:00:00.000000",22.9514141082764
"OB","2026-08-13T07:00:00.000000",23.0470066070557
"OB","2026-08-13T08:00:00.000000",23.1358165740967
"OB","2026-08-13T09:00:00.000000",23.1803798675537
"OB","2026-08-13T10:00:00.000000",23.1394786834717
"OB","2026-08-13T11:00:00.000000",22.9177761077881
"OB","2026-08-13T12:00:00.000000",22.68434715271
"OB","2026-08-13T13:00:00.000000",22.6093063354492
"OB","2026-08-13T14:00:00.000000",22.6189403533936
"OB","2026-08-13T15:00:00.000000",22.6460819244385
"OB","2026-08-13T16:00:00.000000",22.7548122406006
"OB","2026-08-13T17:00:00.000000",22.8665866851807
"OB","2026-08-13T18:00:00.000000",22.9548721313477
"OB","2026-08-13T19:00:00.000000",23.0169925689697
"OB","2026-08-13T20:00:00.000000",23.0547523498535
"OB","2026-08-13T21:00:00.000000",23.0853290557861
"OB","2026-08-13T22:00:00.000000",23.0832366943359
"OB","2026-08-13T23:00:00.000000",22.9675693511963
"OB","2026-08-14T00:00:00.000000",22.7369499206543
"OB","2026-08-14T01:00:00.000000",22.718448638916
"OB","2026-08-14T02:00:00.000000",22.7151947021484
"OB","2026-08-14T03:00:00.000000",22.7180423736572
"OB","2026-08-14T04:00:00.000000",22.7381439208984
"OB","2026-08-14T05:00:00.000000",22.7799377441406
"OB","2026-08-14T06:00:00.000000",22.8515148162842
"OB","2026-08-14T07:00:00.000000",22.9303722381592
"OB","2026-08-14T08:00:00.000000",22.9789657592773
"OB","2026-08-14T09:00:00.000000",23.0402374267578
"OB","2026-08-14T10:00:00.000000",23.0715847015381
"OB","2026-08-14T11:00:00.000000",23.0286846160889
"OB","2026-08-14T12:00:00.000000",22.8836269378662
"OB","2026-08-14T13:00:00.000000",22.7982387542725
"OB","2026-08-14T14:00:00.000000",22.7810001373291
"OB","2026-08-14T15:00:00.000000",22.7824993133545
"OB","2026-08-14T16:00:00.000000",22.8173713684082
"OB","2026-08-14T17:00:00.000000",22.8612403869629
"OB","2026-08-14T18:00:00.000000",22.8996276855469
"OB","2026-08-14T19:00:00.000000",22.9373226165771
"OB","2026-08-14T20:00:00.000000",22.9630088806152
"OB","2026-08-14T21:00:00.000000",22.9836330413818
"OB","2026-08-14T22:00:00.000000",23.0106105804443
"OB","2026-08-14T23:00:00.000000",23.0124626159668
"OB","2026-08-15T00:00:00.000000",22.9450035095215
"WC","2026-08-09T00:00:00.000000",24.5521430969238
"WC","2026-08-09T01:00:00.000000",23.8359394073486
"WC","2026-08-09T02:00:00.000000",23.6895332336426
"WC","2026-08-09T03:00:00.000000",23.6241188049316
"WC","2026-08-09T04:00:00.000000",23.5878715515137
"WC","2026-08-09T05:00:00.000000",23.621374130249
"WC","2026-08-09T06:00:00.000000",23.6449489593506
"WC","2026-08-09T07:00:00.000000",23.892879486084
"WC","2026-08-09T08:00:00.000000",24.1573028564453
"WC","2026-08-09T09:00:00.000000",24.1769618988037
"WC","2026-08-09T10:00:00.000000",24.1639709472656
"WC","2026-08-09T11:00:00.000000",24.161226272583
"WC","2026-08-09T12:00:00.000000",24.1484241485596
"WC","2026-08-09T13:00:00.000000",23.9575347900391
"WC","2026-08-09T14:00:00.000000",23.6461486816406
"WC","2026-08-09T15:00:00.000000",23.5955867767334
"WC","2026-08-09T16:00:00.000000",23.5894145965576
"WC","2026-08-09T17:00:00.000000",23.6046371459961
"WC","2026-08-09T18:00:00.000000",23.7768268585205
"WC","2026-08-09T19:00:00.000000",24.1239910125732
"WC","2026-08-09T20:00:00.000000",24.5688915252686
"WC","2026-08-09T21:00:00.000000",24.6422328948975
"WC","2026-08-09T22:00:00.000000",24.6523170471191
"WC","2026-08-09T23:00:00.000000",24.6404457092285
"WC","2026-08-10T00:00:00.000000",24.636962890625
"WC","2026-08-10T01:00:00.000000",23.9113368988037
"WC","2026-08-10T02:00:00.000000",23.6720027923584
"WC","2026-08-10T03:00:00.000000",23.5421333312988
"WC","2026-08-10T04:00:00.000000",23.3849983215332
"WC","2026-08-10T05:00:00.000000",23.3425731658936
"WC","2026-08-10T06:00:00.000000",23.2793521881104
"WC","2026-08-10T07:00:00.000000",22.9971008300781
"WC","2026-08-10T08:00:00.000000",23.4606323242188
"WC","2026-08-10T09:00:00.000000",24.0604686737061
"WC","2026-08-10T10:00:00.000000",24.1789836883545
"WC","2026-08-10T11:00:00.000000",24.1761074066162
"WC","2026-08-10T12:00:00.000000",24.1461448669434
"WC","2026-08-10T13:00:00.000000",24.1415596008301
"WC","2026-08-10T14:00:00.000000",23.6551189422607
"WC","2026-08-10T15:00:00.000000",23.0880489349365
"WC","2026-08-10T16:00:00.000000",22.8815841674805
"WC","2026-08-10T17:00:00.000000",22.8400287628174
"WC","2026-08-10T18:00:00.000000",22.840991973877
"WC","2026-08-10T19:00:00.000000",22.785514831543
"WC","2026-08-10T20:00:00.000000",23.5161209106445
"WC","2026-08-10T21:00:00.000000",24.5508518218994
"WC","2026-08-10T22:00:00.000000",24.7260627746582
"WC","2026-08-10T23:00:00.000000",24.7488327026367
"WC","2026-08-11T00:00:00.000000",24.7363185882568
"WC","2026-08-11T01:00:00.000000",24.4510078430176
"WC","2026-08-11T02:00:00.000000",24.4662990570068
"WC","2026-08-11T03:00:00.000000",24.2853393554688
"WC","2026-08-11T04:00:00.000000",23.9841861724854
"WC","2026-08-11T05:00:00.000000",23.8103904724121
"WC","2026-08-11T06:00:00.000000",23.6451778411865
"WC","2026-08-11T07:00:00.000000",23.6370239257812
"WC","2026-08-11T08:00:00.000000",23.4652633666992
"WC","2026-08-11T09:00:00.000000",24.0221672058105
"WC","2026-08-11T10:00:00.000000",24.4592323303223
"WC","2026-08-11T11:00:00.000000",24.499080657959
"WC","2026-08-11T12:00:00.000000",24.5204334259033
"WC","2026-08-11T13:00:00.000000",24.5469245910645
"WC","2026-08-11T14:00:00.000000",24.5767498016357
"WC","2026-08-11T15:00:00.000000",24.3310489654541
"WC","2026-08-11T16:00:00.000000",23.6872711181641
"WC","2026-08-11T17:00:00.000000",23.3296699523926
"WC","2026-08-11T18:00:00.000000",23.1984901428223
"WC","2026-08-11T19:00:00.000000",23.1618213653564
"WC","2026-08-11T20:00:00.000000",23.3465614318848
"WC","2026-08-11T21:00:00.000000",24.0244617462158
"WC","2026-08-11T22:00:00.000000",24.9225597381592
"WC","2026-08-11T23:00:00.000000",25.0289039611816
"WC","2026-08-12T00:00:00.000000",25.0691986083984
"WC","2026-08-12T01:00:00.000000",25.0831680297852
"WC","2026-08-12T02:00:00.000000",25.1346302032471
"WC","2026-08-12T03:00:00.000000",25.263069152832
"WC","2026-08-12T04:00:00.000000",25.0426635742188
"WC","2026-08-12T05:00:00.000000",24.7881259918213
"WC","2026-08-12T06:00:00.000000",24.6062984466553
"WC","2026-08-12T07:00:00.000000",24.501256942749
"WC","2026-08-12T08:00:00.000000",24.5122756958008
"WC","2026-08-12T09:00:00.000000",24.5943660736084
"WC","2026-08-12T10:00:00.000000",24.6630477905273
"WC","2026-08-12T11:00:00.000000",24.9246654510498
"WC","2026-08-12T12:00:00.000000",24.9391593933105
"WC","2026-08-12T13:00:00.000000",24.955020904541
"WC","2026-08-12T14:00:00.000000",24.9644775390625
"WC","2026-08-12T15:00:00.000000",24.9644756317139
"WC","2026-08-12T16:00:00.000000",24.747631072998
"WC","2026-08-12T17:00:00.000000",24.4140377044678
"WC","2026-08-12T18:00:00.000000",24.2110977172852
"WC","2026-08-12T19:00:00.000000",24.1028118133545
"WC","2026-08-12T20:00:00.000000",24.1015930175781
"WC","2026-08-12T21:00:00.000000",24.0816020965576
"WC","2026-08-12T22:00:00.000000",24.6124820709229
"WC","2026-08-12T23:00:00.000000",25.3377666473389
"WC","2026-08-13T00:00:00.000000",25.3682289123535
"WC","2026-08-13T01:00:00.000000",25.3734741210938
"WC","2026-08-13T02:00:00.000000",25.3774108886719
"WC","2026-08-13T03:00:00.000000",25.3774089813232
"WC","2026-08-13T04:00:00.000000",25.337682723999
"WC","2026-08-13T05:00:00.000000",24.6905403137207
"WC","2026-08-13T06:00:00.000000",24.2736396789551
"WC","2026-08-13T07:00:00.000000",24.1500091552734
"WC","2026-08-13T08:00:00.000000",24.0959625244141
"WC","2026-08-13T09:00:00.000000",24.1372814178467
"WC","2026-08-13T10:00:00.000000",24.5281524658203
"WC","2026-08-13T11:00:00.000000",25.011381149292
"WC","2026-08-13T12:00:00.000000",25.1807518005371
"WC","2026-08-13T13:00:00.000000",25.2080898284912
"WC","2026-08-13T14:00:00.000000",25.2176074981689
"WC","2026-08-13T15:00:00.000000",25.2249050140381
"WC","2026-08-13T16:00:00.000000",25.2300777435303
"WC","2026-08-13T17:00:00.000000",24.7775554656982
"WC","2026-08-13T18:00:00.000000",24.3042640686035
"WC","2026-08-13T19:00:00.000000",24.1508350372314
"WC","2026-08-13T20:00:00.000000",24.1135692596436
"WC","2026-08-13T21:00:00.000000",24.089542388916
"WC","2026-08-13T22:00:00.000000",24.4018573760986
"WC","2026-08-13T23:00:00.000000",25.0085391998291
"WC","2026-08-14T00:00:00.000000",25.3581523895264
"WC","2026-08-14T01:00:00.000000",25.3579196929932
"WC","2026-08-14T02:00:00.000000",25.3571720123291
"WC","2026-08-14T03:00:00.000000",25.3571910858154
"WC","2026-08-14T04:00:00.000000",25.3571910858154
"WC","2026-08-14T05:00:00.000000",25.2646026611328
"WC","2026-08-14T06:00:00.000000",24.6251277923584
"WC","2026-08-14T07:00:00.000000",24.2944183349609
"WC","2026-08-14T08:00:00.000000",24.1601696014404
"WC","2026-08-14T09:00:00.000000",24.0593776702881
"WC","2026-08-14T10:00:00.000000",24.2330341339111
"WC","2026-08-14T11:00:00.000000",24.7449569702148
"WC","2026-08-14T12:00:00.000000",25.1013660430908
"WC","2026-08-14T13:00:00.000000",25.1778564453125
"WC","2026-08-14T14:00:00.000000",25.1778545379639
"WC","2026-08-14T15:00:00.000000",25.1778545379639
"WC","2026-08-14T16:00:00.000000",25.1877460479736
"WC","2026-08-14T17:00:00.000000",25.1890964508057
"WC","2026-08-14T18:00:00.000000",24.7437419891357
"WC","2026-08-14T19:00:00.000000",24.3204135894775
"WC","2026-08-14T20:00:00.000000",24.1892261505127
"WC","2026-08-14T21:00:00.000000",24.1566143035889
"WC","2026-08-14T22:00:00.000000",24.1676998138428
"WC","2026-08-14T23:00:00.000000",24.5333099365234
"WC","2026-08-15T00:00:00.000000",25.2025966644287
"WI","2026-08-09T00:00:00.000000",25.0870704650879
"WI","2026-08-09T01:00:00.000000",24.8047904968262
"WI","2026-08-09T02:00:00.000000",24.8495273590088
"WI","2026-08-09T03:00:00.000000",24.8959312438965
"WI","2026-08-09T04:00:00.000000",24.9347877502441
"WI","2026-08-09T05:00:00.000000",24.9538059234619
"WI","2026-08-09T06:00:00.000000",24.8749332427979
"WI","2026-08-09T07:00:00.000000",24.8534851074219
"WI","2026-08-09T08:00:00.000000",24.8588714599609
"WI","2026-08-09T09:00:00.000000",24.8651809692383
"WI","2026-08-09T10:00:00.000000",24.8753070831299
"WI","2026-08-09T11:00:00.000000",24.8931045532227
"WI","2026-08-09T12:00:00.000000",24.9213123321533
"WI","2026-08-09T13:00:00.000000",24.9692974090576
"WI","2026-08-09T14:00:00.000000",25.0455589294434
"WI","2026-08-09T15:00:00.000000",25.0961017608643
"WI","2026-08-09T16:00:00.000000",25.1188774108887
"WI","2026-08-09T17:00:00.000000",25.1694164276123
"WI","2026-08-09T18:00:00.000000",25.2002506256104
"WI","2026-08-09T19:00:00.000000",25.3160572052002
"WI","2026-08-09T20:00:00.000000",25.410213470459
"WI","2026-08-09T21:00:00.000000",25.4609031677246
"WI","2026-08-09T22:00:00.000000",25.4993572235107
"WI","2026-08-09T23:00:00.000000",25.4732894897461
"WI","2026-08-10T00:00:00.000000",25.325366973877
"WI","2026-08-10T01:00:00.000000",24.9956302642822
"WI","2026-08-10T02:00:00.000000",24.9425926208496
"WI","2026-08-10T03:00:00.000000",24.958948135376
"WI","2026-08-10T04:00:00.000000",25.0377388000488
"WI","2026-08-10T05:00:00.000000",25.0804538726807
"WI","2026-08-10T06:00:00.000000",25.1359310150146
"WI","2026-08-10T07:00:00.000000",25.0611972808838
"WI","2026-08-10T08:00:00.000000",24.9788017272949
"WI","2026-08-10T09:00:00.000000",24.9538993835449
"WI","2026-08-10T10:00:00.000000",24.9357147216797
"WI","2026-08-10T11:00:00.000000",24.9519958496094
"WI","2026-08-10T12:00:00.000000",25.0391044616699
"WI","2026-08-10T13:00:00.000000",25.1286182403564
"WI","2026-08-10T14:00:00.000000",25.2185516357422
"WI","2026-08-10T15:00:00.000000",25.2845058441162
"WI","2026-08-10T16:00:00.000000",25.2604541778564
"WI","2026-08-10T17:00:00.000000",25.277286529541
"WI","2026-08-10T18:00:00.000000",25.3156185150146
"WI","2026-08-10T19:00:00.000000",25.3471508026123
"WI","2026-08-10T20:00:00.000000",25.4657287597656
"WI","2026-08-10T21:00:00.000000",25.5231914520264
"WI","2026-08-10T22:00:00.000000",25.5518455505371
"WI","2026-08-10T23:00:00.000000",25.5576648712158
"WI","2026-08-11T00:00:00.000000",25.5627555847168
"WI","2026-08-11T01:00:00.000000",24.9511260986328
"WI","2026-08-11T02:00:00.000000",24.8566188812256
"WI","2026-08-11T03:00:00.000000",24.8422889709473
"WI","2026-08-11T04:00:00.000000",24.8600387573242
"WI","2026-08-11T05:00:00.000000",24.9102478027344
"WI","2026-08-11T06:00:00.000000",24.9273147583008
"WI","2026-08-11T07:00:00.000000",24.9181537628174
"WI","2026-08-11T08:00:00.000000",24.8704814910889
"WI","2026-08-11T09:00:00.000000",24.8503265380859
"WI","2026-08-11T10:00:00.000000",24.8376903533936
"WI","2026-08-11T11:00:00.000000",24.8411998748779
"WI","2026-08-11T12:00:00.000000",24.8775215148926
"WI","2026-08-11T13:00:00.000000",24.9653549194336
"WI","2026-08-11T14:00:00.000000",25.0329513549805
"WI","2026-08-11T15:00:00.000000",25.1117687225342
"WI","2026-08-11T16:00:00.000000",25.1746730804443
"WI","2026-08-11T17:00:00.000000",25.1293144226074
"WI","2026-08-11T18:00:00.000000",25.1360473632812
"WI","2026-08-11T19:00:00.000000",25.1434326171875
"WI","2026-08-11T20:00:00.000000",25.206184387207
"WI","2026-08-11T21:00:00.000000",25.3101997375488
"WI","2026-08-11T22:00:00.000000",25.344367980957
"WI","2026-08-11T23:00:00.000000",25.3320980072021
"WI","2026-08-12T00:00:00.000000",25.3097763061523
"WI","2026-08-12T01:00:00.000000",25.2956123352051
"WI","2026-08-12T02:00:00.000000",25.278829574585
"WI","2026-08-12T03:00:00.000000",25.2827987670898
"WI","2026-08-12T04:00:00.000000",25.2876224517822
"WI","2026-08-12T05:00:00.000000",25.3245639801025
"WI","2026-08-12T06:00:00.000000",25.3455657958984
"WI","2026-08-12T07:00:00.000000",25.339771270752
"WI","2026-08-12T08:00:00.000000",25.3306255340576
"WI","2026-08-12T09:00:00.000000",25.3045997619629
"WI","2026-08-12T10:00:00.000000",25.2759990692139
"WI","2026-08-12T11:00:00.000000",25.2526264190674
"WI","2026-08-12T12:00:00.000000",25.2519397735596
"WI","2026-08-12T13:00:00.000000",25.2806587219238
"WI","2026-08-12T14:00:00.000000",25.317174911499
"WI","2026-08-12T15:00:00.000000",25.3478202819824
"WI","2026-08-12T16:00:00.000000",25.3954486846924
"WI","2026-08-12T17:00:00.000000",25.4509162902832
"WI","2026-08-12T18:00:00.000000",25.4472770690918
"WI","2026-08-12T19:00:00.000000",25.4396228790283
"WI","2026-08-12T20:00:00.000000",25.4409351348877
"WI","2026-08-12T21:00:00.000000",25.5697689056396
"WI","2026-08-12T22:00:00.000000",25.722261428833
"WI","2026-08-12T23:00:00.000000",25.7295932769775
"WI","2026-08-13T00:00:00.000000",25.726001739502
"WI","2026-08-13T01:00:00.000000",25.7345237731934
"WI","2026-08-13T02:00:00.000000",25.7448062896729
"WI","2026-08-13T03:00:00.000000",25.7478179931641
"WI","2026-08-13T04:00:00.000000",25.7443523406982
"WI","2026-08-13T05:00:00.000000",25.7330513000488
"WI","2026-08-13T06:00:00.000000",25.7310085296631
"WI","2026-08-13T07:00:00.000000",25.7385482788086
"WI","2026-08-13T08:00:00.000000",25.7332954406738
"WI","2026-08-13T09:00:00.000000",25.7217845916748
"WI","2026-08-13T10:00:00.000000",25.6706657409668
"WI","2026-08-13T11:00:00.000000",25.6398086547852
"WI","2026-08-13T12:00:00.000000",25.6253471374512
"WI","2026-08-13T13:00:00.000000",25.6422367095947
"WI","2026-08-13T14:00:00.000000",25.6908779144287
"WI","2026-08-13T15:00:00.000000",25.7370948791504
"WI","2026-08-13T16:00:00.000000",25.7681198120117
"WI","2026-08-13T17:00:00.000000",25.8014049530029
"WI","2026-08-13T18:00:00.000000",25.8147201538086
"WI","2026-08-13T19:00:00.000000",25.7762317657471
"WI","2026-08-13T20:00:00.000000",25.7887001037598
"WI","2026-08-13T21:00:00.000000",25.8148326873779
"WI","2026-08-13T22:00:00.000000",25.8920917510986
"WI","2026-08-13T23:00:00.000000",25.9574337005615
"WI","2026-08-14T00:00:00.000000",25.9450645446777
"WI","2026-08-14T01:00:00.000000",25.9416427612305
"WI","2026-08-14T02:00:00.000000",25.9553890228271
"WI","2026-08-14T03:00:00.000000",25.970422744751
"WI","2026-08-14T04:00:00.000000",25.9602012634277
"WI","2026-08-14T05:00:00.000000",25.9406261444092
"WI","2026-08-14T06:00:00.000000",25.9332962036133
"WI","2026-08-14T07:00:00.000000",25.9499740600586
"WI","2026-08-14T08:00:00.000000",25.950927734375
"WI","2026-08-14T09:00:00.000000",25.9347801208496
"WI","2026-08-14T10:00:00.000000",25.9317455291748
"WI","2026-08-14T11:00:00.000000",25.8886947631836
"WI","2026-08-14T12:00:00.000000",25.8509845733643
"WI","2026-08-14T13:00:00.000000",25.8411998748779
"WI","2026-08-14T14:00:00.000000",25.8829345703125
"WI","2026-08-14T15:00:00.000000",25.946813583374
"WI","2026-08-14T16:00:00.000000",25.9901695251465
"WI","2026-08-14T17:00:00.000000",26.027156829834
"WI","2026-08-14T18:00:00.000000",26.0745067596436
"WI","2026-08-14T19:00:00.000000",26.0586338043213
"WI","2026-08-14T20:00:00.000000",26.0016098022461
"WI","2026-08-14T21:00:00.000000",26.0059566497803
"WI","2026-08-14T22:00:00.000000",26.0230464935303
"WI","2026-08-14T23:00:00.000000",26.1159172058105
"WI","2026-08-15T00:00:00.000000",26.1302070617676
