"site_id","time","temp_c"
"AQ","2026-08-08T00:00:00.000000",20.8144588470459
"AQ","2026-08-08T01:00:00.000000",20.1806106567383
"AQ","2026-08-08T02:00:00.000000",20.1053142547607
"AQ","2026-08-08T03:00:00.000000",20.1033725738525
"AQ","2026-08-08T04:00:00.000000",20.1304359436035
"AQ","2026-08-08T05:00:00.000000",20.1497821807861
"AQ","2026-08-08T06:00:00.000000",20.1350135803223
"AQ","2026-08-08T07:00:00.000000",20.1276454925537
"AQ","2026-08-08T08:00:00.000000",20.1279945373535
"AQ","2026-08-08T09:00:00.000000",20.1300716400146
"AQ","2026-08-08T10:00:00.000000",20.1367683410645
"AQ","2026-08-08T11:00:00.000000",20.1448936462402
"AQ","2026-08-08T12:00:00.000000",20.1496753692627
"AQ","2026-08-08T13:00:00.000000",20.1686553955078
"AQ","2026-08-08T14:00:00.000000",20.2165050506592
"AQ","2026-08-08T15:00:00.000000",20.27294921875
"AQ","2026-08-08T16:00:00.000000",20.3214817047119
"AQ","2026-08-08T17:00:00.000000",20.3691692352295
"AQ","2026-08-08T18:00:00.000000",20.4539260864258
"AQ","2026-08-08T19:00:00.000000",20.4411525726318
"AQ","2026-08-08T20:00:00.000000",20.5230484008789
"AQ","2026-08-08T21:00:00.000000",20.625394821167
"AQ","2026-08-08T22:00:00.000000",20.649564743042
"AQ","2026-08-08T23:00:00.000000",20.6574630737305
"AQ","2026-08-09T00:00:00.000000",20.7333106994629
"AQ","2026-08-09T01:00:00.000000",20.3589935302734
"AQ","2026-08-09T02:00:00.000000",20.3138256072998
"AQ","2026-08-09T03:00:00.000000",20.3056545257568
"AQ","2026-08-09T04:00:00.000000",20.2704086303711
"AQ","2026-08-09T05:00:00.000000",20.2941761016846
"AQ","2026-08-09T06:00:00.000000",20.3370513916016
"AQ","2026-08-09T07:00:00.000000",20.317346572876
"AQ","2026-08-09T08:00:00.000000",20.3151760101318
"AQ","2026-08-09T09:00:00.000000",20.3269119262695
"AQ","2026-08-09T10:00:00.000000",20.33935546875
"AQ","2026-08-09T11:00:00.000000",20.3499946594238
"AQ","2026-08-09T12:00:00.000000",20.362268447876
"AQ","2026-08-09T13:00:00.000000",20.384822845459
"AQ","2026-08-09T14:00:00.000000",20.4140853881836
"AQ","2026-08-09T15:00:00.000000",20.4619884490967
"AQ","2026-08-09T16:00:00.000000",20.5203475952148
"AQ","2026-08-09T17:00:00.000000",20.5684967041016
"AQ","2026-08-09T18:00:00.000000",20.6039581298828
"AQ","2026-08-09T19:00:00.000000",20.6340656280518
"AQ","2026-08-09T20:00:00.000000",20.6121082305908
"AQ","2026-08-09T21:00:00.000000",20.6495895385742
"AQ","2026-08-09T22:00:00.000000",20.7121467590332
"AQ","2026-08-09T23:00:00.000000",20.7126197814941
"AQ","2026-08-10T00:00:00.000000",20.6962585449219
"AQ","2026-08-10T01:00:00.000000",20.627534866333
"AQ","2026-08-10T02:00:00.000000",20.6289577484131
"AQ","2026-08-10T03:00:00.000000",20.639892578125
"AQ","2026-08-10T04:00:00.000000",20.6272125244141
"AQ","2026-08-10T05:00:00.000000",20.5125293731689
"AQ","2026-08-10T06:00:00.000000",20.5215187072754
"AQ","2026-08-10T07:00:00.000000",20.5427494049072
"AQ","2026-08-10T08:00:00.000000",20.5183448791504
"AQ","2026-08-10T09:00:00.000000",20.5739803314209
"AQ","2026-08-10T10:00:00.000000",20.6241626739502
"AQ","2026-08-10T11:00:00.000000",20.6476039886475
"AQ","2026-08-10T12:00:00.000000",20.6745109558105
"AQ","2026-08-10T13:00:00.000000",20.6986064910889
"AQ","2026-08-10T14:00:00.000000",20.7262058258057
"AQ","2026-08-10T15:00:00.000000",20.7383155822754
"AQ","2026-08-10T16:00:00.000000",20.7610321044922
"AQ","2026-08-10T17:00:00.000000",20.7778778076172
"AQ","2026-08-10T18:00:00.000000",20.7911376953125
"AQ","2026-08-10T19:00:00.000000",20.8328456878662
"AQ","2026-08-10T20:00:00.000000",20.9470291137695
"AQ","2026-08-10T21:00:00.000000",21.0184173583984
"AQ","2026-08-10T22:00:00.000000",21.0700531005859
"AQ","2026-08-10T23:00:00.000000",21.0505790710449
"AQ","2026-08-11T00:00:00.000000",21.0369663238525
"AQ","2026-08-11T01:00:00.000000",21.0370655059814
"AQ","2026-08-11T02:00:00.000000",21.046854019165
"AQ","2026-08-11T03:00:00.000000",21.0628108978271
"AQ","2026-08-11T04:00:00.000000",21.0643615722656
"AQ","2026-08-11T05:00:00.000000",21.0647163391113
"AQ","2026-08-11T06:00:00.000000",21.055871963501
"AQ","2026-08-11T07:00:00.000000",21.0614051818848
"AQ","2026-08-11T08:00:00.000000",21.066780090332
"AQ","2026-08-11T09:00:00.000000",21.0432453155518
"AQ","2026-08-11T10:00:00.000000",21.0314636230469
"AQ","2026-08-11T11:00:00.000000",21.0374717712402
"AQ","2026-08-11T12:00:00.000000",21.0450782775879
"AQ","2026-08-11T13:00:00.000000",21.0497417449951
"AQ","2026-08-11T14:00:00.000000",21.0700149536133
"AQ","2026-08-11T15:00:00.000000",21.1344165802002
"AQ","2026-08-11T16:00:00.000000",21.1980686187744
"AQ","2026-08-11T17:00:00.000000",21.2557220458984
"AQ","2026-08-11T18:00:00.000000",21.3237438201904
"AQ","2026-08-11T19:00:00.000000",21.3620128631592
"AQ","2026-08-11T20:00:00.000000",21.4014015197754
"AQ","2026-08-11T21:00:00.000000",21.4326038360596
"AQ","2026-08-11T22:00:00.000000",21.4557704925537
"AQ","2026-08-11T23:00:00.000000",21.4976348876953
"AQ","2026-08-12T00:00:00.000000",21.5163612365723
"AQ","2026-08-12T01:00:00.000000",21.447359085083
"AQ","2026-08-12T02:00:00.000000",21.4178733825684
"AQ","2026-08-12T03:00:00.000000",21.446569442749
"AQ","2026-08-12T04:00:00.000000",21.5559711456299
"AQ","2026-08-12T05:00:00.000000",21.5413398742676
"AQ","2026-08-12T06:00:00.000000",21.5295944213867
"AQ","2026-08-12T07:00:00.000000",21.4520072937012
"AQ","2026-08-12T08:00:00.000000",21.3728694915771
"AQ","2026-08-12T09:00:00.000000",21.3660011291504
"AQ","2026-08-12T10:00:00.000000",21.3607311248779
"AQ","2026-08-12T11:00:00.000000",21.4701824188232
"AQ","2026-08-12T12:00:00.000000",21.4983749389648
"AQ","2026-08-12T13:00:00.000000",21.4890174865723
"AQ","2026-08-12T14:00:00.000000",21.4640712738037
"AQ","2026-08-12T15:00:00.000000",21.4864196777344
"AQ","2026-08-12T16:00:00.000000",21.550048828125
"AQ","2026-08-12T17:00:00.000000",21.5685882568359
"AQ","2026-08-12T18:00:00.000000",21.5994300842285
"AQ","2026-08-12T19:00:00.000000",21.6410942077637
"AQ","2026-08-12T20:00:00.000000",21.6693210601807
"AQ","2026-08-12T21:00:00.000000",21.6817073822021
"AQ","2026-08-12T22:00:00.000000",21.6777801513672
"AQ","2026-08-12T23:00:00.000000",21.6981525421143
"AQ","2026-08-13T00:00:00.000000",21.7324485778809
"AQ","2026-08-13T01:00:00.000000",21.7280044555664
"AQ","2026-08-13T02:00:00.000000",21.6824054718018
"AQ","2026-08-13T03:00:00.000000",21.6677227020264
"AQ","2026-08-13T04:00:00.000000",21.6757373809814
"AQ","2026-08-13T05:00:00.000000",21.7017250061035
"AQ","2026-08-13T06:00:00.000000",21.6849098205566
"AQ","2026-08-13T07:00:00.000000",21.6639518737793
"AQ","2026-08-13T08:00:00.000000",21.5817909240723
"AQ","2026-08-13T09:00:00.000000",21.5266361236572
"AQ","2026-08-13T10:00:00.000000",21.5157585144043
"AQ","2026-08-13T11:00:00.000000",21.5026874542236
"AQ","2026-08-13T12:00:00.000000",21.5898284912109
"AQ","2026-08-13T13:00:00.000000",21.6381282806396
"AQ","2026-08-13T14:00:00.000000",21.649076461792
"AQ","2026-08-13T15:00:00.000000",21.6589736938477
"AQ","2026-08-13T16:00:00.000000",21.6859607696533
"AQ","2026-08-13T17:00:00.000000",21.7221622467041
"AQ","2026-08-13T18:00:00.000000",21.7074089050293
"AQ","2026-08-13T19:00:00.000000",21.770637512207
"AQ","2026-08-13T20:00:00.000000",21.8004379272461
"AQ","2026-08-13T21:00:00.000000",21.7823047637939
"AQ","2026-08-13T22:00:00.000000",21.7797546386719
"AQ","2026-08-13T23:00:00.000000",21.8211879730225
"AQ","2026-08-14T00:00:00.000000",21.8490219116211
"CB","2026-08-08T00:00:00.000000",21.0943298339844
"CB","2026-08-08T01:00:00.000000",21.2535572052002
"CB","2026-08-08T02:00:00.000000",21.1365070343018
"CB","2026-08-08T03:00:00.000000",21.0556869506836
"CB","2026-08-08T04:00:00.000000",21.0292205810547
"CB","2026-08-08T05:00:00.000000",21.0239944458008
"CB","2026-08-08T06:00:00.000000",21.0236892700195
"CB","2026-08-08T07:00:00.000000",21.0475273132324
"CB","2026-08-08T08:00:00.000000",21.0948944091797
"CB","2026-08-08T09:00:00.000000",21.2433929443359
"CB","2026-08-08T10:00:00.000000",21.4483757019043
"CB","2026-08-08T11:00:00.000000",21.5368900299072
"CB","2026-08-08T12:00:00.000000",21.526912689209
"CB","2026-08-08T13:00:00.000000",21.4094543457031
"CB","2026-08-08T14:00:00.000000",21.3154029846191
"CB","2026-08-08T15:00:00.000000",21.2091464996338
"CB","2026-08-08T16:00:00.000000",21.1648273468018
"CB","2026-08-08T17:00:00.000000",21.1545829772949
"CB","2026-08-08T18:00:00.000000",21.1532154083252
"CB","2026-08-08T19:00:00.000000",21.1769695281982
"CB","2026-08-08T20:00:00.000000",21.2929801940918
"CB","2026-08-08T21:00:00.000000",21.6227912902832
"CB","2026-08-08T22:00:00.000000",21.9348430633545
"CB","2026-08-08T23:00:00.000000",22.0393981933594
"CB","2026-08-09T00:00:00.000000",22.0719203948975
"CB","2026-08-09T01:00:00.000000",21.8798217773438
"CB","2026-08-09T02:00:00.000000",21.7714996337891
"CB","2026-08-09T03:00:00.000000",21.5350322723389
"CB","2026-08-09T04:00:00.000000",21.4465007781982
"CB","2026-08-09T05:00:00.000000",21.4295520782471
"CB","2026-08-09T06:00:00.000000",21.4239158630371
"CB","2026-08-09T07:00:00.000000",21.424446105957
"CB","2026-08-09T08:00:00.000000",21.4409523010254
"CB","2026-08-09T09:00:00.000000",21.4835548400879
"CB","2026-08-09T10:00:00.000000",21.6283493041992
"CB","2026-08-09T11:00:00.000000",21.7766647338867
"CB","2026-08-09T12:00:00.000000",21.8296375274658
"CB","2026-08-09T13:00:00.000000",21.8164710998535
"CB","2026-08-09T14:00:00.000000",21.7401905059814
"CB","2026-08-09T15:00:00.000000",21.665735244751
"CB","2026-08-09T16:00:00.000000",21.5616073608398
"CB","2026-08-09T17:00:00.000000",21.5295906066895
"CB","2026-08-09T18:00:00.000000",21.5217227935791
"CB","2026-08-09T19:00:00.000000",21.5220203399658
"CB","2026-08-09T20:00:00.000000",21.5417098999023
"CB","2026-08-09T21:00:00.000000",21.6066341400146
"CB","2026-08-09T22:00:00.000000",21.8744029998779
"CB","2026-08-09T23:00:00.000000",22.1036338806152
"CB","2026-08-10T00:00:00.000000",22.1607494354248
"CB","2026-08-10T01:00:00.000000",21.6809558868408
"CB","2026-08-10T02:00:00.000000",21.4587287902832
"CB","2026-08-10T03:00:00.000000",21.340015411377
"CB","2026-08-10T04:00:00.000000",21.1677551269531
"CB","2026-08-10T05:00:00.000000",21.1201152801514
"CB","2026-08-10T06:00:00.000000",21.1166343688965
"CB","2026-08-10T07:00:00.000000",21.1189079284668
"CB","2026-08-10T08:00:00.000000",21.1215305328369
"CB","2026-08-10T09:00:00.000000",21.1194686889648
"CB","2026-08-10T10:00:00.000000",21.1548671722412
"CB","2026-08-10T11:00:00.000000",21.2402591705322
"CB","2026-08-10T12:00:00.000000",21.3231639862061
"CB","2026-08-10T13:00:00.000000",21.3531875610352
"CB","2026-08-10T14:00:00.000000",21.3434162139893
"CB","2026-08-10T15:00:00.000000",21.3148345947266
"CB","2026-08-10T16:00:00.000000",21.2881832122803
"CB","2026-08-10T17:00:00.000000",21.2260208129883
"CB","2026-08-10T18:00:00.000000",21.2162303924561
"CB","2026-08-10T19:00:00.000000",21.2178630828857
"CB","2026-08-10T20:00:00.000000",21.2206420898438
"CB","2026-08-10T21:00:00.000000",21.2317314147949
"CB","2026-08-10T22:00:00.000000",21.2672786712646
"CB","2026-08-10T23:00:00.000000",21.5261325836182
"CB","2026-08-11T00:00:00.000000",21.6527462005615
"CB","2026-08-11T01:00:00.000000",21.6440086364746
"CB","2026-08-11T02:00:00.000000",21.6360473632812
"CB","2026-08-11T03:00:00.000000",21.6287899017334
"CB","2026-08-11T04:00:00.000000",21.5422515869141
"CB","2026-08-11T05:00:00.000000",21.3677272796631
"CB","2026-08-11T06:00:00.000000",21.2499294281006
"CB","2026-08-11T07:00:00.000000",21.2196426391602
"CB","2026-08-11T08:00:00.000000",21.215389251709
"CB","2026-08-11T09:00:00.000000",21.2126083374023
"CB","2026-08-11T10:00:00.000000",21.2115859985352
"CB","2026-08-11T11:00:00.000000",21.2490825653076
"CB","2026-08-11T12:00:00.000000",21.3676128387451
"CB","2026-08-11T13:00:00.000000",21.4877815246582
"CB","2026-08-11T14:00:00.000000",21.5337429046631
"CB","2026-08-11T15:00:00.000000",21.5367259979248
"CB","2026-08-11T16:00:00.000000",21.5019569396973
"CB","2026-08-11T17:00:00.000000",21.4633808135986
"CB","2026-08-11T18:00:00.000000",21.3573093414307
"CB","2026-08-11T19:00:00.000000",21.2988357543945
"CB","2026-08-11T20:00:00.000000",21.2888317108154
"CB","2026-08-11T21:00:00.000000",21.2878856658936
"CB","2026-08-11T22:00:00.000000",21.2967567443848
"CB","2026-08-11T23:00:00.000000",21.3486194610596
"CB","2026-08-12T00:00:00.000000",21.5090198516846
"CB","2026-08-12T01:00:00.000000",21.7156524658203
"CB","2026-08-12T02:00:00.000000",21.8096904754639
"CB","2026-08-12T03:00:00.000000",21.8282909393311
"CB","2026-08-12T04:00:00.000000",21.7441921234131
"CB","2026-08-12T05:00:00.000000",21.6475105285645
"CB","2026-08-12T06:00:00.000000",21.4726734161377
"CB","2026-08-12T07:00:00.000000",21.3652629852295
"CB","2026-08-12T08:00:00.000000",21.3370914459229
"CB","2026-08-12T09:00:00.000000",21.3344898223877
"CB","2026-08-12T10:00:00.000000",21.3336524963379
"CB","2026-08-12T11:00:00.000000",21.3318538665771
"CB","2026-08-12T12:00:00.000000",21.3638591766357
"CB","2026-08-12T13:00:00.000000",21.5063381195068
"CB","2026-08-12T14:00:00.000000",21.7267093658447
"CB","2026-08-12T15:00:00.000000",21.7979431152344
"CB","2026-08-12T16:00:00.000000",21.7958202362061
"CB","2026-08-12T17:00:00.000000",21.6992015838623
"CB","2026-08-12T18:00:00.000000",21.5996608734131
"CB","2026-08-12T19:00:00.000000",21.4741458892822
"CB","2026-08-12T20:00:00.000000",21.4296360015869
"CB","2026-08-12T21:00:00.000000",21.4233818054199
"CB","2026-08-12T22:00:00.000000",21.4225368499756
"CB","2026-08-12T23:00:00.000000",21.4232788085938
"CB","2026-08-13T00:00:00.000000",21.4523448944092
"CB","2026-08-13T01:00:00.000000",21.6781578063965
"CB","2026-08-13T02:00:00.000000",21.8177013397217
"CB","2026-08-13T03:00:00.000000",21.8066253662109
"CB","2026-08-13T04:00:00.000000",21.8089046478271
"CB","2026-08-13T05:00:00.000000",21.8067893981934
"CB","2026-08-13T06:00:00.000000",21.7550468444824
"CB","2026-08-13T07:00:00.000000",21.5792388916016
"CB","2026-08-13T08:00:00.000000",21.4842796325684
"CB","2026-08-13T09:00:00.000000",21.4616832733154
"CB","2026-08-13T10:00:00.000000",21.4588012695312
"CB","2026-08-13T11:00:00.000000",21.4578990936279
"CB","2026-08-13T12:00:00.000000",21.4627895355225
"CB","2026-08-13T13:00:00.000000",21.5013027191162
"CB","2026-08-13T14:00:00.000000",21.630033493042
"CB","2026-08-13T15:00:00.000000",21.635929107666
"CB","2026-08-13T16:00:00.000000",21.5872325897217
"CB","2026-08-13T17:00:00.000000",21.610990524292
"CB","2026-08-13T18:00:00.000000",21.7089252471924
"CB","2026-08-13T19:00:00.000000",21.6688194274902
"CB","2026-08-13T20:00:00.000000",21.5802135467529
"CB","2026-08-13T21:00:00.000000",21.5485668182373
"CB","2026-08-13T22:00:00.000000",21.5459117889404
"CB","2026-08-13T23:00:00.000000",21.5465145111084
"CB","2026-08-14T00:00:00.000000",21.5511360168457
"CI","2026-08-08T00:00:00.000000",21.096715927124
"CI","2026-08-08T01:00:00.000000",21.2435111999512
"CI","2026-08-08T02:00:00.000000",21.3011703491211
"CI","2026-08-08T03:00:00.000000",21.3172416687012
"CI","2026-08-08T04:00:00.000000",21.3172416687012
"CI","2026-08-08T05:00:00.000000",21.3172416687012
"CI","2026-08-08T06:00:00.000000",21.3172416687012
"CI","2026-08-08T07:00:00.000000",21.3172416687012
"CI","2026-08-08T08:00:00.000000",21.3985614776611
"CI","2026-08-08T09:00:00.000000",21.4196300506592
"CI","2026-08-08T10:00:00.000000",21.2678089141846
"CI","2026-08-08T11:00:00.000000",21.2156925201416
"CI","2026-08-08T12:00:00.000000",21.2515296936035
"CI","2026-08-08T13:00:00.000000",21.3478584289551
"CI","2026-08-08T14:00:00.000000",21.4161396026611
"CI","2026-08-08T15:00:00.000000",21.4677333831787
"CI","2026-08-08T16:00:00.000000",21.4680309295654
"CI","2026-08-08T17:00:00.000000",21.4680309295654
"CI","2026-08-08T18:00:00.000000",21.4680309295654
"CI","2026-08-08T19:00:00.000000",21.4680309295654
"CI","2026-08-08T20:00:00.000000",21.6712436676025
"CI","2026-08-08T21:00:00.000000",21.7040596008301
"CI","2026-08-08T22:00:00.000000",21.5577449798584
"CI","2026-08-08T23:00:00.000000",21.4502182006836
"CI","2026-08-09T00:00:00.000000",21.4959354400635
"CI","2026-08-09T01:00:00.000000",20.9597644805908
"CI","2026-08-09T02:00:00.000000",21.0277137756348
"CI","2026-08-09T03:00:00.000000",21.2054214477539
"CI","2026-08-09T04:00:00.000000",21.2651309967041
"CI","2026-08-09T05:00:00.000000",21.2651309967041
"CI","2026-08-09T06:00:00.000000",21.2651309967041
"CI","2026-08-09T07:00:00.000000",21.2651309967041
"CI","2026-08-09T08:00:00.000000",21.2651309967041
"CI","2026-08-09T09:00:00.000000",21.2651309967041
"CI","2026-08-09T10:00:00.000000",21.2379741668701
"CI","2026-08-09T11:00:00.000000",20.7545356750488
"CI","2026-08-09T12:00:00.000000",20.6370754241943
"CI","2026-08-09T13:00:00.000000",20.6662349700928
"CI","2026-08-09T14:00:00.000000",20.8657855987549
"CI","2026-08-09T15:00:00.000000",21.1168308258057
"CI","2026-08-09T16:00:00.000000",21.2903690338135
"CI","2026-08-09T17:00:00.000000",21.2813053131104
"CI","2026-08-09T18:00:00.000000",21.2813053131104
"CI","2026-08-09T19:00:00.000000",21.2813053131104
"CI","2026-08-09T20:00:00.000000",21.2813053131104
"CI","2026-08-09T21:00:00.000000",21.3781509399414
"CI","2026-08-09T22:00:00.000000",21.2896366119385
"CI","2026-08-09T23:00:00.000000",20.9432334899902
"CI","2026-08-10T00:00:00.000000",20.8974094390869
"CI","2026-08-10T01:00:00.000000",20.6002235412598
"CI","2026-08-10T02:00:00.000000",20.5136699676514
"CI","2026-08-10T03:00:00.000000",20.6126708984375
"CI","2026-08-10T04:00:00.000000",20.9641265869141
"CI","2026-08-10T05:00:00.000000",21.1920375823975
"CI","2026-08-10T06:00:00.000000",21.1920375823975
"CI","2026-08-10T07:00:00.000000",21.1920375823975
"CI","2026-08-10T08:00:00.000000",21.1920375823975
"CI","2026-08-10T09:00:00.000000",21.1920375823975
"CI","2026-08-10T10:00:00.000000",21.1920375823975
"CI","2026-08-10T11:00:00.000000",21.0005989074707
"CI","2026-08-10T12:00:00.000000",21.0111198425293
"CI","2026-08-10T13:00:00.000000",21.1043434143066
"CI","2026-08-10T14:00:00.000000",21.1096706390381
"CI","2026-08-10T15:00:00.000000",21.0907764434814
"CI","2026-08-10T16:00:00.000000",21.0610446929932
"CI","2026-08-10T17:00:00.000000",21.1433982849121
"CI","2026-08-10T18:00:00.000000",21.1500186920166
"CI","2026-08-10T19:00:00.000000",21.1500186920166
"CI","2026-08-10T20:00:00.000000",21.1500186920166
"CI","2026-08-10T21:00:00.000000",21.1500186920166
"CI","2026-08-10T22:00:00.000000",21.2821598052979
"CI","2026-08-10T23:00:00.000000",21.2170810699463
"CI","2026-08-11T00:00:00.000000",21.3365707397461
"CI","2026-08-11T01:00:00.000000",21.3720207214355
"CI","2026-08-11T02:00:00.000000",21.4075355529785
"CI","2026-08-11T03:00:00.000000",21.3862724304199
"CI","2026-08-11T04:00:00.000000",21.3504695892334
"CI","2026-08-11T05:00:00.000000",21.3129997253418
"CI","2026-08-11T06:00:00.000000",21.299352645874
"CI","2026-08-11T07:00:00.000000",21.299352645874
"CI","2026-08-11T08:00:00.000000",21.299352645874
"CI","2026-08-11T09:00:00.000000",21.299352645874
"CI","2026-08-11T10:00:00.000000",21.299352645874
"CI","2026-08-11T11:00:00.000000",21.299352645874
"CI","2026-08-11T12:00:00.000000",21.2222957611084
"CI","2026-08-11T13:00:00.000000",21.4714584350586
"CI","2026-08-11T14:00:00.000000",21.5213947296143
"CI","2026-08-11T15:00:00.000000",21.5322742462158
"CI","2026-08-11T16:00:00.000000",21.5969066619873
"CI","2026-08-11T17:00:00.000000",21.552526473999
"CI","2026-08-11T18:00:00.000000",21.3975086212158
"CI","2026-08-11T19:00:00.000000",21.3574905395508
"CI","2026-08-11T20:00:00.000000",21.3574905395508
"CI","2026-08-11T21:00:00.000000",21.3574905395508
"CI","2026-08-11T22:00:00.000000",21.3574905395508
"CI","2026-08-11T23:00:00.000000",21.3574905395508
"CI","2026-08-12T00:00:00.000000",21.492036819458
"CI","2026-08-12T01:00:00.000000",21.7039966583252
"CI","2026-08-12T02:00:00.000000",21.7344589233398
"CI","2026-08-12T03:00:00.000000",21.7438926696777
"CI","2026-08-12T04:00:00.000000",21.7289390563965
"CI","2026-08-12T05:00:00.000000",21.7144470214844
"CI","2026-08-12T06:00:00.000000",21.6260662078857
"CI","2026-08-12T07:00:00.000000",21.5171203613281
"CI","2026-08-12T08:00:00.000000",21.5171203613281
"CI","2026-08-12T09:00:00.000000",21.5171203613281
"CI","2026-08-12T10:00:00.000000",21.5171203613281
"CI","2026-08-12T11:00:00.000000",21.5171203613281
"CI","2026-08-12T12:00:00.000000",21.5171203613281
"CI","2026-08-12T13:00:00.000000",21.462818145752
"CI","2026-08-12T14:00:00.000000",21.8124294281006
"CI","2026-08-12T15:00:00.000000",21.897481918335
"CI","2026-08-12T16:00:00.000000",21.9245948791504
"CI","2026-08-12T17:00:00.000000",21.9478855133057
"CI","2026-08-12T18:00:00.000000",21.8999977111816
"CI","2026-08-12T19:00:00.000000",21.6448249816895
"CI","2026-08-12T20:00:00.000000",21.6156539916992
"CI","2026-08-12T21:00:00.000000",21.6156539916992
"CI","2026-08-12T22:00:00.000000",21.6156539916992
"CI","2026-08-12T23:00:00.000000",21.6156539916992
"CI","2026-08-13T00:00:00.000000",21.6156539916992
"CI","2026-08-13T01:00:00.000000",21.7022228240967
"CI","2026-08-13T02:00:00.000000",22.0561599731445
"CI","2026-08-13T03:00:00.000000",22.0845394134521
"CI","2026-08-13T04:00:00.000000",22.0702362060547
"CI","2026-08-13T05:00:00.000000",22.0592002868652
"CI","2026-08-13T06:00:00.000000",22.0584335327148
"CI","2026-08-13T07:00:00.000000",21.8911762237549
"CI","2026-08-13T08:00:00.000000",21.7431011199951
"CI","2026-08-13T09:00:00.000000",21.7431011199951
"CI","2026-08-13T10:00:00.000000",21.7431011199951
"CI","2026-08-13T11:00:00.000000",21.7431011199951
"CI","2026-08-13T12:00:00.000000",21.7431011199951
"CI","2026-08-13T13:00:00.000000",21.6736583709717
"CI","2026-08-13T14:00:00.000000",21.7826976776123
"CI","2026-08-13T15:00:00.000000",22.058967590332
"CI","2026-08-13T16:00:00.000000",22.0748348236084
"CI","2026-08-13T17:00:00.000000",22.0762786865234
"CI","2026-08-13T18:00:00.000000",22.1118774414062
"CI","2026-08-13T19:00:00.000000",22.0863780975342
"CI","2026-08-13T20:00:00.000000",21.8301486968994
"CI","2026-08-13T21:00:00.000000",21.8364868164062
"CI","2026-08-13T22:00:00.000000",21.8364868164062
"CI","2026-08-13T23:00:00.000000",21.8364868164062
"CI","2026-08-14T00:00:00.000000",21.8364868164062
"DC","2026-08-08T00:00:00.000000",21.2288799285889
"DC","2026-08-08T01:00:00.000000",21.3505420684814
"DC","2026-08-08T02:00:00.000000",21.3349380493164
"DC","2026-08-08T03:00:00.000000",21.3185062408447
"DC","2026-08-08T04:00:00.000000",21.3185062408447
"DC","2026-08-08T05:00:00.000000",21.3185062408447
"DC","2026-08-08T06:00:00.000000",21.3185062408447
"DC","2026-08-08T07:00:00.000000",21.3185062408447
"DC","2026-08-08T08:00:00.000000",21.2953872680664
"DC","2026-08-08T09:00:00.000000",21.2990913391113
"DC","2026-08-08T10:00:00.000000",21.3083820343018
"DC","2026-08-08T11:00:00.000000",21.3352718353271
"DC","2026-08-08T12:00:00.000000",21.373893737793
"DC","2026-08-08T13:00:00.000000",21.367977142334
"DC","2026-08-08T14:00:00.000000",21.2843284606934
"DC","2026-08-08T15:00:00.000000",21.3377113342285
"DC","2026-08-08T16:00:00.000000",21.3377113342285
"DC","2026-08-08T17:00:00.000000",21.3377113342285
"DC","2026-08-08T18:00:00.000000",21.3377113342285
"DC","2026-08-08T19:00:00.000000",21.3377113342285
"DC","2026-08-08T20:00:00.000000",21.8055076599121
"DC","2026-08-08T21:00:00.000000",21.8758640289307
"DC","2026-08-08T22:00:00.000000",21.887020111084
"DC","2026-08-08T23:00:00.000000",21.8934116363525
"DC","2026-08-09T00:00:00.000000",21.9020481109619
"DC","2026-08-09T01:00:00.000000",21.7509441375732
"DC","2026-08-09T02:00:00.000000",21.7810668945312
"DC","2026-08-09T03:00:00.000000",21.7632274627686
"DC","2026-08-09T04:00:00.000000",21.7539463043213
"DC","2026-08-09T05:00:00.000000",21.7539463043213
"DC","2026-08-09T06:00:00.000000",21.7539463043213
"DC","2026-08-09T07:00:00.000000",21.7539463043213
"DC","2026-08-09T08:00:00.000000",21.7539463043213
"DC","2026-08-09T09:00:00.000000",21.7071056365967
"DC","2026-08-09T10:00:00.000000",21.6625556945801
"DC","2026-08-09T11:00:00.000000",21.6402206420898
"DC","2026-08-09T12:00:00.000000",21.6468639373779
"DC","2026-08-09T13:00:00.000000",21.6727046966553
"DC","2026-08-09T14:00:00.000000",21.7056999206543
"DC","2026-08-09T15:00:00.000000",21.7162456512451
"DC","2026-08-09T16:00:00.000000",21.7657852172852
"DC","2026-08-09T17:00:00.000000",21.7657852172852
"DC","2026-08-09T18:00:00.000000",21.7657852172852
"DC","2026-08-09T19:00:00.000000",21.7657852172852
"DC","2026-08-09T20:00:00.000000",21.7657852172852
"DC","2026-08-09T21:00:00.000000",22.0304889678955
"DC","2026-08-09T22:00:00.000000",22.02516746521
"DC","2026-08-09T23:00:00.000000",21.9751472473145
"DC","2026-08-10T00:00:00.000000",21.9305210113525
"DC","2026-08-10T01:00:00.000000",21.4037075042725
"DC","2026-08-10T02:00:00.000000",21.3553028106689
"DC","2026-08-10T03:00:00.000000",21.4550476074219
"DC","2026-08-10T04:00:00.000000",21.4623050689697
"DC","2026-08-10T05:00:00.000000",21.4503440856934
"DC","2026-08-10T06:00:00.000000",21.4503440856934
"DC","2026-08-10T07:00:00.000000",21.4503440856934
"DC","2026-08-10T08:00:00.000000",21.4503440856934
"DC","2026-08-10T09:00:00.000000",21.4503440856934
"DC","2026-08-10T10:00:00.000000",21.424898147583
"DC","2026-08-10T11:00:00.000000",21.2902870178223
"DC","2026-08-10T12:00:00.000000",21.2805156707764
"DC","2026-08-10T13:00:00.000000",21.2998046875
"DC","2026-08-10T14:00:00.000000",21.3372592926025
"DC","2026-08-10T15:00:00.000000",21.3648242950439
"DC","2026-08-10T16:00:00.000000",21.3646450042725
"DC","2026-08-10T17:00:00.000000",21.43918800354
"DC","2026-08-10T18:00:00.000000",21.43918800354
"DC","2026-08-10T19:00:00.000000",21.43918800354
"DC","2026-08-10T20:00:00.000000",21.43918800354
"DC","2026-08-10T21:00:00.000000",21.43918800354
"DC","2026-08-10T22:00:00.000000",21.6697196960449
"DC","2026-08-10T23:00:00.000000",21.6087951660156
"DC","2026-08-11T00:00:00.000000",21.4907875061035
"DC","2026-08-11T01:00:00.000000",21.54274559021
"DC","2026-08-11T02:00:00.000000",21.5378856658936
"DC","2026-08-11T03:00:00.000000",21.5513744354248
"DC","2026-08-11T04:00:00.000000",21.6177082061768
"DC","2026-08-11T05:00:00.000000",21.6388988494873
"DC","2026-08-11T06:00:00.000000",21.658561706543
"DC","2026-08-11T07:00:00.000000",21.658561706543
"DC","2026-08-11T08:00:00.000000",21.658561706543
"DC","2026-08-11T09:00:00.000000",21.658561706543
"DC","2026-08-11T10:00:00.000000",21.658561706543
"DC","2026-08-11T11:00:00.000000",21.6164245605469
"DC","2026-08-11T12:00:00.000000",21.580451965332
"DC","2026-08-11T13:00:00.000000",21.5907535552979
"DC","2026-08-11T14:00:00.000000",21.6346893310547
"DC","2026-08-11T15:00:00.000000",21.6738224029541
"DC","2026-08-11T16:00:00.000000",21.6705150604248
"DC","2026-08-11T17:00:00.000000",21.6423854827881
"DC","2026-08-11T18:00:00.000000",21.6634578704834
"DC","2026-08-11T19:00:00.000000",21.6695289611816
"DC","2026-08-11T20:00:00.000000",21.6695289611816
"DC","2026-08-11T21:00:00.000000",21.6695289611816
"DC","2026-08-11T22:00:00.000000",21.6695289611816
"DC","2026-08-11T23:00:00.000000",21.9231548309326
"DC","2026-08-12T00:00:00.000000",21.9745311737061
"DC","2026-08-12T01:00:00.000000",21.9737777709961
"DC","2026-08-12T02:00:00.000000",21.9517135620117
"DC","2026-08-12T03:00:00.000000",21.9417896270752
"DC","2026-08-12T04:00:00.000000",21.9503917694092
"DC","2026-08-12T05:00:00.000000",21.9392871856689
"DC","2026-08-12T06:00:00.000000",21.944860458374
"DC","2026-08-12T07:00:00.000000",21.9232845306396
"DC","2026-08-12T08:00:00.000000",21.9232845306396
"DC","2026-08-12T09:00:00.000000",21.9232845306396
"DC","2026-08-12T10:00:00.000000",21.9232845306396
"DC","2026-08-12T11:00:00.000000",21.9232845306396
"DC","2026-08-12T12:00:00.000000",21.9416332244873
"DC","2026-08-12T13:00:00.000000",21.8730773925781
"DC","2026-08-12T14:00:00.000000",21.7824611663818
"DC","2026-08-12T15:00:00.000000",21.7656841278076
"DC","2026-08-12T16:00:00.000000",21.7977676391602
"DC","2026-08-12T17:00:00.000000",21.847375869751
"DC","2026-08-12T18:00:00.000000",21.9042854309082
"DC","2026-08-12T19:00:00.000000",21.9366226196289
"DC","2026-08-12T20:00:00.000000",21.9366226196289
"DC","2026-08-12T21:00:00.000000",21.9366226196289
"DC","2026-08-12T22:00:00.000000",21.9366226196289
"DC","2026-08-12T23:00:00.000000",21.9366226196289
"DC","2026-08-13T00:00:00.000000",21.9241352081299
"DC","2026-08-13T01:00:00.000000",21.6895904541016
"DC","2026-08-13T02:00:00.000000",21.5010833740234
"DC","2026-08-13T03:00:00.000000",21.3761615753174
"DC","2026-08-13T04:00:00.000000",21.3976917266846
"DC","2026-08-13T05:00:00.000000",21.5995826721191
"DC","2026-08-13T06:00:00.000000",21.7710266113281
"DC","2026-08-13T07:00:00.000000",21.8157005310059
"DC","2026-08-13T08:00:00.000000",21.8191165924072
"DC","2026-08-13T09:00:00.000000",21.8191165924072
"DC","2026-08-13T10:00:00.000000",21.8191165924072
"DC","2026-08-13T11:00:00.000000",21.8191165924072
"DC","2026-08-13T12:00:00.000000",21.8191165924072
"DC","2026-08-13T13:00:00.000000",21.5471439361572
"DC","2026-08-13T14:00:00.000000",21.3701114654541
"DC","2026-08-13T15:00:00.000000",21.2984428405762
"DC","2026-08-13T16:00:00.000000",21.2805709838867
"DC","2026-08-13T17:00:00.000000",21.3345832824707
"DC","2026-08-13T18:00:00.000000",21.4563636779785
"DC","2026-08-13T19:00:00.000000",21.608865737915
"DC","2026-08-13T20:00:00.000000",21.6749019622803
"DC","2026-08-13T21:00:00.000000",21.6749019622803
"DC","2026-08-13T22:00:00.000000",21.6749019622803
"DC","2026-08-13T23:00:00.000000",21.6749019622803
"DC","2026-08-14T00:00:00.000000",21.6749019622803
"LH","2026-08-08T00:00:00.000000",20.9707489013672
"LH","2026-08-08T01:00:00.000000",20.3069896697998
"LH","2026-08-08T02:00:00.000000",20.2726249694824
"LH","2026-08-08T03:00:00.000000",20.3361587524414
"LH","2026-08-08T04:00:00.000000",20.3812694549561
"LH","2026-08-08T05:00:00.000000",20.3839378356934
"LH","2026-08-08T06:00:00.000000",20.3839378356934
"LH","2026-08-08T07:00:00.000000",20.3839378356934
"LH","2026-08-08T08:00:00.000000",20.2851848602295
"LH","2026-08-08T09:00:00.000000",20.2890453338623
"LH","2026-08-08T10:00:00.000000",20.3255367279053
"LH","2026-08-08T11:00:00.000000",20.3333759307861
"LH","2026-08-08T12:00:00.000000",20.3385944366455
"LH","2026-08-08T13:00:00.000000",20.3096656799316
"LH","2026-08-08T14:00:00.000000",20.318452835083
"LH","2026-08-08T15:00:00.000000",20.3117904663086
"LH","2026-08-08T16:00:00.000000",20.3204956054688
"LH","2026-08-08T17:00:00.000000",20.3363037109375
"LH","2026-08-08T18:00:00.000000",20.3363037109375
"LH","2026-08-08T19:00:00.000000",20.3363037109375
"LH","2026-08-08T20:00:00.000000",20.5398807525635
"LH","2026-08-08T21:00:00.000000",20.7398872375488
"LH","2026-08-08T22:00:00.000000",20.8272743225098
"LH","2026-08-08T23:00:00.000000",20.8400192260742
"LH","2026-08-09T00:00:00.000000",20.8399887084961
"LH","2026-08-09T01:00:00.000000",20.6582660675049
"LH","2026-08-09T02:00:00.000000",20.4945049285889
"LH","2026-08-09T03:00:00.000000",20.5882663726807
"LH","2026-08-09T04:00:00.000000",20.7147693634033
"LH","2026-08-09T05:00:00.000000",20.7339878082275
"LH","2026-08-09T06:00:00.000000",20.7110424041748
"LH","2026-08-09T07:00:00.000000",20.7110424041748
"LH","2026-08-09T08:00:00.000000",20.7110424041748
"LH","2026-08-09T09:00:00.000000",20.5944004058838
"LH","2026-08-09T10:00:00.000000",20.4980087280273
"LH","2026-08-09T11:00:00.000000",20.4828052520752
"LH","2026-08-09T12:00:00.000000",20.4779872894287
"LH","2026-08-09T13:00:00.000000",20.5058078765869
"LH","2026-08-09T14:00:00.000000",20.5114288330078
"LH","2026-08-09T15:00:00.000000",20.5309772491455
"LH","2026-08-09T16:00:00.000000",20.5116348266602
"LH","2026-08-09T17:00:00.000000",20.5291614532471
"LH","2026-08-09T18:00:00.000000",20.5527572631836
"LH","2026-08-09T19:00:00.000000",20.5527572631836
"LH","2026-08-09T20:00:00.000000",20.5527572631836
"LH","2026-08-09T21:00:00.000000",20.677942276001
"LH","2026-08-09T22:00:00.000000",20.7186794281006
"LH","2026-08-09T23:00:00.000000",20.7610645294189
"LH","2026-08-10T00:00:00.000000",20.7758121490479
"LH","2026-08-10T01:00:00.000000",21.1182594299316
"LH","2026-08-10T02:00:00.000000",21.2798385620117
"LH","2026-08-10T03:00:00.000000",21.2439041137695
"LH","2026-08-10T04:00:00.000000",21.3814754486084
"LH","2026-08-10T05:00:00.000000",21.5240592956543
"LH","2026-08-10T06:00:00.000000",21.617977142334
"LH","2026-08-10T07:00:00.000000",21.6183834075928
"LH","2026-08-10T08:00:00.000000",21.6183834075928
"LH","2026-08-10T09:00:00.000000",21.6183834075928
"LH","2026-08-10T10:00:00.000000",21.6183834075928
"LH","2026-08-10T11:00:00.000000",21.1927108764648
"LH","2026-08-10T12:00:00.000000",21.1004619598389
"LH","2026-08-10T13:00:00.000000",21.0645694732666
"LH","2026-08-10T14:00:00.000000",21.073766708374
"LH","2026-08-10T15:00:00.000000",21.1543426513672
"LH","2026-08-10T16:00:00.000000",21.1936073303223
"LH","2026-08-10T17:00:00.000000",21.2137603759766
"LH","2026-08-10T18:00:00.000000",21.2694301605225
"LH","2026-08-10T19:00:00.000000",21.3025074005127
"LH","2026-08-10T20:00:00.000000",21.3025074005127
"LH","2026-08-10T21:00:00.000000",21.3025074005127
"LH","2026-08-10T22:00:00.000000",21.3998394012451
"LH","2026-08-10T23:00:00.000000",21.4516086578369
"LH","2026-08-11T00:00:00.000000",21.5158805847168
"LH","2026-08-11T01:00:00.000000",21.5440578460693
"LH","2026-08-11T02:00:00.000000",21.5436344146729
"LH","2026-08-11T03:00:00.000000",21.5091381072998
"LH","2026-08-11T04:00:00.000000",21.48366355896
"LH","2026-08-11T05:00:00.000000",21.4621410369873
"LH","2026-08-11T06:00:00.000000",21.5020160675049
"LH","2026-08-11T07:00:00.000000",21.5624008178711
"LH","2026-08-11T08:00:00.000000",21.5818157196045
"LH","2026-08-11T09:00:00.000000",21.5818157196045
"LH","2026-08-11T10:00:00.000000",21.5818157196045
"LH","2026-08-11T11:00:00.000000",21.5807189941406
"LH","2026-08-11T12:00:00.000000",21.5248165130615
"LH","2026-08-11T13:00:00.000000",21.6396064758301
"LH","2026-08-11T14:00:00.000000",21.6466274261475
"LH","2026-08-11T15:00:00.000000",21.6365909576416
"LH","2026-08-11T16:00:00.000000",21.6150569915771
"LH","2026-08-11T17:00:00.000000",21.49267578125
"LH","2026-08-11T18:00:00.000000",21.4705867767334
"LH","2026-08-11T19:00:00.000000",21.4649620056152
"LH","2026-08-11T20:00:00.000000",21.5060405731201
"LH","2026-08-11T21:00:00.000000",21.5060405731201
"LH","2026-08-11T22:00:00.000000",21.5060405731201
"LH","2026-08-11T23:00:00.000000",21.6233711242676
"LH","2026-08-12T00:00:00.000000",21.7539806365967
"LH","2026-08-12T01:00:00.000000",21.8692455291748
"LH","2026-08-12T02:00:00.000000",21.8827171325684
"LH","2026-08-12T03:00:00.000000",21.8840007781982
"LH","2026-08-12T04:00:00.000000",21.8658428192139
"LH","2026-08-12T05:00:00.000000",21.6533184051514
"LH","2026-08-12T06:00:00.000000",21.5987205505371
"LH","2026-08-12T07:00:00.000000",21.5558757781982
"LH","2026-08-12T08:00:00.000000",21.5864009857178
"LH","2026-08-12T09:00:00.000000",21.5918407440186
"LH","2026-08-12T10:00:00.000000",21.5918407440186
"LH","2026-08-12T11:00:00.000000",21.5918407440186
"LH","2026-08-12T12:00:00.000000",21.5937023162842
"LH","2026-08-12T13:00:00.000000",21.8254890441895
"LH","2026-08-12T14:00:00.000000",21.892261505127
"LH","2026-08-12T15:00:00.000000",21.8942775726318
"LH","2026-08-12T16:00:00.000000",21.8929977416992
"LH","2026-08-12T17:00:00.000000",21.8682765960693
"LH","2026-08-12T18:00:00.000000",21.6855201721191
"LH","2026-08-12T19:00:00.000000",21.6122188568115
"LH","2026-08-12T20:00:00.000000",21.5994262695312
"LH","2026-08-12T21:00:00.000000",21.6231689453125
"LH","2026-08-12T22:00:00.000000",21.6231689453125
"LH","2026-08-12T23:00:00.000000",21.6231689453125
"LH","2026-08-13T00:00:00.000000",21.8333168029785
"LH","2026-08-13T01:00:00.000000",21.9847679138184
"LH","2026-08-13T02:00:00.000000",22.0539207458496
"LH","2026-08-13T03:00:00.000000",22.0565776824951
"LH","2026-08-13T04:00:00.000000",22.0530433654785
"LH","2026-08-13T05:00:00.000000",22.0520324707031
"LH","2026-08-13T06:00:00.000000",21.8548183441162
"LH","2026-08-13T07:00:00.000000",21.7993278503418
"LH","2026-08-13T08:00:00.000000",21.7325782775879
"LH","2026-08-13T09:00:00.000000",21.7169551849365
"LH","2026-08-13T10:00:00.000000",21.7194595336914
"LH","2026-08-13T11:00:00.000000",21.7194595336914
"LH","2026-08-13T12:00:00.000000",21.7194595336914
"LH","2026-08-13T13:00:00.000000",21.893383026123
"LH","2026-08-13T14:00:00.000000",22.0648021697998
"LH","2026-08-13T15:00:00.000000",22.0863342285156
"LH","2026-08-13T16:00:00.000000",22.0914764404297
"LH","2026-08-13T17:00:00.000000",22.0871734619141
"LH","2026-08-13T18:00:00.000000",22.0438137054443
"LH","2026-08-13T19:00:00.000000",21.9003963470459
"LH","2026-08-13T20:00:00.000000",21.8167018890381
"LH","2026-08-13T21:00:00.000000",21.7935028076172
"LH","2026-08-13T22:00:00.000000",21.8013515472412
"LH","2026-08-13T23:00:00.000000",21.8013515472412
"LH","2026-08-14T00:00:00.000000",21.8013515472412
"NB","2026-08-08T00:00:00.000000",20.4886283874512
"NB","2026-08-08T01:00:00.000000",20.8113346099854
"NB","2026-08-08T02:00:00.000000",20.8786029815674
"NB","2026-08-08T03:00:00.000000",20.894250869751
"NB","2026-08-08T04:00:00.000000",20.9520320892334
"NB","2026-08-08T05:00:00.000000",20.9520320892334
"NB","2026-08-08T06:00:00.000000",20.9520320892334
"NB","2026-08-08T07:00:00.000000",20.8732986450195
"NB","2026-08-08T08:00:00.000000",20.869197845459
"NB","2026-08-08T09:00:00.000000",20.8642864227295
"NB","2026-08-08T10:00:00.000000",20.8631553649902
"NB","2026-08-08T11:00:00.000000",20.8659286499023
"NB","2026-08-08T12:00:00.000000",20.8709888458252
"NB","2026-08-08T13:00:00.000000",20.8879623413086
"NB","2026-08-08T14:00:00.000000",20.9176940917969
"NB","2026-08-08T15:00:00.000000",20.9581069946289
"NB","2026-08-08T16:00:00.000000",21.0364074707031
"NB","2026-08-08T17:00:00.000000",21.0976848602295
"NB","2026-08-08T18:00:00.000000",21.1629314422607
"NB","2026-08-08T19:00:00.000000",21.3557624816895
"NB","2026-08-08T20:00:00.000000",21.4266090393066
"NB","2026-08-08T21:00:00.000000",21.4769248962402
"NB","2026-08-08T22:00:00.000000",21.5053997039795
"NB","2026-08-08T23:00:00.000000",21.5211181640625
"NB","2026-08-09T00:00:00.000000",21.524543762207
"NB","2026-08-09T01:00:00.000000",21.0518093109131
"NB","2026-08-09T02:00:00.000000",20.981861114502
"NB","2026-08-09T03:00:00.000000",20.9851341247559
"NB","2026-08-09T04:00:00.000000",20.9990787506104
"NB","2026-08-09T05:00:00.000000",21.0334320068359
"NB","2026-08-09T06:00:00.000000",21.0334320068359
"NB","2026-08-09T07:00:00.000000",21.0334320068359
"NB","2026-08-09T08:00:00.000000",20.9813690185547
"NB","2026-08-09T09:00:00.000000",20.9763889312744
"NB","2026-08-09T10:00:00.000000",20.977222442627
"NB","2026-08-09T11:00:00.000000",20.9778861999512
"NB","2026-08-09T12:00:00.000000",20.9808216094971
"NB","2026-08-09T13:00:00.000000",20.9846019744873
"NB","2026-08-09T14:00:00.000000",20.9931735992432
"NB","2026-08-09T15:00:00.000000",21.0182800292969
"NB","2026-08-09T16:00:00.000000",21.0506801605225
"NB","2026-08-09T17:00:00.000000",21.1072025299072
"NB","2026-08-09T18:00:00.000000",21.1511363983154
"NB","2026-08-09T19:00:00.000000",21.1511363983154
"NB","2026-08-09T20:00:00.000000",21.3116436004639
"NB","2026-08-09T21:00:00.000000",21.3479690551758
"NB","2026-08-09T22:00:00.000000",21.3785552978516
"NB","2026-08-09T23:00:00.000000",21.3835868835449
"NB","2026-08-10T00:00:00.000000",21.3820552825928
"NB","2026-08-10T01:00:00.000000",20.9809284210205
"NB","2026-08-10T02:00:00.000000",20.9236125946045
"NB","2026-08-10T03:00:00.000000",20.9581813812256
"NB","2026-08-10T04:00:00.000000",20.959545135498
"NB","2026-08-10T05:00:00.000000",20.9668941497803
"NB","2026-08-10T06:00:00.000000",20.9669303894043
"NB","2026-08-10T07:00:00.000000",20.9669303894043
"NB","2026-08-10T08:00:00.000000",20.9669303894043
"NB","2026-08-10T09:00:00.000000",20.9040699005127
"NB","2026-08-10T10:00:00.000000",20.8777942657471
"NB","2026-08-10T11:00:00.000000",20.8572387695312
"NB","2026-08-10T12:00:00.000000",20.8484115600586
"NB","2026-08-10T13:00:00.000000",20.8494358062744
"NB","2026-08-10T14:00:00.000000",20.8510761260986
"NB","2026-08-10T15:00:00.000000",20.8593845367432
"NB","2026-08-10T16:00:00.000000",20.8740177154541
"NB","2026-08-10T17:00:00.000000",20.9201889038086
"NB","2026-08-10T18:00:00.000000",20.9873313903809
"NB","2026-08-10T19:00:00.000000",21.0360469818115
"NB","2026-08-10T20:00:00.000000",21.0360469818115
"NB","2026-08-10T21:00:00.000000",21.1555690765381
"NB","2026-08-10T22:00:00.000000",21.1700572967529
"NB","2026-08-10T23:00:00.000000",21.1658458709717
"NB","2026-08-11T00:00:00.000000",21.157735824585
"NB","2026-08-11T01:00:00.000000",21.1720886230469
"NB","2026-08-11T02:00:00.000000",21.1825122833252
"NB","2026-08-11T03:00:00.000000",21.2006778717041
"NB","2026-08-11T04:00:00.000000",21.20654296875
"NB","2026-08-11T05:00:00.000000",21.2163982391357
"NB","2026-08-11T06:00:00.000000",21.2163982391357
"NB","2026-08-11T07:00:00.000000",21.2163963317871
"NB","2026-08-11T08:00:00.000000",21.2163963317871
"NB","2026-08-11T09:00:00.000000",21.2163963317871
"NB","2026-08-11T10:00:00.000000",21.1987190246582
"NB","2026-08-11T11:00:00.000000",21.177526473999
"NB","2026-08-11T12:00:00.000000",21.1646823883057
"NB","2026-08-11T13:00:00.000000",21.1648330688477
"NB","2026-08-11T14:00:00.000000",21.1790561676025
"NB","2026-08-11T15:00:00.000000",21.19846534729
"NB","2026-08-11T16:00:00.000000",21.2249202728271
"NB","2026-08-11T17:00:00.000000",21.250394821167
"NB","2026-08-11T18:00:00.000000",21.2694435119629
"NB","2026-08-11T19:00:00.000000",21.3112010955811
"NB","2026-08-11T20:00:00.000000",21.3309764862061
"NB","2026-08-11T21:00:00.000000",21.3309764862061
"NB","2026-08-11T22:00:00.000000",21.4596691131592
"NB","2026-08-11T23:00:00.000000",21.5135097503662
"NB","2026-08-12T00:00:00.000000",21.5404758453369
"NB","2026-08-12T01:00:00.000000",21.5555095672607
"NB","2026-08-12T02:00:00.000000",21.5601291656494
"NB","2026-08-12T03:00:00.000000",21.5649242401123
"NB","2026-08-12T04:00:00.000000",21.5803604125977
"NB","2026-08-12T05:00:00.000000",21.5872173309326
"NB","2026-08-12T06:00:00.000000",21.5872173309326
"NB","2026-08-12T07:00:00.000000",21.5872173309326
"NB","2026-08-12T08:00:00.000000",21.5872058868408
"NB","2026-08-12T09:00:00.000000",21.5872058868408
"NB","2026-08-12T10:00:00.000000",21.5872058868408
"NB","2026-08-12T11:00:00.000000",21.5646286010742
"NB","2026-08-12T12:00:00.000000",21.5506973266602
"NB","2026-08-12T13:00:00.000000",21.5407943725586
"NB","2026-08-12T14:00:00.000000",21.5377883911133
"NB","2026-08-12T15:00:00.000000",21.5477752685547
"NB","2026-08-12T16:00:00.000000",21.5563411712646
"NB","2026-08-12T17:00:00.000000",21.5620307922363
"NB","2026-08-12T18:00:00.000000",21.5723094940186
"NB","2026-08-12T19:00:00.000000",21.6109981536865
"NB","2026-08-12T20:00:00.000000",21.6813983917236
"NB","2026-08-12T21:00:00.000000",21.6813983917236
"NB","2026-08-12T22:00:00.000000",21.6813983917236
"NB","2026-08-12T23:00:00.000000",21.7219390869141
"NB","2026-08-13T00:00:00.000000",21.7219371795654
"NB","2026-08-13T01:00:00.000000",21.7218990325928
"NB","2026-08-13T02:00:00.000000",21.7214260101318
"NB","2026-08-13T03:00:00.000000",21.7154788970947
"NB","2026-08-13T04:00:00.000000",21.7145748138428
"NB","2026-08-13T05:00:00.000000",21.7219066619873
"NB","2026-08-13T06:00:00.000000",21.7219219207764
"NB","2026-08-13T07:00:00.000000",21.7344646453857
"NB","2026-08-13T08:00:00.000000",21.7383937835693
"NB","2026-08-13T09:00:00.000000",21.7383937835693
"NB","2026-08-13T10:00:00.000000",21.7383937835693
"NB","2026-08-13T11:00:00.000000",21.7383937835693
"NB","2026-08-13T12:00:00.000000",21.7125129699707
"NB","2026-08-13T13:00:00.000000",21.7187175750732
"NB","2026-08-13T14:00:00.000000",21.6995182037354
"NB","2026-08-13T15:00:00.000000",21.6950225830078
"NB","2026-08-13T16:00:00.000000",21.7080116271973
"NB","2026-08-13T17:00:00.000000",21.7107448577881
"NB","2026-08-13T18:00:00.000000",21.7249526977539
"NB","2026-08-13T19:00:00.000000",21.7537364959717
"NB","2026-08-13T20:00:00.000000",21.779993057251
"NB","2026-08-13T21:00:00.000000",21.7826118469238
"NB","2026-08-13T22:00:00.000000",21.7826118469238
"NB","2026-08-13T23:00:00.000000",21.7826118469238
"NB","2026-08-14T00:00:00.000000",21.7988567352295
"PC","2026-08-08T00:00:00.000000",21.3797912597656
"PC","2026-08-08T01:00:00.000000",21.720386505127
"PC","2026-08-08T02:00:00.000000",21.7401523590088
"PC","2026-08-08T03:00:00.000000",21.7290458679199
"PC","2026-08-08T04:00:00.000000",21.7255382537842
"PC","2026-08-08T05:00:00.000000",21.7259216308594
"PC","2026-08-08T06:00:00.000000",21.7260608673096
"PC","2026-08-08T07:00:00.000000",21.7261505126953
"PC","2026-08-08T08:00:00.000000",21.7261486053467
"PC","2026-08-08T09:00:00.000000",21.7265205383301
"PC","2026-08-08T10:00:00.000000",21.6489677429199
"PC","2026-08-08T11:00:00.000000",21.5255260467529
"PC","2026-08-08T12:00:00.000000",21.5523624420166
"PC","2026-08-08T13:00:00.000000",21.55979347229
"PC","2026-08-08T14:00:00.000000",21.622034072876
"PC","2026-08-08T15:00:00.000000",21.6382675170898
"PC","2026-08-08T16:00:00.000000",21.6352882385254
"PC","2026-08-08T17:00:00.000000",21.6352233886719
"PC","2026-08-08T18:00:00.000000",21.6352214813232
"PC","2026-08-08T19:00:00.000000",21.6352233886719
"PC","2026-08-08T20:00:00.000000",21.6352214813232
"PC","2026-08-08T21:00:00.000000",21.6474800109863
"PC","2026-08-08T22:00:00.000000",21.8228168487549
"PC","2026-08-08T23:00:00.000000",21.8713359832764
"PC","2026-08-09T00:00:00.000000",21.892484664917
"PC","2026-08-09T01:00:00.000000",21.223482131958
"PC","2026-08-09T02:00:00.000000",21.1384887695312
"PC","2026-08-09T03:00:00.000000",21.0747966766357
"PC","2026-08-09T04:00:00.000000",21.0817279815674
"PC","2026-08-09T05:00:00.000000",21.0973968505859
"PC","2026-08-09T06:00:00.000000",21.1006774902344
"PC","2026-08-09T07:00:00.000000",21.1014957427979
"PC","2026-08-09T08:00:00.000000",21.1015892028809
"PC","2026-08-09T09:00:00.000000",21.1012554168701
"PC","2026-08-09T10:00:00.000000",21.1016902923584
"PC","2026-08-09T11:00:00.000000",21.144552230835
"PC","2026-08-09T12:00:00.000000",20.9424057006836
"PC","2026-08-09T13:00:00.000000",20.9044094085693
"PC","2026-08-09T14:00:00.000000",20.9323253631592
"PC","2026-08-09T15:00:00.000000",21.0447444915771
"PC","2026-08-09T16:00:00.000000",21.0774307250977
"PC","2026-08-09T17:00:00.000000",21.0982780456543
"PC","2026-08-09T18:00:00.000000",21.1006774902344
"PC","2026-08-09T19:00:00.000000",21.1015300750732
"PC","2026-08-09T20:00:00.000000",21.1013145446777
"PC","2026-08-09T21:00:00.000000",21.1008911132812
"PC","2026-08-09T22:00:00.000000",21.1034622192383
"PC","2026-08-09T23:00:00.000000",21.1305484771729
"PC","2026-08-10T00:00:00.000000",21.0567016601562
"PC","2026-08-10T01:00:00.000000",20.8829326629639
"PC","2026-08-10T02:00:00.000000",20.8576107025146
"PC","2026-08-10T03:00:00.000000",20.9667453765869
"PC","2026-08-10T04:00:00.000000",21.0458889007568
"PC","2026-08-10T05:00:00.000000",21.1000728607178
"PC","2026-08-10T06:00:00.000000",21.1244659423828
"PC","2026-08-10T07:00:00.000000",21.1259765625
"PC","2026-08-10T08:00:00.000000",21.1267242431641
"PC","2026-08-10T09:00:00.000000",21.1271991729736
"PC","2026-08-10T10:00:00.000000",21.127685546875
"PC","2026-08-10T11:00:00.000000",21.1281147003174
"PC","2026-08-10T12:00:00.000000",21.2081279754639
"PC","2026-08-10T13:00:00.000000",21.0578269958496
"PC","2026-08-10T14:00:00.000000",21.0533390045166
"PC","2026-08-10T15:00:00.000000",21.0426921844482
"PC","2026-08-10T16:00:00.000000",21.1028366088867
"PC","2026-08-10T17:00:00.000000",21.1583518981934
"PC","2026-08-10T18:00:00.000000",21.1916408538818
"PC","2026-08-10T19:00:00.000000",21.196533203125
"PC","2026-08-10T20:00:00.000000",21.1968402862549
"PC","2026-08-10T21:00:00.000000",21.1969604492188
"PC","2026-08-10T22:00:00.000000",21.197172164917
"PC","2026-08-10T23:00:00.000000",21.1979694366455
"PC","2026-08-11T00:00:00.000000",21.3147792816162
"PC","2026-08-11T01:00:00.000000",21.2771282196045
"PC","2026-08-11T02:00:00.000000",21.2689342498779
"PC","2026-08-11T03:00:00.000000",21.2531070709229
"PC","2026-08-11T04:00:00.000000",21.2500610351562
"PC","2026-08-11T05:00:00.000000",21.2345676422119
"PC","2026-08-11T06:00:00.000000",21.2258396148682
"PC","2026-08-11T07:00:00.000000",21.2239971160889
"PC","2026-08-11T08:00:00.000000",21.2240619659424
"PC","2026-08-11T09:00:00.000000",21.2241668701172
"PC","2026-08-11T10:00:00.000000",21.2242412567139
"PC","2026-08-11T11:00:00.000000",21.2243366241455
"PC","2026-08-11T12:00:00.000000",21.2244262695312
"PC","2026-08-11T13:00:00.000000",21.2352066040039
"PC","2026-08-11T14:00:00.000000",21.2562923431396
"PC","2026-08-11T15:00:00.000000",21.3316955566406
"PC","2026-08-11T16:00:00.000000",21.3221015930176
"PC","2026-08-11T17:00:00.000000",21.2488288879395
"PC","2026-08-11T18:00:00.000000",21.2271423339844
"PC","2026-08-11T19:00:00.000000",21.2272033691406
"PC","2026-08-11T20:00:00.000000",21.2272644042969
"PC","2026-08-11T21:00:00.000000",21.2274608612061
"PC","2026-08-11T22:00:00.000000",21.2276611328125
"PC","2026-08-11T23:00:00.000000",21.227783203125
"PC","2026-08-12T00:00:00.000000",21.2350902557373
"PC","2026-08-12T01:00:00.000000",21.3507518768311
"PC","2026-08-12T02:00:00.000000",21.5419330596924
"PC","2026-08-12T03:00:00.000000",21.6116313934326
"PC","2026-08-12T04:00:00.000000",21.6065483093262
"PC","2026-08-12T05:00:00.000000",21.5650577545166
"PC","2026-08-12T06:00:00.000000",21.3710174560547
"PC","2026-08-12T07:00:00.000000",21.3619441986084
"PC","2026-08-12T08:00:00.000000",21.3584880828857
"PC","2026-08-12T09:00:00.000000",21.3579406738281
"PC","2026-08-12T10:00:00.000000",21.3579387664795
"PC","2026-08-12T11:00:00.000000",21.3579425811768
"PC","2026-08-12T12:00:00.000000",21.3579406738281
"PC","2026-08-12T13:00:00.000000",21.3579559326172
"PC","2026-08-12T14:00:00.000000",21.4169635772705
"PC","2026-08-12T15:00:00.000000",21.583345413208
"PC","2026-08-12T16:00:00.000000",21.6693782806396
"PC","2026-08-12T17:00:00.000000",21.6591930389404
"PC","2026-08-12T18:00:00.000000",21.500150680542
"PC","2026-08-12T19:00:00.000000",21.4481945037842
"PC","2026-08-12T20:00:00.000000",21.4402599334717
"PC","2026-08-12T21:00:00.000000",21.438232421875
"PC","2026-08-12T22:00:00.000000",21.4382305145264
"PC","2026-08-12T23:00:00.000000",21.4382305145264
"PC","2026-08-13T00:00:00.000000",21.438232421875
"PC","2026-08-13T01:00:00.000000",21.4454174041748
"PC","2026-08-13T02:00:00.000000",21.5424938201904
"PC","2026-08-13T03:00:00.000000",21.8212242126465
"PC","2026-08-13T04:00:00.000000",21.913200378418
"PC","2026-08-13T05:00:00.000000",21.9088935852051
"PC","2026-08-13T06:00:00.000000",21.8499431610107
"PC","2026-08-13T07:00:00.000000",21.5918273925781
"PC","2026-08-13T08:00:00.000000",21.5812931060791
"PC","2026-08-13T09:00:00.000000",21.5739364624023
"PC","2026-08-13T10:00:00.000000",21.5725078582764
"PC","2026-08-13T11:00:00.000000",21.5724964141846
"PC","2026-08-13T12:00:00.000000",21.5724945068359
"PC","2026-08-13T13:00:00.000000",21.5724964141846
"PC","2026-08-13T14:00:00.000000",21.5843257904053
"PC","2026-08-13T15:00:00.000000",21.6614513397217
"PC","2026-08-13T16:00:00.000000",21.8837184906006
"PC","2026-08-13T17:00:00.000000",21.926607131958
"PC","2026-08-13T18:00:00.000000",21.9070796966553
"PC","2026-08-13T19:00:00.000000",21.730001449585
"PC","2026-08-13T20:00:00.000000",21.6700592041016
"PC","2026-08-13T21:00:00.000000",21.6611766815186
"PC","2026-08-13T22:00:00.000000",21.6568546295166
"PC","2026-08-13T23:00:00.000000",21.6568584442139
"PC","2026-08-14T00:00:00.000000",21.6568641662598
"PV","2026-08-08T00:00:00.000000",20.7947025299072
"PV","2026-08-08T01:00:00.000000",20.237548828125
"PV","2026-08-08T02:00:00.000000",20.172477722168
"PV","2026-08-08T03:00:00.000000",20.1916122436523
"PV","2026-08-08T04:00:00.000000",20.2153625488281
"PV","2026-08-08T05:00:00.000000",20.2153625488281
"PV","2026-08-08T06:00:00.000000",20.2153625488281
"PV","2026-08-08T07:00:00.000000",20.2666130065918
"PV","2026-08-08T08:00:00.000000",20.2749462127686
"PV","2026-08-08T09:00:00.000000",20.2791900634766
"PV","2026-08-08T10:00:00.000000",20.2827224731445
"PV","2026-08-08T11:00:00.000000",20.2844333648682
"PV","2026-08-08T12:00:00.000000",20.2781429290771
"PV","2026-08-08T13:00:00.000000",20.2892379760742
"PV","2026-08-08T14:00:00.000000",20.3055095672607
"PV","2026-08-08T15:00:00.000000",20.3203144073486
"PV","2026-08-08T16:00:00.000000",20.3474311828613
"PV","2026-08-08T17:00:00.000000",20.3667964935303
"PV","2026-08-08T18:00:00.000000",20.4291801452637
"PV","2026-08-08T19:00:00.000000",20.4381828308105
"PV","2026-08-08T20:00:00.000000",20.4674205780029
"PV","2026-08-08T21:00:00.000000",20.5078983306885
"PV","2026-08-08T22:00:00.000000",20.541820526123
"PV","2026-08-08T23:00:00.000000",20.554126739502
"PV","2026-08-09T00:00:00.000000",20.5745849609375
"PV","2026-08-09T01:00:00.000000",20.4139366149902
"PV","2026-08-09T02:00:00.000000",20.413028717041
"PV","2026-08-09T03:00:00.000000",20.4407043457031
"PV","2026-08-09T04:00:00.000000",20.4789752960205
"PV","2026-08-09T05:00:00.000000",20.5010242462158
"PV","2026-08-09T06:00:00.000000",20.5010242462158
"PV","2026-08-09T07:00:00.000000",20.5010242462158
"PV","2026-08-09T08:00:00.000000",20.4855175018311
"PV","2026-08-09T09:00:00.000000",20.4801406860352
"PV","2026-08-09T10:00:00.000000",20.469388961792
"PV","2026-08-09T11:00:00.000000",20.4539279937744
"PV","2026-08-09T12:00:00.000000",20.4484558105469
"PV","2026-08-09T13:00:00.000000",20.4464015960693
"PV","2026-08-09T14:00:00.000000",20.4394302368164
"PV","2026-08-09T15:00:00.000000",20.4448547363281
"PV","2026-08-09T16:00:00.000000",20.4639587402344
"PV","2026-08-09T17:00:00.000000",20.4950981140137
"PV","2026-08-09T18:00:00.000000",20.5166797637939
"PV","2026-08-09T19:00:00.000000",20.5513877868652
"PV","2026-08-09T20:00:00.000000",20.5437755584717
"PV","2026-08-09T21:00:00.000000",20.5661811828613
"PV","2026-08-09T22:00:00.000000",20.5896682739258
"PV","2026-08-09T23:00:00.000000",20.6001453399658
"PV","2026-08-10T00:00:00.000000",20.6072807312012
"PV","2026-08-10T01:00:00.000000",21.092658996582
"PV","2026-08-10T02:00:00.000000",21.197452545166
"PV","2026-08-10T03:00:00.000000",21.2198543548584
"PV","2026-08-10T04:00:00.000000",21.2435054779053
"PV","2026-08-10T05:00:00.000000",21.2840480804443
"PV","2026-08-10T06:00:00.000000",21.2965755462646
"PV","2026-08-10T07:00:00.000000",21.2965755462646
"PV","2026-08-10T08:00:00.000000",21.2965755462646
"PV","2026-08-10T09:00:00.000000",21.2799320220947
"PV","2026-08-10T10:00:00.000000",21.2613658905029
"PV","2026-08-10T11:00:00.000000",21.2438316345215
"PV","2026-08-10T12:00:00.000000",21.2250156402588
"PV","2026-08-10T13:00:00.000000",21.2100353240967
"PV","2026-08-10T14:00:00.000000",21.2022914886475
"PV","2026-08-10T15:00:00.000000",21.2202892303467
"PV","2026-08-10T16:00:00.000000",21.2436008453369
"PV","2026-08-10T17:00:00.000000",21.269998550415
"PV","2026-08-10T18:00:00.000000",21.2966041564941
"PV","2026-08-10T19:00:00.000000",21.3369274139404
"PV","2026-08-10T20:00:00.000000",21.3369274139404
"PV","2026-08-10T21:00:00.000000",21.4028015136719
"PV","2026-08-10T22:00:00.000000",21.4148406982422
"PV","2026-08-10T23:00:00.000000",21.4427051544189
"PV","2026-08-11T00:00:00.000000",21.472900390625
"PV","2026-08-11T01:00:00.000000",21.5072174072266
"PV","2026-08-11T02:00:00.000000",21.5337200164795
"PV","2026-08-11T03:00:00.000000",21.5428524017334
"PV","2026-08-11T04:00:00.000000",21.5769481658936
"PV","2026-08-11T05:00:00.000000",21.611536026001
"PV","2026-08-11T06:00:00.000000",21.6280994415283
"PV","2026-08-11T07:00:00.000000",21.6280956268311
"PV","2026-08-11T08:00:00.000000",21.6280956268311
"PV","2026-08-11T09:00:00.000000",21.6280956268311
"PV","2026-08-11T10:00:00.000000",21.6731243133545
"PV","2026-08-11T11:00:00.000000",21.6764373779297
"PV","2026-08-11T12:00:00.000000",21.6836967468262
"PV","2026-08-11T13:00:00.000000",21.6933879852295
"PV","2026-08-11T14:00:00.000000",21.6929683685303
"PV","2026-08-11T15:00:00.000000",21.7033596038818
"PV","2026-08-11T16:00:00.000000",21.7475643157959
"PV","2026-08-11T17:00:00.000000",21.7775497436523
"PV","2026-08-11T18:00:00.000000",21.7860279083252
"PV","2026-08-11T19:00:00.000000",21.7909030914307
"PV","2026-08-11T20:00:00.000000",21.8019218444824
"PV","2026-08-11T21:00:00.000000",21.8019218444824
"PV","2026-08-11T22:00:00.000000",21.9023876190186
"PV","2026-08-11T23:00:00.000000",21.9032077789307
"PV","2026-08-12T00:00:00.000000",21.9203987121582
"PV","2026-08-12T01:00:00.000000",21.9268589019775
"PV","2026-08-12T02:00:00.000000",21.9298534393311
"PV","2026-08-12T03:00:00.000000",21.9163665771484
"PV","2026-08-12T04:00:00.000000",21.8708190917969
"PV","2026-08-12T05:00:00.000000",21.8661098480225
"PV","2026-08-12T06:00:00.000000",21.9005813598633
"PV","2026-08-12T07:00:00.000000",21.946475982666
"PV","2026-08-12T08:00:00.000000",21.946475982666
"PV","2026-08-12T09:00:00.000000",21.946475982666
"PV","2026-08-12T10:00:00.000000",21.946475982666
"PV","2026-08-12T11:00:00.000000",21.9192142486572
"PV","2026-08-12T12:00:00.000000",21.9079837799072
"PV","2026-08-12T13:00:00.000000",21.8980388641357
"PV","2026-08-12T14:00:00.000000",21.8791542053223
"PV","2026-08-12T15:00:00.000000",21.8651638031006
"PV","2026-08-12T16:00:00.000000",21.873291015625
"PV","2026-08-12T17:00:00.000000",21.9145374298096
"PV","2026-08-12T18:00:00.000000",21.9456329345703
"PV","2026-08-12T19:00:00.000000",21.979642868042
"PV","2026-08-12T20:00:00.000000",22.0205821990967
"PV","2026-08-12T21:00:00.000000",22.0205821990967
"PV","2026-08-12T22:00:00.000000",22.0205821990967
"PV","2026-08-12T23:00:00.000000",22.0593852996826
"PV","2026-08-13T00:00:00.000000",22.0593852996826
"PV","2026-08-13T01:00:00.000000",22.0593852996826
"PV","2026-08-13T02:00:00.000000",22.0593852996826
"PV","2026-08-13T03:00:00.000000",22.0593852996826
"PV","2026-08-13T04:00:00.000000",22.0461559295654
"PV","2026-08-13T05:00:00.000000",21.9691200256348
"PV","2026-08-13T06:00:00.000000",21.9671821594238
"PV","2026-08-13T07:00:00.000000",21.9927291870117
"PV","2026-08-13T08:00:00.000000",22.0593547821045
"PV","2026-08-13T09:00:00.000000",22.0593547821045
"PV","2026-08-13T10:00:00.000000",22.0593547821045
"PV","2026-08-13T11:00:00.000000",22.0593547821045
"PV","2026-08-13T12:00:00.000000",22.0247249603271
"PV","2026-08-13T13:00:00.000000",22.01487159729
"PV","2026-08-13T14:00:00.000000",21.9979305267334
"PV","2026-08-13T15:00:00.000000",21.9812526702881
"PV","2026-08-13T16:00:00.000000",21.9747676849365
"PV","2026-08-13T17:00:00.000000",21.9910144805908
"PV","2026-08-13T18:00:00.000000",22.0303573608398
"PV","2026-08-13T19:00:00.000000",22.0676937103271
"PV","2026-08-13T20:00:00.000000",22.1019191741943
"PV","2026-08-13T21:00:00.000000",22.1309185028076
"PV","2026-08-13T22:00:00.000000",22.1309337615967
"PV","2026-08-13T23:00:00.000000",22.1309337615967
"PV","2026-08-14T00:00:00.000000",22.1627330780029
"SH","2026-08-08T00:00:00.000000",20.8822441101074
"SH","2026-08-08T01:00:00.000000",21.0771884918213
"SH","2026-08-08T02:00:00.000000",21.166296005249
"SH","2026-08-08T03:00:00.000000",21.19358253479
"SH","2026-08-08T04:00:00.000000",21.2533721923828
"SH","2026-08-08T05:00:00.000000",21.2545986175537
"SH","2026-08-08T06:00:00.000000",21.2545986175537
"SH","2026-08-08T07:00:00.000000",21.2545986175537
"SH","2026-08-08T08:00:00.000000",21.1169872283936
"SH","2026-08-08T09:00:00.000000",21.1112842559814
"SH","2026-08-08T10:00:00.000000",21.0891342163086
"SH","2026-08-08T11:00:00.000000",21.0791187286377
"SH","2026-08-08T12:00:00.000000",21.0696983337402
"SH","2026-08-08T13:00:00.000000",21.0739765167236
"SH","2026-08-08T14:00:00.000000",21.1189403533936
"SH","2026-08-08T15:00:00.000000",21.1624088287354
"SH","2026-08-08T16:00:00.000000",21.2762126922607
"SH","2026-08-08T17:00:00.000000",21.3048858642578
"SH","2026-08-08T18:00:00.000000",21.3048858642578
"SH","2026-08-08T19:00:00.000000",21.3048858642578
"SH","2026-08-08T20:00:00.000000",21.3328990936279
"SH","2026-08-08T21:00:00.000000",21.2944564819336
"SH","2026-08-08T22:00:00.000000",21.2759876251221
"SH","2026-08-08T23:00:00.000000",21.2803497314453
"SH","2026-08-09T00:00:00.000000",21.2657775878906
"SH","2026-08-09T01:00:00.000000",20.9113864898682
"SH","2026-08-09T02:00:00.000000",20.9092197418213
"SH","2026-08-09T03:00:00.000000",21.0370388031006
"SH","2026-08-09T04:00:00.000000",21.081506729126
"SH","2026-08-09T05:00:00.000000",21.2051296234131
"SH","2026-08-09T06:00:00.000000",21.2162590026855
"SH","2026-08-09T07:00:00.000000",21.2162590026855
"SH","2026-08-09T08:00:00.000000",21.2162590026855
"SH","2026-08-09T09:00:00.000000",20.9864101409912
"SH","2026-08-09T10:00:00.000000",20.9637393951416
"SH","2026-08-09T11:00:00.000000",20.9685230255127
"SH","2026-08-09T12:00:00.000000",20.9687957763672
"SH","2026-08-09T13:00:00.000000",20.9377040863037
"SH","2026-08-09T14:00:00.000000",20.8947486877441
"SH","2026-08-09T15:00:00.000000",20.9430694580078
"SH","2026-08-09T16:00:00.000000",21.005220413208
"SH","2026-08-09T17:00:00.000000",21.1834564208984
"SH","2026-08-09T18:00:00.000000",21.2513656616211
"SH","2026-08-09T19:00:00.000000",21.2513656616211
"SH","2026-08-09T20:00:00.000000",21.2513656616211
"SH","2026-08-09T21:00:00.000000",21.191442489624
"SH","2026-08-09T22:00:00.000000",21.1924743652344
"SH","2026-08-09T23:00:00.000000",21.2575569152832
"SH","2026-08-10T00:00:00.000000",21.3216705322266
"SH","2026-08-10T01:00:00.000000",21.0330848693848
"SH","2026-08-10T02:00:00.000000",20.8884029388428
"SH","2026-08-10T03:00:00.000000",20.8195648193359
"SH","2026-08-10T04:00:00.000000",20.7914276123047
"SH","2026-08-10T05:00:00.000000",20.8955612182617
"SH","2026-08-10T06:00:00.000000",20.9185638427734
"SH","2026-08-10T07:00:00.000000",20.918327331543
"SH","2026-08-10T08:00:00.000000",20.918327331543
"SH","2026-08-10T09:00:00.000000",20.918327331543
"SH","2026-08-10T10:00:00.000000",21.0835876464844
"SH","2026-08-10T11:00:00.000000",21.1327037811279
"SH","2026-08-10T12:00:00.000000",21.2151756286621
"SH","2026-08-10T13:00:00.000000",21.2601375579834
"SH","2026-08-10T14:00:00.000000",21.2645988464355
"SH","2026-08-10T15:00:00.000000",21.2296962738037
"SH","2026-08-10T16:00:00.000000",21.2299957275391
"SH","2026-08-10T17:00:00.000000",21.2314262390137
"SH","2026-08-10T18:00:00.000000",21.2403736114502
"SH","2026-08-10T19:00:00.000000",21.2314052581787
"SH","2026-08-10T20:00:00.000000",21.2314052581787
"SH","2026-08-10T21:00:00.000000",21.2314052581787
"SH","2026-08-10T22:00:00.000000",21.4094314575195
"SH","2026-08-10T23:00:00.000000",21.4099369049072
"SH","2026-08-11T00:00:00.000000",21.439920425415
"SH","2026-08-11T01:00:00.000000",21.4277687072754
"SH","2026-08-11T02:00:00.000000",21.4283199310303
"SH","2026-08-11T03:00:00.000000",21.4273586273193
"SH","2026-08-11T04:00:00.000000",21.4457111358643
"SH","2026-08-11T05:00:00.000000",21.4502391815186
"SH","2026-08-11T06:00:00.000000",21.4501533508301
"SH","2026-08-11T07:00:00.000000",21.4500846862793
"SH","2026-08-11T08:00:00.000000",21.4499969482422
"SH","2026-08-11T09:00:00.000000",21.4499969482422
"SH","2026-08-11T10:00:00.000000",21.4499969482422
"SH","2026-08-11T11:00:00.000000",21.5171642303467
"SH","2026-08-11T12:00:00.000000",21.5409717559814
"SH","2026-08-11T13:00:00.000000",21.559850692749
"SH","2026-08-11T14:00:00.000000",21.5761318206787
"SH","2026-08-11T15:00:00.000000",21.5814647674561
"SH","2026-08-11T16:00:00.000000",21.5594291687012
"SH","2026-08-11T17:00:00.000000",21.5913505554199
"SH","2026-08-11T18:00:00.000000",21.5952129364014
"SH","2026-08-11T19:00:00.000000",21.6019496917725
"SH","2026-08-11T20:00:00.000000",21.6028289794922
"SH","2026-08-11T21:00:00.000000",21.6028289794922
"SH","2026-08-11T22:00:00.000000",21.6028289794922
"SH","2026-08-11T23:00:00.000000",21.7531032562256
"SH","2026-08-12T00:00:00.000000",21.7937908172607
"SH","2026-08-12T01:00:00.000000",21.8616828918457
"SH","2026-08-12T02:00:00.000000",21.919605255127
"SH","2026-08-12T03:00:00.000000",21.9259548187256
"SH","2026-08-12T04:00:00.000000",21.8711013793945
"SH","2026-08-12T05:00:00.000000",21.8534450531006
"SH","2026-08-12T06:00:00.000000",21.8636169433594
"SH","2026-08-12T07:00:00.000000",21.8638439178467
"SH","2026-08-12T08:00:00.000000",21.8526916503906
"SH","2026-08-12T09:00:00.000000",21.8527431488037
"SH","2026-08-12T10:00:00.000000",21.8527431488037
"SH","2026-08-12T11:00:00.000000",21.8527431488037
"SH","2026-08-12T12:00:00.000000",21.8653678894043
"SH","2026-08-12T13:00:00.000000",21.9027900695801
"SH","2026-08-12T14:00:00.000000",21.9596252441406
"SH","2026-08-12T15:00:00.000000",22.0173740386963
"SH","2026-08-12T16:00:00.000000",22.0272350311279
"SH","2026-08-12T17:00:00.000000",21.9937763214111
"SH","2026-08-12T18:00:00.000000",22.0056896209717
"SH","2026-08-12T19:00:00.000000",22.0056438446045
"SH","2026-08-12T20:00:00.000000",22.0054969787598
"SH","2026-08-12T21:00:00.000000",22.0054531097412
"SH","2026-08-12T22:00:00.000000",22.0054531097412
"SH","2026-08-12T23:00:00.000000",22.0054531097412
"SH","2026-08-13T00:00:00.000000",22.1561527252197
"SH","2026-08-13T01:00:00.000000",22.2015743255615
"SH","2026-08-13T02:00:00.000000",22.2595157623291
"SH","2026-08-13T03:00:00.000000",22.2888164520264
"SH","2026-08-13T04:00:00.000000",22.2785625457764
"SH","2026-08-13T05:00:00.000000",22.1753273010254
"SH","2026-08-13T06:00:00.000000",22.1782512664795
"SH","2026-08-13T07:00:00.000000",22.2141170501709
"SH","2026-08-13T08:00:00.000000",22.207010269165
"SH","2026-08-13T09:00:00.000000",22.1819515228271
"SH","2026-08-13T10:00:00.000000",22.1819801330566
"SH","2026-08-13T11:00:00.000000",22.1819801330566
"SH","2026-08-13T12:00:00.000000",22.1819801330566
"SH","2026-08-13T13:00:00.000000",22.1480960845947
"SH","2026-08-13T14:00:00.000000",22.1573791503906
"SH","2026-08-13T15:00:00.000000",22.1558094024658
"SH","2026-08-13T16:00:00.000000",22.1755046844482
"SH","2026-08-13T17:00:00.000000",22.1544628143311
"SH","2026-08-13T18:00:00.000000",22.1233959197998
"SH","2026-08-13T19:00:00.000000",22.1503887176514
"SH","2026-08-13T20:00:00.000000",22.1531925201416
"SH","2026-08-13T21:00:00.000000",22.1531276702881
"SH","2026-08-13T22:00:00.000000",22.1530570983887
"SH","2026-08-13T23:00:00.000000",22.1530570983887
"SH","2026-08-14T00:00:00.000000",22.1530570983887
"WB","2026-08-08T00:00:00.000000",20.9547309875488
"WB","2026-08-08T01:00:00.000000",20.5025215148926
"WB","2026-08-08T02:00:00.000000",20.4394474029541
"WB","2026-08-08T03:00:00.000000",20.4434509277344
"WB","2026-08-08T04:00:00.000000",20.442943572998
"WB","2026-08-08T05:00:00.000000",20.4447841644287
"WB","2026-08-08T06:00:00.000000",20.4462966918945
"WB","2026-08-08T07:00:00.000000",20.4447345733643
"WB","2026-08-08T08:00:00.000000",20.4418830871582
"WB","2026-08-08T09:00:00.000000",20.4373531341553
"WB","2026-08-08T10:00:00.000000",20.4309368133545
"WB","2026-08-08T11:00:00.000000",20.4321231842041
"WB","2026-08-08T12:00:00.000000",20.4368591308594
"WB","2026-08-08T13:00:00.000000",20.4417972564697
"WB","2026-08-08T14:00:00.000000",20.4551811218262
"WB","2026-08-08T15:00:00.000000",20.4760112762451
"WB","2026-08-08T16:00:00.000000",20.4959907531738
"WB","2026-08-08T17:00:00.000000",20.5161952972412
"WB","2026-08-08T18:00:00.000000",20.5242443084717
"WB","2026-08-08T19:00:00.000000",20.588357925415
"WB","2026-08-08T20:00:00.000000",20.6778621673584
"WB","2026-08-08T21:00:00.000000",20.7732563018799
"WB","2026-08-08T22:00:00.000000",20.846212387085
"WB","2026-08-08T23:00:00.000000",20.8538570404053
"WB","2026-08-09T00:00:00.000000",20.7960548400879
"WB","2026-08-09T01:00:00.000000",20.6245937347412
"WB","2026-08-09T02:00:00.000000",20.6424598693848
"WB","2026-08-09T03:00:00.000000",20.6373252868652
"WB","2026-08-09T04:00:00.000000",20.6351299285889
"WB","2026-08-09T05:00:00.000000",20.6414661407471
"WB","2026-08-09T06:00:00.000000",20.6503162384033
"WB","2026-08-09T07:00:00.000000",20.6645088195801
"WB","2026-08-09T08:00:00.000000",20.6620616912842
"WB","2026-08-09T09:00:00.000000",20.6569175720215
"WB","2026-08-09T10:00:00.000000",20.6426982879639
"WB","2026-08-09T11:00:00.000000",20.6327781677246
"WB","2026-08-09T12:00:00.000000",20.6332893371582
"WB","2026-08-09T13:00:00.000000",20.6437358856201
"WB","2026-08-09T14:00:00.000000",20.6574935913086
"WB","2026-08-09T15:00:00.000000",20.6709938049316
"WB","2026-08-09T16:00:00.000000",20.6964931488037
"WB","2026-08-09T17:00:00.000000",20.7213668823242
"WB","2026-08-09T18:00:00.000000",20.7289791107178
"WB","2026-08-09T19:00:00.000000",20.7413806915283
"WB","2026-08-09T20:00:00.000000",20.8122940063477
"WB","2026-08-09T21:00:00.000000",20.884859085083
"WB","2026-08-09T22:00:00.000000",20.9726219177246
"WB","2026-08-09T23:00:00.000000",21.0383968353271
"WB","2026-08-10T00:00:00.000000",21.0522918701172
"WB","2026-08-10T01:00:00.000000",20.8405990600586
"WB","2026-08-10T02:00:00.000000",20.72971534729
"WB","2026-08-10T03:00:00.000000",20.7254810333252
"WB","2026-08-10T04:00:00.000000",20.777027130127
"WB","2026-08-10T05:00:00.000000",20.8023147583008
"WB","2026-08-10T06:00:00.000000",20.8166656494141
"WB","2026-08-10T07:00:00.000000",20.8276405334473
"WB","2026-08-10T08:00:00.000000",20.8223533630371
"WB","2026-08-10T09:00:00.000000",20.8017387390137
"WB","2026-08-10T10:00:00.000000",20.7882328033447
"WB","2026-08-10T11:00:00.000000",20.7608890533447
"WB","2026-08-10T12:00:00.000000",20.7365226745605
"WB","2026-08-10T13:00:00.000000",20.73459815979
"WB","2026-08-10T14:00:00.000000",20.7574462890625
"WB","2026-08-10T15:00:00.000000",20.79026222229
"WB","2026-08-10T16:00:00.000000",20.8174114227295
"WB","2026-08-10T17:00:00.000000",20.8575057983398
"WB","2026-08-10T18:00:00.000000",20.895092010498
"WB","2026-08-10T19:00:00.000000",20.9119262695312
"WB","2026-08-10T20:00:00.000000",20.9232578277588
"WB","2026-08-10T21:00:00.000000",20.972526550293
"WB","2026-08-10T22:00:00.000000",21.054615020752
"WB","2026-08-10T23:00:00.000000",21.1305141448975
"WB","2026-08-11T00:00:00.000000",21.1737823486328
"WB","2026-08-11T01:00:00.000000",21.183988571167
"WB","2026-08-11T02:00:00.000000",21.179500579834
"WB","2026-08-11T03:00:00.000000",21.1197967529297
"WB","2026-08-11T04:00:00.000000",21.1170597076416
"WB","2026-08-11T05:00:00.000000",21.1691913604736
"WB","2026-08-11T06:00:00.000000",21.1964702606201
"WB","2026-08-11T07:00:00.000000",21.22483253479
"WB","2026-08-11T08:00:00.000000",21.2347679138184
"WB","2026-08-11T09:00:00.000000",21.2389793395996
"WB","2026-08-11T10:00:00.000000",21.2123107910156
"WB","2026-08-11T11:00:00.000000",21.1829738616943
"WB","2026-08-11T12:00:00.000000",21.1361751556396
"WB","2026-08-11T13:00:00.000000",21.1103591918945
"WB","2026-08-11T14:00:00.000000",21.1091060638428
"WB","2026-08-11T15:00:00.000000",21.1528377532959
"WB","2026-08-11T16:00:00.000000",21.23095703125
"WB","2026-08-11T17:00:00.000000",21.2873516082764
"WB","2026-08-11T18:00:00.000000",21.3315410614014
"WB","2026-08-11T19:00:00.000000",21.3604202270508
"WB","2026-08-11T20:00:00.000000",21.3816947937012
"WB","2026-08-11T21:00:00.000000",21.3918075561523
"WB","2026-08-11T22:00:00.000000",21.4241981506348
"WB","2026-08-11T23:00:00.000000",21.4641857147217
"WB","2026-08-12T00:00:00.000000",21.4794921875
"WB","2026-08-12T01:00:00.000000",21.4796352386475
"WB","2026-08-12T02:00:00.000000",21.4762420654297
"WB","2026-08-12T03:00:00.000000",21.4908657073975
"WB","2026-08-12T04:00:00.000000",21.5326995849609
"WB","2026-08-12T05:00:00.000000",21.5579528808594
"WB","2026-08-12T06:00:00.000000",21.5631561279297
"WB","2026-08-12T07:00:00.000000",21.5704650878906
"WB","2026-08-12T08:00:00.000000",21.5781536102295
"WB","2026-08-12T09:00:00.000000",21.5841426849365
"WB","2026-08-12T10:00:00.000000",21.591552734375
"WB","2026-08-12T11:00:00.000000",21.5629501342773
"WB","2026-08-12T12:00:00.000000",21.5412788391113
"WB","2026-08-12T13:00:00.000000",21.5101222991943
"WB","2026-08-12T14:00:00.000000",21.4663848876953
"WB","2026-08-12T15:00:00.000000",21.4613075256348
"WB","2026-08-12T16:00:00.000000",21.5042953491211
"WB","2026-08-12T17:00:00.000000",21.5869178771973
"WB","2026-08-12T18:00:00.000000",21.6620178222656
"WB","2026-08-12T19:00:00.000000",21.7117042541504
"WB","2026-08-12T20:00:00.000000",21.7485599517822
"WB","2026-08-12T21:00:00.000000",21.7706432342529
"WB","2026-08-12T22:00:00.000000",21.7815990447998
"WB","2026-08-12T23:00:00.000000",21.7943229675293
"WB","2026-08-13T00:00:00.000000",21.7976760864258
"WB","2026-08-13T01:00:00.000000",21.7890357971191
"WB","2026-08-13T02:00:00.000000",21.7721538543701
"WB","2026-08-13T03:00:00.000000",21.7759761810303
"WB","2026-08-13T04:00:00.000000",21.7922420501709
"WB","2026-08-13T05:00:00.000000",21.7906017303467
"WB","2026-08-13T06:00:00.000000",21.827299118042
"WB","2026-08-13T07:00:00.000000",21.8657665252686
"WB","2026-08-13T08:00:00.000000",21.8786888122559
"WB","2026-08-13T09:00:00.000000",21.8832988739014
"WB","2026-08-13T10:00:00.000000",21.8848876953125
"WB","2026-08-13T11:00:00.000000",21.8926906585693
"WB","2026-08-13T12:00:00.000000",21.8744945526123
"WB","2026-08-13T13:00:00.000000",21.8576526641846
"WB","2026-08-13T14:00:00.000000",21.8347549438477
"WB","2026-08-13T15:00:00.000000",21.8100910186768
"WB","2026-08-13T16:00:00.000000",21.8105411529541
"WB","2026-08-13T17:00:00.000000",21.8701686859131
"WB","2026-08-13T18:00:00.000000",21.9117412567139
"WB","2026-08-13T19:00:00.000000",21.9716320037842
"WB","2026-08-13T20:00:00.000000",22.0082511901855
"WB","2026-08-13T21:00:00.000000",22.0397758483887
"WB","2026-08-13T22:00:00.000000",22.0542602539062
"WB","2026-08-13T23:00:00.000000",22.0592002868652
"WB","2026-08-14T00:00:00.000000",22.0704860687256
"CC","2026-08-08T00:00:00.000000",24.6686840057373
"CC","2026-08-08T01:00:00.000000",24.9169921875
"CC","2026-08-08T02:00:00.000000",24.9620780944824
"CC","2026-08-08T03:00:00.000000",24.9630451202393
"CC","2026-08-08T04:00:00.000000",24.9686527252197
"CC","2026-08-08T05:00:00.000000",24.9717578887939
"CC","2026-08-08T06:00:00.000000",24.955696105957
"CC","2026-08-08T07:00:00.000000",24.9470615386963
"CC","2026-08-08T08:00:00.000000",24.9478988647461
"CC","2026-08-08T09:00:00.000000",24.9523525238037
"CC","2026-08-08T10:00:00.000000",24.9573440551758
"CC","2026-08-08T11:00:00.000000",24.9701385498047
"CC","2026-08-08T12:00:00.000000",25.006160736084
"CC","2026-08-08T13:00:00.000000",25.076379776001
"CC","2026-08-08T14:00:00.000000",25.1799335479736
"CC","2026-08-08T15:00:00.000000",25.3076953887939
"CC","2026-08-08T16:00:00.000000",25.3653755187988
"CC","2026-08-08T17:00:00.000000",25.4230823516846
"CC","2026-08-08T18:00:00.000000",25.4619998931885
"CC","2026-08-08T19:00:00.000000",25.4574012756348
"CC","2026-08-08T20:00:00.000000",25.472074508667
"CC","2026-08-08T21:00:00.000000",25.4898052215576
"CC","2026-08-08T22:00:00.000000",25.4926261901855
"CC","2026-08-08T23:00:00.000000",25.4777336120605
"CC","2026-08-09T00:00:00.000000",25.441104888916
"CC","2026-08-09T01:00:00.000000",24.9886264801025
"CC","2026-08-09T02:00:00.000000",24.9398727416992
"CC","2026-08-09T03:00:00.000000",24.9443359375
"CC","2026-08-09T04:00:00.000000",24.9522266387939
"CC","2026-08-09T05:00:00.000000",24.9497375488281
"CC","2026-08-09T06:00:00.000000",24.9455013275146
"CC","2026-08-09T07:00:00.000000",24.9401092529297
"CC","2026-08-09T08:00:00.000000",24.9335803985596
"CC","2026-08-09T09:00:00.000000",24.9368553161621
"CC","2026-08-09T10:00:00.000000",24.9470176696777
"CC","2026-08-09T11:00:00.000000",24.9685821533203
"CC","2026-08-09T12:00:00.000000",25.0073490142822
"CC","2026-08-09T13:00:00.000000",25.07470703125
"CC","2026-08-09T14:00:00.000000",25.1797657012939
"CC","2026-08-09T15:00:00.000000",25.3110256195068
"CC","2026-08-09T16:00:00.000000",25.3635272979736
"CC","2026-08-09T17:00:00.000000",25.419828414917
"CC","2026-08-09T18:00:00.000000",25.4702930450439
"CC","2026-08-09T19:00:00.000000",25.4799003601074
"CC","2026-08-09T20:00:00.000000",25.4890995025635
"CC","2026-08-09T21:00:00.000000",25.49485206604
"CC","2026-08-09T22:00:00.000000",25.5049800872803
"CC","2026-08-09T23:00:00.000000",25.4999313354492
"CC","2026-08-10T00:00:00.000000",25.4599952697754
"CC","2026-08-10T01:00:00.000000",25.1412200927734
"CC","2026-08-10T02:00:00.000000",25.0763721466064
"CC","2026-08-10T03:00:00.000000",25.0456027984619
"CC","2026-08-10T04:00:00.000000",25.0397453308105
"CC","2026-08-10T05:00:00.000000",25.0280075073242
"CC","2026-08-10T06:00:00.000000",25.0053825378418
"CC","2026-08-10T07:00:00.000000",24.9808902740479
"CC","2026-08-10T08:00:00.000000",24.9546031951904
"CC","2026-08-10T09:00:00.000000",24.9337272644043
"CC","2026-08-10T10:00:00.000000",24.9205017089844
"CC","2026-08-10T11:00:00.000000",24.9370918273926
"CC","2026-08-10T12:00:00.000000",24.9984111785889
"CC","2026-08-10T13:00:00.000000",25.0819244384766
"CC","2026-08-10T14:00:00.000000",25.1858234405518
"CC","2026-08-10T15:00:00.000000",25.3028163909912
"CC","2026-08-10T16:00:00.000000",25.3528842926025
"CC","2026-08-10T17:00:00.000000",25.4178123474121
"CC","2026-08-10T18:00:00.000000",25.4917240142822
"CC","2026-08-10T19:00:00.000000",25.5091495513916
"CC","2026-08-10T20:00:00.000000",25.5064735412598
"CC","2026-08-10T21:00:00.000000",25.4982681274414
"CC","2026-08-10T22:00:00.000000",25.5019912719727
"CC","2026-08-10T23:00:00.000000",25.4866008758545
"CC","2026-08-11T00:00:00.000000",25.4750156402588
"CC","2026-08-11T01:00:00.000000",25.4772129058838
"CC","2026-08-11T02:00:00.000000",25.4736194610596
"CC","2026-08-11T03:00:00.000000",25.4697341918945
"CC","2026-08-11T04:00:00.000000",25.4639377593994
"CC","2026-08-11T05:00:00.000000",25.4606742858887
"CC","2026-08-11T06:00:00.000000",25.4566097259521
"CC","2026-08-11T07:00:00.000000",25.4497299194336
"CC","2026-08-11T08:00:00.000000",25.4396877288818
"CC","2026-08-11T09:00:00.000000",25.4318714141846
"CC","2026-08-11T10:00:00.000000",25.4254283905029
"CC","2026-08-11T11:00:00.000000",25.421329498291
"CC","2026-08-11T12:00:00.000000",25.4257411956787
"CC","2026-08-11T13:00:00.000000",25.4459686279297
"CC","2026-08-11T14:00:00.000000",25.4893169403076
"CC","2026-08-11T15:00:00.000000",25.5581035614014
"CC","2026-08-11T16:00:00.000000",25.6443824768066
"CC","2026-08-11T17:00:00.000000",25.7283248901367
"CC","2026-08-11T18:00:00.000000",25.8060302734375
"CC","2026-08-11T19:00:00.000000",25.8840274810791
"CC","2026-08-11T20:00:00.000000",25.9448413848877
"CC","2026-08-11T21:00:00.000000",25.9657154083252
"CC","2026-08-11T22:00:00.000000",25.9712886810303
"CC","2026-08-11T23:00:00.000000",25.9727230072021
"CC","2026-08-12T00:00:00.000000",25.9727115631104
"CC","2026-08-12T01:00:00.000000",25.9700317382812
"CC","2026-08-12T02:00:00.000000",25.9677238464355
"CC","2026-08-12T03:00:00.000000",25.9653968811035
"CC","2026-08-12T04:00:00.000000",25.9597148895264
"CC","2026-08-12T05:00:00.000000",25.9535140991211
"CC","2026-08-12T06:00:00.000000",25.9461364746094
"CC","2026-08-12T07:00:00.000000",25.9387893676758
"CC","2026-08-12T08:00:00.000000",25.9281940460205
"CC","2026-08-12T09:00:00.000000",25.9143161773682
"CC","2026-08-12T10:00:00.000000",25.8996601104736
"CC","2026-08-12T11:00:00.000000",25.8922100067139
"CC","2026-08-12T12:00:00.000000",25.894495010376
"CC","2026-08-12T13:00:00.000000",25.9101428985596
"CC","2026-08-12T14:00:00.000000",25.94508934021
"CC","2026-08-12T15:00:00.000000",26.0043449401855
"CC","2026-08-12T16:00:00.000000",26.0880527496338
"CC","2026-08-12T17:00:00.000000",26.1779270172119
"CC","2026-08-12T18:00:00.000000",26.2605476379395
"CC","2026-08-12T19:00:00.000000",26.3246612548828
"CC","2026-08-12T20:00:00.000000",26.3578567504883
"CC","2026-08-12T21:00:00.000000",26.359130859375
"CC","2026-08-12T22:00:00.000000",26.3467578887939
"CC","2026-08-12T23:00:00.000000",26.3350868225098
"CC","2026-08-13T00:00:00.000000",26.3250045776367
"CC","2026-08-13T01:00:00.000000",26.3120822906494
"CC","2026-08-13T02:00:00.000000",26.3024501800537
"CC","2026-08-13T03:00:00.000000",26.2944450378418
"CC","2026-08-13T04:00:00.000000",26.2848491668701
"CC","2026-08-13T05:00:00.000000",26.274076461792
"CC","2026-08-13T06:00:00.000000",26.2620048522949
"CC","2026-08-13T07:00:00.000000",26.2512607574463
"CC","2026-08-13T08:00:00.000000",26.2428665161133
"CC","2026-08-13T09:00:00.000000",26.2332420349121
"CC","2026-08-13T10:00:00.000000",26.2226467132568
"CC","2026-08-13T11:00:00.000000",26.2173824310303
"CC","2026-08-13T12:00:00.000000",26.2215118408203
"CC","2026-08-13T13:00:00.000000",26.2378768920898
"CC","2026-08-13T14:00:00.000000",26.2671585083008
"CC","2026-08-13T15:00:00.000000",26.3113403320312
"CC","2026-08-13T16:00:00.000000",26.3834037780762
"CC","2026-08-13T17:00:00.000000",26.4692687988281
"CC","2026-08-13T18:00:00.000000",26.5337677001953
"CC","2026-08-13T19:00:00.000000",26.5771141052246
"CC","2026-08-13T20:00:00.000000",26.6087684631348
"CC","2026-08-13T21:00:00.000000",26.6232261657715
"CC","2026-08-13T22:00:00.000000",26.6299343109131
"CC","2026-08-13T23:00:00.000000",26.6292209625244
"CC","2026-08-14T00:00:00.000000",26.621955871582
"DL","2026-08-08T00:00:00.000000",23.6581535339355
"DL","2026-08-08T01:00:00.000000",23.9489822387695
"DL","2026-08-08T02:00:00.000000",23.9900798797607
"DL","2026-08-08T03:00:00.000000",23.9768867492676
"DL","2026-08-08T04:00:00.000000",23.9690704345703
"DL","2026-08-08T05:00:00.000000",23.903844833374
"DL","2026-08-08T06:00:00.000000",23.8909187316895
"DL","2026-08-08T07:00:00.000000",23.8967685699463
"DL","2026-08-08T08:00:00.000000",23.9229164123535
"DL","2026-08-08T09:00:00.000000",23.9532947540283
"DL","2026-08-08T10:00:00.000000",23.9609966278076
"DL","2026-08-08T11:00:00.000000",23.9584980010986
"DL","2026-08-08T12:00:00.000000",23.967378616333
"DL","2026-08-08T13:00:00.000000",23.9536952972412
"DL","2026-08-08T14:00:00.000000",23.9585304260254
"DL","2026-08-08T15:00:00.000000",23.9615745544434
"DL","2026-08-08T16:00:00.000000",23.956521987915
"DL","2026-08-08T17:00:00.000000",23.9382629394531
"DL","2026-08-08T18:00:00.000000",23.9363346099854
"DL","2026-08-08T19:00:00.000000",23.9818077087402
"DL","2026-08-08T20:00:00.000000",24.0344924926758
"DL","2026-08-08T21:00:00.000000",24.0569725036621
"DL","2026-08-08T22:00:00.000000",24.0267486572266
"DL","2026-08-08T23:00:00.000000",24.0065326690674
"DL","2026-08-09T00:00:00.000000",24.0114288330078
"DL","2026-08-09T01:00:00.000000",23.9285945892334
"DL","2026-08-09T02:00:00.000000",23.9171390533447
"DL","2026-08-09T03:00:00.000000",23.916540145874
"DL","2026-08-09T04:00:00.000000",23.9474849700928
"DL","2026-08-09T05:00:00.000000",23.8713855743408
"DL","2026-08-09T06:00:00.000000",23.8616046905518
"DL","2026-08-09T07:00:00.000000",23.8581562042236
"DL","2026-08-09T08:00:00.000000",23.8620986938477
"DL","2026-08-09T09:00:00.000000",23.887825012207
"DL","2026-08-09T10:00:00.000000",23.9138107299805
"DL","2026-08-09T11:00:00.000000",23.9133033752441
"DL","2026-08-09T12:00:00.000000",23.9169311523438
"DL","2026-08-09T13:00:00.000000",23.9188976287842
"DL","2026-08-09T14:00:00.000000",23.9225940704346
"DL","2026-08-09T15:00:00.000000",23.9200496673584
"DL","2026-08-09T16:00:00.000000",23.919994354248
"DL","2026-08-09T17:00:00.000000",23.9119777679443
"DL","2026-08-09T18:00:00.000000",23.8953342437744
"DL","2026-08-09T19:00:00.000000",23.875
"DL","2026-08-09T20:00:00.000000",23.8808708190918
"DL","2026-08-09T21:00:00.000000",23.921028137207
"DL","2026-08-09T22:00:00.000000",23.9203300476074
"DL","2026-08-09T23:00:00.000000",23.9099960327148
"DL","2026-08-10T00:00:00.000000",23.9076347351074
"DL","2026-08-10T01:00:00.000000",23.8729400634766
"DL","2026-08-10T02:00:00.000000",23.8555793762207
"DL","2026-08-10T03:00:00.000000",23.8454151153564
"DL","2026-08-10T04:00:00.000000",23.8691329956055
"DL","2026-08-10T05:00:00.000000",23.8327159881592
"DL","2026-08-10T06:00:00.000000",23.8351001739502
"DL","2026-08-10T07:00:00.000000",23.8288917541504
"DL","2026-08-10T08:00:00.000000",23.8373508453369
"DL","2026-08-10T09:00:00.000000",23.8640823364258
"DL","2026-08-10T10:00:00.000000",23.8924427032471
"DL","2026-08-10T11:00:00.000000",23.8951721191406
"DL","2026-08-10T12:00:00.000000",23.8884143829346
"DL","2026-08-10T13:00:00.000000",23.8895683288574
"DL","2026-08-10T14:00:00.000000",23.8968696594238
"DL","2026-08-10T15:00:00.000000",23.9013576507568
"DL","2026-08-10T16:00:00.000000",23.9065723419189
"DL","2026-08-10T17:00:00.000000",23.9131088256836
"DL","2026-08-10T18:00:00.000000",23.9144191741943
"DL","2026-08-10T19:00:00.000000",23.9061641693115
"DL","2026-08-10T20:00:00.000000",23.9033241271973
"DL","2026-08-10T21:00:00.000000",23.930290222168
"DL","2026-08-10T22:00:00.000000",24.0075359344482
"DL","2026-08-10T23:00:00.000000",23.9820919036865
"DL","2026-08-11T00:00:00.000000",23.9417362213135
"DL","2026-08-11T01:00:00.000000",23.9395484924316
"DL","2026-08-11T02:00:00.000000",23.9406757354736
"DL","2026-08-11T03:00:00.000000",23.9377899169922
"DL","2026-08-11T04:00:00.000000",23.9392318725586
"DL","2026-08-11T05:00:00.000000",23.941385269165
"DL","2026-08-11T06:00:00.000000",23.9554862976074
"DL","2026-08-11T07:00:00.000000",23.9664363861084
"DL","2026-08-11T08:00:00.000000",23.9796619415283
"DL","2026-08-11T09:00:00.000000",24.0043449401855
"DL","2026-08-11T10:00:00.000000",24.0300483703613
"DL","2026-08-11T11:00:00.000000",24.0460777282715
"DL","2026-08-11T12:00:00.000000",24.041223526001
"DL","2026-08-11T13:00:00.000000",24.0182552337646
"DL","2026-08-11T14:00:00.000000",24.0212650299072
"DL","2026-08-11T15:00:00.000000",24.0256805419922
"DL","2026-08-11T16:00:00.000000",24.0333995819092
"DL","2026-08-11T17:00:00.000000",24.0419235229492
"DL","2026-08-11T18:00:00.000000",24.0529327392578
"DL","2026-08-11T19:00:00.000000",24.0596675872803
"DL","2026-08-11T20:00:00.000000",24.0632553100586
"DL","2026-08-11T21:00:00.000000",24.0704708099365
"DL","2026-08-11T22:00:00.000000",24.1332912445068
"DL","2026-08-11T23:00:00.000000",24.202507019043
"DL","2026-08-12T00:00:00.000000",24.1978149414062
"DL","2026-08-12T01:00:00.000000",24.1218700408936
"DL","2026-08-12T02:00:00.000000",24.1102275848389
"DL","2026-08-12T03:00:00.000000",24.1064128875732
"DL","2026-08-12T04:00:00.000000",24.1068172454834
"DL","2026-08-12T05:00:00.000000",24.1172733306885
"DL","2026-08-12T06:00:00.000000",24.1285381317139
"DL","2026-08-12T07:00:00.000000",24.1365547180176
"DL","2026-08-12T08:00:00.000000",24.1613025665283
"DL","2026-08-12T09:00:00.000000",24.214527130127
"DL","2026-08-12T10:00:00.000000",24.2682151794434
"DL","2026-08-12T11:00:00.000000",24.3039722442627
"DL","2026-08-12T12:00:00.000000",24.278528213501
"DL","2026-08-12T13:00:00.000000",24.1801872253418
"DL","2026-08-12T14:00:00.000000",24.1817436218262
"DL","2026-08-12T15:00:00.000000",24.1752700805664
"DL","2026-08-12T16:00:00.000000",24.1639652252197
"DL","2026-08-12T17:00:00.000000",24.1690788269043
"DL","2026-08-12T18:00:00.000000",24.1786003112793
"DL","2026-08-12T19:00:00.000000",24.1927013397217
"DL","2026-08-12T20:00:00.000000",24.2006816864014
"DL","2026-08-12T21:00:00.000000",24.2306365966797
"DL","2026-08-12T22:00:00.000000",24.2822647094727
"DL","2026-08-12T23:00:00.000000",24.3775062561035
"DL","2026-08-13T00:00:00.000000",24.443431854248
"DL","2026-08-13T01:00:00.000000",24.4301681518555
"DL","2026-08-13T02:00:00.000000",24.3228244781494
"DL","2026-08-13T03:00:00.000000",24.3089084625244
"DL","2026-08-13T04:00:00.000000",24.3069534301758
"DL","2026-08-13T05:00:00.000000",24.3179378509521
"DL","2026-08-13T06:00:00.000000",24.3356132507324
"DL","2026-08-13T07:00:00.000000",24.3628463745117
"DL","2026-08-13T08:00:00.000000",24.3750629425049
"DL","2026-08-13T09:00:00.000000",24.4576778411865
"DL","2026-08-13T10:00:00.000000",24.5598888397217
"DL","2026-08-13T11:00:00.000000",24.6236705780029
"DL","2026-08-13T12:00:00.000000",24.6595706939697
"DL","2026-08-13T13:00:00.000000",24.5947818756104
"DL","2026-08-13T14:00:00.000000",24.4988479614258
"DL","2026-08-13T15:00:00.000000",24.5011501312256
"DL","2026-08-13T16:00:00.000000",24.485710144043
"DL","2026-08-13T17:00:00.000000",24.4618320465088
"DL","2026-08-13T18:00:00.000000",24.459602355957
"DL","2026-08-13T19:00:00.000000",24.4760246276855
"DL","2026-08-13T20:00:00.000000",24.4910335540771
"DL","2026-08-13T21:00:00.000000",24.5301723480225
"DL","2026-08-13T22:00:00.000000",24.6164073944092
"DL","2026-08-13T23:00:00.000000",24.7455425262451
"DL","2026-08-14T00:00:00.000000",24.848014831543
"GB","2026-08-08T00:00:00.000000",24.1344184875488
"GB","2026-08-08T01:00:00.000000",23.7827529907227
"GB","2026-08-08T02:00:00.000000",23.713357925415
"GB","2026-08-08T03:00:00.000000",23.7092018127441
"GB","2026-08-08T04:00:00.000000",23.7122039794922
"GB","2026-08-08T05:00:00.000000",23.7085342407227
"GB","2026-08-08T06:00:00.000000",23.6702632904053
"GB","2026-08-08T07:00:00.000000",23.7064781188965
"GB","2026-08-08T08:00:00.000000",23.7268104553223
"GB","2026-08-08T09:00:00.000000",23.7388248443604
"GB","2026-08-08T10:00:00.000000",23.7492733001709
"GB","2026-08-08T11:00:00.000000",23.7578144073486
"GB","2026-08-08T12:00:00.000000",23.8093357086182
"GB","2026-08-08T13:00:00.000000",23.8229656219482
"GB","2026-08-08T14:00:00.000000",23.8099918365479
"GB","2026-08-08T15:00:00.000000",23.8553142547607
"GB","2026-08-08T16:00:00.000000",23.9091110229492
"GB","2026-08-08T17:00:00.000000",23.9749507904053
"GB","2026-08-08T18:00:00.000000",24.0269031524658
"GB","2026-08-08T19:00:00.000000",24.0248203277588
"GB","2026-08-08T20:00:00.000000",24.0597229003906
"GB","2026-08-08T21:00:00.000000",24.076379776001
"GB","2026-08-08T22:00:00.000000",24.0824813842773
"GB","2026-08-08T23:00:00.000000",24.0770492553711
"GB","2026-08-09T00:00:00.000000",24.0625514984131
"GB","2026-08-09T01:00:00.000000",23.7444458007812
"GB","2026-08-09T02:00:00.000000",23.5884284973145
"GB","2026-08-09T03:00:00.000000",23.615795135498
"GB","2026-08-09T04:00:00.000000",23.6553478240967
"GB","2026-08-09T05:00:00.000000",23.6707077026367
"GB","2026-08-09T06:00:00.000000",23.6717433929443
"GB","2026-08-09T07:00:00.000000",23.7276554107666
"GB","2026-08-09T08:00:00.000000",23.6764030456543
"GB","2026-08-09T09:00:00.000000",23.7106304168701
"GB","2026-08-09T10:00:00.000000",23.7355556488037
"GB","2026-08-09T11:00:00.000000",23.7582321166992
"GB","2026-08-09T12:00:00.000000",23.7804298400879
"GB","2026-08-09T13:00:00.000000",23.8401203155518
"GB","2026-08-09T14:00:00.000000",23.9128570556641
"GB","2026-08-09T15:00:00.000000",23.9181613922119
"GB","2026-08-09T16:00:00.000000",23.999568939209
"GB","2026-08-09T17:00:00.000000",24.0787391662598
"GB","2026-08-09T18:00:00.000000",24.1636238098145
"GB","2026-08-09T19:00:00.000000",24.1951217651367
"GB","2026-08-09T20:00:00.000000",24.1996097564697
"GB","2026-08-09T21:00:00.000000",24.224666595459
"GB","2026-08-09T22:00:00.000000",24.2402763366699
"GB","2026-08-09T23:00:00.000000",24.2335777282715
"GB","2026-08-10T00:00:00.000000",24.2252006530762
"GB","2026-08-10T01:00:00.000000",23.4891319274902
"GB","2026-08-10T02:00:00.000000",23.4900722503662
"GB","2026-08-10T03:00:00.000000",23.346830368042
"GB","2026-08-10T04:00:00.000000",23.3052997589111
"GB","2026-08-10T05:00:00.000000",23.3228607177734
"GB","2026-08-10T06:00:00.000000",23.2908535003662
"GB","2026-08-10T07:00:00.000000",23.249870300293
"GB","2026-08-10T08:00:00.000000",23.252405166626
"GB","2026-08-10T09:00:00.000000",23.3450965881348
"GB","2026-08-10T10:00:00.000000",23.3831253051758
"GB","2026-08-10T11:00:00.000000",23.4236392974854
"GB","2026-08-10T12:00:00.000000",23.4665985107422
"GB","2026-08-10T13:00:00.000000",23.5116081237793
"GB","2026-08-10T14:00:00.000000",23.6240901947021
"GB","2026-08-10T15:00:00.000000",23.7430686950684
"GB","2026-08-10T16:00:00.000000",23.7209377288818
"GB","2026-08-10T17:00:00.000000",23.791971206665
"GB","2026-08-10T18:00:00.000000",23.8663711547852
"GB","2026-08-10T19:00:00.000000",23.9094905853271
"GB","2026-08-10T20:00:00.000000",23.9570598602295
"GB","2026-08-10T21:00:00.000000",23.8992652893066
"GB","2026-08-10T22:00:00.000000",23.9405689239502
"GB","2026-08-10T23:00:00.000000",23.931619644165
"GB","2026-08-11T00:00:00.000000",23.9237003326416
"GB","2026-08-11T01:00:00.000000",24.035120010376
"GB","2026-08-11T02:00:00.000000",24.0647830963135
"GB","2026-08-11T03:00:00.000000",24.065486907959
"GB","2026-08-11T04:00:00.000000",24.0032997131348
"GB","2026-08-11T05:00:00.000000",23.9375
"GB","2026-08-11T06:00:00.000000",23.9206409454346
"GB","2026-08-11T07:00:00.000000",23.9011516571045
"GB","2026-08-11T08:00:00.000000",23.864013671875
"GB","2026-08-11T09:00:00.000000",23.8907814025879
"GB","2026-08-11T10:00:00.000000",24.067232131958
"GB","2026-08-11T11:00:00.000000",24.1154384613037
"GB","2026-08-11T12:00:00.000000",24.1627006530762
"GB","2026-08-11T13:00:00.000000",24.2004814147949
"GB","2026-08-11T14:00:00.000000",24.23681640625
"GB","2026-08-11T15:00:00.000000",24.3176231384277
"GB","2026-08-11T16:00:00.000000",24.401782989502
"GB","2026-08-11T17:00:00.000000",24.3003177642822
"GB","2026-08-11T18:00:00.000000",24.3816432952881
"GB","2026-08-11T19:00:00.000000",24.4789180755615
"GB","2026-08-11T20:00:00.000000",24.5348072052002
"GB","2026-08-11T21:00:00.000000",24.5695934295654
"GB","2026-08-11T22:00:00.000000",24.5594043731689
"GB","2026-08-11T23:00:00.000000",24.5766315460205
"GB","2026-08-12T00:00:00.000000",24.5894947052002
"GB","2026-08-12T01:00:00.000000",24.6013011932373
"GB","2026-08-12T02:00:00.000000",24.6016578674316
"GB","2026-08-12T03:00:00.000000",24.6027088165283
"GB","2026-08-12T04:00:00.000000",24.6065120697021
"GB","2026-08-12T05:00:00.000000",24.510591506958
"GB","2026-08-12T06:00:00.000000",24.5071868896484
"GB","2026-08-12T07:00:00.000000",24.5254154205322
"GB","2026-08-12T08:00:00.000000",24.5176029205322
"GB","2026-08-12T09:00:00.000000",24.4955291748047
"GB","2026-08-12T10:00:00.000000",24.5798110961914
"GB","2026-08-12T11:00:00.000000",24.5322284698486
"GB","2026-08-12T12:00:00.000000",24.5193653106689
"GB","2026-08-12T13:00:00.000000",24.515157699585
"GB","2026-08-12T14:00:00.000000",24.5282135009766
"GB","2026-08-12T15:00:00.000000",24.5546054840088
"GB","2026-08-12T16:00:00.000000",24.6345710754395
"GB","2026-08-12T17:00:00.000000",24.6809043884277
"GB","2026-08-12T18:00:00.000000",24.6685218811035
"GB","2026-08-12T19:00:00.000000",24.7909774780273
"GB","2026-08-12T20:00:00.000000",24.8656063079834
"GB","2026-08-12T21:00:00.000000",24.910005569458
"GB","2026-08-12T22:00:00.000000",24.9398670196533
"GB","2026-08-12T23:00:00.000000",24.8763389587402
"GB","2026-08-13T00:00:00.000000",24.8318767547607
"GB","2026-08-13T01:00:00.000000",24.7899417877197
"GB","2026-08-13T02:00:00.000000",24.7562236785889
"GB","2026-08-13T03:00:00.000000",24.7331981658936
"GB","2026-08-13T04:00:00.000000",24.7143077850342
"GB","2026-08-13T05:00:00.000000",24.7583160400391
"GB","2026-08-13T06:00:00.000000",24.7144775390625
"GB","2026-08-13T07:00:00.000000",24.7702903747559
"GB","2026-08-13T08:00:00.000000",24.8139514923096
"GB","2026-08-13T09:00:00.000000",24.8314323425293
"GB","2026-08-13T10:00:00.000000",24.8326206207275
"GB","2026-08-13T11:00:00.000000",25.0330600738525
"GB","2026-08-13T12:00:00.000000",24.825008392334
"GB","2026-08-13T13:00:00.000000",24.8061485290527
"GB","2026-08-13T14:00:00.000000",24.7949504852295
"GB","2026-08-13T15:00:00.000000",24.804386138916
"GB","2026-08-13T16:00:00.000000",24.8274059295654
"GB","2026-08-13T17:00:00.000000",24.941520690918
"GB","2026-08-13T18:00:00.000000",24.9306735992432
"GB","2026-08-13T19:00:00.000000",24.929874420166
"GB","2026-08-13T20:00:00.000000",25.0343284606934
"GB","2026-08-13T21:00:00.000000",25.1046581268311
"GB","2026-08-13T22:00:00.000000",25.1215972900391
"GB","2026-08-13T23:00:00.000000",25.3085346221924
"GB","2026-08-14T00:00:00.000000",25.1061401367188
"LI","2026-08-08T00:00:00.000000",24.5304832458496
"LI","2026-08-08T01:00:00.000000",24.570592880249
"LI","2026-08-08T02:00:00.000000",24.5884246826172
"LI","2026-08-08T03:00:00.000000",24.5854587554932
"LI","2026-08-08T04:00:00.000000",24.5530891418457
"LI","2026-08-08T05:00:00.000000",24.5545291900635
"LI","2026-08-08T06:00:00.000000",24.5371360778809
"LI","2026-08-08T07:00:00.000000",24.5474681854248
"LI","2026-08-08T08:00:00.000000",24.5440883636475
"LI","2026-08-08T09:00:00.000000",24.5512294769287
"LI","2026-08-08T10:00:00.000000",24.5504570007324
"LI","2026-08-08T11:00:00.000000",24.5734119415283
"LI","2026-08-08T12:00:00.000000",24.6034564971924
"LI","2026-08-08T13:00:00.000000",24.6458568572998
"LI","2026-08-08T14:00:00.000000",24.7035846710205
"LI","2026-08-08T15:00:00.000000",24.7993431091309
"LI","2026-08-08T16:00:00.000000",24.8264751434326
"LI","2026-08-08T17:00:00.000000",24.8482761383057
"LI","2026-08-08T18:00:00.000000",24.8876209259033
"LI","2026-08-08T19:00:00.000000",24.8366928100586
"LI","2026-08-08T20:00:00.000000",24.8197364807129
"LI","2026-08-08T21:00:00.000000",24.8181591033936
"LI","2026-08-08T22:00:00.000000",24.8102378845215
"LI","2026-08-08T23:00:00.000000",24.8280792236328
"LI","2026-08-09T00:00:00.000000",24.8301582336426
"LI","2026-08-09T01:00:00.000000",24.7454872131348
"LI","2026-08-09T02:00:00.000000",24.7276744842529
"LI","2026-08-09T03:00:00.000000",24.7407665252686
"LI","2026-08-09T04:00:00.000000",24.7573833465576
"LI","2026-08-09T05:00:00.000000",24.7469673156738
"LI","2026-08-09T06:00:00.000000",24.7167129516602
"LI","2026-08-09T07:00:00.000000",24.7352714538574
"LI","2026-08-09T08:00:00.000000",24.7242870330811
"LI","2026-08-09T09:00:00.000000",24.7200984954834
"LI","2026-08-09T10:00:00.000000",24.7191505432129
"LI","2026-08-09T11:00:00.000000",24.7419719696045
"LI","2026-08-09T12:00:00.000000",24.7960395812988
"LI","2026-08-09T13:00:00.000000",24.8378105163574
"LI","2026-08-09T14:00:00.000000",24.9068050384521
"LI","2026-08-09T15:00:00.000000",25.0052185058594
"LI","2026-08-09T16:00:00.000000",25.0230045318604
"LI","2026-08-09T17:00:00.000000",25.0596961975098
"LI","2026-08-09T18:00:00.000000",25.0708103179932
"LI","2026-08-09T19:00:00.000000",25.0752201080322
"LI","2026-08-09T20:00:00.000000",25.0322170257568
"LI","2026-08-09T21:00:00.000000",24.9898300170898
"LI","2026-08-09T22:00:00.000000",24.9904975891113
"LI","2026-08-09T23:00:00.000000",24.9949798583984
"LI","2026-08-10T00:00:00.000000",24.9952812194824
"LI","2026-08-10T01:00:00.000000",24.5425758361816
"LI","2026-08-10T02:00:00.000000",24.4590034484863
"LI","2026-08-10T03:00:00.000000",24.4159049987793
"LI","2026-08-10T04:00:00.000000",24.3950710296631
"LI","2026-08-10T05:00:00.000000",24.3960247039795
"LI","2026-08-10T06:00:00.000000",24.3360118865967
"LI","2026-08-10T07:00:00.000000",24.31760597229
"LI","2026-08-10T08:00:00.000000",24.3262100219727
"LI","2026-08-10T09:00:00.000000",24.3643951416016
"LI","2026-08-10T10:00:00.000000",24.3488941192627
"LI","2026-08-10T11:00:00.000000",24.3609390258789
"LI","2026-08-10T12:00:00.000000",24.390645980835
"LI","2026-08-10T13:00:00.000000",24.444616317749
"LI","2026-08-10T14:00:00.000000",24.5082225799561
"LI","2026-08-10T15:00:00.000000",24.5957851409912
"LI","2026-08-10T16:00:00.000000",24.6631488800049
"LI","2026-08-10T17:00:00.000000",24.7212753295898
"LI","2026-08-10T18:00:00.000000",24.758768081665
"LI","2026-08-10T19:00:00.000000",24.7580318450928
"LI","2026-08-10T20:00:00.000000",24.7611694335938
"LI","2026-08-10T21:00:00.000000",24.6993160247803
"LI","2026-08-10T22:00:00.000000",24.682409286499
"LI","2026-08-10T23:00:00.000000",24.690279006958
"LI","2026-08-11T00:00:00.000000",24.7001895904541
"LI","2026-08-11T01:00:00.000000",24.7823009490967
"LI","2026-08-11T02:00:00.000000",24.794153213501
"LI","2026-08-11T03:00:00.000000",24.8015594482422
"LI","2026-08-11T04:00:00.000000",24.8049030303955
"LI","2026-08-11T05:00:00.000000",24.8001880645752
"LI","2026-08-11T06:00:00.000000",24.7990264892578
"LI","2026-08-11T07:00:00.000000",24.7738704681396
"LI","2026-08-11T08:00:00.000000",24.7446308135986
"LI","2026-08-11T09:00:00.000000",24.7309589385986
"LI","2026-08-11T10:00:00.000000",24.7239665985107
"LI","2026-08-11T11:00:00.000000",24.7199954986572
"LI","2026-08-11T12:00:00.000000",24.7204685211182
"LI","2026-08-11T13:00:00.000000",24.726505279541
"LI","2026-08-11T14:00:00.000000",24.7574596405029
"LI","2026-08-11T15:00:00.000000",24.826904296875
"LI","2026-08-11T16:00:00.000000",24.9138736724854
"LI","2026-08-11T17:00:00.000000",25.0109043121338
"LI","2026-08-11T18:00:00.000000",25.0544967651367
"LI","2026-08-11T19:00:00.000000",25.1044540405273
"LI","2026-08-11T20:00:00.000000",25.116828918457
"LI","2026-08-11T21:00:00.000000",25.1198406219482
"LI","2026-08-11T22:00:00.000000",25.124906539917
"LI","2026-08-11T23:00:00.000000",25.1322269439697
"LI","2026-08-12T00:00:00.000000",25.1428813934326
"LI","2026-08-12T01:00:00.000000",25.1444816589355
"LI","2026-08-12T02:00:00.000000",25.1257820129395
"LI","2026-08-12T03:00:00.000000",25.1134624481201
"LI","2026-08-12T04:00:00.000000",25.1102676391602
"LI","2026-08-12T05:00:00.000000",25.1065559387207
"LI","2026-08-12T06:00:00.000000",25.0995101928711
"LI","2026-08-12T07:00:00.000000",25.0951175689697
"LI","2026-08-12T08:00:00.000000",25.0884609222412
"LI","2026-08-12T09:00:00.000000",25.080867767334
"LI","2026-08-12T10:00:00.000000",25.081470489502
"LI","2026-08-12T11:00:00.000000",25.0814189910889
"LI","2026-08-12T12:00:00.000000",25.0806560516357
"LI","2026-08-12T13:00:00.000000",25.09033203125
"LI","2026-08-12T14:00:00.000000",25.1169166564941
"LI","2026-08-12T15:00:00.000000",25.1897811889648
"LI","2026-08-12T16:00:00.000000",25.2725219726562
"LI","2026-08-12T17:00:00.000000",25.3554153442383
"LI","2026-08-12T18:00:00.000000",25.4232559204102
"LI","2026-08-12T19:00:00.000000",25.4379405975342
"LI","2026-08-12T20:00:00.000000",25.4325923919678
"LI","2026-08-12T21:00:00.000000",25.4600658416748
"LI","2026-08-12T22:00:00.000000",25.4437427520752
"LI","2026-08-12T23:00:00.000000",25.4040336608887
"LI","2026-08-13T00:00:00.000000",25.4024868011475
"LI","2026-08-13T01:00:00.000000",25.398904800415
"LI","2026-08-13T02:00:00.000000",25.4081935882568
"LI","2026-08-13T03:00:00.000000",25.4795894622803
"LI","2026-08-13T04:00:00.000000",25.52294921875
"LI","2026-08-13T05:00:00.000000",25.5258293151855
"LI","2026-08-13T06:00:00.000000",25.51340675354
"LI","2026-08-13T07:00:00.000000",25.5021991729736
"LI","2026-08-13T08:00:00.000000",25.4972629547119
"LI","2026-08-13T09:00:00.000000",25.4799747467041
"LI","2026-08-13T10:00:00.000000",25.4312858581543
"LI","2026-08-13T11:00:00.000000",25.3998336791992
"LI","2026-08-13T12:00:00.000000",25.3743095397949
"LI","2026-08-13T13:00:00.000000",25.3758029937744
"LI","2026-08-13T14:00:00.000000",25.4173774719238
"LI","2026-08-13T15:00:00.000000",25.5021800994873
"LI","2026-08-13T16:00:00.000000",25.584135055542
"LI","2026-08-13T17:00:00.000000",25.6648101806641
"LI","2026-08-13T18:00:00.000000",25.7410316467285
"LI","2026-08-13T19:00:00.000000",25.7807922363281
"LI","2026-08-13T20:00:00.000000",25.7807102203369
"LI","2026-08-13T21:00:00.000000",25.7738246917725
"LI","2026-08-13T22:00:00.000000",25.7754154205322
"LI","2026-08-13T23:00:00.000000",25.7190971374512
"LI","2026-08-14T00:00:00.000000",25.6728534698486
"OB","2026-08-08T00:00:00.000000",23.3134784698486
"OB","2026-08-08T01:00:00.000000",23.5991172790527
"OB","2026-08-08T02:00:00.000000",23.6779251098633
"OB","2026-08-08T03:00:00.000000",23.7187557220459
"OB","2026-08-08T04:00:00.000000",23.7427062988281
"OB","2026-08-08T05:00:00.000000",23.7464160919189
"OB","2026-08-08T06:00:00.000000",23.7323837280273
"OB","2026-08-08T07:00:00.000000",23.6855068206787
"OB","2026-08-08T08:00:00.000000",23.6307601928711
"OB","2026-08-08T09:00:00.000000",23.5493450164795
"OB","2026-08-08T10:00:00.000000",23.5684413909912
"OB","2026-08-08T11:00:00.000000",23.5908451080322
"OB","2026-08-08T12:00:00.000000",23.6556930541992
"OB","2026-08-08T13:00:00.000000",23.6976585388184
"OB","2026-08-08T14:00:00.000000",23.7259750366211
"OB","2026-08-08T15:00:00.000000",23.7378063201904
"OB","2026-08-08T16:00:00.000000",23.7461814880371
"OB","2026-08-08T17:00:00.000000",23.755241394043
"OB","2026-08-08T18:00:00.000000",23.7410621643066
"OB","2026-08-08T19:00:00.000000",23.5308246612549
"OB","2026-08-08T20:00:00.000000",23.2935848236084
"OB","2026-08-08T21:00:00.000000",23.2039375305176
"OB","2026-08-08T22:00:00.000000",23.1794261932373
"OB","2026-08-08T23:00:00.000000",23.1985683441162
"OB","2026-08-09T00:00:00.000000",23.3521537780762
"OB","2026-08-09T01:00:00.000000",23.5740947723389
"OB","2026-08-09T02:00:00.000000",23.6774520874023
"OB","2026-08-09T03:00:00.000000",23.7319927215576
"OB","2026-08-09T04:00:00.000000",23.7628936767578
"OB","2026-08-09T05:00:00.000000",23.7772636413574
"OB","2026-08-09T06:00:00.000000",23.7999248504639
"OB","2026-08-09T07:00:00.000000",23.7564659118652
"OB","2026-08-09T08:00:00.000000",23.6771545410156
"OB","2026-08-09T09:00:00.000000",23.6187915802002
"OB","2026-08-09T10:00:00.000000",23.6091079711914
"OB","2026-08-09T11:00:00.000000",23.5937747955322
"OB","2026-08-09T12:00:00.000000",23.6217918395996
"OB","2026-08-09T13:00:00.000000",23.6583251953125
"OB","2026-08-09T14:00:00.000000",23.7001285552979
"OB","2026-08-09T15:00:00.000000",23.732234954834
"OB","2026-08-09T16:00:00.000000",23.7513866424561
"OB","2026-08-09T17:00:00.000000",23.7612209320068
"OB","2026-08-09T18:00:00.000000",23.7727146148682
"OB","2026-08-09T19:00:00.000000",23.7637386322021
"OB","2026-08-09T20:00:00.000000",23.5699996948242
"OB","2026-08-09T21:00:00.000000",23.079610824585
"OB","2026-08-09T22:00:00.000000",22.7701320648193
"OB","2026-08-09T23:00:00.000000",22.7168159484863
"OB","2026-08-10T00:00:00.000000",22.8228988647461
"OB","2026-08-10T01:00:00.000000",23.2692737579346
"OB","2026-08-10T02:00:00.000000",23.4857120513916
"OB","2026-08-10T03:00:00.000000",23.6710510253906
"OB","2026-08-10T04:00:00.000000",23.7723503112793
"OB","2026-08-10T05:00:00.000000",23.818717956543
"OB","2026-08-10T06:00:00.000000",23.8458919525146
"OB","2026-08-10T07:00:00.000000",23.8687038421631
"OB","2026-08-10T08:00:00.000000",23.8225555419922
"OB","2026-08-10T09:00:00.000000",23.6300449371338
"OB","2026-08-10T10:00:00.000000",23.5082874298096
"OB","2026-08-10T11:00:00.000000",23.3396854400635
"OB","2026-08-10T12:00:00.000000",23.355525970459
"OB","2026-08-10T13:00:00.000000",23.4196739196777
"OB","2026-08-10T14:00:00.000000",23.5826549530029
"OB","2026-08-10T15:00:00.000000",23.6860961914062
"OB","2026-08-10T16:00:00.000000",23.7505569458008
"OB","2026-08-10T17:00:00.000000",23.7854919433594
"OB","2026-08-10T18:00:00.000000",23.8068828582764
"OB","2026-08-10T19:00:00.000000",23.8193588256836
"OB","2026-08-10T20:00:00.000000",23.7581806182861
"OB","2026-08-10T21:00:00.000000",23.2792186737061
"OB","2026-08-10T22:00:00.000000",22.3021850585938
"OB","2026-08-10T23:00:00.000000",21.925142288208
"OB","2026-08-11T00:00:00.000000",21.8405952453613
"OB","2026-08-11T01:00:00.000000",21.9753551483154
"OB","2026-08-11T02:00:00.000000",22.2652263641357
"OB","2026-08-11T03:00:00.000000",22.6093769073486
"OB","2026-08-11T04:00:00.000000",22.9821453094482
"OB","2026-08-11T05:00:00.000000",23.1894855499268
"OB","2026-08-11T06:00:00.000000",23.3581027984619
"OB","2026-08-11T07:00:00.000000",23.3762989044189
"OB","2026-08-11T08:00:00.000000",23.361499786377
"OB","2026-08-11T09:00:00.000000",23.1859931945801
"OB","2026-08-11T10:00:00.000000",22.8486671447754
"OB","2026-08-11T11:00:00.000000",22.6044769287109
"OB","2026-08-11T12:00:00.000000",22.3836345672607
"OB","2026-08-11T13:00:00.000000",22.3174915313721
"OB","2026-08-11T14:00:00.000000",22.5376834869385
"OB","2026-08-11T15:00:00.000000",22.8029937744141
"OB","2026-08-11T16:00:00.000000",23.0122222900391
"OB","2026-08-11T17:00:00.000000",23.1516704559326
"OB","2026-08-11T18:00:00.000000",23.2261066436768
"OB","2026-08-11T19:00:00.000000",23.2668056488037
"OB","2026-08-11T20:00:00.000000",23.2394485473633
"OB","2026-08-11T21:00:00.000000",23.1153144836426
"OB","2026-08-11T22:00:00.000000",22.475414276123
"OB","2026-08-11T23:00:00.000000",21.7844581604004
"OB","2026-08-12T00:00:00.000000",21.5384349822998
"OB","2026-08-12T01:00:00.000000",21.490177154541
"OB","2026-08-12T02:00:00.000000",21.6247158050537
"OB","2026-08-12T03:00:00.000000",21.9050178527832
"OB","2026-08-12T04:00:00.000000",22.2795734405518
"OB","2026-08-12T05:00:00.000000",22.6350021362305
"OB","2026-08-12T06:00:00.000000",22.8582592010498
"OB","2026-08-12T07:00:00.000000",23.0173053741455
"OB","2026-08-12T08:00:00.000000",23.0939331054688
"OB","2026-08-12T09:00:00.000000",23.0440654754639
"OB","2026-08-12T10:00:00.000000",22.8425197601318
"OB","2026-08-12T11:00:00.000000",22.3801002502441
"OB","2026-08-12T12:00:00.000000",22.0161800384521
"OB","2026-08-12T13:00:00.000000",21.8104457855225
"OB","2026-08-12T14:00:00.000000",21.895788192749
"OB","2026-08-12T15:00:00.000000",22.2274303436279
"OB","2026-08-12T16:00:00.000000",22.5110321044922
"OB","2026-08-12T17:00:00.000000",22.7171058654785
"OB","2026-08-12T18:00:00.000000",22.8300189971924
"OB","2026-08-12T19:00:00.000000",22.874361038208
"OB","2026-08-12T20:00:00.000000",22.9187068939209
"OB","2026-08-12T21:00:00.000000",22.9590110778809
"OB","2026-08-12T22:00:00.000000",22.785083770752
"OB","2026-08-12T23:00:00.000000",22.2385082244873
"OB","2026-08-13T00:00:00.000000",21.8321018218994
"OB","2026-08-13T01:00:00.000000",21.7079219818115
"OB","2026-08-13T02:00:00.000000",21.6853370666504
"OB","2026-08-13T03:00:00.000000",21.8226699829102
"OB","2026-08-13T04:00:00.000000",22.0242595672607
"OB","2026-08-13T05:00:00.000000",22.2758445739746
"OB","2026-08-13T06:00:00.000000",22.5210208892822
"OB","2026-08-13T07:00:00.000000",22.6649398803711
"OB","2026-08-13T08:00:00.000000",22.7799892425537
"OB","2026-08-13T09:00:00.000000",22.8420219421387
"OB","2026-08-13T10:00:00.000000",22.764217376709
"OB","2026-08-13T11:00:00.000000",22.3991584777832
"OB","2026-08-13T12:00:00.000000",22.0087356567383
"OB","2026-08-13T13:00:00.000000",21.9059562683105
"OB","2026-08-13T14:00:00.000000",21.8548145294189
"OB","2026-08-13T15:00:00.000000",22.0447120666504
"OB","2026-08-13T16:00:00.000000",22.1778163909912
"OB","2026-08-13T17:00:00.000000",22.3554172515869
"OB","2026-08-13T18:00:00.000000",22.4990978240967
"OB","2026-08-13T19:00:00.000000",22.5978298187256
"OB","2026-08-13T20:00:00.000000",22.6568260192871
"OB","2026-08-13T21:00:00.000000",22.7023677825928
"OB","2026-08-13T22:00:00.000000",22.6916122436523
"OB","2026-08-13T23:00:00.000000",22.5326557159424
"OB","2026-08-14T00:00:00.000000",22.0965118408203
"WC","2026-08-08T00:00:00.000000",24.278284072876
"WC","2026-08-08T01:00:00.000000",23.8067932128906
"WC","2026-08-08T02:00:00.000000",23.7361030578613
"WC","2026-08-08T03:00:00.000000",23.732780456543
"WC","2026-08-08T04:00:00.000000",23.7916641235352
"WC","2026-08-08T05:00:00.000000",23.7945938110352
"WC","2026-08-08T06:00:00.000000",24.0191631317139
"WC","2026-08-08T07:00:00.000000",24.1650829315186
"WC","2026-08-08T08:00:00.000000",24.1763210296631
"WC","2026-08-08T09:00:00.000000",24.1827983856201
"WC","2026-08-08T10:00:00.000000",24.185525894165
"WC","2026-08-08T11:00:00.000000",24.1800022125244
"WC","2026-08-08T12:00:00.000000",24.0217227935791
"WC","2026-08-08T13:00:00.000000",23.8455600738525
"WC","2026-08-08T14:00:00.000000",23.8111572265625
"WC","2026-08-08T15:00:00.000000",23.8106460571289
"WC","2026-08-08T16:00:00.000000",23.8165302276611
"WC","2026-08-08T17:00:00.000000",23.8728065490723
"WC","2026-08-08T18:00:00.000000",24.2234916687012
"WC","2026-08-08T19:00:00.000000",24.5261554718018
"WC","2026-08-08T20:00:00.000000",24.5590343475342
"WC","2026-08-08T21:00:00.000000",24.5713996887207
"WC","2026-08-08T22:00:00.000000",24.5704040527344
"WC","2026-08-08T23:00:00.000000",24.5692520141602
"WC","2026-08-09T00:00:00.000000",24.5521430969238
"WC","2026-08-09T01:00:00.000000",23.8359394073486
"WC","2026-08-09T02:00:00.000000",23.6895332336426
"WC","2026-08-09T03:00:00.000000",23.6241188049316
"WC","2026-08-09T04:00:00.000000",23.5878715515137
"WC","2026-08-09T05:00:00.000000",23.621374130249
"WC","2026-08-09T06:00:00.000000",23.6449489593506
"WC","2026-08-09T07:00:00.000000",23.892879486084
"WC","2026-08-09T08:00:00.000000",24.1573028564453
"WC","2026-08-09T09:00:00.000000",24.1769618988037
"WC","2026-08-09T10:00:00.000000",24.1639709472656
"WC","2026-08-09T11:00:00.000000",24.161226272583
"WC","2026-08-09T12:00:00.000000",24.1484241485596
"WC","2026-08-09T13:00:00.000000",23.9575347900391
"WC","2026-08-09T14:00:00.000000",23.6461486816406
"WC","2026-08-09T15:00:00.000000",23.5955867767334
"WC","2026-08-09T16:00:00.000000",23.5894145965576
"WC","2026-08-09T17:00:00.000000",23.6046371459961
"WC","2026-08-09T18:00:00.000000",23.7768268585205
"WC","2026-08-09T19:00:00.000000",24.1239910125732
"WC","2026-08-09T20:00:00.000000",24.5688915252686
"WC","2026-08-09T21:00:00.000000",24.6422328948975
"WC","2026-08-09T22:00:00.000000",24.6523170471191
"WC","2026-08-09T23:00:00.000000",24.6404457092285
"WC","2026-08-10T00:00:00.000000",24.636962890625
"WC","2026-08-10T01:00:00.000000",23.9113368988037
"WC","2026-08-10T02:00:00.000000",23.6720027923584
"WC","2026-08-10T03:00:00.000000",23.5421333312988
"WC","2026-08-10T04:00:00.000000",23.3849983215332
"WC","2026-08-10T05:00:00.000000",23.3425731658936
"WC","2026-08-10T06:00:00.000000",23.2793521881104
"WC","2026-08-10T07:00:00.000000",22.9971008300781
"WC","2026-08-10T08:00:00.000000",23.4606323242188
"WC","2026-08-10T09:00:00.000000",24.0604686737061
"WC","2026-08-10T10:00:00.000000",24.1789836883545
"WC","2026-08-10T11:00:00.000000",24.1761074066162
"WC","2026-08-10T12:00:00.000000",24.1461448669434
"WC","2026-08-10T13:00:00.000000",24.1415596008301
"WC","2026-08-10T14:00:00.000000",23.6551189422607
"WC","2026-08-10T15:00:00.000000",23.0880489349365
"WC","2026-08-10T16:00:00.000000",22.8815841674805
"WC","2026-08-10T17:00:00.000000",22.8400287628174
"WC","2026-08-10T18:00:00.000000",22.840991973877
"WC","2026-08-10T19:00:00.000000",22.785514831543
"WC","2026-08-10T20:00:00.000000",23.5161209106445
"WC","2026-08-10T21:00:00.000000",24.5508518218994
"WC","2026-08-10T22:00:00.000000",24.7260627746582
"WC","2026-08-10T23:00:00.000000",24.7488327026367
"WC","2026-08-11T00:00:00.000000",24.7363185882568
"WC","2026-08-11T01:00:00.000000",24.7496929168701
"WC","2026-08-11T02:00:00.000000",24.8015651702881
"WC","2026-08-11T03:00:00.000000",24.6017971038818
"WC","2026-08-11T04:00:00.000000",24.2714023590088
"WC","2026-08-11T05:00:00.000000",24.1459331512451
"WC","2026-08-11T06:00:00.000000",23.9626293182373
"WC","2026-08-11T07:00:00.000000",23.9491176605225
"WC","2026-08-11T08:00:00.000000",23.7730159759521
"WC","2026-08-11T09:00:00.000000",24.2437763214111
"WC","2026-08-11T10:00:00.000000",24.7714424133301
"WC","2026-08-11T11:00:00.000000",24.8464374542236
"WC","2026-08-11T12:00:00.000000",24.8663196563721
"WC","2026-08-11T13:00:00.000000",24.8708267211914
"WC","2026-08-11T14:00:00.000000",24.8742961883545
"WC","2026-08-11T15:00:00.000000",24.7495861053467
"WC","2026-08-11T16:00:00.000000",24.1285495758057
"WC","2026-08-11T17:00:00.000000",23.7548866271973
"WC","2026-08-11T18:00:00.000000",23.6129207611084
"WC","2026-08-11T19:00:00.000000",23.5436515808105
"WC","2026-08-11T20:00:00.000000",23.6858577728271
"WC","2026-08-11T21:00:00.000000",24.1333141326904
"WC","2026-08-11T22:00:00.000000",25.2089595794678
"WC","2026-08-11T23:00:00.000000",25.3245525360107
"WC","2026-08-12T00:00:00.000000",25.3808059692383
"WC","2026-08-12T01:00:00.000000",25.379919052124
"WC","2026-08-12T02:00:00.000000",25.3819103240967
"WC","2026-08-12T03:00:00.000000",25.3699016571045
"WC","2026-08-12T04:00:00.000000",24.7166385650635
"WC","2026-08-12T05:00:00.000000",24.0244064331055
"WC","2026-08-12T06:00:00.000000",23.7504215240479
"WC","2026-08-12T07:00:00.000000",23.6365909576416
"WC","2026-08-12T08:00:00.000000",23.7217693328857
"WC","2026-08-12T09:00:00.000000",23.9409160614014
"WC","2026-08-12T10:00:00.000000",24.6615600585938
"WC","2026-08-12T11:00:00.000000",25.1347103118896
"WC","2026-08-12T12:00:00.000000",25.2054882049561
"WC","2026-08-12T13:00:00.000000",25.2319946289062
"WC","2026-08-12T14:00:00.000000",25.218656539917
"WC","2026-08-12T15:00:00.000000",25.2188396453857
"WC","2026-08-12T16:00:00.000000",24.5653953552246
"WC","2026-08-12T17:00:00.000000",23.7527408599854
"WC","2026-08-12T18:00:00.000000",23.557689666748
"WC","2026-08-12T19:00:00.000000",23.4754543304443
"WC","2026-08-12T20:00:00.000000",23.4927043914795
"WC","2026-08-12T21:00:00.000000",23.6960906982422
"WC","2026-08-12T22:00:00.000000",24.5943508148193
"WC","2026-08-12T23:00:00.000000",25.4822216033936
"WC","2026-08-13T00:00:00.000000",25.5103626251221
"WC","2026-08-13T01:00:00.000000",25.5063171386719
"WC","2026-08-13T02:00:00.000000",25.5059185028076
"WC","2026-08-13T03:00:00.000000",25.5059185028076
"WC","2026-08-13T04:00:00.000000",25.4939098358154
"WC","2026-08-13T05:00:00.000000",24.7742824554443
"WC","2026-08-13T06:00:00.000000",24.2106990814209
"WC","2026-08-13T07:00:00.000000",24.0142650604248
"WC","2026-08-13T08:00:00.000000",23.9261989593506
"WC","2026-08-13T09:00:00.000000",23.9296588897705
"WC","2026-08-13T10:00:00.000000",24.4001007080078
"WC","2026-08-13T11:00:00.000000",25.1887092590332
"WC","2026-08-13T12:00:00.000000",25.4019927978516
"WC","2026-08-13T13:00:00.000000",25.4093170166016
"WC","2026-08-13T14:00:00.000000",25.4092712402344
"WC","2026-08-13T15:00:00.000000",25.4133052825928
"WC","2026-08-13T16:00:00.000000",25.4248027801514
"WC","2026-08-13T17:00:00.000000",24.962064743042
"WC","2026-08-13T18:00:00.000000",24.2587223052979
"WC","2026-08-13T19:00:00.000000",23.9778747558594
"WC","2026-08-13T20:00:00.000000",23.8675518035889
"WC","2026-08-13T21:00:00.000000",23.8053092956543
"WC","2026-08-13T22:00:00.000000",24.3742370605469
"WC","2026-08-13T23:00:00.000000",25.0563640594482
"WC","2026-08-14T00:00:00.000000",25.6594829559326
"WI","2026-08-08T00:00:00.000000",24.2665424346924
"WI","2026-08-08T01:00:00.000000",24.6276702880859
"WI","2026-08-08T02:00:00.000000",24.7128105163574
"WI","2026-08-08T03:00:00.000000",24.7434253692627
"WI","2026-08-08T04:00:00.000000",24.7500247955322
"WI","2026-08-08T05:00:00.000000",24.7021942138672
"WI","2026-08-08T06:00:00.000000",24.6712398529053
"WI","2026-08-08T07:00:00.000000",24.680347442627
"WI","2026-08-08T08:00:00.000000",24.69482421875
"WI","2026-08-08T09:00:00.000000",24.6988964080811
"WI","2026-08-08T10:00:00.000000",24.6936836242676
"WI","2026-08-08T11:00:00.000000",24.6922874450684
"WI","2026-08-08T12:00:00.000000",24.7142524719238
"WI","2026-08-08T13:00:00.000000",24.7705326080322
"WI","2026-08-08T14:00:00.000000",24.8249645233154
"WI","2026-08-08T15:00:00.000000",24.9094715118408
"WI","2026-08-08T16:00:00.000000",24.9834060668945
"WI","2026-08-08T17:00:00.000000",25.0146102905273
"WI","2026-08-08T18:00:00.000000",25.1007461547852
"WI","2026-08-08T19:00:00.000000",25.178352355957
"WI","2026-08-08T20:00:00.000000",25.2539501190186
"WI","2026-08-08T21:00:00.000000",25.3043365478516
"WI","2026-08-08T22:00:00.000000",25.3123302459717
"WI","2026-08-08T23:00:00.000000",25.1885452270508
"WI","2026-08-09T00:00:00.000000",25.0870704650879
"WI","2026-08-09T01:00:00.000000",24.8047904968262
"WI","2026-08-09T02:00:00.000000",24.8495273590088
"WI","2026-08-09T03:00:00.000000",24.8959312438965
"WI","2026-08-09T04:00:00.000000",24.9347877502441
"WI","2026-08-09T05:00:00.000000",24.9538059234619
"WI","2026-08-09T06:00:00.000000",24.8749332427979
"WI","2026-08-09T07:00:00.000000",24.8534851074219
"WI","2026-08-09T08:00:00.000000",24.8588714599609
"WI","2026-08-09T09:00:00.000000",24.8651809692383
"WI","2026-08-09T10:00:00.000000",24.8753070831299
"WI","2026-08-09T11:00:00.000000",24.8931045532227
"WI","2026-08-09T12:00:00.000000",24.9213123321533
"WI","2026-08-09T13:00:00.000000",24.9692974090576
"WI","2026-08-09T14:00:00.000000",25.0455589294434
"WI","2026-08-09T15:00:00.000000",25.0961017608643
"WI","2026-08-09T16:00:00.000000",25.1188774108887
"WI","2026-08-09T17:00:00.000000",25.1694164276123
"WI","2026-08-09T18:00:00.000000",25.2002506256104
"WI","2026-08-09T19:00:00.000000",25.3160572052002
"WI","2026-08-09T20:00:00.000000",25.410213470459
"WI","2026-08-09T21:00:00.000000",25.4609031677246
"WI","2026-08-09T22:00:00.000000",25.4993572235107
"WI","2026-08-09T23:00:00.000000",25.4732894897461
"WI","2026-08-10T00:00:00.000000",25.325366973877
"WI","2026-08-10T01:00:00.000000",24.9956302642822
"WI","2026-08-10T02:00:00.000000",24.9425926208496
"WI","2026-08-10T03:00:00.000000",24.958948135376
"WI","2026-08-10T04:00:00.000000",25.0377388000488
"WI","2026-08-10T05:00:00.000000",25.0804538726807
"WI","2026-08-10T06:00:00.000000",25.1359310150146
"WI","2026-08-10T07:00:00.000000",25.0611972808838
"WI","2026-08-10T08:00:00.000000",24.9788017272949
"WI","2026-08-10T09:00:00.000000",24.9538993835449
"WI","2026-08-10T10:00:00.000000",24.9357147216797
"WI","2026-08-10T11:00:00.000000",24.9519958496094
"WI","2026-08-10T12:00:00.000000",25.0391044616699
"WI","2026-08-10T13:00:00.000000",25.1286182403564
"WI","2026-08-10T14:00:00.000000",25.2185516357422
"WI","2026-08-10T15:00:00.000000",25.2845058441162
"WI","2026-08-10T16:00:00.000000",25.2604541778564
"WI","2026-08-10T17:00:00.000000",25.277286529541
"WI","2026-08-10T18:00:00.000000",25.3156185150146
"WI","2026-08-10T19:00:00.000000",25.3471508026123
"WI","2026-08-10T20:00:00.000000",25.4657287597656
"WI","2026-08-10T21:00:00.000000",25.5231914520264
"WI","2026-08-10T22:00:00.000000",25.5518455505371
"WI","2026-08-10T23:00:00.000000",25.5576648712158
"WI","2026-08-11T00:00:00.000000",25.5627555847168
"WI","2026-08-11T01:00:00.000000",25.5071315765381
"WI","2026-08-11T02:00:00.000000",25.4563045501709
"WI","2026-08-11T03:00:00.000000",25.4495048522949
"WI","2026-08-11T04:00:00.000000",25.4674797058105
"WI","2026-08-11T05:00:00.000000",25.5356788635254
"WI","2026-08-11T06:00:00.000000",25.5704975128174
"WI","2026-08-11T07:00:00.000000",25.5691833496094
"WI","2026-08-11T08:00:00.000000",25.52028465271
"WI","2026-08-11T09:00:00.000000",25.4918384552002
"WI","2026-08-11T10:00:00.000000",25.4813747406006
"WI","2026-08-11T11:00:00.000000",25.4756031036377
"WI","2026-08-11T12:00:00.000000",25.4812164306641
"WI","2026-08-11T13:00:00.000000",25.5136528015137
"WI","2026-08-11T14:00:00.000000",25.5405960083008
"WI","2026-08-11T15:00:00.000000",25.5594139099121
"WI","2026-08-11T16:00:00.000000",25.6149463653564
"WI","2026-08-11T17:00:00.000000",25.6493091583252
"WI","2026-08-11T18:00:00.000000",25.6528053283691
"WI","2026-08-11T19:00:00.000000",25.6857223510742
"WI","2026-08-11T20:00:00.000000",25.7957344055176
"WI","2026-08-11T21:00:00.000000",25.9172058105469
"WI","2026-08-11T22:00:00.000000",25.9677600860596
"WI","2026-08-11T23:00:00.000000",25.9717998504639
"WI","2026-08-12T00:00:00.000000",25.9766407012939
"WI","2026-08-12T01:00:00.000000",25.9746475219727
"WI","2026-08-12T02:00:00.000000",25.8891773223877
"WI","2026-08-12T03:00:00.000000",25.7886924743652
"WI","2026-08-12T04:00:00.000000",25.7802295684814
"WI","2026-08-12T05:00:00.000000",25.8789539337158
"WI","2026-08-12T06:00:00.000000",25.9199390411377
"WI","2026-08-12T07:00:00.000000",25.9225330352783
"WI","2026-08-12T08:00:00.000000",25.9162197113037
"WI","2026-08-12T09:00:00.000000",25.9056339263916
"WI","2026-08-12T10:00:00.000000",25.9053421020508
"WI","2026-08-12T11:00:00.000000",25.9029636383057
"WI","2026-08-12T12:00:00.000000",25.9040222167969
"WI","2026-08-12T13:00:00.000000",25.9119758605957
"WI","2026-08-12T14:00:00.000000",25.8954582214355
"WI","2026-08-12T15:00:00.000000",25.8787460327148
"WI","2026-08-12T16:00:00.000000",25.9146423339844
"WI","2026-08-12T17:00:00.000000",25.9955787658691
"WI","2026-08-12T18:00:00.000000",26.0018577575684
"WI","2026-08-12T19:00:00.000000",26.021614074707
"WI","2026-08-12T20:00:00.000000",26.0468692779541
"WI","2026-08-12T21:00:00.000000",26.1073780059814
"WI","2026-08-12T22:00:00.000000",26.2173385620117
"WI","2026-08-12T23:00:00.000000",26.2236976623535
"WI","2026-08-13T00:00:00.000000",26.2149772644043
"WI","2026-08-13T01:00:00.000000",26.2134380340576
"WI","2026-08-13T02:00:00.000000",26.2222309112549
"WI","2026-08-13T03:00:00.000000",26.2076072692871
"WI","2026-08-13T04:00:00.000000",26.1826915740967
"WI","2026-08-13T05:00:00.000000",26.1681747436523
"WI","2026-08-13T06:00:00.000000",26.2189769744873
"WI","2026-08-13T07:00:00.000000",26.2596874237061
"WI","2026-08-13T08:00:00.000000",26.2632541656494
"WI","2026-08-13T09:00:00.000000",26.2336177825928
"WI","2026-08-13T10:00:00.000000",26.1789398193359
"WI","2026-08-13T11:00:00.000000",26.1503601074219
"WI","2026-08-13T12:00:00.000000",26.1470890045166
"WI","2026-08-13T13:00:00.000000",26.1713523864746
"WI","2026-08-13T14:00:00.000000",26.2047367095947
"WI","2026-08-13T15:00:00.000000",26.220630645752
"WI","2026-08-13T16:00:00.000000",26.2300472259521
"WI","2026-08-13T17:00:00.000000",26.2679977416992
"WI","2026-08-13T18:00:00.000000",26.3241386413574
"WI","2026-08-13T19:00:00.000000",26.3203430175781
"WI","2026-08-13T20:00:00.000000",26.3227939605713
"WI","2026-08-13T21:00:00.000000",26.3300724029541
"WI","2026-08-13T22:00:00.000000",26.3849620819092
"WI","2026-08-13T23:00:00.000000",26.4274654388428
"WI","2026-08-14T00:00:00.000000",26.4219493865967
