"site_id","time","temp_c"
"AQ","2026-08-27T00:00:00.000000",20.2464580535889
"AQ","2026-08-27T01:00:00.000000",20.443416595459
"AQ","2026-08-27T02:00:00.000000",20.5278339385986
"AQ","2026-08-27T03:00:00.000000",20.5265426635742
"AQ","2026-08-27T04:00:00.000000",20.5392436981201
"AQ","2026-08-27T05:00:00.000000",20.4651832580566
"AQ","2026-08-27T06:00:00.000000",20.4376449584961
"AQ","2026-08-27T07:00:00.000000",20.4293365478516
"AQ","2026-08-27T08:00:00.000000",20.4102535247803
"AQ","2026-08-27T09:00:00.000000",20.384635925293
"AQ","2026-08-27T10:00:00.000000",20.3638076782227
"AQ","2026-08-27T11:00:00.000000",20.3644123077393
"AQ","2026-08-27T12:00:00.000000",20.3908233642578
"AQ","2026-08-27T13:00:00.000000",20.4343013763428
"AQ","2026-08-27T14:00:00.000000",20.5134086608887
"AQ","2026-08-27T15:00:00.000000",20.5860805511475
"AQ","2026-08-27T16:00:00.000000",20.6070995330811
"AQ","2026-08-27T17:00:00.000000",20.5854835510254
"AQ","2026-08-27T18:00:00.000000",20.5939712524414
"AQ","2026-08-27T19:00:00.000000",20.6188793182373
"AQ","2026-08-27T20:00:00.000000",20.6695880889893
"AQ","2026-08-27T21:00:00.000000",20.6826343536377
"AQ","2026-08-27T22:00:00.000000",20.6920394897461
"AQ","2026-08-27T23:00:00.000000",20.692403793335
"AQ","2026-08-28T00:00:00.000000",20.6911506652832
"AQ","2026-08-28T01:00:00.000000",20.1565780639648
"AQ","2026-08-28T02:00:00.000000",20.0842208862305
"AQ","2026-08-28T03:00:00.000000",20.0876331329346
"AQ","2026-08-28T04:00:00.000000",20.092700958252
"AQ","2026-08-28T05:00:00.000000",20.0042018890381
"AQ","2026-08-28T06:00:00.000000",19.9351577758789
"AQ","2026-08-28T07:00:00.000000",19.934928894043
"AQ","2026-08-28T08:00:00.000000",19.927806854248
"AQ","2026-08-28T09:00:00.000000",19.9026069641113
"AQ","2026-08-28T10:00:00.000000",19.9006938934326
"AQ","2026-08-28T11:00:00.000000",19.9165992736816
"AQ","2026-08-28T12:00:00.000000",19.9426803588867
"AQ","2026-08-28T13:00:00.000000",19.994176864624
"AQ","2026-08-28T14:00:00.000000",20.074779510498
"AQ","2026-08-28T15:00:00.000000",20.1536655426025
"AQ","2026-08-28T16:00:00.000000",20.2164039611816
"AQ","2026-08-28T17:00:00.000000",20.2038669586182
"AQ","2026-08-28T18:00:00.000000",20.1668643951416
"AQ","2026-08-28T19:00:00.000000",20.177942276001
"AQ","2026-08-28T20:00:00.000000",20.209981918335
"AQ","2026-08-28T21:00:00.000000",20.2335834503174
"AQ","2026-08-28T22:00:00.000000",20.2385673522949
"AQ","2026-08-28T23:00:00.000000",20.2328948974609
"AQ","2026-08-29T00:00:00.000000",20.2062377929688
"AQ","2026-08-29T01:00:00.000000",19.947265625
"AQ","2026-08-29T02:00:00.000000",19.9339618682861
"AQ","2026-08-29T03:00:00.000000",19.9560928344727
"AQ","2026-08-29T04:00:00.000000",19.9645404815674
"AQ","2026-08-29T05:00:00.000000",19.878044128418
"AQ","2026-08-29T06:00:00.000000",19.7963256835938
"AQ","2026-08-29T07:00:00.000000",19.7696189880371
"AQ","2026-08-29T08:00:00.000000",19.7879467010498
"AQ","2026-08-29T09:00:00.000000",19.8096199035645
"AQ","2026-08-29T10:00:00.000000",19.8094482421875
"AQ","2026-08-29T11:00:00.000000",19.7916126251221
"AQ","2026-08-29T12:00:00.000000",19.7663841247559
"AQ","2026-08-29T13:00:00.000000",19.7614917755127
"AQ","2026-08-29T14:00:00.000000",19.7777786254883
"AQ","2026-08-29T15:00:00.000000",19.8480110168457
"AQ","2026-08-29T16:00:00.000000",19.9263076782227
"AQ","2026-08-29T17:00:00.000000",19.9627418518066
"AQ","2026-08-29T18:00:00.000000",19.9268341064453
"AQ","2026-08-29T19:00:00.000000",19.9323101043701
"AQ","2026-08-29T20:00:00.000000",19.9696578979492
"AQ","2026-08-29T21:00:00.000000",20.0242233276367
"AQ","2026-08-29T22:00:00.000000",20.0446681976318
"AQ","2026-08-29T23:00:00.000000",20.018102645874
"AQ","2026-08-30T00:00:00.000000",19.9758033752441
"AQ","2026-08-30T01:00:00.000000",19.9448165893555
"AQ","2026-08-30T02:00:00.000000",19.9544677734375
"AQ","2026-08-30T03:00:00.000000",20.0234394073486
"AQ","2026-08-30T04:00:00.000000",20.0647048950195
"AQ","2026-08-30T05:00:00.000000",20.0632743835449
"AQ","2026-08-30T06:00:00.000000",19.9979190826416
"AQ","2026-08-30T07:00:00.000000",19.867151260376
"AQ","2026-08-30T08:00:00.000000",19.8472290039062
"AQ","2026-08-30T09:00:00.000000",19.8507843017578
"AQ","2026-08-30T10:00:00.000000",19.8237953186035
"AQ","2026-08-30T11:00:00.000000",19.7989540100098
"AQ","2026-08-30T12:00:00.000000",19.774787902832
"AQ","2026-08-30T13:00:00.000000",19.7864284515381
"AQ","2026-08-30T14:00:00.000000",19.8086071014404
"AQ","2026-08-30T15:00:00.000000",19.848669052124
"AQ","2026-08-30T16:00:00.000000",19.9704780578613
"AQ","2026-08-30T17:00:00.000000",20.0593280792236
"AQ","2026-08-30T18:00:00.000000",20.0482139587402
"AQ","2026-08-30T19:00:00.000000",19.9493217468262
"AQ","2026-08-30T20:00:00.000000",19.9808864593506
"AQ","2026-08-30T21:00:00.000000",20.0111904144287
"AQ","2026-08-30T22:00:00.000000",20.0505142211914
"AQ","2026-08-30T23:00:00.000000",20.0555038452148
"AQ","2026-08-31T00:00:00.000000",20.045202255249
"AQ","2026-08-31T01:00:00.000000",20.0470771789551
"AQ","2026-08-31T02:00:00.000000",20.0527534484863
"AQ","2026-08-31T03:00:00.000000",20.073522567749
"AQ","2026-08-31T04:00:00.000000",20.1322860717773
"AQ","2026-08-31T05:00:00.000000",20.1916561126709
"AQ","2026-08-31T06:00:00.000000",20.1640148162842
"AQ","2026-08-31T07:00:00.000000",20.0534000396729
"AQ","2026-08-31T08:00:00.000000",20.0236587524414
"AQ","2026-08-31T09:00:00.000000",19.9975395202637
"AQ","2026-08-31T10:00:00.000000",19.9675693511963
"AQ","2026-08-31T11:00:00.000000",19.9396724700928
"AQ","2026-08-31T12:00:00.000000",19.9504795074463
"AQ","2026-08-31T13:00:00.000000",20.0200805664062
"AQ","2026-08-31T14:00:00.000000",20.0793037414551
"AQ","2026-08-31T15:00:00.000000",20.1375370025635
"AQ","2026-08-31T16:00:00.000000",20.2601642608643
"AQ","2026-08-31T17:00:00.000000",20.3492546081543
"AQ","2026-08-31T18:00:00.000000",20.3917484283447
"AQ","2026-08-31T19:00:00.000000",20.2646217346191
"AQ","2026-08-31T20:00:00.000000",20.2183856964111
"AQ","2026-08-31T21:00:00.000000",20.3064270019531
"AQ","2026-08-31T22:00:00.000000",20.335391998291
"AQ","2026-08-31T23:00:00.000000",20.2859630584717
"AQ","2026-09-01T00:00:00.000000",20.262056350708
"AQ","2026-09-01T01:00:00.000000",20.2374362945557
"AQ","2026-09-01T02:00:00.000000",20.2770347595215
"AQ","2026-09-01T03:00:00.000000",20.328161239624
"AQ","2026-09-01T04:00:00.000000",20.4484233856201
"AQ","2026-09-01T05:00:00.000000",20.5488796234131
"AQ","2026-09-01T06:00:00.000000",20.5803279876709
"AQ","2026-09-01T07:00:00.000000",20.566801071167
"AQ","2026-09-01T08:00:00.000000",20.3272018432617
"AQ","2026-09-01T09:00:00.000000",20.2904453277588
"AQ","2026-09-01T10:00:00.000000",20.2921123504639
"AQ","2026-09-01T11:00:00.000000",20.1940937042236
"AQ","2026-09-01T12:00:00.000000",20.133861541748
"AQ","2026-09-01T13:00:00.000000",20.1284866333008
"AQ","2026-09-01T14:00:00.000000",20.2005500793457
"AQ","2026-09-01T15:00:00.000000",20.2677230834961
"AQ","2026-09-01T16:00:00.000000",20.3746967315674
"AQ","2026-09-01T17:00:00.000000",20.5447120666504
"AQ","2026-09-01T18:00:00.000000",20.6329860687256
"AQ","2026-09-01T19:00:00.000000",20.6582622528076
"AQ","2026-09-01T20:00:00.000000",20.4217700958252
"AQ","2026-09-01T21:00:00.000000",20.3535137176514
"AQ","2026-09-01T22:00:00.000000",20.3837013244629
"AQ","2026-09-01T23:00:00.000000",20.3637447357178
"AQ","2026-09-02T00:00:00.000000",20.2684650421143
"CB","2026-08-27T00:00:00.000000",20.0932483673096
"CB","2026-08-27T01:00:00.000000",20.2003993988037
"CB","2026-08-27T02:00:00.000000",20.2156105041504
"CB","2026-08-27T03:00:00.000000",20.224271774292
"CB","2026-08-27T04:00:00.000000",20.2273082733154
"CB","2026-08-27T05:00:00.000000",20.1804428100586
"CB","2026-08-27T06:00:00.000000",20.1506748199463
"CB","2026-08-27T07:00:00.000000",20.1501178741455
"CB","2026-08-27T08:00:00.000000",20.1460094451904
"CB","2026-08-27T09:00:00.000000",20.1376075744629
"CB","2026-08-27T10:00:00.000000",20.1361274719238
"CB","2026-08-27T11:00:00.000000",20.1481323242188
"CB","2026-08-27T12:00:00.000000",20.1589794158936
"CB","2026-08-27T13:00:00.000000",20.1721343994141
"CB","2026-08-27T14:00:00.000000",20.1888751983643
"CB","2026-08-27T15:00:00.000000",20.2113189697266
"CB","2026-08-27T16:00:00.000000",20.2183818817139
"CB","2026-08-27T17:00:00.000000",20.2319450378418
"CB","2026-08-27T18:00:00.000000",20.2265338897705
"CB","2026-08-27T19:00:00.000000",20.1992168426514
"CB","2026-08-27T20:00:00.000000",20.194543838501
"CB","2026-08-27T21:00:00.000000",20.1885089874268
"CB","2026-08-27T22:00:00.000000",20.1859169006348
"CB","2026-08-27T23:00:00.000000",20.1866798400879
"CB","2026-08-28T00:00:00.000000",20.2090454101562
"CB","2026-08-28T01:00:00.000000",19.7697734832764
"CB","2026-08-28T02:00:00.000000",19.6292781829834
"CB","2026-08-28T03:00:00.000000",19.6294918060303
"CB","2026-08-28T04:00:00.000000",19.631196975708
"CB","2026-08-28T05:00:00.000000",19.5981044769287
"CB","2026-08-28T06:00:00.000000",19.5809535980225
"CB","2026-08-28T07:00:00.000000",19.590446472168
"CB","2026-08-28T08:00:00.000000",19.6013889312744
"CB","2026-08-28T09:00:00.000000",19.600399017334
"CB","2026-08-28T10:00:00.000000",19.6002044677734
"CB","2026-08-28T11:00:00.000000",19.6043434143066
"CB","2026-08-28T12:00:00.000000",19.6102828979492
"CB","2026-08-28T13:00:00.000000",19.6270008087158
"CB","2026-08-28T14:00:00.000000",19.6569938659668
"CB","2026-08-28T15:00:00.000000",19.6901531219482
"CB","2026-08-28T16:00:00.000000",19.6993446350098
"CB","2026-08-28T17:00:00.000000",19.6934490203857
"CB","2026-08-28T18:00:00.000000",19.6863689422607
"CB","2026-08-28T19:00:00.000000",19.6766014099121
"CB","2026-08-28T20:00:00.000000",19.6918392181396
"CB","2026-08-28T21:00:00.000000",19.6959018707275
"CB","2026-08-28T22:00:00.000000",19.6949672698975
"CB","2026-08-28T23:00:00.000000",19.6963939666748
"CB","2026-08-29T00:00:00.000000",19.7072162628174
"CB","2026-08-29T01:00:00.000000",19.8511047363281
"CB","2026-08-29T02:00:00.000000",19.9628047943115
"CB","2026-08-29T03:00:00.000000",19.9980964660645
"CB","2026-08-29T04:00:00.000000",20.0137844085693
"CB","2026-08-29T05:00:00.000000",20.0183067321777
"CB","2026-08-29T06:00:00.000000",19.9818553924561
"CB","2026-08-29T07:00:00.000000",19.9671077728271
"CB","2026-08-29T08:00:00.000000",19.9689426422119
"CB","2026-08-29T09:00:00.000000",19.9648723602295
"CB","2026-08-29T10:00:00.000000",19.9585475921631
"CB","2026-08-29T11:00:00.000000",19.9577026367188
"CB","2026-08-29T12:00:00.000000",19.9610385894775
"CB","2026-08-29T13:00:00.000000",19.9630107879639
"CB","2026-08-29T14:00:00.000000",19.9489650726318
"CB","2026-08-29T15:00:00.000000",19.9530830383301
"CB","2026-08-29T16:00:00.000000",19.9801750183105
"CB","2026-08-29T17:00:00.000000",19.9858245849609
"CB","2026-08-29T18:00:00.000000",20.0193767547607
"CB","2026-08-29T19:00:00.000000",20.0206432342529
"CB","2026-08-29T20:00:00.000000",20.0147151947021
"CB","2026-08-29T21:00:00.000000",20.0110359191895
"CB","2026-08-29T22:00:00.000000",20.0035190582275
"CB","2026-08-29T23:00:00.000000",20.0020275115967
"CB","2026-08-30T00:00:00.000000",20.0028038024902
"CB","2026-08-30T01:00:00.000000",20.0095386505127
"CB","2026-08-30T02:00:00.000000",20.0041465759277
"CB","2026-08-30T03:00:00.000000",19.9977512359619
"CB","2026-08-30T04:00:00.000000",20.0108089447021
"CB","2026-08-30T05:00:00.000000",20.0069522857666
"CB","2026-08-30T06:00:00.000000",19.9814910888672
"CB","2026-08-30T07:00:00.000000",19.9689311981201
"CB","2026-08-30T08:00:00.000000",19.986515045166
"CB","2026-08-30T09:00:00.000000",19.9982967376709
"CB","2026-08-30T10:00:00.000000",19.9968070983887
"CB","2026-08-30T11:00:00.000000",19.9965553283691
"CB","2026-08-30T12:00:00.000000",19.9955005645752
"CB","2026-08-30T13:00:00.000000",19.9969787597656
"CB","2026-08-30T14:00:00.000000",19.9854431152344
"CB","2026-08-30T15:00:00.000000",19.976448059082
"CB","2026-08-30T16:00:00.000000",20.0082340240479
"CB","2026-08-30T17:00:00.000000",20.0263805389404
"CB","2026-08-30T18:00:00.000000",20.0087757110596
"CB","2026-08-30T19:00:00.000000",19.9934520721436
"CB","2026-08-30T20:00:00.000000",19.9925670623779
"CB","2026-08-30T21:00:00.000000",20.0154991149902
"CB","2026-08-30T22:00:00.000000",20.020263671875
"CB","2026-08-30T23:00:00.000000",20.0217895507812
"CB","2026-08-31T00:00:00.000000",20.0225048065186
"CB","2026-08-31T01:00:00.000000",20.0230388641357
"CB","2026-08-31T02:00:00.000000",20.0229778289795
"CB","2026-08-31T03:00:00.000000",20.0268936157227
"CB","2026-08-31T04:00:00.000000",20.0580978393555
"CB","2026-08-31T05:00:00.000000",20.0823974609375
"CB","2026-08-31T06:00:00.000000",20.0835094451904
"CB","2026-08-31T07:00:00.000000",20.0156841278076
"CB","2026-08-31T08:00:00.000000",20.0091686248779
"CB","2026-08-31T09:00:00.000000",20.0234870910645
"CB","2026-08-31T10:00:00.000000",20.0243320465088
"CB","2026-08-31T11:00:00.000000",20.0217475891113
"CB","2026-08-31T12:00:00.000000",20.0196228027344
"CB","2026-08-31T13:00:00.000000",20.0209178924561
"CB","2026-08-31T14:00:00.000000",20.0292053222656
"CB","2026-08-31T15:00:00.000000",20.0617046356201
"CB","2026-08-31T16:00:00.000000",20.1387462615967
"CB","2026-08-31T17:00:00.000000",20.1917591094971
"CB","2026-08-31T18:00:00.000000",20.2002716064453
"CB","2026-08-31T19:00:00.000000",20.1675930023193
"CB","2026-08-31T20:00:00.000000",20.1278228759766
"CB","2026-08-31T21:00:00.000000",20.101354598999
"CB","2026-08-31T22:00:00.000000",20.114896774292
"CB","2026-08-31T23:00:00.000000",20.1106758117676
"CB","2026-09-01T00:00:00.000000",20.1135997772217
"CB","2026-09-01T01:00:00.000000",20.1120357513428
"CB","2026-09-01T02:00:00.000000",20.1207656860352
"CB","2026-09-01T03:00:00.000000",20.1460075378418
"CB","2026-09-01T04:00:00.000000",20.1750526428223
"CB","2026-09-01T05:00:00.000000",20.1236305236816
"CB","2026-09-01T06:00:00.000000",20.0534210205078
"CB","2026-09-01T07:00:00.000000",20.1216049194336
"CB","2026-09-01T08:00:00.000000",20.1473522186279
"CB","2026-09-01T09:00:00.000000",20.1419944763184
"CB","2026-09-01T10:00:00.000000",20.1515712738037
"CB","2026-09-01T11:00:00.000000",20.1559810638428
"CB","2026-09-01T12:00:00.000000",20.1543788909912
"CB","2026-09-01T13:00:00.000000",20.1555309295654
"CB","2026-09-01T14:00:00.000000",20.1601543426514
"CB","2026-09-01T15:00:00.000000",20.1646366119385
"CB","2026-09-01T16:00:00.000000",20.1330680847168
"CB","2026-09-01T17:00:00.000000",19.849235534668
"CB","2026-09-01T18:00:00.000000",19.7118225097656
"CB","2026-09-01T19:00:00.000000",19.7233753204346
"CB","2026-09-01T20:00:00.000000",20.0002632141113
"CB","2026-09-01T21:00:00.000000",20.132833480835
"CB","2026-09-01T22:00:00.000000",20.1901550292969
"CB","2026-09-01T23:00:00.000000",20.249267578125
"CB","2026-09-02T00:00:00.000000",20.2562675476074
"CI","2026-08-27T00:00:00.000000",20.1410293579102
"CI","2026-08-27T01:00:00.000000",20.4585094451904
"CI","2026-08-27T02:00:00.000000",20.49485206604
"CI","2026-08-27T03:00:00.000000",20.4785747528076
"CI","2026-08-27T04:00:00.000000",20.514196395874
"CI","2026-08-27T05:00:00.000000",20.5156192779541
"CI","2026-08-27T06:00:00.000000",20.5436496734619
"CI","2026-08-27T07:00:00.000000",20.5522403717041
"CI","2026-08-27T08:00:00.000000",20.5522403717041
"CI","2026-08-27T09:00:00.000000",20.5522403717041
"CI","2026-08-27T10:00:00.000000",20.5522403717041
"CI","2026-08-27T11:00:00.000000",20.5522403717041
"CI","2026-08-27T12:00:00.000000",20.5407257080078
"CI","2026-08-27T13:00:00.000000",20.5493183135986
"CI","2026-08-27T14:00:00.000000",20.6115169525146
"CI","2026-08-27T15:00:00.000000",20.6802711486816
"CI","2026-08-27T16:00:00.000000",20.7433567047119
"CI","2026-08-27T17:00:00.000000",20.7802143096924
"CI","2026-08-27T18:00:00.000000",20.7052097320557
"CI","2026-08-27T19:00:00.000000",20.6685905456543
"CI","2026-08-27T20:00:00.000000",20.6708831787109
"CI","2026-08-27T21:00:00.000000",20.6708831787109
"CI","2026-08-27T22:00:00.000000",20.6708831787109
"CI","2026-08-27T23:00:00.000000",20.6708831787109
"CI","2026-08-28T00:00:00.000000",20.6773796081543
"CI","2026-08-28T01:00:00.000000",20.8050441741943
"CI","2026-08-28T02:00:00.000000",20.8705806732178
"CI","2026-08-28T03:00:00.000000",20.857494354248
"CI","2026-08-28T04:00:00.000000",20.9002933502197
"CI","2026-08-28T05:00:00.000000",20.8987865447998
"CI","2026-08-28T06:00:00.000000",20.8765316009521
"CI","2026-08-28T07:00:00.000000",20.8944053649902
"CI","2026-08-28T08:00:00.000000",20.8973636627197
"CI","2026-08-28T09:00:00.000000",20.8973636627197
"CI","2026-08-28T10:00:00.000000",20.8973636627197
"CI","2026-08-28T11:00:00.000000",20.8973636627197
"CI","2026-08-28T12:00:00.000000",20.8973636627197
"CI","2026-08-28T13:00:00.000000",20.9553203582764
"CI","2026-08-28T14:00:00.000000",20.976770401001
"CI","2026-08-28T15:00:00.000000",20.9874095916748
"CI","2026-08-28T16:00:00.000000",20.9899272918701
"CI","2026-08-28T17:00:00.000000",21.0624237060547
"CI","2026-08-28T18:00:00.000000",21.1176738739014
"CI","2026-08-28T19:00:00.000000",21.0705165863037
"CI","2026-08-28T20:00:00.000000",21.0636978149414
"CI","2026-08-28T21:00:00.000000",21.0636978149414
"CI","2026-08-28T22:00:00.000000",21.0636978149414
"CI","2026-08-28T23:00:00.000000",21.0636978149414
"CI","2026-08-29T00:00:00.000000",21.0636978149414
"CI","2026-08-29T01:00:00.000000",20.5997371673584
"CI","2026-08-29T02:00:00.000000",20.3052463531494
"CI","2026-08-29T03:00:00.000000",20.0712070465088
"CI","2026-08-29T04:00:00.000000",20.0122833251953
"CI","2026-08-29T05:00:00.000000",19.9922389984131
"CI","2026-08-29T06:00:00.000000",19.997838973999
"CI","2026-08-29T07:00:00.000000",20.1594505310059
"CI","2026-08-29T08:00:00.000000",20.303129196167
"CI","2026-08-29T09:00:00.000000",20.3039245605469
"CI","2026-08-29T10:00:00.000000",20.3039245605469
"CI","2026-08-29T11:00:00.000000",20.3039245605469
"CI","2026-08-29T12:00:00.000000",20.3039245605469
"CI","2026-08-29T13:00:00.000000",20.3758697509766
"CI","2026-08-29T14:00:00.000000",20.3879241943359
"CI","2026-08-29T15:00:00.000000",20.1905155181885
"CI","2026-08-29T16:00:00.000000",20.2290477752686
"CI","2026-08-29T17:00:00.000000",20.2780818939209
"CI","2026-08-29T18:00:00.000000",20.2496471405029
"CI","2026-08-29T19:00:00.000000",20.2534484863281
"CI","2026-08-29T20:00:00.000000",20.3518753051758
"CI","2026-08-29T21:00:00.000000",20.3639469146729
"CI","2026-08-29T22:00:00.000000",20.3639469146729
"CI","2026-08-29T23:00:00.000000",20.3639469146729
"CI","2026-08-30T00:00:00.000000",20.3639469146729
"CI","2026-08-30T01:00:00.000000",20.3639469146729
"CI","2026-08-30T02:00:00.000000",20.3446826934814
"CI","2026-08-30T03:00:00.000000",20.4560241699219
"CI","2026-08-30T04:00:00.000000",20.5185127258301
"CI","2026-08-30T05:00:00.000000",20.5175762176514
"CI","2026-08-30T06:00:00.000000",20.5013427734375
"CI","2026-08-30T07:00:00.000000",20.4553489685059
"CI","2026-08-30T08:00:00.000000",20.3849029541016
"CI","2026-08-30T09:00:00.000000",20.3701324462891
"CI","2026-08-30T10:00:00.000000",20.3701324462891
"CI","2026-08-30T11:00:00.000000",20.3701324462891
"CI","2026-08-30T12:00:00.000000",20.3701324462891
"CI","2026-08-30T13:00:00.000000",20.3701324462891
"CI","2026-08-30T14:00:00.000000",20.348274230957
"CI","2026-08-30T15:00:00.000000",20.4700679779053
"CI","2026-08-30T16:00:00.000000",20.5522136688232
"CI","2026-08-30T17:00:00.000000",20.5844535827637
"CI","2026-08-30T18:00:00.000000",20.6039352416992
"CI","2026-08-30T19:00:00.000000",20.6348972320557
"CI","2026-08-30T20:00:00.000000",20.5716247558594
"CI","2026-08-30T21:00:00.000000",20.4647407531738
"CI","2026-08-30T22:00:00.000000",20.4647121429443
"CI","2026-08-30T23:00:00.000000",20.4647121429443
"CI","2026-08-31T00:00:00.000000",20.4647121429443
"CI","2026-08-31T01:00:00.000000",20.4647121429443
"CI","2026-08-31T02:00:00.000000",20.4471664428711
"CI","2026-08-31T03:00:00.000000",20.4604835510254
"CI","2026-08-31T04:00:00.000000",20.6823215484619
"CI","2026-08-31T05:00:00.000000",20.7136535644531
"CI","2026-08-31T06:00:00.000000",20.6909923553467
"CI","2026-08-31T07:00:00.000000",20.6904907226562
"CI","2026-08-31T08:00:00.000000",20.6351642608643
"CI","2026-08-31T09:00:00.000000",20.4664535522461
"CI","2026-08-31T10:00:00.000000",20.4842281341553
"CI","2026-08-31T11:00:00.000000",20.4842281341553
"CI","2026-08-31T12:00:00.000000",20.4842281341553
"CI","2026-08-31T13:00:00.000000",20.4842281341553
"CI","2026-08-31T14:00:00.000000",20.4842281341553
"CI","2026-08-31T15:00:00.000000",20.5421600341797
"CI","2026-08-31T16:00:00.000000",20.7668972015381
"CI","2026-08-31T17:00:00.000000",20.8209590911865
"CI","2026-08-31T18:00:00.000000",20.8540668487549
"CI","2026-08-31T19:00:00.000000",20.8710823059082
"CI","2026-08-31T20:00:00.000000",20.8725032806396
"CI","2026-08-31T21:00:00.000000",20.762134552002
"CI","2026-08-31T22:00:00.000000",20.6719284057617
"CI","2026-08-31T23:00:00.000000",20.6719284057617
"CI","2026-09-01T00:00:00.000000",20.6719284057617
"CI","2026-09-01T01:00:00.000000",20.6719284057617
"CI","2026-09-01T02:00:00.000000",20.6719284057617
"CI","2026-09-01T03:00:00.000000",20.5744514465332
"CI","2026-09-01T04:00:00.000000",20.6988086700439
"CI","2026-09-01T05:00:00.000000",20.8530826568604
"CI","2026-09-01T06:00:00.000000",20.8574275970459
"CI","2026-09-01T07:00:00.000000",20.8470783233643
"CI","2026-09-01T08:00:00.000000",20.8577556610107
"CI","2026-09-01T09:00:00.000000",20.7907447814941
"CI","2026-09-01T10:00:00.000000",20.6368541717529
"CI","2026-09-01T11:00:00.000000",20.6489391326904
"CI","2026-09-01T12:00:00.000000",20.6489391326904
"CI","2026-09-01T13:00:00.000000",20.6489391326904
"CI","2026-09-01T14:00:00.000000",20.6489391326904
"CI","2026-09-01T15:00:00.000000",20.5774669647217
"CI","2026-09-01T16:00:00.000000",20.7420234680176
"CI","2026-09-01T17:00:00.000000",20.9047813415527
"CI","2026-09-01T18:00:00.000000",20.9345989227295
"CI","2026-09-01T19:00:00.000000",20.9262981414795
"CI","2026-09-01T20:00:00.000000",20.924072265625
"CI","2026-09-01T21:00:00.000000",20.8990154266357
"CI","2026-09-01T22:00:00.000000",20.7538223266602
"CI","2026-09-01T23:00:00.000000",20.6911811828613
"CI","2026-09-02T00:00:00.000000",20.6911811828613
"DC","2026-08-27T00:00:00.000000",20.1695537567139
"DC","2026-08-27T01:00:00.000000",20.0552959442139
"DC","2026-08-27T02:00:00.000000",20.0195198059082
"DC","2026-08-27T03:00:00.000000",20.0583953857422
"DC","2026-08-27T04:00:00.000000",20.0870265960693
"DC","2026-08-27T05:00:00.000000",20.1024990081787
"DC","2026-08-27T06:00:00.000000",20.1052684783936
"DC","2026-08-27T07:00:00.000000",20.1517601013184
"DC","2026-08-27T08:00:00.000000",20.1517601013184
"DC","2026-08-27T09:00:00.000000",20.1517601013184
"DC","2026-08-27T10:00:00.000000",20.1517601013184
"DC","2026-08-27T11:00:00.000000",20.1517601013184
"DC","2026-08-27T12:00:00.000000",20.0540580749512
"DC","2026-08-27T13:00:00.000000",20.0816497802734
"DC","2026-08-27T14:00:00.000000",20.1480598449707
"DC","2026-08-27T15:00:00.000000",20.248929977417
"DC","2026-08-27T16:00:00.000000",20.2869701385498
"DC","2026-08-27T17:00:00.000000",20.2345867156982
"DC","2026-08-27T18:00:00.000000",20.1895332336426
"DC","2026-08-27T19:00:00.000000",20.200647354126
"DC","2026-08-27T20:00:00.000000",20.225528717041
"DC","2026-08-27T21:00:00.000000",20.225528717041
"DC","2026-08-27T22:00:00.000000",20.225528717041
"DC","2026-08-27T23:00:00.000000",20.225528717041
"DC","2026-08-28T00:00:00.000000",20.3749542236328
"DC","2026-08-28T01:00:00.000000",19.924747467041
"DC","2026-08-28T02:00:00.000000",19.6100807189941
"DC","2026-08-28T03:00:00.000000",19.6094799041748
"DC","2026-08-28T04:00:00.000000",19.6476669311523
"DC","2026-08-28T05:00:00.000000",19.6412410736084
"DC","2026-08-28T06:00:00.000000",19.6326484680176
"DC","2026-08-28T07:00:00.000000",19.6198787689209
"DC","2026-08-28T08:00:00.000000",19.6199169158936
"DC","2026-08-28T09:00:00.000000",19.6199169158936
"DC","2026-08-28T10:00:00.000000",19.6199169158936
"DC","2026-08-28T11:00:00.000000",19.6199169158936
"DC","2026-08-28T12:00:00.000000",19.6287593841553
"DC","2026-08-28T13:00:00.000000",19.64328956604
"DC","2026-08-28T14:00:00.000000",19.6796264648438
"DC","2026-08-28T15:00:00.000000",19.7436122894287
"DC","2026-08-28T16:00:00.000000",19.8107662200928
"DC","2026-08-28T17:00:00.000000",19.8099575042725
"DC","2026-08-28T18:00:00.000000",19.763011932373
"DC","2026-08-28T19:00:00.000000",19.7737865447998
"DC","2026-08-28T20:00:00.000000",19.783052444458
"DC","2026-08-28T21:00:00.000000",19.783052444458
"DC","2026-08-28T22:00:00.000000",19.783052444458
"DC","2026-08-28T23:00:00.000000",19.783052444458
"DC","2026-08-29T00:00:00.000000",19.7924327850342
"DC","2026-08-29T01:00:00.000000",19.9258403778076
"DC","2026-08-29T02:00:00.000000",19.9946041107178
"DC","2026-08-29T03:00:00.000000",20.0032863616943
"DC","2026-08-29T04:00:00.000000",20.0176162719727
"DC","2026-08-29T05:00:00.000000",20.0332336425781
"DC","2026-08-29T06:00:00.000000",20.0340309143066
"DC","2026-08-29T07:00:00.000000",20.0388774871826
"DC","2026-08-29T08:00:00.000000",20.0432376861572
"DC","2026-08-29T09:00:00.000000",20.0432376861572
"DC","2026-08-29T10:00:00.000000",20.0432376861572
"DC","2026-08-29T11:00:00.000000",20.0432376861572
"DC","2026-08-29T12:00:00.000000",20.0432376861572
"DC","2026-08-29T13:00:00.000000",19.9407024383545
"DC","2026-08-29T14:00:00.000000",19.9398021697998
"DC","2026-08-29T15:00:00.000000",20.0131931304932
"DC","2026-08-29T16:00:00.000000",20.0781593322754
"DC","2026-08-29T17:00:00.000000",20.1054134368896
"DC","2026-08-29T18:00:00.000000",20.0816917419434
"DC","2026-08-29T19:00:00.000000",20.0767307281494
"DC","2026-08-29T20:00:00.000000",20.1381206512451
"DC","2026-08-29T21:00:00.000000",20.1396579742432
"DC","2026-08-29T22:00:00.000000",20.1396579742432
"DC","2026-08-29T23:00:00.000000",20.1396579742432
"DC","2026-08-30T00:00:00.000000",20.1396579742432
"DC","2026-08-30T01:00:00.000000",20.1396579742432
"DC","2026-08-30T02:00:00.000000",20.1185054779053
"DC","2026-08-30T03:00:00.000000",20.1125183105469
"DC","2026-08-30T04:00:00.000000",20.1146278381348
"DC","2026-08-30T05:00:00.000000",20.1125545501709
"DC","2026-08-30T06:00:00.000000",20.1066436767578
"DC","2026-08-30T07:00:00.000000",20.1048107147217
"DC","2026-08-30T08:00:00.000000",20.1075859069824
"DC","2026-08-30T09:00:00.000000",20.1062831878662
"DC","2026-08-30T10:00:00.000000",20.1062831878662
"DC","2026-08-30T11:00:00.000000",20.1062831878662
"DC","2026-08-30T12:00:00.000000",20.1062831878662
"DC","2026-08-30T13:00:00.000000",20.1062831878662
"DC","2026-08-30T14:00:00.000000",20.0855941772461
"DC","2026-08-30T15:00:00.000000",20.0972232818604
"DC","2026-08-30T16:00:00.000000",20.1332988739014
"DC","2026-08-30T17:00:00.000000",20.1722965240479
"DC","2026-08-30T18:00:00.000000",20.1948833465576
"DC","2026-08-30T19:00:00.000000",20.1633186340332
"DC","2026-08-30T20:00:00.000000",20.107458114624
"DC","2026-08-30T21:00:00.000000",20.0863761901855
"DC","2026-08-30T22:00:00.000000",20.0863761901855
"DC","2026-08-30T23:00:00.000000",20.0863761901855
"DC","2026-08-31T00:00:00.000000",20.0863761901855
"DC","2026-08-31T01:00:00.000000",20.0863761901855
"DC","2026-08-31T02:00:00.000000",20.214075088501
"DC","2026-08-31T03:00:00.000000",20.2345008850098
"DC","2026-08-31T04:00:00.000000",20.1803531646729
"DC","2026-08-31T05:00:00.000000",20.1329002380371
"DC","2026-08-31T06:00:00.000000",20.1546096801758
"DC","2026-08-31T07:00:00.000000",20.1792659759521
"DC","2026-08-31T08:00:00.000000",20.2028026580811
"DC","2026-08-31T09:00:00.000000",20.1955108642578
"DC","2026-08-31T10:00:00.000000",20.1955108642578
"DC","2026-08-31T11:00:00.000000",20.1955108642578
"DC","2026-08-31T12:00:00.000000",20.1955108642578
"DC","2026-08-31T13:00:00.000000",20.1955108642578
"DC","2026-08-31T14:00:00.000000",20.2333869934082
"DC","2026-08-31T15:00:00.000000",20.2181720733643
"DC","2026-08-31T16:00:00.000000",20.1804466247559
"DC","2026-08-31T17:00:00.000000",20.1411037445068
"DC","2026-08-31T18:00:00.000000",20.1464195251465
"DC","2026-08-31T19:00:00.000000",20.2006511688232
"DC","2026-08-31T20:00:00.000000",20.2347011566162
"DC","2026-08-31T21:00:00.000000",20.261625289917
"DC","2026-08-31T22:00:00.000000",20.264669418335
"DC","2026-08-31T23:00:00.000000",20.264669418335
"DC","2026-09-01T00:00:00.000000",20.264669418335
"DC","2026-09-01T01:00:00.000000",20.264669418335
"DC","2026-09-01T02:00:00.000000",20.264669418335
"DC","2026-09-01T03:00:00.000000",20.0327892303467
"DC","2026-09-01T04:00:00.000000",19.8174629211426
"DC","2026-09-01T05:00:00.000000",19.6537990570068
"DC","2026-09-01T06:00:00.000000",19.5729198455811
"DC","2026-09-01T07:00:00.000000",19.7367153167725
"DC","2026-09-01T08:00:00.000000",19.9892883300781
"DC","2026-09-01T09:00:00.000000",20.117618560791
"DC","2026-09-01T10:00:00.000000",20.1451549530029
"DC","2026-09-01T11:00:00.000000",20.1451549530029
"DC","2026-09-01T12:00:00.000000",20.1451549530029
"DC","2026-09-01T13:00:00.000000",20.1451549530029
"DC","2026-09-01T14:00:00.000000",20.1451549530029
"DC","2026-09-01T15:00:00.000000",19.6287021636963
"DC","2026-09-01T16:00:00.000000",19.4319896697998
"DC","2026-09-01T17:00:00.000000",19.2892074584961
"DC","2026-09-01T18:00:00.000000",19.1889572143555
"DC","2026-09-01T19:00:00.000000",19.195629119873
"DC","2026-09-01T20:00:00.000000",19.3702144622803
"DC","2026-09-01T21:00:00.000000",19.6333713531494
"DC","2026-09-01T22:00:00.000000",19.7992076873779
"DC","2026-09-01T23:00:00.000000",19.7957553863525
"DC","2026-09-02T00:00:00.000000",19.7957553863525
"LH","2026-08-27T00:00:00.000000",19.7465152740479
"LH","2026-08-27T01:00:00.000000",19.9500007629395
"LH","2026-08-27T02:00:00.000000",20.0468559265137
"LH","2026-08-27T03:00:00.000000",20.0618801116943
"LH","2026-08-27T04:00:00.000000",20.062162399292
"LH","2026-08-27T05:00:00.000000",20.0362548828125
"LH","2026-08-27T06:00:00.000000",20.0364646911621
"LH","2026-08-27T07:00:00.000000",20.0245208740234
"LH","2026-08-27T08:00:00.000000",20.0106945037842
"LH","2026-08-27T09:00:00.000000",20.0126514434814
"LH","2026-08-27T10:00:00.000000",20.0126514434814
"LH","2026-08-27T11:00:00.000000",20.0126514434814
"LH","2026-08-27T12:00:00.000000",19.987865447998
"LH","2026-08-27T13:00:00.000000",20.0155467987061
"LH","2026-08-27T14:00:00.000000",20.0376491546631
"LH","2026-08-27T15:00:00.000000",20.0533256530762
"LH","2026-08-27T16:00:00.000000",20.0587100982666
"LH","2026-08-27T17:00:00.000000",20.0701751708984
"LH","2026-08-27T18:00:00.000000",20.0499172210693
"LH","2026-08-27T19:00:00.000000",20.0409412384033
"LH","2026-08-27T20:00:00.000000",20.0337982177734
"LH","2026-08-27T21:00:00.000000",20.0362663269043
"LH","2026-08-27T22:00:00.000000",20.0362663269043
"LH","2026-08-27T23:00:00.000000",20.0362663269043
"LH","2026-08-28T00:00:00.000000",20.1108856201172
"LH","2026-08-28T01:00:00.000000",20.1406192779541
"LH","2026-08-28T02:00:00.000000",20.2200317382812
"LH","2026-08-28T03:00:00.000000",20.1884841918945
"LH","2026-08-28T04:00:00.000000",20.1845378875732
"LH","2026-08-28T05:00:00.000000",20.2213973999023
"LH","2026-08-28T06:00:00.000000",20.2782344818115
"LH","2026-08-28T07:00:00.000000",20.2841453552246
"LH","2026-08-28T08:00:00.000000",20.2874431610107
"LH","2026-08-28T09:00:00.000000",20.2861404418945
"LH","2026-08-28T10:00:00.000000",20.2861404418945
"LH","2026-08-28T11:00:00.000000",20.2861404418945
"LH","2026-08-28T12:00:00.000000",20.2868957519531
"LH","2026-08-28T13:00:00.000000",20.3213672637939
"LH","2026-08-28T14:00:00.000000",20.2694568634033
"LH","2026-08-28T15:00:00.000000",20.2421226501465
"LH","2026-08-28T16:00:00.000000",20.2350044250488
"LH","2026-08-28T17:00:00.000000",20.2321910858154
"LH","2026-08-28T18:00:00.000000",20.2904434204102
"LH","2026-08-28T19:00:00.000000",20.3080883026123
"LH","2026-08-28T20:00:00.000000",20.3095588684082
"LH","2026-08-28T21:00:00.000000",20.3068313598633
"LH","2026-08-28T22:00:00.000000",20.3087539672852
"LH","2026-08-28T23:00:00.000000",20.3087539672852
"LH","2026-08-29T00:00:00.000000",20.3087539672852
"LH","2026-08-29T01:00:00.000000",20.2821254730225
"LH","2026-08-29T02:00:00.000000",19.9898796081543
"LH","2026-08-29T03:00:00.000000",19.9888591766357
"LH","2026-08-29T04:00:00.000000",19.9959774017334
"LH","2026-08-29T05:00:00.000000",20.0042572021484
"LH","2026-08-29T06:00:00.000000",20.005126953125
"LH","2026-08-29T07:00:00.000000",19.9963283538818
"LH","2026-08-29T08:00:00.000000",19.9784564971924
"LH","2026-08-29T09:00:00.000000",19.9713077545166
"LH","2026-08-29T10:00:00.000000",19.9712963104248
"LH","2026-08-29T11:00:00.000000",19.9712963104248
"LH","2026-08-29T12:00:00.000000",19.9712963104248
"LH","2026-08-29T13:00:00.000000",19.9582462310791
"LH","2026-08-29T14:00:00.000000",19.9681606292725
"LH","2026-08-29T15:00:00.000000",20.0183372497559
"LH","2026-08-29T16:00:00.000000",20.0396766662598
"LH","2026-08-29T17:00:00.000000",20.0287628173828
"LH","2026-08-29T18:00:00.000000",20.0210056304932
"LH","2026-08-29T19:00:00.000000",19.9936275482178
"LH","2026-08-29T20:00:00.000000",19.9749946594238
"LH","2026-08-29T21:00:00.000000",19.9754390716553
"LH","2026-08-29T22:00:00.000000",19.9818363189697
"LH","2026-08-29T23:00:00.000000",19.9818363189697
"LH","2026-08-30T00:00:00.000000",19.9818363189697
"LH","2026-08-30T01:00:00.000000",19.9818363189697
"LH","2026-08-30T02:00:00.000000",20.0274715423584
"LH","2026-08-30T03:00:00.000000",20.0534801483154
"LH","2026-08-30T04:00:00.000000",20.0759582519531
"LH","2026-08-30T05:00:00.000000",20.0719261169434
"LH","2026-08-30T06:00:00.000000",20.0650043487549
"LH","2026-08-30T07:00:00.000000",20.0427265167236
"LH","2026-08-30T08:00:00.000000",20.0349788665771
"LH","2026-08-30T09:00:00.000000",20.0149154663086
"LH","2026-08-30T10:00:00.000000",20.0237655639648
"LH","2026-08-30T11:00:00.000000",20.0281105041504
"LH","2026-08-30T12:00:00.000000",20.0281105041504
"LH","2026-08-30T13:00:00.000000",20.0281105041504
"LH","2026-08-30T14:00:00.000000",20.0647945404053
"LH","2026-08-30T15:00:00.000000",20.1236381530762
"LH","2026-08-30T16:00:00.000000",20.1262302398682
"LH","2026-08-30T17:00:00.000000",20.1215209960938
"LH","2026-08-30T18:00:00.000000",20.1003570556641
"LH","2026-08-30T19:00:00.000000",20.1031379699707
"LH","2026-08-30T20:00:00.000000",20.0554332733154
"LH","2026-08-30T21:00:00.000000",20.0365600585938
"LH","2026-08-30T22:00:00.000000",20.0306129455566
"LH","2026-08-30T23:00:00.000000",20.0438575744629
"LH","2026-08-31T00:00:00.000000",20.0438575744629
"LH","2026-08-31T01:00:00.000000",20.0438575744629
"LH","2026-08-31T02:00:00.000000",20.111644744873
"LH","2026-08-31T03:00:00.000000",20.1562232971191
"LH","2026-08-31T04:00:00.000000",20.2044658660889
"LH","2026-08-31T05:00:00.000000",20.2043342590332
"LH","2026-08-31T06:00:00.000000",20.1933460235596
"LH","2026-08-31T07:00:00.000000",20.1886539459229
"LH","2026-08-31T08:00:00.000000",20.1123180389404
"LH","2026-08-31T09:00:00.000000",20.0777339935303
"LH","2026-08-31T10:00:00.000000",20.0594177246094
"LH","2026-08-31T11:00:00.000000",20.0737571716309
"LH","2026-08-31T12:00:00.000000",20.0737571716309
"LH","2026-08-31T13:00:00.000000",20.0737571716309
"LH","2026-08-31T14:00:00.000000",20.0740051269531
"LH","2026-08-31T15:00:00.000000",20.3132839202881
"LH","2026-08-31T16:00:00.000000",20.3456420898438
"LH","2026-08-31T17:00:00.000000",20.3508605957031
"LH","2026-08-31T18:00:00.000000",20.3520660400391
"LH","2026-08-31T19:00:00.000000",20.3485851287842
"LH","2026-08-31T20:00:00.000000",20.2586917877197
"LH","2026-08-31T21:00:00.000000",20.202299118042
"LH","2026-08-31T22:00:00.000000",20.1792964935303
"LH","2026-08-31T23:00:00.000000",20.173978805542
"LH","2026-09-01T00:00:00.000000",20.177562713623
"LH","2026-09-01T01:00:00.000000",20.177562713623
"LH","2026-09-01T02:00:00.000000",20.177562713623
"LH","2026-09-01T03:00:00.000000",20.3302612304688
"LH","2026-09-01T04:00:00.000000",20.381139755249
"LH","2026-09-01T05:00:00.000000",20.4033050537109
"LH","2026-09-01T06:00:00.000000",20.4013042449951
"LH","2026-09-01T07:00:00.000000",20.4008178710938
"LH","2026-09-01T08:00:00.000000",20.3796539306641
"LH","2026-09-01T09:00:00.000000",20.3134670257568
"LH","2026-09-01T10:00:00.000000",20.266393661499
"LH","2026-09-01T11:00:00.000000",20.23659324646
"LH","2026-09-01T12:00:00.000000",20.2522640228271
"LH","2026-09-01T13:00:00.000000",20.2522640228271
"LH","2026-09-01T14:00:00.000000",20.2522640228271
"LH","2026-09-01T15:00:00.000000",20.3878765106201
"LH","2026-09-01T16:00:00.000000",20.45778465271
"LH","2026-09-01T17:00:00.000000",20.4171562194824
"LH","2026-09-01T18:00:00.000000",20.4026908874512
"LH","2026-09-01T19:00:00.000000",20.4013538360596
"LH","2026-09-01T20:00:00.000000",20.4284801483154
"LH","2026-09-01T21:00:00.000000",20.3765678405762
"LH","2026-09-01T22:00:00.000000",20.3308124542236
"LH","2026-09-01T23:00:00.000000",20.2956123352051
"LH","2026-09-02T00:00:00.000000",20.295919418335
"NB","2026-08-27T00:00:00.000000",20.1892318725586
"NB","2026-08-27T01:00:00.000000",20.1789970397949
"NB","2026-08-27T02:00:00.000000",20.180118560791
"NB","2026-08-27T03:00:00.000000",20.1817531585693
"NB","2026-08-27T04:00:00.000000",20.1883144378662
"NB","2026-08-27T05:00:00.000000",20.2056655883789
"NB","2026-08-27T06:00:00.000000",20.2164897918701
"NB","2026-08-27T07:00:00.000000",20.2303199768066
"NB","2026-08-27T08:00:00.000000",20.2554225921631
"NB","2026-08-27T09:00:00.000000",20.2570991516113
"NB","2026-08-27T10:00:00.000000",20.1963596343994
"NB","2026-08-27T11:00:00.000000",20.1170997619629
"NB","2026-08-27T12:00:00.000000",20.1063976287842
"NB","2026-08-27T13:00:00.000000",20.1347942352295
"NB","2026-08-27T14:00:00.000000",20.1843166351318
"NB","2026-08-27T15:00:00.000000",20.2395992279053
"NB","2026-08-27T16:00:00.000000",20.3069305419922
"NB","2026-08-27T17:00:00.000000",20.3693046569824
"NB","2026-08-27T18:00:00.000000",20.4219779968262
"NB","2026-08-27T19:00:00.000000",20.4685821533203
"NB","2026-08-27T20:00:00.000000",20.4894504547119
"NB","2026-08-27T21:00:00.000000",20.4876251220703
"NB","2026-08-27T22:00:00.000000",20.4985160827637
"NB","2026-08-27T23:00:00.000000",20.5004653930664
"NB","2026-08-28T00:00:00.000000",20.4914951324463
"NB","2026-08-28T01:00:00.000000",19.9562511444092
"NB","2026-08-28T02:00:00.000000",19.7078456878662
"NB","2026-08-28T03:00:00.000000",19.6870098114014
"NB","2026-08-28T04:00:00.000000",19.6924133300781
"NB","2026-08-28T05:00:00.000000",19.7112712860107
"NB","2026-08-28T06:00:00.000000",19.7393169403076
"NB","2026-08-28T07:00:00.000000",19.7687358856201
"NB","2026-08-28T08:00:00.000000",19.759220123291
"NB","2026-08-28T09:00:00.000000",19.7806434631348
"NB","2026-08-28T10:00:00.000000",19.7806434631348
"NB","2026-08-28T11:00:00.000000",19.7134189605713
"NB","2026-08-28T12:00:00.000000",19.7046051025391
"NB","2026-08-28T13:00:00.000000",19.7296199798584
"NB","2026-08-28T14:00:00.000000",19.7612133026123
"NB","2026-08-28T15:00:00.000000",19.8109550476074
"NB","2026-08-28T16:00:00.000000",19.8752555847168
"NB","2026-08-28T17:00:00.000000",19.9394111633301
"NB","2026-08-28T18:00:00.000000",19.9868755340576
"NB","2026-08-28T19:00:00.000000",20.0313739776611
"NB","2026-08-28T20:00:00.000000",20.0834426879883
"NB","2026-08-28T21:00:00.000000",20.1413726806641
"NB","2026-08-28T22:00:00.000000",20.1817836761475
"NB","2026-08-28T23:00:00.000000",20.1719779968262
"NB","2026-08-29T00:00:00.000000",20.1570014953613
"NB","2026-08-29T01:00:00.000000",20.1704006195068
"NB","2026-08-29T02:00:00.000000",20.1854228973389
"NB","2026-08-29T03:00:00.000000",20.1839790344238
"NB","2026-08-29T04:00:00.000000",20.1822242736816
"NB","2026-08-29T05:00:00.000000",20.2121925354004
"NB","2026-08-29T06:00:00.000000",20.2257537841797
"NB","2026-08-29T07:00:00.000000",20.2222671508789
"NB","2026-08-29T08:00:00.000000",20.2193965911865
"NB","2026-08-29T09:00:00.000000",20.2193183898926
"NB","2026-08-29T10:00:00.000000",20.2193241119385
"NB","2026-08-29T11:00:00.000000",20.2193241119385
"NB","2026-08-29T12:00:00.000000",20.1235370635986
"NB","2026-08-29T13:00:00.000000",20.12424659729
"NB","2026-08-29T14:00:00.000000",20.1129570007324
"NB","2026-08-29T15:00:00.000000",20.1223392486572
"NB","2026-08-29T16:00:00.000000",20.141918182373
"NB","2026-08-29T17:00:00.000000",20.1555233001709
"NB","2026-08-29T18:00:00.000000",20.1568202972412
"NB","2026-08-29T19:00:00.000000",20.1558437347412
"NB","2026-08-29T20:00:00.000000",20.2203617095947
"NB","2026-08-29T21:00:00.000000",20.3035449981689
"NB","2026-08-29T22:00:00.000000",20.3120651245117
"NB","2026-08-29T23:00:00.000000",20.3120651245117
"NB","2026-08-30T00:00:00.000000",20.2827205657959
"NB","2026-08-30T01:00:00.000000",20.2460823059082
"NB","2026-08-30T02:00:00.000000",20.2408027648926
"NB","2026-08-30T03:00:00.000000",20.2420864105225
"NB","2026-08-30T04:00:00.000000",20.2391662597656
"NB","2026-08-30T05:00:00.000000",20.2409973144531
"NB","2026-08-30T06:00:00.000000",20.2505550384521
"NB","2026-08-30T07:00:00.000000",20.2770366668701
"NB","2026-08-30T08:00:00.000000",20.3115825653076
"NB","2026-08-30T09:00:00.000000",20.3395195007324
"NB","2026-08-30T10:00:00.000000",20.3395252227783
"NB","2026-08-30T11:00:00.000000",20.3395252227783
"NB","2026-08-30T12:00:00.000000",20.3395252227783
"NB","2026-08-30T13:00:00.000000",20.1431617736816
"NB","2026-08-30T14:00:00.000000",20.1359310150146
"NB","2026-08-30T15:00:00.000000",20.1741142272949
"NB","2026-08-30T16:00:00.000000",20.2302722930908
"NB","2026-08-30T17:00:00.000000",20.308557510376
"NB","2026-08-30T18:00:00.000000",20.4005794525146
"NB","2026-08-30T19:00:00.000000",20.473217010498
"NB","2026-08-30T20:00:00.000000",20.5374889373779
"NB","2026-08-30T21:00:00.000000",20.5986289978027
"NB","2026-08-30T22:00:00.000000",20.6183242797852
"NB","2026-08-30T23:00:00.000000",20.6183242797852
"NB","2026-08-31T00:00:00.000000",20.6183242797852
"NB","2026-08-31T01:00:00.000000",20.6077728271484
"NB","2026-08-31T02:00:00.000000",20.6032619476318
"NB","2026-08-31T03:00:00.000000",20.6103115081787
"NB","2026-08-31T04:00:00.000000",20.601842880249
"NB","2026-08-31T05:00:00.000000",20.5978965759277
"NB","2026-08-31T06:00:00.000000",20.598783493042
"NB","2026-08-31T07:00:00.000000",20.6151638031006
"NB","2026-08-31T08:00:00.000000",20.638671875
"NB","2026-08-31T09:00:00.000000",20.663516998291
"NB","2026-08-31T10:00:00.000000",20.7269535064697
"NB","2026-08-31T11:00:00.000000",20.7236614227295
"NB","2026-08-31T12:00:00.000000",20.7236614227295
"NB","2026-08-31T13:00:00.000000",20.6964530944824
"NB","2026-08-31T14:00:00.000000",20.6373882293701
"NB","2026-08-31T15:00:00.000000",20.6327781677246
"NB","2026-08-31T16:00:00.000000",20.6538734436035
"NB","2026-08-31T17:00:00.000000",20.6813564300537
"NB","2026-08-31T18:00:00.000000",20.7086620330811
"NB","2026-08-31T19:00:00.000000",20.7257404327393
"NB","2026-08-31T20:00:00.000000",20.7503471374512
"NB","2026-08-31T21:00:00.000000",20.8036136627197
"NB","2026-08-31T22:00:00.000000",20.830078125
"NB","2026-08-31T23:00:00.000000",20.8296642303467
"NB","2026-09-01T00:00:00.000000",20.8296642303467
"NB","2026-09-01T01:00:00.000000",20.8296642303467
"NB","2026-09-01T02:00:00.000000",20.7961730957031
"NB","2026-09-01T03:00:00.000000",20.7818431854248
"NB","2026-09-01T04:00:00.000000",20.7713184356689
"NB","2026-09-01T05:00:00.000000",20.7626934051514
"NB","2026-09-01T06:00:00.000000",20.7625026702881
"NB","2026-09-01T07:00:00.000000",20.7723369598389
"NB","2026-09-01T08:00:00.000000",20.795991897583
"NB","2026-09-01T09:00:00.000000",20.8309478759766
"NB","2026-09-01T10:00:00.000000",20.8458995819092
"NB","2026-09-01T11:00:00.000000",20.8458995819092
"NB","2026-09-01T12:00:00.000000",20.8458995819092
"NB","2026-09-01T13:00:00.000000",20.8458995819092
"NB","2026-09-01T14:00:00.000000",20.7507305145264
"NB","2026-09-01T15:00:00.000000",20.7418651580811
"NB","2026-09-01T16:00:00.000000",20.7513408660889
"NB","2026-09-01T17:00:00.000000",20.7716732025146
"NB","2026-09-01T18:00:00.000000",20.7885112762451
"NB","2026-09-01T19:00:00.000000",20.805570602417
"NB","2026-09-01T20:00:00.000000",20.8300952911377
"NB","2026-09-01T21:00:00.000000",20.865795135498
"NB","2026-09-01T22:00:00.000000",20.8855266571045
"NB","2026-09-01T23:00:00.000000",20.8855152130127
"NB","2026-09-02T00:00:00.000000",20.8855266571045
"PC","2026-08-27T00:00:00.000000",20.0141906738281
"PC","2026-08-27T01:00:00.000000",20.5959072113037
"PC","2026-08-27T02:00:00.000000",20.7315044403076
"PC","2026-08-27T03:00:00.000000",20.7542457580566
"PC","2026-08-27T04:00:00.000000",20.775239944458
"PC","2026-08-27T05:00:00.000000",20.7711200714111
"PC","2026-08-27T06:00:00.000000",20.7686347961426
"PC","2026-08-27T07:00:00.000000",20.7711505889893
"PC","2026-08-27T08:00:00.000000",20.7713947296143
"PC","2026-08-27T09:00:00.000000",20.7714538574219
"PC","2026-08-27T10:00:00.000000",20.7715759277344
"PC","2026-08-27T11:00:00.000000",20.7716979980469
"PC","2026-08-27T12:00:00.000000",20.7718200683594
"PC","2026-08-27T13:00:00.000000",20.772008895874
"PC","2026-08-27T14:00:00.000000",20.8070335388184
"PC","2026-08-27T15:00:00.000000",20.7936611175537
"PC","2026-08-27T16:00:00.000000",20.829626083374
"PC","2026-08-27T17:00:00.000000",20.8393363952637
"PC","2026-08-27T18:00:00.000000",20.8189487457275
"PC","2026-08-27T19:00:00.000000",20.8124370574951
"PC","2026-08-27T20:00:00.000000",20.8122692108154
"PC","2026-08-27T21:00:00.000000",20.8123168945312
"PC","2026-08-27T22:00:00.000000",20.8123455047607
"PC","2026-08-27T23:00:00.000000",20.8124256134033
"PC","2026-08-28T00:00:00.000000",20.8124980926514
"PC","2026-08-28T01:00:00.000000",21.2543239593506
"PC","2026-08-28T02:00:00.000000",21.2440376281738
"PC","2026-08-28T03:00:00.000000",21.0950088500977
"PC","2026-08-28T04:00:00.000000",21.0959300994873
"PC","2026-08-28T05:00:00.000000",21.0958194732666
"PC","2026-08-28T06:00:00.000000",21.1714096069336
"PC","2026-08-28T07:00:00.000000",21.23948097229
"PC","2026-08-28T08:00:00.000000",21.2668514251709
"PC","2026-08-28T09:00:00.000000",21.2712554931641
"PC","2026-08-28T10:00:00.000000",21.272123336792
"PC","2026-08-28T11:00:00.000000",21.2724285125732
"PC","2026-08-28T12:00:00.000000",21.2723865509033
"PC","2026-08-28T13:00:00.000000",21.2726173400879
"PC","2026-08-28T14:00:00.000000",21.2686824798584
"PC","2026-08-28T15:00:00.000000",21.1870861053467
"PC","2026-08-28T16:00:00.000000",21.1692180633545
"PC","2026-08-28T17:00:00.000000",21.1831245422363
"PC","2026-08-28T18:00:00.000000",21.1764984130859
"PC","2026-08-28T19:00:00.000000",21.2050704956055
"PC","2026-08-28T20:00:00.000000",21.2390403747559
"PC","2026-08-28T21:00:00.000000",21.248083114624
"PC","2026-08-28T22:00:00.000000",21.2492923736572
"PC","2026-08-28T23:00:00.000000",21.2496185302734
"PC","2026-08-29T00:00:00.000000",21.2495574951172
"PC","2026-08-29T01:00:00.000000",20.7579574584961
"PC","2026-08-29T02:00:00.000000",20.6744194030762
"PC","2026-08-29T03:00:00.000000",20.3593673706055
"PC","2026-08-29T04:00:00.000000",20.2433128356934
"PC","2026-08-29T05:00:00.000000",20.1789531707764
"PC","2026-08-29T06:00:00.000000",20.1826171875
"PC","2026-08-29T07:00:00.000000",20.4033527374268
"PC","2026-08-29T08:00:00.000000",20.4571762084961
"PC","2026-08-29T09:00:00.000000",20.484769821167
"PC","2026-08-29T10:00:00.000000",20.490270614624
"PC","2026-08-29T11:00:00.000000",20.4926147460938
"PC","2026-08-29T12:00:00.000000",20.494421005249
"PC","2026-08-29T13:00:00.000000",20.4962520599365
"PC","2026-08-29T14:00:00.000000",20.4971904754639
"PC","2026-08-29T15:00:00.000000",20.4930171966553
"PC","2026-08-29T16:00:00.000000",20.2743663787842
"PC","2026-08-29T17:00:00.000000",20.2238998413086
"PC","2026-08-29T18:00:00.000000",20.1975078582764
"PC","2026-08-29T19:00:00.000000",20.3231029510498
"PC","2026-08-29T20:00:00.000000",20.3952770233154
"PC","2026-08-29T21:00:00.000000",20.4295024871826
"PC","2026-08-29T22:00:00.000000",20.4363460540771
"PC","2026-08-29T23:00:00.000000",20.4379901885986
"PC","2026-08-30T00:00:00.000000",20.4391536712646
"PC","2026-08-30T01:00:00.000000",20.4396991729736
"PC","2026-08-30T02:00:00.000000",20.4399452209473
"PC","2026-08-30T03:00:00.000000",20.3968334197998
"PC","2026-08-30T04:00:00.000000",20.295825958252
"PC","2026-08-30T05:00:00.000000",20.3230838775635
"PC","2026-08-30T06:00:00.000000",20.3147525787354
"PC","2026-08-30T07:00:00.000000",20.3084621429443
"PC","2026-08-30T08:00:00.000000",20.3506641387939
"PC","2026-08-30T09:00:00.000000",20.3612880706787
"PC","2026-08-30T10:00:00.000000",20.3629512786865
"PC","2026-08-30T11:00:00.000000",20.3633556365967
"PC","2026-08-30T12:00:00.000000",20.3637065887451
"PC","2026-08-30T13:00:00.000000",20.3639526367188
"PC","2026-08-30T14:00:00.000000",20.3640727996826
"PC","2026-08-30T15:00:00.000000",20.368070602417
"PC","2026-08-30T16:00:00.000000",20.3601570129395
"PC","2026-08-30T17:00:00.000000",20.3816680908203
"PC","2026-08-30T18:00:00.000000",20.387113571167
"PC","2026-08-30T19:00:00.000000",20.3775501251221
"PC","2026-08-30T20:00:00.000000",20.3702869415283
"PC","2026-08-30T21:00:00.000000",20.3794841766357
"PC","2026-08-30T22:00:00.000000",20.381103515625
"PC","2026-08-30T23:00:00.000000",20.3811817169189
"PC","2026-08-31T00:00:00.000000",20.381196975708
"PC","2026-08-31T01:00:00.000000",20.3811931610107
"PC","2026-08-31T02:00:00.000000",20.38134765625
"PC","2026-08-31T03:00:00.000000",20.381217956543
"PC","2026-08-31T04:00:00.000000",20.4035148620605
"PC","2026-08-31T05:00:00.000000",20.4358043670654
"PC","2026-08-31T06:00:00.000000",20.4830799102783
"PC","2026-08-31T07:00:00.000000",20.4681644439697
"PC","2026-08-31T08:00:00.000000",20.4130878448486
"PC","2026-08-31T09:00:00.000000",20.4062957763672
"PC","2026-08-31T10:00:00.000000",20.4064521789551
"PC","2026-08-31T11:00:00.000000",20.4065837860107
"PC","2026-08-31T12:00:00.000000",20.4067993164062
"PC","2026-08-31T13:00:00.000000",20.4070014953613
"PC","2026-08-31T14:00:00.000000",20.4070739746094
"PC","2026-08-31T15:00:00.000000",20.4071407318115
"PC","2026-08-31T16:00:00.000000",20.4875507354736
"PC","2026-08-31T17:00:00.000000",20.5949573516846
"PC","2026-08-31T18:00:00.000000",20.6752796173096
"PC","2026-08-31T19:00:00.000000",20.6775207519531
"PC","2026-08-31T20:00:00.000000",20.6381664276123
"PC","2026-08-31T21:00:00.000000",20.5279788970947
"PC","2026-08-31T22:00:00.000000",20.520414352417
"PC","2026-08-31T23:00:00.000000",20.5167980194092
"PC","2026-09-01T00:00:00.000000",20.516508102417
"PC","2026-09-01T01:00:00.000000",20.5165100097656
"PC","2026-09-01T02:00:00.000000",20.5165100097656
"PC","2026-09-01T03:00:00.000000",20.5165100097656
"PC","2026-09-01T04:00:00.000000",20.5300674438477
"PC","2026-09-01T05:00:00.000000",20.5577869415283
"PC","2026-09-01T06:00:00.000000",20.6722984313965
"PC","2026-09-01T07:00:00.000000",20.7147674560547
"PC","2026-09-01T08:00:00.000000",20.6777610778809
"PC","2026-09-01T09:00:00.000000",20.5688877105713
"PC","2026-09-01T10:00:00.000000",20.5564231872559
"PC","2026-09-01T11:00:00.000000",20.5548839569092
"PC","2026-09-01T12:00:00.000000",20.5542602539062
"PC","2026-09-01T13:00:00.000000",20.554220199585
"PC","2026-09-01T14:00:00.000000",20.5542278289795
"PC","2026-09-01T15:00:00.000000",20.5542297363281
"PC","2026-09-01T16:00:00.000000",20.565299987793
"PC","2026-09-01T17:00:00.000000",20.588062286377
"PC","2026-09-01T18:00:00.000000",20.6956062316895
"PC","2026-09-01T19:00:00.000000",20.7590942382812
"PC","2026-09-01T20:00:00.000000",20.739429473877
"PC","2026-09-01T21:00:00.000000",20.654956817627
"PC","2026-09-01T22:00:00.000000",20.5910091400146
"PC","2026-09-01T23:00:00.000000",20.5904235839844
"PC","2026-09-02T00:00:00.000000",20.5897216796875
"PV","2026-08-27T00:00:00.000000",19.8486747741699
"PV","2026-08-27T01:00:00.000000",19.9114894866943
"PV","2026-08-27T02:00:00.000000",19.9354286193848
"PV","2026-08-27T03:00:00.000000",19.9426555633545
"PV","2026-08-27T04:00:00.000000",19.9490032196045
"PV","2026-08-27T05:00:00.000000",19.9621410369873
"PV","2026-08-27T06:00:00.000000",19.9784278869629
"PV","2026-08-27T07:00:00.000000",19.9909992218018
"PV","2026-08-27T08:00:00.000000",19.9918384552002
"PV","2026-08-27T09:00:00.000000",19.9966278076172
"PV","2026-08-27T10:00:00.000000",19.9938945770264
"PV","2026-08-27T11:00:00.000000",19.9857082366943
"PV","2026-08-27T12:00:00.000000",19.9993495941162
"PV","2026-08-27T13:00:00.000000",20.0112819671631
"PV","2026-08-27T14:00:00.000000",20.017297744751
"PV","2026-08-27T15:00:00.000000",20.0221004486084
"PV","2026-08-27T16:00:00.000000",20.0353336334229
"PV","2026-08-27T17:00:00.000000",20.0765285491943
"PV","2026-08-27T18:00:00.000000",20.1138706207275
"PV","2026-08-27T19:00:00.000000",20.1339054107666
"PV","2026-08-27T20:00:00.000000",20.136438369751
"PV","2026-08-27T21:00:00.000000",20.157657623291
"PV","2026-08-27T22:00:00.000000",20.2140331268311
"PV","2026-08-27T23:00:00.000000",20.2611560821533
"PV","2026-08-28T00:00:00.000000",20.2862186431885
"PV","2026-08-28T01:00:00.000000",20.2615795135498
"PV","2026-08-28T02:00:00.000000",20.2499847412109
"PV","2026-08-28T03:00:00.000000",20.2463722229004
"PV","2026-08-28T04:00:00.000000",20.2372894287109
"PV","2026-08-28T05:00:00.000000",20.2137508392334
"PV","2026-08-28T06:00:00.000000",20.2065963745117
"PV","2026-08-28T07:00:00.000000",20.2149295806885
"PV","2026-08-28T08:00:00.000000",20.2243518829346
"PV","2026-08-28T09:00:00.000000",20.2334041595459
"PV","2026-08-28T10:00:00.000000",20.2474632263184
"PV","2026-08-28T11:00:00.000000",20.2231693267822
"PV","2026-08-28T12:00:00.000000",20.2153072357178
"PV","2026-08-28T13:00:00.000000",20.2154273986816
"PV","2026-08-28T14:00:00.000000",20.2121162414551
"PV","2026-08-28T15:00:00.000000",20.2051525115967
"PV","2026-08-28T16:00:00.000000",20.2045955657959
"PV","2026-08-28T17:00:00.000000",20.2370548248291
"PV","2026-08-28T18:00:00.000000",20.2721672058105
"PV","2026-08-28T19:00:00.000000",20.2869682312012
"PV","2026-08-28T20:00:00.000000",20.2975673675537
"PV","2026-08-28T21:00:00.000000",20.314847946167
"PV","2026-08-28T22:00:00.000000",20.3626499176025
"PV","2026-08-28T23:00:00.000000",20.3957271575928
"PV","2026-08-29T00:00:00.000000",20.4033241271973
"PV","2026-08-29T01:00:00.000000",20.2234401702881
"PV","2026-08-29T02:00:00.000000",20.0598049163818
"PV","2026-08-29T03:00:00.000000",20.0071563720703
"PV","2026-08-29T04:00:00.000000",20.008617401123
"PV","2026-08-29T05:00:00.000000",19.9868183135986
"PV","2026-08-29T06:00:00.000000",19.985725402832
"PV","2026-08-29T07:00:00.000000",19.9973735809326
"PV","2026-08-29T08:00:00.000000",20.0064487457275
"PV","2026-08-29T09:00:00.000000",20.0004291534424
"PV","2026-08-29T10:00:00.000000",20.0201625823975
"PV","2026-08-29T11:00:00.000000",20.0201625823975
"PV","2026-08-29T12:00:00.000000",20.0022640228271
"PV","2026-08-29T13:00:00.000000",20.0113220214844
"PV","2026-08-29T14:00:00.000000",20.0224876403809
"PV","2026-08-29T15:00:00.000000",20.033634185791
"PV","2026-08-29T16:00:00.000000",20.0451469421387
"PV","2026-08-29T17:00:00.000000",20.0532836914062
"PV","2026-08-29T18:00:00.000000",20.0968914031982
"PV","2026-08-29T19:00:00.000000",20.142822265625
"PV","2026-08-29T20:00:00.000000",20.1746349334717
"PV","2026-08-29T21:00:00.000000",20.1949005126953
"PV","2026-08-29T22:00:00.000000",20.2328395843506
"PV","2026-08-29T23:00:00.000000",20.2328395843506
"PV","2026-08-30T00:00:00.000000",20.3024005889893
"PV","2026-08-30T01:00:00.000000",20.3009910583496
"PV","2026-08-30T02:00:00.000000",20.2930507659912
"PV","2026-08-30T03:00:00.000000",20.2802486419678
"PV","2026-08-30T04:00:00.000000",20.2679901123047
"PV","2026-08-30T05:00:00.000000",20.2410488128662
"PV","2026-08-30T06:00:00.000000",20.1966381072998
"PV","2026-08-30T07:00:00.000000",20.2055587768555
"PV","2026-08-30T08:00:00.000000",20.2269325256348
"PV","2026-08-30T09:00:00.000000",20.2481365203857
"PV","2026-08-30T10:00:00.000000",20.2481346130371
"PV","2026-08-30T11:00:00.000000",20.2481346130371
"PV","2026-08-30T12:00:00.000000",20.2481346130371
"PV","2026-08-30T13:00:00.000000",20.2480278015137
"PV","2026-08-30T14:00:00.000000",20.2543163299561
"PV","2026-08-30T15:00:00.000000",20.2591247558594
"PV","2026-08-30T16:00:00.000000",20.2608852386475
"PV","2026-08-30T17:00:00.000000",20.2569694519043
"PV","2026-08-30T18:00:00.000000",20.3000736236572
"PV","2026-08-30T19:00:00.000000",20.3630428314209
"PV","2026-08-30T20:00:00.000000",20.3911418914795
"PV","2026-08-30T21:00:00.000000",20.3959331512451
"PV","2026-08-30T22:00:00.000000",20.4169464111328
"PV","2026-08-30T23:00:00.000000",20.4337005615234
"PV","2026-08-31T00:00:00.000000",20.4337005615234
"PV","2026-08-31T01:00:00.000000",20.4611587524414
"PV","2026-08-31T02:00:00.000000",20.4600639343262
"PV","2026-08-31T03:00:00.000000",20.4498348236084
"PV","2026-08-31T04:00:00.000000",20.4359035491943
"PV","2026-08-31T05:00:00.000000",20.4224128723145
"PV","2026-08-31T06:00:00.000000",20.4027347564697
"PV","2026-08-31T07:00:00.000000",20.3586235046387
"PV","2026-08-31T08:00:00.000000",20.379415512085
"PV","2026-08-31T09:00:00.000000",20.4123649597168
"PV","2026-08-31T10:00:00.000000",20.4291973114014
"PV","2026-08-31T11:00:00.000000",20.4291954040527
"PV","2026-08-31T12:00:00.000000",20.4291954040527
"PV","2026-08-31T13:00:00.000000",20.3997077941895
"PV","2026-08-31T14:00:00.000000",20.3865833282471
"PV","2026-08-31T15:00:00.000000",20.3900699615479
"PV","2026-08-31T16:00:00.000000",20.3901271820068
"PV","2026-08-31T17:00:00.000000",20.3986949920654
"PV","2026-08-31T18:00:00.000000",20.4107208251953
"PV","2026-08-31T19:00:00.000000",20.4447612762451
"PV","2026-08-31T20:00:00.000000",20.5078639984131
"PV","2026-08-31T21:00:00.000000",20.5498008728027
"PV","2026-08-31T22:00:00.000000",20.5865535736084
"PV","2026-08-31T23:00:00.000000",20.6379985809326
"PV","2026-09-01T00:00:00.000000",20.6379985809326
"PV","2026-09-01T01:00:00.000000",20.6379985809326
"PV","2026-09-01T02:00:00.000000",20.6379985809326
"PV","2026-09-01T03:00:00.000000",20.6379985809326
"PV","2026-09-01T04:00:00.000000",20.6336975097656
"PV","2026-09-01T05:00:00.000000",20.6284046173096
"PV","2026-09-01T06:00:00.000000",20.6190128326416
"PV","2026-09-01T07:00:00.000000",20.5815334320068
"PV","2026-09-01T08:00:00.000000",20.5462627410889
"PV","2026-09-01T09:00:00.000000",20.555850982666
"PV","2026-09-01T10:00:00.000000",20.5847625732422
"PV","2026-09-01T11:00:00.000000",20.6214580535889
"PV","2026-09-01T12:00:00.000000",20.6214580535889
"PV","2026-09-01T13:00:00.000000",20.6214580535889
"PV","2026-09-01T14:00:00.000000",20.5979061126709
"PV","2026-09-01T15:00:00.000000",20.5939140319824
"PV","2026-09-01T16:00:00.000000",20.5913391113281
"PV","2026-09-01T17:00:00.000000",20.5805740356445
"PV","2026-09-01T18:00:00.000000",20.5737762451172
"PV","2026-09-01T19:00:00.000000",20.5827941894531
"PV","2026-09-01T20:00:00.000000",20.581750869751
"PV","2026-09-01T21:00:00.000000",20.6000823974609
"PV","2026-09-01T22:00:00.000000",20.6113529205322
"PV","2026-09-01T23:00:00.000000",20.6159992218018
"PV","2026-09-02T00:00:00.000000",20.6159992218018
"SH","2026-08-27T00:00:00.000000",20.1778678894043
"SH","2026-08-27T01:00:00.000000",20.2272987365723
"SH","2026-08-27T02:00:00.000000",20.2811183929443
"SH","2026-08-27T03:00:00.000000",20.3223361968994
"SH","2026-08-27T04:00:00.000000",20.3197154998779
"SH","2026-08-27T05:00:00.000000",20.2991390228271
"SH","2026-08-27T06:00:00.000000",20.3218727111816
"SH","2026-08-27T07:00:00.000000",20.348991394043
"SH","2026-08-27T08:00:00.000000",20.364107131958
"SH","2026-08-27T09:00:00.000000",20.3602390289307
"SH","2026-08-27T10:00:00.000000",20.3602390289307
"SH","2026-08-27T11:00:00.000000",20.3602390289307
"SH","2026-08-27T12:00:00.000000",20.3901519775391
"SH","2026-08-27T13:00:00.000000",20.4214363098145
"SH","2026-08-27T14:00:00.000000",20.447790145874
"SH","2026-08-27T15:00:00.000000",20.4822044372559
"SH","2026-08-27T16:00:00.000000",20.5137557983398
"SH","2026-08-27T17:00:00.000000",20.5373058319092
"SH","2026-08-27T18:00:00.000000",20.5668907165527
"SH","2026-08-27T19:00:00.000000",20.5649280548096
"SH","2026-08-27T20:00:00.000000",20.5591449737549
"SH","2026-08-27T21:00:00.000000",20.5712566375732
"SH","2026-08-27T22:00:00.000000",20.5645847320557
"SH","2026-08-27T23:00:00.000000",20.581033706665
"SH","2026-08-28T00:00:00.000000",20.7454586029053
"SH","2026-08-28T01:00:00.000000",20.6864032745361
"SH","2026-08-28T02:00:00.000000",20.5565967559814
"SH","2026-08-28T03:00:00.000000",20.5527877807617
"SH","2026-08-28T04:00:00.000000",20.6028728485107
"SH","2026-08-28T05:00:00.000000",20.6777400970459
"SH","2026-08-28T06:00:00.000000",20.7113094329834
"SH","2026-08-28T07:00:00.000000",20.7124080657959
"SH","2026-08-28T08:00:00.000000",20.6943798065186
"SH","2026-08-28T09:00:00.000000",20.6772136688232
"SH","2026-08-28T10:00:00.000000",20.6756477355957
"SH","2026-08-28T11:00:00.000000",20.6756477355957
"SH","2026-08-28T12:00:00.000000",20.7090549468994
"SH","2026-08-28T13:00:00.000000",20.7138500213623
"SH","2026-08-28T14:00:00.000000",20.6919956207275
"SH","2026-08-28T15:00:00.000000",20.6602382659912
"SH","2026-08-28T16:00:00.000000",20.6723480224609
"SH","2026-08-28T17:00:00.000000",20.7061824798584
"SH","2026-08-28T18:00:00.000000",20.7718906402588
"SH","2026-08-28T19:00:00.000000",20.8095264434814
"SH","2026-08-28T20:00:00.000000",20.7929306030273
"SH","2026-08-28T21:00:00.000000",20.8146457672119
"SH","2026-08-28T22:00:00.000000",20.805347442627
"SH","2026-08-28T23:00:00.000000",20.805347442627
"SH","2026-08-29T00:00:00.000000",20.8077831268311
"SH","2026-08-29T01:00:00.000000",20.5144500732422
"SH","2026-08-29T02:00:00.000000",20.2356433868408
"SH","2026-08-29T03:00:00.000000",20.0610084533691
"SH","2026-08-29T04:00:00.000000",20.0356464385986
"SH","2026-08-29T05:00:00.000000",20.0321941375732
"SH","2026-08-29T06:00:00.000000",20.012020111084
"SH","2026-08-29T07:00:00.000000",20.0543880462646
"SH","2026-08-29T08:00:00.000000",20.0981349945068
"SH","2026-08-29T09:00:00.000000",20.2021236419678
"SH","2026-08-29T10:00:00.000000",20.2037200927734
"SH","2026-08-29T11:00:00.000000",20.2037200927734
"SH","2026-08-29T12:00:00.000000",20.2037200927734
"SH","2026-08-29T13:00:00.000000",20.2038764953613
"SH","2026-08-29T14:00:00.000000",20.2467479705811
"SH","2026-08-29T15:00:00.000000",20.3052368164062
"SH","2026-08-29T16:00:00.000000",20.3591861724854
"SH","2026-08-29T17:00:00.000000",20.3799571990967
"SH","2026-08-29T18:00:00.000000",20.3510494232178
"SH","2026-08-29T19:00:00.000000",20.3533115386963
"SH","2026-08-29T20:00:00.000000",20.3581295013428
"SH","2026-08-29T21:00:00.000000",20.3935146331787
"SH","2026-08-29T22:00:00.000000",20.3940925598145
"SH","2026-08-29T23:00:00.000000",20.3940925598145
"SH","2026-08-30T00:00:00.000000",20.3940925598145
"SH","2026-08-30T01:00:00.000000",20.5101070404053
"SH","2026-08-30T02:00:00.000000",20.552640914917
"SH","2026-08-30T03:00:00.000000",20.552640914917
"SH","2026-08-30T04:00:00.000000",20.552640914917
"SH","2026-08-30T05:00:00.000000",20.5507621765137
"SH","2026-08-30T06:00:00.000000",20.515645980835
"SH","2026-08-30T07:00:00.000000",20.5300273895264
"SH","2026-08-30T08:00:00.000000",20.5514278411865
"SH","2026-08-30T09:00:00.000000",20.5513668060303
"SH","2026-08-30T10:00:00.000000",20.5513172149658
"SH","2026-08-30T11:00:00.000000",20.5505428314209
"SH","2026-08-30T12:00:00.000000",20.5505428314209
"SH","2026-08-30T13:00:00.000000",20.5505428314209
"SH","2026-08-30T14:00:00.000000",20.5514354705811
"SH","2026-08-30T15:00:00.000000",20.5514373779297
"SH","2026-08-30T16:00:00.000000",20.5695323944092
"SH","2026-08-30T17:00:00.000000",20.5957012176514
"SH","2026-08-30T18:00:00.000000",20.6061763763428
"SH","2026-08-30T19:00:00.000000",20.6442317962646
"SH","2026-08-30T20:00:00.000000",20.6653118133545
"SH","2026-08-30T21:00:00.000000",20.6652660369873
"SH","2026-08-30T22:00:00.000000",20.6652412414551
"SH","2026-08-30T23:00:00.000000",20.6651000976562
"SH","2026-08-31T00:00:00.000000",20.6651000976562
"SH","2026-08-31T01:00:00.000000",20.6651000976562
"SH","2026-08-31T02:00:00.000000",20.7468891143799
"SH","2026-08-31T03:00:00.000000",20.7607040405273
"SH","2026-08-31T04:00:00.000000",20.7606582641602
"SH","2026-08-31T05:00:00.000000",20.756175994873
"SH","2026-08-31T06:00:00.000000",20.7522716522217
"SH","2026-08-31T07:00:00.000000",20.7103691101074
"SH","2026-08-31T08:00:00.000000",20.7516536712646
"SH","2026-08-31T09:00:00.000000",20.7541179656982
"SH","2026-08-31T10:00:00.000000",20.7540225982666
"SH","2026-08-31T11:00:00.000000",20.7540073394775
"SH","2026-08-31T12:00:00.000000",20.7540073394775
"SH","2026-08-31T13:00:00.000000",20.7540073394775
"SH","2026-08-31T14:00:00.000000",20.7687892913818
"SH","2026-08-31T15:00:00.000000",20.7861289978027
"SH","2026-08-31T16:00:00.000000",20.8069438934326
"SH","2026-08-31T17:00:00.000000",20.868091583252
"SH","2026-08-31T18:00:00.000000",20.922643661499
"SH","2026-08-31T19:00:00.000000",20.9100170135498
"SH","2026-08-31T20:00:00.000000",20.9234886169434
"SH","2026-08-31T21:00:00.000000",20.9274044036865
"SH","2026-08-31T22:00:00.000000",20.9272403717041
"SH","2026-08-31T23:00:00.000000",20.9272041320801
"SH","2026-09-01T00:00:00.000000",20.9272041320801
"SH","2026-09-01T01:00:00.000000",20.9272041320801
"SH","2026-09-01T02:00:00.000000",20.9272041320801
"SH","2026-09-01T03:00:00.000000",20.9435405731201
"SH","2026-09-01T04:00:00.000000",20.9645862579346
"SH","2026-09-01T05:00:00.000000",20.9369525909424
"SH","2026-09-01T06:00:00.000000",20.925464630127
"SH","2026-09-01T07:00:00.000000",20.8984413146973
"SH","2026-09-01T08:00:00.000000",20.8749599456787
"SH","2026-09-01T09:00:00.000000",20.9209537506104
"SH","2026-09-01T10:00:00.000000",20.9211025238037
"SH","2026-09-01T11:00:00.000000",20.9210529327393
"SH","2026-09-01T12:00:00.000000",20.9208202362061
"SH","2026-09-01T13:00:00.000000",20.9208202362061
"SH","2026-09-01T14:00:00.000000",20.9173641204834
"SH","2026-09-01T15:00:00.000000",20.9792385101318
"SH","2026-09-01T16:00:00.000000",20.9836406707764
"SH","2026-09-01T17:00:00.000000",20.9721813201904
"SH","2026-09-01T18:00:00.000000",20.9770793914795
"SH","2026-09-01T19:00:00.000000",20.9770793914795
"SH","2026-09-01T20:00:00.000000",20.9658622741699
"SH","2026-09-01T21:00:00.000000",20.980432510376
"SH","2026-09-01T22:00:00.000000",20.981071472168
"SH","2026-09-01T23:00:00.000000",20.981273651123
"SH","2026-09-02T00:00:00.000000",20.9812793731689
"WB","2026-08-27T00:00:00.000000",20.2315444946289
"WB","2026-08-27T01:00:00.000000",20.4117183685303
"WB","2026-08-27T02:00:00.000000",20.4589614868164
"WB","2026-08-27T03:00:00.000000",20.4669704437256
"WB","2026-08-27T04:00:00.000000",20.4647064208984
"WB","2026-08-27T05:00:00.000000",20.473669052124
"WB","2026-08-27T06:00:00.000000",20.4972114562988
"WB","2026-08-27T07:00:00.000000",20.5142917633057
"WB","2026-08-27T08:00:00.000000",20.5287952423096
"WB","2026-08-27T09:00:00.000000",20.5340995788574
"WB","2026-08-27T10:00:00.000000",20.5359516143799
"WB","2026-08-27T11:00:00.000000",20.5362949371338
"WB","2026-08-27T12:00:00.000000",20.5216445922852
"WB","2026-08-27T13:00:00.000000",20.49853515625
"WB","2026-08-27T14:00:00.000000",20.4783573150635
"WB","2026-08-27T15:00:00.000000",20.474666595459
"WB","2026-08-27T16:00:00.000000",20.5056247711182
"WB","2026-08-27T17:00:00.000000",20.5907707214355
"WB","2026-08-27T18:00:00.000000",20.6401348114014
"WB","2026-08-27T19:00:00.000000",20.6873989105225
"WB","2026-08-27T20:00:00.000000",20.7219142913818
"WB","2026-08-27T21:00:00.000000",20.7387752532959
"WB","2026-08-27T22:00:00.000000",20.7530708312988
"WB","2026-08-27T23:00:00.000000",20.7774906158447
"WB","2026-08-28T00:00:00.000000",20.7957172393799
"WB","2026-08-28T01:00:00.000000",20.1624908447266
"WB","2026-08-28T02:00:00.000000",19.9840335845947
"WB","2026-08-28T03:00:00.000000",19.9835777282715
"WB","2026-08-28T04:00:00.000000",19.9813327789307
"WB","2026-08-28T05:00:00.000000",19.9805488586426
"WB","2026-08-28T06:00:00.000000",19.984691619873
"WB","2026-08-28T07:00:00.000000",19.9853267669678
"WB","2026-08-28T08:00:00.000000",19.9912300109863
"WB","2026-08-28T09:00:00.000000",19.9936847686768
"WB","2026-08-28T10:00:00.000000",19.9932231903076
"WB","2026-08-28T11:00:00.000000",19.9954071044922
"WB","2026-08-28T12:00:00.000000",19.9973583221436
"WB","2026-08-28T13:00:00.000000",19.9971141815186
"WB","2026-08-28T14:00:00.000000",20.0006771087646
"WB","2026-08-28T15:00:00.000000",20.0075225830078
"WB","2026-08-28T16:00:00.000000",20.0166759490967
"WB","2026-08-28T17:00:00.000000",20.1054019927979
"WB","2026-08-28T18:00:00.000000",20.1564846038818
"WB","2026-08-28T19:00:00.000000",20.2049808502197
"WB","2026-08-28T20:00:00.000000",20.2414836883545
"WB","2026-08-28T21:00:00.000000",20.2548694610596
"WB","2026-08-28T22:00:00.000000",20.2626781463623
"WB","2026-08-28T23:00:00.000000",20.2816734313965
"WB","2026-08-29T00:00:00.000000",20.3136081695557
"WB","2026-08-29T01:00:00.000000",20.0347385406494
"WB","2026-08-29T02:00:00.000000",19.9107322692871
"WB","2026-08-29T03:00:00.000000",19.881856918335
"WB","2026-08-29T04:00:00.000000",19.8839950561523
"WB","2026-08-29T05:00:00.000000",19.9155979156494
"WB","2026-08-29T06:00:00.000000",19.9207572937012
"WB","2026-08-29T07:00:00.000000",19.9220657348633
"WB","2026-08-29T08:00:00.000000",19.9280834197998
"WB","2026-08-29T09:00:00.000000",19.9323215484619
"WB","2026-08-29T10:00:00.000000",19.9344539642334
"WB","2026-08-29T11:00:00.000000",19.9380359649658
"WB","2026-08-29T12:00:00.000000",19.9083614349365
"WB","2026-08-29T13:00:00.000000",19.8865642547607
"WB","2026-08-29T14:00:00.000000",19.8687515258789
"WB","2026-08-29T15:00:00.000000",19.8588256835938
"WB","2026-08-29T16:00:00.000000",19.8616981506348
"WB","2026-08-29T17:00:00.000000",19.8553028106689
"WB","2026-08-29T18:00:00.000000",19.9083213806152
"WB","2026-08-29T19:00:00.000000",19.9939308166504
"WB","2026-08-29T20:00:00.000000",20.0594387054443
"WB","2026-08-29T21:00:00.000000",20.1013927459717
"WB","2026-08-29T22:00:00.000000",20.1231536865234
"WB","2026-08-29T23:00:00.000000",20.1360492706299
"WB","2026-08-30T00:00:00.000000",20.1399269104004
"WB","2026-08-30T01:00:00.000000",20.1187934875488
"WB","2026-08-30T02:00:00.000000",20.1072483062744
"WB","2026-08-30T03:00:00.000000",20.1075191497803
"WB","2026-08-30T04:00:00.000000",20.1221408843994
"WB","2026-08-30T05:00:00.000000",20.1383819580078
"WB","2026-08-30T06:00:00.000000",20.1380310058594
"WB","2026-08-30T07:00:00.000000",20.1213264465332
"WB","2026-08-30T08:00:00.000000",20.1120433807373
"WB","2026-08-30T09:00:00.000000",20.1192398071289
"WB","2026-08-30T10:00:00.000000",20.1330242156982
"WB","2026-08-30T11:00:00.000000",20.1322898864746
"WB","2026-08-30T12:00:00.000000",20.1308269500732
"WB","2026-08-30T13:00:00.000000",20.1095867156982
"WB","2026-08-30T14:00:00.000000",20.0828857421875
"WB","2026-08-30T15:00:00.000000",20.0659790039062
"WB","2026-08-30T16:00:00.000000",20.0617771148682
"WB","2026-08-30T17:00:00.000000",20.0658893585205
"WB","2026-08-30T18:00:00.000000",20.110689163208
"WB","2026-08-30T19:00:00.000000",20.1760292053223
"WB","2026-08-30T20:00:00.000000",20.2453212738037
"WB","2026-08-30T21:00:00.000000",20.2664432525635
"WB","2026-08-30T22:00:00.000000",20.2726573944092
"WB","2026-08-30T23:00:00.000000",20.2774658203125
"WB","2026-08-31T00:00:00.000000",20.2873573303223
"WB","2026-08-31T01:00:00.000000",20.3039684295654
"WB","2026-08-31T02:00:00.000000",20.3086585998535
"WB","2026-08-31T03:00:00.000000",20.3093566894531
"WB","2026-08-31T04:00:00.000000",20.3068675994873
"WB","2026-08-31T05:00:00.000000",20.3074703216553
"WB","2026-08-31T06:00:00.000000",20.3202266693115
"WB","2026-08-31T07:00:00.000000",20.3178577423096
"WB","2026-08-31T08:00:00.000000",20.3055973052979
"WB","2026-08-31T09:00:00.000000",20.3065967559814
"WB","2026-08-31T10:00:00.000000",20.3126430511475
"WB","2026-08-31T11:00:00.000000",20.3169193267822
"WB","2026-08-31T12:00:00.000000",20.3256511688232
"WB","2026-08-31T13:00:00.000000",20.3221912384033
"WB","2026-08-31T14:00:00.000000",20.3243198394775
"WB","2026-08-31T15:00:00.000000",20.3304004669189
"WB","2026-08-31T16:00:00.000000",20.3514766693115
"WB","2026-08-31T17:00:00.000000",20.4064178466797
"WB","2026-08-31T18:00:00.000000",20.4260692596436
"WB","2026-08-31T19:00:00.000000",20.3888244628906
"WB","2026-08-31T20:00:00.000000",20.4699192047119
"WB","2026-08-31T21:00:00.000000",20.6201057434082
"WB","2026-08-31T22:00:00.000000",20.6875896453857
"WB","2026-08-31T23:00:00.000000",20.714262008667
"WB","2026-09-01T00:00:00.000000",20.7243156433105
"WB","2026-09-01T01:00:00.000000",20.7414989471436
"WB","2026-09-01T02:00:00.000000",20.6969947814941
"WB","2026-09-01T03:00:00.000000",20.6727733612061
"WB","2026-09-01T04:00:00.000000",20.6614398956299
"WB","2026-09-01T05:00:00.000000",20.6511974334717
"WB","2026-09-01T06:00:00.000000",20.6955432891846
"WB","2026-09-01T07:00:00.000000",20.7203502655029
"WB","2026-09-01T08:00:00.000000",20.6981410980225
"WB","2026-09-01T09:00:00.000000",20.694149017334
"WB","2026-09-01T10:00:00.000000",20.7117080688477
"WB","2026-09-01T11:00:00.000000",20.7426128387451
"WB","2026-09-01T12:00:00.000000",20.7503795623779
"WB","2026-09-01T13:00:00.000000",20.749475479126
"WB","2026-09-01T14:00:00.000000",20.7346878051758
"WB","2026-09-01T15:00:00.000000",20.702054977417
"WB","2026-09-01T16:00:00.000000",20.6610908508301
"WB","2026-09-01T17:00:00.000000",20.6361026763916
"WB","2026-09-01T18:00:00.000000",20.6322460174561
"WB","2026-09-01T19:00:00.000000",20.6528720855713
"WB","2026-09-01T20:00:00.000000",20.6854133605957
"WB","2026-09-01T21:00:00.000000",20.7080688476562
"WB","2026-09-01T22:00:00.000000",20.7436809539795
"WB","2026-09-01T23:00:00.000000",20.7633876800537
"WB","2026-09-02T00:00:00.000000",20.7677211761475
"CC","2026-08-27T00:00:00.000000",23.170446395874
"CC","2026-08-27T01:00:00.000000",23.4836292266846
"CC","2026-08-27T02:00:00.000000",23.5325775146484
"CC","2026-08-27T03:00:00.000000",23.5230579376221
"CC","2026-08-27T04:00:00.000000",23.5206604003906
"CC","2026-08-27T05:00:00.000000",23.5143203735352
"CC","2026-08-27T06:00:00.000000",23.5039768218994
"CC","2026-08-27T07:00:00.000000",23.4939403533936
"CC","2026-08-27T08:00:00.000000",23.4820957183838
"CC","2026-08-27T09:00:00.000000",23.4712028503418
"CC","2026-08-27T10:00:00.000000",23.4649028778076
"CC","2026-08-27T11:00:00.000000",23.4737796783447
"CC","2026-08-27T12:00:00.000000",23.5160140991211
"CC","2026-08-27T13:00:00.000000",23.5787048339844
"CC","2026-08-27T14:00:00.000000",23.6679630279541
"CC","2026-08-27T15:00:00.000000",23.783748626709
"CC","2026-08-27T16:00:00.000000",23.8488731384277
"CC","2026-08-27T17:00:00.000000",23.913501739502
"CC","2026-08-27T18:00:00.000000",23.9707088470459
"CC","2026-08-27T19:00:00.000000",24.0046920776367
"CC","2026-08-27T20:00:00.000000",24.0308818817139
"CC","2026-08-27T21:00:00.000000",24.020336151123
"CC","2026-08-27T22:00:00.000000",24.0170879364014
"CC","2026-08-27T23:00:00.000000",23.996374130249
"CC","2026-08-28T00:00:00.000000",23.974781036377
"CC","2026-08-28T01:00:00.000000",23.4568004608154
"CC","2026-08-28T02:00:00.000000",23.3852634429932
"CC","2026-08-28T03:00:00.000000",23.3853454589844
"CC","2026-08-28T04:00:00.000000",23.3860645294189
"CC","2026-08-28T05:00:00.000000",23.3864688873291
"CC","2026-08-28T06:00:00.000000",23.4037246704102
"CC","2026-08-28T07:00:00.000000",23.3950614929199
"CC","2026-08-28T08:00:00.000000",23.3959140777588
"CC","2026-08-28T09:00:00.000000",23.4028625488281
"CC","2026-08-28T10:00:00.000000",23.3967685699463
"CC","2026-08-28T11:00:00.000000",23.3950958251953
"CC","2026-08-28T12:00:00.000000",23.4140033721924
"CC","2026-08-28T13:00:00.000000",23.4498023986816
"CC","2026-08-28T14:00:00.000000",23.5083179473877
"CC","2026-08-28T15:00:00.000000",23.5981140136719
"CC","2026-08-28T16:00:00.000000",23.6636276245117
"CC","2026-08-28T17:00:00.000000",23.7466945648193
"CC","2026-08-28T18:00:00.000000",23.8152542114258
"CC","2026-08-28T19:00:00.000000",23.8252906799316
"CC","2026-08-28T20:00:00.000000",23.838939666748
"CC","2026-08-28T21:00:00.000000",23.8321495056152
"CC","2026-08-28T22:00:00.000000",23.8144092559814
"CC","2026-08-28T23:00:00.000000",23.7730484008789
"CC","2026-08-29T00:00:00.000000",23.7396183013916
"CC","2026-08-29T01:00:00.000000",23.2303981781006
"CC","2026-08-29T02:00:00.000000",23.1555690765381
"CC","2026-08-29T03:00:00.000000",23.1551532745361
"CC","2026-08-29T04:00:00.000000",23.1558837890625
"CC","2026-08-29T05:00:00.000000",23.1511573791504
"CC","2026-08-29T06:00:00.000000",23.1363410949707
"CC","2026-08-29T07:00:00.000000",23.1195430755615
"CC","2026-08-29T08:00:00.000000",23.0973224639893
"CC","2026-08-29T09:00:00.000000",23.0734310150146
"CC","2026-08-29T10:00:00.000000",23.0493850708008
"CC","2026-08-29T11:00:00.000000",23.0358200073242
"CC","2026-08-29T12:00:00.000000",23.043758392334
"CC","2026-08-29T13:00:00.000000",23.0716495513916
"CC","2026-08-29T14:00:00.000000",23.1416702270508
"CC","2026-08-29T15:00:00.000000",23.272554397583
"CC","2026-08-29T16:00:00.000000",23.3708953857422
"CC","2026-08-29T17:00:00.000000",23.4695091247559
"CC","2026-08-29T18:00:00.000000",23.5472602844238
"CC","2026-08-29T19:00:00.000000",23.5640506744385
"CC","2026-08-29T20:00:00.000000",23.5711154937744
"CC","2026-08-29T21:00:00.000000",23.5590400695801
"CC","2026-08-29T22:00:00.000000",23.5451545715332
"CC","2026-08-29T23:00:00.000000",23.5155258178711
"CC","2026-08-30T00:00:00.000000",23.4641666412354
"CC","2026-08-30T01:00:00.000000",23.4579200744629
"CC","2026-08-30T02:00:00.000000",23.4474296569824
"CC","2026-08-30T03:00:00.000000",23.4372081756592
"CC","2026-08-30T04:00:00.000000",23.4278583526611
"CC","2026-08-30T05:00:00.000000",23.4190139770508
"CC","2026-08-30T06:00:00.000000",23.4085636138916
"CC","2026-08-30T07:00:00.000000",23.3935108184814
"CC","2026-08-30T08:00:00.000000",23.377067565918
"CC","2026-08-30T09:00:00.000000",23.3621520996094
"CC","2026-08-30T10:00:00.000000",23.3456153869629
"CC","2026-08-30T11:00:00.000000",23.3329467773438
"CC","2026-08-30T12:00:00.000000",23.3283824920654
"CC","2026-08-30T13:00:00.000000",23.3361282348633
"CC","2026-08-30T14:00:00.000000",23.359489440918
"CC","2026-08-30T15:00:00.000000",23.4030017852783
"CC","2026-08-30T16:00:00.000000",23.4683628082275
"CC","2026-08-30T17:00:00.000000",23.555793762207
"CC","2026-08-30T18:00:00.000000",23.6478691101074
"CC","2026-08-30T19:00:00.000000",23.7207221984863
"CC","2026-08-30T20:00:00.000000",23.7451610565186
"CC","2026-08-30T21:00:00.000000",23.7460517883301
"CC","2026-08-30T22:00:00.000000",23.7359657287598
"CC","2026-08-30T23:00:00.000000",23.7101020812988
"CC","2026-08-31T00:00:00.000000",23.6658630371094
"CC","2026-08-31T01:00:00.000000",23.6423225402832
"CC","2026-08-31T02:00:00.000000",23.6360168457031
"CC","2026-08-31T03:00:00.000000",23.6372528076172
"CC","2026-08-31T04:00:00.000000",23.640941619873
"CC","2026-08-31T05:00:00.000000",23.6465854644775
"CC","2026-08-31T06:00:00.000000",23.6501026153564
"CC","2026-08-31T07:00:00.000000",23.6477184295654
"CC","2026-08-31T08:00:00.000000",23.6400413513184
"CC","2026-08-31T09:00:00.000000",23.6286392211914
"CC","2026-08-31T10:00:00.000000",23.6169567108154
"CC","2026-08-31T11:00:00.000000",23.6058025360107
"CC","2026-08-31T12:00:00.000000",23.5966625213623
"CC","2026-08-31T13:00:00.000000",23.5928134918213
"CC","2026-08-31T14:00:00.000000",23.6001262664795
"CC","2026-08-31T15:00:00.000000",23.6259899139404
"CC","2026-08-31T16:00:00.000000",23.675537109375
"CC","2026-08-31T17:00:00.000000",23.7473697662354
"CC","2026-08-31T18:00:00.000000",23.8299770355225
"CC","2026-08-31T19:00:00.000000",23.9145393371582
"CC","2026-08-31T20:00:00.000000",23.9858112335205
"CC","2026-08-31T21:00:00.000000",24.0301265716553
"CC","2026-08-31T22:00:00.000000",24.0499286651611
"CC","2026-08-31T23:00:00.000000",24.0527420043945
"CC","2026-09-01T00:00:00.000000",24.035285949707
"CC","2026-09-01T01:00:00.000000",24.0142002105713
"CC","2026-09-01T02:00:00.000000",24.0010223388672
"CC","2026-09-01T03:00:00.000000",23.9918556213379
"CC","2026-09-01T04:00:00.000000",23.9850616455078
"CC","2026-09-01T05:00:00.000000",23.9802875518799
"CC","2026-09-01T06:00:00.000000",23.9771347045898
"CC","2026-09-01T07:00:00.000000",23.9736747741699
"CC","2026-09-01T08:00:00.000000",23.967113494873
"CC","2026-09-01T09:00:00.000000",23.9560089111328
"CC","2026-09-01T10:00:00.000000",23.944953918457
"CC","2026-09-01T11:00:00.000000",23.9335289001465
"CC","2026-09-01T12:00:00.000000",23.9209060668945
"CC","2026-09-01T13:00:00.000000",23.9091358184814
"CC","2026-09-01T14:00:00.000000",23.896728515625
"CC","2026-09-01T15:00:00.000000",23.892484664917
"CC","2026-09-01T16:00:00.000000",23.8953247070312
"CC","2026-09-01T17:00:00.000000",23.9057769775391
"CC","2026-09-01T18:00:00.000000",23.9232196807861
"CC","2026-09-01T19:00:00.000000",23.9423198699951
"CC","2026-09-01T20:00:00.000000",23.9573841094971
"CC","2026-09-01T21:00:00.000000",23.9590854644775
"CC","2026-09-01T22:00:00.000000",23.9521942138672
"CC","2026-09-01T23:00:00.000000",23.9443607330322
"CC","2026-09-02T00:00:00.000000",23.9324188232422
"DL","2026-08-27T00:00:00.000000",21.9405345916748
"DL","2026-08-27T01:00:00.000000",22.3747711181641
"DL","2026-08-27T02:00:00.000000",22.4244861602783
"DL","2026-08-27T03:00:00.000000",22.407642364502
"DL","2026-08-27T04:00:00.000000",22.4469242095947
"DL","2026-08-27T05:00:00.000000",22.3824348449707
"DL","2026-08-27T06:00:00.000000",22.3882865905762
"DL","2026-08-27T07:00:00.000000",22.3813209533691
"DL","2026-08-27T08:00:00.000000",22.376184463501
"DL","2026-08-27T09:00:00.000000",22.3807621002197
"DL","2026-08-27T10:00:00.000000",22.401065826416
"DL","2026-08-27T11:00:00.000000",22.4186840057373
"DL","2026-08-27T12:00:00.000000",22.4467830657959
"DL","2026-08-27T13:00:00.000000",22.4582195281982
"DL","2026-08-27T14:00:00.000000",22.4603843688965
"DL","2026-08-27T15:00:00.000000",22.4677085876465
"DL","2026-08-27T16:00:00.000000",22.4757194519043
"DL","2026-08-27T17:00:00.000000",22.4873638153076
"DL","2026-08-27T18:00:00.000000",22.495096206665
"DL","2026-08-27T19:00:00.000000",22.4985504150391
"DL","2026-08-27T20:00:00.000000",22.4895858764648
"DL","2026-08-27T21:00:00.000000",22.4756698608398
"DL","2026-08-27T22:00:00.000000",22.5199146270752
"DL","2026-08-27T23:00:00.000000",22.6087017059326
"DL","2026-08-28T00:00:00.000000",22.6486186981201
"DL","2026-08-28T01:00:00.000000",22.5042629241943
"DL","2026-08-28T02:00:00.000000",22.4383792877197
"DL","2026-08-28T03:00:00.000000",22.4169178009033
"DL","2026-08-28T04:00:00.000000",22.4131889343262
"DL","2026-08-28T05:00:00.000000",22.4214038848877
"DL","2026-08-28T06:00:00.000000",22.4518394470215
"DL","2026-08-28T07:00:00.000000",22.4818744659424
"DL","2026-08-28T08:00:00.000000",22.5237216949463
"DL","2026-08-28T09:00:00.000000",22.581356048584
"DL","2026-08-28T10:00:00.000000",22.6585121154785
"DL","2026-08-28T11:00:00.000000",22.6921463012695
"DL","2026-08-28T12:00:00.000000",22.7017288208008
"DL","2026-08-28T13:00:00.000000",22.6475315093994
"DL","2026-08-28T14:00:00.000000",22.5984706878662
"DL","2026-08-28T15:00:00.000000",22.5901145935059
"DL","2026-08-28T16:00:00.000000",22.5801277160645
"DL","2026-08-28T17:00:00.000000",22.5777568817139
"DL","2026-08-28T18:00:00.000000",22.5937271118164
"DL","2026-08-28T19:00:00.000000",22.6103363037109
"DL","2026-08-28T20:00:00.000000",22.6396350860596
"DL","2026-08-28T21:00:00.000000",22.6696758270264
"DL","2026-08-28T22:00:00.000000",22.6848392486572
"DL","2026-08-28T23:00:00.000000",22.7266387939453
"DL","2026-08-29T00:00:00.000000",22.7893009185791
"DL","2026-08-29T01:00:00.000000",22.4449825286865
"DL","2026-08-29T02:00:00.000000",22.3668441772461
"DL","2026-08-29T03:00:00.000000",22.3636245727539
"DL","2026-08-29T04:00:00.000000",22.3703002929688
"DL","2026-08-29T05:00:00.000000",22.3813877105713
"DL","2026-08-29T06:00:00.000000",22.4001197814941
"DL","2026-08-29T07:00:00.000000",22.4112854003906
"DL","2026-08-29T08:00:00.000000",22.4247741699219
"DL","2026-08-29T09:00:00.000000",22.4516620635986
"DL","2026-08-29T10:00:00.000000",22.4799709320068
"DL","2026-08-29T11:00:00.000000",22.5024261474609
"DL","2026-08-29T12:00:00.000000",22.5015277862549
"DL","2026-08-29T13:00:00.000000",22.4486618041992
"DL","2026-08-29T14:00:00.000000",22.4281692504883
"DL","2026-08-29T15:00:00.000000",22.4293155670166
"DL","2026-08-29T16:00:00.000000",22.4105014801025
"DL","2026-08-29T17:00:00.000000",22.3959484100342
"DL","2026-08-29T18:00:00.000000",22.3867702484131
"DL","2026-08-29T19:00:00.000000",22.3893203735352
"DL","2026-08-29T20:00:00.000000",22.3946876525879
"DL","2026-08-29T21:00:00.000000",22.393497467041
"DL","2026-08-29T22:00:00.000000",22.3904857635498
"DL","2026-08-29T23:00:00.000000",22.3860702514648
"DL","2026-08-30T00:00:00.000000",22.3931446075439
"DL","2026-08-30T01:00:00.000000",22.3971843719482
"DL","2026-08-30T02:00:00.000000",22.4013729095459
"DL","2026-08-30T03:00:00.000000",22.4196472167969
"DL","2026-08-30T04:00:00.000000",22.4224376678467
"DL","2026-08-30T05:00:00.000000",22.4337024688721
"DL","2026-08-30T06:00:00.000000",22.4352951049805
"DL","2026-08-30T07:00:00.000000",22.4373989105225
"DL","2026-08-30T08:00:00.000000",22.4427375793457
"DL","2026-08-30T09:00:00.000000",22.4523124694824
"DL","2026-08-30T10:00:00.000000",22.478178024292
"DL","2026-08-30T11:00:00.000000",22.5142097473145
"DL","2026-08-30T12:00:00.000000",22.5218067169189
"DL","2026-08-30T13:00:00.000000",22.5082912445068
"DL","2026-08-30T14:00:00.000000",22.5086135864258
"DL","2026-08-30T15:00:00.000000",22.5092067718506
"DL","2026-08-30T16:00:00.000000",22.5131072998047
"DL","2026-08-30T17:00:00.000000",22.5118389129639
"DL","2026-08-30T18:00:00.000000",22.5074653625488
"DL","2026-08-30T19:00:00.000000",22.5022754669189
"DL","2026-08-30T20:00:00.000000",22.4948101043701
"DL","2026-08-30T21:00:00.000000",22.4827671051025
"DL","2026-08-30T22:00:00.000000",22.459020614624
"DL","2026-08-30T23:00:00.000000",22.4404125213623
"DL","2026-08-31T00:00:00.000000",22.4659423828125
"DL","2026-08-31T01:00:00.000000",22.5141716003418
"DL","2026-08-31T02:00:00.000000",22.5400218963623
"DL","2026-08-31T03:00:00.000000",22.5195484161377
"DL","2026-08-31T04:00:00.000000",22.5025215148926
"DL","2026-08-31T05:00:00.000000",22.5061206817627
"DL","2026-08-31T06:00:00.000000",22.5132102966309
"DL","2026-08-31T07:00:00.000000",22.5210514068604
"DL","2026-08-31T08:00:00.000000",22.5327262878418
"DL","2026-08-31T09:00:00.000000",22.5429916381836
"DL","2026-08-31T10:00:00.000000",22.5534687042236
"DL","2026-08-31T11:00:00.000000",22.566873550415
"DL","2026-08-31T12:00:00.000000",22.5724277496338
"DL","2026-08-31T13:00:00.000000",22.5643253326416
"DL","2026-08-31T14:00:00.000000",22.5494422912598
"DL","2026-08-31T15:00:00.000000",22.5179824829102
"DL","2026-08-31T16:00:00.000000",22.5256214141846
"DL","2026-08-31T17:00:00.000000",22.5269107818604
"DL","2026-08-31T18:00:00.000000",22.5221748352051
"DL","2026-08-31T19:00:00.000000",22.5187931060791
"DL","2026-08-31T20:00:00.000000",22.5190811157227
"DL","2026-08-31T21:00:00.000000",22.5200824737549
"DL","2026-08-31T22:00:00.000000",22.5213871002197
"DL","2026-08-31T23:00:00.000000",22.5258712768555
"DL","2026-09-01T00:00:00.000000",22.5372867584229
"DL","2026-09-01T01:00:00.000000",22.5466747283936
"DL","2026-09-01T02:00:00.000000",22.5803661346436
"DL","2026-09-01T03:00:00.000000",22.57080078125
"DL","2026-09-01T04:00:00.000000",22.5465908050537
"DL","2026-09-01T05:00:00.000000",22.5453853607178
"DL","2026-09-01T06:00:00.000000",22.5449314117432
"DL","2026-09-01T07:00:00.000000",22.5455226898193
"DL","2026-09-01T08:00:00.000000",22.5495052337646
"DL","2026-09-01T09:00:00.000000",22.5579223632812
"DL","2026-09-01T10:00:00.000000",22.5653076171875
"DL","2026-09-01T11:00:00.000000",22.5928783416748
"DL","2026-09-01T12:00:00.000000",22.6571407318115
"DL","2026-09-01T13:00:00.000000",22.7167224884033
"DL","2026-09-01T14:00:00.000000",22.7663593292236
"DL","2026-09-01T15:00:00.000000",22.7872428894043
"DL","2026-09-01T16:00:00.000000",22.7218151092529
"DL","2026-09-01T17:00:00.000000",22.6950778961182
"DL","2026-09-01T18:00:00.000000",22.6952590942383
"DL","2026-09-01T19:00:00.000000",22.6781253814697
"DL","2026-09-01T20:00:00.000000",22.6639060974121
"DL","2026-09-01T21:00:00.000000",22.6585311889648
"DL","2026-09-01T22:00:00.000000",22.6575584411621
"DL","2026-09-01T23:00:00.000000",22.6571884155273
"DL","2026-09-02T00:00:00.000000",22.6589107513428
"GB","2026-08-27T00:00:00.000000",23.2039604187012
"GB","2026-08-27T01:00:00.000000",23.2402591705322
"GB","2026-08-27T02:00:00.000000",23.2393550872803
"GB","2026-08-27T03:00:00.000000",23.2283172607422
"GB","2026-08-27T04:00:00.000000",23.2807521820068
"GB","2026-08-27T05:00:00.000000",23.2398300170898
"GB","2026-08-27T06:00:00.000000",23.1819629669189
"GB","2026-08-27T07:00:00.000000",23.2017841339111
"GB","2026-08-27T08:00:00.000000",23.236478805542
"GB","2026-08-27T09:00:00.000000",23.2537670135498
"GB","2026-08-27T10:00:00.000000",23.2791805267334
"GB","2026-08-27T11:00:00.000000",23.2163257598877
"GB","2026-08-27T12:00:00.000000",23.2264556884766
"GB","2026-08-27T13:00:00.000000",23.2465991973877
"GB","2026-08-27T14:00:00.000000",23.2908134460449
"GB","2026-08-27T15:00:00.000000",23.3465309143066
"GB","2026-08-27T16:00:00.000000",23.4333248138428
"GB","2026-08-27T17:00:00.000000",23.5601577758789
"GB","2026-08-27T18:00:00.000000",23.474271774292
"GB","2026-08-27T19:00:00.000000",23.5221138000488
"GB","2026-08-27T20:00:00.000000",23.6015243530273
"GB","2026-08-27T21:00:00.000000",23.6526718139648
"GB","2026-08-27T22:00:00.000000",23.6730098724365
"GB","2026-08-27T23:00:00.000000",23.5771198272705
"GB","2026-08-28T00:00:00.000000",23.5320129394531
"GB","2026-08-28T01:00:00.000000",23.0866050720215
"GB","2026-08-28T02:00:00.000000",23.0452537536621
"GB","2026-08-28T03:00:00.000000",23.0629215240479
"GB","2026-08-28T04:00:00.000000",23.0746288299561
"GB","2026-08-28T05:00:00.000000",23.0933036804199
"GB","2026-08-28T06:00:00.000000",23.0623989105225
"GB","2026-08-28T07:00:00.000000",23.0334320068359
"GB","2026-08-28T08:00:00.000000",23.0268802642822
"GB","2026-08-28T09:00:00.000000",23.0269947052002
"GB","2026-08-28T10:00:00.000000",23.0544033050537
"GB","2026-08-28T11:00:00.000000",23.0516090393066
"GB","2026-08-28T12:00:00.000000",23.1032371520996
"GB","2026-08-28T13:00:00.000000",23.1411418914795
"GB","2026-08-28T14:00:00.000000",23.18918800354
"GB","2026-08-28T15:00:00.000000",23.2462406158447
"GB","2026-08-28T16:00:00.000000",23.3142337799072
"GB","2026-08-28T17:00:00.000000",23.4173717498779
"GB","2026-08-28T18:00:00.000000",23.422815322876
"GB","2026-08-28T19:00:00.000000",23.4198322296143
"GB","2026-08-28T20:00:00.000000",23.4715118408203
"GB","2026-08-28T21:00:00.000000",23.5112228393555
"GB","2026-08-28T22:00:00.000000",23.5257472991943
"GB","2026-08-28T23:00:00.000000",23.4744262695312
"GB","2026-08-29T00:00:00.000000",23.4614791870117
"GB","2026-08-29T01:00:00.000000",23.4325542449951
"GB","2026-08-29T02:00:00.000000",23.4300956726074
"GB","2026-08-29T03:00:00.000000",23.4398574829102
"GB","2026-08-29T04:00:00.000000",23.4489231109619
"GB","2026-08-29T05:00:00.000000",23.4707622528076
"GB","2026-08-29T06:00:00.000000",23.4395542144775
"GB","2026-08-29T07:00:00.000000",23.3783798217773
"GB","2026-08-29T08:00:00.000000",23.3713359832764
"GB","2026-08-29T09:00:00.000000",23.3742694854736
"GB","2026-08-29T10:00:00.000000",23.3658180236816
"GB","2026-08-29T11:00:00.000000",23.3951396942139
"GB","2026-08-29T12:00:00.000000",23.3645477294922
"GB","2026-08-29T13:00:00.000000",23.3946113586426
"GB","2026-08-29T14:00:00.000000",23.4217987060547
"GB","2026-08-29T15:00:00.000000",23.454402923584
"GB","2026-08-29T16:00:00.000000",23.4956970214844
"GB","2026-08-29T17:00:00.000000",23.5937824249268
"GB","2026-08-29T18:00:00.000000",23.7286472320557
"GB","2026-08-29T19:00:00.000000",23.6785507202148
"GB","2026-08-29T20:00:00.000000",23.727029800415
"GB","2026-08-29T21:00:00.000000",23.7648658752441
"GB","2026-08-29T22:00:00.000000",23.7827434539795
"GB","2026-08-29T23:00:00.000000",23.7717247009277
"GB","2026-08-30T00:00:00.000000",23.6861457824707
"GB","2026-08-30T01:00:00.000000",23.6513862609863
"GB","2026-08-30T02:00:00.000000",23.6311626434326
"GB","2026-08-30T03:00:00.000000",23.6026859283447
"GB","2026-08-30T04:00:00.000000",23.5874271392822
"GB","2026-08-30T05:00:00.000000",23.5694599151611
"GB","2026-08-30T06:00:00.000000",23.6120834350586
"GB","2026-08-30T07:00:00.000000",23.512264251709
"GB","2026-08-30T08:00:00.000000",23.4693546295166
"GB","2026-08-30T09:00:00.000000",23.4982490539551
"GB","2026-08-30T10:00:00.000000",23.5138473510742
"GB","2026-08-30T11:00:00.000000",23.4919719696045
"GB","2026-08-30T12:00:00.000000",23.5592346191406
"GB","2026-08-30T13:00:00.000000",23.4504051208496
"GB","2026-08-30T14:00:00.000000",23.4718532562256
"GB","2026-08-30T15:00:00.000000",23.5307941436768
"GB","2026-08-30T16:00:00.000000",23.5849208831787
"GB","2026-08-30T17:00:00.000000",23.6367721557617
"GB","2026-08-30T18:00:00.000000",23.7512683868408
"GB","2026-08-30T19:00:00.000000",23.7273502349854
"GB","2026-08-30T20:00:00.000000",23.6599235534668
"GB","2026-08-30T21:00:00.000000",23.7082500457764
"GB","2026-08-30T22:00:00.000000",23.7520313262939
"GB","2026-08-30T23:00:00.000000",23.7527885437012
"GB","2026-08-31T00:00:00.000000",23.7644424438477
"GB","2026-08-31T01:00:00.000000",23.6635875701904
"GB","2026-08-31T02:00:00.000000",23.6604709625244
"GB","2026-08-31T03:00:00.000000",23.6774196624756
"GB","2026-08-31T04:00:00.000000",23.6853199005127
"GB","2026-08-31T05:00:00.000000",23.6855545043945
"GB","2026-08-31T06:00:00.000000",23.6910629272461
"GB","2026-08-31T07:00:00.000000",23.7036914825439
"GB","2026-08-31T08:00:00.000000",23.6088638305664
"GB","2026-08-31T09:00:00.000000",23.5942687988281
"GB","2026-08-31T10:00:00.000000",23.6058597564697
"GB","2026-08-31T11:00:00.000000",23.6037540435791
"GB","2026-08-31T12:00:00.000000",23.6002388000488
"GB","2026-08-31T13:00:00.000000",23.6181697845459
"GB","2026-08-31T14:00:00.000000",23.606746673584
"GB","2026-08-31T15:00:00.000000",23.6603889465332
"GB","2026-08-31T16:00:00.000000",23.7125301361084
"GB","2026-08-31T17:00:00.000000",23.7576847076416
"GB","2026-08-31T18:00:00.000000",23.8024787902832
"GB","2026-08-31T19:00:00.000000",23.9007320404053
"GB","2026-08-31T20:00:00.000000",23.810998916626
"GB","2026-08-31T21:00:00.000000",23.8542098999023
"GB","2026-08-31T22:00:00.000000",23.9074287414551
"GB","2026-08-31T23:00:00.000000",23.9068222045898
"GB","2026-09-01T00:00:00.000000",23.8875408172607
"GB","2026-09-01T01:00:00.000000",23.9378910064697
"GB","2026-09-01T02:00:00.000000",23.8230266571045
"GB","2026-09-01T03:00:00.000000",23.7960433959961
"GB","2026-09-01T04:00:00.000000",23.7712993621826
"GB","2026-09-01T05:00:00.000000",23.7568683624268
"GB","2026-09-01T06:00:00.000000",23.744686126709
"GB","2026-09-01T07:00:00.000000",23.7844619750977
"GB","2026-09-01T08:00:00.000000",23.7431507110596
"GB","2026-09-01T09:00:00.000000",23.7389507293701
"GB","2026-09-01T10:00:00.000000",23.7610836029053
"GB","2026-09-01T11:00:00.000000",23.7703742980957
"GB","2026-09-01T12:00:00.000000",23.7715435028076
"GB","2026-09-01T13:00:00.000000",23.8244457244873
"GB","2026-09-01T14:00:00.000000",23.7458667755127
"GB","2026-09-01T15:00:00.000000",23.7267570495605
"GB","2026-09-01T16:00:00.000000",23.7189979553223
"GB","2026-09-01T17:00:00.000000",23.7302417755127
"GB","2026-09-01T18:00:00.000000",23.7426338195801
"GB","2026-09-01T19:00:00.000000",23.7663669586182
"GB","2026-09-01T20:00:00.000000",23.7653160095215
"GB","2026-09-01T21:00:00.000000",23.7374572753906
"GB","2026-09-01T22:00:00.000000",23.7472267150879
"GB","2026-09-01T23:00:00.000000",23.7479763031006
"GB","2026-09-02T00:00:00.000000",23.7446460723877
"LI","2026-08-27T00:00:00.000000",22.982027053833
"LI","2026-08-27T01:00:00.000000",23.4525127410889
"LI","2026-08-27T02:00:00.000000",23.499116897583
"LI","2026-08-27T03:00:00.000000",23.4262008666992
"LI","2026-08-27T04:00:00.000000",23.3893260955811
"LI","2026-08-27T05:00:00.000000",23.3800983428955
"LI","2026-08-27T06:00:00.000000",23.3576221466064
"LI","2026-08-27T07:00:00.000000",23.3591651916504
"LI","2026-08-27T08:00:00.000000",23.3535175323486
"LI","2026-08-27T09:00:00.000000",23.3803291320801
"LI","2026-08-27T10:00:00.000000",23.4237823486328
"LI","2026-08-27T11:00:00.000000",23.4893684387207
"LI","2026-08-27T12:00:00.000000",23.527172088623
"LI","2026-08-27T13:00:00.000000",23.5606555938721
"LI","2026-08-27T14:00:00.000000",23.5895881652832
"LI","2026-08-27T15:00:00.000000",23.6285572052002
"LI","2026-08-27T16:00:00.000000",23.6547927856445
"LI","2026-08-27T17:00:00.000000",23.7180480957031
"LI","2026-08-27T18:00:00.000000",23.7993087768555
"LI","2026-08-27T19:00:00.000000",23.8337688446045
"LI","2026-08-27T20:00:00.000000",23.828592300415
"LI","2026-08-27T21:00:00.000000",23.8877582550049
"LI","2026-08-27T22:00:00.000000",23.9134483337402
"LI","2026-08-27T23:00:00.000000",23.9239959716797
"LI","2026-08-28T00:00:00.000000",23.9366245269775
"LI","2026-08-28T01:00:00.000000",23.4351921081543
"LI","2026-08-28T02:00:00.000000",23.3478813171387
"LI","2026-08-28T03:00:00.000000",23.3124580383301
"LI","2026-08-28T04:00:00.000000",23.2790660858154
"LI","2026-08-28T05:00:00.000000",23.2533664703369
"LI","2026-08-28T06:00:00.000000",23.2535991668701
"LI","2026-08-28T07:00:00.000000",23.2663326263428
"LI","2026-08-28T08:00:00.000000",23.2447605133057
"LI","2026-08-28T09:00:00.000000",23.2577095031738
"LI","2026-08-28T10:00:00.000000",23.2566375732422
"LI","2026-08-28T11:00:00.000000",23.2768745422363
"LI","2026-08-28T12:00:00.000000",23.2997131347656
"LI","2026-08-28T13:00:00.000000",23.3232841491699
"LI","2026-08-28T14:00:00.000000",23.3613948822021
"LI","2026-08-28T15:00:00.000000",23.4247131347656
"LI","2026-08-28T16:00:00.000000",23.4639053344727
"LI","2026-08-28T17:00:00.000000",23.5251636505127
"LI","2026-08-28T18:00:00.000000",23.6014823913574
"LI","2026-08-28T19:00:00.000000",23.6319274902344
"LI","2026-08-28T20:00:00.000000",23.6340961456299
"LI","2026-08-28T21:00:00.000000",23.6217937469482
"LI","2026-08-28T22:00:00.000000",23.6268577575684
"LI","2026-08-28T23:00:00.000000",23.589038848877
"LI","2026-08-29T00:00:00.000000",23.5632705688477
"LI","2026-08-29T01:00:00.000000",23.8340263366699
"LI","2026-08-29T02:00:00.000000",23.8996410369873
"LI","2026-08-29T03:00:00.000000",23.8473815917969
"LI","2026-08-29T04:00:00.000000",23.8285026550293
"LI","2026-08-29T05:00:00.000000",23.8192329406738
"LI","2026-08-29T06:00:00.000000",23.7929286956787
"LI","2026-08-29T07:00:00.000000",23.7758388519287
"LI","2026-08-29T08:00:00.000000",23.7562389373779
"LI","2026-08-29T09:00:00.000000",23.7196102142334
"LI","2026-08-29T10:00:00.000000",23.7074012756348
"LI","2026-08-29T11:00:00.000000",23.7575302124023
"LI","2026-08-29T12:00:00.000000",23.8189105987549
"LI","2026-08-29T13:00:00.000000",23.8608417510986
"LI","2026-08-29T14:00:00.000000",23.8712825775146
"LI","2026-08-29T15:00:00.000000",23.9156284332275
"LI","2026-08-29T16:00:00.000000",23.9715309143066
"LI","2026-08-29T17:00:00.000000",24.0440273284912
"LI","2026-08-29T18:00:00.000000",24.1058578491211
"LI","2026-08-29T19:00:00.000000",24.1614742279053
"LI","2026-08-29T20:00:00.000000",24.1702976226807
"LI","2026-08-29T21:00:00.000000",24.1266193389893
"LI","2026-08-29T22:00:00.000000",24.1535606384277
"LI","2026-08-29T23:00:00.000000",24.1257820129395
"LI","2026-08-30T00:00:00.000000",24.0928249359131
"LI","2026-08-30T01:00:00.000000",24.1409931182861
"LI","2026-08-30T02:00:00.000000",24.1308746337891
"LI","2026-08-30T03:00:00.000000",24.0807094573975
"LI","2026-08-30T04:00:00.000000",24.0365676879883
"LI","2026-08-30T05:00:00.000000",24.0130481719971
"LI","2026-08-30T06:00:00.000000",24.0020847320557
"LI","2026-08-30T07:00:00.000000",23.9842529296875
"LI","2026-08-30T08:00:00.000000",23.9641723632812
"LI","2026-08-30T09:00:00.000000",23.9583511352539
"LI","2026-08-30T10:00:00.000000",23.9423503875732
"LI","2026-08-30T11:00:00.000000",23.9274616241455
"LI","2026-08-30T12:00:00.000000",23.9573040008545
"LI","2026-08-30T13:00:00.000000",23.9852600097656
"LI","2026-08-30T14:00:00.000000",24.0077495574951
"LI","2026-08-30T15:00:00.000000",24.0386695861816
"LI","2026-08-30T16:00:00.000000",24.0859565734863
"LI","2026-08-30T17:00:00.000000",24.1490211486816
"LI","2026-08-30T18:00:00.000000",24.2152805328369
"LI","2026-08-30T19:00:00.000000",24.2893676757812
"LI","2026-08-30T20:00:00.000000",24.3254261016846
"LI","2026-08-30T21:00:00.000000",24.3164119720459
"LI","2026-08-30T22:00:00.000000",24.312837600708
"LI","2026-08-30T23:00:00.000000",24.3115863800049
"LI","2026-08-31T00:00:00.000000",24.3147106170654
"LI","2026-08-31T01:00:00.000000",24.3296985626221
"LI","2026-08-31T02:00:00.000000",24.3383598327637
"LI","2026-08-31T03:00:00.000000",24.3375949859619
"LI","2026-08-31T04:00:00.000000",24.3328456878662
"LI","2026-08-31T05:00:00.000000",24.3157634735107
"LI","2026-08-31T06:00:00.000000",24.2925910949707
"LI","2026-08-31T07:00:00.000000",24.2790184020996
"LI","2026-08-31T08:00:00.000000",24.269323348999
"LI","2026-08-31T09:00:00.000000",24.2555828094482
"LI","2026-08-31T10:00:00.000000",24.2427177429199
"LI","2026-08-31T11:00:00.000000",24.2404460906982
"LI","2026-08-31T12:00:00.000000",24.2444877624512
"LI","2026-08-31T13:00:00.000000",24.263219833374
"LI","2026-08-31T14:00:00.000000",24.2799873352051
"LI","2026-08-31T15:00:00.000000",24.299898147583
"LI","2026-08-31T16:00:00.000000",24.3353538513184
"LI","2026-08-31T17:00:00.000000",24.3827362060547
"LI","2026-08-31T18:00:00.000000",24.4391937255859
"LI","2026-08-31T19:00:00.000000",24.5032997131348
"LI","2026-08-31T20:00:00.000000",24.5703105926514
"LI","2026-08-31T21:00:00.000000",24.6065196990967
"LI","2026-08-31T22:00:00.000000",24.6053085327148
"LI","2026-08-31T23:00:00.000000",24.6056995391846
"LI","2026-09-01T00:00:00.000000",24.5810031890869
"LI","2026-09-01T01:00:00.000000",24.5424900054932
"LI","2026-09-01T02:00:00.000000",24.5258865356445
"LI","2026-09-01T03:00:00.000000",24.513916015625
"LI","2026-09-01T04:00:00.000000",24.5054512023926
"LI","2026-09-01T05:00:00.000000",24.5130023956299
"LI","2026-09-01T06:00:00.000000",24.5250453948975
"LI","2026-09-01T07:00:00.000000",24.519962310791
"LI","2026-09-01T08:00:00.000000",24.5094985961914
"LI","2026-09-01T09:00:00.000000",24.4949245452881
"LI","2026-09-01T10:00:00.000000",24.4842205047607
"LI","2026-09-01T11:00:00.000000",24.4771919250488
"LI","2026-09-01T12:00:00.000000",24.4522762298584
"LI","2026-09-01T13:00:00.000000",24.4354476928711
"LI","2026-09-01T14:00:00.000000",24.4247493743896
"LI","2026-09-01T15:00:00.000000",24.41774559021
"LI","2026-09-01T16:00:00.000000",24.4140281677246
"LI","2026-09-01T17:00:00.000000",24.4198608398438
"LI","2026-09-01T18:00:00.000000",24.4338417053223
"LI","2026-09-01T19:00:00.000000",24.4415340423584
"LI","2026-09-01T20:00:00.000000",24.441276550293
"LI","2026-09-01T21:00:00.000000",24.4349803924561
"LI","2026-09-01T22:00:00.000000",24.4228439331055
"LI","2026-09-01T23:00:00.000000",24.4139041900635
"LI","2026-09-02T00:00:00.000000",24.3950176239014
"OB","2026-08-27T00:00:00.000000",21.2861976623535
"OB","2026-08-27T01:00:00.000000",22.0787334442139
"OB","2026-08-27T02:00:00.000000",22.1968746185303
"OB","2026-08-27T03:00:00.000000",22.2196483612061
"OB","2026-08-27T04:00:00.000000",22.2605171203613
"OB","2026-08-27T05:00:00.000000",22.2969074249268
"OB","2026-08-27T06:00:00.000000",22.3604412078857
"OB","2026-08-27T07:00:00.000000",22.3741569519043
"OB","2026-08-27T08:00:00.000000",22.4006748199463
"OB","2026-08-27T09:00:00.000000",22.3646373748779
"OB","2026-08-27T10:00:00.000000",22.314079284668
"OB","2026-08-27T11:00:00.000000",22.2730407714844
"OB","2026-08-27T12:00:00.000000",22.2631607055664
"OB","2026-08-27T13:00:00.000000",22.2519760131836
"OB","2026-08-27T14:00:00.000000",22.2755317687988
"OB","2026-08-27T15:00:00.000000",22.2897205352783
"OB","2026-08-27T16:00:00.000000",22.3235511779785
"OB","2026-08-27T17:00:00.000000",22.3578777313232
"OB","2026-08-27T18:00:00.000000",22.3735961914062
"OB","2026-08-27T19:00:00.000000",22.3798637390137
"OB","2026-08-27T20:00:00.000000",22.3786678314209
"OB","2026-08-27T21:00:00.000000",22.3742580413818
"OB","2026-08-27T22:00:00.000000",22.3563461303711
"OB","2026-08-27T23:00:00.000000",22.1915702819824
"OB","2026-08-28T00:00:00.000000",22.100980758667
"OB","2026-08-28T01:00:00.000000",22.1819820404053
"OB","2026-08-28T02:00:00.000000",22.2011070251465
"OB","2026-08-28T03:00:00.000000",22.2196521759033
"OB","2026-08-28T04:00:00.000000",22.2543144226074
"OB","2026-08-28T05:00:00.000000",22.3107204437256
"OB","2026-08-28T06:00:00.000000",22.3812866210938
"OB","2026-08-28T07:00:00.000000",22.3999671936035
"OB","2026-08-28T08:00:00.000000",22.4159545898438
"OB","2026-08-28T09:00:00.000000",22.4097080230713
"OB","2026-08-28T10:00:00.000000",22.3807735443115
"OB","2026-08-28T11:00:00.000000",22.3253860473633
"OB","2026-08-28T12:00:00.000000",22.2804279327393
"OB","2026-08-28T13:00:00.000000",22.2572078704834
"OB","2026-08-28T14:00:00.000000",22.2574710845947
"OB","2026-08-28T15:00:00.000000",22.2845096588135
"OB","2026-08-28T16:00:00.000000",22.3162631988525
"OB","2026-08-28T17:00:00.000000",22.3540821075439
"OB","2026-08-28T18:00:00.000000",22.3880729675293
"OB","2026-08-28T19:00:00.000000",22.3992881774902
"OB","2026-08-28T20:00:00.000000",22.4054145812988
"OB","2026-08-28T21:00:00.000000",22.4049186706543
"OB","2026-08-28T22:00:00.000000",22.3914279937744
"OB","2026-08-28T23:00:00.000000",22.3437156677246
"OB","2026-08-29T00:00:00.000000",22.1837253570557
"OB","2026-08-29T01:00:00.000000",22.5948085784912
"OB","2026-08-29T02:00:00.000000",22.7184314727783
"OB","2026-08-29T03:00:00.000000",22.7463092803955
"OB","2026-08-29T04:00:00.000000",22.8097724914551
"OB","2026-08-29T05:00:00.000000",22.867431640625
"OB","2026-08-29T06:00:00.000000",22.9344730377197
"OB","2026-08-29T07:00:00.000000",22.9640922546387
"OB","2026-08-29T08:00:00.000000",22.982795715332
"OB","2026-08-29T09:00:00.000000",22.9920177459717
"OB","2026-08-29T10:00:00.000000",23.0003089904785
"OB","2026-08-29T11:00:00.000000",22.9555435180664
"OB","2026-08-29T12:00:00.000000",22.8614616394043
"OB","2026-08-29T13:00:00.000000",22.7203502655029
"OB","2026-08-29T14:00:00.000000",22.639799118042
"OB","2026-08-29T15:00:00.000000",22.6735172271729
"OB","2026-08-29T16:00:00.000000",22.780143737793
"OB","2026-08-29T17:00:00.000000",22.8620510101318
"OB","2026-08-29T18:00:00.000000",22.9181728363037
"OB","2026-08-29T19:00:00.000000",22.9480609893799
"OB","2026-08-29T20:00:00.000000",22.9606513977051
"OB","2026-08-29T21:00:00.000000",22.9734115600586
"OB","2026-08-29T22:00:00.000000",22.9811782836914
"OB","2026-08-29T23:00:00.000000",22.9571228027344
"OB","2026-08-30T00:00:00.000000",22.8255195617676
"OB","2026-08-30T01:00:00.000000",22.6683902740479
"OB","2026-08-30T02:00:00.000000",22.591480255127
"OB","2026-08-30T03:00:00.000000",22.6087589263916
"OB","2026-08-30T04:00:00.000000",22.6763095855713
"OB","2026-08-30T05:00:00.000000",22.7467784881592
"OB","2026-08-30T06:00:00.000000",22.8321666717529
"OB","2026-08-30T07:00:00.000000",22.8837127685547
"OB","2026-08-30T08:00:00.000000",22.9021949768066
"OB","2026-08-30T09:00:00.000000",22.9098834991455
"OB","2026-08-30T10:00:00.000000",22.9154243469238
"OB","2026-08-30T11:00:00.000000",22.9090480804443
"OB","2026-08-30T12:00:00.000000",22.7952003479004
"OB","2026-08-30T13:00:00.000000",22.6832790374756
"OB","2026-08-30T14:00:00.000000",22.3186817169189
"OB","2026-08-30T15:00:00.000000",22.09836769104
"OB","2026-08-30T16:00:00.000000",22.3178997039795
"OB","2026-08-30T17:00:00.000000",22.5741119384766
"OB","2026-08-30T18:00:00.000000",22.7325878143311
"OB","2026-08-30T19:00:00.000000",22.8253078460693
"OB","2026-08-30T20:00:00.000000",22.8627662658691
"OB","2026-08-30T21:00:00.000000",22.8782253265381
"OB","2026-08-30T22:00:00.000000",22.8811569213867
"OB","2026-08-30T23:00:00.000000",22.8737754821777
"OB","2026-08-31T00:00:00.000000",22.7502880096436
"OB","2026-08-31T01:00:00.000000",22.2190952301025
"OB","2026-08-31T02:00:00.000000",21.8054981231689
"OB","2026-08-31T03:00:00.000000",21.647346496582
"OB","2026-08-31T04:00:00.000000",21.8292598724365
"OB","2026-08-31T05:00:00.000000",22.0586433410645
"OB","2026-08-31T06:00:00.000000",22.3261241912842
"OB","2026-08-31T07:00:00.000000",22.5482692718506
"OB","2026-08-31T08:00:00.000000",22.7138195037842
"OB","2026-08-31T09:00:00.000000",22.7685070037842
"OB","2026-08-31T10:00:00.000000",22.791675567627
"OB","2026-08-31T11:00:00.000000",22.8109474182129
"OB","2026-08-31T12:00:00.000000",22.7230968475342
"OB","2026-08-31T13:00:00.000000",22.3616561889648
"OB","2026-08-31T14:00:00.000000",21.842924118042
"OB","2026-08-31T15:00:00.000000",21.6239204406738
"OB","2026-08-31T16:00:00.000000",21.6053562164307
"OB","2026-08-31T17:00:00.000000",21.8100891113281
"OB","2026-08-31T18:00:00.000000",22.0764217376709
"OB","2026-08-31T19:00:00.000000",22.2893333435059
"OB","2026-08-31T20:00:00.000000",22.4518032073975
"OB","2026-08-31T21:00:00.000000",22.5542850494385
"OB","2026-08-31T22:00:00.000000",22.6217441558838
"OB","2026-08-31T23:00:00.000000",22.6623992919922
"OB","2026-09-01T00:00:00.000000",22.6215953826904
"OB","2026-09-01T01:00:00.000000",22.3773765563965
"OB","2026-09-01T02:00:00.000000",21.935022354126
"OB","2026-09-01T03:00:00.000000",21.6226577758789
"OB","2026-09-01T04:00:00.000000",21.5327682495117
"OB","2026-09-01T05:00:00.000000",21.6610507965088
"OB","2026-09-01T06:00:00.000000",21.8738670349121
"OB","2026-09-01T07:00:00.000000",22.09840965271
"OB","2026-09-01T08:00:00.000000",22.2818870544434
"OB","2026-09-01T09:00:00.000000",22.3868579864502
"OB","2026-09-01T10:00:00.000000",22.4557590484619
"OB","2026-09-01T11:00:00.000000",22.5148181915283
"OB","2026-09-01T12:00:00.000000",22.5159549713135
"OB","2026-09-01T13:00:00.000000",22.3421211242676
"OB","2026-09-01T14:00:00.000000",21.7409515380859
"OB","2026-09-01T15:00:00.000000",21.4656848907471
"OB","2026-09-01T16:00:00.000000",21.3768291473389
"OB","2026-09-01T17:00:00.000000",21.431324005127
"OB","2026-09-01T18:00:00.000000",21.5521602630615
"OB","2026-09-01T19:00:00.000000",21.7336692810059
"OB","2026-09-01T20:00:00.000000",21.9637660980225
"OB","2026-09-01T21:00:00.000000",22.154691696167
"OB","2026-09-01T22:00:00.000000",22.2659511566162
"OB","2026-09-01T23:00:00.000000",22.3611965179443
"OB","2026-09-02T00:00:00.000000",22.4197444915771
"WC","2026-08-27T00:00:00.000000",22.3071880340576
"WC","2026-08-27T01:00:00.000000",22.7278614044189
"WC","2026-08-27T02:00:00.000000",22.7929439544678
"WC","2026-08-27T03:00:00.000000",22.7446117401123
"WC","2026-08-27T04:00:00.000000",22.6360378265381
"WC","2026-08-27T05:00:00.000000",22.5452156066895
"WC","2026-08-27T06:00:00.000000",22.5325908660889
"WC","2026-08-27T07:00:00.000000",22.5444850921631
"WC","2026-08-27T08:00:00.000000",22.6189117431641
"WC","2026-08-27T09:00:00.000000",22.7110004425049
"WC","2026-08-27T10:00:00.000000",22.7528781890869
"WC","2026-08-27T11:00:00.000000",22.8186168670654
"WC","2026-08-27T12:00:00.000000",22.8563461303711
"WC","2026-08-27T13:00:00.000000",22.8750991821289
"WC","2026-08-27T14:00:00.000000",22.8853282928467
"WC","2026-08-27T15:00:00.000000",22.8834495544434
"WC","2026-08-27T16:00:00.000000",22.817008972168
"WC","2026-08-27T17:00:00.000000",22.7291469573975
"WC","2026-08-27T18:00:00.000000",22.6996173858643
"WC","2026-08-27T19:00:00.000000",22.6700820922852
"WC","2026-08-27T20:00:00.000000",22.7011184692383
"WC","2026-08-27T21:00:00.000000",22.8855457305908
"WC","2026-08-27T22:00:00.000000",23.1325378417969
"WC","2026-08-27T23:00:00.000000",23.3347930908203
"WC","2026-08-28T00:00:00.000000",23.3678283691406
"WC","2026-08-28T01:00:00.000000",22.8458881378174
"WC","2026-08-28T02:00:00.000000",22.7696857452393
"WC","2026-08-28T03:00:00.000000",22.7712154388428
"WC","2026-08-28T04:00:00.000000",22.701732635498
"WC","2026-08-28T05:00:00.000000",22.4578285217285
"WC","2026-08-28T06:00:00.000000",22.3575420379639
"WC","2026-08-28T07:00:00.000000",22.3367862701416
"WC","2026-08-28T08:00:00.000000",22.329195022583
"WC","2026-08-28T09:00:00.000000",22.5640277862549
"WC","2026-08-28T10:00:00.000000",22.6863040924072
"WC","2026-08-28T11:00:00.000000",22.8261566162109
"WC","2026-08-28T12:00:00.000000",22.8705577850342
"WC","2026-08-28T13:00:00.000000",22.8863925933838
"WC","2026-08-28T14:00:00.000000",22.8953189849854
"WC","2026-08-28T15:00:00.000000",22.9092407226562
"WC","2026-08-28T16:00:00.000000",22.8937034606934
"WC","2026-08-28T17:00:00.000000",22.7070388793945
"WC","2026-08-28T18:00:00.000000",22.5577030181885
"WC","2026-08-28T19:00:00.000000",22.4972724914551
"WC","2026-08-28T20:00:00.000000",22.4497394561768
"WC","2026-08-28T21:00:00.000000",22.5858325958252
"WC","2026-08-28T22:00:00.000000",22.8354110717773
"WC","2026-08-28T23:00:00.000000",23.1339511871338
"WC","2026-08-29T00:00:00.000000",23.2300243377686
"WC","2026-08-29T01:00:00.000000",23.3742179870605
"WC","2026-08-29T02:00:00.000000",23.4184093475342
"WC","2026-08-29T03:00:00.000000",23.4253883361816
"WC","2026-08-29T04:00:00.000000",23.4144535064697
"WC","2026-08-29T05:00:00.000000",23.217342376709
"WC","2026-08-29T06:00:00.000000",23.0242080688477
"WC","2026-08-29T07:00:00.000000",22.991024017334
"WC","2026-08-29T08:00:00.000000",22.9739379882812
"WC","2026-08-29T09:00:00.000000",22.9643096923828
"WC","2026-08-29T10:00:00.000000",23.2226085662842
"WC","2026-08-29T11:00:00.000000",23.297248840332
"WC","2026-08-29T12:00:00.000000",23.3895359039307
"WC","2026-08-29T13:00:00.000000",23.4220867156982
"WC","2026-08-29T14:00:00.000000",23.426815032959
"WC","2026-08-29T15:00:00.000000",23.443338394165
"WC","2026-08-29T16:00:00.000000",23.4420700073242
"WC","2026-08-29T17:00:00.000000",23.3645820617676
"WC","2026-08-29T18:00:00.000000",23.1721420288086
"WC","2026-08-29T19:00:00.000000",23.0721912384033
"WC","2026-08-29T20:00:00.000000",23.0459499359131
"WC","2026-08-29T21:00:00.000000",23.0336227416992
"WC","2026-08-29T22:00:00.000000",23.2882595062256
"WC","2026-08-29T23:00:00.000000",23.5864486694336
"WC","2026-08-30T00:00:00.000000",23.8227577209473
"WC","2026-08-30T01:00:00.000000",23.9304180145264
"WC","2026-08-30T02:00:00.000000",23.9598579406738
"WC","2026-08-30T03:00:00.000000",23.9714679718018
"WC","2026-08-30T04:00:00.000000",23.9742202758789
"WC","2026-08-30T05:00:00.000000",23.9223594665527
"WC","2026-08-30T06:00:00.000000",23.5176982879639
"WC","2026-08-30T07:00:00.000000",23.2466125488281
"WC","2026-08-30T08:00:00.000000",23.2170791625977
"WC","2026-08-30T09:00:00.000000",23.2143058776855
"WC","2026-08-30T10:00:00.000000",23.311450958252
"WC","2026-08-30T11:00:00.000000",23.6762580871582
"WC","2026-08-30T12:00:00.000000",23.8143043518066
"WC","2026-08-30T13:00:00.000000",23.9016399383545
"WC","2026-08-30T14:00:00.000000",23.9366283416748
"WC","2026-08-30T15:00:00.000000",23.9566192626953
"WC","2026-08-30T16:00:00.000000",23.9716014862061
"WC","2026-08-30T17:00:00.000000",23.9716014862061
"WC","2026-08-30T18:00:00.000000",23.9205932617188
"WC","2026-08-30T19:00:00.000000",23.6690349578857
"WC","2026-08-30T20:00:00.000000",23.530101776123
"WC","2026-08-30T21:00:00.000000",23.4187755584717
"WC","2026-08-30T22:00:00.000000",23.5507545471191
"WC","2026-08-30T23:00:00.000000",23.7164821624756
"WC","2026-08-31T00:00:00.000000",23.944486618042
"WC","2026-08-31T01:00:00.000000",24.1489944458008
"WC","2026-08-31T02:00:00.000000",24.1728801727295
"WC","2026-08-31T03:00:00.000000",24.1732921600342
"WC","2026-08-31T04:00:00.000000",24.1732921600342
"WC","2026-08-31T05:00:00.000000",24.1732921600342
"WC","2026-08-31T06:00:00.000000",24.1386318206787
"WC","2026-08-31T07:00:00.000000",23.6715869903564
"WC","2026-08-31T08:00:00.000000",23.3596878051758
"WC","2026-08-31T09:00:00.000000",23.2920608520508
"WC","2026-08-31T10:00:00.000000",23.2909717559814
"WC","2026-08-31T11:00:00.000000",23.3776206970215
"WC","2026-08-31T12:00:00.000000",23.4911327362061
"WC","2026-08-31T13:00:00.000000",24.0364971160889
"WC","2026-08-31T14:00:00.000000",24.0836944580078
"WC","2026-08-31T15:00:00.000000",24.1010932922363
"WC","2026-08-31T16:00:00.000000",24.1073417663574
"WC","2026-08-31T17:00:00.000000",24.1102733612061
"WC","2026-08-31T18:00:00.000000",24.0224590301514
"WC","2026-08-31T19:00:00.000000",23.5926399230957
"WC","2026-08-31T20:00:00.000000",23.3633556365967
"WC","2026-08-31T21:00:00.000000",23.2321929931641
"WC","2026-08-31T22:00:00.000000",23.2029628753662
"WC","2026-08-31T23:00:00.000000",23.2399597167969
"WC","2026-09-01T00:00:00.000000",23.476490020752
"WC","2026-09-01T01:00:00.000000",24.1118984222412
"WC","2026-09-01T02:00:00.000000",24.3399200439453
"WC","2026-09-01T03:00:00.000000",24.3399181365967
"WC","2026-09-01T04:00:00.000000",24.3398704528809
"WC","2026-09-01T05:00:00.000000",24.3398704528809
"WC","2026-09-01T06:00:00.000000",24.3398723602295
"WC","2026-09-01T07:00:00.000000",23.9794445037842
"WC","2026-09-01T08:00:00.000000",23.4304943084717
"WC","2026-09-01T09:00:00.000000",23.2592296600342
"WC","2026-09-01T10:00:00.000000",23.1978855133057
"WC","2026-09-01T11:00:00.000000",23.2314605712891
"WC","2026-09-01T12:00:00.000000",23.4096374511719
"WC","2026-09-01T13:00:00.000000",23.7678508758545
"WC","2026-09-01T14:00:00.000000",24.1888961791992
"WC","2026-09-01T15:00:00.000000",24.2062835693359
"WC","2026-09-01T16:00:00.000000",24.2037029266357
"WC","2026-09-01T17:00:00.000000",24.2037487030029
"WC","2026-09-01T18:00:00.000000",24.2037487030029
"WC","2026-09-01T19:00:00.000000",24.1289119720459
"WC","2026-09-01T20:00:00.000000",23.6781196594238
"WC","2026-09-01T21:00:00.000000",23.3834457397461
"WC","2026-09-01T22:00:00.000000",23.2826633453369
"WC","2026-09-01T23:00:00.000000",23.2624797821045
"WC","2026-09-02T00:00:00.000000",23.3684406280518
"WI","2026-08-27T00:00:00.000000",23.3832263946533
"WI","2026-08-27T01:00:00.000000",23.7237415313721
"WI","2026-08-27T02:00:00.000000",23.7744979858398
"WI","2026-08-27T03:00:00.000000",23.7739295959473
"WI","2026-08-27T04:00:00.000000",23.7714958190918
"WI","2026-08-27T05:00:00.000000",23.7655563354492
"WI","2026-08-27T06:00:00.000000",23.794563293457
"WI","2026-08-27T07:00:00.000000",23.8114700317383
"WI","2026-08-27T08:00:00.000000",23.8369617462158
"WI","2026-08-27T09:00:00.000000",23.805456161499
"WI","2026-08-27T10:00:00.000000",23.7662754058838
"WI","2026-08-27T11:00:00.000000",23.7505626678467
"WI","2026-08-27T12:00:00.000000",23.7755374908447
"WI","2026-08-27T13:00:00.000000",23.8575000762939
"WI","2026-08-27T14:00:00.000000",23.9672241210938
"WI","2026-08-27T15:00:00.000000",24.0721225738525
"WI","2026-08-27T16:00:00.000000",24.1552314758301
"WI","2026-08-27T17:00:00.000000",24.1972274780273
"WI","2026-08-27T18:00:00.000000",24.1121845245361
"WI","2026-08-27T19:00:00.000000",24.0940284729004
"WI","2026-08-27T20:00:00.000000",24.1250705718994
"WI","2026-08-27T21:00:00.000000",24.165584564209
"WI","2026-08-27T22:00:00.000000",24.2284374237061
"WI","2026-08-27T23:00:00.000000",24.20871925354
"WI","2026-08-28T00:00:00.000000",24.1874485015869
"WI","2026-08-28T01:00:00.000000",23.619909286499
"WI","2026-08-28T02:00:00.000000",23.5460109710693
"WI","2026-08-28T03:00:00.000000",23.5575523376465
"WI","2026-08-28T04:00:00.000000",23.5607719421387
"WI","2026-08-28T05:00:00.000000",23.5574245452881
"WI","2026-08-28T06:00:00.000000",23.5813884735107
"WI","2026-08-28T07:00:00.000000",23.5827331542969
"WI","2026-08-28T08:00:00.000000",23.5953884124756
"WI","2026-08-28T09:00:00.000000",23.6073703765869
"WI","2026-08-28T10:00:00.000000",23.5884532928467
"WI","2026-08-28T11:00:00.000000",23.5751152038574
"WI","2026-08-28T12:00:00.000000",23.5822868347168
"WI","2026-08-28T13:00:00.000000",23.6276874542236
"WI","2026-08-28T14:00:00.000000",23.7003192901611
"WI","2026-08-28T15:00:00.000000",23.783411026001
"WI","2026-08-28T16:00:00.000000",23.8568286895752
"WI","2026-08-28T17:00:00.000000",23.9448890686035
"WI","2026-08-28T18:00:00.000000",23.8955783843994
"WI","2026-08-28T19:00:00.000000",23.846830368042
"WI","2026-08-28T20:00:00.000000",23.853759765625
"WI","2026-08-28T21:00:00.000000",23.8669147491455
"WI","2026-08-28T22:00:00.000000",23.9463005065918
"WI","2026-08-28T23:00:00.000000",23.955774307251
"WI","2026-08-29T00:00:00.000000",23.9309329986572
"WI","2026-08-29T01:00:00.000000",23.3572750091553
"WI","2026-08-29T02:00:00.000000",23.2699966430664
"WI","2026-08-29T03:00:00.000000",23.2762603759766
"WI","2026-08-29T04:00:00.000000",23.2719440460205
"WI","2026-08-29T05:00:00.000000",23.2606182098389
"WI","2026-08-29T06:00:00.000000",23.2606639862061
"WI","2026-08-29T07:00:00.000000",23.2697048187256
"WI","2026-08-29T08:00:00.000000",23.260082244873
"WI","2026-08-29T09:00:00.000000",23.269811630249
"WI","2026-08-29T10:00:00.000000",23.2461261749268
"WI","2026-08-29T11:00:00.000000",23.1869010925293
"WI","2026-08-29T12:00:00.000000",23.1545486450195
"WI","2026-08-29T13:00:00.000000",23.1634826660156
"WI","2026-08-29T14:00:00.000000",23.2438278198242
"WI","2026-08-29T15:00:00.000000",23.3684902191162
"WI","2026-08-29T16:00:00.000000",23.4686431884766
"WI","2026-08-29T17:00:00.000000",23.5568523406982
"WI","2026-08-29T18:00:00.000000",23.5973892211914
"WI","2026-08-29T19:00:00.000000",23.4711112976074
"WI","2026-08-29T20:00:00.000000",23.4165077209473
"WI","2026-08-29T21:00:00.000000",23.3921241760254
"WI","2026-08-29T22:00:00.000000",23.4563331604004
"WI","2026-08-29T23:00:00.000000",23.5344696044922
"WI","2026-08-30T00:00:00.000000",23.5000858306885
"WI","2026-08-30T01:00:00.000000",23.5002670288086
"WI","2026-08-30T02:00:00.000000",23.4953937530518
"WI","2026-08-30T03:00:00.000000",23.5237331390381
"WI","2026-08-30T04:00:00.000000",23.5713329315186
"WI","2026-08-30T05:00:00.000000",23.5815010070801
"WI","2026-08-30T06:00:00.000000",23.549633026123
"WI","2026-08-30T07:00:00.000000",23.5466651916504
"WI","2026-08-30T08:00:00.000000",23.5583534240723
"WI","2026-08-30T09:00:00.000000",23.5608654022217
"WI","2026-08-30T10:00:00.000000",23.5374736785889
"WI","2026-08-30T11:00:00.000000",23.461389541626
"WI","2026-08-30T12:00:00.000000",23.3866806030273
"WI","2026-08-30T13:00:00.000000",23.3548126220703
"WI","2026-08-30T14:00:00.000000",23.3763618469238
"WI","2026-08-30T15:00:00.000000",23.4744758605957
"WI","2026-08-30T16:00:00.000000",23.5762405395508
"WI","2026-08-30T17:00:00.000000",23.647439956665
"WI","2026-08-30T18:00:00.000000",23.7085914611816
"WI","2026-08-30T19:00:00.000000",23.6692485809326
"WI","2026-08-30T20:00:00.000000",23.6010456085205
"WI","2026-08-30T21:00:00.000000",23.6143817901611
"WI","2026-08-30T22:00:00.000000",23.6567363739014
"WI","2026-08-30T23:00:00.000000",23.6911468505859
"WI","2026-08-31T00:00:00.000000",23.6838645935059
"WI","2026-08-31T01:00:00.000000",23.667573928833
"WI","2026-08-31T02:00:00.000000",23.6601409912109
"WI","2026-08-31T03:00:00.000000",23.6905517578125
"WI","2026-08-31T04:00:00.000000",23.7459335327148
"WI","2026-08-31T05:00:00.000000",23.7864875793457
"WI","2026-08-31T06:00:00.000000",23.8030090332031
"WI","2026-08-31T07:00:00.000000",23.7892608642578
"WI","2026-08-31T08:00:00.000000",23.7710704803467
"WI","2026-08-31T09:00:00.000000",23.7738971710205
"WI","2026-08-31T10:00:00.000000",23.7666473388672
"WI","2026-08-31T11:00:00.000000",23.7344303131104
"WI","2026-08-31T12:00:00.000000",23.6712951660156
"WI","2026-08-31T13:00:00.000000",23.6238250732422
"WI","2026-08-31T14:00:00.000000",23.611722946167
"WI","2026-08-31T15:00:00.000000",23.6656494140625
"WI","2026-08-31T16:00:00.000000",23.7534980773926
"WI","2026-08-31T17:00:00.000000",23.8504848480225
"WI","2026-08-31T18:00:00.000000",23.9277095794678
"WI","2026-08-31T19:00:00.000000",23.9814510345459
"WI","2026-08-31T20:00:00.000000",23.9766254425049
"WI","2026-08-31T21:00:00.000000",23.945125579834
"WI","2026-08-31T22:00:00.000000",23.9297122955322
"WI","2026-08-31T23:00:00.000000",23.9036483764648
"WI","2026-09-01T00:00:00.000000",23.9579410552979
"WI","2026-09-01T01:00:00.000000",24.002368927002
"WI","2026-09-01T02:00:00.000000",23.990213394165
"WI","2026-09-01T03:00:00.000000",23.9898986816406
"WI","2026-09-01T04:00:00.000000",24.0086269378662
"WI","2026-09-01T05:00:00.000000",24.0770244598389
"WI","2026-09-01T06:00:00.000000",24.1371326446533
"WI","2026-09-01T07:00:00.000000",24.1523303985596
"WI","2026-09-01T08:00:00.000000",24.0871162414551
"WI","2026-09-01T09:00:00.000000",24.0767917633057
"WI","2026-09-01T10:00:00.000000",24.0667819976807
"WI","2026-09-01T11:00:00.000000",24.0509815216064
"WI","2026-09-01T12:00:00.000000",24.0154781341553
"WI","2026-09-01T13:00:00.000000",23.9658985137939
"WI","2026-09-01T14:00:00.000000",23.9280128479004
"WI","2026-09-01T15:00:00.000000",23.9155406951904
"WI","2026-09-01T16:00:00.000000",23.9418392181396
"WI","2026-09-01T17:00:00.000000",24.0324840545654
"WI","2026-09-01T18:00:00.000000",24.0985279083252
"WI","2026-09-01T19:00:00.000000",24.1302223205566
"WI","2026-09-01T20:00:00.000000",24.1184463500977
"WI","2026-09-01T21:00:00.000000",24.0709571838379
"WI","2026-09-01T22:00:00.000000",24.0447692871094
"WI","2026-09-01T23:00:00.000000",24.0293292999268
"WI","2026-09-02T00:00:00.000000",24.0222854614258
