"site_id","time","temp_c"
"AQ","2026-08-07T00:00:00.000000",19.3968944549561
"AQ","2026-08-07T01:00:00.000000",20.23073387146
"AQ","2026-08-07T02:00:00.000000",20.3411293029785
"AQ","2026-08-07T03:00:00.000000",20.3510990142822
"AQ","2026-08-07T04:00:00.000000",20.3544158935547
"AQ","2026-08-07T05:00:00.000000",20.3498306274414
"AQ","2026-08-07T06:00:00.000000",20.3509140014648
"AQ","2026-08-07T07:00:00.000000",20.3514976501465
"AQ","2026-08-07T08:00:00.000000",20.3467178344727
"AQ","2026-08-07T09:00:00.000000",20.3502578735352
"AQ","2026-08-07T10:00:00.000000",20.3608341217041
"AQ","2026-08-07T11:00:00.000000",20.3634357452393
"AQ","2026-08-07T12:00:00.000000",20.3396186828613
"AQ","2026-08-07T13:00:00.000000",20.3577976226807
"AQ","2026-08-07T14:00:00.000000",20.3948726654053
"AQ","2026-08-07T15:00:00.000000",20.4371433258057
"AQ","2026-08-07T16:00:00.000000",20.4688282012939
"AQ","2026-08-07T17:00:00.000000",20.5379505157471
"AQ","2026-08-07T18:00:00.000000",20.5653667449951
"AQ","2026-08-07T19:00:00.000000",20.6984024047852
"AQ","2026-08-07T20:00:00.000000",20.772819519043
"AQ","2026-08-07T21:00:00.000000",20.820291519165
"AQ","2026-08-07T22:00:00.000000",20.8742275238037
"AQ","2026-08-07T23:00:00.000000",20.8591823577881
"AQ","2026-08-08T00:00:00.000000",20.8144588470459
"AQ","2026-08-08T01:00:00.000000",20.1806106567383
"AQ","2026-08-08T02:00:00.000000",20.1053142547607
"AQ","2026-08-08T03:00:00.000000",20.1033725738525
"AQ","2026-08-08T04:00:00.000000",20.1304359436035
"AQ","2026-08-08T05:00:00.000000",20.1497821807861
"AQ","2026-08-08T06:00:00.000000",20.1350135803223
"AQ","2026-08-08T07:00:00.000000",20.1276454925537
"AQ","2026-08-08T08:00:00.000000",20.1279945373535
"AQ","2026-08-08T09:00:00.000000",20.1300716400146
"AQ","2026-08-08T10:00:00.000000",20.1367683410645
"AQ","2026-08-08T11:00:00.000000",20.1448936462402
"AQ","2026-08-08T12:00:00.000000",20.1496753692627
"AQ","2026-08-08T13:00:00.000000",20.1686553955078
"AQ","2026-08-08T14:00:00.000000",20.2165050506592
"AQ","2026-08-08T15:00:00.000000",20.27294921875
"AQ","2026-08-08T16:00:00.000000",20.3214817047119
"AQ","2026-08-08T17:00:00.000000",20.3691692352295
"AQ","2026-08-08T18:00:00.000000",20.4539260864258
"AQ","2026-08-08T19:00:00.000000",20.4411525726318
"AQ","2026-08-08T20:00:00.000000",20.5230484008789
"AQ","2026-08-08T21:00:00.000000",20.625394821167
"AQ","2026-08-08T22:00:00.000000",20.649564743042
"AQ","2026-08-08T23:00:00.000000",20.6574630737305
"AQ","2026-08-09T00:00:00.000000",20.7333106994629
"AQ","2026-08-09T01:00:00.000000",20.3589935302734
"AQ","2026-08-09T02:00:00.000000",20.3138256072998
"AQ","2026-08-09T03:00:00.000000",20.3056545257568
"AQ","2026-08-09T04:00:00.000000",20.2704086303711
"AQ","2026-08-09T05:00:00.000000",20.2941761016846
"AQ","2026-08-09T06:00:00.000000",20.3370513916016
"AQ","2026-08-09T07:00:00.000000",20.317346572876
"AQ","2026-08-09T08:00:00.000000",20.3151760101318
"AQ","2026-08-09T09:00:00.000000",20.3269119262695
"AQ","2026-08-09T10:00:00.000000",20.33935546875
"AQ","2026-08-09T11:00:00.000000",20.3499946594238
"AQ","2026-08-09T12:00:00.000000",20.362268447876
"AQ","2026-08-09T13:00:00.000000",20.384822845459
"AQ","2026-08-09T14:00:00.000000",20.4140853881836
"AQ","2026-08-09T15:00:00.000000",20.4619884490967
"AQ","2026-08-09T16:00:00.000000",20.5203475952148
"AQ","2026-08-09T17:00:00.000000",20.5684967041016
"AQ","2026-08-09T18:00:00.000000",20.6039581298828
"AQ","2026-08-09T19:00:00.000000",20.6340656280518
"AQ","2026-08-09T20:00:00.000000",20.6121082305908
"AQ","2026-08-09T21:00:00.000000",20.6495895385742
"AQ","2026-08-09T22:00:00.000000",20.7121467590332
"AQ","2026-08-09T23:00:00.000000",20.7126197814941
"AQ","2026-08-10T00:00:00.000000",20.6962585449219
"AQ","2026-08-10T01:00:00.000000",20.7132225036621
"AQ","2026-08-10T02:00:00.000000",20.7386264801025
"AQ","2026-08-10T03:00:00.000000",20.7564735412598
"AQ","2026-08-10T04:00:00.000000",20.759973526001
"AQ","2026-08-10T05:00:00.000000",20.6483669281006
"AQ","2026-08-10T06:00:00.000000",20.6227283477783
"AQ","2026-08-10T07:00:00.000000",20.6471843719482
"AQ","2026-08-10T08:00:00.000000",20.6293067932129
"AQ","2026-08-10T09:00:00.000000",20.6785411834717
"AQ","2026-08-10T10:00:00.000000",20.727144241333
"AQ","2026-08-10T11:00:00.000000",20.7448883056641
"AQ","2026-08-10T12:00:00.000000",20.7602500915527
"AQ","2026-08-10T13:00:00.000000",20.7648010253906
"AQ","2026-08-10T14:00:00.000000",20.7762298583984
"AQ","2026-08-10T15:00:00.000000",20.7630004882812
"AQ","2026-08-10T16:00:00.000000",20.7776908874512
"AQ","2026-08-10T17:00:00.000000",20.8395519256592
"AQ","2026-08-10T18:00:00.000000",20.8783416748047
"AQ","2026-08-10T19:00:00.000000",20.9094085693359
"AQ","2026-08-10T20:00:00.000000",20.9849624633789
"AQ","2026-08-10T21:00:00.000000",21.0380344390869
"AQ","2026-08-10T22:00:00.000000",21.1033229827881
"AQ","2026-08-10T23:00:00.000000",21.1034832000732
"AQ","2026-08-11T00:00:00.000000",21.0918312072754
"AQ","2026-08-11T01:00:00.000000",21.0934829711914
"AQ","2026-08-11T02:00:00.000000",21.1026458740234
"AQ","2026-08-11T03:00:00.000000",21.1079559326172
"AQ","2026-08-11T04:00:00.000000",21.1069660186768
"AQ","2026-08-11T05:00:00.000000",21.089542388916
"AQ","2026-08-11T06:00:00.000000",21.0646629333496
"AQ","2026-08-11T07:00:00.000000",21.0358695983887
"AQ","2026-08-11T08:00:00.000000",21.0292739868164
"AQ","2026-08-11T09:00:00.000000",21.0233840942383
"AQ","2026-08-11T10:00:00.000000",21.0473117828369
"AQ","2026-08-11T11:00:00.000000",21.088436126709
"AQ","2026-08-11T12:00:00.000000",21.1086807250977
"AQ","2026-08-11T13:00:00.000000",21.1162242889404
"AQ","2026-08-11T14:00:00.000000",21.1307315826416
"AQ","2026-08-11T15:00:00.000000",21.18381690979
"AQ","2026-08-11T16:00:00.000000",21.2276573181152
"AQ","2026-08-11T17:00:00.000000",21.2658004760742
"AQ","2026-08-11T18:00:00.000000",21.3312187194824
"AQ","2026-08-11T19:00:00.000000",21.3727264404297
"AQ","2026-08-11T20:00:00.000000",21.4078006744385
"AQ","2026-08-11T21:00:00.000000",21.4306869506836
"AQ","2026-08-11T22:00:00.000000",21.4916858673096
"AQ","2026-08-11T23:00:00.000000",21.5701103210449
"AQ","2026-08-12T00:00:00.000000",21.5880432128906
"AQ","2026-08-12T01:00:00.000000",21.5292644500732
"AQ","2026-08-12T02:00:00.000000",21.477352142334
"AQ","2026-08-12T03:00:00.000000",21.5013160705566
"AQ","2026-08-12T04:00:00.000000",21.5717487335205
"AQ","2026-08-12T05:00:00.000000",21.5349712371826
"AQ","2026-08-12T06:00:00.000000",21.4902515411377
"AQ","2026-08-12T07:00:00.000000",21.4049625396729
"AQ","2026-08-12T08:00:00.000000",21.3075656890869
"AQ","2026-08-12T09:00:00.000000",21.2952461242676
"AQ","2026-08-12T10:00:00.000000",21.2806072235107
"AQ","2026-08-12T11:00:00.000000",21.4040184020996
"AQ","2026-08-12T12:00:00.000000",21.4729614257812
"AQ","2026-08-12T13:00:00.000000",21.486255645752
"AQ","2026-08-12T14:00:00.000000",21.4770088195801
"AQ","2026-08-12T15:00:00.000000",21.4875926971436
"AQ","2026-08-12T16:00:00.000000",21.5399150848389
"AQ","2026-08-12T17:00:00.000000",21.5411338806152
"AQ","2026-08-12T18:00:00.000000",21.5755844116211
"AQ","2026-08-12T19:00:00.000000",21.6170234680176
"AQ","2026-08-12T20:00:00.000000",21.6070880889893
"AQ","2026-08-12T21:00:00.000000",21.5955066680908
"AQ","2026-08-12T22:00:00.000000",21.6351127624512
"AQ","2026-08-12T23:00:00.000000",21.684497833252
"AQ","2026-08-13T00:00:00.000000",21.7397384643555
"CB","2026-08-07T00:00:00.000000",19.5635814666748
"CB","2026-08-07T01:00:00.000000",20.2784729003906
"CB","2026-08-07T02:00:00.000000",20.3486824035645
"CB","2026-08-07T03:00:00.000000",20.3473167419434
"CB","2026-08-07T04:00:00.000000",20.3453559875488
"CB","2026-08-07T05:00:00.000000",20.3457069396973
"CB","2026-08-07T06:00:00.000000",20.3684997558594
"CB","2026-08-07T07:00:00.000000",20.4124584197998
"CB","2026-08-07T08:00:00.000000",20.5604419708252
"CB","2026-08-07T09:00:00.000000",20.7925853729248
"CB","2026-08-07T10:00:00.000000",20.8669090270996
"CB","2026-08-07T11:00:00.000000",20.8026504516602
"CB","2026-08-07T12:00:00.000000",20.634449005127
"CB","2026-08-07T13:00:00.000000",20.5402393341064
"CB","2026-08-07T14:00:00.000000",20.4568977355957
"CB","2026-08-07T15:00:00.000000",20.4380340576172
"CB","2026-08-07T16:00:00.000000",20.4298057556152
"CB","2026-08-07T17:00:00.000000",20.4314670562744
"CB","2026-08-07T18:00:00.000000",20.4514026641846
"CB","2026-08-07T19:00:00.000000",20.548267364502
"CB","2026-08-07T20:00:00.000000",20.8846454620361
"CB","2026-08-07T21:00:00.000000",21.2290496826172
"CB","2026-08-07T22:00:00.000000",21.3334312438965
"CB","2026-08-07T23:00:00.000000",21.335241317749
"CB","2026-08-08T00:00:00.000000",21.0943298339844
"CB","2026-08-08T01:00:00.000000",21.2535572052002
"CB","2026-08-08T02:00:00.000000",21.1365070343018
"CB","2026-08-08T03:00:00.000000",21.0556869506836
"CB","2026-08-08T04:00:00.000000",21.0292205810547
"CB","2026-08-08T05:00:00.000000",21.0239944458008
"CB","2026-08-08T06:00:00.000000",21.0236892700195
"CB","2026-08-08T07:00:00.000000",21.0475273132324
"CB","2026-08-08T08:00:00.000000",21.0948944091797
"CB","2026-08-08T09:00:00.000000",21.2433929443359
"CB","2026-08-08T10:00:00.000000",21.4483757019043
"CB","2026-08-08T11:00:00.000000",21.5368900299072
"CB","2026-08-08T12:00:00.000000",21.526912689209
"CB","2026-08-08T13:00:00.000000",21.4094543457031
"CB","2026-08-08T14:00:00.000000",21.3154029846191
"CB","2026-08-08T15:00:00.000000",21.2091464996338
"CB","2026-08-08T16:00:00.000000",21.1648273468018
"CB","2026-08-08T17:00:00.000000",21.1545829772949
"CB","2026-08-08T18:00:00.000000",21.1532154083252
"CB","2026-08-08T19:00:00.000000",21.1769695281982
"CB","2026-08-08T20:00:00.000000",21.2929801940918
"CB","2026-08-08T21:00:00.000000",21.6227912902832
"CB","2026-08-08T22:00:00.000000",21.9348430633545
"CB","2026-08-08T23:00:00.000000",22.0393981933594
"CB","2026-08-09T00:00:00.000000",22.0719203948975
"CB","2026-08-09T01:00:00.000000",21.8798217773438
"CB","2026-08-09T02:00:00.000000",21.7714996337891
"CB","2026-08-09T03:00:00.000000",21.5350322723389
"CB","2026-08-09T04:00:00.000000",21.4465007781982
"CB","2026-08-09T05:00:00.000000",21.4295520782471
"CB","2026-08-09T06:00:00.000000",21.4239158630371
"CB","2026-08-09T07:00:00.000000",21.424446105957
"CB","2026-08-09T08:00:00.000000",21.4409523010254
"CB","2026-08-09T09:00:00.000000",21.4835548400879
"CB","2026-08-09T10:00:00.000000",21.6283493041992
"CB","2026-08-09T11:00:00.000000",21.7766647338867
"CB","2026-08-09T12:00:00.000000",21.8296375274658
"CB","2026-08-09T13:00:00.000000",21.8164710998535
"CB","2026-08-09T14:00:00.000000",21.7401905059814
"CB","2026-08-09T15:00:00.000000",21.665735244751
"CB","2026-08-09T16:00:00.000000",21.5616073608398
"CB","2026-08-09T17:00:00.000000",21.5295906066895
"CB","2026-08-09T18:00:00.000000",21.5217227935791
"CB","2026-08-09T19:00:00.000000",21.5220203399658
"CB","2026-08-09T20:00:00.000000",21.5417098999023
"CB","2026-08-09T21:00:00.000000",21.6066341400146
"CB","2026-08-09T22:00:00.000000",21.8744029998779
"CB","2026-08-09T23:00:00.000000",22.1036338806152
"CB","2026-08-10T00:00:00.000000",22.1607494354248
"CB","2026-08-10T01:00:00.000000",22.1564311981201
"CB","2026-08-10T02:00:00.000000",22.067943572998
"CB","2026-08-10T03:00:00.000000",21.9561748504639
"CB","2026-08-10T04:00:00.000000",21.7780303955078
"CB","2026-08-10T05:00:00.000000",21.7230319976807
"CB","2026-08-10T06:00:00.000000",21.7124176025391
"CB","2026-08-10T07:00:00.000000",21.7131767272949
"CB","2026-08-10T08:00:00.000000",21.7119083404541
"CB","2026-08-10T09:00:00.000000",21.7101573944092
"CB","2026-08-10T10:00:00.000000",21.7363586425781
"CB","2026-08-10T11:00:00.000000",21.8169498443604
"CB","2026-08-10T12:00:00.000000",21.8975067138672
"CB","2026-08-10T13:00:00.000000",21.9284343719482
"CB","2026-08-10T14:00:00.000000",21.9285869598389
"CB","2026-08-10T15:00:00.000000",21.9016952514648
"CB","2026-08-10T16:00:00.000000",21.8888511657715
"CB","2026-08-10T17:00:00.000000",21.8233470916748
"CB","2026-08-10T18:00:00.000000",21.8117866516113
"CB","2026-08-10T19:00:00.000000",21.808744430542
"CB","2026-08-10T20:00:00.000000",21.8100700378418
"CB","2026-08-10T21:00:00.000000",21.8160457611084
"CB","2026-08-10T22:00:00.000000",21.838399887085
"CB","2026-08-10T23:00:00.000000",22.0573406219482
"CB","2026-08-11T00:00:00.000000",22.1976070404053
"CB","2026-08-11T01:00:00.000000",22.207914352417
"CB","2026-08-11T02:00:00.000000",22.2136306762695
"CB","2026-08-11T03:00:00.000000",22.1796798706055
"CB","2026-08-11T04:00:00.000000",22.1082210540771
"CB","2026-08-11T05:00:00.000000",21.9387130737305
"CB","2026-08-11T06:00:00.000000",21.8352584838867
"CB","2026-08-11T07:00:00.000000",21.810094833374
"CB","2026-08-11T08:00:00.000000",21.8059730529785
"CB","2026-08-11T09:00:00.000000",21.8043460845947
"CB","2026-08-11T10:00:00.000000",21.8040142059326
"CB","2026-08-11T11:00:00.000000",21.8357238769531
"CB","2026-08-11T12:00:00.000000",21.9601020812988
"CB","2026-08-11T13:00:00.000000",22.0497531890869
"CB","2026-08-11T14:00:00.000000",22.0703735351562
"CB","2026-08-11T15:00:00.000000",22.0765686035156
"CB","2026-08-11T16:00:00.000000",22.0789756774902
"CB","2026-08-11T17:00:00.000000",22.0662689208984
"CB","2026-08-11T18:00:00.000000",21.9594058990479
"CB","2026-08-11T19:00:00.000000",21.9071407318115
"CB","2026-08-11T20:00:00.000000",21.8981761932373
"CB","2026-08-11T21:00:00.000000",21.8978977203369
"CB","2026-08-11T22:00:00.000000",21.9066143035889
"CB","2026-08-11T23:00:00.000000",21.949728012085
"CB","2026-08-12T00:00:00.000000",22.1408214569092
"CB","2026-08-12T01:00:00.000000",22.2699413299561
"CB","2026-08-12T02:00:00.000000",22.2863616943359
"CB","2026-08-12T03:00:00.000000",22.2984466552734
"CB","2026-08-12T04:00:00.000000",22.3003177642822
"CB","2026-08-12T05:00:00.000000",22.2580623626709
"CB","2026-08-12T06:00:00.000000",22.120189666748
"CB","2026-08-12T07:00:00.000000",22.0192070007324
"CB","2026-08-12T08:00:00.000000",21.9931735992432
"CB","2026-08-12T09:00:00.000000",21.9918193817139
"CB","2026-08-12T10:00:00.000000",21.9885005950928
"CB","2026-08-12T11:00:00.000000",21.9841060638428
"CB","2026-08-12T12:00:00.000000",22.0206127166748
"CB","2026-08-12T13:00:00.000000",22.1235847473145
"CB","2026-08-12T14:00:00.000000",22.1890430450439
"CB","2026-08-12T15:00:00.000000",22.1997356414795
"CB","2026-08-12T16:00:00.000000",22.2051219940186
"CB","2026-08-12T17:00:00.000000",22.2065258026123
"CB","2026-08-12T18:00:00.000000",22.1834449768066
"CB","2026-08-12T19:00:00.000000",22.1019248962402
"CB","2026-08-12T20:00:00.000000",22.0562629699707
"CB","2026-08-12T21:00:00.000000",22.0486087799072
"CB","2026-08-12T22:00:00.000000",22.0466651916504
"CB","2026-08-12T23:00:00.000000",22.0475997924805
"CB","2026-08-13T00:00:00.000000",22.0867500305176
"CI","2026-08-07T00:00:00.000000",19.1100635528564
"CI","2026-08-07T01:00:00.000000",20.454460144043
"CI","2026-08-07T02:00:00.000000",20.6891288757324
"CI","2026-08-07T03:00:00.000000",20.6891288757324
"CI","2026-08-07T04:00:00.000000",20.6891288757324
"CI","2026-08-07T05:00:00.000000",20.6891288757324
"CI","2026-08-07T06:00:00.000000",20.6891288757324
"CI","2026-08-07T07:00:00.000000",20.8271465301514
"CI","2026-08-07T08:00:00.000000",20.8573455810547
"CI","2026-08-07T09:00:00.000000",20.7769603729248
"CI","2026-08-07T10:00:00.000000",20.7743320465088
"CI","2026-08-07T11:00:00.000000",20.7439460754395
"CI","2026-08-07T12:00:00.000000",20.7291164398193
"CI","2026-08-07T13:00:00.000000",20.7607746124268
"CI","2026-08-07T14:00:00.000000",20.8097114562988
"CI","2026-08-07T15:00:00.000000",20.8097114562988
"CI","2026-08-07T16:00:00.000000",20.8097114562988
"CI","2026-08-07T17:00:00.000000",20.8097114562988
"CI","2026-08-07T18:00:00.000000",20.8097114562988
"CI","2026-08-07T19:00:00.000000",21.139778137207
"CI","2026-08-07T20:00:00.000000",21.1697731018066
"CI","2026-08-07T21:00:00.000000",21.1358375549316
"CI","2026-08-07T22:00:00.000000",21.0829067230225
"CI","2026-08-07T23:00:00.000000",21.1018676757812
"CI","2026-08-08T00:00:00.000000",21.096715927124
"CI","2026-08-08T01:00:00.000000",21.2435111999512
"CI","2026-08-08T02:00:00.000000",21.3011703491211
"CI","2026-08-08T03:00:00.000000",21.3172416687012
"CI","2026-08-08T04:00:00.000000",21.3172416687012
"CI","2026-08-08T05:00:00.000000",21.3172416687012
"CI","2026-08-08T06:00:00.000000",21.3172416687012
"CI","2026-08-08T07:00:00.000000",21.3172416687012
"CI","2026-08-08T08:00:00.000000",21.3985614776611
"CI","2026-08-08T09:00:00.000000",21.4196300506592
"CI","2026-08-08T10:00:00.000000",21.2678089141846
"CI","2026-08-08T11:00:00.000000",21.2156925201416
"CI","2026-08-08T12:00:00.000000",21.2515296936035
"CI","2026-08-08T13:00:00.000000",21.3478584289551
"CI","2026-08-08T14:00:00.000000",21.4161396026611
"CI","2026-08-08T15:00:00.000000",21.4677333831787
"CI","2026-08-08T16:00:00.000000",21.4680309295654
"CI","2026-08-08T17:00:00.000000",21.4680309295654
"CI","2026-08-08T18:00:00.000000",21.4680309295654
"CI","2026-08-08T19:00:00.000000",21.4680309295654
"CI","2026-08-08T20:00:00.000000",21.6712436676025
"CI","2026-08-08T21:00:00.000000",21.7040596008301
"CI","2026-08-08T22:00:00.000000",21.5577449798584
"CI","2026-08-08T23:00:00.000000",21.4502182006836
"CI","2026-08-09T00:00:00.000000",21.4959354400635
"CI","2026-08-09T01:00:00.000000",20.9597644805908
"CI","2026-08-09T02:00:00.000000",21.0277137756348
"CI","2026-08-09T03:00:00.000000",21.2054214477539
"CI","2026-08-09T04:00:00.000000",21.2651309967041
"CI","2026-08-09T05:00:00.000000",21.2651309967041
"CI","2026-08-09T06:00:00.000000",21.2651309967041
"CI","2026-08-09T07:00:00.000000",21.2651309967041
"CI","2026-08-09T08:00:00.000000",21.2651309967041
"CI","2026-08-09T09:00:00.000000",21.2651309967041
"CI","2026-08-09T10:00:00.000000",21.2379741668701
"CI","2026-08-09T11:00:00.000000",20.7545356750488
"CI","2026-08-09T12:00:00.000000",20.6370754241943
"CI","2026-08-09T13:00:00.000000",20.6662349700928
"CI","2026-08-09T14:00:00.000000",20.8657855987549
"CI","2026-08-09T15:00:00.000000",21.1168308258057
"CI","2026-08-09T16:00:00.000000",21.2903690338135
"CI","2026-08-09T17:00:00.000000",21.2813053131104
"CI","2026-08-09T18:00:00.000000",21.2813053131104
"CI","2026-08-09T19:00:00.000000",21.2813053131104
"CI","2026-08-09T20:00:00.000000",21.2813053131104
"CI","2026-08-09T21:00:00.000000",21.3781509399414
"CI","2026-08-09T22:00:00.000000",21.2896366119385
"CI","2026-08-09T23:00:00.000000",20.9432334899902
"CI","2026-08-10T00:00:00.000000",20.8974094390869
"CI","2026-08-10T01:00:00.000000",20.8499927520752
"CI","2026-08-10T02:00:00.000000",20.8634490966797
"CI","2026-08-10T03:00:00.000000",20.9429702758789
"CI","2026-08-10T04:00:00.000000",21.2607498168945
"CI","2026-08-10T05:00:00.000000",21.5485153198242
"CI","2026-08-10T06:00:00.000000",21.5485153198242
"CI","2026-08-10T07:00:00.000000",21.5485153198242
"CI","2026-08-10T08:00:00.000000",21.5485153198242
"CI","2026-08-10T09:00:00.000000",21.5485153198242
"CI","2026-08-10T10:00:00.000000",21.5485153198242
"CI","2026-08-10T11:00:00.000000",21.3528842926025
"CI","2026-08-10T12:00:00.000000",21.3667106628418
"CI","2026-08-10T13:00:00.000000",21.4254837036133
"CI","2026-08-10T14:00:00.000000",21.46169090271
"CI","2026-08-10T15:00:00.000000",21.449686050415
"CI","2026-08-10T16:00:00.000000",21.3931751251221
"CI","2026-08-10T17:00:00.000000",21.4608631134033
"CI","2026-08-10T18:00:00.000000",21.48903465271
"CI","2026-08-10T19:00:00.000000",21.48903465271
"CI","2026-08-10T20:00:00.000000",21.48903465271
"CI","2026-08-10T21:00:00.000000",21.48903465271
"CI","2026-08-10T22:00:00.000000",21.6258201599121
"CI","2026-08-10T23:00:00.000000",21.5614051818848
"CI","2026-08-11T00:00:00.000000",21.7328319549561
"CI","2026-08-11T01:00:00.000000",21.6909427642822
"CI","2026-08-11T02:00:00.000000",21.6468334197998
"CI","2026-08-11T03:00:00.000000",21.6597557067871
"CI","2026-08-11T04:00:00.000000",21.6893005371094
"CI","2026-08-11T05:00:00.000000",21.6459407806396
"CI","2026-08-11T06:00:00.000000",21.6327133178711
"CI","2026-08-11T07:00:00.000000",21.6327133178711
"CI","2026-08-11T08:00:00.000000",21.6327133178711
"CI","2026-08-11T09:00:00.000000",21.6327133178711
"CI","2026-08-11T10:00:00.000000",21.6327133178711
"CI","2026-08-11T11:00:00.000000",21.6327133178711
"CI","2026-08-11T12:00:00.000000",21.5492687225342
"CI","2026-08-11T13:00:00.000000",21.5777778625488
"CI","2026-08-11T14:00:00.000000",21.5893783569336
"CI","2026-08-11T15:00:00.000000",21.6119213104248
"CI","2026-08-11T16:00:00.000000",21.6817398071289
"CI","2026-08-11T17:00:00.000000",21.6665840148926
"CI","2026-08-11T18:00:00.000000",21.6705760955811
"CI","2026-08-11T19:00:00.000000",21.6664791107178
"CI","2026-08-11T20:00:00.000000",21.6664791107178
"CI","2026-08-11T21:00:00.000000",21.6664791107178
"CI","2026-08-11T22:00:00.000000",21.6664791107178
"CI","2026-08-11T23:00:00.000000",21.6664791107178
"CI","2026-08-12T00:00:00.000000",21.7170028686523
"CI","2026-08-12T01:00:00.000000",21.8445205688477
"CI","2026-08-12T02:00:00.000000",21.8482704162598
"CI","2026-08-12T03:00:00.000000",21.8327655792236
"CI","2026-08-12T04:00:00.000000",21.8124256134033
"CI","2026-08-12T05:00:00.000000",21.8172359466553
"CI","2026-08-12T06:00:00.000000",21.7687168121338
"CI","2026-08-12T07:00:00.000000",21.7386608123779
"CI","2026-08-12T08:00:00.000000",21.7386608123779
"CI","2026-08-12T09:00:00.000000",21.7386608123779
"CI","2026-08-12T10:00:00.000000",21.7386608123779
"CI","2026-08-12T11:00:00.000000",21.7386608123779
"CI","2026-08-12T12:00:00.000000",21.7386608123779
"CI","2026-08-12T13:00:00.000000",21.6890869140625
"CI","2026-08-12T14:00:00.000000",21.9302101135254
"CI","2026-08-12T15:00:00.000000",21.9881343841553
"CI","2026-08-12T16:00:00.000000",21.9999923706055
"CI","2026-08-12T17:00:00.000000",22.0344181060791
"CI","2026-08-12T18:00:00.000000",21.9915466308594
"CI","2026-08-12T19:00:00.000000",21.821683883667
"CI","2026-08-12T20:00:00.000000",21.8128967285156
"CI","2026-08-12T21:00:00.000000",21.8128967285156
"CI","2026-08-12T22:00:00.000000",21.8128967285156
"CI","2026-08-12T23:00:00.000000",21.8128967285156
"CI","2026-08-13T00:00:00.000000",21.8128967285156
"DC","2026-08-07T00:00:00.000000",19.877082824707
"DC","2026-08-07T01:00:00.000000",20.4548931121826
"DC","2026-08-07T02:00:00.000000",20.5293655395508
"DC","2026-08-07T03:00:00.000000",20.5293655395508
"DC","2026-08-07T04:00:00.000000",20.5293655395508
"DC","2026-08-07T05:00:00.000000",20.5293655395508
"DC","2026-08-07T06:00:00.000000",20.5293655395508
"DC","2026-08-07T07:00:00.000000",20.6836738586426
"DC","2026-08-07T08:00:00.000000",20.7219409942627
"DC","2026-08-07T09:00:00.000000",20.7534332275391
"DC","2026-08-07T10:00:00.000000",20.8052177429199
"DC","2026-08-07T11:00:00.000000",20.8163757324219
"DC","2026-08-07T12:00:00.000000",20.772180557251
"DC","2026-08-07T13:00:00.000000",20.6541919708252
"DC","2026-08-07T14:00:00.000000",20.6673698425293
"DC","2026-08-07T15:00:00.000000",20.6673698425293
"DC","2026-08-07T16:00:00.000000",20.6673698425293
"DC","2026-08-07T17:00:00.000000",20.6673698425293
"DC","2026-08-07T18:00:00.000000",20.6673698425293
"DC","2026-08-07T19:00:00.000000",21.1277923583984
"DC","2026-08-07T20:00:00.000000",21.1880950927734
"DC","2026-08-07T21:00:00.000000",21.2111053466797
"DC","2026-08-07T22:00:00.000000",21.2414703369141
"DC","2026-08-07T23:00:00.000000",21.2616958618164
"DC","2026-08-08T00:00:00.000000",21.2288799285889
"DC","2026-08-08T01:00:00.000000",21.3505420684814
"DC","2026-08-08T02:00:00.000000",21.3349380493164
"DC","2026-08-08T03:00:00.000000",21.3185062408447
"DC","2026-08-08T04:00:00.000000",21.3185062408447
"DC","2026-08-08T05:00:00.000000",21.3185062408447
"DC","2026-08-08T06:00:00.000000",21.3185062408447
"DC","2026-08-08T07:00:00.000000",21.3185062408447
"DC","2026-08-08T08:00:00.000000",21.2953872680664
"DC","2026-08-08T09:00:00.000000",21.2990913391113
"DC","2026-08-08T10:00:00.000000",21.3083820343018
"DC","2026-08-08T11:00:00.000000",21.3352718353271
"DC","2026-08-08T12:00:00.000000",21.373893737793
"DC","2026-08-08T13:00:00.000000",21.367977142334
"DC","2026-08-08T14:00:00.000000",21.2843284606934
"DC","2026-08-08T15:00:00.000000",21.3377113342285
"DC","2026-08-08T16:00:00.000000",21.3377113342285
"DC","2026-08-08T17:00:00.000000",21.3377113342285
"DC","2026-08-08T18:00:00.000000",21.3377113342285
"DC","2026-08-08T19:00:00.000000",21.3377113342285
"DC","2026-08-08T20:00:00.000000",21.8055076599121
"DC","2026-08-08T21:00:00.000000",21.8758640289307
"DC","2026-08-08T22:00:00.000000",21.887020111084
"DC","2026-08-08T23:00:00.000000",21.8934116363525
"DC","2026-08-09T00:00:00.000000",21.9020481109619
"DC","2026-08-09T01:00:00.000000",21.7509441375732
"DC","2026-08-09T02:00:00.000000",21.7810668945312
"DC","2026-08-09T03:00:00.000000",21.7632274627686
"DC","2026-08-09T04:00:00.000000",21.7539463043213
"DC","2026-08-09T05:00:00.000000",21.7539463043213
"DC","2026-08-09T06:00:00.000000",21.7539463043213
"DC","2026-08-09T07:00:00.000000",21.7539463043213
"DC","2026-08-09T08:00:00.000000",21.7539463043213
"DC","2026-08-09T09:00:00.000000",21.7071056365967
"DC","2026-08-09T10:00:00.000000",21.6625556945801
"DC","2026-08-09T11:00:00.000000",21.6402206420898
"DC","2026-08-09T12:00:00.000000",21.6468639373779
"DC","2026-08-09T13:00:00.000000",21.6727046966553
"DC","2026-08-09T14:00:00.000000",21.7056999206543
"DC","2026-08-09T15:00:00.000000",21.7162456512451
"DC","2026-08-09T16:00:00.000000",21.7657852172852
"DC","2026-08-09T17:00:00.000000",21.7657852172852
"DC","2026-08-09T18:00:00.000000",21.7657852172852
"DC","2026-08-09T19:00:00.000000",21.7657852172852
"DC","2026-08-09T20:00:00.000000",21.7657852172852
"DC","2026-08-09T21:00:00.000000",22.0304889678955
"DC","2026-08-09T22:00:00.000000",22.02516746521
"DC","2026-08-09T23:00:00.000000",21.9751472473145
"DC","2026-08-10T00:00:00.000000",21.9305210113525
"DC","2026-08-10T01:00:00.000000",21.9458312988281
"DC","2026-08-10T02:00:00.000000",22.0256042480469
"DC","2026-08-10T03:00:00.000000",22.1325759887695
"DC","2026-08-10T04:00:00.000000",22.1433238983154
"DC","2026-08-10T05:00:00.000000",22.1403331756592
"DC","2026-08-10T06:00:00.000000",22.1403331756592
"DC","2026-08-10T07:00:00.000000",22.1403331756592
"DC","2026-08-10T08:00:00.000000",22.1403331756592
"DC","2026-08-10T09:00:00.000000",22.1403331756592
"DC","2026-08-10T10:00:00.000000",22.0843315124512
"DC","2026-08-10T11:00:00.000000",21.9655055999756
"DC","2026-08-10T12:00:00.000000",21.9366836547852
"DC","2026-08-10T13:00:00.000000",21.9491634368896
"DC","2026-08-10T14:00:00.000000",21.9913368225098
"DC","2026-08-10T15:00:00.000000",22.027624130249
"DC","2026-08-10T16:00:00.000000",22.0457897186279
"DC","2026-08-10T17:00:00.000000",22.0653018951416
"DC","2026-08-10T18:00:00.000000",22.076322555542
"DC","2026-08-10T19:00:00.000000",22.076322555542
"DC","2026-08-10T20:00:00.000000",22.076322555542
"DC","2026-08-10T21:00:00.000000",22.076322555542
"DC","2026-08-10T22:00:00.000000",22.2583751678467
"DC","2026-08-10T23:00:00.000000",22.2024612426758
"DC","2026-08-11T00:00:00.000000",22.0836200714111
"DC","2026-08-11T01:00:00.000000",22.0036525726318
"DC","2026-08-11T02:00:00.000000",22.020902633667
"DC","2026-08-11T03:00:00.000000",22.1191158294678
"DC","2026-08-11T04:00:00.000000",22.1922206878662
"DC","2026-08-11T05:00:00.000000",22.2120151519775
"DC","2026-08-11T06:00:00.000000",22.2151966094971
"DC","2026-08-11T07:00:00.000000",22.2151966094971
"DC","2026-08-11T08:00:00.000000",22.2151966094971
"DC","2026-08-11T09:00:00.000000",22.2151966094971
"DC","2026-08-11T10:00:00.000000",22.2151966094971
"DC","2026-08-11T11:00:00.000000",22.1464595794678
"DC","2026-08-11T12:00:00.000000",22.023458480835
"DC","2026-08-11T13:00:00.000000",21.9674205780029
"DC","2026-08-11T14:00:00.000000",21.9519710540771
"DC","2026-08-11T15:00:00.000000",22.0181217193604
"DC","2026-08-11T16:00:00.000000",22.0763816833496
"DC","2026-08-11T17:00:00.000000",22.1205024719238
"DC","2026-08-11T18:00:00.000000",22.1797428131104
"DC","2026-08-11T19:00:00.000000",22.1850166320801
"DC","2026-08-11T20:00:00.000000",22.1850166320801
"DC","2026-08-11T21:00:00.000000",22.1850166320801
"DC","2026-08-11T22:00:00.000000",22.1850166320801
"DC","2026-08-11T23:00:00.000000",22.3397121429443
"DC","2026-08-12T00:00:00.000000",22.3175983428955
"DC","2026-08-12T01:00:00.000000",22.2308044433594
"DC","2026-08-12T02:00:00.000000",22.1546001434326
"DC","2026-08-12T03:00:00.000000",22.1549224853516
"DC","2026-08-12T04:00:00.000000",22.2199878692627
"DC","2026-08-12T05:00:00.000000",22.2902851104736
"DC","2026-08-12T06:00:00.000000",22.3294620513916
"DC","2026-08-12T07:00:00.000000",22.3320140838623
"DC","2026-08-12T08:00:00.000000",22.3320140838623
"DC","2026-08-12T09:00:00.000000",22.3320140838623
"DC","2026-08-12T10:00:00.000000",22.3320140838623
"DC","2026-08-12T11:00:00.000000",22.3320140838623
"DC","2026-08-12T12:00:00.000000",22.2502632141113
"DC","2026-08-12T13:00:00.000000",22.0915184020996
"DC","2026-08-12T14:00:00.000000",21.9980945587158
"DC","2026-08-12T15:00:00.000000",21.9501953125
"DC","2026-08-12T16:00:00.000000",21.9998016357422
"DC","2026-08-12T17:00:00.000000",22.1199436187744
"DC","2026-08-12T18:00:00.000000",22.2044086456299
"DC","2026-08-12T19:00:00.000000",22.2250785827637
"DC","2026-08-12T20:00:00.000000",22.2250785827637
"DC","2026-08-12T21:00:00.000000",22.2250785827637
"DC","2026-08-12T22:00:00.000000",22.2250785827637
"DC","2026-08-12T23:00:00.000000",22.2250785827637
"DC","2026-08-13T00:00:00.000000",21.7140159606934
"LH","2026-08-07T00:00:00.000000",19.3866443634033
"LH","2026-08-07T01:00:00.000000",20.2455806732178
"LH","2026-08-07T02:00:00.000000",20.3717269897461
"LH","2026-08-07T03:00:00.000000",20.4148998260498
"LH","2026-08-07T04:00:00.000000",20.4152183532715
"LH","2026-08-07T05:00:00.000000",20.4152183532715
"LH","2026-08-07T06:00:00.000000",20.4152183532715
"LH","2026-08-07T07:00:00.000000",20.425802230835
"LH","2026-08-07T08:00:00.000000",20.4980716705322
"LH","2026-08-07T09:00:00.000000",20.5260124206543
"LH","2026-08-07T10:00:00.000000",20.5283985137939
"LH","2026-08-07T11:00:00.000000",20.5305690765381
"LH","2026-08-07T12:00:00.000000",20.4853439331055
"LH","2026-08-07T13:00:00.000000",20.4642906188965
"LH","2026-08-07T14:00:00.000000",20.4364070892334
"LH","2026-08-07T15:00:00.000000",20.4563579559326
"LH","2026-08-07T16:00:00.000000",20.4717216491699
"LH","2026-08-07T17:00:00.000000",20.4717216491699
"LH","2026-08-07T18:00:00.000000",20.4717216491699
"LH","2026-08-07T19:00:00.000000",20.7171688079834
"LH","2026-08-07T20:00:00.000000",20.9204864501953
"LH","2026-08-07T21:00:00.000000",21.0048542022705
"LH","2026-08-07T22:00:00.000000",21.0231323242188
"LH","2026-08-07T23:00:00.000000",21.0221652984619
"LH","2026-08-08T00:00:00.000000",20.9707489013672
"LH","2026-08-08T01:00:00.000000",20.3069896697998
"LH","2026-08-08T02:00:00.000000",20.2726249694824
"LH","2026-08-08T03:00:00.000000",20.3361587524414
"LH","2026-08-08T04:00:00.000000",20.3812694549561
"LH","2026-08-08T05:00:00.000000",20.3839378356934
"LH","2026-08-08T06:00:00.000000",20.3839378356934
"LH","2026-08-08T07:00:00.000000",20.3839378356934
"LH","2026-08-08T08:00:00.000000",20.2851848602295
"LH","2026-08-08T09:00:00.000000",20.2890453338623
"LH","2026-08-08T10:00:00.000000",20.3255367279053
"LH","2026-08-08T11:00:00.000000",20.3333759307861
"LH","2026-08-08T12:00:00.000000",20.3385944366455
"LH","2026-08-08T13:00:00.000000",20.3096656799316
"LH","2026-08-08T14:00:00.000000",20.318452835083
"LH","2026-08-08T15:00:00.000000",20.3117904663086
"LH","2026-08-08T16:00:00.000000",20.3204956054688
"LH","2026-08-08T17:00:00.000000",20.3363037109375
"LH","2026-08-08T18:00:00.000000",20.3363037109375
"LH","2026-08-08T19:00:00.000000",20.3363037109375
"LH","2026-08-08T20:00:00.000000",20.5398807525635
"LH","2026-08-08T21:00:00.000000",20.7398872375488
"LH","2026-08-08T22:00:00.000000",20.8272743225098
"LH","2026-08-08T23:00:00.000000",20.8400192260742
"LH","2026-08-09T00:00:00.000000",20.8399887084961
"LH","2026-08-09T01:00:00.000000",20.6582660675049
"LH","2026-08-09T02:00:00.000000",20.4945049285889
"LH","2026-08-09T03:00:00.000000",20.5882663726807
"LH","2026-08-09T04:00:00.000000",20.7147693634033
"LH","2026-08-09T05:00:00.000000",20.7339878082275
"LH","2026-08-09T06:00:00.000000",20.7110424041748
"LH","2026-08-09T07:00:00.000000",20.7110424041748
"LH","2026-08-09T08:00:00.000000",20.7110424041748
"LH","2026-08-09T09:00:00.000000",20.5944004058838
"LH","2026-08-09T10:00:00.000000",20.4980087280273
"LH","2026-08-09T11:00:00.000000",20.4828052520752
"LH","2026-08-09T12:00:00.000000",20.4779872894287
"LH","2026-08-09T13:00:00.000000",20.5058078765869
"LH","2026-08-09T14:00:00.000000",20.5114288330078
"LH","2026-08-09T15:00:00.000000",20.5309772491455
"LH","2026-08-09T16:00:00.000000",20.5116348266602
"LH","2026-08-09T17:00:00.000000",20.5291614532471
"LH","2026-08-09T18:00:00.000000",20.5527572631836
"LH","2026-08-09T19:00:00.000000",20.5527572631836
"LH","2026-08-09T20:00:00.000000",20.5527572631836
"LH","2026-08-09T21:00:00.000000",20.677942276001
"LH","2026-08-09T22:00:00.000000",20.7186794281006
"LH","2026-08-09T23:00:00.000000",20.7610645294189
"LH","2026-08-10T00:00:00.000000",20.7758121490479
"LH","2026-08-10T01:00:00.000000",20.7677745819092
"LH","2026-08-10T02:00:00.000000",20.8156700134277
"LH","2026-08-10T03:00:00.000000",20.7879619598389
"LH","2026-08-10T04:00:00.000000",20.9105987548828
"LH","2026-08-10T05:00:00.000000",21.0467853546143
"LH","2026-08-10T06:00:00.000000",21.1715297698975
"LH","2026-08-10T07:00:00.000000",21.1462593078613
"LH","2026-08-10T08:00:00.000000",21.1462593078613
"LH","2026-08-10T09:00:00.000000",21.1462593078613
"LH","2026-08-10T10:00:00.000000",21.1462593078613
"LH","2026-08-10T11:00:00.000000",20.7128849029541
"LH","2026-08-10T12:00:00.000000",20.6286907196045
"LH","2026-08-10T13:00:00.000000",20.6160755157471
"LH","2026-08-10T14:00:00.000000",20.6185684204102
"LH","2026-08-10T15:00:00.000000",20.6660938262939
"LH","2026-08-10T16:00:00.000000",20.7224178314209
"LH","2026-08-10T17:00:00.000000",20.7278327941895
"LH","2026-08-10T18:00:00.000000",20.8152828216553
"LH","2026-08-10T19:00:00.000000",20.8502807617188
"LH","2026-08-10T20:00:00.000000",20.8502807617188
"LH","2026-08-10T21:00:00.000000",20.8502807617188
"LH","2026-08-10T22:00:00.000000",20.8850002288818
"LH","2026-08-10T23:00:00.000000",20.9000682830811
"LH","2026-08-11T00:00:00.000000",21.0339641571045
"LH","2026-08-11T01:00:00.000000",21.0420207977295
"LH","2026-08-11T02:00:00.000000",21.0311241149902
"LH","2026-08-11T03:00:00.000000",21.0254497528076
"LH","2026-08-11T04:00:00.000000",20.8968372344971
"LH","2026-08-11T05:00:00.000000",20.885368347168
"LH","2026-08-11T06:00:00.000000",20.8766422271729
"LH","2026-08-11T07:00:00.000000",20.9041728973389
"LH","2026-08-11T08:00:00.000000",20.9067058563232
"LH","2026-08-11T09:00:00.000000",20.9067058563232
"LH","2026-08-11T10:00:00.000000",20.9067058563232
"LH","2026-08-11T11:00:00.000000",20.9098720550537
"LH","2026-08-11T12:00:00.000000",20.9538135528564
"LH","2026-08-11T13:00:00.000000",21.0005493164062
"LH","2026-08-11T14:00:00.000000",21.0036888122559
"LH","2026-08-11T15:00:00.000000",21.0028514862061
"LH","2026-08-11T16:00:00.000000",20.9968662261963
"LH","2026-08-11T17:00:00.000000",20.9166259765625
"LH","2026-08-11T18:00:00.000000",20.8978672027588
"LH","2026-08-11T19:00:00.000000",20.8971252441406
"LH","2026-08-11T20:00:00.000000",20.9306735992432
"LH","2026-08-11T21:00:00.000000",20.9306735992432
"LH","2026-08-11T22:00:00.000000",20.9306735992432
"LH","2026-08-11T23:00:00.000000",21.0398998260498
"LH","2026-08-12T00:00:00.000000",21.1217041015625
"LH","2026-08-12T01:00:00.000000",21.1648082733154
"LH","2026-08-12T02:00:00.000000",21.1708488464355
"LH","2026-08-12T03:00:00.000000",21.1767425537109
"LH","2026-08-12T04:00:00.000000",21.1758708953857
"LH","2026-08-12T05:00:00.000000",21.0701732635498
"LH","2026-08-12T06:00:00.000000",21.0309734344482
"LH","2026-08-12T07:00:00.000000",20.995548248291
"LH","2026-08-12T08:00:00.000000",20.9919700622559
"LH","2026-08-12T09:00:00.000000",20.9966850280762
"LH","2026-08-12T10:00:00.000000",20.9966850280762
"LH","2026-08-12T11:00:00.000000",20.9966850280762
"LH","2026-08-12T12:00:00.000000",20.9980812072754
"LH","2026-08-12T13:00:00.000000",21.0640106201172
"LH","2026-08-12T14:00:00.000000",21.0781860351562
"LH","2026-08-12T15:00:00.000000",21.0870571136475
"LH","2026-08-12T16:00:00.000000",21.0873851776123
"LH","2026-08-12T17:00:00.000000",21.0823612213135
"LH","2026-08-12T18:00:00.000000",21.0416145324707
"LH","2026-08-12T19:00:00.000000",21.000883102417
"LH","2026-08-12T20:00:00.000000",21.0053997039795
"LH","2026-08-12T21:00:00.000000",21.0136470794678
"LH","2026-08-12T22:00:00.000000",21.0136470794678
"LH","2026-08-12T23:00:00.000000",21.0136470794678
"LH","2026-08-13T00:00:00.000000",21.1107273101807
"NB","2026-08-07T00:00:00.000000",19.2918491363525
"NB","2026-08-07T01:00:00.000000",19.8641338348389
"NB","2026-08-07T02:00:00.000000",19.9555110931396
"NB","2026-08-07T03:00:00.000000",19.9802169799805
"NB","2026-08-07T04:00:00.000000",19.9802169799805
"NB","2026-08-07T05:00:00.000000",19.9802169799805
"NB","2026-08-07T06:00:00.000000",19.9462661743164
"NB","2026-08-07T07:00:00.000000",19.9447364807129
"NB","2026-08-07T08:00:00.000000",19.954496383667
"NB","2026-08-07T09:00:00.000000",19.9653091430664
"NB","2026-08-07T10:00:00.000000",19.9769191741943
"NB","2026-08-07T11:00:00.000000",19.9954395294189
"NB","2026-08-07T12:00:00.000000",20.0186748504639
"NB","2026-08-07T13:00:00.000000",20.0291309356689
"NB","2026-08-07T14:00:00.000000",20.0377559661865
"NB","2026-08-07T15:00:00.000000",20.0719127655029
"NB","2026-08-07T16:00:00.000000",20.0804862976074
"NB","2026-08-07T17:00:00.000000",20.0813636779785
"NB","2026-08-07T18:00:00.000000",20.305118560791
"NB","2026-08-07T19:00:00.000000",20.3799095153809
"NB","2026-08-07T20:00:00.000000",20.4325790405273
"NB","2026-08-07T21:00:00.000000",20.4604110717773
"NB","2026-08-07T22:00:00.000000",20.4768962860107
"NB","2026-08-07T23:00:00.000000",20.4861297607422
"NB","2026-08-08T00:00:00.000000",20.4886283874512
"NB","2026-08-08T01:00:00.000000",20.8113346099854
"NB","2026-08-08T02:00:00.000000",20.8786029815674
"NB","2026-08-08T03:00:00.000000",20.894250869751
"NB","2026-08-08T04:00:00.000000",20.9520320892334
"NB","2026-08-08T05:00:00.000000",20.9520320892334
"NB","2026-08-08T06:00:00.000000",20.9520320892334
"NB","2026-08-08T07:00:00.000000",20.8732986450195
"NB","2026-08-08T08:00:00.000000",20.869197845459
"NB","2026-08-08T09:00:00.000000",20.8642864227295
"NB","2026-08-08T10:00:00.000000",20.8631553649902
"NB","2026-08-08T11:00:00.000000",20.8659286499023
"NB","2026-08-08T12:00:00.000000",20.8709888458252
"NB","2026-08-08T13:00:00.000000",20.8879623413086
"NB","2026-08-08T14:00:00.000000",20.9176940917969
"NB","2026-08-08T15:00:00.000000",20.9581069946289
"NB","2026-08-08T16:00:00.000000",21.0364074707031
"NB","2026-08-08T17:00:00.000000",21.0976848602295
"NB","2026-08-08T18:00:00.000000",21.1629314422607
"NB","2026-08-08T19:00:00.000000",21.3557624816895
"NB","2026-08-08T20:00:00.000000",21.4266090393066
"NB","2026-08-08T21:00:00.000000",21.4769248962402
"NB","2026-08-08T22:00:00.000000",21.5053997039795
"NB","2026-08-08T23:00:00.000000",21.5211181640625
"NB","2026-08-09T00:00:00.000000",21.524543762207
"NB","2026-08-09T01:00:00.000000",21.0518093109131
"NB","2026-08-09T02:00:00.000000",20.981861114502
"NB","2026-08-09T03:00:00.000000",20.9851341247559
"NB","2026-08-09T04:00:00.000000",20.9990787506104
"NB","2026-08-09T05:00:00.000000",21.0334320068359
"NB","2026-08-09T06:00:00.000000",21.0334320068359
"NB","2026-08-09T07:00:00.000000",21.0334320068359
"NB","2026-08-09T08:00:00.000000",20.9813690185547
"NB","2026-08-09T09:00:00.000000",20.9763889312744
"NB","2026-08-09T10:00:00.000000",20.977222442627
"NB","2026-08-09T11:00:00.000000",20.9778861999512
"NB","2026-08-09T12:00:00.000000",20.9808216094971
"NB","2026-08-09T13:00:00.000000",20.9846019744873
"NB","2026-08-09T14:00:00.000000",20.9931735992432
"NB","2026-08-09T15:00:00.000000",21.0182800292969
"NB","2026-08-09T16:00:00.000000",21.0506801605225
"NB","2026-08-09T17:00:00.000000",21.1072025299072
"NB","2026-08-09T18:00:00.000000",21.1511363983154
"NB","2026-08-09T19:00:00.000000",21.1511363983154
"NB","2026-08-09T20:00:00.000000",21.3116436004639
"NB","2026-08-09T21:00:00.000000",21.3479690551758
"NB","2026-08-09T22:00:00.000000",21.3785552978516
"NB","2026-08-09T23:00:00.000000",21.3835868835449
"NB","2026-08-10T00:00:00.000000",21.3820552825928
"NB","2026-08-10T01:00:00.000000",21.4138984680176
"NB","2026-08-10T02:00:00.000000",21.4586982727051
"NB","2026-08-10T03:00:00.000000",21.4908428192139
"NB","2026-08-10T04:00:00.000000",21.4908428192139
"NB","2026-08-10T05:00:00.000000",21.4908428192139
"NB","2026-08-10T06:00:00.000000",21.4908313751221
"NB","2026-08-10T07:00:00.000000",21.4908313751221
"NB","2026-08-10T08:00:00.000000",21.4908313751221
"NB","2026-08-10T09:00:00.000000",21.4476871490479
"NB","2026-08-10T10:00:00.000000",21.4232501983643
"NB","2026-08-10T11:00:00.000000",21.4053382873535
"NB","2026-08-10T12:00:00.000000",21.3922882080078
"NB","2026-08-10T13:00:00.000000",21.3916339874268
"NB","2026-08-10T14:00:00.000000",21.3924884796143
"NB","2026-08-10T15:00:00.000000",21.3924922943115
"NB","2026-08-10T16:00:00.000000",21.411642074585
"NB","2026-08-10T17:00:00.000000",21.4570751190186
"NB","2026-08-10T18:00:00.000000",21.5077667236328
"NB","2026-08-10T19:00:00.000000",21.5539989471436
"NB","2026-08-10T20:00:00.000000",21.5539989471436
"NB","2026-08-10T21:00:00.000000",21.6327705383301
"NB","2026-08-10T22:00:00.000000",21.6394176483154
"NB","2026-08-10T23:00:00.000000",21.6394176483154
"NB","2026-08-11T00:00:00.000000",21.6394100189209
"NB","2026-08-11T01:00:00.000000",21.6393871307373
"NB","2026-08-11T02:00:00.000000",21.6393909454346
"NB","2026-08-11T03:00:00.000000",21.6401290893555
"NB","2026-08-11T04:00:00.000000",21.6434001922607
"NB","2026-08-11T05:00:00.000000",21.6491165161133
"NB","2026-08-11T06:00:00.000000",21.6601085662842
"NB","2026-08-11T07:00:00.000000",21.6602230072021
"NB","2026-08-11T08:00:00.000000",21.6602230072021
"NB","2026-08-11T09:00:00.000000",21.6602230072021
"NB","2026-08-11T10:00:00.000000",21.6597576141357
"NB","2026-08-11T11:00:00.000000",21.6483135223389
"NB","2026-08-11T12:00:00.000000",21.6359767913818
"NB","2026-08-11T13:00:00.000000",21.6350517272949
"NB","2026-08-11T14:00:00.000000",21.6480312347412
"NB","2026-08-11T15:00:00.000000",21.6615180969238
"NB","2026-08-11T16:00:00.000000",21.6821880340576
"NB","2026-08-11T17:00:00.000000",21.706018447876
"NB","2026-08-11T18:00:00.000000",21.733268737793
"NB","2026-08-11T19:00:00.000000",21.7701320648193
"NB","2026-08-11T20:00:00.000000",21.7978610992432
"NB","2026-08-11T21:00:00.000000",21.7978610992432
"NB","2026-08-11T22:00:00.000000",21.9400844573975
"NB","2026-08-11T23:00:00.000000",21.9814548492432
"NB","2026-08-12T00:00:00.000000",22.0013637542725
"NB","2026-08-12T01:00:00.000000",22.0086040496826
"NB","2026-08-12T02:00:00.000000",22.0142803192139
"NB","2026-08-12T03:00:00.000000",22.014274597168
"NB","2026-08-12T04:00:00.000000",22.0142803192139
"NB","2026-08-12T05:00:00.000000",22.0329723358154
"NB","2026-08-12T06:00:00.000000",22.0377788543701
"NB","2026-08-12T07:00:00.000000",22.0377769470215
"NB","2026-08-12T08:00:00.000000",22.0377750396729
"NB","2026-08-12T09:00:00.000000",22.0377750396729
"NB","2026-08-12T10:00:00.000000",22.0377750396729
"NB","2026-08-12T11:00:00.000000",21.9981098175049
"NB","2026-08-12T12:00:00.000000",21.9595470428467
"NB","2026-08-12T13:00:00.000000",21.9472045898438
"NB","2026-08-12T14:00:00.000000",21.9477519989014
"NB","2026-08-12T15:00:00.000000",21.956485748291
"NB","2026-08-12T16:00:00.000000",21.956485748291
"NB","2026-08-12T17:00:00.000000",21.9647808074951
"NB","2026-08-12T18:00:00.000000",21.9792518615723
"NB","2026-08-12T19:00:00.000000",22.0149517059326
"NB","2026-08-12T20:00:00.000000",22.045991897583
"NB","2026-08-12T21:00:00.000000",22.045991897583
"NB","2026-08-12T22:00:00.000000",22.045991897583
"NB","2026-08-12T23:00:00.000000",22.0628795623779
"NB","2026-08-13T00:00:00.000000",22.0719108581543
"PC","2026-08-07T00:00:00.000000",19.5019359588623
"PC","2026-08-07T01:00:00.000000",21.0450096130371
"PC","2026-08-07T02:00:00.000000",21.2708473205566
"PC","2026-08-07T03:00:00.000000",21.2730770111084
"PC","2026-08-07T04:00:00.000000",21.2729816436768
"PC","2026-08-07T05:00:00.000000",21.2731475830078
"PC","2026-08-07T06:00:00.000000",21.2731628417969
"PC","2026-08-07T07:00:00.000000",21.2732524871826
"PC","2026-08-07T08:00:00.000000",21.2733192443848
"PC","2026-08-07T09:00:00.000000",21.1401309967041
"PC","2026-08-07T10:00:00.000000",20.9894142150879
"PC","2026-08-07T11:00:00.000000",20.9874744415283
"PC","2026-08-07T12:00:00.000000",21.0130958557129
"PC","2026-08-07T13:00:00.000000",21.1263084411621
"PC","2026-08-07T14:00:00.000000",21.1493072509766
"PC","2026-08-07T15:00:00.000000",21.1472148895264
"PC","2026-08-07T16:00:00.000000",21.146671295166
"PC","2026-08-07T17:00:00.000000",21.1474189758301
"PC","2026-08-07T18:00:00.000000",21.1483459472656
"PC","2026-08-07T19:00:00.000000",21.1492023468018
"PC","2026-08-07T20:00:00.000000",21.1523952484131
"PC","2026-08-07T21:00:00.000000",21.3248558044434
"PC","2026-08-07T22:00:00.000000",21.3763408660889
"PC","2026-08-07T23:00:00.000000",21.3868389129639
"PC","2026-08-08T00:00:00.000000",21.3797912597656
"PC","2026-08-08T01:00:00.000000",21.720386505127
"PC","2026-08-08T02:00:00.000000",21.7401523590088
"PC","2026-08-08T03:00:00.000000",21.7290458679199
"PC","2026-08-08T04:00:00.000000",21.7255382537842
"PC","2026-08-08T05:00:00.000000",21.7259216308594
"PC","2026-08-08T06:00:00.000000",21.7260608673096
"PC","2026-08-08T07:00:00.000000",21.7261505126953
"PC","2026-08-08T08:00:00.000000",21.7261486053467
"PC","2026-08-08T09:00:00.000000",21.7265205383301
"PC","2026-08-08T10:00:00.000000",21.6489677429199
"PC","2026-08-08T11:00:00.000000",21.5255260467529
"PC","2026-08-08T12:00:00.000000",21.5523624420166
"PC","2026-08-08T13:00:00.000000",21.55979347229
"PC","2026-08-08T14:00:00.000000",21.622034072876
"PC","2026-08-08T15:00:00.000000",21.6382675170898
"PC","2026-08-08T16:00:00.000000",21.6352882385254
"PC","2026-08-08T17:00:00.000000",21.6352233886719
"PC","2026-08-08T18:00:00.000000",21.6352214813232
"PC","2026-08-08T19:00:00.000000",21.6352233886719
"PC","2026-08-08T20:00:00.000000",21.6352214813232
"PC","2026-08-08T21:00:00.000000",21.6474800109863
"PC","2026-08-08T22:00:00.000000",21.8228168487549
"PC","2026-08-08T23:00:00.000000",21.8713359832764
"PC","2026-08-09T00:00:00.000000",21.892484664917
"PC","2026-08-09T01:00:00.000000",21.223482131958
"PC","2026-08-09T02:00:00.000000",21.1384887695312
"PC","2026-08-09T03:00:00.000000",21.0747966766357
"PC","2026-08-09T04:00:00.000000",21.0817279815674
"PC","2026-08-09T05:00:00.000000",21.0973968505859
"PC","2026-08-09T06:00:00.000000",21.1006774902344
"PC","2026-08-09T07:00:00.000000",21.1014957427979
"PC","2026-08-09T08:00:00.000000",21.1015892028809
"PC","2026-08-09T09:00:00.000000",21.1012554168701
"PC","2026-08-09T10:00:00.000000",21.1016902923584
"PC","2026-08-09T11:00:00.000000",21.144552230835
"PC","2026-08-09T12:00:00.000000",20.9424057006836
"PC","2026-08-09T13:00:00.000000",20.9044094085693
"PC","2026-08-09T14:00:00.000000",20.9323253631592
"PC","2026-08-09T15:00:00.000000",21.0447444915771
"PC","2026-08-09T16:00:00.000000",21.0774307250977
"PC","2026-08-09T17:00:00.000000",21.0982780456543
"PC","2026-08-09T18:00:00.000000",21.1006774902344
"PC","2026-08-09T19:00:00.000000",21.1015300750732
"PC","2026-08-09T20:00:00.000000",21.1013145446777
"PC","2026-08-09T21:00:00.000000",21.1008911132812
"PC","2026-08-09T22:00:00.000000",21.1034622192383
"PC","2026-08-09T23:00:00.000000",21.1305484771729
"PC","2026-08-10T00:00:00.000000",21.0567016601562
"PC","2026-08-10T01:00:00.000000",20.9338111877441
"PC","2026-08-10T02:00:00.000000",20.9251461029053
"PC","2026-08-10T03:00:00.000000",21.0395622253418
"PC","2026-08-10T04:00:00.000000",21.1432018280029
"PC","2026-08-10T05:00:00.000000",21.1738586425781
"PC","2026-08-10T06:00:00.000000",21.1871395111084
"PC","2026-08-10T07:00:00.000000",21.1884155273438
"PC","2026-08-10T08:00:00.000000",21.1886043548584
"PC","2026-08-10T09:00:00.000000",21.1889820098877
"PC","2026-08-10T10:00:00.000000",21.1898956298828
"PC","2026-08-10T11:00:00.000000",21.1903381347656
"PC","2026-08-10T12:00:00.000000",21.2647075653076
"PC","2026-08-10T13:00:00.000000",21.14306640625
"PC","2026-08-10T14:00:00.000000",21.1267375946045
"PC","2026-08-10T15:00:00.000000",21.1185245513916
"PC","2026-08-10T16:00:00.000000",21.1884136199951
"PC","2026-08-10T17:00:00.000000",21.2443065643311
"PC","2026-08-10T18:00:00.000000",21.2567100524902
"PC","2026-08-10T19:00:00.000000",21.2593383789062
"PC","2026-08-10T20:00:00.000000",21.2601985931396
"PC","2026-08-10T21:00:00.000000",21.2607135772705
"PC","2026-08-10T22:00:00.000000",21.2608013153076
"PC","2026-08-10T23:00:00.000000",21.2608776092529
"PC","2026-08-11T00:00:00.000000",21.3883094787598
"PC","2026-08-11T01:00:00.000000",21.4453601837158
"PC","2026-08-11T02:00:00.000000",21.4440517425537
"PC","2026-08-11T03:00:00.000000",21.4359111785889
"PC","2026-08-11T04:00:00.000000",21.4333457946777
"PC","2026-08-11T05:00:00.000000",21.387882232666
"PC","2026-08-11T06:00:00.000000",21.3870544433594
"PC","2026-08-11T07:00:00.000000",21.3870849609375
"PC","2026-08-11T08:00:00.000000",21.387113571167
"PC","2026-08-11T09:00:00.000000",21.387113571167
"PC","2026-08-11T10:00:00.000000",21.387113571167
"PC","2026-08-11T11:00:00.000000",21.3871173858643
"PC","2026-08-11T12:00:00.000000",21.3871173858643
"PC","2026-08-11T13:00:00.000000",21.4483470916748
"PC","2026-08-11T14:00:00.000000",21.4793071746826
"PC","2026-08-11T15:00:00.000000",21.4872417449951
"PC","2026-08-11T16:00:00.000000",21.4831504821777
"PC","2026-08-11T17:00:00.000000",21.4605102539062
"PC","2026-08-11T18:00:00.000000",21.4449901580811
"PC","2026-08-11T19:00:00.000000",21.4450073242188
"PC","2026-08-11T20:00:00.000000",21.4450531005859
"PC","2026-08-11T21:00:00.000000",21.4450702667236
"PC","2026-08-11T22:00:00.000000",21.445068359375
"PC","2026-08-11T23:00:00.000000",21.4450702667236
"PC","2026-08-12T00:00:00.000000",21.4507484436035
"PC","2026-08-12T01:00:00.000000",21.5684757232666
"PC","2026-08-12T02:00:00.000000",21.6951274871826
"PC","2026-08-12T03:00:00.000000",21.73876953125
"PC","2026-08-12T04:00:00.000000",21.7311763763428
"PC","2026-08-12T05:00:00.000000",21.7043533325195
"PC","2026-08-12T06:00:00.000000",21.5750579833984
"PC","2026-08-12T07:00:00.000000",21.5701866149902
"PC","2026-08-12T08:00:00.000000",21.5665874481201
"PC","2026-08-12T09:00:00.000000",21.5662517547607
"PC","2026-08-12T10:00:00.000000",21.5662517547607
"PC","2026-08-12T11:00:00.000000",21.5662536621094
"PC","2026-08-12T12:00:00.000000",21.5662536621094
"PC","2026-08-12T13:00:00.000000",21.5662670135498
"PC","2026-08-12T14:00:00.000000",21.6294689178467
"PC","2026-08-12T15:00:00.000000",21.7238388061523
"PC","2026-08-12T16:00:00.000000",21.7773475646973
"PC","2026-08-12T17:00:00.000000",21.7692184448242
"PC","2026-08-12T18:00:00.000000",21.6688899993896
"PC","2026-08-12T19:00:00.000000",21.6367225646973
"PC","2026-08-12T20:00:00.000000",21.6323375701904
"PC","2026-08-12T21:00:00.000000",21.6317272186279
"PC","2026-08-12T22:00:00.000000",21.6317272186279
"PC","2026-08-12T23:00:00.000000",21.6317272186279
"PC","2026-08-13T00:00:00.000000",21.6317272186279
"PV","2026-08-07T00:00:00.000000",19.6019248962402
"PV","2026-08-07T01:00:00.000000",20.3497791290283
"PV","2026-08-07T02:00:00.000000",20.4619636535645
"PV","2026-08-07T03:00:00.000000",20.4695701599121
"PV","2026-08-07T04:00:00.000000",20.4695701599121
"PV","2026-08-07T05:00:00.000000",20.4695701599121
"PV","2026-08-07T06:00:00.000000",20.4925365447998
"PV","2026-08-07T07:00:00.000000",20.5039978027344
"PV","2026-08-07T08:00:00.000000",20.5109272003174
"PV","2026-08-07T09:00:00.000000",20.5139446258545
"PV","2026-08-07T10:00:00.000000",20.5109348297119
"PV","2026-08-07T11:00:00.000000",20.5016555786133
"PV","2026-08-07T12:00:00.000000",20.5127696990967
"PV","2026-08-07T13:00:00.000000",20.528938293457
"PV","2026-08-07T14:00:00.000000",20.5481300354004
"PV","2026-08-07T15:00:00.000000",20.5688438415527
"PV","2026-08-07T16:00:00.000000",20.5689392089844
"PV","2026-08-07T17:00:00.000000",20.6187324523926
"PV","2026-08-07T18:00:00.000000",20.6278686523438
"PV","2026-08-07T19:00:00.000000",20.6497421264648
"PV","2026-08-07T20:00:00.000000",20.6703987121582
"PV","2026-08-07T21:00:00.000000",20.6878261566162
"PV","2026-08-07T22:00:00.000000",20.7227973937988
"PV","2026-08-07T23:00:00.000000",20.7565937042236
"PV","2026-08-08T00:00:00.000000",20.7947025299072
"PV","2026-08-08T01:00:00.000000",20.237548828125
"PV","2026-08-08T02:00:00.000000",20.172477722168
"PV","2026-08-08T03:00:00.000000",20.1916122436523
"PV","2026-08-08T04:00:00.000000",20.2153625488281
"PV","2026-08-08T05:00:00.000000",20.2153625488281
"PV","2026-08-08T06:00:00.000000",20.2153625488281
"PV","2026-08-08T07:00:00.000000",20.2666130065918
"PV","2026-08-08T08:00:00.000000",20.2749462127686
"PV","2026-08-08T09:00:00.000000",20.2791900634766
"PV","2026-08-08T10:00:00.000000",20.2827224731445
"PV","2026-08-08T11:00:00.000000",20.2844333648682
"PV","2026-08-08T12:00:00.000000",20.2781429290771
"PV","2026-08-08T13:00:00.000000",20.2892379760742
"PV","2026-08-08T14:00:00.000000",20.3055095672607
"PV","2026-08-08T15:00:00.000000",20.3203144073486
"PV","2026-08-08T16:00:00.000000",20.3474311828613
"PV","2026-08-08T17:00:00.000000",20.3667964935303
"PV","2026-08-08T18:00:00.000000",20.4291801452637
"PV","2026-08-08T19:00:00.000000",20.4381828308105
"PV","2026-08-08T20:00:00.000000",20.4674205780029
"PV","2026-08-08T21:00:00.000000",20.5078983306885
"PV","2026-08-08T22:00:00.000000",20.541820526123
"PV","2026-08-08T23:00:00.000000",20.554126739502
"PV","2026-08-09T00:00:00.000000",20.5745849609375
"PV","2026-08-09T01:00:00.000000",20.4139366149902
"PV","2026-08-09T02:00:00.000000",20.413028717041
"PV","2026-08-09T03:00:00.000000",20.4407043457031
"PV","2026-08-09T04:00:00.000000",20.4789752960205
"PV","2026-08-09T05:00:00.000000",20.5010242462158
"PV","2026-08-09T06:00:00.000000",20.5010242462158
"PV","2026-08-09T07:00:00.000000",20.5010242462158
"PV","2026-08-09T08:00:00.000000",20.4855175018311
"PV","2026-08-09T09:00:00.000000",20.4801406860352
"PV","2026-08-09T10:00:00.000000",20.469388961792
"PV","2026-08-09T11:00:00.000000",20.4539279937744
"PV","2026-08-09T12:00:00.000000",20.4484558105469
"PV","2026-08-09T13:00:00.000000",20.4464015960693
"PV","2026-08-09T14:00:00.000000",20.4394302368164
"PV","2026-08-09T15:00:00.000000",20.4448547363281
"PV","2026-08-09T16:00:00.000000",20.4639587402344
"PV","2026-08-09T17:00:00.000000",20.4950981140137
"PV","2026-08-09T18:00:00.000000",20.5166797637939
"PV","2026-08-09T19:00:00.000000",20.5513877868652
"PV","2026-08-09T20:00:00.000000",20.5437755584717
"PV","2026-08-09T21:00:00.000000",20.5661811828613
"PV","2026-08-09T22:00:00.000000",20.5896682739258
"PV","2026-08-09T23:00:00.000000",20.6001453399658
"PV","2026-08-10T00:00:00.000000",20.6072807312012
"PV","2026-08-10T01:00:00.000000",20.6301403045654
"PV","2026-08-10T02:00:00.000000",20.6246948242188
"PV","2026-08-10T03:00:00.000000",20.6423950195312
"PV","2026-08-10T04:00:00.000000",20.6701812744141
"PV","2026-08-10T05:00:00.000000",20.7056751251221
"PV","2026-08-10T06:00:00.000000",20.7056732177734
"PV","2026-08-10T07:00:00.000000",20.7056732177734
"PV","2026-08-10T08:00:00.000000",20.7056732177734
"PV","2026-08-10T09:00:00.000000",20.6934547424316
"PV","2026-08-10T10:00:00.000000",20.6816997528076
"PV","2026-08-10T11:00:00.000000",20.6667251586914
"PV","2026-08-10T12:00:00.000000",20.649600982666
"PV","2026-08-10T13:00:00.000000",20.6297950744629
"PV","2026-08-10T14:00:00.000000",20.6138477325439
"PV","2026-08-10T15:00:00.000000",20.6317291259766
"PV","2026-08-10T16:00:00.000000",20.659086227417
"PV","2026-08-10T17:00:00.000000",20.6882190704346
"PV","2026-08-10T18:00:00.000000",20.7178516387939
"PV","2026-08-10T19:00:00.000000",20.725549697876
"PV","2026-08-10T20:00:00.000000",20.725549697876
"PV","2026-08-10T21:00:00.000000",20.8280696868896
"PV","2026-08-10T22:00:00.000000",20.8390560150146
"PV","2026-08-10T23:00:00.000000",20.8521575927734
"PV","2026-08-11T00:00:00.000000",20.8699855804443
"PV","2026-08-11T01:00:00.000000",20.8881969451904
"PV","2026-08-11T02:00:00.000000",20.9009227752686
"PV","2026-08-11T03:00:00.000000",20.8959064483643
"PV","2026-08-11T04:00:00.000000",20.9150905609131
"PV","2026-08-11T05:00:00.000000",20.9438934326172
"PV","2026-08-11T06:00:00.000000",20.9618549346924
"PV","2026-08-11T07:00:00.000000",20.9618549346924
"PV","2026-08-11T08:00:00.000000",20.9618549346924
"PV","2026-08-11T09:00:00.000000",20.9618549346924
"PV","2026-08-11T10:00:00.000000",20.9642906188965
"PV","2026-08-11T11:00:00.000000",20.9651470184326
"PV","2026-08-11T12:00:00.000000",20.966588973999
"PV","2026-08-11T13:00:00.000000",20.9497241973877
"PV","2026-08-11T14:00:00.000000",20.9419136047363
"PV","2026-08-11T15:00:00.000000",20.9352169036865
"PV","2026-08-11T16:00:00.000000",20.9390068054199
"PV","2026-08-11T17:00:00.000000",20.9596176147461
"PV","2026-08-11T18:00:00.000000",20.9800395965576
"PV","2026-08-11T19:00:00.000000",21.0100002288818
"PV","2026-08-11T20:00:00.000000",21.0099773406982
"PV","2026-08-11T21:00:00.000000",21.0099773406982
"PV","2026-08-11T22:00:00.000000",21.0398654937744
"PV","2026-08-11T23:00:00.000000",21.0534420013428
"PV","2026-08-12T00:00:00.000000",21.0621471405029
"PV","2026-08-12T01:00:00.000000",21.0620822906494
"PV","2026-08-12T02:00:00.000000",21.0637664794922
"PV","2026-08-12T03:00:00.000000",21.0494403839111
"PV","2026-08-12T04:00:00.000000",21.0025234222412
"PV","2026-08-12T05:00:00.000000",21.0011291503906
"PV","2026-08-12T06:00:00.000000",21.0390853881836
"PV","2026-08-12T07:00:00.000000",21.1002941131592
"PV","2026-08-12T08:00:00.000000",21.1002941131592
"PV","2026-08-12T09:00:00.000000",21.1002941131592
"PV","2026-08-12T10:00:00.000000",21.1002941131592
"PV","2026-08-12T11:00:00.000000",21.0614814758301
"PV","2026-08-12T12:00:00.000000",21.047550201416
"PV","2026-08-12T13:00:00.000000",21.0382614135742
"PV","2026-08-12T14:00:00.000000",21.0255966186523
"PV","2026-08-12T15:00:00.000000",21.0091133117676
"PV","2026-08-12T16:00:00.000000",21.0272960662842
"PV","2026-08-12T17:00:00.000000",21.0769519805908
"PV","2026-08-12T18:00:00.000000",21.1180477142334
"PV","2026-08-12T19:00:00.000000",21.1579875946045
"PV","2026-08-12T20:00:00.000000",21.22585105896
"PV","2026-08-12T21:00:00.000000",21.2299633026123
"PV","2026-08-12T22:00:00.000000",21.2299633026123
"PV","2026-08-12T23:00:00.000000",21.2850952148438
"PV","2026-08-13T00:00:00.000000",21.2850780487061
"SH","2026-08-07T00:00:00.000000",19.0137958526611
"SH","2026-08-07T01:00:00.000000",20.2928295135498
"SH","2026-08-07T02:00:00.000000",20.5234241485596
"SH","2026-08-07T03:00:00.000000",20.5826473236084
"SH","2026-08-07T04:00:00.000000",20.5820331573486
"SH","2026-08-07T05:00:00.000000",20.5820331573486
"SH","2026-08-07T06:00:00.000000",20.5820331573486
"SH","2026-08-07T07:00:00.000000",20.5925979614258
"SH","2026-08-07T08:00:00.000000",20.5959529876709
"SH","2026-08-07T09:00:00.000000",20.5932064056396
"SH","2026-08-07T10:00:00.000000",20.5816822052002
"SH","2026-08-07T11:00:00.000000",20.5942325592041
"SH","2026-08-07T12:00:00.000000",20.6264801025391
"SH","2026-08-07T13:00:00.000000",20.6635417938232
"SH","2026-08-07T14:00:00.000000",20.6724758148193
"SH","2026-08-07T15:00:00.000000",20.7508907318115
"SH","2026-08-07T16:00:00.000000",20.7446899414062
"SH","2026-08-07T17:00:00.000000",20.7446899414062
"SH","2026-08-07T18:00:00.000000",20.7446899414062
"SH","2026-08-07T19:00:00.000000",20.8678913116455
"SH","2026-08-07T20:00:00.000000",20.8430442810059
"SH","2026-08-07T21:00:00.000000",20.8498592376709
"SH","2026-08-07T22:00:00.000000",20.8785228729248
"SH","2026-08-07T23:00:00.000000",20.8756771087646
"SH","2026-08-08T00:00:00.000000",20.8822441101074
"SH","2026-08-08T01:00:00.000000",21.0771884918213
"SH","2026-08-08T02:00:00.000000",21.166296005249
"SH","2026-08-08T03:00:00.000000",21.19358253479
"SH","2026-08-08T04:00:00.000000",21.2533721923828
"SH","2026-08-08T05:00:00.000000",21.2545986175537
"SH","2026-08-08T06:00:00.000000",21.2545986175537
"SH","2026-08-08T07:00:00.000000",21.2545986175537
"SH","2026-08-08T08:00:00.000000",21.1169872283936
"SH","2026-08-08T09:00:00.000000",21.1112842559814
"SH","2026-08-08T10:00:00.000000",21.0891342163086
"SH","2026-08-08T11:00:00.000000",21.0791187286377
"SH","2026-08-08T12:00:00.000000",21.0696983337402
"SH","2026-08-08T13:00:00.000000",21.0739765167236
"SH","2026-08-08T14:00:00.000000",21.1189403533936
"SH","2026-08-08T15:00:00.000000",21.1624088287354
"SH","2026-08-08T16:00:00.000000",21.2762126922607
"SH","2026-08-08T17:00:00.000000",21.3048858642578
"SH","2026-08-08T18:00:00.000000",21.3048858642578
"SH","2026-08-08T19:00:00.000000",21.3048858642578
"SH","2026-08-08T20:00:00.000000",21.3328990936279
"SH","2026-08-08T21:00:00.000000",21.2944564819336
"SH","2026-08-08T22:00:00.000000",21.2759876251221
"SH","2026-08-08T23:00:00.000000",21.2803497314453
"SH","2026-08-09T00:00:00.000000",21.2657775878906
"SH","2026-08-09T01:00:00.000000",20.9113864898682
"SH","2026-08-09T02:00:00.000000",20.9092197418213
"SH","2026-08-09T03:00:00.000000",21.0370388031006
"SH","2026-08-09T04:00:00.000000",21.081506729126
"SH","2026-08-09T05:00:00.000000",21.2051296234131
"SH","2026-08-09T06:00:00.000000",21.2162590026855
"SH","2026-08-09T07:00:00.000000",21.2162590026855
"SH","2026-08-09T08:00:00.000000",21.2162590026855
"SH","2026-08-09T09:00:00.000000",20.9864101409912
"SH","2026-08-09T10:00:00.000000",20.9637393951416
"SH","2026-08-09T11:00:00.000000",20.9685230255127
"SH","2026-08-09T12:00:00.000000",20.9687957763672
"SH","2026-08-09T13:00:00.000000",20.9377040863037
"SH","2026-08-09T14:00:00.000000",20.8947486877441
"SH","2026-08-09T15:00:00.000000",20.9430694580078
"SH","2026-08-09T16:00:00.000000",21.005220413208
"SH","2026-08-09T17:00:00.000000",21.1834564208984
"SH","2026-08-09T18:00:00.000000",21.2513656616211
"SH","2026-08-09T19:00:00.000000",21.2513656616211
"SH","2026-08-09T20:00:00.000000",21.2513656616211
"SH","2026-08-09T21:00:00.000000",21.191442489624
"SH","2026-08-09T22:00:00.000000",21.1924743652344
"SH","2026-08-09T23:00:00.000000",21.2575569152832
"SH","2026-08-10T00:00:00.000000",21.3216705322266
"SH","2026-08-10T01:00:00.000000",21.3136863708496
"SH","2026-08-10T02:00:00.000000",21.246337890625
"SH","2026-08-10T03:00:00.000000",21.1845455169678
"SH","2026-08-10T04:00:00.000000",21.1479454040527
"SH","2026-08-10T05:00:00.000000",21.2291774749756
"SH","2026-08-10T06:00:00.000000",21.2792568206787
"SH","2026-08-10T07:00:00.000000",21.2835063934326
"SH","2026-08-10T08:00:00.000000",21.2835063934326
"SH","2026-08-10T09:00:00.000000",21.2835063934326
"SH","2026-08-10T10:00:00.000000",21.4377593994141
"SH","2026-08-10T11:00:00.000000",21.48828125
"SH","2026-08-10T12:00:00.000000",21.5765361785889
"SH","2026-08-10T13:00:00.000000",21.6342296600342
"SH","2026-08-10T14:00:00.000000",21.6390361785889
"SH","2026-08-10T15:00:00.000000",21.5967655181885
"SH","2026-08-10T16:00:00.000000",21.5904960632324
"SH","2026-08-10T17:00:00.000000",21.5873775482178
"SH","2026-08-10T18:00:00.000000",21.5874156951904
"SH","2026-08-10T19:00:00.000000",21.5874214172363
"SH","2026-08-10T20:00:00.000000",21.5874214172363
"SH","2026-08-10T21:00:00.000000",21.5874214172363
"SH","2026-08-10T22:00:00.000000",21.8130874633789
"SH","2026-08-10T23:00:00.000000",21.8471069335938
"SH","2026-08-11T00:00:00.000000",21.8788833618164
"SH","2026-08-11T01:00:00.000000",21.8923816680908
"SH","2026-08-11T02:00:00.000000",21.8717727661133
"SH","2026-08-11T03:00:00.000000",21.7539749145508
"SH","2026-08-11T04:00:00.000000",21.7424659729004
"SH","2026-08-11T05:00:00.000000",21.806282043457
"SH","2026-08-11T06:00:00.000000",21.8159885406494
"SH","2026-08-11T07:00:00.000000",21.8169384002686
"SH","2026-08-11T08:00:00.000000",21.8169918060303
"SH","2026-08-11T09:00:00.000000",21.8169746398926
"SH","2026-08-11T10:00:00.000000",21.8093433380127
"SH","2026-08-11T11:00:00.000000",21.6861972808838
"SH","2026-08-11T12:00:00.000000",21.6448631286621
"SH","2026-08-11T13:00:00.000000",21.6698322296143
"SH","2026-08-11T14:00:00.000000",21.6894607543945
"SH","2026-08-11T15:00:00.000000",21.6883144378662
"SH","2026-08-11T16:00:00.000000",21.6554298400879
"SH","2026-08-11T17:00:00.000000",21.683385848999
"SH","2026-08-11T18:00:00.000000",21.6980323791504
"SH","2026-08-11T19:00:00.000000",21.7144145965576
"SH","2026-08-11T20:00:00.000000",21.7152538299561
"SH","2026-08-11T21:00:00.000000",21.7152538299561
"SH","2026-08-11T22:00:00.000000",21.7152538299561
"SH","2026-08-11T23:00:00.000000",21.8849086761475
"SH","2026-08-12T00:00:00.000000",21.9139022827148
"SH","2026-08-12T01:00:00.000000",21.9441223144531
"SH","2026-08-12T02:00:00.000000",21.9567203521729
"SH","2026-08-12T03:00:00.000000",21.9560298919678
"SH","2026-08-12T04:00:00.000000",21.9056644439697
"SH","2026-08-12T05:00:00.000000",21.906774520874
"SH","2026-08-12T06:00:00.000000",21.9364795684814
"SH","2026-08-12T07:00:00.000000",21.9374237060547
"SH","2026-08-12T08:00:00.000000",21.9374675750732
"SH","2026-08-12T09:00:00.000000",21.9374675750732
"SH","2026-08-12T10:00:00.000000",21.9374675750732
"SH","2026-08-12T11:00:00.000000",21.9374675750732
"SH","2026-08-12T12:00:00.000000",21.9628124237061
"SH","2026-08-12T13:00:00.000000",21.9964561462402
"SH","2026-08-12T14:00:00.000000",22.0190544128418
"SH","2026-08-12T15:00:00.000000",22.0338497161865
"SH","2026-08-12T16:00:00.000000",22.0433559417725
"SH","2026-08-12T17:00:00.000000",22.0374889373779
"SH","2026-08-12T18:00:00.000000",22.055082321167
"SH","2026-08-12T19:00:00.000000",22.0550746917725
"SH","2026-08-12T20:00:00.000000",22.0550289154053
"SH","2026-08-12T21:00:00.000000",22.0550441741943
"SH","2026-08-12T22:00:00.000000",22.0550441741943
"SH","2026-08-12T23:00:00.000000",22.0550441741943
"SH","2026-08-13T00:00:00.000000",22.1645183563232
"WB","2026-08-07T00:00:00.000000",19.5297107696533
"WB","2026-08-07T01:00:00.000000",20.3144607543945
"WB","2026-08-07T02:00:00.000000",20.420877456665
"WB","2026-08-07T03:00:00.000000",20.4123821258545
"WB","2026-08-07T04:00:00.000000",20.4149494171143
"WB","2026-08-07T05:00:00.000000",20.4235858917236
"WB","2026-08-07T06:00:00.000000",20.4286231994629
"WB","2026-08-07T07:00:00.000000",20.4305973052979
"WB","2026-08-07T08:00:00.000000",20.4287109375
"WB","2026-08-07T09:00:00.000000",20.4271106719971
"WB","2026-08-07T10:00:00.000000",20.4318733215332
"WB","2026-08-07T11:00:00.000000",20.4333038330078
"WB","2026-08-07T12:00:00.000000",20.435432434082
"WB","2026-08-07T13:00:00.000000",20.4497299194336
"WB","2026-08-07T14:00:00.000000",20.4692115783691
"WB","2026-08-07T15:00:00.000000",20.4883365631104
"WB","2026-08-07T16:00:00.000000",20.4993743896484
"WB","2026-08-07T17:00:00.000000",20.5072593688965
"WB","2026-08-07T18:00:00.000000",20.5900325775146
"WB","2026-08-07T19:00:00.000000",20.6956443786621
"WB","2026-08-07T20:00:00.000000",20.8097076416016
"WB","2026-08-07T21:00:00.000000",20.9029159545898
"WB","2026-08-07T22:00:00.000000",20.9248504638672
"WB","2026-08-07T23:00:00.000000",20.8941249847412
"WB","2026-08-08T00:00:00.000000",20.9547309875488
"WB","2026-08-08T01:00:00.000000",20.5025215148926
"WB","2026-08-08T02:00:00.000000",20.4394474029541
"WB","2026-08-08T03:00:00.000000",20.4434509277344
"WB","2026-08-08T04:00:00.000000",20.442943572998
"WB","2026-08-08T05:00:00.000000",20.4447841644287
"WB","2026-08-08T06:00:00.000000",20.4462966918945
"WB","2026-08-08T07:00:00.000000",20.4447345733643
"WB","2026-08-08T08:00:00.000000",20.4418830871582
"WB","2026-08-08T09:00:00.000000",20.4373531341553
"WB","2026-08-08T10:00:00.000000",20.4309368133545
"WB","2026-08-08T11:00:00.000000",20.4321231842041
"WB","2026-08-08T12:00:00.000000",20.4368591308594
"WB","2026-08-08T13:00:00.000000",20.4417972564697
"WB","2026-08-08T14:00:00.000000",20.4551811218262
"WB","2026-08-08T15:00:00.000000",20.4760112762451
"WB","2026-08-08T16:00:00.000000",20.4959907531738
"WB","2026-08-08T17:00:00.000000",20.5161952972412
"WB","2026-08-08T18:00:00.000000",20.5242443084717
"WB","2026-08-08T19:00:00.000000",20.588357925415
"WB","2026-08-08T20:00:00.000000",20.6778621673584
"WB","2026-08-08T21:00:00.000000",20.7732563018799
"WB","2026-08-08T22:00:00.000000",20.846212387085
"WB","2026-08-08T23:00:00.000000",20.8538570404053
"WB","2026-08-09T00:00:00.000000",20.7960548400879
"WB","2026-08-09T01:00:00.000000",20.6245937347412
"WB","2026-08-09T02:00:00.000000",20.6424598693848
"WB","2026-08-09T03:00:00.000000",20.6373252868652
"WB","2026-08-09T04:00:00.000000",20.6351299285889
"WB","2026-08-09T05:00:00.000000",20.6414661407471
"WB","2026-08-09T06:00:00.000000",20.6503162384033
"WB","2026-08-09T07:00:00.000000",20.6645088195801
"WB","2026-08-09T08:00:00.000000",20.6620616912842
"WB","2026-08-09T09:00:00.000000",20.6569175720215
"WB","2026-08-09T10:00:00.000000",20.6426982879639
"WB","2026-08-09T11:00:00.000000",20.6327781677246
"WB","2026-08-09T12:00:00.000000",20.6332893371582
"WB","2026-08-09T13:00:00.000000",20.6437358856201
"WB","2026-08-09T14:00:00.000000",20.6574935913086
"WB","2026-08-09T15:00:00.000000",20.6709938049316
"WB","2026-08-09T16:00:00.000000",20.6964931488037
"WB","2026-08-09T17:00:00.000000",20.7213668823242
"WB","2026-08-09T18:00:00.000000",20.7289791107178
"WB","2026-08-09T19:00:00.000000",20.7413806915283
"WB","2026-08-09T20:00:00.000000",20.8122940063477
"WB","2026-08-09T21:00:00.000000",20.884859085083
"WB","2026-08-09T22:00:00.000000",20.9726219177246
"WB","2026-08-09T23:00:00.000000",21.0383968353271
"WB","2026-08-10T00:00:00.000000",21.0522918701172
"WB","2026-08-10T01:00:00.000000",21.0346069335938
"WB","2026-08-10T02:00:00.000000",20.9565715789795
"WB","2026-08-10T03:00:00.000000",20.9488506317139
"WB","2026-08-10T04:00:00.000000",21.0011692047119
"WB","2026-08-10T05:00:00.000000",21.0243473052979
"WB","2026-08-10T06:00:00.000000",21.0384216308594
"WB","2026-08-10T07:00:00.000000",21.0477333068848
"WB","2026-08-10T08:00:00.000000",21.0442485809326
"WB","2026-08-10T09:00:00.000000",21.0220127105713
"WB","2026-08-10T10:00:00.000000",21.0054492950439
"WB","2026-08-10T11:00:00.000000",20.9777221679688
"WB","2026-08-10T12:00:00.000000",20.947078704834
"WB","2026-08-10T13:00:00.000000",20.9423789978027
"WB","2026-08-10T14:00:00.000000",20.9691715240479
"WB","2026-08-10T15:00:00.000000",21.0073375701904
"WB","2026-08-10T16:00:00.000000",21.0296802520752
"WB","2026-08-10T17:00:00.000000",21.0657730102539
"WB","2026-08-10T18:00:00.000000",21.1029815673828
"WB","2026-08-10T19:00:00.000000",21.1211738586426
"WB","2026-08-10T20:00:00.000000",21.1301364898682
"WB","2026-08-10T21:00:00.000000",21.1617622375488
"WB","2026-08-10T22:00:00.000000",21.2226161956787
"WB","2026-08-10T23:00:00.000000",21.2758846282959
"WB","2026-08-11T00:00:00.000000",21.3111591339111
"WB","2026-08-11T01:00:00.000000",21.3196620941162
"WB","2026-08-11T02:00:00.000000",21.3091735839844
"WB","2026-08-11T03:00:00.000000",21.308557510376
"WB","2026-08-11T04:00:00.000000",21.3379344940186
"WB","2026-08-11T05:00:00.000000",21.3728942871094
"WB","2026-08-11T06:00:00.000000",21.4049301147461
"WB","2026-08-11T07:00:00.000000",21.4332714080811
"WB","2026-08-11T08:00:00.000000",21.4419231414795
"WB","2026-08-11T09:00:00.000000",21.4454135894775
"WB","2026-08-11T10:00:00.000000",21.4246196746826
"WB","2026-08-11T11:00:00.000000",21.4022655487061
"WB","2026-08-11T12:00:00.000000",21.3653392791748
"WB","2026-08-11T13:00:00.000000",21.3260860443115
"WB","2026-08-11T14:00:00.000000",21.3231563568115
"WB","2026-08-11T15:00:00.000000",21.3709163665771
"WB","2026-08-11T16:00:00.000000",21.4570446014404
"WB","2026-08-11T17:00:00.000000",21.507698059082
"WB","2026-08-11T18:00:00.000000",21.5437297821045
"WB","2026-08-11T19:00:00.000000",21.57204246521
"WB","2026-08-11T20:00:00.000000",21.589111328125
"WB","2026-08-11T21:00:00.000000",21.5943336486816
"WB","2026-08-11T22:00:00.000000",21.6310176849365
"WB","2026-08-11T23:00:00.000000",21.6716823577881
"WB","2026-08-12T00:00:00.000000",21.6888427734375
"WB","2026-08-12T01:00:00.000000",21.6850547790527
"WB","2026-08-12T02:00:00.000000",21.6798152923584
"WB","2026-08-12T03:00:00.000000",21.704381942749
"WB","2026-08-12T04:00:00.000000",21.7380352020264
"WB","2026-08-12T05:00:00.000000",21.7270488739014
"WB","2026-08-12T06:00:00.000000",21.7196388244629
"WB","2026-08-12T07:00:00.000000",21.72878074646
"WB","2026-08-12T08:00:00.000000",21.7402782440186
"WB","2026-08-12T09:00:00.000000",21.7489490509033
"WB","2026-08-12T10:00:00.000000",21.7617130279541
"WB","2026-08-12T11:00:00.000000",21.7283115386963
"WB","2026-08-12T12:00:00.000000",21.7020435333252
"WB","2026-08-12T13:00:00.000000",21.6677131652832
"WB","2026-08-12T14:00:00.000000",21.6351757049561
"WB","2026-08-12T15:00:00.000000",21.630786895752
"WB","2026-08-12T16:00:00.000000",21.683219909668
"WB","2026-08-12T17:00:00.000000",21.7332077026367
"WB","2026-08-12T18:00:00.000000",21.8112468719482
"WB","2026-08-12T19:00:00.000000",21.8704566955566
"WB","2026-08-12T20:00:00.000000",21.9120845794678
"WB","2026-08-12T21:00:00.000000",21.9452896118164
"WB","2026-08-12T22:00:00.000000",21.962158203125
"WB","2026-08-12T23:00:00.000000",21.9743022918701
"WB","2026-08-13T00:00:00.000000",21.9771423339844
"CC","2026-08-07T00:00:00.000000",24.8507785797119
"CC","2026-08-07T01:00:00.000000",24.1993179321289
"CC","2026-08-07T02:00:00.000000",24.1020622253418
"CC","2026-08-07T03:00:00.000000",24.0931606292725
"CC","2026-08-07T04:00:00.000000",24.0914573669434
"CC","2026-08-07T05:00:00.000000",24.0862083435059
"CC","2026-08-07T06:00:00.000000",24.0803833007812
"CC","2026-08-07T07:00:00.000000",24.0821266174316
"CC","2026-08-07T08:00:00.000000",24.0908145904541
"CC","2026-08-07T09:00:00.000000",24.1001377105713
"CC","2026-08-07T10:00:00.000000",24.1058959960938
"CC","2026-08-07T11:00:00.000000",24.121374130249
"CC","2026-08-07T12:00:00.000000",24.1552028656006
"CC","2026-08-07T13:00:00.000000",24.2114238739014
"CC","2026-08-07T14:00:00.000000",24.3142147064209
"CC","2026-08-07T15:00:00.000000",24.4444351196289
"CC","2026-08-07T16:00:00.000000",24.5102729797363
"CC","2026-08-07T17:00:00.000000",24.5747566223145
"CC","2026-08-07T18:00:00.000000",24.6114349365234
"CC","2026-08-07T19:00:00.000000",24.6109313964844
"CC","2026-08-07T20:00:00.000000",24.6137714385986
"CC","2026-08-07T21:00:00.000000",24.6167335510254
"CC","2026-08-07T22:00:00.000000",24.6670684814453
"CC","2026-08-07T23:00:00.000000",24.6949596405029
"CC","2026-08-08T00:00:00.000000",24.6686840057373
"CC","2026-08-08T01:00:00.000000",24.9169921875
"CC","2026-08-08T02:00:00.000000",24.9620780944824
"CC","2026-08-08T03:00:00.000000",24.9630451202393
"CC","2026-08-08T04:00:00.000000",24.9686527252197
"CC","2026-08-08T05:00:00.000000",24.9717578887939
"CC","2026-08-08T06:00:00.000000",24.955696105957
"CC","2026-08-08T07:00:00.000000",24.9470615386963
"CC","2026-08-08T08:00:00.000000",24.9478988647461
"CC","2026-08-08T09:00:00.000000",24.9523525238037
"CC","2026-08-08T10:00:00.000000",24.9573440551758
"CC","2026-08-08T11:00:00.000000",24.9701385498047
"CC","2026-08-08T12:00:00.000000",25.006160736084
"CC","2026-08-08T13:00:00.000000",25.076379776001
"CC","2026-08-08T14:00:00.000000",25.1799335479736
"CC","2026-08-08T15:00:00.000000",25.3076953887939
"CC","2026-08-08T16:00:00.000000",25.3653755187988
"CC","2026-08-08T17:00:00.000000",25.4230823516846
"CC","2026-08-08T18:00:00.000000",25.4619998931885
"CC","2026-08-08T19:00:00.000000",25.4574012756348
"CC","2026-08-08T20:00:00.000000",25.472074508667
"CC","2026-08-08T21:00:00.000000",25.4898052215576
"CC","2026-08-08T22:00:00.000000",25.4926261901855
"CC","2026-08-08T23:00:00.000000",25.4777336120605
"CC","2026-08-09T00:00:00.000000",25.441104888916
"CC","2026-08-09T01:00:00.000000",24.9886264801025
"CC","2026-08-09T02:00:00.000000",24.9398727416992
"CC","2026-08-09T03:00:00.000000",24.9443359375
"CC","2026-08-09T04:00:00.000000",24.9522266387939
"CC","2026-08-09T05:00:00.000000",24.9497375488281
"CC","2026-08-09T06:00:00.000000",24.9455013275146
"CC","2026-08-09T07:00:00.000000",24.9401092529297
"CC","2026-08-09T08:00:00.000000",24.9335803985596
"CC","2026-08-09T09:00:00.000000",24.9368553161621
"CC","2026-08-09T10:00:00.000000",24.9470176696777
"CC","2026-08-09T11:00:00.000000",24.9685821533203
"CC","2026-08-09T12:00:00.000000",25.0073490142822
"CC","2026-08-09T13:00:00.000000",25.07470703125
"CC","2026-08-09T14:00:00.000000",25.1797657012939
"CC","2026-08-09T15:00:00.000000",25.3110256195068
"CC","2026-08-09T16:00:00.000000",25.3635272979736
"CC","2026-08-09T17:00:00.000000",25.419828414917
"CC","2026-08-09T18:00:00.000000",25.4702930450439
"CC","2026-08-09T19:00:00.000000",25.4799003601074
"CC","2026-08-09T20:00:00.000000",25.4890995025635
"CC","2026-08-09T21:00:00.000000",25.49485206604
"CC","2026-08-09T22:00:00.000000",25.5049800872803
"CC","2026-08-09T23:00:00.000000",25.4999313354492
"CC","2026-08-10T00:00:00.000000",25.4599952697754
"CC","2026-08-10T01:00:00.000000",25.4593296051025
"CC","2026-08-10T02:00:00.000000",25.4552097320557
"CC","2026-08-10T03:00:00.000000",25.4513740539551
"CC","2026-08-10T04:00:00.000000",25.4415283203125
"CC","2026-08-10T05:00:00.000000",25.4321823120117
"CC","2026-08-10T06:00:00.000000",25.4156360626221
"CC","2026-08-10T07:00:00.000000",25.3943214416504
"CC","2026-08-10T08:00:00.000000",25.3713340759277
"CC","2026-08-10T09:00:00.000000",25.3528213500977
"CC","2026-08-10T10:00:00.000000",25.3370723724365
"CC","2026-08-10T11:00:00.000000",25.3249187469482
"CC","2026-08-10T12:00:00.000000",25.325963973999
"CC","2026-08-10T13:00:00.000000",25.349422454834
"CC","2026-08-10T14:00:00.000000",25.3980598449707
"CC","2026-08-10T15:00:00.000000",25.4697551727295
"CC","2026-08-10T16:00:00.000000",25.5565071105957
"CC","2026-08-10T17:00:00.000000",25.643798828125
"CC","2026-08-10T18:00:00.000000",25.7290134429932
"CC","2026-08-10T19:00:00.000000",25.7935733795166
"CC","2026-08-10T20:00:00.000000",25.8299007415771
"CC","2026-08-10T21:00:00.000000",25.8470516204834
"CC","2026-08-10T22:00:00.000000",25.8576602935791
"CC","2026-08-10T23:00:00.000000",25.8632678985596
"CC","2026-08-11T00:00:00.000000",25.8640251159668
"CC","2026-08-11T01:00:00.000000",25.8571109771729
"CC","2026-08-11T02:00:00.000000",25.8520736694336
"CC","2026-08-11T03:00:00.000000",25.8520755767822
"CC","2026-08-11T04:00:00.000000",25.8551349639893
"CC","2026-08-11T05:00:00.000000",25.861608505249
"CC","2026-08-11T06:00:00.000000",25.867582321167
"CC","2026-08-11T07:00:00.000000",25.8685035705566
"CC","2026-08-11T08:00:00.000000",25.8598976135254
"CC","2026-08-11T09:00:00.000000",25.8464889526367
"CC","2026-08-11T10:00:00.000000",25.8343620300293
"CC","2026-08-11T11:00:00.000000",25.8287734985352
"CC","2026-08-11T12:00:00.000000",25.8345012664795
"CC","2026-08-11T13:00:00.000000",25.8588542938232
"CC","2026-08-11T14:00:00.000000",25.9058589935303
"CC","2026-08-11T15:00:00.000000",25.9788436889648
"CC","2026-08-11T16:00:00.000000",26.0714378356934
"CC","2026-08-11T17:00:00.000000",26.1712322235107
"CC","2026-08-11T18:00:00.000000",26.2702980041504
"CC","2026-08-11T19:00:00.000000",26.3600292205811
"CC","2026-08-11T20:00:00.000000",26.4059944152832
"CC","2026-08-11T21:00:00.000000",26.4108982086182
"CC","2026-08-11T22:00:00.000000",26.4040298461914
"CC","2026-08-11T23:00:00.000000",26.4003276824951
"CC","2026-08-12T00:00:00.000000",26.3979473114014
"CC","2026-08-12T01:00:00.000000",26.3935432434082
"CC","2026-08-12T02:00:00.000000",26.3890075683594
"CC","2026-08-12T03:00:00.000000",26.3836078643799
"CC","2026-08-12T04:00:00.000000",26.3742218017578
"CC","2026-08-12T05:00:00.000000",26.3621730804443
"CC","2026-08-12T06:00:00.000000",26.3476810455322
"CC","2026-08-12T07:00:00.000000",26.3318786621094
"CC","2026-08-12T08:00:00.000000",26.3114356994629
"CC","2026-08-12T09:00:00.000000",26.2865886688232
"CC","2026-08-12T10:00:00.000000",26.2622032165527
"CC","2026-08-12T11:00:00.000000",26.2440814971924
"CC","2026-08-12T12:00:00.000000",26.2376899719238
"CC","2026-08-12T13:00:00.000000",26.247859954834
"CC","2026-08-12T14:00:00.000000",26.2815551757812
"CC","2026-08-12T15:00:00.000000",26.3332214355469
"CC","2026-08-12T16:00:00.000000",26.381872177124
"CC","2026-08-12T17:00:00.000000",26.4289379119873
"CC","2026-08-12T18:00:00.000000",26.4825649261475
"CC","2026-08-12T19:00:00.000000",26.5115566253662
"CC","2026-08-12T20:00:00.000000",26.5276050567627
"CC","2026-08-12T21:00:00.000000",26.534740447998
"CC","2026-08-12T22:00:00.000000",26.5303153991699
"CC","2026-08-12T23:00:00.000000",26.5217475891113
"CC","2026-08-13T00:00:00.000000",26.5152606964111
"DL","2026-08-07T00:00:00.000000",23.4549407958984
"DL","2026-08-07T01:00:00.000000",23.6383056640625
"DL","2026-08-07T02:00:00.000000",23.6630458831787
"DL","2026-08-07T03:00:00.000000",23.6272754669189
"DL","2026-08-07T04:00:00.000000",23.5951023101807
"DL","2026-08-07T05:00:00.000000",23.5511074066162
"DL","2026-08-07T06:00:00.000000",23.5644111633301
"DL","2026-08-07T07:00:00.000000",23.6073455810547
"DL","2026-08-07T08:00:00.000000",23.6347942352295
"DL","2026-08-07T09:00:00.000000",23.6345653533936
"DL","2026-08-07T10:00:00.000000",23.638032913208
"DL","2026-08-07T11:00:00.000000",23.6438179016113
"DL","2026-08-07T12:00:00.000000",23.6507759094238
"DL","2026-08-07T13:00:00.000000",23.645320892334
"DL","2026-08-07T14:00:00.000000",23.6482486724854
"DL","2026-08-07T15:00:00.000000",23.6479797363281
"DL","2026-08-07T16:00:00.000000",23.6345443725586
"DL","2026-08-07T17:00:00.000000",23.6161041259766
"DL","2026-08-07T18:00:00.000000",23.6138896942139
"DL","2026-08-07T19:00:00.000000",23.6258869171143
"DL","2026-08-07T20:00:00.000000",23.6455326080322
"DL","2026-08-07T21:00:00.000000",23.6544322967529
"DL","2026-08-07T22:00:00.000000",23.6546268463135
"DL","2026-08-07T23:00:00.000000",23.6562690734863
"DL","2026-08-08T00:00:00.000000",23.6581535339355
"DL","2026-08-08T01:00:00.000000",23.9489822387695
"DL","2026-08-08T02:00:00.000000",23.9900798797607
"DL","2026-08-08T03:00:00.000000",23.9768867492676
"DL","2026-08-08T04:00:00.000000",23.9690704345703
"DL","2026-08-08T05:00:00.000000",23.903844833374
"DL","2026-08-08T06:00:00.000000",23.8909187316895
"DL","2026-08-08T07:00:00.000000",23.8967685699463
"DL","2026-08-08T08:00:00.000000",23.9229164123535
"DL","2026-08-08T09:00:00.000000",23.9532947540283
"DL","2026-08-08T10:00:00.000000",23.9609966278076
"DL","2026-08-08T11:00:00.000000",23.9584980010986
"DL","2026-08-08T12:00:00.000000",23.967378616333
"DL","2026-08-08T13:00:00.000000",23.9536952972412
"DL","2026-08-08T14:00:00.000000",23.9585304260254
"DL","2026-08-08T15:00:00.000000",23.9615745544434
"DL","2026-08-08T16:00:00.000000",23.956521987915
"DL","2026-08-08T17:00:00.000000",23.9382629394531
"DL","2026-08-08T18:00:00.000000",23.9363346099854
"DL","2026-08-08T19:00:00.000000",23.9818077087402
"DL","2026-08-08T20:00:00.000000",24.0344924926758
"DL","2026-08-08T21:00:00.000000",24.0569725036621
"DL","2026-08-08T22:00:00.000000",24.0267486572266
"DL","2026-08-08T23:00:00.000000",24.0065326690674
"DL","2026-08-09T00:00:00.000000",24.0114288330078
"DL","2026-08-09T01:00:00.000000",23.9285945892334
"DL","2026-08-09T02:00:00.000000",23.9171390533447
"DL","2026-08-09T03:00:00.000000",23.916540145874
"DL","2026-08-09T04:00:00.000000",23.9474849700928
"DL","2026-08-09T05:00:00.000000",23.8713855743408
"DL","2026-08-09T06:00:00.000000",23.8616046905518
"DL","2026-08-09T07:00:00.000000",23.8581562042236
"DL","2026-08-09T08:00:00.000000",23.8620986938477
"DL","2026-08-09T09:00:00.000000",23.887825012207
"DL","2026-08-09T10:00:00.000000",23.9138107299805
"DL","2026-08-09T11:00:00.000000",23.9133033752441
"DL","2026-08-09T12:00:00.000000",23.9169311523438
"DL","2026-08-09T13:00:00.000000",23.9188976287842
"DL","2026-08-09T14:00:00.000000",23.9225940704346
"DL","2026-08-09T15:00:00.000000",23.9200496673584
"DL","2026-08-09T16:00:00.000000",23.919994354248
"DL","2026-08-09T17:00:00.000000",23.9119777679443
"DL","2026-08-09T18:00:00.000000",23.8953342437744
"DL","2026-08-09T19:00:00.000000",23.875
"DL","2026-08-09T20:00:00.000000",23.8808708190918
"DL","2026-08-09T21:00:00.000000",23.921028137207
"DL","2026-08-09T22:00:00.000000",23.9203300476074
"DL","2026-08-09T23:00:00.000000",23.9099960327148
"DL","2026-08-10T00:00:00.000000",23.9076347351074
"DL","2026-08-10T01:00:00.000000",23.9021034240723
"DL","2026-08-10T02:00:00.000000",23.8869152069092
"DL","2026-08-10T03:00:00.000000",23.8810024261475
"DL","2026-08-10T04:00:00.000000",23.8794631958008
"DL","2026-08-10T05:00:00.000000",23.8751926422119
"DL","2026-08-10T06:00:00.000000",23.8724365234375
"DL","2026-08-10T07:00:00.000000",23.8692951202393
"DL","2026-08-10T08:00:00.000000",23.8700256347656
"DL","2026-08-10T09:00:00.000000",23.8844528198242
"DL","2026-08-10T10:00:00.000000",23.9054584503174
"DL","2026-08-10T11:00:00.000000",23.9200839996338
"DL","2026-08-10T12:00:00.000000",23.9167785644531
"DL","2026-08-10T13:00:00.000000",23.920431137085
"DL","2026-08-10T14:00:00.000000",23.928674697876
"DL","2026-08-10T15:00:00.000000",23.9343395233154
"DL","2026-08-10T16:00:00.000000",23.9409236907959
"DL","2026-08-10T17:00:00.000000",23.9460906982422
"DL","2026-08-10T18:00:00.000000",23.9519653320312
"DL","2026-08-10T19:00:00.000000",23.9570751190186
"DL","2026-08-10T20:00:00.000000",23.9552555084229
"DL","2026-08-10T21:00:00.000000",23.9617099761963
"DL","2026-08-10T22:00:00.000000",24.0175724029541
"DL","2026-08-10T23:00:00.000000",24.0204238891602
"DL","2026-08-11T00:00:00.000000",23.9796161651611
"DL","2026-08-11T01:00:00.000000",23.9657859802246
"DL","2026-08-11T02:00:00.000000",23.9689655303955
"DL","2026-08-11T03:00:00.000000",23.9726734161377
"DL","2026-08-11T04:00:00.000000",23.9790649414062
"DL","2026-08-11T05:00:00.000000",23.987720489502
"DL","2026-08-11T06:00:00.000000",23.9958209991455
"DL","2026-08-11T07:00:00.000000",24.0212707519531
"DL","2026-08-11T08:00:00.000000",24.0655536651611
"DL","2026-08-11T09:00:00.000000",24.1203784942627
"DL","2026-08-11T10:00:00.000000",24.2084007263184
"DL","2026-08-11T11:00:00.000000",24.2454090118408
"DL","2026-08-11T12:00:00.000000",24.2036972045898
"DL","2026-08-11T13:00:00.000000",24.1329917907715
"DL","2026-08-11T14:00:00.000000",24.1399841308594
"DL","2026-08-11T15:00:00.000000",24.144889831543
"DL","2026-08-11T16:00:00.000000",24.164478302002
"DL","2026-08-11T17:00:00.000000",24.1814613342285
"DL","2026-08-11T18:00:00.000000",24.2152614593506
"DL","2026-08-11T19:00:00.000000",24.2600727081299
"DL","2026-08-11T20:00:00.000000",24.3634471893311
"DL","2026-08-11T21:00:00.000000",24.4866981506348
"DL","2026-08-11T22:00:00.000000",24.632999420166
"DL","2026-08-11T23:00:00.000000",24.7296199798584
"DL","2026-08-12T00:00:00.000000",24.6951961517334
"DL","2026-08-12T01:00:00.000000",24.5008945465088
"DL","2026-08-12T02:00:00.000000",24.4862670898438
"DL","2026-08-12T03:00:00.000000",24.4655246734619
"DL","2026-08-12T04:00:00.000000",24.4418506622314
"DL","2026-08-12T05:00:00.000000",24.4483127593994
"DL","2026-08-12T06:00:00.000000",24.4503440856934
"DL","2026-08-12T07:00:00.000000",24.4776630401611
"DL","2026-08-12T08:00:00.000000",24.517147064209
"DL","2026-08-12T09:00:00.000000",24.600757598877
"DL","2026-08-12T10:00:00.000000",24.7239093780518
"DL","2026-08-12T11:00:00.000000",24.7920265197754
"DL","2026-08-12T12:00:00.000000",24.7060718536377
"DL","2026-08-12T13:00:00.000000",24.5005321502686
"DL","2026-08-12T14:00:00.000000",24.510892868042
"DL","2026-08-12T15:00:00.000000",24.4950618743896
"DL","2026-08-12T16:00:00.000000",24.4723529815674
"DL","2026-08-12T17:00:00.000000",24.4857482910156
"DL","2026-08-12T18:00:00.000000",24.5145721435547
"DL","2026-08-12T19:00:00.000000",24.5491409301758
"DL","2026-08-12T20:00:00.000000",24.5667819976807
"DL","2026-08-12T21:00:00.000000",24.625825881958
"DL","2026-08-12T22:00:00.000000",24.7405548095703
"DL","2026-08-12T23:00:00.000000",24.8473052978516
"DL","2026-08-13T00:00:00.000000",24.9109001159668
"GB","2026-08-07T00:00:00.000000",23.5604991912842
"GB","2026-08-07T01:00:00.000000",23.4428863525391
"GB","2026-08-07T02:00:00.000000",23.4140167236328
"GB","2026-08-07T03:00:00.000000",23.4082736968994
"GB","2026-08-07T04:00:00.000000",23.3944625854492
"GB","2026-08-07T05:00:00.000000",23.4258365631104
"GB","2026-08-07T06:00:00.000000",23.5066432952881
"GB","2026-08-07T07:00:00.000000",23.5398063659668
"GB","2026-08-07T08:00:00.000000",23.5709953308105
"GB","2026-08-07T09:00:00.000000",23.5951862335205
"GB","2026-08-07T10:00:00.000000",23.6231517791748
"GB","2026-08-07T11:00:00.000000",23.6457595825195
"GB","2026-08-07T12:00:00.000000",23.6190090179443
"GB","2026-08-07T13:00:00.000000",23.6150226593018
"GB","2026-08-07T14:00:00.000000",23.659423828125
"GB","2026-08-07T15:00:00.000000",23.7140235900879
"GB","2026-08-07T16:00:00.000000",23.7767143249512
"GB","2026-08-07T17:00:00.000000",23.8451843261719
"GB","2026-08-07T18:00:00.000000",23.9234142303467
"GB","2026-08-07T19:00:00.000000",23.9979782104492
"GB","2026-08-07T20:00:00.000000",24.04150390625
"GB","2026-08-07T21:00:00.000000",24.0725364685059
"GB","2026-08-07T22:00:00.000000",24.091703414917
"GB","2026-08-07T23:00:00.000000",24.128547668457
"GB","2026-08-08T00:00:00.000000",24.1344184875488
"GB","2026-08-08T01:00:00.000000",23.7827529907227
"GB","2026-08-08T02:00:00.000000",23.713357925415
"GB","2026-08-08T03:00:00.000000",23.7092018127441
"GB","2026-08-08T04:00:00.000000",23.7122039794922
"GB","2026-08-08T05:00:00.000000",23.7085342407227
"GB","2026-08-08T06:00:00.000000",23.6702632904053
"GB","2026-08-08T07:00:00.000000",23.7064781188965
"GB","2026-08-08T08:00:00.000000",23.7268104553223
"GB","2026-08-08T09:00:00.000000",23.7388248443604
"GB","2026-08-08T10:00:00.000000",23.7492733001709
"GB","2026-08-08T11:00:00.000000",23.7578144073486
"GB","2026-08-08T12:00:00.000000",23.8093357086182
"GB","2026-08-08T13:00:00.000000",23.8229656219482
"GB","2026-08-08T14:00:00.000000",23.8099918365479
"GB","2026-08-08T15:00:00.000000",23.8553142547607
"GB","2026-08-08T16:00:00.000000",23.9091110229492
"GB","2026-08-08T17:00:00.000000",23.9749507904053
"GB","2026-08-08T18:00:00.000000",24.0269031524658
"GB","2026-08-08T19:00:00.000000",24.0248203277588
"GB","2026-08-08T20:00:00.000000",24.0597229003906
"GB","2026-08-08T21:00:00.000000",24.076379776001
"GB","2026-08-08T22:00:00.000000",24.0824813842773
"GB","2026-08-08T23:00:00.000000",24.0770492553711
"GB","2026-08-09T00:00:00.000000",24.0625514984131
"GB","2026-08-09T01:00:00.000000",23.7444458007812
"GB","2026-08-09T02:00:00.000000",23.5884284973145
"GB","2026-08-09T03:00:00.000000",23.615795135498
"GB","2026-08-09T04:00:00.000000",23.6553478240967
"GB","2026-08-09T05:00:00.000000",23.6707077026367
"GB","2026-08-09T06:00:00.000000",23.6717433929443
"GB","2026-08-09T07:00:00.000000",23.7276554107666
"GB","2026-08-09T08:00:00.000000",23.6764030456543
"GB","2026-08-09T09:00:00.000000",23.7106304168701
"GB","2026-08-09T10:00:00.000000",23.7355556488037
"GB","2026-08-09T11:00:00.000000",23.7582321166992
"GB","2026-08-09T12:00:00.000000",23.7804298400879
"GB","2026-08-09T13:00:00.000000",23.8401203155518
"GB","2026-08-09T14:00:00.000000",23.9128570556641
"GB","2026-08-09T15:00:00.000000",23.9181613922119
"GB","2026-08-09T16:00:00.000000",23.999568939209
"GB","2026-08-09T17:00:00.000000",24.0787391662598
"GB","2026-08-09T18:00:00.000000",24.1636238098145
"GB","2026-08-09T19:00:00.000000",24.1951217651367
"GB","2026-08-09T20:00:00.000000",24.1996097564697
"GB","2026-08-09T21:00:00.000000",24.224666595459
"GB","2026-08-09T22:00:00.000000",24.2402763366699
"GB","2026-08-09T23:00:00.000000",24.2335777282715
"GB","2026-08-10T00:00:00.000000",24.2252006530762
"GB","2026-08-10T01:00:00.000000",24.2155513763428
"GB","2026-08-10T02:00:00.000000",24.2824230194092
"GB","2026-08-10T03:00:00.000000",24.1554489135742
"GB","2026-08-10T04:00:00.000000",24.1220397949219
"GB","2026-08-10T05:00:00.000000",24.1595363616943
"GB","2026-08-10T06:00:00.000000",24.1316661834717
"GB","2026-08-10T07:00:00.000000",24.0855293273926
"GB","2026-08-10T08:00:00.000000",24.1113948822021
"GB","2026-08-10T09:00:00.000000",24.2296314239502
"GB","2026-08-10T10:00:00.000000",24.2756233215332
"GB","2026-08-10T11:00:00.000000",24.3109951019287
"GB","2026-08-10T12:00:00.000000",24.3415908813477
"GB","2026-08-10T13:00:00.000000",24.3739414215088
"GB","2026-08-10T14:00:00.000000",24.4553470611572
"GB","2026-08-10T15:00:00.000000",24.4938812255859
"GB","2026-08-10T16:00:00.000000",24.4534435272217
"GB","2026-08-10T17:00:00.000000",24.5280246734619
"GB","2026-08-10T18:00:00.000000",24.6163749694824
"GB","2026-08-10T19:00:00.000000",24.6905040740967
"GB","2026-08-10T20:00:00.000000",24.7371520996094
"GB","2026-08-10T21:00:00.000000",24.7171115875244
"GB","2026-08-10T22:00:00.000000",24.750659942627
"GB","2026-08-10T23:00:00.000000",24.7441577911377
"GB","2026-08-11T00:00:00.000000",24.7339382171631
"GB","2026-08-11T01:00:00.000000",24.7357482910156
"GB","2026-08-11T02:00:00.000000",24.7393417358398
"GB","2026-08-11T03:00:00.000000",24.7803611755371
"GB","2026-08-11T04:00:00.000000",24.720064163208
"GB","2026-08-11T05:00:00.000000",24.7416286468506
"GB","2026-08-11T06:00:00.000000",24.7767353057861
"GB","2026-08-11T07:00:00.000000",24.7938537597656
"GB","2026-08-11T08:00:00.000000",24.7879695892334
"GB","2026-08-11T09:00:00.000000",24.8670139312744
"GB","2026-08-11T10:00:00.000000",24.7833347320557
"GB","2026-08-11T11:00:00.000000",24.758186340332
"GB","2026-08-11T12:00:00.000000",24.7427024841309
"GB","2026-08-11T13:00:00.000000",24.74778175354
"GB","2026-08-11T14:00:00.000000",24.776294708252
"GB","2026-08-11T15:00:00.000000",24.845121383667
"GB","2026-08-11T16:00:00.000000",24.9591865539551
"GB","2026-08-11T17:00:00.000000",24.9012718200684
"GB","2026-08-11T18:00:00.000000",25.0219631195068
"GB","2026-08-11T19:00:00.000000",25.1505374908447
"GB","2026-08-11T20:00:00.000000",25.2440547943115
"GB","2026-08-11T21:00:00.000000",25.3123397827148
"GB","2026-08-11T22:00:00.000000",25.2146129608154
"GB","2026-08-11T23:00:00.000000",25.1700572967529
"GB","2026-08-12T00:00:00.000000",25.1403865814209
"GB","2026-08-12T01:00:00.000000",25.1229820251465
"GB","2026-08-12T02:00:00.000000",25.1128005981445
"GB","2026-08-12T03:00:00.000000",25.0984764099121
"GB","2026-08-12T04:00:00.000000",25.1416072845459
"GB","2026-08-12T05:00:00.000000",25.0508232116699
"GB","2026-08-12T06:00:00.000000",25.0620269775391
"GB","2026-08-12T07:00:00.000000",25.0924205780029
"GB","2026-08-12T08:00:00.000000",25.0937557220459
"GB","2026-08-12T09:00:00.000000",25.0862007141113
"GB","2026-08-12T10:00:00.000000",25.2413654327393
"GB","2026-08-12T11:00:00.000000",25.0534591674805
"GB","2026-08-12T12:00:00.000000",25.0089054107666
"GB","2026-08-12T13:00:00.000000",24.9868144989014
"GB","2026-08-12T14:00:00.000000",24.9860076904297
"GB","2026-08-12T15:00:00.000000",24.9967021942139
"GB","2026-08-12T16:00:00.000000",25.0400199890137
"GB","2026-08-12T17:00:00.000000",25.072301864624
"GB","2026-08-12T18:00:00.000000",25.0768146514893
"GB","2026-08-12T19:00:00.000000",25.1815948486328
"GB","2026-08-12T20:00:00.000000",25.2404842376709
"GB","2026-08-12T21:00:00.000000",25.2713088989258
"GB","2026-08-12T22:00:00.000000",25.3302631378174
"GB","2026-08-12T23:00:00.000000",25.2762260437012
"GB","2026-08-13T00:00:00.000000",25.1449184417725
"LI","2026-08-07T00:00:00.000000",24.2306346893311
"LI","2026-08-07T01:00:00.000000",24.1217365264893
"LI","2026-08-07T02:00:00.000000",24.1150913238525
"LI","2026-08-07T03:00:00.000000",24.1201839447021
"LI","2026-08-07T04:00:00.000000",24.1320304870605
"LI","2026-08-07T05:00:00.000000",24.1440601348877
"LI","2026-08-07T06:00:00.000000",24.1396541595459
"LI","2026-08-07T07:00:00.000000",24.1423778533936
"LI","2026-08-07T08:00:00.000000",24.1429901123047
"LI","2026-08-07T09:00:00.000000",24.1491374969482
"LI","2026-08-07T10:00:00.000000",24.1580924987793
"LI","2026-08-07T11:00:00.000000",24.1780853271484
"LI","2026-08-07T12:00:00.000000",24.1983661651611
"LI","2026-08-07T13:00:00.000000",24.2241897583008
"LI","2026-08-07T14:00:00.000000",24.2870540618896
"LI","2026-08-07T15:00:00.000000",24.3921928405762
"LI","2026-08-07T16:00:00.000000",24.4194927215576
"LI","2026-08-07T17:00:00.000000",24.4464149475098
"LI","2026-08-07T18:00:00.000000",24.3751029968262
"LI","2026-08-07T19:00:00.000000",24.3394622802734
"LI","2026-08-07T20:00:00.000000",24.337984085083
"LI","2026-08-07T21:00:00.000000",24.3596038818359
"LI","2026-08-07T22:00:00.000000",24.4469261169434
"LI","2026-08-07T23:00:00.000000",24.522912979126
"LI","2026-08-08T00:00:00.000000",24.5304832458496
"LI","2026-08-08T01:00:00.000000",24.570592880249
"LI","2026-08-08T02:00:00.000000",24.5884246826172
"LI","2026-08-08T03:00:00.000000",24.5854587554932
"LI","2026-08-08T04:00:00.000000",24.5530891418457
"LI","2026-08-08T05:00:00.000000",24.5545291900635
"LI","2026-08-08T06:00:00.000000",24.5371360778809
"LI","2026-08-08T07:00:00.000000",24.5474681854248
"LI","2026-08-08T08:00:00.000000",24.5440883636475
"LI","2026-08-08T09:00:00.000000",24.5512294769287
"LI","2026-08-08T10:00:00.000000",24.5504570007324
"LI","2026-08-08T11:00:00.000000",24.5734119415283
"LI","2026-08-08T12:00:00.000000",24.6034564971924
"LI","2026-08-08T13:00:00.000000",24.6458568572998
"LI","2026-08-08T14:00:00.000000",24.7035846710205
"LI","2026-08-08T15:00:00.000000",24.7993431091309
"LI","2026-08-08T16:00:00.000000",24.8264751434326
"LI","2026-08-08T17:00:00.000000",24.8482761383057
"LI","2026-08-08T18:00:00.000000",24.8876209259033
"LI","2026-08-08T19:00:00.000000",24.8366928100586
"LI","2026-08-08T20:00:00.000000",24.8197364807129
"LI","2026-08-08T21:00:00.000000",24.8181591033936
"LI","2026-08-08T22:00:00.000000",24.8102378845215
"LI","2026-08-08T23:00:00.000000",24.8280792236328
"LI","2026-08-09T00:00:00.000000",24.8301582336426
"LI","2026-08-09T01:00:00.000000",24.7454872131348
"LI","2026-08-09T02:00:00.000000",24.7276744842529
"LI","2026-08-09T03:00:00.000000",24.7407665252686
"LI","2026-08-09T04:00:00.000000",24.7573833465576
"LI","2026-08-09T05:00:00.000000",24.7469673156738
"LI","2026-08-09T06:00:00.000000",24.7167129516602
"LI","2026-08-09T07:00:00.000000",24.7352714538574
"LI","2026-08-09T08:00:00.000000",24.7242870330811
"LI","2026-08-09T09:00:00.000000",24.7200984954834
"LI","2026-08-09T10:00:00.000000",24.7191505432129
"LI","2026-08-09T11:00:00.000000",24.7419719696045
"LI","2026-08-09T12:00:00.000000",24.7960395812988
"LI","2026-08-09T13:00:00.000000",24.8378105163574
"LI","2026-08-09T14:00:00.000000",24.9068050384521
"LI","2026-08-09T15:00:00.000000",25.0052185058594
"LI","2026-08-09T16:00:00.000000",25.0230045318604
"LI","2026-08-09T17:00:00.000000",25.0596961975098
"LI","2026-08-09T18:00:00.000000",25.0708103179932
"LI","2026-08-09T19:00:00.000000",25.0752201080322
"LI","2026-08-09T20:00:00.000000",25.0322170257568
"LI","2026-08-09T21:00:00.000000",24.9898300170898
"LI","2026-08-09T22:00:00.000000",24.9904975891113
"LI","2026-08-09T23:00:00.000000",24.9949798583984
"LI","2026-08-10T00:00:00.000000",24.9952812194824
"LI","2026-08-10T01:00:00.000000",25.0705718994141
"LI","2026-08-10T02:00:00.000000",25.0722923278809
"LI","2026-08-10T03:00:00.000000",25.0664291381836
"LI","2026-08-10T04:00:00.000000",25.058967590332
"LI","2026-08-10T05:00:00.000000",25.0487174987793
"LI","2026-08-10T06:00:00.000000",25.0272655487061
"LI","2026-08-10T07:00:00.000000",24.997974395752
"LI","2026-08-10T08:00:00.000000",24.9900798797607
"LI","2026-08-10T09:00:00.000000",24.9971218109131
"LI","2026-08-10T10:00:00.000000",24.9914894104004
"LI","2026-08-10T11:00:00.000000",24.9782409667969
"LI","2026-08-10T12:00:00.000000",24.9673099517822
"LI","2026-08-10T13:00:00.000000",24.9784278869629
"LI","2026-08-10T14:00:00.000000",25.0219612121582
"LI","2026-08-10T15:00:00.000000",25.0931816101074
"LI","2026-08-10T16:00:00.000000",25.1865348815918
"LI","2026-08-10T17:00:00.000000",25.2534027099609
"LI","2026-08-10T18:00:00.000000",25.2975730895996
"LI","2026-08-10T19:00:00.000000",25.3602390289307
"LI","2026-08-10T20:00:00.000000",25.3419380187988
"LI","2026-08-10T21:00:00.000000",25.2673397064209
"LI","2026-08-10T22:00:00.000000",25.2523937225342
"LI","2026-08-10T23:00:00.000000",25.2648849487305
"LI","2026-08-11T00:00:00.000000",25.2779026031494
"LI","2026-08-11T01:00:00.000000",25.2887344360352
"LI","2026-08-11T02:00:00.000000",25.32639503479
"LI","2026-08-11T03:00:00.000000",25.3675212860107
"LI","2026-08-11T04:00:00.000000",25.3854389190674
"LI","2026-08-11T05:00:00.000000",25.39377784729
"LI","2026-08-11T06:00:00.000000",25.3962688446045
"LI","2026-08-11T07:00:00.000000",25.3918724060059
"LI","2026-08-11T08:00:00.000000",25.3723335266113
"LI","2026-08-11T09:00:00.000000",25.3574047088623
"LI","2026-08-11T10:00:00.000000",25.3495903015137
"LI","2026-08-11T11:00:00.000000",25.3468322753906
"LI","2026-08-11T12:00:00.000000",25.3486213684082
"LI","2026-08-11T13:00:00.000000",25.3592376708984
"LI","2026-08-11T14:00:00.000000",25.3960933685303
"LI","2026-08-11T15:00:00.000000",25.4698314666748
"LI","2026-08-11T16:00:00.000000",25.563304901123
"LI","2026-08-11T17:00:00.000000",25.6724605560303
"LI","2026-08-11T18:00:00.000000",25.7152519226074
"LI","2026-08-11T19:00:00.000000",25.7438545227051
"LI","2026-08-11T20:00:00.000000",25.8185424804688
"LI","2026-08-11T21:00:00.000000",25.8281764984131
"LI","2026-08-11T22:00:00.000000",25.8265380859375
"LI","2026-08-11T23:00:00.000000",25.8372097015381
"LI","2026-08-12T00:00:00.000000",25.8452053070068
"LI","2026-08-12T01:00:00.000000",25.8441963195801
"LI","2026-08-12T02:00:00.000000",25.8202342987061
"LI","2026-08-12T03:00:00.000000",25.8030261993408
"LI","2026-08-12T04:00:00.000000",25.8008480072021
"LI","2026-08-12T05:00:00.000000",25.7975254058838
"LI","2026-08-12T06:00:00.000000",25.7813301086426
"LI","2026-08-12T07:00:00.000000",25.7672176361084
"LI","2026-08-12T08:00:00.000000",25.7526702880859
"LI","2026-08-12T09:00:00.000000",25.7515106201172
"LI","2026-08-12T10:00:00.000000",25.7820720672607
"LI","2026-08-12T11:00:00.000000",25.8127899169922
"LI","2026-08-12T12:00:00.000000",25.8217678070068
"LI","2026-08-12T13:00:00.000000",25.8276844024658
"LI","2026-08-12T14:00:00.000000",25.8354930877686
"LI","2026-08-12T15:00:00.000000",25.8665561676025
"LI","2026-08-12T16:00:00.000000",25.9100666046143
"LI","2026-08-12T17:00:00.000000",25.9695892333984
"LI","2026-08-12T18:00:00.000000",26.033597946167
"LI","2026-08-12T19:00:00.000000",26.0146942138672
"LI","2026-08-12T20:00:00.000000",25.9993095397949
"LI","2026-08-12T21:00:00.000000",26.0154685974121
"LI","2026-08-12T22:00:00.000000",26.0296669006348
"LI","2026-08-12T23:00:00.000000",26.0256500244141
"LI","2026-08-13T00:00:00.000000",26.0324802398682
"OB","2026-08-07T00:00:00.000000",22.7120399475098
"OB","2026-08-07T01:00:00.000000",23.4700775146484
"OB","2026-08-07T02:00:00.000000",23.6008491516113
"OB","2026-08-07T03:00:00.000000",23.6248302459717
"OB","2026-08-07T04:00:00.000000",23.6466159820557
"OB","2026-08-07T05:00:00.000000",23.6614170074463
"OB","2026-08-07T06:00:00.000000",23.6406059265137
"OB","2026-08-07T07:00:00.000000",23.594051361084
"OB","2026-08-07T08:00:00.000000",23.5620250701904
"OB","2026-08-07T09:00:00.000000",23.5543804168701
"OB","2026-08-07T10:00:00.000000",23.5687828063965
"OB","2026-08-07T11:00:00.000000",23.5847911834717
"OB","2026-08-07T12:00:00.000000",23.6093425750732
"OB","2026-08-07T13:00:00.000000",23.6293926239014
"OB","2026-08-07T14:00:00.000000",23.64133644104
"OB","2026-08-07T15:00:00.000000",23.6511363983154
"OB","2026-08-07T16:00:00.000000",23.6644020080566
"OB","2026-08-07T17:00:00.000000",23.6717395782471
"OB","2026-08-07T18:00:00.000000",23.4844646453857
"OB","2026-08-07T19:00:00.000000",23.1213665008545
"OB","2026-08-07T20:00:00.000000",22.8068370819092
"OB","2026-08-07T21:00:00.000000",22.7460079193115
"OB","2026-08-07T22:00:00.000000",22.8917655944824
"OB","2026-08-07T23:00:00.000000",23.1185836791992
"OB","2026-08-08T00:00:00.000000",23.3134784698486
"OB","2026-08-08T01:00:00.000000",23.5991172790527
"OB","2026-08-08T02:00:00.000000",23.6779251098633
"OB","2026-08-08T03:00:00.000000",23.7187557220459
"OB","2026-08-08T04:00:00.000000",23.7427062988281
"OB","2026-08-08T05:00:00.000000",23.7464160919189
"OB","2026-08-08T06:00:00.000000",23.7323837280273
"OB","2026-08-08T07:00:00.000000",23.6855068206787
"OB","2026-08-08T08:00:00.000000",23.6307601928711
"OB","2026-08-08T09:00:00.000000",23.5493450164795
"OB","2026-08-08T10:00:00.000000",23.5684413909912
"OB","2026-08-08T11:00:00.000000",23.5908451080322
"OB","2026-08-08T12:00:00.000000",23.6556930541992
"OB","2026-08-08T13:00:00.000000",23.6976585388184
"OB","2026-08-08T14:00:00.000000",23.7259750366211
"OB","2026-08-08T15:00:00.000000",23.7378063201904
"OB","2026-08-08T16:00:00.000000",23.7461814880371
"OB","2026-08-08T17:00:00.000000",23.755241394043
"OB","2026-08-08T18:00:00.000000",23.7410621643066
"OB","2026-08-08T19:00:00.000000",23.5308246612549
"OB","2026-08-08T20:00:00.000000",23.2935848236084
"OB","2026-08-08T21:00:00.000000",23.2039375305176
"OB","2026-08-08T22:00:00.000000",23.1794261932373
"OB","2026-08-08T23:00:00.000000",23.1985683441162
"OB","2026-08-09T00:00:00.000000",23.3521537780762
"OB","2026-08-09T01:00:00.000000",23.5740947723389
"OB","2026-08-09T02:00:00.000000",23.6774520874023
"OB","2026-08-09T03:00:00.000000",23.7319927215576
"OB","2026-08-09T04:00:00.000000",23.7628936767578
"OB","2026-08-09T05:00:00.000000",23.7772636413574
"OB","2026-08-09T06:00:00.000000",23.7999248504639
"OB","2026-08-09T07:00:00.000000",23.7564659118652
"OB","2026-08-09T08:00:00.000000",23.6771545410156
"OB","2026-08-09T09:00:00.000000",23.6187915802002
"OB","2026-08-09T10:00:00.000000",23.6091079711914
"OB","2026-08-09T11:00:00.000000",23.5937747955322
"OB","2026-08-09T12:00:00.000000",23.6217918395996
"OB","2026-08-09T13:00:00.000000",23.6583251953125
"OB","2026-08-09T14:00:00.000000",23.7001285552979
"OB","2026-08-09T15:00:00.000000",23.732234954834
"OB","2026-08-09T16:00:00.000000",23.7513866424561
"OB","2026-08-09T17:00:00.000000",23.7612209320068
"OB","2026-08-09T18:00:00.000000",23.7727146148682
"OB","2026-08-09T19:00:00.000000",23.7637386322021
"OB","2026-08-09T20:00:00.000000",23.5699996948242
"OB","2026-08-09T21:00:00.000000",23.079610824585
"OB","2026-08-09T22:00:00.000000",22.7701320648193
"OB","2026-08-09T23:00:00.000000",22.7168159484863
"OB","2026-08-10T00:00:00.000000",22.8228988647461
"OB","2026-08-10T01:00:00.000000",23.0467128753662
"OB","2026-08-10T02:00:00.000000",23.2588920593262
"OB","2026-08-10T03:00:00.000000",23.4522895812988
"OB","2026-08-10T04:00:00.000000",23.5699043273926
"OB","2026-08-10T05:00:00.000000",23.6078872680664
"OB","2026-08-10T06:00:00.000000",23.6342239379883
"OB","2026-08-10T07:00:00.000000",23.6299171447754
"OB","2026-08-10T08:00:00.000000",23.5723724365234
"OB","2026-08-10T09:00:00.000000",23.352367401123
"OB","2026-08-10T10:00:00.000000",23.2600841522217
"OB","2026-08-10T11:00:00.000000",23.0853977203369
"OB","2026-08-10T12:00:00.000000",23.1174964904785
"OB","2026-08-10T13:00:00.000000",23.1844520568848
"OB","2026-08-10T14:00:00.000000",23.365140914917
"OB","2026-08-10T15:00:00.000000",23.4691524505615
"OB","2026-08-10T16:00:00.000000",23.5326919555664
"OB","2026-08-10T17:00:00.000000",23.5684432983398
"OB","2026-08-10T18:00:00.000000",23.5866146087646
"OB","2026-08-10T19:00:00.000000",23.5993900299072
"OB","2026-08-10T20:00:00.000000",23.5038394927979
"OB","2026-08-10T21:00:00.000000",23.0742168426514
"OB","2026-08-10T22:00:00.000000",22.0673274993896
"OB","2026-08-10T23:00:00.000000",21.6887397766113
"OB","2026-08-11T00:00:00.000000",21.6000576019287
"OB","2026-08-11T01:00:00.000000",21.7287845611572
"OB","2026-08-11T02:00:00.000000",22.0330791473389
"OB","2026-08-11T03:00:00.000000",22.4389934539795
"OB","2026-08-11T04:00:00.000000",22.8167247772217
"OB","2026-08-11T05:00:00.000000",23.0490570068359
"OB","2026-08-11T06:00:00.000000",23.2559432983398
"OB","2026-08-11T07:00:00.000000",23.3829116821289
"OB","2026-08-11T08:00:00.000000",23.3603343963623
"OB","2026-08-11T09:00:00.000000",23.1270503997803
"OB","2026-08-11T10:00:00.000000",22.6307258605957
"OB","2026-08-11T11:00:00.000000",22.2151927947998
"OB","2026-08-11T12:00:00.000000",22.085620880127
"OB","2026-08-11T13:00:00.000000",22.0875663757324
"OB","2026-08-11T14:00:00.000000",22.311487197876
"OB","2026-08-11T15:00:00.000000",22.5793895721436
"OB","2026-08-11T16:00:00.000000",22.8426570892334
"OB","2026-08-11T17:00:00.000000",23.0325527191162
"OB","2026-08-11T18:00:00.000000",23.1258316040039
"OB","2026-08-11T19:00:00.000000",23.2030544281006
"OB","2026-08-11T20:00:00.000000",23.2310848236084
"OB","2026-08-11T21:00:00.000000",23.0116786956787
"OB","2026-08-11T22:00:00.000000",22.3682842254639
"OB","2026-08-11T23:00:00.000000",22.1309795379639
"OB","2026-08-12T00:00:00.000000",22.0982856750488
"OB","2026-08-12T01:00:00.000000",22.1003303527832
"OB","2026-08-12T02:00:00.000000",22.1317558288574
"OB","2026-08-12T03:00:00.000000",22.2312412261963
"OB","2026-08-12T04:00:00.000000",22.421573638916
"OB","2026-08-12T05:00:00.000000",22.6679973602295
"OB","2026-08-12T06:00:00.000000",22.8776931762695
"OB","2026-08-12T07:00:00.000000",23.0307884216309
"OB","2026-08-12T08:00:00.000000",23.115385055542
"OB","2026-08-12T09:00:00.000000",23.0662136077881
"OB","2026-08-12T10:00:00.000000",22.833625793457
"OB","2026-08-12T11:00:00.000000",22.5102729797363
"OB","2026-08-12T12:00:00.000000",22.3578453063965
"OB","2026-08-12T13:00:00.000000",22.3240242004395
"OB","2026-08-12T14:00:00.000000",22.3537502288818
"OB","2026-08-12T15:00:00.000000",22.4890575408936
"OB","2026-08-12T16:00:00.000000",22.6286945343018
"OB","2026-08-12T17:00:00.000000",22.7875728607178
"OB","2026-08-12T18:00:00.000000",22.883882522583
"OB","2026-08-12T19:00:00.000000",22.9360675811768
"OB","2026-08-12T20:00:00.000000",22.9652004241943
"OB","2026-08-12T21:00:00.000000",23.0005855560303
"OB","2026-08-12T22:00:00.000000",22.881254196167
"OB","2026-08-12T23:00:00.000000",22.5474987030029
"OB","2026-08-13T00:00:00.000000",22.4671211242676
"WC","2026-08-07T00:00:00.000000",23.3061790466309
"WC","2026-08-07T01:00:00.000000",23.3392658233643
"WC","2026-08-07T02:00:00.000000",23.327091217041
"WC","2026-08-07T03:00:00.000000",23.3202857971191
"WC","2026-08-07T04:00:00.000000",23.4894046783447
"WC","2026-08-07T05:00:00.000000",23.9626026153564
"WC","2026-08-07T06:00:00.000000",24.1830806732178
"WC","2026-08-07T07:00:00.000000",24.2036399841309
"WC","2026-08-07T08:00:00.000000",24.2046413421631
"WC","2026-08-07T09:00:00.000000",24.2203388214111
"WC","2026-08-07T10:00:00.000000",24.2061576843262
"WC","2026-08-07T11:00:00.000000",23.827356338501
"WC","2026-08-07T12:00:00.000000",23.464391708374
"WC","2026-08-07T13:00:00.000000",23.36279296875
"WC","2026-08-07T14:00:00.000000",23.2775650024414
"WC","2026-08-07T15:00:00.000000",23.3199615478516
"WC","2026-08-07T16:00:00.000000",23.6642417907715
"WC","2026-08-07T17:00:00.000000",24.0921287536621
"WC","2026-08-07T18:00:00.000000",24.4731616973877
"WC","2026-08-07T19:00:00.000000",24.5727024078369
"WC","2026-08-07T20:00:00.000000",24.605541229248
"WC","2026-08-07T21:00:00.000000",24.6105537414551
"WC","2026-08-07T22:00:00.000000",24.6382369995117
"WC","2026-08-07T23:00:00.000000",24.580846786499
"WC","2026-08-08T00:00:00.000000",24.278284072876
"WC","2026-08-08T01:00:00.000000",23.8067932128906
"WC","2026-08-08T02:00:00.000000",23.7361030578613
"WC","2026-08-08T03:00:00.000000",23.732780456543
"WC","2026-08-08T04:00:00.000000",23.7916641235352
"WC","2026-08-08T05:00:00.000000",23.7945938110352
"WC","2026-08-08T06:00:00.000000",24.0191631317139
"WC","2026-08-08T07:00:00.000000",24.1650829315186
"WC","2026-08-08T08:00:00.000000",24.1763210296631
"WC","2026-08-08T09:00:00.000000",24.1827983856201
"WC","2026-08-08T10:00:00.000000",24.185525894165
"WC","2026-08-08T11:00:00.000000",24.1800022125244
"WC","2026-08-08T12:00:00.000000",24.0217227935791
"WC","2026-08-08T13:00:00.000000",23.8455600738525
"WC","2026-08-08T14:00:00.000000",23.8111572265625
"WC","2026-08-08T15:00:00.000000",23.8106460571289
"WC","2026-08-08T16:00:00.000000",23.8165302276611
"WC","2026-08-08T17:00:00.000000",23.8728065490723
"WC","2026-08-08T18:00:00.000000",24.2234916687012
"WC","2026-08-08T19:00:00.000000",24.5261554718018
"WC","2026-08-08T20:00:00.000000",24.5590343475342
"WC","2026-08-08T21:00:00.000000",24.5713996887207
"WC","2026-08-08T22:00:00.000000",24.5704040527344
"WC","2026-08-08T23:00:00.000000",24.5692520141602
"WC","2026-08-09T00:00:00.000000",24.5521430969238
"WC","2026-08-09T01:00:00.000000",23.8359394073486
"WC","2026-08-09T02:00:00.000000",23.6895332336426
"WC","2026-08-09T03:00:00.000000",23.6241188049316
"WC","2026-08-09T04:00:00.000000",23.5878715515137
"WC","2026-08-09T05:00:00.000000",23.621374130249
"WC","2026-08-09T06:00:00.000000",23.6449489593506
"WC","2026-08-09T07:00:00.000000",23.892879486084
"WC","2026-08-09T08:00:00.000000",24.1573028564453
"WC","2026-08-09T09:00:00.000000",24.1769618988037
"WC","2026-08-09T10:00:00.000000",24.1639709472656
"WC","2026-08-09T11:00:00.000000",24.161226272583
"WC","2026-08-09T12:00:00.000000",24.1484241485596
"WC","2026-08-09T13:00:00.000000",23.9575347900391
"WC","2026-08-09T14:00:00.000000",23.6461486816406
"WC","2026-08-09T15:00:00.000000",23.5955867767334
"WC","2026-08-09T16:00:00.000000",23.5894145965576
"WC","2026-08-09T17:00:00.000000",23.6046371459961
"WC","2026-08-09T18:00:00.000000",23.7768268585205
"WC","2026-08-09T19:00:00.000000",24.1239910125732
"WC","2026-08-09T20:00:00.000000",24.5688915252686
"WC","2026-08-09T21:00:00.000000",24.6422328948975
"WC","2026-08-09T22:00:00.000000",24.6523170471191
"WC","2026-08-09T23:00:00.000000",24.6404457092285
"WC","2026-08-10T00:00:00.000000",24.636962890625
"WC","2026-08-10T01:00:00.000000",24.4985637664795
"WC","2026-08-10T02:00:00.000000",24.3182182312012
"WC","2026-08-10T03:00:00.000000",24.1938610076904
"WC","2026-08-10T04:00:00.000000",24.0652751922607
"WC","2026-08-10T05:00:00.000000",24.0291900634766
"WC","2026-08-10T06:00:00.000000",23.965612411499
"WC","2026-08-10T07:00:00.000000",23.575590133667
"WC","2026-08-10T08:00:00.000000",23.8939552307129
"WC","2026-08-10T09:00:00.000000",24.675630569458
"WC","2026-08-10T10:00:00.000000",24.8364162445068
"WC","2026-08-10T11:00:00.000000",24.8563976287842
"WC","2026-08-10T12:00:00.000000",24.8320980072021
"WC","2026-08-10T13:00:00.000000",24.8291759490967
"WC","2026-08-10T14:00:00.000000",24.3772087097168
"WC","2026-08-10T15:00:00.000000",23.7678203582764
"WC","2026-08-10T16:00:00.000000",23.5451412200928
"WC","2026-08-10T17:00:00.000000",23.5132522583008
"WC","2026-08-10T18:00:00.000000",23.5093441009521
"WC","2026-08-10T19:00:00.000000",23.4171333312988
"WC","2026-08-10T20:00:00.000000",23.812837600708
"WC","2026-08-10T21:00:00.000000",25.1463279724121
"WC","2026-08-10T22:00:00.000000",25.3775691986084
"WC","2026-08-10T23:00:00.000000",25.420919418335
"WC","2026-08-11T00:00:00.000000",25.4129981994629
"WC","2026-08-11T01:00:00.000000",25.3983898162842
"WC","2026-08-11T02:00:00.000000",25.3733978271484
"WC","2026-08-11T03:00:00.000000",24.8056545257568
"WC","2026-08-11T04:00:00.000000",24.1724605560303
"WC","2026-08-11T05:00:00.000000",23.991247177124
"WC","2026-08-11T06:00:00.000000",23.9143962860107
"WC","2026-08-11T07:00:00.000000",23.8933181762695
"WC","2026-08-11T08:00:00.000000",23.9520740509033
"WC","2026-08-11T09:00:00.000000",24.7633228302002
"WC","2026-08-11T10:00:00.000000",25.263916015625
"WC","2026-08-11T11:00:00.000000",25.3585948944092
"WC","2026-08-11T12:00:00.000000",25.3651561737061
"WC","2026-08-11T13:00:00.000000",25.3548183441162
"WC","2026-08-11T14:00:00.000000",25.3589916229248
"WC","2026-08-11T15:00:00.000000",25.1792602539062
"WC","2026-08-11T16:00:00.000000",24.3763256072998
"WC","2026-08-11T17:00:00.000000",24.0164165496826
"WC","2026-08-11T18:00:00.000000",23.8827629089355
"WC","2026-08-11T19:00:00.000000",23.7975292205811
"WC","2026-08-11T20:00:00.000000",24.3105373382568
"WC","2026-08-11T21:00:00.000000",24.9777317047119
"WC","2026-08-11T22:00:00.000000",25.6645603179932
"WC","2026-08-11T23:00:00.000000",25.7254829406738
"WC","2026-08-12T00:00:00.000000",25.7192630767822
"WC","2026-08-12T01:00:00.000000",25.7175884246826
"WC","2026-08-12T02:00:00.000000",25.7175884246826
"WC","2026-08-12T03:00:00.000000",25.7091274261475
"WC","2026-08-12T04:00:00.000000",25.242582321167
"WC","2026-08-12T05:00:00.000000",24.5533561706543
"WC","2026-08-12T06:00:00.000000",24.261869430542
"WC","2026-08-12T07:00:00.000000",24.1116523742676
"WC","2026-08-12T08:00:00.000000",24.1511459350586
"WC","2026-08-12T09:00:00.000000",24.6465148925781
"WC","2026-08-12T10:00:00.000000",25.217716217041
"WC","2026-08-12T11:00:00.000000",25.53489112854
"WC","2026-08-12T12:00:00.000000",25.5449504852295
"WC","2026-08-12T13:00:00.000000",25.537935256958
"WC","2026-08-12T14:00:00.000000",25.5413799285889
"WC","2026-08-12T15:00:00.000000",25.541166305542
"WC","2026-08-12T16:00:00.000000",25.2860927581787
"WC","2026-08-12T17:00:00.000000",24.3896923065186
"WC","2026-08-12T18:00:00.000000",24.142671585083
"WC","2026-08-12T19:00:00.000000",24.045919418335
"WC","2026-08-12T20:00:00.000000",24.0284194946289
"WC","2026-08-12T21:00:00.000000",24.2607326507568
"WC","2026-08-12T22:00:00.000000",24.9580688476562
"WC","2026-08-12T23:00:00.000000",25.7733516693115
"WC","2026-08-13T00:00:00.000000",25.7883434295654
"WI","2026-08-07T00:00:00.000000",24.7493267059326
"WI","2026-08-07T01:00:00.000000",23.9313068389893
"WI","2026-08-07T02:00:00.000000",23.8143444061279
"WI","2026-08-07T03:00:00.000000",23.8213062286377
"WI","2026-08-07T04:00:00.000000",23.8603610992432
"WI","2026-08-07T05:00:00.000000",23.8793315887451
"WI","2026-08-07T06:00:00.000000",23.8883438110352
"WI","2026-08-07T07:00:00.000000",23.8895645141602
"WI","2026-08-07T08:00:00.000000",23.8942165374756
"WI","2026-08-07T09:00:00.000000",23.8859977722168
"WI","2026-08-07T10:00:00.000000",23.8689746856689
"WI","2026-08-07T11:00:00.000000",23.8591213226318
"WI","2026-08-07T12:00:00.000000",23.9080982208252
"WI","2026-08-07T13:00:00.000000",23.9622631072998
"WI","2026-08-07T14:00:00.000000",24.0307216644287
"WI","2026-08-07T15:00:00.000000",24.1047172546387
"WI","2026-08-07T16:00:00.000000",24.1274394989014
"WI","2026-08-07T17:00:00.000000",24.198938369751
"WI","2026-08-07T18:00:00.000000",24.2930526733398
"WI","2026-08-07T19:00:00.000000",24.3593997955322
"WI","2026-08-07T20:00:00.000000",24.4343452453613
"WI","2026-08-07T21:00:00.000000",24.4631118774414
"WI","2026-08-07T22:00:00.000000",24.4055252075195
"WI","2026-08-07T23:00:00.000000",24.2975482940674
"WI","2026-08-08T00:00:00.000000",24.2665424346924
"WI","2026-08-08T01:00:00.000000",24.6276702880859
"WI","2026-08-08T02:00:00.000000",24.7128105163574
"WI","2026-08-08T03:00:00.000000",24.7434253692627
"WI","2026-08-08T04:00:00.000000",24.7500247955322
"WI","2026-08-08T05:00:00.000000",24.7021942138672
"WI","2026-08-08T06:00:00.000000",24.6712398529053
"WI","2026-08-08T07:00:00.000000",24.680347442627
"WI","2026-08-08T08:00:00.000000",24.69482421875
"WI","2026-08-08T09:00:00.000000",24.6988964080811
"WI","2026-08-08T10:00:00.000000",24.6936836242676
"WI","2026-08-08T11:00:00.000000",24.6922874450684
"WI","2026-08-08T12:00:00.000000",24.7142524719238
"WI","2026-08-08T13:00:00.000000",24.7705326080322
"WI","2026-08-08T14:00:00.000000",24.8249645233154
"WI","2026-08-08T15:00:00.000000",24.9094715118408
"WI","2026-08-08T16:00:00.000000",24.9834060668945
"WI","2026-08-08T17:00:00.000000",25.0146102905273
"WI","2026-08-08T18:00:00.000000",25.1007461547852
"WI","2026-08-08T19:00:00.000000",25.178352355957
"WI","2026-08-08T20:00:00.000000",25.2539501190186
"WI","2026-08-08T21:00:00.000000",25.3043365478516
"WI","2026-08-08T22:00:00.000000",25.3123302459717
"WI","2026-08-08T23:00:00.000000",25.1885452270508
"WI","2026-08-09T00:00:00.000000",25.0870704650879
"WI","2026-08-09T01:00:00.000000",24.8047904968262
"WI","2026-08-09T02:00:00.000000",24.8495273590088
"WI","2026-08-09T03:00:00.000000",24.8959312438965
"WI","2026-08-09T04:00:00.000000",24.9347877502441
"WI","2026-08-09T05:00:00.000000",24.9538059234619
"WI","2026-08-09T06:00:00.000000",24.8749332427979
"WI","2026-08-09T07:00:00.000000",24.8534851074219
"WI","2026-08-09T08:00:00.000000",24.8588714599609
"WI","2026-08-09T09:00:00.000000",24.8651809692383
"WI","2026-08-09T10:00:00.000000",24.8753070831299
"WI","2026-08-09T11:00:00.000000",24.8931045532227
"WI","2026-08-09T12:00:00.000000",24.9213123321533
"WI","2026-08-09T13:00:00.000000",24.9692974090576
"WI","2026-08-09T14:00:00.000000",25.0455589294434
"WI","2026-08-09T15:00:00.000000",25.0961017608643
"WI","2026-08-09T16:00:00.000000",25.1188774108887
"WI","2026-08-09T17:00:00.000000",25.1694164276123
"WI","2026-08-09T18:00:00.000000",25.2002506256104
"WI","2026-08-09T19:00:00.000000",25.3160572052002
"WI","2026-08-09T20:00:00.000000",25.410213470459
"WI","2026-08-09T21:00:00.000000",25.4609031677246
"WI","2026-08-09T22:00:00.000000",25.4993572235107
"WI","2026-08-09T23:00:00.000000",25.4732894897461
"WI","2026-08-10T00:00:00.000000",25.325366973877
"WI","2026-08-10T01:00:00.000000",25.2799606323242
"WI","2026-08-10T02:00:00.000000",25.2849044799805
"WI","2026-08-10T03:00:00.000000",25.3048076629639
"WI","2026-08-10T04:00:00.000000",25.3531150817871
"WI","2026-08-10T05:00:00.000000",25.4057712554932
"WI","2026-08-10T06:00:00.000000",25.4875087738037
"WI","2026-08-10T07:00:00.000000",25.4350395202637
"WI","2026-08-10T08:00:00.000000",25.345401763916
"WI","2026-08-10T09:00:00.000000",25.3289413452148
"WI","2026-08-10T10:00:00.000000",25.3227100372314
"WI","2026-08-10T11:00:00.000000",25.3283271789551
"WI","2026-08-10T12:00:00.000000",25.3587303161621
"WI","2026-08-10T13:00:00.000000",25.3872222900391
"WI","2026-08-10T14:00:00.000000",25.4194068908691
"WI","2026-08-10T15:00:00.000000",25.458423614502
"WI","2026-08-10T16:00:00.000000",25.4776000976562
"WI","2026-08-10T17:00:00.000000",25.4987449645996
"WI","2026-08-10T18:00:00.000000",25.5330390930176
"WI","2026-08-10T19:00:00.000000",25.5728569030762
"WI","2026-08-10T20:00:00.000000",25.7302684783936
"WI","2026-08-10T21:00:00.000000",25.8102340698242
"WI","2026-08-10T22:00:00.000000",25.8255310058594
"WI","2026-08-10T23:00:00.000000",25.8369979858398
"WI","2026-08-11T00:00:00.000000",25.8487033843994
"WI","2026-08-11T01:00:00.000000",25.8358001708984
"WI","2026-08-11T02:00:00.000000",25.8104057312012
"WI","2026-08-11T03:00:00.000000",25.8020553588867
"WI","2026-08-11T04:00:00.000000",25.8216724395752
"WI","2026-08-11T05:00:00.000000",25.8654193878174
"WI","2026-08-11T06:00:00.000000",25.890941619873
"WI","2026-08-11T07:00:00.000000",25.8972721099854
"WI","2026-08-11T08:00:00.000000",25.8663921356201
"WI","2026-08-11T09:00:00.000000",25.8394393920898
"WI","2026-08-11T10:00:00.000000",25.8302803039551
"WI","2026-08-11T11:00:00.000000",25.8291149139404
"WI","2026-08-11T12:00:00.000000",25.8453006744385
"WI","2026-08-11T13:00:00.000000",25.869966506958
"WI","2026-08-11T14:00:00.000000",25.8927440643311
"WI","2026-08-11T15:00:00.000000",25.9186363220215
"WI","2026-08-11T16:00:00.000000",25.9844741821289
"WI","2026-08-11T17:00:00.000000",26.0291728973389
"WI","2026-08-11T18:00:00.000000",26.053337097168
"WI","2026-08-11T19:00:00.000000",26.0851135253906
"WI","2026-08-11T20:00:00.000000",26.1795768737793
"WI","2026-08-11T21:00:00.000000",26.3102359771729
"WI","2026-08-11T22:00:00.000000",26.355447769165
"WI","2026-08-11T23:00:00.000000",26.3660545349121
"WI","2026-08-12T00:00:00.000000",26.3726673126221
"WI","2026-08-12T01:00:00.000000",26.3535099029541
"WI","2026-08-12T02:00:00.000000",26.2597064971924
"WI","2026-08-12T03:00:00.000000",26.1997623443604
"WI","2026-08-12T04:00:00.000000",26.1928234100342
"WI","2026-08-12T05:00:00.000000",26.256139755249
"WI","2026-08-12T06:00:00.000000",26.3444938659668
"WI","2026-08-12T07:00:00.000000",26.3639755249023
"WI","2026-08-12T08:00:00.000000",26.3639106750488
"WI","2026-08-12T09:00:00.000000",26.3141002655029
"WI","2026-08-12T10:00:00.000000",26.281120300293
"WI","2026-08-12T11:00:00.000000",26.271915435791
"WI","2026-08-12T12:00:00.000000",26.2730827331543
"WI","2026-08-12T13:00:00.000000",26.2921104431152
"WI","2026-08-12T14:00:00.000000",26.2936305999756
"WI","2026-08-12T15:00:00.000000",26.2861595153809
"WI","2026-08-12T16:00:00.000000",26.295259475708
"WI","2026-08-12T17:00:00.000000",26.3414115905762
"WI","2026-08-12T18:00:00.000000",26.3476276397705
"WI","2026-08-12T19:00:00.000000",26.3542041778564
"WI","2026-08-12T20:00:00.000000",26.3613986968994
"WI","2026-08-12T21:00:00.000000",26.3938808441162
"WI","2026-08-12T22:00:00.000000",26.440221786499
"WI","2026-08-12T23:00:00.000000",26.4411087036133
"WI","2026-08-13T00:00:00.000000",26.4335117340088
